group,metric,lead,fp32_mean,group_mean,mean_delta,ci_lo,ci_hi,rel_pct,svr,svr_ci_lo,svr_ci_hi,share,norm,rank,significant,lag1_autocorr,n,n_eff
encoder_io,RMSE Z500,24,39.31072394053141,94.57365989685059,55.262935956319176,52.21026511192322,58.833805203437805,140.579797105543,39.24084052886308,37.07321465595009,41.7764262383585,0.6429540891514589,share,1,True,0.6836589259509539,12,2.254668585232883
enc0_attn,RMSE Z500,24,39.31072394053141,39.25549507141113,-0.055228869120279946,-0.19178019364674886,0.041388797760009734,-0.14049313669173133,-0.03921665051330917,-0.13617836014783827,0.02938915901727788,-0.0006425577401128702,share,14,False,-0.5628625801814422,12,42.902643681160164
enc0_mlp,RMSE Z500,24,39.31072394053141,39.63909149169922,0.32836755116780597,-0.015432922045389812,0.7498385111490885,0.8353129076548037,0.23316565591835423,-0.010958535271383246,0.5324417338532104,0.0038203771861645025,share,12,False,0.33263973565749216,12,6.009368442071091
enc1_attn,RMSE Z500,24,39.31072394053141,46.937215169270836,7.626491228739421,7.110578894615173,8.160031978289286,19.400536200444048,5.415382315885009,5.049045759929223,5.794236372522264,0.08873006177723795,share,5,True,-0.07659991040066366,12,13.990900661936916
enc1_mlp,RMSE Z500,24,39.31072394053141,40.67646471659342,1.3657407760620117,0.5455556631088256,2.299697240193685,3.474219345662728,0.9697786603226409,0.38738554883498955,1.6329579872201485,0.015889648305765555,share,6,True,-0.0830733154908327,12,14.17439366250667
enc2_attn,RMSE Z500,24,39.31072394053141,39.497650464375816,0.18692652384440103,0.14414006868998208,0.22569088935852044,0.47551025548952053,0.13273188957225693,0.10235028869536904,0.16025750432686317,0.0021747880527307104,share,13,True,-0.007191843292133794,12,12.17385457386205
enc2_mlp,RMSE Z500,24,39.31072394053141,39.328389167785645,0.01766522725423177,-0.023251970609029133,0.06599274476369218,0.044937425423544536,0.012543639848185975,-0.016510647776150047,0.04685981170781235,0.00020552527480399572,share,17,False,-0.4538335910903492,12,31.942651192908105
downsample,RMSE Z500,24,39.31072394053141,48.72407881418864,9.413354873657227,8.24722797870636,10.456128803888955,23.946022688103096,6.684189883265526,5.856152090315933,7.424637794614688,0.10951924475086917,share,4,True,0.23273149036733354,12,7.468959937778824
dec0_attn,RMSE Z500,24,39.31072394053141,39.80670134226481,0.49597740173339844,0.369417413075765,0.5838890631993612,1.2616847313310855,0.35218125476944834,0.26231414499130723,0.4146051457284804,0.005770426291199247,share,9,True,-0.09946659405108235,12,14.650871407386068
dec0_mlp,RMSE Z500,24,39.31072394053141,39.65964539845785,0.3489214579264323,0.24737538496653239,0.42947769165039057,0.8875986574408417,0.24776047545522956,0.17565512697172972,0.3049614595590465,0.004059510669932758,share,11,True,0.3377991388011371,12,5.939912879229012
dec1_attn,RMSE Z500,24,39.31072394053141,39.9323943456014,0.6216704050699869,0.45802613894144695,0.7705834865570066,1.5814270070692142,0.4414327397687886,0.3252330040962473,0.5471722265002305,0.007232795763151752,share,8,True,-0.07264816111580427,12,13.880144939246767
dec1_mlp,RMSE Z500,24,39.31072394053141,40.264923095703125,0.9541991551717123,0.7656853040059407,1.1043958425521851,2.4273253186972807,0.677553159869485,0.5436941485255177,0.7842041033177166,0.011101586227113346,share,7,True,0.44949326639063775,12,4.557510515217539
dec2_attn,RMSE Z500,24,39.31072394053141,39.346604665120445,0.035880724589029946,-0.0342254638671875,0.08441179593404134,0.09127464720138376,0.02547801283614539,-0.02430265324122899,0.05993872322709786,0.00041745264157642254,share,15,False,-0.2661803310703235,12,20.70558287842782
dec2_mlp,RMSE Z500,24,39.31072394053141,39.285255432128906,-0.02546850840250651,-0.20967233180999756,0.17342482407887763,-0.06478768602947846,-0.018084556302269496,-0.14888312380605906,0.12314466735543027,-0.0002963121907768891,share,16,False,0.21017532255668586,12,7.831837216194612
upsample,RMSE Z500,24,39.31072394053141,39.74822743733724,0.43750349680582684,0.20285125573476157,0.6504291375478108,1.1129367585997008,0.3106603847929345,0.14403964681969073,0.4618536026029045,0.005090114331089991,share,10,True,-0.4037497755144288,12,28.25155717250515
decoder_io,RMSE Z500,24,39.31072394053141,49.01588694254557,9.70516300201416,8.932764808336893,10.564058502515156,24.688334452186545,6.891395599569332,6.342934794540284,7.501275997396145,0.1129142730121802,share,3,True,0.20788050383017392,12,7.869515174635489
decoder_heads,RMSE Z500,24,39.31072394053141,66.3185453414917,27.007821400960285,26.026814007759093,28.184660975138346,68.70344448964423,19.177584293834673,18.480995268874594,20.013228894673077,0.3142212571287407,share,2,True,0.1819255393530952,12,8.305847704362114
encoder_io,RMSE T850,24,0.619096964597702,0.9516213039557139,0.3325243393580119,0.320672569796443,0.34857000100115937,53.71118877542728,19.9193118889495,19.209351545028102,20.88050029203446,0.6269651133408083,share,1,True,0.3482214540701176,12,5.801229855486204
enc0_attn,RMSE T850,24,0.619096964597702,0.6291731198628744,0.010076155265172323,0.008757690588633219,0.011189548050363858,1.6275568838752024,0.6035951526313805,0.5246147412808917,0.6702910768634363,0.018998302019229724,share,7,True,-0.23717959966650282,12,19.46218951342603
enc0_mlp,RMSE T850,24,0.619096964597702,0.626147449016571,0.0070504844188690186,0.005771800006429354,0.008664079507191976,1.1388336273705564,0.42234742388714425,0.34574998242436755,0.5190071267192328,0.013293486339430302,share,10,True,-0.516168289608264,12,37.604024466623564
enc1_attn,RMSE T850,24,0.619096964597702,0.6485245227813721,0.029427558183670044,0.027493144447604815,0.03148305416107178,4.753303580286892,1.7628084329779707,1.6469306280469287,1.8859394661510458,0.055484817705640774,share,5,True,-0.3234435943899954,12,23.473760651723996
enc1_mlp,RMSE T850,24,0.619096964597702,0.6400676170984904,0.020970652500788372,0.016247923796375595,0.025293917457262668,3.387296934078073,1.2562117061399336,0.9733045775618707,1.5151896300201462,0.0395395643740588,share,6,True,0.034474758561567155,12,11.200179416046748
enc2_attn,RMSE T850,24,0.619096964597702,0.6185378730297089,-0.0005590915679931641,-0.0008408421029647192,-0.0002473074942827225,-0.0903075931500439,-0.033491441074174476,-0.05036923351430719,-0.014814539953986235,-0.0010541511306254357,share,15,True,-0.31930762150723346,12,23.258217600647104
enc2_mlp,RMSE T850,24,0.619096964597702,0.6189977129300436,-9.925166765848796e-05,-0.0004916941126187642,0.00017608888447284693,-0.016031683780420906,-0.005945504402488934,-0.029454109741628577,0.010548308784745573,-0.00018713617530346,share,17,False,-0.12033710824383552,12,15.283178846030724
downsample,RMSE T850,24,0.619096964597702,0.6783784627914429,0.059281498193740845,0.054828667019804316,0.06352202718456587,9.575478734944662,3.551158552920132,3.2844191824616495,3.805180317779375,0.11177356612694563,share,3,True,-0.2296074122341206,12,19.152947706310936
dec0_attn,RMSE T850,24,0.619096964597702,0.6198766777912775,0.0007797131935755411,0.00036521020034948986,0.0013619968046744658,0.12594363050741328,0.046707408897482997,0.021877303477490374,0.08158813034992243,0.0014701268837259151,share,14,True,0.04405377314879662,12,10.987321742650858
dec0_mlp,RMSE T850,24,0.619096964597702,0.6229689121246338,0.0038719475269317627,0.0031590511401494346,0.004431816811362902,0.6254185932647577,0.23194251150308218,0.18923765116041258,0.2654805403738646,0.00730044611098013,share,12,True,-0.35548419933311176,12,25.237256208718097
dec1_attn,RMSE T850,24,0.619096964597702,0.6268174151579539,0.007720450560251872,0.006907736261685689,0.00856890194118023,1.2470503009603238,0.4624806200044755,0.41379633535631,0.5133056745311635,0.014556688301059833,share,8,True,0.10589373708839041,12,9.701904256359633
dec1_mlp,RMSE T850,24,0.619096964597702,0.6236109733581543,0.0045140087604522705,0.003781596819559733,0.005690099174777666,0.7291279102596695,0.270404110996793,0.2265302041724209,0.3408558313664374,0.008511034168453177,share,11,True,-0.13704960257183696,12,15.811563760242546
dec2_attn,RMSE T850,24,0.619096964597702,0.6206984966993332,0.0016015321016311646,0.0007228706032037735,0.002409777541955311,0.258688411220343,0.09593708988083821,0.04330234902013073,0.14435367508395708,0.0030196428855605,share,13,True,-0.1069429593643922,12,14.873983304491599
dec2_mlp,RMSE T850,24,0.619096964597702,0.6192045758167902,0.0001076112190882365,-0.0005010842035214106,0.0006331476072470347,0.017381965223842406,0.006446269286353856,-0.030016607361251002,0.03792764368721064,0.00020289786998045544,share,16,False,-0.23777092802720068,12,19.486597510487577
upsample,RMSE T850,24,0.619096964597702,0.626650482416153,0.007553517818450928,0.005887041489283243,0.009081132709980011,1.220086392017656,0.4524807945636363,0.35265332984231446,0.5439899981585352,0.014241941399868827,share,9,True,0.1692707811875001,12,8.525613387538712
decoder_io,RMSE T850,24,0.619096964597702,0.7139818121989568,0.09488484760125478,0.0902469748010238,0.10042636518677076,15.326330611701882,5.6839173834728705,5.406093405271948,6.015872684360326,0.17890266121721918,share,2,True,0.006478147833692628,12,11.845525162823193
decoder_heads,RMSE T850,24,0.619096964597702,0.6503033439318339,0.031206379334131878,0.029881603146592776,0.032838376611471175,5.040628709011718,1.8693657254730636,1.7900072336598267,1.9671277805214247,0.058838734012535795,share,4,True,0.18842781078689516,12,8.194747869547795
encoder_io,RMSE Q700,24,0.0006135621758100266,0.0007293815821564446,0.00011581940634641796,0.0001078130411769962,0.00012338456908764784,18.876555777499295,14.163562213723255,13.184463332455337,15.088706423337522,0.5614368349180947,share,1,True,0.24393628536000353,12,7.293592672276008
enc0_attn,RMSE Q700,24,0.0006135621758100266,0.0006186831257461259,5.1209499360993505e-06,4.43990381124119e-06,5.623068500426597e-06,0.8346260799630709,0.6262412777040494,0.5429561058651244,0.6876453873335089,0.024823904858380916,share,8,True,0.08027487477066597,12,10.216567801870811
enc0_mlp,RMSE Q700,24,0.0006135621758100266,0.0006151332878895724,1.5711120795458555e-06,3.84904706152156e-07,3.351701525389216e-06,0.25606403743380507,0.192131391321607,0.047070019817188745,0.40987978244933815,0.007615996498924307,share,10,True,0.5348919207827214,12,3.6362801022244935
enc1_attn,RMSE Q700,24,0.0006135621758100266,0.0006205275324949374,6.965356684910755e-06,4.888967184039454e-06,8.945040584270221e-06,1.1352324115669403,0.8517938906751942,0.5978720929105832,1.0938895545764384,0.03376470260566858,share,5,True,0.23726539511846273,12,7.397616788354536
enc1_mlp,RMSE Q700,24,0.0006135621758100266,0.0006177888474970435,4.226671687016885e-06,4.4147600419819355e-07,7.516452630322106e-06,0.6888742255724647,0.5168799364848217,0.05398812728002254,0.9191874472024826,0.020488873575288148,share,9,True,0.21563638634006427,12,7.742745667770919
enc2_attn,RMSE Q700,24,0.0006135621758100266,0.0006139364753228923,3.742995128656427e-07,2.3965779594921817e-07,5.458001396618783e-07,0.061004332995509614,0.045773110088150604,0.029307766375332712,0.0667459321215813,0.00181442420095059,share,17,True,0.016032914728792733,12,11.621281999910664
enc2_mlp,RMSE Q700,24,0.0006135621758100266,0.0006140588375274092,4.966617173825701e-07,2.2920648916624488e-07,7.092037170271697e-07,0.0809472514707863,0.060736791486241545,0.02802967543612865,0.08672856548991252,0.002407577377820668,share,13,True,-0.13305505106789656,12,15.68341868715312
downsample,RMSE Q700,24,0.0006135621758100266,0.0006412241297463576,2.7661953936330974e-05,2.410090746707283e-05,3.140887395905641e-05,4.508419036719723,3.382782021507813,2.9473014331991583,3.8409930979226288,0.13409186211170832,share,3,True,0.35658754395990866,12,5.6914494806162494
dec0_attn,RMSE Q700,24,0.0006135621758100266,0.0006139628579452013,4.0068213517467183e-07,1.0947405826300383e-07,7.303925182592743e-07,0.06530424315118352,0.048999442567505894,0.013387589212459935,0.0893197452753407,0.0019423144780058646,share,16,True,0.39800237933531574,12,5.167352756159734
dec0_mlp,RMSE Q700,24,0.0006135621758100266,0.0006140648280658448,5.026522558182478e-07,1.3430932691941658e-07,8.546681783627716e-07,0.08192360540390953,0.06146937479420326,0.01642469571996115,0.10451742327295242,0.0024366166299190804,share,12,True,0.2722464188116439,12,6.86427003851775
dec1_attn,RMSE Q700,24,0.0006135621758100266,0.0006139851126742238,4.229368641972542e-07,-1.2445768030981222e-07,7.25886881506691e-07,0.06893137824848666,0.05172097472696206,-0.01521993725966135,0.08876875068409942,0.0020501947117123544,share,15,False,0.20827988205646827,12,7.86294761372049
dec1_mlp,RMSE Q700,24,0.0006135621758100266,0.0006190061443097269,5.443968499700229e-06,4.936519205026949e-06,6.03943299211096e-06,0.8872725070630513,0.6657432374021018,0.6036872324359076,0.738562626227983,0.026389743655943317,share,7,True,-0.5038732340812364,12,36.37473333162152
dec2_attn,RMSE Q700,24,0.0006135621758100266,0.0006147679523564875,1.2057765464608867e-06,6.908108237742757e-07,1.6847749066073442e-06,0.19652067777304183,0.1474544868635076,0.08447929746052417,0.20603122532401855,0.0058450253650813005,share,11,True,-0.2658486798516315,12,20.690808204430816
dec2_mlp,RMSE Q700,24,0.0006135621758100266,0.000613067255471833,-4.949203381935755e-07,-9.426298978117605e-07,1.0927166537536918e-07,-0.08066343684569216,-0.0605238381197976,-0.11527426726950565,0.013362838573978382,-0.002399136008182344,share,14,False,0.15553346312174163,12,8.769627852370963
upsample,RMSE Q700,24,0.0006135621758100266,0.0006239987560547888,1.0436580244762203e-05,9.4062077550916e-06,1.1903677780840856e-05,1.7009816863276814,1.2762900299546929,1.150285715814899,1.4557014764587335,0.050591526626049106,share,4,True,0.325366432896695,12,6.10819966788058
decoder_io,RMSE Q700,24,0.0006135621758100266,0.0006511666191120943,3.7604443302067615e-05,3.5639910007982206e-05,3.936186452240993e-05,6.128872473669375,4.59864964795458,4.358406752489506,4.8135647953832015,0.18228827354909638,share,2,True,0.10799123699971815,12,9.660821131571915
decoder_heads,RMSE Q700,24,0.0006135621758100266,0.0006200835584119583,6.521382601931691e-06,5.483749555423855e-06,7.482496221200563e-06,1.0628723312877204,0.7975002731898273,0.6706080651148594,0.9150349158753136,0.03161252956492722,share,6,True,-0.020811836393874315,12,12.510100195261243
encoder_io,RMSE U500,24,1.5035564402739208,2.1377150217692056,0.634158581495285,0.62123242020607,0.6581826036175091,42.17723821393448,18.14393872430937,17.774107762124714,18.831291064901055,0.6423049958438048,share,1,True,-0.23899331251991043,12,19.537173581839145
enc0_attn,RMSE U500,24,1.5035564402739208,1.5142490069071453,0.010692566633224487,0.00885245700677236,0.012383649746576944,0.7111516632708843,0.30592548845018264,0.25327803198962945,0.3543091408704242,0.010829923566939736,share,9,True,-0.19196962735893208,12,17.70185380724661
enc0_mlp,RMSE U500,24,1.5035564402739208,1.5115605096022289,0.008004069328308105,0.0056946039199829105,0.011202863355477651,0.532342459113135,0.2290047752653901,0.16292856013989,0.3205256101389028,0.008106889769638302,share,11,True,0.3376643873261642,12,5.941720081203039
enc1_attn,RMSE U500,24,1.5035564402739208,1.5996123154958088,0.09605587522188823,0.08713315104444821,0.10404024372498194,6.388577950847565,2.7482588188374213,2.49297036977527,2.9766999329367585,0.09728981099600033,share,4,True,-0.06690223438194903,12,13.720777483700484
enc1_mlp,RMSE U500,24,1.5035564402739208,1.5450506110986073,0.041494170824686684,0.034175097942352295,0.0502774640917778,2.7597348335741354,1.1871915240568867,0.9777852118648993,1.4384907092858816,0.04202720580749669,share,5,True,0.18922330524223016,12,8.181239212354232
enc2_attn,RMSE U500,24,1.5035564402739208,1.5048088332017262,0.0012523929278055828,0.0008178822696208954,0.001744115352630615,0.08329537184366817,0.03583226846395967,0.023400465146604554,0.04990096012205804,0.0012684811934457064,share,17,True,0.05218124032176865,12,10.809758509532573
enc2_mlp,RMSE U500,24,1.5035564402739208,1.5056043863296509,0.002047946055730184,0.00113254114985466,0.0030202358961105343,0.136206796158386,0.058593873567467904,0.03240318403839909,0.08641210042885238,0.002074254013424389,share,15,True,0.2355685659384951,12,7.424255894508315
downsample,RMSE U500,24,1.5035564402739208,1.6567019025484722,0.1531454622745514,0.1442139650384585,0.16588635245958963,10.185547956327536,4.381651474089769,4.126112018665381,4.746181636664266,0.15511277207321786,share,3,True,0.2858154185228575,12,6.66519848359818
dec0_attn,RMSE U500,24,1.5035564402739208,1.5072910686333973,0.003734628359476725,0.0027203433215618137,0.004422887663046518,0.24838630991440155,0.10685161423289441,0.0778318609504912,0.12654343106672372,0.0037826034731813975,share,13,True,-0.19116010490832,12,17.672126888943403
dec0_mlp,RMSE U500,24,1.5035564402739208,1.5074350237846375,0.0038785835107167563,0.002875351160764694,0.004675343384345372,0.2579606196898168,0.11097032131872958,0.08226679697178287,0.13376645267599888,0.003928407875293096,share,12,True,0.17535990591365183,12,8.419277430893722
dec1_attn,RMSE U500,24,1.5035564402739208,1.5141778886318207,0.010621448357899984,0.009687873472770055,0.01154855489730835,0.7064216595663645,0.30389072038534976,0.277180168790492,0.3304162058597696,0.010757891704768896,share,10,True,-0.6396902799148884,12,54.60936039785651
dec1_mlp,RMSE U500,24,1.5035564402739208,1.5186525881290436,0.015096147855122885,0.013544052839279175,0.016248962531487145,1.0040293434127847,0.4319165420905061,0.387509484166015,0.4648997728765949,0.015290073284948932,share,8,True,0.26381453094302143,12,6.990128228777289
dec2_attn,RMSE U500,24,1.5035564402739208,1.5020313660303752,-0.0015250742435455322,-0.0024527907371520996,-0.0005611975987752279,-0.10143112707280155,-0.04363396543443027,-0.07017690233491256,-0.016056448878131273,-0.0015446653790480796,share,16,True,0.144674770068623,12,8.966654134048229
dec2_mlp,RMSE U500,24,1.5035564402739208,1.5060884058475494,0.0025319655736287436,0.0012414035697778066,0.004085640360911687,0.1683984389151009,0.0724421770208629,0.035517851464026744,0.11689443385463044,0.0025644912561328457,share,14,True,0.0012090090857520025,12,11.971018820451341
upsample,RMSE U500,24,1.5035564402739208,1.5196216503779094,0.016065210103988647,0.013585760941108067,0.018453087409337363,1.0684806817801835,0.45964242419085355,0.3887027964793268,0.527962085508467,0.016271584127650885,share,7,True,-0.2375374294172489,12,19.47695496928691
decoder_io,RMSE U500,24,1.5035564402739208,1.768416961034139,0.2648605207602183,0.2537177900473277,0.2727278893192609,17.615602159368592,7.57793586555416,7.259130713064599,7.803029489171532,0.2682629245274115,share,2,True,-0.08925200574646758,12,14.351965803307522
decoder_heads,RMSE U500,24,1.5035564402739208,1.5349486768245697,0.03139223655064901,0.029733025034268695,0.03334704960385958,2.0878655240191657,0.8981646436936774,0.8506928709189733,0.9540938848801682,0.03179550187533379,share,6,True,-0.6497058278052449,12,56.513843235326725
encoder_io,RMSE MSLP,24,43.22458998362223,60.24261601765951,17.018026034037273,15.831744146347045,18.246325826644895,39.37116821810315,18.04061467407161,16.7830508186723,19.34272122969422,0.30981926993049136,share,1,True,-0.050812168970270064,12,13.284774220044003
enc0_attn,RMSE MSLP,24,43.22458998362223,48.28415107727051,5.059561093648274,4.685520792007446,5.3909819920857736,11.70528418098434,5.363582822583014,4.967066978678475,5.714918324813827,0.09211112505455188,share,6,True,-0.2962820266382681,12,22.10457158760572
enc0_mlp,RMSE MSLP,24,43.22458998362223,44.23125203450521,1.0066620508829753,0.7892330090204874,1.2163445154825847,2.3289105836848862,1.0671509216561026,0.8366568822564484,1.2894329031376999,0.01832664382152816,share,9,True,-0.22607816657298901,12,19.0108837396735
enc1_attn,RMSE MSLP,24,43.22458998362223,48.96575768788656,5.741167704264323,5.12751833597819,6.183045744895935,13.282179672356982,6.086146191379726,5.435623517592791,6.554576046171614,0.1045200179577885,share,4,True,-0.29163274112098847,12,21.88073022739632
enc1_mlp,RMSE MSLP,24,43.22458998362223,47.54152774810791,4.316937764485677,3.4984170834223427,4.941420197486877,9.987226636785593,4.5763363286240235,3.708631920351996,5.238343010360701,0.0785914008976883,share,7,True,-0.31374728028834575,12,22.972538994212194
enc2_attn,RMSE MSLP,24,43.22458998362223,43.29051717122396,0.06592718760172527,0.015920003255208332,0.09894327322642006,0.15252241288281748,0.06988865722082792,0.01687661329009283,0.10488863181306148,0.0012002281046276796,share,17,True,-0.4344686987030549,12,30.437969295351607
enc2_mlp,RMSE MSLP,24,43.22458998362223,43.33726501464844,0.11267503102620442,0.036733388900756836,0.17669662634531652,0.26067345246975604,0.11944551113432415,0.038940645260851024,0.18731407178062867,0.0020512893670578377,share,16,True,-0.2558968648437159,12,20.253593441666222
downsample,RMSE MSLP,24,43.22458998362223,50.144198735555015,6.91960875193278,6.457653999328613,7.343128323554993,16.008500611699535,7.335398061988852,6.845685114557736,7.7843663138461805,0.12597396004922326,share,3,True,-0.32621060461877976,12,23.619438602801328
dec0_attn,RMSE MSLP,24,43.22458998362223,43.56739584604899,0.3428058624267578,0.20296033223470053,0.44546058972676594,0.7930806574605953,0.36340457228615347,0.21515592587791713,0.4722276740952179,0.006240903722472114,share,13,True,-0.007603382315033979,12,12.18387928002667
dec0_mlp,RMSE MSLP,24,43.22458998362223,43.383538246154785,0.1589482625325521,0.03709392547607422,0.24422766367594398,0.36772647836052924,0.16849923438404027,0.03932284595899318,0.2589029517474066,0.002893710149230079,share,15,True,0.10900952219232125,12,9.640932309179927
dec1_attn,RMSE MSLP,24,43.22458998362223,43.57946809132894,0.35487810770670575,0.20343257586161295,0.5161500851313272,0.8210097720792005,0.37620222137370474,0.2156565459432745,0.5471647993262869,0.006460683279253529,share,12,True,0.06532150544439125,12,10.528410322467463
dec1_mlp,RMSE MSLP,24,43.22458998362223,43.670443534851074,0.4458535512288411,0.30877683957417806,0.5613139470418295,1.031481273501437,0.4726442480872016,0.3273307945289262,0.5950424925611384,0.008116923870098597,share,10,True,0.3890822486158891,12,5.2775946304937
dec2_attn,RMSE MSLP,24,43.22458998362223,43.42375946044922,0.1991694768269857,0.05662972927093506,0.3316594203313191,0.4607781748825168,0.21113728343613683,0.060032528028256045,0.3515883565612234,0.003625951786626552,share,14,True,-0.30825220799603986,12,22.694725848669723
dec2_mlp,RMSE MSLP,24,43.22458998362223,43.64164670308431,0.41705671946207684,0.29734273751576745,0.5019166628519693,0.9648598624535233,0.4421170562319772,0.31520963376872857,0.5320761112304019,0.007592667215628459,share,11,True,-0.2926766843437854,12,21.93073502424299
upsample,RMSE MSLP,24,43.22458998362223,44.27799002329508,1.0534000396728516,0.8980315208435058,1.2277355909347532,2.437038824594945,1.1166973287842157,0.9519929397396003,1.3015084518849418,0.01917752567679958,share,8,True,-0.2952611221165152,12,22.055166747829034
decoder_io,RMSE MSLP,24,43.22458998362223,48.89722537994385,5.672635396321614,5.284639636675516,6.224015339215597,13.12363031892488,6.013495875893875,5.6021860106398735,6.598007444325299,0.10327236270264933,share,5,True,-0.15806563389037187,12,16.5057849709807
decoder_heads,RMSE MSLP,24,43.22458998362223,52.80238278706869,9.577792803446451,8.90823450088501,10.19003046353658,22.15820394612296,10.153308559375956,9.443517464088108,10.802334697457432,0.17436715444989398,share,2,True,-0.12479663598428092,12,15.422198070492046
encoder_io,RMSE T2M,24,0.6403933763504028,0.8642514149347941,0.22385803858439127,0.21714202935496968,0.23257101451357207,34.9563325998399,17.728513243203462,17.196636615863177,18.418540325210447,0.47086746811339925,share,1,True,-0.2711188338428899,12,20.927178138701976
enc0_attn,RMSE T2M,24,0.6403933763504028,0.6439171781142553,0.0035238017638524375,0.0019554356733957924,0.004963644221425055,0.550255810566711,0.27906867509397343,0.1548613909567551,0.39309748656137905,0.007412034989546362,share,11,True,-0.07597523230246228,12,13.973329762364067
enc0_mlp,RMSE T2M,24,0.6403933763504028,0.6410217533508936,0.0006283770004908243,-0.002452700088421504,0.002770784497261047,0.0981235946055439,0.049764529544586156,-0.19424241485433444,0.21943321742827238,0.0013217407295841347,share,15,False,0.6479691540330759,12,2.563379381989515
enc1_attn,RMSE T2M,24,0.6403933763504028,0.6582081367572149,0.01781476040681203,0.01589525304734707,0.019916603590051332,2.78184645012074,1.4108459887966038,1.258829952839636,1.577302172120784,0.037471922745539954,share,5,True,-0.07749708751843078,12,14.016178025323578
enc1_mlp,RMSE T2M,24,0.6403933763504028,0.6511432379484177,0.010749861598014832,0.0062845200300216675,0.015605811526377994,1.6786341013203812,0.8513389329602505,0.497704693938943,1.235907533479213,0.022611473526864184,share,7,True,0.08808490266868434,12,10.057102291500007
enc2_attn,RMSE T2M,24,0.6403933763504028,0.6404823710521063,8.899470170338948e-05,-0.00023792038361231485,0.00047406132022539754,0.013896880415998309,0.007047965566484204,-0.01884218542417388,0.037543446940093414,0.0001871932325127773,share,17,False,0.28480218564736426,12,6.6799184093131725
enc2_mlp,RMSE T2M,24,0.6403933763504028,0.6402459392944971,-0.00014743705590566,-0.0007308870553970337,0.0005107883363962174,-0.02302288895395869,-0.01167632761678577,-0.057882848089046784,0.04045205543449986,-0.00031012204725549864,share,16,False,0.49319921605784284,12,4.072872086928753
downsample,RMSE T2M,24,0.6403933763504028,0.6770481516917547,0.03665477534135183,0.03023131725688775,0.041513830050826074,5.723790516111695,2.9028873574304335,2.3941794171763546,3.287701842141865,0.07710038633587507,share,4,True,0.38820054424751727,12,5.288568355236706
dec0_attn,RMSE T2M,24,0.6403933763504028,0.6417988240718842,0.0014054477214813232,0.0007076188921928406,0.0022503683964411416,0.21946631139300027,0.1113049086844322,0.05604011801726048,0.17821868792687207,0.002956246799822537,share,13,True,0.09777756787788248,12,9.862352358314698
dec0_mlp,RMSE T2M,24,0.6403933763504028,0.6431813091039658,0.0027879327535629272,0.001235982154806455,0.003940234954158464,0.4353469065297545,0.22079127939856485,0.09788402569063354,0.31204824275183385,0.005864193420267579,share,12,True,0.38010084619677403,12,5.390033537142033
dec1_attn,RMSE T2M,24,0.6403933763504028,0.6458855420351028,0.005492165684700012,0.00481483389933904,0.006014381845792134,0.8576237493273001,0.43495392298974983,0.38131240266396643,0.47631100887454547,0.01155233096281719,share,10,True,-0.28896619272616114,12,21.75366931147471
dec1_mlp,RMSE T2M,24,0.6403933763504028,0.6465746213992437,0.00618124504884084,0.0054743087540070215,0.006508271892865499,0.9652262620309583,0.4895257967988894,0.43353973731084555,0.5154247985583842,0.01300175425614183,share,8,True,-0.21815244267643608,12,18.696521048370705
dec2_attn,RMSE T2M,24,0.6403933763504028,0.639391615986824,-0.0010017603635787964,-0.0019125053038199743,9.785095850626628e-07,-0.15642890769542642,-0.0793347515440141,-0.15146150578679016,7.749339825849129e-05,-0.002107122750818186,share,14,False,-0.19081270245198323,12,17.659387972011327
dec2_mlp,RMSE T2M,24,0.6403933763504028,0.6459721674521764,0.00557879110177358,0.004737600435813268,0.006156499062975248,0.8711506564241918,0.44181425225689747,0.37519587234147395,0.4875660300605201,0.01173454059473229,share,9,True,-0.4015510029288641,12,28.103668178003794
upsample,RMSE T2M,24,0.6403933763504028,0.6544535855452219,0.014060209194819132,0.013219132150212923,0.01475993866721789,2.195558185649602,1.113503032943765,1.046893651309992,1.168918345686285,0.029574524759419747,share,6,True,-0.009041771113980442,12,12.218982496345454
decoder_io,RMSE T2M,24,0.6403933763504028,0.6822630365689596,0.041869660218556724,0.03924888533850511,0.04425875134766102,6.5381157527224305,3.315881932885249,3.108328777938194,3.5050868146459644,0.08806947931176402,share,3,True,-0.21438055966360225,12,18.549142202646284
decoder_heads,RMSE T2M,24,0.6403933763504028,0.7584973921378454,0.11810401578744252,0.11419710231324037,0.12237866719563802,18.442416825188985,9.353287562080776,9.043878225228521,9.69182002926177,0.2484223449804476,share,2,True,0.24095352801007255,12,7.339966774166903
encoder_io,|RQE| Z500,24,0.002150436028993378,0.008508861608182391,0.006358425579189013,0.005854400910902768,0.006771266106564628,295.68075931862995,9.742111008730147,8.969865708627214,10.374647820949772,1.4071493778996962,share,1,True,0.34515963876114425,12,5.841748524437853
enc0_attn,|RQE| Z500,24,0.002150436028993378,0.002027696813456714,-0.00012273921553666392,-0.00016805790170716742,-8.110329824072931e-05,-5.7076431887219785,-0.18805583992305636,-0.2574912160148781,-0.12426304669215128,-0.02716276358594135,share,8,True,-0.28966242434865663,12,21.78675269711478
enc0_mlp,|RQE| Z500,24,0.002150436028993378,0.002108914991064618,-4.152103792876005e-05,-0.00018945999084583794,7.777969367452897e-05,-1.9308194881851988,-0.06361677991853884,-0.2902825926868151,0.11917076020868253,-0.009188800271946627,share,12,False,0.048392684376752,12,10.892185683523259
enc1_attn,|RQE| Z500,24,0.002150436028993378,0.0028872937352086105,0.0007368577062152326,0.0006107415620742056,0.0009147567288891876,34.265502264680556,1.1289822428813663,0.9357524156366783,1.4015516086228963,0.16307006349103317,share,4,True,0.31719161852148803,12,6.2205835981095525
enc1_mlp,|RQE| Z500,24,0.002150436028993378,0.0011305235335991408,-0.0010199124953942373,-0.0011830157875616957,-0.0008325679518748075,-47.4281718518109,-1.562666830896358,-1.8125668035225049,-1.275625437218688,-0.2257114148042253,share,3,True,-0.26144839633787775,12,20.496036676375137
enc2_attn,|RQE| Z500,24,0.002150436028993378,0.002192853639523188,4.241761052981019e-05,2.1939472693096224e-05,6.248403224162757e-05,1.9725120839640105,0.06499047057482397,0.033614733047863755,0.09573539405153336,0.00938721599012989,share,11,True,0.0056358822288871385,12,11.865496870305087
enc2_mlp,|RQE| Z500,24,0.002150436028993378,0.0021788242738693953,2.8388244876017172e-05,-3.288091829745099e-06,4.251181890140287e-05,1.3201157576078069,0.043495269305400625,-0.0050378753691980825,0.06513481266117496,0.006282451625713104,share,14,False,-0.2518568172565828,12,20.07942082957004
downsample,|RQE| Z500,24,0.002150436028993378,0.0027162120677530766,0.0005657760387596985,0.00018603754166785318,0.0008263261001654125,26.30982885013041,0.8668581407505604,0.28503886066566947,1.2660619357676393,0.12520888875022532,share,5,True,0.4891128633201539,12,4.116978498519683
dec0_attn,|RQE| Z500,24,0.002150436028993378,0.0021918763620002815,4.144033300690353e-05,-1.0998153205340108e-05,7.679168459920516e-05,1.9270665320047584,0.0634931272473099,-0.016850905634270313,0.11765697444999712,0.009170939894535664,share,13,False,0.23836371426564004,12,7.380412816950308
dec0_mlp,|RQE| Z500,24,0.002150436028993378,0.002242855456036826,9.24194270434479e-05,5.173138755102021e-05,0.00012105969920715627,4.297706409183888,0.1416011411012446,0.07926064619002099,0.18548255596789123,0.020452852306029674,share,9,True,0.3497024247306479,12,5.781697328423735
dec1_attn,|RQE| Z500,24,0.002150436028993378,0.00217708497075364,2.6648941760261852e-05,-8.840422378852963e-06,5.967529505142006e-05,1.2392343413598896,0.0408303825625287,-0.013544921632916644,0.09143196560677669,0.005897535695372647,share,15,False,0.18051995294674095,12,8.330024867510865
dec1_mlp,|RQE| Z500,24,0.002150436028993378,0.0023077514197211713,0.00015731539072779319,0.00011925259386771358,0.00019315427077041628,7.315511301279339,0.24103199459753563,0.18271378552274511,0.29594281229217784,0.03481463318862907,share,7,True,-0.11149304095215896,12,15.01160610572971
dec2_attn,|RQE| Z500,24,0.002150436028993378,0.0021594162681140006,8.980239120622477e-06,-2.562437415084181e-05,4.713067464763299e-05,0.4176008492950213,0.013759142936953876,-0.03926058336261538,0.07221162827420352,0.001987369001114607,share,17,False,0.18708551631495762,12,8.217583038585671
dec2_mlp,|RQE| Z500,24,0.002150436028993378,0.0019732465055615953,-0.00017718952343178293,-0.0002185309041427293,-0.0001363601159634224,-8.239702136813882,-0.2714823009812736,-0.3348238177017672,-0.20892520803057232,-0.03921287189134297,share,6,True,-0.05722722939249118,12,13.456823476705585
upsample,|RQE| Z500,24,0.002150436028993378,0.002171049408692246,2.06133796988676e-05,-9.599561453796924e-05,0.00012521298970871904,0.9585674449714625,0.03158294939375322,-0.14708042447505473,0.19184605218465275,0.004561837526982798,share,16,False,0.2681093531931572,12,6.925812619839847
decoder_io,|RQE| Z500,24,0.002150436028993378,0.002216469651709,6.603362271562219e-05,-9.685707239744563e-05,0.0002714159491006285,3.0707085365628206,0.10117392659430116,-0.1484003138080101,0.41585204902491363,0.014613550157585144,share,10,False,0.1298754924432403,12,9.241278495299028
decoder_heads,|RQE| Z500,24,0.002150436028993378,0.0007743369545399522,-0.0013760990744534258,-0.0015888127840298694,-0.0012111217899170394,-63.99163034380425,-2.1084008573150546,-2.43431181529733,-1.8556296327633737,-0.30453717393236546,share,2,True,-0.39693656626921664,12,27.7968085239835
encoder_io,|RQE| T850,24,0.0020447036125309146,0.007022264219510059,0.004977560606979144,0.004481747375515018,0.005583302570691255,243.4367786350202,4.770450673540716,4.295267596779769,5.350988488536008,0.45058683856112247,share,1,True,-0.2163025224822799,12,18.6240618204074
enc0_attn,|RQE| T850,24,0.0020447036125309146,0.0020895776203057417,4.487400777482738e-05,-6.086428293201607e-05,0.00019070979869866263,2.1946460846363336,0.043006857679190394,-0.05833179792939191,0.18277460778222152,0.004062157931030777,share,13,False,0.3078327627991157,12,6.3509701566380015
enc0_mlp,|RQE| T850,24,0.0020447036125309146,0.002614750357073111,0.0005700467445421964,0.0003113358800571101,0.0008000510630760497,27.879187039563057,0.5463278282615208,0.2983815921062587,0.7667619611435298,0.0516026987386523,share,4,True,0.055148236911276835,12,10.745619203473174
enc1_attn,|RQE| T850,24,0.0020447036125309146,0.0024515442807266177,0.00040684066819570336,0.0002076064503247229,0.0006364961989675066,19.89729297206649,0.38991254810573117,0.19896821133515555,0.6100124058385714,0.03682869279850934,share,5,True,0.09142558246217229,12,9.989589016099332
enc1_mlp,|RQE| T850,24,0.0020447036125309146,0.0020935767740108227,4.8873161479908354e-05,-0.000265485848406873,0.0003865578057836195,2.3902320698408523,0.046839611711205,-0.25443932165734495,0.37047362966857705,0.004424175828385128,share,12,False,0.1699975897563497,12,8.512862770083112
enc2_attn,|RQE| T850,24,0.0020447036125309146,0.002040871283194671,-3.8323293362433715e-06,-3.4863140293358204e-05,1.626303916661223e-05,-0.18742713187168242,-0.0036728710118925606,-0.033412529595522,0.015586354897900178,-0.00034691635045523434,share,16,False,0.08469408124131377,12,10.126054170531313
enc2_mlp,|RQE| T850,24,0.0020447036125309146,0.002006917908147443,-3.778570438347136e-05,-7.476017435692484e-05,-2.4397813831456006e-06,-1.8479795385454705,-0.03621348953011284,-0.07164949907690954,-0.0023382651988606506,-0.003420499000470502,share,14,True,-0.2127719348344765,12,18.486717969021765
downsample,|RQE| T850,24,0.0020447036125309146,0.0022121252477518283,0.00016742163522091383,-0.00019502689756336621,0.00041846458134386916,8.188063746494825,0.16045543501470474,-0.18691207768223458,0.4010528050880564,0.01515561361827555,share,9,False,0.19733844673478493,12,8.044457826815355
dec0_attn,|RQE| T850,24,0.0020447036125309146,0.002118103346826198,7.339973429528375e-05,4.144010260157908e-05,0.00010090578653034751,3.5897493331285437,0.0703456651870182,0.03971583291022449,0.09670722575289557,0.006644410151624474,share,10,True,0.2552996091700553,12,7.118941665143723
dec0_mlp,|RQE| T850,24,0.0020447036125309146,0.002320296688897846,0.0002755930763669312,0.00019118407944915814,0.0003308019152124567,13.478387511909597,0.2641260007832776,0.18322915431701936,0.3170376704245793,0.024947684782661617,share,8,True,0.11092091659621271,12,9.603698014377471
dec1_attn,|RQE| T850,24,0.0020447036125309146,0.0023828649621767304,0.0003381613496458158,0.00025628029246339184,0.00042863664445273264,16.538404274018127,0.32409088819962184,0.2456167971280961,0.41080162165513906,0.030611591799972818,share,7,True,0.17185966804821912,12,8.480267948783487
dec1_mlp,|RQE| T850,24,0.0020447036125309146,0.0020656440707777315,2.094045824681719e-05,-6.441183116597433e-05,0.00012340446119196713,1.0241317185769183,0.020069152549888555,-0.061731737216595306,0.1182697593246232,0.0018956062265168272,share,15,False,-0.16954535568668797,12,16.899832356100756
dec2_attn,|RQE| T850,24,0.0020447036125309146,0.0020980758975686817,5.337228503776714e-05,-4.3119410656800027e-05,0.00014128735941388486,2.6102700024921184,0.05115153248959529,-0.04132526710413037,0.13540857301339942,0.004831452810083556,share,11,False,0.3909471420603476,12,5.254429930708852
dec2_mlp,|RQE| T850,24,0.0020447036125309146,0.0024449691894308976,0.000400265576899983,0.00031778995786832336,0.0005130271114467176,19.57572600972412,0.383611037953091,0.30456712399077596,0.491680709204049,0.03623349168814307,share,6,True,-0.1464140347354671,12,16.116675972480653
upsample,|RQE| T850,24,0.0020447036125309146,0.0028409193037077785,0.000796215691176864,0.0006389112122027048,0.0009699715067351154,38.940396363427745,0.7630861741658492,0.6123269334604566,0.9296122323718041,0.07207633204849602,share,3,True,-0.1588893219874484,12,16.53370029341353
decoder_io,|RQE| T850,24,0.0020447036125309146,0.005315953632816672,0.0032712500202857577,0.0027111089636794833,0.003835100225357261,159.98651346033645,3.135137488976367,2.5983031856393937,3.675526607852784,0.29612541587476915,share,2,True,0.0801885482088867,12,10.218343306634358
decoder_heads,|RQE| T850,24,0.0020447036125309146,0.002044552243508709,-1.51369022205472e-07,-0.00013642233413217278,9.811721138248685e-05,-0.007402981110700385,-0.000145070750704838,-0.13074597521410894,0.09403467965196438,-1.3702472869144061e-05,share,17,False,0.01093259500671294,12,11.740455217828474
encoder_io,|RQE| Q700,24,0.09026958793401718,0.08245724874238174,-0.0078123391916354494,-0.017193248107408483,0.009085729182697832,-8.654453144669167,-0.31853540535392305,-0.7010266862334529,0.37045580806902473,-0.061847069264093606,share,9,False,0.11643483699439555,12,9.497000276891645
enc0_attn,|RQE| Q700,24,0.09026958793401718,0.11395795363932848,0.0236883657053113,0.021582820491554838,0.025222627446055412,26.24180108435454,0.9658545266688168,0.8800043502103977,1.028411550054361,0.18753102733918417,share,3,True,-0.09715994591392525,12,14.582781624918795
enc0_mlp,|RQE| Q700,24,0.09026958793401718,0.10324771236628294,0.012978124432265759,0.009631561006729801,0.016635860153473913,14.37707286506299,0.5291618842140939,0.39271121161182676,0.6783001003171579,0.10274246176353434,share,6,True,-0.018151439632824635,12,12.443688129485954
enc1_attn,|RQE| Q700,24,0.09026958793401718,0.09309632175912459,0.0028267338251074157,-0.00186008436139673,0.007347854839948317,3.1314353923645086,0.11525546737298559,-0.07584191002413003,0.299596812492565,0.022378086560777756,share,12,False,0.46901016267619716,12,4.337531631692421
enc1_mlp,|RQE| Q700,24,0.09026958793401718,0.07756809548785289,-0.01270149244616429,-0.01683986116355906,-0.006766296682568888,-14.070621941299303,-0.5178826655748113,-0.6866179092148638,-0.27588472590061597,-0.1005524803526658,share,7,True,0.6829093513739525,12,2.261017671811045
enc2_attn,|RQE| Q700,24,0.09026958793401718,0.08996687705318133,-0.000302710880835851,-0.0010139926647146542,0.00037548282028486326,-0.3353409357059638,-0.012342543093281297,-0.04134389925447811,0.015309700389216578,-0.002396437271194623,share,16,False,-0.09977970334302019,12,14.660140955636514
enc2_mlp,|RQE| Q700,24,0.09026958793401718,0.09051549186309178,0.0002459039290746053,-0.0008504529017955065,0.0012187396020938938,0.27241060328573724,0.010026332165629407,-0.03467583180437167,0.04969212212259161,0.0019467200489801202,share,17,False,-0.16972462880165018,12,16.906072409880608
downsample,|RQE| Q700,24,0.09026958793401718,0.11816712468862534,0.027897536754608154,0.01989882377286752,0.03620271881421407,30.90469048667857,1.137476620065288,0.8113421269961176,1.4761068905900485,0.22085329958627326,share,1,True,0.6365647282951381,12,2.6648645085987943
dec0_attn,|RQE| Q700,24,0.09026958793401718,0.08971955083931486,-0.0005500370947023233,-0.0012375891247453788,-0.00013883505016565323,-0.6093271358504201,-0.022426866604600245,-0.05046068070552505,-0.0056607730280321695,-0.004354416962629854,share,15,True,-0.48729090194113056,12,34.81016992065218
dec0_mlp,|RQE| Q700,24,0.09026958793401718,0.09189877659082413,0.0016291886568069458,0.0006581364121908943,0.0029602355401342107,1.8048034715720713,0.06642751376561455,0.026834440196844132,0.1206987823479722,0.012897615071513735,share,13,True,0.40011777585105823,12,5.141415110890694
dec1_attn,|RQE| Q700,24,0.09026958793401718,0.09449817550679047,0.004228587572773297,0.003136141326588889,0.00518832317708681,4.684398887324263,0.1724137705144789,0.1278710542652533,0.21154542650810446,0.033475984860284504,share,10,True,-0.07011958838512895,12,13.809770482551135
dec1_mlp,|RQE| Q700,24,0.09026958793401718,0.09396744581560294,0.003697857881585757,0.0026104275913288195,0.004061468349148828,4.096460354165698,0.1507741318391905,0.10643593302263159,0.16559975638454336,0.02927441665309106,share,11,True,-0.9201677990507415,12,288.6305690513839
dec2_attn,|RQE| Q700,24,0.09026958793401718,0.07366577415571858,-0.016603813778298598,-0.017775794571692434,-0.01552673582918942,-18.39358543481466,-0.6769934615683536,-0.724779069429623,-0.6330773625996091,-0.13144554986732118,share,5,True,0.06879130159939538,12,10.45527257200273
dec2_mlp,|RQE| Q700,24,0.09026958793401718,0.08047431878124674,-0.00979526915277044,-0.011443455548336109,-0.00810893418189759,-10.851128687914604,-0.3993861446094399,-0.4665882602283377,-0.3306285829709738,-0.07754510843569912,share,8,True,0.490377775209645,12,4.103299713137512
upsample,|RQE| Q700,24,0.09026958793401718,0.08916277345269918,-0.001106814481317997,-0.004033848394950231,0.0025573218706995216,-1.2261211185842857,-0.045128557632994275,-0.16447359774105705,0.10427063376560786,-0.00876219403810165,share,14,False,0.6084865966580675,12,2.920857935567819
decoder_io,|RQE| Q700,24,0.09026958793401718,0.11671584223707517,0.026446254303057987,0.02229163081695636,0.031712462566792964,29.29697022920826,1.0783029420352137,0.9089049366778363,1.2930240060877123,0.20936409461180303,share,2,True,-0.41027797007648786,12,28.69713997815689
decoder_heads,|RQE| Q700,24,0.09026958793401718,0.1131732997794946,0.02290371184547742,0.021017145233539244,0.024246899356755117,25.372567184220397,0.9338615436231867,0.8569398629690339,0.9886278265348738,0.18131924615213038,share,4,True,-0.290265337519771,12,21.81545423768642
encoder_io,Vag/Vg 850hPa,24,0.3618840699394544,0.361190860470136,-0.0006932094693183899,-0.0012583285570144653,0.00015003482500712043,-0.19155567401305298,-0.09997477054661193,-0.1814763276148933,0.02163804429682221,-0.001801846582404304,share,10,False,0.12990089386719825,12,9.240800967824365
enc0_attn,Vag/Vg 850hPa,24,0.3618840699394544,0.36253394931554794,0.0006498793760935465,0.00044964707146088285,0.000838903710246086,0.17958220051031137,0.09372569819597533,0.06484816608240933,0.12098681517582226,0.0016892194706177154,share,11,True,0.10963770178189158,12,9.628681110474199
enc0_mlp,Vag/Vg 850hPa,24,0.3618840699394544,0.3642299597462018,0.0023458898067474365,0.0019630491733551025,0.002893975873788197,0.6482434573978124,0.3383245693221938,0.28311123746025,0.41736962167278113,0.0060976280880022694,share,5,True,0.5712082208375465,12,3.274869162284924
enc1_attn,Vag/Vg 850hPa,24,0.3618840699394544,0.3567108487089475,-0.005173221230506897,-0.005595118117829164,-0.004738487241168816,-1.4295244417286486,-0.7460827187131849,-0.8069287492006891,-0.6833853195047997,-0.013446658487477989,share,4,True,0.045702735975233534,12,10.95107316288825
enc1_mlp,Vag/Vg 850hPa,24,0.3618840699394544,0.36250483989715576,0.0006207699577013651,-0.00011129931857188542,0.001189867655436198,0.17153834867758178,0.08952753363921419,-0.01605160392162479,0.17160288642628505,0.0016135558965218479,share,12,False,0.6972478367790621,12,2.1405394544769605
enc2_attn,Vag/Vg 850hPa,24,0.3618840699394544,0.3616558735569318,-0.000228196382522583,-0.00027340569843848543,-0.00019471844037373862,-0.06305786893597218,-0.03291051549641158,-0.03943060961703258,-0.02808232180772119,-0.0005931466463804025,share,15,True,0.1839414297135321,12,8.2712730525927
enc2_mlp,Vag/Vg 850hPa,24,0.3618840699394544,0.36168843259414035,-0.00019563734531402588,-0.00025308380524317425,-0.0001551891987522443,-0.054060778455033216,-0.028214846411935984,-0.036499783222996636,-0.02238140882845062,-0.0005085165417479629,share,16,True,-0.2679667335524058,12,20.785395281920767
downsample,Vag/Vg 850hPa,24,0.3618840699394544,0.36074772228797275,-0.0011363476514816284,-0.001444696324567,-0.0008761984606583913,-0.314008751938638,-0.16388422366728816,-0.20835431417308226,-0.12636546950772215,-0.0029536874824554727,share,7,True,-0.1660735042786359,12,16.77951488906644
dec0_attn,Vag/Vg 850hPa,24,0.3618840699394544,0.3615325515468915,-0.0003515183925628662,-0.00038617923855781554,-0.00029397420585155484,-0.09713563590176201,-0.05069603373124913,-0.05569482598477063,-0.04239700274944294,-0.0009136952715236837,share,14,True,-0.3417124721096609,12,24.458232889379676
dec0_mlp,Vag/Vg 850hPa,24,0.3618840699394544,0.36130285014708835,-0.0005812197923660278,-0.0006470855325460433,-0.0004926648611823718,-0.16060938865401558,-0.0838236030388882,-0.09332276967297144,-0.07105219797634318,-0.0015107538815507114,share,13,True,-0.2621484469101513,12,20.526867903844483
dec1_attn,Vag/Vg 850hPa,24,0.3618840699394544,0.361696794629097,-0.0001872753103574117,-0.00025473286708196,-0.00010205544531345367,-0.05175008405005065,-0.027008872513581347,-0.03673761116137129,-0.014718451175049697,-0.0004867812585826369,share,17,True,-0.242682394606828,12,19.69079898458199
dec1_mlp,Vag/Vg 850hPa,24,0.3618840699394544,0.3625825320680936,0.0006984621286392212,0.0005912358562151591,0.0008083405594031016,0.1930071497084905,0.10073230983827218,0.08526812122482946,0.11657899311344727,0.0018154997228541597,share,9,True,-0.10569072699042066,12,14.836353736145286
dec2_attn,Vag/Vg 850hPa,24,0.3618840699394544,0.3628411417206128,0.0009570717811584473,0.0008393481994668643,0.0010825494925181072,0.2644691658625846,0.1380290315595875,0.12105091947592861,0.15612544535242087,0.0024876990207470607,share,8,True,0.020109628324462347,12,11.526883124728641
dec2_mlp,Vag/Vg 850hPa,24,0.3618840699394544,0.3630613485972087,0.0011772786577542622,0.0010144089659055073,0.0013682179152965546,0.32531928193225773,0.16978729934854234,0.14629820868798477,0.19732458685833473,0.00306007869179546,share,6,True,0.21673050531236576,12,7.724992424545636
upsample,Vag/Vg 850hPa,24,0.3618840699394544,0.3912351404627164,0.029351070523262024,0.028391963864366213,0.030608734985192617,8.110627950042856,4.233015662272779,4.0946931603497765,4.414396213998032,0.07629169602118761,share,3,True,0.06830465529502158,12,10.46550165352616
decoder_io,Vag/Vg 850hPa,24,0.3618840699394544,0.43721560885508853,0.07533153891563416,0.07339005122582118,0.07832735031843185,20.816483833686746,10.864325505274655,10.584323868108655,11.296381861761127,0.19580787907565206,share,2,True,0.29871354035406944,12,6.47982580781968
decoder_heads,Vag/Vg 850hPa,24,0.3618840699394544,0.7166586369276047,0.3547745669881503,0.3447140194475651,0.36433465282122296,98.0354197540407,51.16563968072875,49.71470605033236,52.5443966508364,0.9221589856239533,share,1,True,0.39010029200305857,12,5.264941341331072
encoder_io,|Vag| 850hPa,24,3.8793204029401145,3.8604278564453125,-0.018892546494801838,-0.028106749057769775,-0.007015605767567952,-0.48700660250912214,-0.11858570192911883,-0.17642187975444693,-0.044035913032365745,-0.002378245280211788,share,8,True,0.110274577594339,12,9.61627446428741
enc0_attn,|Vag| 850hPa,24,3.8793204029401145,3.8849870562553406,0.005666653315226237,0.0034661824504534406,0.007287561396757762,0.14607335117077502,0.035568739299382625,0.02175671125194845,0.04574293803240595,0.0007133337745253825,share,14,True,-0.13047827211996219,12,15.601380426126767
enc0_mlp,|Vag| 850hPa,24,3.8793204029401145,3.9047769705454507,0.025456567605336506,0.021037055552005766,0.03162387361129125,0.6562120413163893,0.15978708529395422,0.1320464660411379,0.19849834700391167,0.003204542160287475,share,6,True,0.6135286738644127,12,2.8742321030588376
enc1_attn,|Vag| 850hPa,24,3.8793204029401145,3.7726515531539917,-0.10666884978612264,-0.11258944869041443,-0.10111220677693684,-2.7496787763464683,-0.6695444909631155,-0.7067072089217238,-0.6346662699781821,-0.013427765739217105,share,4,True,0.3538776753199271,12,5.726859994444252
enc1_mlp,|Vag| 850hPa,24,3.8793204029401145,3.902346670627594,0.023026267687479656,0.01094194253285726,0.03181090404589971,0.5935644725305026,0.1445324544935679,0.0686809444181584,0.19967230919986312,0.0028986093782386157,share,7,True,0.6126336033360689,12,2.882487844945681
enc2_attn,|Vag| 850hPa,24,3.8793204029401145,3.875517169634501,-0.0038032333056131997,-0.004375863571961721,-0.0034502690037091573,-0.09803864879865945,-0.02387232929507075,-0.02746664423294752,-0.02165682491567283,-0.00047876138143196036,share,15,True,0.1674645042038845,12,8.557370192908813
enc2_mlp,|Vag| 850hPa,24,3.8793204029401145,3.876167337099711,-0.003153065840403239,-0.0038380945722262063,-0.0024839381376902266,-0.08127881981631495,-0.019791324902433006,-0.02409114827601538,-0.015591309921484109,-0.0003969165276475172,share,16,True,-0.15427685800384391,12,16.378081204391453
downsample,|Vag| 850hPa,24,3.8793204029401145,3.8340152899424234,-0.045305112997690834,-0.05028781890869141,-0.04142592201630275,-1.167862107067886,-0.28437344998925534,-0.3156491532474132,-0.2600243456707039,-0.005703131189110254,share,5,True,-0.0060762203896974655,12,12.146720797252598
dec0_attn,|Vag| 850hPa,24,3.8793204029401145,3.8718491593996682,-0.007471243540445964,-0.008066788812478383,-0.006733217338720958,-0.19259155636599523,-0.04689588350469069,-0.050634032522027445,-0.04226340290194497,-0.0009405005139072859,share,13,True,-0.22842672929699193,12,19.105276596910542
dec0_mlp,|Vag| 850hPa,24,3.8793204029401145,3.865048428376516,-0.014271974563598633,-0.014922375977039336,-0.013259034355481467,-0.3678988348779334,-0.089583059753461,-0.09366553260431666,-0.08322498485737156,-0.0017965950833848754,share,10,True,-0.5895605435741333,12,46.473910400801984
dec1_attn,|Vag| 850hPa,24,3.8793204029401145,3.869718293348948,-0.009602109591166178,-0.010454365114370982,-0.008647558093070985,-0.2475204054784646,-0.060271012495963096,-0.0656204935450116,-0.05427943484070865,-0.0012087397440864061,share,12,True,-0.03887952535440696,12,12.97085498969299
dec1_mlp,|Vag| 850hPa,24,3.8793204029401145,3.877857824166616,-0.0014625787734985352,-0.003552490472793579,9.279747804005912e-05,-0.03770193285375591,-0.009180389236023562,-0.02229845386002595,0.0005824759554600119,-0.00018411340503874838,share,17,False,0.06456009739883886,12,10.54452337509356
dec2_attn,|Vag| 850hPa,24,3.8793204029401145,3.8905430237452188,0.011222620805104574,0.00978247324625651,0.012911999225616453,0.2892934751303093,0.07044272015018363,0.061403128309322264,0.08104669700822277,0.0014127341154719503,share,11,True,-0.06761789835387982,12,13.740519855140946
dec2_mlp,|Vag| 850hPa,24,3.8793204029401145,3.896333654721578,0.017013251781463623,0.014589019616444905,0.020070278147856394,0.4385626866130825,0.10678964877269483,0.09157310435360394,0.12597814819357783,0.002141674536116845,share,9,True,0.16014390614390375,12,8.687088793813006
upsample,|Vag| 850hPa,24,3.8793204029401145,4.258010387420654,0.37868998448054,0.3648536428809166,0.3950522447625796,9.761760956726674,2.3769806593043388,2.2901320028157146,2.479684131344303,0.04767052808376672,share,3,True,0.09964395721675175,12,9.825246110336545
decoder_io,|Vag| 850hPa,24,3.8793204029401145,4.836036165555318,0.9567157626152039,0.9342955028017361,0.9919501140713691,24.661942382746073,6.005162421465628,5.864433788184518,6.226323200431886,0.12043398954025945,share,2,True,0.12790509283523083,12,9.278386056109442
decoder_heads,|Vag| 850hPa,24,3.8793204029401145,11.342398881912231,7.463078478972117,7.041071772575378,7.9289910142620394,192.3810797714954,46.84463262930251,44.19575935482773,49.76909625574549,0.9394726736996063,share,1,True,0.3024577240080567,12,6.426701732893667
encoder_io,Vag/Vg 500hPa,24,0.24617122610410055,0.24772599339485168,0.0015547672907511394,0.000927019864320755,0.0022154185300072024,0.6315796185268466,0.537039979551381,0.32020658778975375,0.7652388425781826,0.003091294514242022,share,7,True,0.246889448874707,12,7.247897254772285
enc0_attn,Vag/Vg 500hPa,24,0.24617122610410055,0.24672763049602509,0.0005564043919245402,0.0004698807994524638,0.0006420364292959372,0.2260233256055883,0.19219043585428908,0.16230388716733607,0.2217690280156025,0.0011062812130717822,share,12,True,0.10314214925171294,12,9.756035716956115
enc0_mlp,Vag/Vg 500hPa,24,0.24617122610410055,0.248310516277949,0.00213929017384847,0.0019114857849975425,0.0023217954983313876,0.8690252746857628,0.7389429646818745,0.6602559064590892,0.8019830455424464,0.00425348283188713,share,6,True,0.4581749017485151,12,4.45893093566575
enc1_attn,Vag/Vg 500hPa,24,0.24617122610410055,0.24149711057543755,-0.004674115528662999,-0.004976000636816025,-0.0042567636507252855,-1.8987253720247612,-1.614509723008932,-1.7187853745960204,-1.470350114476702,-0.009293395724648119,share,4,True,0.47130402966909785,12,4.312060264932256
enc1_mlp,Vag/Vg 500hPa,24,0.24617122610410055,0.24686514462033907,0.0006939185162385305,0.00024171881377696994,0.0010401482383410137,0.2818844944717817,0.23968988027206606,0.08349330962915544,0.35928282770805625,0.001379696186908324,share,10,True,0.3891237111417511,12,5.277078929330114
enc2_attn,Vag/Vg 500hPa,24,0.24617122610410055,0.24591576059659323,-0.0002554655075073242,-0.0003121909064551194,-0.00019537654394904773,-0.10377553524443726,-0.08824162416070307,-0.10783542914501694,-0.06748599342897464,-0.0005079339696900339,share,15,True,-0.04614918220280476,12,13.161167293880547
enc2_mlp,Vag/Vg 500hPa,24,0.24617122610410055,0.2459847666323185,-0.00018645947178204855,-0.00023709917441010474,-0.0001220135328670343,-0.07574381244020731,-0.06440590274099145,-0.08189761679082884,-0.04214530726604549,-0.0003707314565190272,share,17,True,-0.04787879323222241,12,13.206874743893403
downsample,Vag/Vg 500hPa,24,0.24617122610410055,0.2485236612459024,0.002352435141801834,0.0018382564187049866,0.0028903539292514323,0.9556093045606555,0.8125664386976243,0.6349613832141893,0.9983716690563555,0.004677272214447526,share,5,True,0.13117926369790187,12,9.216796285269913
dec0_attn,Vag/Vg 500hPa,24,0.24617122610410055,0.24568939954042435,-0.0004818265636761983,-0.0005445454890529314,-0.00040210053945581125,-0.19572822189724323,-0.1664301335918673,-0.18809419264570335,-0.13889156709916456,-0.0009580004814667307,share,13,True,0.3035839984923067,12,6.4107813748541025
dec0_mlp,Vag/Vg 500hPa,24,0.24617122610410055,0.24597647661964098,-0.00019474948445955911,-0.00026957693820198376,-0.00011869010825951895,-0.07911139231893971,-0.0672693976609676,-0.09311592431917849,-0.04099734647868012,-0.0003872142259118695,share,16,True,0.002114591891657161,12,11.94935688412243
dec1_attn,Vag/Vg 500hPa,24,0.24617122610410055,0.2464277558028698,0.0002565296987692515,0.00010071387514472007,0.00047404542565345755,0.10420783242180001,0.08860921180995704,0.0347880855032203,0.16374241162249123,0.0005100498674386357,share,14,True,0.5809869775839368,12,3.180390692829604
dec1_mlp,Vag/Vg 500hPa,24,0.24617122610410055,0.24685334165891012,0.0006821155548095703,0.0005840113696952661,0.000812218120942513,0.27708987992005135,0.23561296007818147,0.2017263007169357,0.2805523409561147,0.0013562287328821158,share,11,True,-0.10326111524416462,12,14.763643696051762
dec2_attn,Vag/Vg 500hPa,24,0.24617122610410055,0.24703329429030418,0.0008620681862036387,0.0007635873121519883,0.0009604841781159242,0.3501904750797676,0.29777130239666316,0.26375452901744634,0.33176566451021666,0.0017140228449406135,share,9,True,0.1872320982285196,12,8.215086869543562
dec2_mlp,Vag/Vg 500hPa,24,0.24617122610410055,0.2471041257182757,0.0009328996141751608,0.0008247792720794678,0.001087202380100886,0.3789637111287155,0.32223754172116287,0.2848911512654523,0.37553603516801076,0.0018548547276453949,share,8,True,0.5330776604098315,12,3.6547842420351855
upsample,Vag/Vg 500hPa,24,0.24617122610410055,0.2680746143062909,0.0219033882021904,0.02039209973687927,0.024250562737385434,8.89762323112772,7.565759340439528,7.043737600379114,8.376508686584879,0.04354981237097715,share,3,True,0.6671844295840252,12,2.3955279176810547
decoder_io,Vag/Vg 500hPa,24,0.24617122610410055,0.371850165228049,0.12567893912394842,0.12233239474395911,0.13054406891266507,51.05346433575526,43.411393652716036,42.25544694860898,45.091882570761726,0.24988345032774742,share,2,True,0.39402833371929186,12,5.216292825245225
decoder_heads,Vag/Vg 500hPa,24,0.24617122610410055,0.7315160830815634,0.48534485697746277,0.478430824012806,0.49364910908043386,197.15742764031276,167.64540495357315,165.25719409781033,170.51381838502277,0.9649957924990581,share,1,True,0.29886695661232404,12,6.477643054833164
encoder_io,|Vag| 500hPa,24,4.240131199359894,4.225719094276428,-0.014412105083465576,-0.025478584567705787,-0.004227617879708621,-0.33989762122552436,-0.12630362163593487,-0.2232871247067581,-0.03704964999961217,-0.0008106159997186454,share,10,True,0.023855174391695842,12,11.4408152639939
enc0_attn,|Vag| 500hPa,24,4.240131199359894,4.24936580657959,0.009234607219696045,0.008062888681888581,0.009900812804698943,0.21779060093919111,0.08092949152661148,0.07066088093808404,0.08676792926021418,0.0005194050640104611,share,12,True,-0.47826236945757283,12,34.000132240889506
enc0_mlp,|Vag| 500hPa,24,4.240131199359894,4.276962558428447,0.03683135906855265,0.03229524145523707,0.040227703750133514,0.8686372505198153,0.322779636506308,0.2830263819046879,0.35254424279548563,0.0020715980614520973,share,5,True,0.4892261992162521,12,4.115751933877262
enc1_attn,|Vag| 500hPa,24,4.240131199359894,4.127446889877319,-0.11268430948257446,-0.12029390384753545,-0.10224806368350983,-2.6575665748169706,-0.9875334870769135,-1.0542218245480042,-0.8960731741614243,-0.006337984885262685,share,4,True,0.5542639322252222,12,3.44139286925321
enc1_mlp,|Vag| 500hPa,24,4.240131199359894,4.276061952114105,0.035930752754211426,0.025149036943912507,0.044593920310338334,0.8473971927952528,0.31488697693224005,0.22039906233519238,0.3908085325163079,0.002020943012545315,share,6,True,0.5410051951135944,12,3.5742498961730322
enc2_attn,|Vag| 500hPa,24,4.240131199359894,4.235109249750773,-0.0050219496091206866,-0.006180927157402039,-0.0038268829385439567,-0.11843854288939971,-0.04401094910366743,-0.05416790125568932,-0.03353772206874882,-0.00028246204696386604,share,14,True,0.019481631364217433,12,11.541375598778023
enc2_mlp,|Vag| 500hPa,24,4.240131199359894,4.236531535784404,-0.003599663575490316,-0.004637599488099416,-0.0023067911465962736,-0.08489509890716908,-0.03154643569571162,-0.040642613112494994,-0.020216066597174696,-0.0002024648634601281,share,16,True,0.04495183035434139,12,10.967565875129038
downsample,|Vag| 500hPa,24,4.240131199359894,4.267061869303386,0.02693066994349162,0.015942918260892232,0.039292889833450306,0.6351376567677239,0.23601279113953616,0.1397192363041084,0.34435179744839894,0.001514728890256393,share,7,True,0.2532192864130965,12,7.150678783991298
dec0_attn,|Vag| 500hPa,24,4.240131199359894,4.228873193264008,-0.01125800609588623,-0.012873385349909465,-0.009392837683359781,-0.26551079592975285,-0.09866198824356212,-0.1128187161411933,-0.0823161786551137,-0.0006332121375332753,share,11,True,0.463474896043319,12,4.399324692816321
dec0_mlp,|Vag| 500hPa,24,4.240131199359894,4.2331550518671675,-0.006976147492726644,-0.008273914456367493,-0.00552564561367035,-0.16452668949913127,-0.06113698785118397,-0.07251025127092965,-0.048425198736856676,-0.00039237687633079054,share,13,True,-0.1292196427428335,12,15.56148528154283
dec1_attn,|Vag| 500hPa,24,4.240131199359894,4.239652911822001,-0.0004782875378926595,-0.0031444112459818522,0.0032914146780967705,-0.011280017419387013,-0.004191577002063538,-0.027556732759040525,0.028845029351488197,-2.6901519829093445e-05,share,17,False,0.5003507683978721,12,3.9962593451583683
dec1_mlp,|Vag| 500hPa,24,4.240131199359894,4.244854827721913,0.0047236283620198565,0.003137876590092977,0.006607333819071452,0.11140288212621707,0.041396545884875256,0.027499464879009842,0.05790480890010577,0.0002656828204348153,share,15,True,-0.2762571496180958,12,21.160949344557526
dec2_attn,|Vag| 500hPa,24,4.240131199359894,4.25552099943161,0.015389800071716309,0.014010989665985107,0.016453727086385088,0.3629557517946523,0.13487186459254785,0.122788359318016,0.1441958206926974,0.0008656069393302376,share,9,True,-0.038376979765100586,12,12.95780518454875
dec2_mlp,|Vag| 500hPa,24,4.240131199359894,4.262003779411316,0.02187258005142212,0.020192239681879682,0.023780845602353412,0.5158467750885654,0.19168511879544362,0.17695909001441834,0.20840861954220324,0.0012302341151502465,share,8,True,0.39147287489029087,12,5.247910780792082
upsample,|Vag| 500hPa,24,4.240131199359894,4.6591960191726685,0.41906481981277466,0.39924157708883284,0.45092652142047884,9.883298419540374,3.6725658143644586,3.498840509552846,3.951792775396916,0.02357050867254438,share,3,True,0.5068059497653643,12,3.9277311081345374
decoder_io,|Vag| 500hPa,24,4.240131199359894,6.787930011749268,2.547798812389374,2.5030112887422242,2.6045477658510205,60.08773532229378,22.32818976415148,21.935684546629172,22.825521576870376,0.14330220806927152,share,2,True,0.23038031832383046,12,7.506163779257815
decoder_heads,|Vag| 500hPa,24,4.240131199359894,21.623354117075603,17.38322291771571,16.81568352331718,17.873869854211808,409.9689868167274,152.34165984059874,147.36790475635098,156.64155112401227,0.9777279961649986,share,1,True,0.1965884484922822,12,8.057021301049938
encoder_io,Vag/Vg 250hPa,24,0.27963046977917355,0.2775992900133133,-0.0020311797658602395,-0.003333074351151784,-0.000912465900182724,-0.726379985508832,-0.3937188518080534,-0.6460748716500598,-0.17687012866721488,-0.0043939121466959495,share,7,True,0.3015190509169107,12,6.439991318676567
enc0_attn,Vag/Vg 250hPa,24,0.27963046977917355,0.27996088812748593,0.00033041834831237793,0.0002488940954208374,0.00044793710112571715,0.11816249801865726,0.06404747373936483,0.04824501460578203,0.0868270175302545,0.0007147713947052322,share,12,True,-0.09198491568825932,12,14.431278967343998
enc0_mlp,Vag/Vg 250hPa,24,0.27963046977917355,0.2817878449956576,0.00215737521648407,0.001957933480540911,0.002383934954802195,0.7715093488158735,0.41818026519849827,0.37952097339283714,0.46209604337619553,0.004666902126545901,share,6,True,0.3065489480452308,12,6.369001816508413
enc1_attn,Vag/Vg 250hPa,24,0.27963046977917355,0.27439605941375095,-0.0052344103654225664,-0.005485399191578229,-0.005023745633661748,-1.8719027184541879,-1.0146251324503153,-1.063276184470227,-0.973790402950047,-0.011323241631289437,share,4,True,-0.21347050060093362,12,18.51379511936522
enc1_mlp,Vag/Vg 250hPa,24,0.27963046977917355,0.2832513352235158,0.003620865444342295,0.0029847671588261924,0.004199269724388917,1.2948751426129355,0.7018595839025298,0.5785598687222714,0.8139760360494291,0.00783277035585729,share,5,True,0.43909308907237216,12,4.677169935872743
enc2_attn,Vag/Vg 250hPa,24,0.27963046977917355,0.27938808997472125,-0.00024237980445226034,-0.0003354833150903384,-0.0001276894782980283,-0.08667861003976772,-0.046982300589228455,-0.06502925434676467,-0.024751012012064453,-0.0005243236392941969,share,14,True,0.5081248514756567,12,3.91380181588858
enc2_mlp,Vag/Vg 250hPa,24,0.27963046977917355,0.27949898441632587,-0.0001314853628476461,-0.00024648774415254594,1.1482089757918806e-05,-0.04702111431257157,-0.025486796865572234,-0.0477785734397549,0.0022256598218573734,-0.00028443328485222265,share,16,False,0.6174175142712499,12,2.838469219132659
downsample,Vag/Vg 250hPa,24,0.27963046977917355,0.2795843506852786,-4.6119093894958496e-05,-0.0007272350912292798,0.0006184715777635563,-0.016492871442578886,-0.008939610860617576,-0.14096544772936576,0.11988299783493289,-9.976627882261629e-05,share,17,False,0.21073587884273795,12,7.822655311858773
dec0_attn,Vag/Vg 250hPa,24,0.27963046977917355,0.2791944369673729,-0.00043603281180063885,-0.0005300922319293022,-0.0003150889029105505,-0.15593179532437132,-0.08451951959066387,-0.10275176447476182,-0.061076052034646534,-0.0009432399339195876,share,10,True,0.4702316232582222,12,4.323958497650129
dec0_mlp,Vag/Vg 250hPa,24,0.27963046977917355,0.2793552453319232,-0.0002752244472503662,-0.00032704689850409827,-0.0001928036411603292,-0.09842434104828175,-0.05334882474817662,-0.06339396026421353,-0.03737257996458397,-0.0005953742067378749,share,13,True,0.352167208994724,12,5.749284142042558
dec1_attn,Vag/Vg 250hPa,24,0.27963046977917355,0.27948959171772003,-0.00014087806145350137,-0.0003805305808782578,0.00016683073093493768,-0.050380082529902386,-0.027307454284789014,-0.07376110470349583,0.03233805541686434,-0.0003047518667858324,share,15,False,0.616103570966172,12,2.850533363806523
dec1_mlp,Vag/Vg 250hPa,24,0.27963046977917355,0.27917630473772687,-0.0004541650414466858,-0.0005841671799619992,-0.00032810065895319,-0.16241614935788062,-0.08803422604695729,-0.1132335183839225,-0.06359821857806168,-0.0009824641451034284,share,9,True,0.336536381218696,12,5.956862482198983
dec2_attn,Vag/Vg 250hPa,24,0.27963046977917355,0.28047527372837067,0.0008448039491971334,0.0007090531289577484,0.0009741783142089844,0.30211441187517296,0.16375470377922763,0.13744110122420408,0.188832310056134,0.0018275065537500068,share,8,True,0.11058863361613727,12,9.610161740855109
dec2_mlp,Vag/Vg 250hPa,24,0.27963046977917355,0.27998099972804386,0.000350529948870341,0.0002830057715376218,0.0004091509928305943,0.1253547044237194,0.06794585654761907,0.0548571373630509,0.07930881442448896,0.0007582774434885142,share,11,True,0.06256419328309176,12,10.586870658463683
upsample,Vag/Vg 250hPa,24,0.27963046977917355,0.2973496889074643,0.017719219128290813,0.016438262288769087,0.019657327731450396,6.336655351716079,3.4346495211226835,3.186352022029307,3.81032768941722,0.038330773802677465,share,3,True,0.6305410778135304,12,2.7190404011058305
decoder_io,Vag/Vg 250hPa,24,0.27963046977917355,0.3677266389131546,0.08809616913398106,0.08397614459196727,0.09230143117407957,31.504495630805653,17.076343090405565,16.27772774410919,17.891480662080994,0.1905724122213487,share,2,True,0.6425848958543544,12,2.611116941701164
decoder_heads,Vag/Vg 250hPa,24,0.27963046977917355,0.7365070730447769,0.45687660326560336,0.4473569474493464,0.47093732754389445,163.3858440485411,88.55982846969442,86.71456197945977,91.28532441618137,0.9883298811711627,share,1,True,0.5626668231497473,12,3.358360236781022
encoder_io,|Vag| 250hPa,24,7.755388657251994,7.750609040260315,-0.004779616991678874,-0.03956363101800283,0.02149587670962015,-0.06162962557923512,-0.022424140601000557,-0.18561747231595097,0.10085045779138471,-0.0001734338776069132,share,15,False,0.2918145823500153,12,6.578517635510972
enc0_attn,|Vag| 250hPa,24,7.755388657251994,7.758858482042949,0.00346982479095459,0.0018376320600509645,0.006188171108563737,0.044740824016730456,0.01627909497950641,0.00862146899201954,0.029032539478177046,0.0001259065672332189,share,17,True,-0.3096456314163803,12,22.764754294580783
enc0_mlp,|Vag| 250hPa,24,7.755388657251994,7.806685566902161,0.05129690965016683,0.045759359995524086,0.05645747979482015,0.6614357051235538,0.2406655421124269,0.21468547043368896,0.26487696966122387,0.0018613671274013356,share,6,True,0.3060787583291269,12,6.375614676333393
enc1_attn,|Vag| 250hPa,24,7.755388657251994,7.576071103413899,-0.17931755383809408,-0.18895015915234883,-0.17204650739828745,-2.3121672138302944,-0.8412895942276097,-0.8864821057399017,-0.8071766165629795,-0.00650674284974518,share,4,True,0.033276836835837736,12,11.227076369479295
enc1_mlp,|Vag| 250hPa,24,7.755388657251994,7.86751921971639,0.11213056246439616,0.09400742451349894,0.13018270234266915,1.44584065892744,0.5260738470777934,0.44104699361866323,0.6107676046495968,0.004068785904875077,share,5,True,0.4198386193411084,12,4.9033294862323595
enc2_attn,|Vag| 250hPa,24,7.755388657251994,7.747547030448914,-0.00784162680308024,-0.010833820700645445,-0.0040447821219762176,-0.10111197709927285,-0.03678992318400813,-0.05082815611800094,-0.01897657556275211,-0.0002845424111539108,share,14,True,0.5757935061242712,12,3.230421947244208
enc2_mlp,|Vag| 250hPa,24,7.755388657251994,7.751099864641826,-0.004288792610168457,-0.007883183161417643,-0.00010081628958384736,-0.055300808247154006,-0.020121379739502596,-0.036984889773139816,-0.00047299159251362684,-0.00015562375268318672,share,16,True,0.600484568702525,12,2.995458543818534
downsample,|Vag| 250hPa,24,7.755388657251994,7.745908459027608,-0.00948019822438558,-0.029534335931142172,0.007971674203872663,-0.12224014351003198,-0.04447747555485738,-0.13856384363645077,0.03740005600537038,-0.00034399985216385136,share,12,False,0.14625311963169316,12,8.937783800938774
dec0_attn,|Vag| 250hPa,24,7.755388657251994,7.740584214528401,-0.014804442723592123,-0.018255041042963664,-0.010447054107983909,-0.1908923379326531,-0.06945680077111789,-0.08564569247643099,-0.04901359472768214,-0.0005371961627536495,share,9,True,0.5457057081798115,12,3.5268883804937645
dec0_mlp,|Vag| 250hPa,24,7.755388657251994,7.745688080787659,-0.009700576464335123,-0.01161352793375651,-0.006892632444699614,-0.12508175789828666,-0.045511406233117384,-0.0544862451768814,-0.032337603477443404,-0.0003519965290442745,share,10,True,0.43962836176004727,12,4.670969145577478
dec1_attn,|Vag| 250hPa,24,7.755388657251994,7.746831774711609,-0.008556882540384928,-0.015371472636858622,-7.208188374837239e-05,-0.11033467075029778,-0.0401456303979786,-0.07211708893274207,-0.00033818071589680174,-0.00031049628490934124,share,13,True,0.5955036253269335,12,3.0422723076434113
dec1_mlp,|Vag| 250hPa,24,7.755388657251994,7.7349900007247925,-0.020398656527201336,-0.024611170093218487,-0.016670681039492295,-0.2630255868366666,-0.0957027190324737,-0.11546622657971974,-0.07821247940887842,-0.0007401886188042474,share,8,True,0.2967811304730239,12,6.507363683835817
dec2_attn,|Vag| 250hPa,24,7.755388657251994,7.782459855079651,0.027071197827657063,0.022902756929397583,0.031024191776911417,0.3490630711633392,0.1270077387752471,0.10745100338153968,0.14555367922765305,0.0009823094233049072,share,7,True,0.21347337893804363,12,7.777936967190254
dec2_mlp,|Vag| 250hPa,24,7.755388657251994,7.764929970105489,0.00954131285349528,0.007332925995190938,0.011514298121134437,0.1230281714453251,0.04476420209347329,0.034403292945683235,0.05402069672939655,0.0003462174664880653,share,11,True,0.05129435025104448,12,10.829001215757419
upsample,|Vag| 250hPa,24,7.755388657251994,8.310534278551737,0.5551456212997437,0.5249127457539241,0.601486603418986,7.158192140127394,2.6045315948386443,2.4626904696622365,2.821945814521827,0.020144094789631698,share,3,True,0.5332541805331853,12,3.6529819417508844
decoder_io,|Vag| 250hPa,24,7.755388657251994,10.61453382174174,2.859145164489746,2.6520736227432886,3.0529949118693667,36.86656195903458,13.414019005876135,12.44251828214189,14.32348811151302,0.10374735745182244,share,2,True,0.767394582857923,12,1.5793106037427005
decoder_heads,|Vag| 250hPa,24,7.755388657251994,35.02366177241007,27.26827311515808,25.909848387042683,28.917025275031722,351.60421121718724,127.93234088533231,121.55912998743653,135.66765739993514,0.9894605258621422,share,1,True,0.5461446721723707,12,3.522480161108998
encoder_io,div/vort 850hPa,24,0.4148590738574664,0.4036041746536891,-0.011254899203777313,-0.011842543072998524,-0.010268312506377698,-2.712945169338196,-1.5185313777223093,-1.5978173524948835,-1.3854193142804676,-0.05489089401315517,share,4,True,-0.46326018012958486,12,32.7144018600936
enc0_attn,div/vort 850hPa,24,0.4148590738574664,0.41522890081008273,0.0003698269526163737,0.00019899799178044002,0.0005123418445388476,0.08914520036349394,0.04989772202374819,0.026849169339598054,0.06912608926708598,0.0018036707119029993,share,10,True,-0.15864970181924115,12,16.525573773367523
enc0_mlp,div/vort 850hPa,24,0.4148590738574664,0.41460740317900974,-0.00025167067845662433,-0.0007178721328576406,0.00028537288308143604,-0.06066413736995689,-0.03395586359056722,-0.0968566078824507,0.03850302605684843,-0.0012274146829093849,share,12,False,0.6442902810287808,12,2.595962937264309
enc1_attn,div/vort 850hPa,24,0.4148590738574664,0.41236188262701035,-0.002497191230456034,-0.0032211927076180777,-0.0018938057745496433,-0.6019372331034025,-0.3369255620119456,-0.4346091521252079,-0.2555157038634493,-0.012178968170193734,share,5,True,0.5709229782885377,12,3.277642718134475
enc1_mlp,div/vort 850hPa,24,0.4148590738574664,0.41584931562344235,0.0009902417659759521,0.0002278294414281845,0.0016189879427353537,0.2386935295324336,0.13360521191171276,0.03073916072580497,0.21843678443362866,0.004829475132513239,share,8,True,0.07644013990333953,12,10.29571260892883
enc2_attn,div/vort 850hPa,24,0.4148590738574664,0.4147397155563037,-0.00011935830116271973,-0.00016469551871220272,-8.465722203254704e-05,-0.02877080644588427,-0.016104038092708026,-0.022221017568135645,-0.011422105669687582,-0.0005821183948510405,share,17,True,-0.1535937995851754,12,16.35517980402031
enc2_mlp,div/vort 850hPa,24,0.4148590738574664,0.4146735618511836,-0.0001855120062828064,-0.00029062498360872264,-9.075620522101731e-05,-0.044716873264423994,-0.025029615759696453,-0.039211648968989654,-0.012244991523768324,-0.000904754426554061,share,14,True,0.08368220050934577,12,10.146714220017328
downsample,div/vort 850hPa,24,0.4148590738574664,0.4139735971887906,-0.0008854766686757406,-0.0013873349875211717,-0.0003588448589046799,-0.21344035227248395,-0.11947011530532918,-0.187181748305293,-0.048415998056935854,-0.00431852876612963,share,9,True,0.003109381224205931,12,11.925606169399124
dec0_attn,div/vort 850hPa,24,0.4148590738574664,0.41455696523189545,-0.00030210862557093304,-0.0003731332098444303,-0.00020376288642485937,-0.07282198814210554,-0.04076104273382164,-0.050343808234981434,-0.027492057551929922,-0.0014734039147244033,share,11,True,0.21181590241137171,12,7.804988490613807
dec0_mlp,div/vort 850hPa,24,0.4148590738574664,0.41471218566099805,-0.00014688819646835327,-0.00021606447796026864,-6.242077797651303e-05,-0.03540676960553111,-0.01981842141059543,-0.02915181055408677,-0.00842192437826191,-0.000716383530242713,share,16,True,-0.05931313200259405,12,13.513272074364902
dec1_attn,div/vort 850hPa,24,0.4148590738574664,0.4150581533710162,0.0001990795135498047,-0.00011495004097620647,0.0004674400513370831,0.04798726268626889,0.02686016840431701,-0.015509267647128403,0.06306785803299426,0.0009709240643208366,share,13,False,0.15512030970532548,12,8.777056552769354
dec1_mlp,div/vort 850hPa,24,0.4148590738574664,0.41689563045899075,0.002036556601524353,0.0015462510287761687,0.0024908078213532765,0.4909032319307677,0.2747759038911984,0.20862298831107962,0.3360643008985522,0.00993242236487972,share,6,True,0.40363908100902707,12,5.098412494148594
dec2_attn,div/vort 850hPa,24,0.4148590738574664,0.41658706466356915,0.0017279908061027527,0.0015256842598319054,0.0018492845818400383,0.4165247706975406,0.2331436481103305,0.20584808260870363,0.2495088239368421,0.008427526402160879,share,7,True,0.10925348229952613,12,9.636172780135931
dec2_mlp,div/vort 850hPa,24,0.4148590738574664,0.4150412380695343,0.00018216421206792197,9.959203501542409e-05,0.0003048853948712348,0.043909901831027165,0.02457792530299711,0.013437137677020167,0.041135689475197086,0.0008884270109015599,share,15,True,-0.24434471144503425,12,19.76051350860659
upsample,div/vort 850hPa,24,0.4148590738574664,0.4388723125060399,0.02401323864857356,0.023356273646155994,0.024699244772394498,5.788288158986687,3.2399096347619762,3.1512707271916915,3.3324668230113508,0.11711416634713846,share,3,True,-0.27522004575311654,12,21.113498599638177
decoder_io,div/vort 850hPa,24,0.4148590738574664,0.4976066400607427,0.08274756620327632,0.0768913318713506,0.09021148762355248,19.94594584466194,11.164451447744424,10.37431770888879,12.171497239299722,0.4035653988608079,share,2,True,0.6718182068155154,12,2.3556278440795757
decoder_heads,div/vort 850hPa,24,0.4148590738574664,0.5157288163900375,0.10086974253257115,0.09249743670225144,0.10930867244799931,24.314218704356236,13.609528288540554,12.479921627739802,14.748123991527951,0.4919484613981589,share,1,True,0.2733693344142711,12,6.847634658203548
encoder_io,div/vort 500hPa,24,0.26162326087554294,0.2758326654632886,0.014209404587745667,0.012514969644447168,0.015636216724912326,5.4312466484030395,3.1582419148501994,2.78162969110317,3.475371170223992,0.0643044890095583,share,4,True,-0.11779254126216016,12,15.204485478207605
enc0_attn,div/vort 500hPa,24,0.26162326087554294,0.26149947941303253,-0.00012378146251042685,-0.00030179210007190703,5.981593082348485e-05,-0.04731286587292827,-0.02751218749299546,-0.06707757908728658,0.013294939892515303,-0.0005601715150297941,share,13,False,0.03378818075108696,12,11.215587532218715
enc0_mlp,div/vort 500hPa,24,0.26162326087554294,0.2630846748749415,0.0014614139993985493,0.0012622101853291194,0.0016931270559628804,0.5585948262046011,0.32482001053230725,0.280544134558259,0.37632152721729506,0.00661361142069134,share,8,True,0.3518825886053189,12,5.753021011062656
enc1_attn,div/vort 500hPa,24,0.26162326087554294,0.2543000901738803,-0.0073231707016627,-0.007873261968294779,-0.006889663636684419,-2.7991282874294625,-1.6276786628723485,-1.749944257080902,-1.5313255627446458,-0.03314092064816765,share,5,True,-0.1823541793783644,12,17.35256243559516
enc1_mlp,div/vort 500hPa,24,0.26162326087554294,0.26183082163333893,0.00020756075779596964,-0.0006318998212615649,0.0008244365453720093,0.07933574296924177,0.046133325369216015,-0.14044870699337597,0.18324272756465076,0.0009393137049540547,share,12,False,-0.0388277869021892,12,12.969510846187676
enc2_attn,div/vort 500hPa,24,0.26162326087554294,0.26152529815832776,-9.796271721522014e-05,-0.00013879630714654925,-5.202653507391613e-05,-0.037444192419045674,-0.021773604776413113,-0.030849449894240714,-0.011563636093279418,-0.00044332909472824034,share,14,True,0.024183661299624817,12,11.433297080277091
enc2_mlp,div/vort 500hPa,24,0.26162326087554294,0.26153551042079926,-8.77504547437032e-05,-0.00016993551204601924,-1.7247038582960797e-05,-0.0335407694445973,-0.01950378444834591,-0.037770580297792504,-0.0038333991986350454,-0.0003971136241357058,share,15,True,-0.149593592170919,12,16.22180051684611
downsample,div/vort 500hPa,24,0.26162326087554294,0.25916140029827756,-0.0024618605772654214,-0.0031003973757227263,-0.001842766565581163,-0.9409945312303692,-0.5471834668105889,-0.6891073362175658,-0.4095810328127415,-0.01114112033732618,share,7,True,0.20439294624114265,12,7.927051279155148
dec0_attn,div/vort 500hPa,24,0.26162326087554294,0.26162420213222504,9.412566820780436e-07,-0.0001181991770863533,0.00010858469953139615,0.00035977560975581973,0.0002092076615606685,-0.0262714453001684,0.024134491157160955,4.25964575743448e-06,share,17,False,0.24953858249228805,12,7.207089990074897
dec0_mlp,div/vort 500hPa,24,0.26162326087554294,0.26157361020644504,-4.965066909790039e-05,-0.00013261518130699794,4.452721526225379e-05,-0.018977926095615695,-0.011035566147548508,-0.029475606916733402,0.009896805789743378,-0.00022469350391195287,share,16,False,-0.08636854264282579,12,14.2687977813547
dec1_attn,div/vort 500hPa,24,0.26162326087554294,0.2606017043193181,-0.001021556556224823,-0.0011100914950172107,-0.0008268453180789947,-0.39046855115485646,-0.22705544868795371,-0.24673359585422966,-0.18377811149854967,-0.004623041868978357,share,11,True,-0.32201902268871097,12,23.399223286733324
dec1_mlp,div/vort 500hPa,24,0.26162326087554294,0.2629717340071996,0.0013484731316566467,0.0009978362669547398,0.001800723870595296,0.5154255501379635,0.2997172991414551,0.22178327761684807,0.40023644692966104,0.006102498886482659,share,9,True,0.39353704218691626,12,5.222362429875661
dec2_attn,div/vort 500hPa,24,0.26162326087554294,0.2645127202073733,0.0028894593318303428,0.0027545633415381114,0.003074005370338758,1.1044351798691519,0.6422233610626907,0.6122408119660475,0.6832413383071055,0.01307621334165474,share,6,True,-0.07338464967116053,12,13.90071488831134
dec2_mlp,div/vort 500hPa,24,0.26162326087554294,0.26059703528881073,-0.0010262255867322285,-0.0012113588551680248,-0.0008801870048046113,-0.39225319006340775,-0.22809320700915173,-0.26924170444242157,-0.19563405871895168,-0.004644171510202569,share,10,True,-0.008726333785002684,12,12.211275672882287
upsample,div/vort 500hPa,24,0.26162326087554294,0.2875097518165906,0.02588649094104767,0.025442451238632202,0.026629342511296273,9.894567805024858,5.753640148223646,5.65494601988307,5.918749456723083,0.11714900240438036,share,3,True,0.19655462682931304,12,8.057588230297796
decoder_io,div/vort 500hPa,24,0.26162326087554294,0.3322252134482066,0.07060195257266362,0.06711290031671524,0.07474883689234654,26.986114436609576,15.692286366281007,14.916794964808636,16.613990283822528,0.3195082844764351,share,2,True,0.5312325351554777,12,3.673648155316329
decoder_heads,div/vort 500hPa,24,0.26162326087554294,0.43457890053590137,0.17295563966035843,0.16756992433220147,0.17932937343915303,66.1086629229942,38.44184653987196,37.24479484176593,39.85849936652493,0.7827086603806199,share,1,True,-0.07516469686146825,12,13.950566461458948
encoder_io,div/vort 250hPa,24,0.26181501025954884,0.2664068800707658,0.0045918698112169904,0.0029973062376181287,0.0061380118131637565,1.7538604095559174,0.8465248691685995,0.5525623275424375,1.131560749915222,0.021432357627382624,share,6,True,0.24298879707266063,12,7.308299524920856
enc0_attn,div/vort 250hPa,24,0.26181501025954884,0.2615968609849612,-0.00021814927458763123,-0.0003797287742296855,4.297920192281405e-05,-0.08332191281598797,-0.04021646817564637,-0.07000412993833177,0.007923343818634602,-0.00101820248860171,share,13,False,-0.33928352926443245,12,24.324204198029296
enc0_mlp,div/vort 250hPa,24,0.26181501025954884,0.2623174600303173,0.0005024497707684835,0.00018015035117665925,0.000944819301366806,0.1919102232795525,0.09262811097661669,0.03321125352638884,0.17418025082586724,0.0023451629988726786,share,12,True,0.5573608863939002,12,3.4106862511312146
enc1_attn,div/vort 250hPa,24,0.26181501025954884,0.2566840561727683,-0.005130954086780548,-0.0056941161553064985,-0.004571870838602384,-1.9597631479165405,-0.9459066601609148,-1.0497272639626807,-0.8428379990324448,-0.02394851062391423,share,5,True,0.008528512303813733,12,11.797046595317408
enc1_mlp,div/vort 250hPa,24,0.26181501025954884,0.26195380588372547,0.00013879562417666116,-0.00043168396999438606,0.0005098596836129823,0.05301285974362849,0.025587386495651232,-0.07958222494222424,0.09399415046796228,0.0006478226902695227,share,14,False,-0.4905944755357796,12,35.113741110763534
enc2_attn,div/vort 250hPa,24,0.26181501025954884,0.26176801572243374,-4.6994537115097046e-05,-9.567939365903536e-05,2.3665868987639734e-05,-0.01794951980350908,-0.008663582814525162,-0.01763878104764464,0.004362873398454075,-0.00021934500919944965,share,16,False,0.3447394785704832,12,5.847323130211845
enc2_mlp,div/vort 250hPa,24,0.26181501025954884,0.2617208796242873,-9.413063526153564e-05,-0.00016788697491089503,-8.785072714090423e-06,-0.03595310871145996,-0.017353262826589125,-0.03095046360512798,-0.0016195543069983177,-0.00043935074850984495,share,15,True,0.1544449558678813,12,8.789211194532383
downsample,div/vort 250hPa,24,0.26181501025954884,0.25607701515158016,-0.005737995107968648,-0.006634227062265079,-0.005224727063129347,-2.191621902151568,-1.0578164795085667,-1.2230395082630403,-0.9631939875022314,-0.026781848848968733,share,4,True,0.33460110076261435,12,5.9829013974932135
dec0_attn,div/vort 250hPa,24,0.26181501025954884,0.26185274372498196,3.773346543312073e-05,-3.83636603752772e-05,9.631362433234849e-05,0.014412262076079546,0.006956276680802645,-0.007072454994407388,0.017755703360302025,0.0001761193498360068,share,17,False,0.079424349743847,12,10.234073194379324
dec0_mlp,div/vort 250hPa,24,0.26181501025954884,0.2611357967058818,-0.0006792135536670685,-0.0008472763001918793,-0.0005225012389322122,-0.2594249859829404,-0.12521504055951646,-0.1561979081849218,-0.09632465882352528,-0.0031702004599516178,share,11,True,0.08028540025574225,12,10.216351340412764
dec1_attn,div/vort 250hPa,24,0.26181501025954884,0.25889046241839725,-0.0029245478411515555,-0.0032230479021867118,-0.002520635506759087,-1.1170283316652936,-0.5391491005604079,-0.5941784754127482,-0.4646866593143771,-0.013650203034248866,share,7,True,0.5220739268335376,12,3.767959477453668
dec1_mlp,div/vort 250hPa,24,0.26181501025954884,0.26022500296433765,-0.0015900072952111561,-0.0020377924665808678,-0.0010183528065681458,-0.6073018096383822,-0.29312257814186926,-0.37567310748906796,-0.18773637141056101,-0.007421291626750454,share,10,True,0.36347632033833566,12,5.6020658679606505
dec2_attn,div/vort 250hPa,24,0.26181501025954884,0.2645836758116881,0.0027686655521392822,0.0026034717758496606,0.002952337823808193,1.0574892361574615,0.5104117365372665,0.4799577721153142,0.544272266590756,0.01292262906041257,share,8,True,0.11708952822443475,12,9.484401557453463
dec2_mlp,div/vort 250hPa,24,0.26181501025954884,0.26007117331027985,-0.001743836949268977,-0.0019243293752272924,-0.0016022103528181711,-0.6660569031318082,-0.3214815328006981,-0.3547558488314027,-0.29537224813882795,-0.008139285013978035,share,9,True,-0.26837051011836494,12,20.803489104687102
upsample,div/vort 250hPa,24,0.26181501025954884,0.27593235423167545,0.014117343972126642,0.013555551382402579,0.014981077301005521,5.392106418242213,2.6025743869783873,2.499006250670531,2.761806197392448,0.06589210434936144,share,3,True,0.5462486292310885,12,3.521436557026803
decoder_io,div/vort 250hPa,24,0.26181501025954884,0.4310068115592003,0.16919180129965147,0.16172138104836145,0.17784380813439687,64.62265136438288,31.191012234214014,29.81381802230283,32.786035450233186,0.7896955580528836,share,2,True,0.5689045605131406,12,3.2972976202901307
decoder_heads,div/vort 250hPa,24,0.26181501025954884,0.4524088005224864,0.19059379026293755,0.18262333472569783,0.2005282292763392,72.79712117116335,35.13653261086683,33.66715540544302,36.96797601667507,0.8895884339959135,share,1,True,0.22472229890806036,12,7.596279108658308
encoder_io,Hyps 600-500,24,26.982035795847576,23.59902874628703,-3.383007049560547,-3.6744720141092935,-3.07484397093455,-12.53799778177293,-10.3146030455998,-11.203263745083314,-9.37503071164619,-1.1542807260061783,share,2,True,0.2148545913038016,12,7.755450711383336
enc0_attn,Hyps 600-500,24,26.982035795847576,26.392899831136067,-0.5891359647115072,-0.6154294013977051,-0.5536734660466512,-2.1834377849360527,-1.7962432613538457,-1.8764105084655454,-1.6881200468956856,-0.20101296837435928,share,5,True,-0.22513451450213798,12,18.973117849712533
enc0_mlp,Hyps 600-500,24,26.982035795847576,26.51125892003377,-0.47077687581380206,-0.5132626930872599,-0.4236209710439046,-1.7447789313445825,-1.4353728874723393,-1.5649098153662762,-1.291597118804999,-0.16062889200064323,share,6,True,0.1944237777523357,12,8.093370918287606
enc1_attn,Hyps 600-500,24,26.982035795847576,26.83299382527669,-0.14904197057088217,-0.18484042485555013,-0.10879707336425781,-0.5523748159648469,-0.4544207981394285,-0.5635683228660963,-0.33171631268728574,-0.05085306399769307,share,12,True,-0.31838162624221966,12,23.210318447971638
enc1_mlp,Hyps 600-500,24,26.982035795847576,27.049914677937824,0.06787888209025066,0.012067937850952148,0.12270390192667642,0.25157064724040185,0.20695899053209418,0.03679448097151011,0.3741174706343821,0.023160248900397692,share,15,True,0.33636900299997535,12,5.959111552365483
enc2_attn,Hyps 600-500,24,26.982035795847576,26.901787757873535,-0.08024803797403972,-0.08343648910522461,-0.07710868517557781,-0.29741283638201077,-0.2446718687736581,-0.2543932814892296,-0.2351001541831036,-0.027380600210477956,share,14,True,-0.3651744059789236,12,25.805659107063654
enc2_mlp,Hyps 600-500,24,26.982035795847576,26.93612511952718,-0.04591067632039388,-0.04990243117014567,-0.04179889758427938,-0.17015275151128273,-0.13997913538530626,-0.1521497771035628,-0.1274425474169577,-0.015664705399127916,share,17,True,0.20644136847041078,12,7.893217049104052
downsample,Hyps 600-500,24,26.982035795847576,26.14004898071289,-0.8419868151346842,-1.0060099641482034,-0.6653032978375754,-3.1205459124928683,-2.5671716436036514,-3.067269233581622,-2.028473284740705,-0.28728558292172096,share,4,True,0.6398998322575367,12,2.6350402188656
dec0_attn,Hyps 600-500,24,26.982035795847576,27.04466152191162,0.06262572606404622,0.05929162899653117,0.06488542556762696,0.23210156023024794,0.1909424057738869,0.18077692658241334,0.19783210568887877,0.021367874050768378,share,16,True,-0.5939293464232785,12,47.10301517384962
dec0_mlp,Hyps 600-500,24,26.982035795847576,26.877224922180176,-0.1048108736673991,-0.11383237838745117,-0.09364525477091472,-0.3884468705787169,-0.31956260832567973,-0.3470686816793932,-0.28551924838333353,-0.03576143046047235,share,13,True,0.29109860400473775,12,6.588820346917462
dec1_attn,Hyps 600-500,24,26.982035795847576,26.757919470469158,-0.22411632537841797,-0.24059346119562786,-0.20746012131373087,-0.8306131052309572,-0.6833183905475905,-0.7335562744163314,-0.6325345374083928,-0.07646840546821841,share,8,True,-0.10000168442746296,12,14.66671657572194
dec1_mlp,Hyps 600-500,24,26.982035795847576,26.693880399068195,-0.28815539677937824,-0.3329970399538676,-0.2351552645365397,-1.0679527629406087,-0.8785700087774525,-1.0152897207027851,-0.7169755109119551,-0.09831851241347707,share,7,True,0.5461503357553544,12,3.5224233019197766
dec2_attn,Hyps 600-500,24,26.982035795847576,26.801502386728924,-0.18053340911865234,-0.225076166788737,-0.11568307876586914,-0.6690874272223584,-0.5504364679847938,-0.6862448943913987,-0.35271136568213635,-0.061597930921520785,share,10,True,0.7514881846274546,12,1.7026331154525334
dec2_mlp,Hyps 600-500,24,26.982035795847576,26.765670935312908,-0.21636486053466797,-0.2652092734972636,-0.1556995749473572,-0.8018848621050515,-0.6596845991561154,-0.8086085367429342,-0.47471946892904693,-0.07382360859479263,share,9,True,0.3623777466018548,12,5.616259557866832
upsample,Hyps 600-500,24,26.982035795847576,27.146576563517254,0.16454076766967773,0.10616650581359864,0.24296925465265895,0.6098159861421572,0.5016757808859577,0.32369585642686804,0.7407999384313952,0.056141247706841445,share,11,True,0.5522923888659822,12,3.461004751516597
decoder_io,Hyps 600-500,24,26.982035795847576,25.684639135996502,-1.2973966598510742,-1.5628200411796571,-0.9737948060035707,-4.808372020804813,-3.9556912956445767,-4.7649526354283145,-2.9690469823580337,-0.44267124972305977,share,3,True,0.661127226985149,12,2.448020362388875
decoder_heads,Hyps 600-500,24,26.982035795847576,31.871634006500244,4.889598210652669,4.783552690347036,5.014644972483317,18.12168009726367,14.908116907976519,14.584789929731295,15.289377630028026,1.6683290604445606,share,1,True,0.14496869460684933,12,8.961271791139179
encoder_io,|DryAir Md err|,24,62122406969344.0,215183588152661.34,153061181183317.34,128047291651413.33,170286863351808.0,246.3864306784661,5.810069304179794,4.860563814780761,6.463941216293413,1.0,colmax,1,True,0.664820188013656,12,2.415971269927401
enc0_attn,|DryAir Md err|,24,62122406969344.0,55662776156160.0,-6459630813184.0,-9116783913642.666,-4489672480085.333,-10.398230088495575,-0.24520196704260727,-0.34606518752821874,-0.1704240621998263,-0.04220293325351691,colmax,11,True,0.621349102841582,12,2.8024876061161152
enc0_mlp,|DryAir Md err|,24,62122406969344.0,80172722858666.67,18050315889322.668,15026658912938.666,22448362400426.668,29.05604719764012,0.6851742908850161,0.5703989020565615,0.8521203109991317,0.11792876384316073,colmax,8,True,0.4082877216179759,12,5.041972056978882
enc1_attn,|DryAir Md err|,24,62122406969344.0,21073972865706.668,-41048434103637.336,-52135176350378.664,-30007504841386.668,-66.07669616519175,-1.5581628543984123,-1.9790059467694117,-1.1390587830702679,-0.26818317868901526,colmax,6,True,0.05326695282768461,12,10.786246103675506
enc1_mlp,|DryAir Md err|,24,62122406969344.0,61389399217493.336,-733007751850.6666,-7285409858628.267,9345848836096.0,-1.1799410029498523,-0.02782433668568593,-0.27654782134007533,0.3547602927424956,-0.004788985333732415,colmax,15,False,0.7074409111825962,12,2.056123314614315
enc2_attn,|DryAir Md err|,24,62122406969344.0,61526838170965.336,-595568798378.6666,-1191137596757.3333,-183251937962.66666,-0.9587020648967551,-0.022607273557119816,-0.04521454711423963,-0.0069560841714214824,-0.003891050583657587,colmax,16,True,0.34131131902328776,12,5.892937798717939
enc2_mlp,|DryAir Md err|,24,62122406969344.0,62397284876288.0,274877906944.0,-412316860416.0,870446705322.6666,0.4424778761061947,0.010434126257132224,-0.015651189385698337,0.03304139981425204,0.0017958695001496557,colmax,17,False,0.6956655929999346,12,2.1537341437351003
downsample,|DryAir Md err|,24,62122406969344.0,152236547462485.34,90114140493141.33,85853532935509.33,95245194756096.0,145.05899705014747,3.4206543912965137,3.2589254343109646,3.6154247480963155,0.5887458844657287,colmax,3,True,0.4442400570738752,12,4.617736007562046
dec0_attn,|DryAir Md err|,24,62122406969344.0,58365742241109.336,-3756664728234.6665,-4764550387029.333,-2977843991893.3335,-6.047197640117993,-0.14259972551414038,-0.18085818845695853,-0.1130363677855991,-0.024543549835378625,colmax,13,True,0.602588135810649,12,2.9757754121023137
dec0_mlp,|DryAir Md err|,24,62122406969344.0,61114521310549.336,-1007885658794.6666,-1466015503701.3333,-549755813888.0,-1.622418879056047,-0.03825846294281815,-0.05564867337137186,-0.020868252514264447,-0.00658485483388207,colmax,14,True,0.36726677617895803,12,5.553267890463756
dec1_attn,|DryAir Md err|,24,62122406969344.0,74171221890389.33,12048814921045.334,10720238370816.0,13743895347200.0,19.395280235988203,0.4573625342709625,0.4069309240281567,0.5217063128566112,0.07871894642322658,colmax,10,True,0.44847901363323206,12,4.56910440131307
dec1_mlp,|DryAir Md err|,24,62122406969344.0,67940655999658.664,5818249030314.667,3848290697216.0,7330077518506.667,9.365781710914456,0.2208556724426321,0.14607776759985114,0.2782433668568593,0.038012571086501044,colmax,12,True,0.5478504210941646,12,3.50537420988946
dec2_attn,|DryAir Md err|,24,62122406969344.0,19837022284458.668,-42285384684885.336,-53143062009173.336,-33347271410756.29,-68.06784660766962,-1.6051164225555072,-2.01726440971223,-1.2658334170944252,-0.27626459143968873,colmax,5,True,0.20716702452831143,12,7.8812587755847305
dec2_mlp,|DryAir Md err|,24,62122406969344.0,46866683133952.0,-15255723835392.0,-17500560075434.666,-13056700579840.0,-24.557522123893804,-0.5790940072708385,-0.6643060383707515,-0.49562099721378067,-0.09967075725830589,colmax,9,True,0.5799824249927832,12,3.1900423829775346
upsample,|DryAir Md err|,24,62122406969344.0,34176486430037.332,-27945920539306.668,-32482551328494.934,-23272996121258.668,-44.98525073746313,-1.060802836141776,-1.2330093949105292,-0.8834226897705284,-0.18258006584854833,colmax,7,True,0.7568602394199339,12,1.6607337689673762
decoder_io,|DryAir Md err|,24,62122406969344.0,173768650173098.66,111646243203754.67,68118181314560.0,149212890486101.34,179.71976401179944,4.237994281438539,2.585706913095579,5.6639915365799425,0.7294223286441185,colmax,2,True,0.7155074465027484,12,1.9900296258851298
decoder_heads,|DryAir Md err|,24,62122406969344.0,114624087195648.0,52501680226304.0,50944038753621.336,54288386621440.0,84.51327433628319,1.9929181151122548,1.9337913996551723,2.060739935783614,0.34301107452858426,colmax,4,True,0.32211950083991925,12,6.152670756881827
encoder_io,neg-q fraction,24,0.0002520761568121088,0.011936679055603841,0.011684602898791733,0.009657892410299004,0.01420449360109046,4635.346336028575,52.020813851255284,42.9977319403442,63.23957466711034,0.34083632379533496,share,2,True,0.31971177748262974,12,6.185789055986426
enc0_attn,neg-q fraction,24,0.0002520761568121088,0.00035323802201977134,0.00010116186520766253,4.009857634249177e-05,0.00019013756485719555,40.1314691905058,0.4503809504179018,0.17852216234313073,0.8465080887421478,0.0029508609359094546,share,4,True,0.17888287695100674,12,8.358256506424276
enc0_mlp,neg-q fraction,24,0.0002520761568121088,0.00024209722770744216,-9.978929104666653e-06,-2.5197417642175424e-05,1.607664789086474e-06,-3.9586961459844434,-0.044427013727819306,-0.112180977312587,0.007157455965998911,-0.00029108233637966085,share,15,False,0.1638626286924671,12,8.620990319933737
enc1_attn,neg-q fraction,24,0.0002520761568121088,0.00022755544447742673,-2.4520712334682077e-05,-4.341591521968743e-05,-1.227225455503837e-05,-9.727501658540119,-0.10916822958481372,-0.1932912280706423,-0.05463708739377759,-0.000715261744141959,share,8,True,0.2573330198264711,12,7.088021726584674
enc1_mlp,neg-q fraction,24,0.0002520761568121088,0.000253807324573548,1.7311677614391858e-06,-7.654218582805091e-06,1.2520188435397964e-05,0.6867637873143053,0.007707301364296658,-0.03407721114032015,0.05574090943628273,5.049763871247573e-05,share,17,False,-0.2452606572122152,12,19.799057819552733
enc2_attn,neg-q fraction,24,0.0002520761568121088,0.00023904914678496425,-1.302701002714457e-05,-2.629839197728264e-05,-3.9135112596492645e-06,-5.1678866386615745,-0.057997320878623956,-0.11708260567237871,-0.017423274244438205,-0.0003799939327126005,share,13,True,0.4909030473392732,12,4.0976262291712295
enc2_mlp,neg-q fraction,24,0.0002520761568121088,0.00023853598486311967,-1.3540171948989155e-05,-2.7323625185241934e-05,-4.247380290204699e-06,-5.371460799873134,-0.06028195999242645,-0.12164702829994535,-0.01890968664883573,-0.0003949627103825154,share,12,True,0.5110419552860851,12,3.8830798284856938
downsample,neg-q fraction,24,0.0002520761568121088,0.00031039787919932377,5.8321722387214926e-05,3.0010827720161616e-05,9.993847788791754e-05,23.136548543417558,0.2596531084598199,0.1336106751658678,0.44493432937483485,0.0017012269589346473,share,7,True,0.3497108824197291,12,5.781585903029381
dec0_attn,neg-q fraction,24,0.0002520761568121088,0.0002393521000006634,-1.2724056811445431e-05,-2.4670171084532435e-05,-4.333784001649596e-06,-5.047703429138528,-0.056648548226610786,-0.10983363224092031,-0.019294363083975634,-0.00037115687926583357,share,14,True,0.4555272501459873,12,4.488870268552399
dec0_mlp,neg-q fraction,24,0.0002520761568121088,0.00023358360704150982,-1.8492549770598998e-05,-3.444492932089815e-05,-6.794666741901286e-06,-7.336096362490514,-0.08233035367859025,-0.15335166045800133,-0.030250415595921763,-0.0005394220698818094,share,10,True,0.2839994191766022,12,6.691597240278053
dec1_attn,neg-q fraction,24,0.0002520761568121088,0.00023316936744777195,-1.8906789364336873e-05,-3.466842521978227e-05,-7.845883753058539e-06,-7.500427491216281,-0.08417458244548193,-0.15434668259551634,-0.034930520254021796,-0.0005515053132340239,share,9,True,0.57854455816689,12,3.2038787095565944
dec1_mlp,neg-q fraction,24,0.0002520761568121088,0.00024340178765669407,-8.674369155414752e-06,-1.4748437297384952e-05,-4.110278100218548e-06,-3.441170027786645,-0.03861900545696452,-0.06566125677437523,-0.018299296414298404,-0.0002530287182015347,share,16,True,-0.018816099129624973,12,12.46024642140012
dec2_attn,neg-q fraction,24,0.0002520761568121088,0.0001849811515815721,-6.709500523053673e-05,-0.0001365116303607768,-2.053316036760107e-05,-26.616958176075194,-0.2987124857968152,-0.6077610144768957,-0.0914153200166864,-0.001957140959421878,share,5,True,0.2867018416125384,12,6.6523398225049455
dec2_mlp,neg-q fraction,24,0.0002520761568121088,0.00031273494566145626,6.0658788849347424e-05,2.086641427657317e-05,0.00011735321180784313,24.06367568296471,0.2700579207104081,0.09289899384916499,0.5224661581724801,0.0017693984790383367,share,6,True,0.3656337890808481,12,5.574257602511001
upsample,neg-q fraction,24,0.0002520761568121088,0.000267669005628098,1.5592848815989175e-05,8.031368376274864e-06,2.6759479953852858e-05,6.18576902043603,0.06942064635771387,0.03575631306360067,0.11913540729567493,0.0004548386722228925,share,11,True,-0.014168071012274923,12,12.344920563329444
decoder_io,neg-q fraction,24,0.0002520761568121088,0.02006662528341015,0.019814549126598042,0.016363178214288607,0.02521313801398908,7860.540789412029,88.21600362370023,72.85021624384395,112.25096570182659,0.5779843902671353,share,1,True,0.5269631836116945,12,3.7174712904559333
decoder_heads,neg-q fraction,24,0.0002520761568121088,0.007092217943863943,0.006840141787051834,0.005079981302219493,0.009489516368161805,2713.5219266891245,30.452874239929145,22.616494884729413,42.24810794191666,0.19952486200268557,share,3,True,0.6680969923305011,12,2.3876525827611257
encoder_io,|neg-q mass|,24,3984658786.6666665,2058475864064.0,2054491205277.3333,1832299293150.0667,2290443398550.0,51560.0284810334,804.0937040316078,717.1314833273523,896.4414700262495,0.3458844301429779,share,1,True,-0.32004066868451353,12,23.296228604684767
enc0_attn,|neg-q mass|,24,3984658786.6666665,5371849925.333333,1387191138.6666667,864412909.3333334,2091504693.3999999,34.81329802462484,0.5429235511084766,0.33831684277507135,0.8185801679732567,0.00023354094447551553,share,6,True,-0.22335058369423455,12,18.90197391013199
enc0_mlp,|neg-q mass|,24,3984658786.6666665,4384452512.0,399793725.3333333,77731938.6,737281227.9999999,10.033323974216056,0.15647261795334877,0.030422988557886867,0.2885596161291258,6.730738223967799e-05,share,10,True,-0.15404226292037967,12,16.3702115933732
enc1_attn,|neg-q mass|,24,3984658786.6666665,2422559874.6666665,-1562098912.0,-2173312250.9333334,-1005356938.1333338,-39.20282753512154,-0.6113795459369069,-0.8505982860288546,-0.39347999260400013,-0.00026298759060939885,share,5,True,-0.2537957736427325,12,20.162776827411438
enc1_mlp,|neg-q mass|,24,3984658786.6666665,3165838656.0,-818820130.6666666,-1180008004.5333333,-497346440.666667,-20.54931612730745,-0.32047258713600935,-0.46183551660620126,-0.19465312902549647,-0.0001378526875937673,share,8,True,-0.1276399172803456,12,15.511575180260454
enc2_attn,|neg-q mass|,24,3984658786.6666665,3879250000.0,-105408786.66666667,-209185957.6,-37295040.26666668,-2.645365445577977,-0.041255246793249774,-0.0818719063123354,-0.014596658770307967,-1.774612517912489e-05,share,14,True,-0.18736198796007492,12,17.533444958787967
enc2_mlp,|neg-q mass|,24,3984658786.6666665,3881082352.0,-103576434.66666667,-237620970.4,-13978286.466666747,-2.5993802785134505,-0.04053809468133755,-0.093000897620649,-0.005470868949025122,-1.7437639055790137e-05,share,15,True,-0.11456972297328218,12,15.105465695833441
downsample,|neg-q mass|,24,3984658786.6666665,7326725717.333333,3342066930.6666665,1531718545.0666668,5502693211.733334,83.87335301707087,1.3080294383827973,0.5994891753602338,2.1536626466964885,0.0005626545944046951,share,4,True,0.0969945342883932,12,9.877957683324743
dec0_attn,|neg-q mass|,24,3984658786.6666665,3859373136.0,-125285650.66666667,-211484904.0,-59878569.6666667,-3.144200228282868,-0.049034720931293116,-0.0827716757157759,-0.023435476750500506,-2.1092500067471716e-05,share,12,True,-0.31353294780520813,12,22.961619677545368
dec0_mlp,|neg-q mass|,24,3984658786.6666665,3876617109.3333335,-108041677.33333333,-261717592.0,12410174.133333277,-2.711441132547128,-0.04228571643119814,-0.10243191473438569,0.004857135849944978,-1.818938620916947e-05,share,13,False,-0.10153973114932299,12,14.712366514215631
dec1_attn,|neg-q mass|,24,3984658786.6666665,3559430288.0,-425228498.6666667,-533227609.1333333,-304157835.8,-10.671641448686955,-0.16642736541017403,-0.20869642187738735,-0.11904232063414708,-7.158946047764653e-05,share,9,True,-0.6210791153028368,12,51.33775985765737
dec1_mlp,|neg-q mass|,24,3984658786.6666665,3938549061.3333335,-46109725.333333336,-234682428.4,198411705.26666662,-1.1571812745328203,-0.018046579970711116,-0.09185080113195973,0.07765504305946411,-7.762815450366624e-06,share,17,False,-0.0646043628347435,12,13.657592409488558
dec2_attn,|neg-q mass|,24,3984658786.6666665,3131015109.3333335,-853643677.3333334,-1507763981.0,-430394958.26666677,-21.423256620862183,-0.3341019443972091,-0.5901137572034895,-0.1684494318107615,-0.00014371541534038303,share,7,True,0.041315400945150876,12,11.047772056589558
dec2_mlp,|neg-q mass|,24,3984658786.6666665,4065607210.6666665,80948424.0,-532854901.0,824123744.7999997,2.0315020264938854,0.03168186747282506,-0.2085505501098739,0.32254833354089624,1.362809411609656e-05,share,16,False,0.2085697318653615,12,7.858183907152224
upsample,|neg-q mass|,24,3984658786.6666665,4369210970.666667,384552184.0,2151980.2666666685,959742714.6666665,9.650818416040435,0.15050733204976835,0.0008422493020082531,0.3756273438267147,6.474138836974123e-05,share,11,True,0.42657327005414647,12,4.823531257591182
decoder_io,|neg-q mass|,24,3984658786.6666665,1662835165866.6667,1658850507080.0,1357921165821.3333,2145431518486.0664,41630.92992129692,649.2465118596652,531.4677703187351,839.6862308362839,0.2792762319254139,share,2,True,0.022344326374851446,12,11.475456732960037
decoder_heads,|neg-q mass|,24,3984658786.6666665,626470124202.6666,622485465416.0,464973801642.4667,868919717276.3331,15622.051943291613,243.6304630102439,181.98301627184586,340.0807324831106,0.10479871119654433,share,3,True,0.3196943972276653,12,6.18602856117125
encoder_io,DKEpert<1000km 500hPa,24,0.0,0.18506258726119995,0.1850625810523828,0.1801669363553325,0.19369068108499052,nan,nan,nan,nan,0.5281195656254905,share,1,True,-0.14607872201012512,12,16.10563528349574
enc0_attn,DKEpert<1000km 500hPa,24,0.0,0.0039512999355793,0.003951299683346103,0.003723345654725563,0.004307619857233173,nan,nan,nan,nan,0.011275962220770147,share,10,True,0.0850904863528347,12,10.117971083377476
enc0_mlp,DKEpert<1000km 500hPa,24,0.0,0.007815551944077015,0.007815551905271908,0.0074519270866100365,0.008436268921165417,nan,nan,nan,nan,0.022303514053807313,share,9,True,-0.2049642719351912,12,18.18732259796455
enc1_attn,DKEpert<1000km 500hPa,24,0.0,0.024392714723944664,0.02439271363740166,0.0238142296167401,0.02510899818735197,nan,nan,nan,nan,0.06961034076880813,share,6,True,0.17118302904317123,12,8.492100213924232
enc1_mlp,DKEpert<1000km 500hPa,24,0.0,0.04970085248351097,0.049700851552188396,0.04746896560148647,0.05139702185988426,nan,nan,nan,nan,0.14183305984222228,share,3,True,-0.0646261332350126,12,13.658189578253417
enc2_attn,DKEpert<1000km 500hPa,24,0.0,0.00035569749888964,0.0003556975061655976,0.00033919178167707287,0.0003788609479064083,nan,nan,nan,nan,0.0010150664244603484,share,17,True,-0.1139169016661409,12,15.085495756693986
enc2_mlp,DKEpert<1000km 500hPa,24,0.0,0.0006504225893877447,0.0006504225942383831,0.0006205594095566388,0.0006932582770483956,nan,nan,nan,nan,0.0018561337250827062,share,16,True,-0.20176036811621556,12,18.066159385448998
downsample,DKEpert<1000km 500hPa,24,0.0,0.05253596231341362,0.05253596014032761,0.049631404240305224,0.05737447255911927,nan,nan,nan,nan,0.14992370846256853,share,2,True,0.20409746486049374,12,7.931941309070551
dec0_attn,DKEpert<1000km 500hPa,24,0.0,0.0009062548633664846,0.0009062548585158462,0.0008680982064106502,0.0009397006158299822,nan,nan,nan,nan,0.002586211213005324,share,15,True,-0.11263753476839194,12,15.0464448749653
dec0_mlp,DKEpert<1000km 500hPa,24,0.0,0.0015424140729010105,0.0015424141311086714,0.0014787732992166032,0.001629754699388286,nan,nan,nan,nan,0.00440164119782356,share,13,True,-0.22028749173572124,12,18.780575847662746
dec1_attn,DKEpert<1000km 500hPa,24,0.0,0.0036827807780355215,0.0036827806616201997,0.0035881413787137717,0.0038384657057273825,nan,nan,nan,nan,0.010509680089019669,share,11,True,-0.4726805010318907,12,33.513204133290444
dec1_mlp,DKEpert<1000km 500hPa,24,0.0,0.008546705357730389,0.008546704698043564,0.008249318471644073,0.00901121604256332,nan,nan,nan,nan,0.024390030372387857,share,8,True,0.06030767268158622,12,10.634939478748143
dec2_attn,DKEpert<1000km 500hPa,24,0.0,0.0012306546559557319,0.001230654597748071,0.0011833968514110894,0.001295418117661029,nan,nan,nan,nan,0.0035119621043962286,share,14,True,0.2593498220837793,12,7.05745296433081
dec2_mlp,DKEpert<1000km 500hPa,24,0.0,0.002260878449305892,0.002260878391098231,0.0021948282917340594,0.0024037691585059896,nan,nan,nan,nan,0.006451947806244442,share,12,True,-0.03729193469620266,12,12.929675843555366
upsample,DKEpert<1000km 500hPa,24,0.0,0.02250370942056179,0.022503709731002648,0.02189930408882598,0.023505853477399797,nan,nan,nan,nan,0.06421962419693712,share,7,True,-0.12313111367702094,12,15.37011242426502
decoder_io,DKEpert<1000km 500hPa,24,0.0,0.04603664204478264,0.0460366408030192,0.04488340734193722,0.047899595097017786,nan,nan,nan,nan,0.13137637336239988,share,4,True,-0.2966455734084223,12,22.12219940990898
decoder_heads,DKEpert<1000km 500hPa,24,0.0,0.0336344949901104,0.03363449436922868,0.03190217304509133,0.03656700753296415,nan,nan,nan,nan,0.09598393394979264,share,5,True,0.1674077083548706,12,8.558370334748927
encoder_io,RMSE Z500,72,128.01566696166992,246.23852157592773,118.22285461425781,107.07543271382649,130.04436664581297,92.35030166241742,21.723409738885834,19.67507471715566,23.895608595296046,0.5927998079159816,share,1,True,0.6013908333723186,12,2.9869722617677006
enc0_attn,RMSE Z500,72,128.01566696166992,125.75211652119954,-2.2635504404703775,-3.2561434745788578,-1.1608575185139973,-1.768182359388967,-0.41592663147421005,-0.598315267362401,-0.2133071782560774,-0.011350024246133784,share,8,True,0.241437228691438,12,7.332431350796275
enc0_mlp,RMSE Z500,72,128.01566696166992,127.66948954264323,-0.3461774190266927,-0.9302255630493165,0.47726122538248666,-0.27041800995369114,-0.06360998421501386,-0.17092863407536948,0.08769658950712003,-0.0017358226391458213,share,16,False,-0.26419152338736773,12,20.617183360657105
enc1_attn,RMSE Z500,72,128.01566696166992,145.89672724405924,17.881060282389324,14.48959239323934,21.90119496981303,13.967868704494755,3.2856388077201357,2.6624577247335455,4.024337203266073,0.08966023646883013,share,5,True,0.5067777819284989,12,3.9280288625458852
enc1_mlp,RMSE Z500,72,128.01566696166992,138.74571673075357,10.730049769083658,7.504044850667317,14.815684000651041,8.381825462266598,1.971643033091931,1.3788657152790735,2.722376947825643,0.05380323003361653,share,6,True,-0.4526456745309148,12,31.84728298151639
enc2_attn,RMSE Z500,72,128.01566696166992,128.5230770111084,0.5074100494384766,0.3382088820139567,0.7714533964792887,0.3963655867140104,0.09323642577863281,0.062145768221313236,0.1417543019144255,0.002544284527921488,share,14,True,0.07875930193990277,12,10.24778034992743
enc2_mlp,RMSE Z500,72,128.01566696166992,127.7427151997884,-0.27295176188151044,-0.6620272636413574,0.1888446807861328,-0.21321746654902549,-0.050154794363997314,-0.12164728684076438,0.03470014652506552,-0.0013686503556493738,share,17,False,-0.31487809594904276,12,23.03026229068711
downsample,RMSE Z500,72,128.01566696166992,154.64663060506186,26.630963643391926,23.36225829124451,30.253806432088215,20.802894110894794,4.893430604889193,4.292807096752181,5.559126747781398,0.1335345029853163,share,3,True,0.005306043852356786,12,11.873327079613912
dec0_attn,RMSE Z500,72,128.01566696166992,129.7030963897705,1.687429428100586,1.2761765003204344,2.2838044643402102,1.318142902466642,0.31006458938661074,0.23449700234403537,0.41964830154232974,0.00846120527298758,share,11,True,-0.3153427168699218,12,23.054034465649927
dec0_mlp,RMSE Z500,72,128.01566696166992,128.5352528889974,0.519585927327474,-0.24400569597880045,1.331585915883381,0.40587682715666895,0.09547373924206048,-0.04483596449827416,0.24467846380166558,0.002605337512112716,share,13,False,0.780655364071348,12,1.4781836419629368
dec1_attn,RMSE Z500,72,128.01566696166992,130.18180974324545,2.166142781575521,1.9332998275756836,2.530786927541097,1.6920919392031142,0.398028006941899,0.35524319252462816,0.46503124601561513,0.010861597184625049,share,9,True,-0.553704255432909,12,41.77600008998543
dec1_mlp,RMSE Z500,72,128.01566696166992,129.7241414388021,1.7084744771321614,0.8673100312550863,2.4124836762746167,1.334582334866644,0.3139316100619237,0.15936792628696925,0.44329306341894675,0.008566730563035817,share,10,True,-0.17051309267878847,12,16.933548906162795
dec2_attn,RMSE Z500,72,128.01566696166992,127.58520952860515,-0.4304574330647786,-1.0349985122680663,0.018561919530232014,-0.33625371275350613,-0.07909640842395518,-0.1901806282253728,0.0034107464653186236,-0.0021584243120283523,share,15,False,0.05957023984834122,12,10.650692797331846
dec2_mlp,RMSE Z500,72,128.01566696166992,130.29571342468262,2.2800464630126953,1.7730026245117188,2.8030282656351724,1.7810682997850413,0.41895777006342705,0.325788635421285,0.515055500247816,0.011432739547048912,share,7,True,0.09278319725110415,12,9.962270339049862
upsample,RMSE Z500,72,128.01566696166992,127.20352236429851,-0.8121445973714193,-2.5769971211751304,1.0832296689351395,-0.6344103160549789,-0.1492312963807769,-0.4735223535404735,0.1990430870272504,-0.004072301949505773,share,12,False,-0.09040246341187826,12,14.385295732026076
decoder_io,RMSE Z500,72,128.01566696166992,155.4375966389974,27.421929677327473,21.209537426630654,34.20574860572815,21.42076069918697,5.038770347367812,3.897245362533868,6.285294791874708,0.1375006101692018,share,2,True,0.5606768475926992,12,3.3779432539281498
decoder_heads,RMSE Z500,72,128.01566696166992,151.43817647298178,23.422509511311848,20.47673110961914,25.966517718633014,18.296596086418816,4.303878238157633,3.7625924484621662,4.771338889882254,0.11744648853658612,share,4,True,0.23514810721662846,12,7.430868136197307
encoder_io,RMSE T850,72,1.1567243734995525,1.8539437353610992,0.6972193618615469,0.675107977539301,0.7233831745882828,60.275323822578436,18.90182966130291,18.302383284887316,19.61113860839035,0.6119437178201473,share,1,True,-0.26749272409091635,12,20.764179673457335
enc0_attn,RMSE T850,72,1.1567243734995525,1.1786966423193614,0.02197226881980896,0.01832679013411204,0.027417726814746857,1.8995250141858846,0.5956749126924835,0.4968448730805932,0.743302940653841,0.01928488020561834,share,7,True,-0.20900989090425373,12,18.34171947792952
enc0_mlp,RMSE T850,72,1.1567243734995525,1.1635387341181438,0.006814360618591309,-0.0063875203331311544,0.01829881047209104,0.5891084146498228,0.18473939581855928,-0.1731676254265146,0.49608633590501944,0.005980908448058904,share,11,False,-0.1329830162612082,12,15.681118651800869
enc1_attn,RMSE T850,72,1.1567243734995525,1.231066604455312,0.07434223095575969,0.06783344894647599,0.08696223298708598,6.42696157001039,2.015440567248696,1.8389855007778593,2.3575726733975144,0.06524956662225573,share,4,True,0.11049265457003377,12,9.612029490904145
enc1_mlp,RMSE T850,72,1.1567243734995525,1.2129124402999878,0.056188066800435386,0.044192651907602944,0.06884989961981773,4.8575155921063615,1.523275637131031,1.1980762789037995,1.866541788708999,0.04931580557829251,share,5,True,-0.5965325200449849,12,47.48434803884541
enc2_attn,RMSE T850,72,1.1567243734995525,1.158066064119339,0.0013416906197865803,3.597140312194824e-05,0.002639874815940856,0.11599052034560585,0.0363736421284438,0.0009751957155546466,0.07156781183593437,0.0011775908572654625,share,17,True,0.013425065825184759,12,11.682066695733365
enc2_mlp,RMSE T850,72,1.1567243734995525,1.155227651198705,-0.0014967223008473713,-0.003377823779980342,-6.260176499684978e-05,-0.1293931670445561,-0.0405765983109751,-0.09157383344119668,-0.0016971529524195076,-0.0013136608927202251,share,16,True,0.0213749793108348,12,11.497736371213854
downsample,RMSE T850,72,1.1567243734995525,1.3214030861854553,0.16467871268590292,0.148700733234485,0.1837309181690216,14.236642406668079,4.464490153745475,4.031322255028294,4.981001258303071,0.14453715602186462,share,3,True,0.17873243575902856,12,8.36085482329629
dec0_attn,RMSE T850,72,1.1567243734995525,1.162202666203181,0.00547829270362854,0.003469262272119522,0.007968195031086603,0.4736039828619259,0.14851818693369567,0.09405275886616843,0.21602019884173534,0.0048082525927200985,share,13,True,0.13563630633715137,12,9.133526522596753
dec0_mlp,RMSE T850,72,1.1567243734995525,1.1657792528470357,0.009054879347483316,0.0066131661335627236,0.01149656375249227,0.7828035403186583,0.2454805422683698,0.17928495193356708,0.3116753515847867,0.007947393367730588,share,10,True,-0.34010616194362403,12,24.369486447530118
dec1_attn,RMSE T850,72,1.1567243734995525,1.1764588554700215,0.019734481970469158,0.01696798528234164,0.023872238645950953,1.706066062286254,0.535007828330985,0.46000725890054367,0.6471836744679244,0.017320793034232576,share,8,True,0.294784505211832,12,6.535903004240464
dec1_mlp,RMSE T850,72,1.1567243734995525,1.1634608805179596,0.006736507018407186,0.002731939156850179,0.011588829010725018,0.5823778916343368,0.18262876096001143,0.07406370421204672,0.3141766908908484,0.0059125769814525365,share,12,True,0.15453985028509312,12,8.787502479081711
dec2_attn,RMSE T850,72,1.1567243734995525,1.15491916735967,-0.0018052061398824055,-0.004800956199566523,0.0009614159663518265,-0.15606190906317094,-0.04893968932315915,-0.1301553876147275,0.026064280230427443,-0.0015844146291662555,share,15,False,-0.0014352869938773884,12,12.03449640008744
dec2_mlp,RMSE T850,72,1.1567243734995525,1.1616247196992238,0.004900346199671428,0.0022697543104489644,0.007803929348786672,0.42363991906264814,0.13284988084710683,0.0615337319872564,0.2115669060677926,0.004300993684435645,share,14,True,0.09422361662157484,12,9.933359539524666
upsample,RMSE T850,72,1.1567243734995525,1.1453066766262054,-0.011417696873346964,-0.019932291656732562,-0.0038115019599596713,-0.9870715215245164,-0.3095372464243922,-0.5403705092885588,-0.1033309812402863,-0.01002121893884938,share,9,True,0.2002042353386986,12,7.996596656924129
decoder_io,RMSE T850,72,1.1567243734995525,1.3523816963036854,0.1956573228041331,0.17135628163814542,0.2264772576590379,16.914774797404124,5.3043297273845385,4.6455210857464095,6.139867566214014,0.17172682814748624,share,2,True,0.39511099804968824,12,5.202932263849314
decoder_heads,RMSE T850,72,1.1567243734995525,1.20648792386055,0.04976355036099752,0.036385605484247206,0.06168778886397679,4.302109603728928,1.3491050359729277,0.9864248679932431,1.6723747805512796,0.04367706017017666,share,6,True,0.2857978607514388,12,6.665453359810423
encoder_io,RMSE Q700,72,0.001054160122293979,0.0013517173744427662,0.0002975572521487872,0.00027613081304783313,0.0003269999855547212,28.2269501431402,18.31147803526161,16.9929090333715,20.123364528255703,0.7723465549954248,share,1,True,-0.03218944937575621,12,12.798241747333558
enc0_attn,RMSE Q700,72,0.001054160122293979,0.0010683628012581419,1.4202678964162866e-05,1.1255129356868565e-05,1.7345200467389075e-05,1.3472980682722213,0.8740235434224838,0.6926332748202417,1.067412254556603,0.0368648053121292,share,5,True,-0.06940462300068469,12,13.789941142183064
enc0_mlp,RMSE Q700,72,0.001054160122293979,0.0010488016802507143,-5.358442043264707e-06,-8.109140132243435e-06,-9.776558727025986e-07,-0.5083138633250605,-0.32975500704449545,-0.49903116238680906,-0.06016430085221543,-0.013908497347558293,share,11,True,-0.20550740586215827,12,18.20795936561755
enc1_attn,RMSE Q700,72,0.001054160122293979,0.0010632016831853737,9.041560891394814e-06,4.166419967077673e-06,1.4911134591481337e-05,0.8577028005687877,0.5564117240351097,0.2563987507004849,0.9176214378273995,0.02346848667213238,share,9,True,-0.18766006213353165,12,17.544281748640426
enc1_mlp,RMSE Q700,72,0.001054160122293979,0.00106808293882447,1.3922816530490914e-05,6.381385173881427e-06,2.356556554635364e-05,1.3207496884053245,0.8568009929046551,0.39270625603050063,1.450209439609961,0.03613838784134584,share,6,True,-0.21509057002382395,12,18.576776228473214
enc2_attn,RMSE Q700,72,0.001054160122293979,0.0010550644268126537,9.043045186748108e-07,3.2976507403266926e-07,1.6696215122162053e-06,0.08578436041641717,0.05565030665971323,0.020293526258691977,0.10274741222862155,0.0023472339343826427,share,16,True,0.21340766874432232,12,7.779008010420817
enc2_mlp,RMSE Q700,72,0.001054160122293979,0.0010553415825900931,1.1814602961142857e-06,-2.1826005346762635e-07,2.1641511314858994e-06,0.11207598078584934,0.07270629132914784,-0.01343158046455214,0.13318044047998895,0.0030666259450180307,share,14,False,0.0500769109511459,12,10.855468727772632
downsample,RMSE Q700,72,0.001054160122293979,0.0011097864480689168,5.562632577493787e-05,4.880757405771874e-05,6.202706790645606e-05,5.276838366252018,3.4232075852775794,3.0035860791772135,3.817105055778692,0.14438499068355365,share,3,True,-0.2847135045248327,12,21.552989119495
dec0_attn,RMSE Q700,72,0.001054160122293979,0.0010561645030975342,2.00438080355525e-06,1.523397077107802e-06,2.846134884748608e-06,0.19014007086451695,0.12334827934306014,0.09374885644693556,0.1751492731267931,0.005202617638607497,share,13,True,-0.44765168068404354,12,31.450842811873258
dec0_mlp,RMSE Q700,72,0.001054160122293979,0.0010531983571127057,-9.61765181273222e-07,-2.3072934709489346e-06,8.824880448325211e-07,-0.09123520809915532,-0.059186398129385295,-0.14198932611818094,0.05430773517578856,-0.0024963801725776586,share,15,False,-0.04583884133001478,12,13.152983625380267
dec1_attn,RMSE Q700,72,0.001054160122293979,0.0010548663267400116,7.062044460326433e-07,-1.1429016012698413e-06,2.9779725688664865e-06,0.06699214199981855,0.043459358185848035,-0.07033341455127201,0.18326247769334542,0.0018330407579615349,share,17,False,0.1482291010444754,12,8.901752079065611
dec1_mlp,RMSE Q700,72,0.001054160122293979,0.001061394742767637,7.234620473658045e-06,4.5903056161478165e-06,9.366786495471994e-06,0.686292368745143,0.4452137964716825,0.28248439538350995,0.576425894291616,0.018778349911415304,share,10,True,-0.020814369965671792,12,12.510163613367782
dec2_attn,RMSE Q700,72,0.001054160122293979,0.0010510356223676354,-3.1244999263435602e-06,-4.975573150052999e-06,-1.044990979911139e-06,-0.2963970899927682,-0.19227967511881672,-0.30619350660112715,-0.06430805916342149,-0.008110025001132351,share,12,True,0.12332185708131395,12,9.365203435423506
dec2_mlp,RMSE Q700,72,0.001054160122293979,0.0010437702391451846,-1.0389883148794373e-05,-1.1437046002053345e-05,-9.254874021280557e-06,-0.9856076822736134,-0.6393865909641833,-0.7038283057882112,-0.5695388740686855,-0.02696822342197133,share,7,True,-0.6706555339576752,12,60.872030577601095
upsample,RMSE Q700,72,0.001054160122293979,0.0010634086308224748,9.248508528495828e-06,6.397968536475673e-06,1.2582582712639123e-05,0.8773343188480668,0.5691471458198547,0.3937267852822746,0.7743238832375838,0.024005644793553296,share,8,True,-0.2524195474006051,12,20.103568139790372
decoder_io,RMSE Q700,72,0.001054160122293979,0.0011635478779984016,0.00010938775570442279,9.469312596290062e-05,0.00012418994059165318,10.376768518465857,6.731650704001385,5.827352832566421,7.642567448523773,0.2839294141442972,share,2,True,-0.0461296087888535,12,13.160650986898508
decoder_heads,RMSE Q700,72,0.001054160122293979,0.001069892052328214,1.573193003423512e-05,1.1214694920151184e-05,1.957023535699894e-05,1.4923662640548907,0.968132650754965,0.6901449661183982,1.2043394415586148,0.04083416511486989,share,4,True,0.16916346601809049,12,8.527497392420784
encoder_io,RMSE U500,72,3.018864949544271,4.525024334589641,1.5061593850453694,1.4453154876828194,1.5933614432811736,49.89157879595574,14.891370689262711,14.289808172837603,15.75353586709807,0.7283063363113774,share,1,True,0.16910886717304732,12,8.528456052200658
enc0_attn,RMSE U500,72,3.018864949544271,3.0410523215929666,0.02218737204869588,0.009547677139441171,0.03145437886317571,0.7349574233867365,0.21936614748628616,0.09439771176709505,0.31098887680997317,0.010728747441743292,share,7,True,0.1457148365970198,12,8.947620850651058
enc0_mlp,RMSE U500,72,3.018864949544271,3.0346633195877075,0.015798370043436687,0.004033764203389485,0.03282615691423415,0.5233215234030795,0.15619819983120348,0.039881753964532723,0.32455162167252316,0.007639332941964969,share,8,True,-0.27197924505030663,12,20.966093118675463
enc1_attn,RMSE U500,72,3.018864949544271,3.1948783000310264,0.17601335048675537,0.15109129150708517,0.21355898479620614,5.830447980567214,1.7402408233697257,1.4938368754935465,2.111453832973414,0.0851116022034001,share,5,True,0.2423100580433855,12,7.318848659890543
enc1_mlp,RMSE U500,72,3.018864949544271,3.2086260517438254,0.18976110219955444,0.13921049882968267,0.24126371890306472,6.285842704828544,1.8761645967312486,1.3763716924603782,2.3853700396703985,0.09175935461385668,share,4,True,-0.25966417601286934,12,20.417720745629072
enc2_attn,RMSE U500,72,3.018864949544271,3.023423453172048,0.0045585036277771,0.0024838646252950034,0.006854975223541258,0.15100058147567194,0.045069843194273124,0.024557924775073084,0.06777501646440258,0.002204273405041031,share,14,True,-0.2537477913410934,12,20.16070883479261
enc2_mlp,RMSE U500,72,3.018864949544271,3.0210153063138327,0.0021503567695617676,-0.0058802644411722815,0.008569448689619698,0.07123063818692474,0.021260538617395512,-0.05813806852967888,0.0847259847176795,0.0010398092500381187,share,17,False,-0.028299047939621,12,12.698956967275569
downsample,RMSE U500,72,3.018864949544271,3.342170457045237,0.32330550750096637,0.29423241515954335,0.36404691139856976,10.709505489795848,3.196515724617068,2.909070584721562,3.5993252505304953,0.15633501475026598,share,3,True,0.09902410002064785,12,9.837555700142609
dec0_attn,RMSE U500,72,3.018864949544271,3.0325398643811545,0.013674914836883545,0.008737669388453165,0.01987440834442774,0.45298200036897696,0.13520363648233502,0.08638917973462687,0.19649791703667172,0.006612531995689649,share,9,True,-0.3284319347329454,12,23.737256193765262
dec0_mlp,RMSE U500,72,3.018864949544271,3.0216881235440574,0.002823173999786377,-0.006064581871032715,0.013380856812000252,0.09351773090123043,0.027912670444131676,-0.059960411636123236,0.1322962900911311,0.0013651513465103944,share,16,False,0.4376194541654329,12,4.694264904708377
dec1_attn,RMSE U500,72,3.018864949544271,3.032062033812205,0.013197084267934164,0.008753436803817748,0.021339493989944454,0.4371538471744621,0.1304793342607131,0.08654507188610626,0.21098319240362762,0.0063814760832115545,share,10,True,0.17072631821573178,12,8.50009436584433
dec1_mlp,RMSE U500,72,3.018864949544271,3.0259066224098206,0.007041672865549724,0.0030607799688975017,0.011356370647748306,0.2332556435362482,0.0696208926854478,0.030261876377545346,0.1122802318794358,0.0034050147794001725,share,12,True,-0.4705846211533602,12,33.33302385791154
dec2_attn,RMSE U500,72,3.018864949544271,3.010818441708883,-0.008046507835388184,-0.01567055433988571,-0.0013619045416514105,-0.26654083471348683,-0.07955567791865065,-0.15493448827425613,-0.013465125653026872,-0.0038909047076155436,share,11,True,-0.04977736653855203,12,13.257238835254201
dec2_mlp,RMSE U500,72,3.018864949544271,3.0247700214385986,0.0059050718943278,-0.004656799137592316,0.015392332772413884,0.19560569926187762,0.0583833393718376,-0.04604168912789877,0.15218371665200459,0.0028554091417646458,share,13,False,0.40236312410101227,12,5.113969689829978
upsample,RMSE U500,72,3.018864949544271,3.0149890979131064,-0.0038758516311645508,-0.020477076371510822,0.017469382286071738,-0.12838771180372446,-0.03832047520954516,-0.2024564849564875,0.1727194677517464,-0.0018741756879169197,share,15,False,0.02646245738061437,12,11.38127403241281
decoder_io,RMSE U500,72,3.018864949544271,3.5976050893465676,0.578740139802297,0.48528970082600914,0.6942075058817861,19.170786023060217,5.7219933296051035,4.798050524024599,6.863617096568304,0.27985093415797335,share,2,True,0.4626732959318954,12,4.4083121410302155
decoder_heads,RMSE U500,72,3.018864949544271,3.072118560473124,0.053253610928853355,0.03762243539094925,0.07621731360753377,1.7640276004030107,0.5265174912809373,0.37197234051201394,0.7535592057114087,0.025750888422593078,share,6,True,0.0752848055718427,12,10.319668124796632
encoder_io,RMSE MSLP,72,127.44974772135417,193.44769795735678,65.99795023600261,58.77652544975281,73.7443833510081,51.78350794408412,8.485981725321922,7.557454724895883,9.482014020496226,0.40141963751774795,share,1,True,0.04909493843257399,12,10.876861874729649
enc0_attn,RMSE MSLP,72,127.44974772135417,132.7949651082357,5.345217386881511,4.397096125284831,5.95822016398112,4.193980358884557,0.6872852399316705,0.5653763068431765,0.7661048145614469,0.032511240397963916,share,7,True,-0.42692431413344734,12,29.879285043666428
enc0_mlp,RMSE MSLP,72,127.44974772135417,125.63747914632161,-1.812268575032552,-3.3278059800465902,-0.3183307488759359,-1.4219475577109415,-0.2330205400941693,-0.42788754243290583,-0.040930800243181166,-0.011022769523492324,share,9,True,0.008369455717922632,12,11.800800256204575
enc1_attn,RMSE MSLP,72,127.44974772135417,145.9044189453125,18.454671223958332,15.011514822642008,21.7284686088562,14.479959006514578,2.3728919185115003,1.9301726795879788,2.793835064189606,0.11224693201440346,share,4,True,0.3758483147926019,12,5.4437834039995945
enc1_mlp,RMSE MSLP,72,127.44974772135417,143.62347157796225,16.173723856608074,14.082782777150472,19.317347939809164,12.690275301265403,2.0796089058339873,1.810756801707233,2.48381443685325,0.09837351530790515,share,5,True,-0.5535876032298488,12,41.76194786175958
enc2_attn,RMSE MSLP,72,127.44974772135417,127.65434646606445,0.20459874471028647,-0.10682326952616374,0.5473937034606927,0.16053287540247207,0.026307198972494276,-0.013735279804851543,0.07038359445275215,0.0012444318898465828,share,16,False,0.5212421283634496,12,3.7765812243309154
enc2_mlp,RMSE MSLP,72,127.44974772135417,127.70421918233235,0.2544714609781901,-0.3160500208536784,0.8844113032023108,0.19966415432578646,0.032719806596340224,-0.0406375454337803,0.11371714015064731,0.0015477729423292446,share,15,False,-0.1019529438759706,12,14.724657506906137
downsample,RMSE MSLP,72,127.44974772135417,149.03595352172852,21.586205800374348,19.035072310765585,24.319007237752277,16.93703297676876,2.775542987107621,2.4475195849525186,3.12692515842651,0.13129387923085611,share,3,True,-0.09297890473228068,12,14.46024455794612
dec0_attn,RMSE MSLP,72,127.44974772135417,129.13322512308756,1.6834774017333984,1.0771824359893798,2.5199810822804762,1.3208950443856644,0.21646063877767077,0.13850355100357556,0.32401784200751726,0.010239422375340606,share,10,True,-0.06967454513332505,12,13.797423766545702
dec0_mlp,RMSE MSLP,72,127.44974772135417,127.31337483723958,-0.13637288411458334,-1.0631727218627929,0.6278797308603922,-0.1070012978077744,-0.017534753705040096,-0.13670218933052244,0.08073244551881183,-0.0008294614228589044,share,17,False,0.434079559517375,12,4.735473175614439
dec1_attn,RMSE MSLP,72,127.44974772135417,128.5309886932373,1.081240971883138,0.7573439280192057,1.2796420256296792,0.8483665061833436,0.13902539541393735,0.09737888388916369,0.16453569854240216,0.006576436956763209,share,11,True,-0.5339821583896787,12,39.50017415013162
dec1_mlp,RMSE MSLP,72,127.44974772135417,127.78528086344402,0.33553314208984375,-0.41895122528076173,1.3885157744089758,0.2632670115781055,0.04314267491387951,-0.05386852817126379,0.17853462789103522,0.002040814779720559,share,14,False,0.02999897270896462,12,11.300994113497444
dec2_attn,RMSE MSLP,72,127.44974772135417,127.06927808125813,-0.3804696400960286,-1.042120631535848,0.25347212155659904,-0.29852522025218653,-0.04892058619016684,-0.13399532263003475,0.032591312059181254,-0.002314132249073109,share,13,False,-0.2356329745640882,12,19.398528718992043
dec2_mlp,RMSE MSLP,72,127.44974772135417,129.98665364583334,2.5369059244791665,1.8661406993865968,3.095710118611654,1.9905146693782814,0.3261940293146754,0.23994738950597588,0.3980447786558984,0.015430234620612894,share,8,True,-0.06960027519092662,12,13.795364465445239
upsample,RMSE MSLP,72,127.44974772135417,126.67794545491536,-0.7718022664388021,-2.6613412698109946,0.9736785888671875,-0.6055737890719158,-0.09923792943782808,-0.34219386056237344,0.12519508078535507,-0.004694336489563155,share,12,False,-0.1326244337161638,12,15.669674974619177
decoder_io,RMSE MSLP,72,127.44974772135417,157.86944834391275,30.419700622558594,23.783673095703122,36.15589292844136,23.867995948541044,3.9113491047783686,3.058092176036523,4.648905694135888,0.18502188558341942,share,2,True,0.37844156024011866,12,5.410966625106183
decoder_heads,RMSE MSLP,72,127.44974772135417,133.57670148213705,6.126953760782878,3.950327984491984,7.84833404223124,4.807348676890562,0.7878004916815289,0.5079310943075307,1.0091346627954023,0.03726599915522516,share,6,True,-0.20539524878311347,12,18.20369556467606
encoder_io,RMSE T2M,72,1.1017859776814778,1.7213823000590007,0.6195963223775228,0.6031910280386606,0.6351962514221668,56.2356333197631,34.704346165481205,33.78546560870543,35.57811722926812,0.5577952214501571,share,1,True,-0.30631875250061363,12,22.598023352247576
enc0_attn,RMSE T2M,72,1.1017859776814778,1.1121410926183064,0.010355114936828613,0.0046613186597824095,0.014075433959563573,0.9398481326309127,0.5800026248898247,0.2610861467607932,0.7883822335931034,0.009322252926173412,share,9,True,-0.47282823271993485,12,33.525958500827244
enc0_mlp,RMSE T2M,72,1.1017859776814778,1.0974229077498119,-0.004363069931666057,-0.009451050062974293,0.0041451451679070704,-0.3959997694695116,-0.2443808715192501,-0.5293648479935708,0.2321746395479208,-0.003927879283397886,share,12,False,-0.2413198599815612,12,19.633884603090713
enc1_attn,RMSE T2M,72,1.1017859776814778,1.142709106206894,0.040923128525416054,0.03749536847074827,0.04668228949109713,3.7142538890839627,2.2921543708827516,2.100161347016935,2.6147320049926304,0.03684128635669865,share,5,True,-0.6571432827807999,12,58.00008690118786
enc1_mlp,RMSE T2M,72,1.1017859776814778,1.1079669992129009,0.006181021531422933,-0.004936250299215316,0.020302436500787727,0.5610001993699217,0.34620655923146904,-0.27648540340923616,1.1371642452983006,0.005564500868369451,share,10,False,0.021854742441117087,12,11.486704130438545
enc2_attn,RMSE T2M,72,1.1017859776814778,1.1031220058600109,0.0013360281785329182,0.00043081243832906085,0.0025087450941403697,0.12126022708551469,0.07483256875497192,0.0241303304299747,0.14051787437006674,0.0012027671998581476,share,17,True,0.45886039695970027,12,4.451197146770569
enc2_mlp,RMSE T2M,72,1.1017859776814778,1.1004319091637929,-0.0013540685176849365,-0.0024329856038093566,-0.0003105205794175485,-0.12289759945342059,-0.0758430301671248,-0.13627449286050716,-0.017392636609366904,-0.0012190081209367666,share,16,True,0.5996510955787081,12,3.0032716923920746
downsample,RMSE T2M,72,1.1017859776814778,1.217076063156128,0.11529008547465007,0.09104104538758596,0.14047411928574244,10.463927460509034,6.457538386295173,5.099320057734236,7.868126854395865,0.10379057530809015,share,4,True,0.23278137160245002,12,7.468172177847908
dec0_attn,RMSE T2M,72,1.1017859776814778,1.1067958772182465,0.005009899536768596,0.0019116103649139404,0.008924310902754464,0.454707142607776,0.2806105870853836,0.10707162944888052,0.4998615448024882,0.004510191427269606,share,11,True,0.49864537355287997,12,4.014462409544252
dec0_mlp,RMSE T2M,72,1.1017859776814778,1.1052538752555847,0.003467897574106852,0.0016963923970858257,0.005540782461563745,0.3147523788063137,0.19424117531302298,0.09501700842098586,0.3103459875873385,0.0031219951207792514,share,13,True,-0.2078444605836288,12,18.29708031541665
dec1_attn,RMSE T2M,72,1.1017859776814778,1.1148174305756886,0.013031452894210815,0.011886243025461832,0.014279115945100784,1.1827571922482898,0.7299075800587101,0.6657629777074812,0.799790710174488,0.011731641861674335,share,7,True,-0.4294439298688993,12,30.06422691197615
dec1_mlp,RMSE T2M,72,1.1017859776814778,1.113235205411911,0.011449227730433146,0.0080312413473924,0.015093714495499929,1.0391517011793985,0.6412852177038566,0.44983962911356146,0.8454173691102168,0.010307234382580827,share,8,True,0.19754872279037858,12,8.040938245984844
dec2_attn,RMSE T2M,72,1.1017859776814778,1.099286953608195,-0.0024990240732828775,-0.006333698829015096,-2.4547427892688405e-05,-0.2268157449726898,-0.1399733881284026,-0.35475820099544353,-0.0013749313937034301,-0.002249761071881831,share,15,True,0.025274724255918597,12,11.40836015187805
dec2_mlp,RMSE T2M,72,1.1017859776814778,1.1155615250269573,0.01377554734547933,0.009248445431391398,0.01664288888374964,1.2502924909670425,0.7715852183596393,0.5180167153219595,0.9321885171929155,0.012401517253498015,share,6,True,0.1421843107626836,12,9.012370572639199
upsample,RMSE T2M,72,1.1017859776814778,1.1044516563415527,0.0026656786600748696,-0.0018818105260531108,0.010857276370127993,0.24194160336695691,0.14930791491820256,-0.10540250410686201,0.6081292996016824,0.00239979284061251,share,14,False,-0.288031206169296,12,21.70934261159044
decoder_io,RMSE T2M,72,1.1017859776814778,1.3014003932476044,0.1996144155661265,0.1823019951581955,0.2122175857424736,18.117349431709165,11.180647023282564,10.210957228330717,11.88656596564181,0.17970404780341617,share,2,True,0.20850840476907814,12,7.859191632668802
decoder_heads,RMSE T2M,72,1.1017859776814778,1.2374866008758545,0.13570062319437662,0.12701340466737746,0.1475176344315211,12.31642314780005,7.600757512791877,7.1141758013005925,8.262642733545926,0.12216528154198994,share,3,True,0.05392844430934299,12,10.77194446130316
encoder_io,|RQE| Z500,72,0.0051304475249101715,0.019032386209194858,0.013901938684284687,0.012105943692828683,0.01634705668451109,270.96931830577677,8.952016118382579,7.795502881115643,10.526525706323579,1.2419386667019296,share,1,True,0.3974525006915515,12,5.174107877100095
enc0_attn,|RQE| Z500,72,0.0051304475249101715,0.004511942844449853,-0.0006185046804603189,-0.0008408898356719874,-0.0002751009429630358,-12.0555697618435,-0.3982799805493989,-0.5414827049431084,-0.177148535288196,-0.055254514902164945,share,6,True,0.4403672754660627,12,4.662416877135916
enc0_mlp,|RQE| Z500,72,0.0051304475249101715,0.005498303934776534,0.0003678564098663628,0.00011502373672556132,0.0006305859977146608,7.170064757124742,0.23687750213548503,0.07406839927497502,0.40605962547866487,0.032862689843657325,share,9,True,-0.24618146170241886,12,19.837901007583927
enc1_attn,|RQE| Z500,72,0.0051304475249101715,0.006385593461648871,0.0012551459367386997,0.0006852468068245798,0.002103070776017072,24.464648174345687,0.8082388299776466,0.4412579136677058,1.354251656014472,0.112129272513031,share,4,True,0.5759820582844954,12,3.228599763454625
enc1_mlp,|RQE| Z500,72,0.0051304475249101715,0.002678350579420415,-0.0024520969454897568,-0.0027920528032458,-0.0021896718057784407,-47.794991247526504,-1.579003610818362,-1.7979148279719042,-1.4100175338462222,-0.21905966356678108,share,2,True,-0.576739237154985,12,44.702633711379605
enc2_attn,|RQE| Z500,72,0.0051304475249101715,0.005263009942912807,0.00013256241800263524,0.00010338948923163115,0.00016572177070581042,2.583837323332846,0.08536225986903928,0.0665766405026068,0.10671489755614982,0.011842549187408376,share,15,True,0.22477728098888683,12,7.59539940243043
enc2_mlp,|RQE| Z500,72,0.0051304475249101715,0.005104285335013022,-2.61621898971498e-05,-8.052011689869688e-05,2.0340943592600487e-05,-0.5099397229992694,-0.016846883803064455,-0.0518501340497225,0.013098349736638894,-0.0023372161233597586,share,17,False,0.33439409015368377,12,5.985691166569759
downsample,|RQE| Z500,72,0.0051304475249101715,0.006896022901249428,0.0017655753763392568,0.0008806359478815769,0.002422834145545494,34.41367186325856,1.1369248265405991,0.567076821362677,1.560160119797489,0.15772881600544622,share,3,True,0.20421447873888907,12,7.930004516416332
dec0_attn,|RQE| Z500,72,0.0051304475249101715,0.005276909777118514,0.00014646225220834216,0.0001080411282600835,0.00021774937243511277,2.8547656222427995,0.09431292082922582,0.06957201751478397,0.1402175578583427,0.013084299849158024,share,14,True,-0.07938408358453358,12,14.06950365734172
dec0_mlp,|RQE| Z500,72,0.0051304475249101715,0.005354156077373773,0.00022370855246360102,0.0001562733537866734,0.0002766123313146333,4.360410108034735,0.14405491298404727,0.10063068279487133,0.1781217788905384,0.019985147948504204,share,13,True,-0.20627036661790604,12,18.23699631540231
dec1_attn,|RQE| Z500,72,0.0051304475249101715,0.005376256012823433,0.0002458084879132609,0.0001625909547631939,0.0003931473552559812,4.791170491848364,0.15828594815500616,0.10469883955024917,0.2531633566424492,0.021959459948425207,share,12,True,0.11691424654852856,12,9.487773187748688
dec1_mlp,|RQE| Z500,72,0.0051304475249101715,0.005513123275401692,0.00038267575049151975,0.00031593480380252007,0.0005084504916643101,7.4589155942730345,0.2464202701733109,0.20344309669523786,0.32741167258375464,0.03418658520497226,share,7,True,0.4439481239890403,12,4.621095731401886
dec2_attn,|RQE| Z500,72,0.0051304475249101715,0.0052573926708040135,0.00012694514589384198,-3.3241439571914563e-06,0.00026452153542777523,2.474348393146554,0.08174507297149504,-0.002140549671553463,0.17033603028947583,0.011340726557361609,share,16,False,0.29862056056934594,12,6.481148942750324
dec2_mlp,|RQE| Z500,72,0.0051304475249101715,0.004883025646752988,-0.00024742187815718353,-0.0003572245759035771,-0.0001475135085153549,-4.82261785070135,-0.15932487486852734,-0.2300312376565303,-0.09498986694578206,-0.02210359320738371,share,10,True,0.3947172848021518,12,5.207788461160807
upsample,|RQE| Z500,72,0.0051304475249101715,0.0048841053115514415,-0.0002463422133587301,-0.0006975436369733264,0.00012733762026376384,-4.801573589100168,-0.15862963538447383,-0.44917633599689016,0.08199780296587807,-0.022007140655640543,share,11,False,0.2105633111997319,12,7.825481061552029
decoder_io,|RQE| Z500,72,0.0051304475249101715,0.006268815680717428,0.0011383681558072567,0.00022840616584289818,0.0022452027430214607,22.188476741650103,0.7330409312594638,0.14707989472540225,1.4457761324530742,0.10169685406808741,share,5,True,0.42288792840877293,12,4.867104935551314
decoder_heads,|RQE| Z500,72,0.0051304475249101715,0.004747859085910022,-0.00038258843900014955,-0.000946881791363315,0.00013632591629478456,-7.457213764345991,-0.24636404680074275,-0.609735178020138,0.08778572742546806,-0.034178785176527116,share,8,False,0.4692047925816039,12,4.335367350543795
encoder_io,|RQE| T850,72,0.004121761167577158,0.01639176206663251,0.012270000899055352,0.010107064977637492,0.014648811221801832,297.68830362065523,7.910676335407693,6.516195100293783,9.444335434652167,0.4812937980056849,share,1,True,0.6184238721483571,12,2.8292424580598228
enc0_attn,|RQE| T850,72,0.004121761167577158,0.004105790130173166,-1.5971037403990824e-05,-0.00023819981530929604,0.00025769086835983514,-0.38748090329985996,-0.01029679693449641,-0.15357143471854207,0.16613764505443096,-0.0006264678636534891,share,16,False,-0.3817812924528766,12,26.821212795749336
enc0_mlp,|RQE| T850,72,0.004121761167577158,0.00529630189218248,0.0011745407246053219,0.0007508519450008559,0.0016563316627677218,28.496088852613873,0.7572461967646029,0.4840869011811076,1.0678649330214678,0.046071648315948045,share,5,True,-0.10332214522754865,12,14.76546529198097
enc1_attn,|RQE| T850,72,0.004121761167577158,0.00449820813567688,0.0003764469680997233,-4.527021568113317e-05,0.000671389832374795,9.133158200939754,0.2427017036577172,-0.02918647087589972,0.4328563381938729,0.01476622475540239,share,9,False,-0.1948356705579707,12,17.807579797569716
enc1_mlp,|RQE| T850,72,0.004121761167577158,0.0036875812317399928,-0.0004341799358371645,-0.0015667414700146765,0.0004350907460320734,-10.533845077015537,-0.279923120788061,-1.0101046261130393,0.28051033546833604,-0.017030814590488056,share,8,False,0.6617959487874637,12,2.442206347603446
enc2_attn,|RQE| T850,72,0.004121761167577158,0.004053439731554438,-6.832143602271874e-05,-0.00012823476087457192,-4.275071357067488e-07,-1.6575787204788301,-0.04404798105496485,-0.08267511115710181,-0.0002756210541038891,-0.002679925103437303,share,14,True,0.19532431111652573,12,8.078232975603196
enc2_mlp,|RQE| T850,72,0.004121761167577158,0.003952965111238882,-0.00016879605633827546,-0.00022005086308733252,-0.00011304562018873802,-4.0952410747635986,-0.10882566182111213,-0.14187049940192076,-0.07288241621216053,-0.006621066755560281,share,11,True,-0.30685398754545895,12,22.624739331633975
downsample,|RQE| T850,72,0.004121761167577158,0.00489698142822211,0.0007752202606449524,0.00016391290409956127,0.001247628462927726,18.807985934338845,0.4997975648954306,0.10567741128920194,0.804367093226805,0.030408205069120342,share,6,True,0.4455538640919395,12,4.6026328012869975
dec0_attn,|RQE| T850,72,0.004121761167577158,0.004272107607296978,0.000150346439719821,3.9897699267991514e-05,0.00024384488157617545,3.6476261871377966,0.09693088310172437,0.025722719014699684,0.15721090406305116,0.005897376013636344,share,13,True,0.036601682976100766,12,11.152576726574086
dec0_mlp,|RQE| T850,72,0.004121761167577158,0.0042793469813962775,0.00015758581381912032,4.041275436369083e-06,0.0003474770458221124,3.823264071162861,0.10159822957069647,0.002605478371383865,0.2240243066073437,0.006181342240216164,share,12,True,-0.008980254957503759,12,12.217479137078998
dec1_attn,|RQE| T850,72,0.004121761167577158,0.004644255473976955,0.0005224943063997974,0.00030949967840570024,0.0007418531960865949,12.676481852220675,0.33686088363207445,0.19953965789593048,0.4782852561225648,0.020494967460260336,share,7,True,-0.036592532306754674,12,12.91157771224765
dec1_mlp,|RQE| T850,72,0.004121761167577158,0.004134356199453275,1.2595031876116991e-05,-0.00012135934472704928,0.00019904381285111109,0.3055740341093215,0.008120229283257428,-0.07824241451251765,0.128326900135095,0.0004940432178880859,share,17,False,0.4538050816515683,12,4.50840288213551
dec2_attn,|RQE| T850,72,0.004121761167577158,0.004068455503632625,-5.3305663944532476e-05,-0.00014984251271622876,5.238272666853529e-05,-1.2932739617192925,-0.03436705977272365,-0.09660599287108086,0.03377202655892342,-0.00209092775674156,share,15,False,-0.36315475653969503,12,25.68576470728707
dec2_mlp,|RQE| T850,72,0.004121761167577158,0.004480794120657568,0.0003590329530804108,0.00027861473936354744,0.0005311363997558751,8.710668534233792,0.23147459473971255,0.1796276172684455,0.342432586842428,0.014083155740483392,share,10,True,-0.6812949530499403,12,63.30473781220269
upsample,|RQE| T850,72,0.004121761167577158,0.005426848171434055,0.0013050870038568974,0.0009768510930977452,0.0015515827947335007,31.663333968087482,0.8414115827696251,0.6297923601603324,1.0003315727278388,0.0511923581735438,share,4,True,-0.22233642990011815,12,18.861674537380576
decoder_io,|RQE| T850,72,0.004121761167577158,0.01059044839348644,0.0064686872259092825,0.0055172014981508255,0.008052826428320259,156.93988474620153,4.170471655229807,3.557032773523085,5.191792892579424,0.2537358447388889,share,2,True,0.11616491438324567,12,9.502198905133632
decoder_heads,|RQE| T850,72,0.004121761167577158,0.005433238809928298,0.0013114776423511405,0.0011039697924085583,0.001515787623551053,31.818380275586165,0.8455317350923888,0.7117479276210711,0.9772538226995844,0.05144303253761923,share,3,True,-0.370431807873207,12,26.121366835455493
encoder_io,|RQE| Q700,72,0.172707616041104,0.1785047793140014,0.005797163272897403,-0.023189943532148996,0.032802880431214966,3.35663441241508,0.23038224151945286,-0.9215802488474392,1.3036032911767268,0.02498308780773247,share,10,False,0.37403272300073187,12,5.466832920533885
enc0_attn,|RQE| Q700,72,0.172707616041104,0.2064936955769857,0.033786079535881676,0.030451244814321397,0.03684519485880931,19.562588095617436,1.3426761278263364,1.210148085733437,1.4642469396158644,0.14560234928523866,share,3,True,0.273814095196907,12,6.841053879443895
enc0_mlp,|RQE| Q700,72,0.172707616041104,0.19952588652571043,0.026818270484606426,0.018607763200998308,0.035292450928439696,15.52813425334048,1.0657718227126354,0.7394820525326694,1.4025400995037887,0.11557432054756964,share,5,True,0.45836736184864,12,4.456758857780098
enc1_attn,|RQE| Q700,72,0.172707616041104,0.17293352571626505,0.0002259096751610438,-0.008949505801623066,0.009501112780223288,0.13080469775419623,0.008977766347871124,-0.3556579502786344,0.37757909449787896,0.0009735660331581214,share,16,False,0.49957199938668617,12,4.004566642892653
enc1_mlp,|RQE| Q700,72,0.172707616041104,0.1418572791541616,-0.030850336886942387,-0.04124517010059208,-0.022342591856916744,-17.8627541703778,-1.2260082093723412,-1.6391042122359225,-0.8879060587124248,-0.13295065863470118,share,4,True,-0.12321610929470446,12,15.372765688810855
enc2_attn,|RQE| Q700,72,0.172707616041104,0.1722540743649006,-0.00045354167620340985,-0.0017115242313593625,0.0006998815728972356,-0.2626066450338056,-0.01802397880955468,-0.06801685070331931,0.027813652638704812,-0.0019545544928895584,share,13,False,0.003475470238258189,12,11.916877603696287
enc2_mlp,|RQE| Q700,72,0.172707616041104,0.17492736565570036,0.002219749614596367,0.0011561957032730182,0.0035344927261273065,1.2852644634201145,0.08821398807473317,0.04594781019891282,0.14046255358828869,0.009566092401072658,share,12,True,0.04282334782593609,12,11.014444440695419
downsample,|RQE| Q700,72,0.172707616041104,0.2259757307668527,0.053268114725748696,0.038927947326252856,0.07113847509026527,30.842944825936925,2.11690219756392,1.547016590804246,2.8270794832003907,0.22956089468230836,share,1,True,0.35365501537281224,12,5.729775849417677
dec0_attn,|RQE| Q700,72,0.172707616041104,0.17241832986474037,-0.00028928617636362713,-0.001327343611046672,0.000973052205517888,-0.16750053239967005,-0.011496381008074407,-0.052749315826431956,0.03866959367363427,-0.0012466893902133478,share,15,False,-0.1736201422323198,12,17.042334193420174
dec0_mlp,|RQE| Q700,72,0.172707616041104,0.1730443611741066,0.00033674513300259906,-0.002204139810055494,0.0024959146976470947,0.19497989765688997,0.013382424284063811,-0.08759364643684628,0.09918893010544705,0.0014512155049974512,share,14,False,-0.1352766585025021,12,15.754541653099858
dec1_attn,|RQE| Q700,72,0.172707616041104,0.17559818116327128,0.0028905651221672692,0.00015281278950472676,0.006315497665976479,1.6736755381299002,0.11487254037094155,0.006072858624411962,0.25098111612636026,0.012456996441464877,share,11,True,0.10854568466611991,12,9.649987304969303
dec1_mlp,|RQE| Q700,72,0.172707616041104,0.18407951729993025,0.011371901258826256,0.007215871351460615,0.014099168870598077,6.584481634046625,0.45192518806476034,0.28676242814093345,0.5603082016260409,0.04900762568105572,share,8,True,-0.05869166444826264,12,13.496427784135864
dec2_attn,|RQE| Q700,72,0.172707616041104,0.14660327943662801,-0.026104336604475975,-0.02745740655809641,-0.024710081797093154,-15.114757069116862,-1.0373997241778068,-1.091171418051783,-0.9819913230938079,-0.11249759629872859,share,6,True,-0.13159156049199724,12,15.636765038346718
dec2_mlp,|RQE| Q700,72,0.172707616041104,0.16240566968917847,-0.010301946351925531,-0.012248635509361824,-0.007043486616263789,-5.964963554052933,-0.40940463134196736,-0.4867670568110775,-0.2799117703573149,-0.04439661575584188,share,9,True,-0.08509057102615439,12,14.232104774478268
upsample,|RQE| Q700,72,0.172707616041104,0.1726644684871038,-4.314755400021871e-05,-0.004251343881090482,0.005171730959167082,-0.024983005954960148,-0.0017147059240378833,-0.1689505861210836,0.20552724062107827,-0.00018594596693799554,share,17,False,0.19064213529962468,12,8.157190215648138
decoder_io,|RQE| Q700,72,0.172707616041104,0.1888798139989376,0.016172197957833607,0.006922579587747653,0.025387895510842383,9.363917080521025,0.6426914406983553,0.27510686303734533,1.008927987692548,0.06969468041610896,share,7,True,-0.2626258790486778,12,20.54792827423402
decoder_heads,|RQE| Q700,72,0.172707616041104,0.2187294059743484,0.046021789933244385,0.038003623470043144,0.05302548379016418,26.64722667603223,1.8289295340579714,1.5102834867222787,2.1072599197513813,0.19833259213977827,share,2,True,0.2666175189504352,12,6.948103623173681
encoder_io,Vag/Vg 850hPa,72,0.35660316050052643,0.3555988669395447,-0.0010042935609817505,-0.0016709481676419576,-0.0001436507329344751,-0.2816277790617809,-0.13753963748924328,-0.22883907073557982,-0.019673201641915966,-0.002497248280734918,share,11,True,-0.423057771541241,12,29.59861909244102
enc0_attn,Vag/Vg 850hPa,72,0.35660316050052643,0.3578486119707425,0.0012454514702161152,0.0010386930778622627,0.001461675390601158,0.3492541873347409,0.1705666056013699,0.14225070730524972,0.20017882336485926,0.0030969047931518967,share,10,True,0.3590596529375541,12,5.659269001272271
enc0_mlp,Vag/Vg 850hPa,72,0.35660316050052643,0.3589957008759181,0.002392540375391642,0.0020238103965918223,0.0027829976752400394,0.6709251740880491,0.32766229785249434,0.2771641272120623,0.3811360604679585,0.005949223983070249,share,5,True,-0.08980377632080726,12,14.367940643597997
enc1_attn,Vag/Vg 850hPa,72,0.35660316050052643,0.3520891492565473,-0.0045140112439791364,-0.00507927934328715,-0.0036099690943956386,-1.2658360171691392,-0.6182011856297667,-0.6956155717053443,-0.4943911420732194,-0.011224414111771676,share,4,True,0.10920069853083231,12,9.637202385274982
enc1_mlp,Vag/Vg 850hPa,72,0.35660316050052643,0.3587330679098765,0.002129907409350077,0.0011595076570908229,0.003085385200877984,0.5972766495845269,0.29169428576370826,0.15879646053527924,0.42254852418708805,0.005296168195009165,share,6,True,0.294064735594366,12,6.546212828353415
enc2_attn,Vag/Vg 850hPa,72,0.35660316050052643,0.35639895995457965,-0.000204200545946757,-0.0002482314283649127,-0.0001501812289158504,-0.05726268540641707,-0.02796559706821906,-0.03399569806797512,-0.020567563693809715,-0.0005077593664866053,share,15,True,-0.07337193228339421,12,13.900359417280256
enc2_mlp,Vag/Vg 850hPa,72,0.35660316050052643,0.3564270958304405,-0.00017606467008590698,-0.0003332383309801419,-2.0776502788067005e-05,-0.04937271723525487,-0.0241123430828398,-0.04563753171505403,-0.0028453758669641765,-0.00043779748447295017,share,16,True,0.3605422633898275,12,5.640025338281927
downsample,Vag/Vg 850hPa,72,0.35660316050052643,0.3580416093269984,0.0014384488264719646,0.0005863491445779801,0.0023155913998683295,0.40337523213562243,0.19699790761017988,0.08030146953102764,0.3171240104335258,0.003576806621483008,share,8,True,-0.07076336281013582,12,13.827651471619983
dec0_attn,Vag/Vg 850hPa,72,0.35660316050052643,0.3560165489713351,-0.0005866115291913351,-0.0006691032399733861,-0.0005087486778696379,-0.16449981216318163,-0.08033740353081184,-0.0916347775633005,-0.06967395933408092,-0.00145865182218266,share,13,True,0.05964757376405918,12,10.64903973190603
dec0_mlp,Vag/Vg 850hPa,72,0.35660316050052643,0.35619353751341504,-0.0004096229871114095,-0.0006415390719970068,-0.00017011774082978585,-0.11486801926726187,-0.05609853467495049,-0.08785981990305448,-0.02329790144362278,-0.0010185570634481615,share,14,True,0.4627008536244644,12,4.408003003847149
dec1_attn,Vag/Vg 850hPa,72,0.35660316050052643,0.35661760717630386,1.4446675777435303e-05,-0.0001900785913070043,0.0003183104097843169,0.004051191177654741,0.00197849575716755,-0.02603157239928422,0.04359312861469494,3.592269994469343e-05,share,17,False,0.4047176902442454,12,5.085283517592063
dec1_mlp,Vag/Vg 850hPa,72,0.35660316050052643,0.35802868008613586,0.001425519585609436,0.0011729434753457706,0.0016383014619350432,0.3997495657662102,0.19522722703396975,0.1606365177097476,0.2243680512621924,0.003544657132758223,share,9,True,-0.18771668685501036,12,17.546341296951017
dec2_attn,Vag/Vg 850hPa,72,0.35660316050052643,0.3581053167581558,0.0015021562576293945,0.0013380906855066617,0.0016582898174722985,0.4212403096823302,0.20572274397993437,0.18325369688959262,0.2271054890805856,0.003735219738034714,share,7,True,0.16889829301677875,12,8.532154203133476
dec2_mlp,Vag/Vg 850hPa,72,0.35660316050052643,0.357537142932415,0.0009339824318885803,0.0006990517179171244,0.0011202148472269375,0.26191086769327765,0.12791041394082134,0.0957362703536254,0.15341524628221806,0.002322414593587898,share,12,True,-0.30578965987708434,12,22.571654458143918
upsample,Vag/Vg 850hPa,72,0.35660316050052643,0.39364299923181534,0.03703983873128891,0.0360376013442874,0.03817856398721536,10.38685094077685,5.072666190134105,4.93540814901752,5.228616467010186,0.09210222706196429,share,3,True,0.1347754870906718,12,9.149558016565026
decoder_io,Vag/Vg 850hPa,72,0.35660316050052643,0.4373539338509242,0.08075077335039775,0.07864132709801197,0.08378755537172158,22.644435690658593,11.058949818151403,10.770057721130922,11.474842057805343,0.20079261458190328,share,2,True,-0.004670361893693408,12,12.112614636555884
decoder_heads,Vag/Vg 850hPa,72,0.35660316050052643,0.7149469405412674,0.35834378004074097,0.34949743561446667,0.36733400467783217,100.48811108061169,49.075763818647296,47.86424255358477,50.30698971272117,0.8910476213190152,share,1,True,0.4666455194542286,12,4.363872307011809
encoder_io,|Vag| 850hPa,72,3.7840824921925864,3.6528465151786804,-0.13123597701390585,-0.14480300148328146,-0.11812928716341654,-3.4681056051149834,-2.0601993241636904,-2.2731803624330835,-1.8544448185288525,-0.01696202873652025,share,4,True,0.21009045051881645,12,7.83322816051494
enc0_attn,|Vag| 850hPa,72,3.7840824921925864,3.781835357348124,-0.0022471348444620767,-0.00572245717048645,0.0005691548188527405,-0.05938387572412656,-0.035276498054911426,-0.08983361623423305,0.008934839362080393,-0.0002904383894864662,share,17,False,-0.1121806569409734,12,15.032526591847821
enc0_mlp,|Vag| 850hPa,72,3.7840824921925864,3.8007266918818154,0.01664419968922933,0.013617249329884847,0.02033194253842036,0.43984769686099756,0.2612878703784279,0.21376948992748065,0.31917965812187427,0.00215123474407612,share,10,True,-0.6564214004167831,12,57.85301188465625
enc1_attn,|Vag| 850hPa,72,3.7840824921925864,3.6549166440963745,-0.12916584809621176,-0.1360026796658834,-0.11965268055597941,-3.4133993738960493,-2.0277015419685447,-2.135029091164647,-1.8783597091648319,-0.016694468064597887,share,5,True,-0.38162567444895823,12,26.811443179846236
enc1_mlp,|Vag| 850hPa,72,3.7840824921925864,3.8934447169303894,0.10936222473780315,0.09301572342713674,0.12413567304611206,2.8900592141805057,1.7168156676273756,1.4602011955980525,1.9487356709136712,0.014134883138758858,share,6,True,0.03192081771438352,12,11.257598439731018
enc2_attn,|Vag| 850hPa,72,3.7840824921925864,3.778819978237152,-0.005262513955434163,-0.005948088566462199,-0.004653721551100413,-0.1390697471921374,-0.08261322802693537,-0.09337567581329265,-0.07305614064508519,-0.000680171054991687,share,14,True,-0.3022738048854924,12,22.39744726233366
enc2_mlp,|Vag| 850hPa,72,3.7840824921925864,3.7793214321136475,-0.004761060078938802,-0.007034116486708323,-0.0025598332285881047,-0.12581808374320433,-0.07474118744049207,-0.11042461344627787,-0.0401853730014153,-0.0006153589870154451,share,15,True,0.23858220774369096,12,7.3769939935763205
downsample,|Vag| 850hPa,72,3.7840824921925864,3.742690841356913,-0.04139165083567301,-0.04856143196423848,-0.033329926927884425,-1.0938358484803992,-0.6497840989794833,-0.7623384348526944,-0.5232276582508831,-0.005349801075145001,share,7,True,-0.2671306671527637,12,20.747993297466444
dec0_attn,|Vag| 850hPa,72,3.7840824921925864,3.769165893395742,-0.014916598796844482,-0.015942788620789846,-0.013344089190165201,-0.39419327743570026,-0.23416724178327739,-0.25027681501053256,-0.20948130350144262,-0.0019279452418478951,share,13,True,-0.26076313813686064,12,20.465913482062405
dec0_mlp,|Vag| 850hPa,72,3.7840824921925864,3.763893802960714,-0.02018868923187256,-0.022890338301658632,-0.018076821664969125,-0.5335160973241563,-0.31693080554311287,-0.3593424651683615,-0.2837777919179188,-0.0026093540406790586,share,9,True,0.32260801290873214,12,6.145965974618774
dec1_attn,|Vag| 850hPa,72,3.7840824921925864,3.763857424259186,-0.02022506793340047,-0.02337061514457067,-0.017110776404539743,-0.5344774585419143,-0.3175018941882167,-0.36688205949068675,-0.26861239415174637,-0.0026140559265091035,share,8,True,0.18050256275702384,12,8.330324352662828
dec1_mlp,|Vag| 850hPa,72,3.7840824921925864,3.780639886856079,-0.0034426053365071616,-0.008999369045098623,0.00024428913990655587,-0.09097595899693073,-0.05404351267856106,-0.14127600103626506,0.0038349569408294747,-0.00044495093475888114,share,16,False,0.04269831051390819,12,11.017204265125613
dec2_attn,|Vag| 850hPa,72,3.7840824921925864,3.800311287244161,0.016228795051574707,0.013686315715312957,0.019060999155044552,0.4288700123493175,0.25476666808906,0.2148537240210505,0.29922783729454344,0.0020975443951222286,share,11,True,-0.02736314824685836,12,12.675190906802364
dec2_mlp,|Vag| 850hPa,72,3.7840824921925864,3.7999802430470786,0.015897750854492188,0.013531188170115152,0.017723360160986582,0.42012167777242765,0.24956979260860046,0.2124184644904888,0.27822899982453153,0.002054757490862149,share,12,True,-0.3714781298622882,12,26.184828786851128
upsample,|Vag| 850hPa,72,3.7840824921925864,4.278910040855408,0.49482754866282147,0.4880310152967771,0.5028298298517863,13.076552894493238,7.768017616272249,7.6613226857662875,7.893640899402348,0.06395562627732251,share,3,True,-0.34408135472433066,12,24.589903599879044
decoder_io,|Vag| 850hPa,72,3.7840824921925864,4.755093574523926,0.9710110823313395,0.9497807050744692,1.0036297475298246,25.660410002550254,15.243353393578253,14.910069717321477,15.755415356510262,0.12550154505451358,share,2,True,-0.34963480425589144,12,24.90234372480626
decoder_heads,|Vag| 850hPa,72,3.7840824921925864,11.11036459604899,7.326282103856404,7.048220260441304,7.632330509523551,193.60788563600747,115.01115610544949,110.64602060743891,119.81563680398553,0.9469096082113123,share,1,True,0.5075439806399376,12,3.9199335529914268
encoder_io,Vag/Vg 500hPa,72,0.2426200546324253,0.23878025387724242,-0.003839800755182902,-0.005561931679646174,-0.002023928798735142,-1.5826394734764544,-1.6568802167671204,-2.399982487262443,-0.8733285398319492,-0.007387138828149474,share,5,True,0.028047027254071037,12,11.345235542487156
enc0_attn,Vag/Vg 500hPa,72,0.2426200546324253,0.24322127923369408,0.0006012246012687683,0.0004068676692744096,0.0009007951555152734,0.2478049896492014,0.25942938480110594,0.1755640552841148,0.3886945619556828,0.0011566562641242173,share,14,True,0.08096156721599061,12,10.202454488564141
enc0_mlp,Vag/Vg 500hPa,72,0.2426200546324253,0.24512961134314537,0.0025095567107200623,0.002264001810302337,0.0027211159467697144,1.034356667062043,1.0828777668306848,0.976920431392594,1.1741659182827873,0.004827970251888813,share,8,True,0.3812946309892611,12,5.375004189230493
enc1_attn,Vag/Vg 500hPa,72,0.2426200546324253,0.23705987383921942,-0.005560180793205897,-0.00610720431432128,-0.004880220567186675,-2.291723494016063,-2.3992269769405112,-2.6352685082671012,-2.10582304311424,-0.01069686425098527,share,4,True,-0.34262682622092827,12,24.508943408855707
enc1_mlp,Vag/Vg 500hPa,72,0.2426200546324253,0.2459612973034382,0.0033412426710128784,0.002262809903671344,0.004106639573971431,1.3771502426190343,1.441751599623213,0.9764061217596112,1.7720215972982465,0.006427995889107897,share,7,True,0.5522623163977795,12,3.461304282445655
enc2_attn,Vag/Vg 500hPa,72,0.2426200546324253,0.24218190958102545,-0.00043814505139986676,-0.0005230854575832684,-0.00038320794701576235,-0.18058896741395353,-0.18906029609973157,-0.22571221831717436,-0.1653548469829695,-0.000842918299130167,share,15,True,-0.09412158757725354,12,14.493621738719517
enc2_mlp,Vag/Vg 500hPa,72,0.2426200546324253,0.24227966740727425,-0.000340387225151062,-0.00044223759323358536,-0.00022549014538526547,-0.1402964094071927,-0.14687763645855786,-0.19082623449938094,-0.09729936129120634,-0.0006548484798659024,share,16,True,0.20824408331956226,12,7.863536127618979
downsample,Vag/Vg 500hPa,72,0.2426200546324253,0.246314637362957,0.0036945827305316925,0.0032043705383936563,0.004418282428135475,1.522785383973747,1.5942184049952937,1.3826910537192596,1.9064959913313946,0.007107763470717154,share,6,True,-0.3539140670159173,12,25.146761405485165
dec0_attn,Vag/Vg 500hPa,72,0.2426200546324253,0.24167930955688158,-0.0009407450755437216,-0.0010085063676039377,-0.0008007882162928584,-0.3877441528767978,-0.4059330168591616,-0.43517212363458674,-0.3455414064401544,-0.001809837259279463,share,10,True,-0.23725969353614998,12,19.465493296488685
dec0_mlp,Vag/Vg 500hPa,72,0.2426200546324253,0.2419744407137235,-0.0006456139187018076,-0.0007857639652987322,-0.0005133429542183875,-0.2661008050962344,-0.2785834468423004,-0.3390584179126089,-0.2215083124074029,-0.001242053937407668,share,11,True,-0.1608263228049551,12,16.599562465091243
dec1_attn,Vag/Vg 500hPa,72,0.2426200546324253,0.24252408370375633,-9.597092866897583e-05,-0.00022737930218378702,0.00014359221483270323,-0.03955605764510023,-0.04141161045446491,-0.09811453549565341,0.06196027221385022,-0.00018463212514014554,share,17,False,-0.20107287001586008,12,18.040286653523008
dec1_mlp,Vag/Vg 500hPa,72,0.2426200546324253,0.24325316896041235,0.0006331143279870352,0.00037952118242780367,0.0008916495367884636,0.26094888526268667,0.2731898532958025,0.16376400211909964,0.38474821272959536,0.0012180068011648727,share,12,True,0.45076409713510607,12,4.543006576599158
dec2_attn,Vag/Vg 500hPa,72,0.2426200546324253,0.24389996752142906,0.0012799128890037537,0.0011514959235986073,0.0014487769765158494,0.5275379609253035,0.5522844752069842,0.49687234758815946,0.6251496012277993,0.002462339793606877,share,9,True,0.03927675164748271,12,11.092982655442556
dec2_mlp,Vag/Vg 500hPa,72,0.2426200546324253,0.2432260699570179,0.0006060153245925903,0.000486280582845211,0.0007499380347629389,0.24977956810318785,0.2614965896394121,0.20983085552725153,0.3235994711243134,0.0011658728200177903,share,13,True,-0.13254317905404164,12,15.667083156747896
upsample,Vag/Vg 500hPa,72,0.2426200546324253,0.2720441644390424,0.0294241098066171,0.02717078619947036,0.03266763112818201,12.127649485198274,12.69655082200875,11.724238052494249,14.096135501789162,0.056607099663389004,share,3,True,0.6402651771965409,12,2.6317804789464585
decoder_io,Vag/Vg 500hPa,72,0.2426200546324253,0.3742225890358289,0.1316025344034036,0.12827986888587475,0.13667864948511121,54.24223261460572,56.786705777661474,55.35297024971854,58.977057619631964,0.2531814158487378,share,2,True,0.19853649273537,12,8.024421572033905
decoder_heads,Vag/Vg 500hPa,72,0.2426200546324253,0.7298243592182795,0.48720430458585423,0.4792743580105404,0.4968211160041392,200.80957665432047,210.22944294765443,206.8076582149641,214.37911257981676,0.9373001530847119,share,1,True,0.39450395640424624,12,5.210420873874345
encoder_io,|Vag| 500hPa,72,4.138371070226033,3.9175439874331155,-0.22082708279291788,-0.26050792038440707,-0.17622216145197553,-5.336087050812883,-1.5351075203380213,-1.8109539039862153,-1.2250307429403058,-0.012776264146988755,share,4,True,0.15586391294722374,12,8.763690025415501
enc0_attn,|Vag| 500hPa,72,4.138371070226033,4.135397454102834,-0.002973616123199463,-0.007282535235087077,0.002045054733753202,-0.07185474846838824,-0.02067147025440978,-0.05062546887417981,0.014216457789425152,-0.00017204277926982344,share,17,False,-0.19288770547311027,12,17.73563921990339
enc0_mlp,|Vag| 500hPa,72,4.138371070226033,4.171942989031474,0.03357191880544027,0.029296857118606565,0.03641792237758636,0.8112351027914616,0.23337945861802428,0.20366082418982978,0.25316381401163934,0.0019423509886320883,share,7,True,-0.14491644469453732,12,16.06743253462107
enc1_attn,|Vag| 500hPa,72,4.138371070226033,3.985433260599772,-0.15293780962626138,-0.16039220492045084,-0.14013240188360215,-3.6956040681462645,-1.0631666131344102,-1.114986789042877,-0.9741481943873534,-0.008848433938147647,share,5,True,-0.40420487597769955,12,28.28230348374198
enc1_mlp,|Vag| 500hPa,72,4.138371070226033,4.274470150470734,0.1360990802447001,0.11384127537409464,0.15372028847535452,3.2887113778626555,0.9461100466134829,0.7913820883805514,1.0686061142615193,0.007874205361844655,share,6,True,0.6346328227501288,12,2.682196310986873
enc2_attn,|Vag| 500hPa,72,4.138371070226033,4.12872181336085,-0.009649256865183512,-0.011303062240282696,-0.008317281305789948,-0.23316557895463155,-0.06707803495872448,-0.07857467312638504,-0.05781863764082865,-0.0005582714446639557,share,14,True,0.133404379668629,12,9.175143162069682
enc2_mlp,|Vag| 500hPa,72,4.138371070226033,4.130349814891815,-0.008021255334218344,-0.009803162515163423,-0.005723154544830323,-0.1938263920296599,-0.05576077549173218,-0.0681479296370336,-0.03978523589909742,-0.00046408110655756396,share,15,True,0.2369134843659709,12,7.403135549372843
downsample,|Vag| 500hPa,72,4.138371070226033,4.158372600873311,0.020001530647277832,0.010753088196118673,0.032015126943588254,0.4833189268884332,0.13904318132799395,0.07475145868860421,0.22255722221248722,0.0011572169303769298,share,11,True,-0.34706801599201287,12,24.757274245745037
dec0_attn,|Vag| 500hPa,72,4.138371070226033,4.113663673400879,-0.02470739682515462,-0.02716230551401774,-0.020891300837198895,-0.5970319337218141,-0.17175660790591674,-0.18882221753293385,-0.14522853184136955,-0.0014294814939826328,share,8,True,0.1508557808052793,12,8.8540465280599
dec0_mlp,|Vag| 500hPa,72,4.138371070226033,4.116996864477794,-0.021374205748240154,-0.023621631662050883,-0.018770492076873778,-0.5164883811898656,-0.1485855066796541,-0.16420877343687834,-0.13048546031229052,-0.0012366349956616808,share,10,True,-0.09890496041661052,12,14.634260478335465
dec1_attn,|Vag| 500hPa,72,4.138371070226033,4.1227781772613525,-0.01559289296468099,-0.017320878307024636,-0.011911001801490786,-0.37678817824882305,-0.10839597639549711,-0.12040828602942519,-0.08280084221994999,-0.0009021489430230161,share,13,True,-0.4689424444750878,12,33.19284162387583
dec1_mlp,|Vag| 500hPa,72,4.138371070226033,4.132464150587718,-0.005906919638315837,-0.011330817143122356,-0.0015235344568888347,-0.1427353791643727,-0.041062702292337654,-0.0787676148595119,-0.010591043329849939,-0.00034175321541030996,share,16,True,0.20385328278213663,12,7.9359841795134445
dec2_attn,|Vag| 500hPa,72,4.138371070226033,4.161649862925212,0.02327879269917806,0.021576526761054995,0.025242012739181516,0.5625110050343213,0.16182548483153775,0.1499919669034923,0.17547305835092256,0.0013468275756130697,share,9,True,-0.27048915695817866,12,20.898757062921586
dec2_mlp,|Vag| 500hPa,72,4.138371070226033,4.156144201755524,0.017773131529490154,0.013331207633018493,0.022077978154023483,0.4294716744315392,0.1235521817605252,0.09267358348353207,0.1534778699670752,0.0010282897381426756,share,12,True,0.31502293346051774,12,6.250632281251068
upsample,|Vag| 500hPa,72,4.138371070226033,4.709447185198466,0.5710761149724325,0.5440381596485774,0.6114208986361821,13.799538641691717,3.9699081638537,3.7819503824653724,4.250370052972215,0.033040418777646026,share,3,True,0.5098355904483193,12,3.895770474501545
decoder_io,|Vag| 500hPa,72,4.138371070226033,6.664391001065572,2.5260199308395386,2.4817132373650868,2.5717361390590665,61.03899065536359,17.559948459726996,17.25194485123064,17.87775048904125,0.14614646658729144,share,2,True,0.0004864505363447978,12,11.988330863585391
decoder_heads,|Vag| 500hPa,72,4.138371070226033,21.20546309153239,17.067092021306355,16.51471664806207,17.548933911323548,412.4108672636301,118.64405842275012,114.80415084079831,121.9936435353376,0.9874408207876185,share,1,True,0.4083936926519695,12,5.0406897767403445
encoder_io,Vag/Vg 250hPa,72,0.27468056976795197,0.26245807607968646,-0.012222493688265482,-0.01393873772273461,-0.010689171651999157,-4.44971178652751,-2.788105389615935,-3.179602359419536,-2.4383352410385295,-0.0263630568220188,share,4,True,0.04888357133952252,12,10.881471934344201
enc0_attn,Vag/Vg 250hPa,72,0.27468056976795197,0.27491993457078934,0.00023936480283737183,-8.06111842393875e-05,0.0006924640387296675,0.08714296866341342,0.05460213880216292,-0.018388430624180954,0.1579598049087958,0.0005162929971034806,share,15,False,-0.00755989349137268,12,12.182819540043816
enc0_mlp,Vag/Vg 250hPa,72,0.27468056976795197,0.2771322975556056,0.002451727787653605,0.002213348386188348,0.0027370813613136606,0.8925741597684925,0.559270115654953,0.5048927593682572,0.6243628747071913,0.005288203915383402,share,7,True,-0.1720540098497397,12,16.987398073688773
enc1_attn,Vag/Vg 250hPa,72,0.27468056976795197,0.268467312057813,-0.006213257710138957,-0.0066973420480887095,-0.005669959075748921,-2.2619938918096283,-1.4173226634874672,-1.5277484232456546,-1.2933893738210438,-0.01340155865406587,share,6,True,-0.4225749907343344,12,29.56383879271484
enc1_mlp,Vag/Vg 250hPa,72,0.27468056976795197,0.2827529162168503,0.008072346448898315,0.0071317524959643675,0.008823420976599057,2.93881232870522,1.8414043169135312,1.6268429404463811,2.012733915610412,0.017411481940354228,share,5,True,-0.104225744203246,12,14.79246455754971
enc2_attn,Vag/Vg 250hPa,72,0.27468056976795197,0.2741868644952774,-0.0004937052726745605,-0.0005761738245685895,-0.00043708005299170815,-0.1797379673020334,-0.11262041664601499,-0.13143253632256796,-0.09970348789050898,-0.0010648874516781847,share,12,True,-0.01927549764023456,12,12.471704278064347
enc2_mlp,Vag/Vg 250hPa,72,0.27468056976795197,0.27440012743075687,-0.00028044233719507855,-0.0004017142578959465,-0.00013539238522450133,-0.10209762468164169,-0.06397244390158889,-0.09163610275377436,-0.03088471539321033,-0.0006048943414772843,share,14,True,0.3868396379179034,12,5.305533634755201
downsample,Vag/Vg 250hPa,72,0.27468056976795197,0.2747555399934451,7.49702254931132e-05,-0.00041037828971942264,0.0006220144530137376,0.027293603459628567,0.017101656592283666,-0.09361247798774396,0.14188936342275332,0.00016170548867061734,share,16,False,-0.35638397807902794,12,25.28931409812992
dec0_attn,Vag/Vg 250hPa,72,0.27468056976795197,0.27348852654298145,-0.0011920432249704997,-0.0012969079116980234,-0.001061708355943362,-0.4339743528191778,-0.2719201355273566,-0.2958410968059946,-0.24218910354177017,-0.002571153160371117,share,9,True,-0.4399031091270639,12,30.849729022053534
dec0_mlp,Vag/Vg 250hPa,72,0.27468056976795197,0.27410153051217395,-0.0005790392557779948,-0.0007119181255499522,-0.0004278002306818962,-0.2108045925007228,-0.13208617742088055,-0.16239752815063857,-0.0975866430586311,-0.0012489468345490368,share,10,True,0.23325297924783195,12,7.460727364013941
dec1_attn,Vag/Vg 250hPa,72,0.27468056976795197,0.27422040949265164,-0.0004601602753003438,-0.0007025126367807389,-0.0001632058372100195,-0.1675256009877523,-0.10496837849740878,-0.16025201721005264,-0.0372293155511223,-0.0009925332583011009,share,13,True,0.1697257889135718,12,8.517629197772012
dec1_mlp,Vag/Vg 250hPa,72,0.27468056976795197,0.27418574939171475,-0.0004948203762372335,-0.0007659576833248138,-0.0003381603086988133,-0.18014393105972293,-0.11287478587150727,-0.17472463472376004,-0.07713864316759964,-0.0010672926514136041,share,11,True,0.10858166948951462,12,9.649284541256797
dec2_attn,Vag/Vg 250hPa,72,0.27468056976795197,0.2760993192593257,0.001418749491373698,0.0012729939073324204,0.0015628537163138389,0.5165088643045436,0.3236347020748778,0.2903860099669603,0.3565066982868923,0.0030601425872041456,share,8,True,-0.5410938409863959,12,40.29827390328951
dec2_mlp,Vag/Vg 250hPa,72,0.27468056976795197,0.2746492053071658,-3.136446078618368e-05,-0.00013406462967395781,5.741150428851444e-05,-0.011418521817061954,-0.007154630175371863,-0.030581837559849945,0.013096290218291881,-6.765092975192057e-05,share,17,False,-0.2643446719987951,12,20.623973600801126
upsample,Vag/Vg 250hPa,72,0.27468056976795197,0.30108170708020526,0.026401137312253315,0.024205346032977106,0.02904075427601735,9.611578035736853,6.022433319229625,5.521545557994834,6.624563332211989,0.05694539108636085,share,3,True,0.6628934628335198,12,2.4326744535424005
decoder_io,Vag/Vg 250hPa,72,0.27468056976795197,0.36577655126651126,0.09109598149855931,0.08767380639910698,0.09415716088066499,33.16433396636555,20.78014548146846,19.99950406063034,21.47843921362429,0.1964876070101619,share,2,True,0.19311414749862318,12,8.115426550189067
decoder_heads,Vag/Vg 250hPa,72,0.27468056976795197,0.7323686679204305,0.4576880981524785,0.4482158246760567,0.4725760264322162,166.62558204940737,104.40444362406407,102.24369824712981,107.80056835406118,0.9872009465580528,share,1,True,0.5625945974262351,12,3.359070125757913
encoder_io,|Vag| 250hPa,72,7.558339079221089,7.139922221501668,-0.4184168577194214,-0.47369079689184823,-0.3671453207731247,-5.53583073389373,-2.087549728283362,-2.3633203971074326,-1.8317476948655675,-0.015811576414317165,share,4,True,0.13565920875403045,12,9.13310033062753
enc0_attn,|Vag| 250hPa,72,7.558339079221089,7.537824114163716,-0.020514965057373047,-0.029530127843221027,-0.010050150752067574,-0.2714216025815976,-0.10235249594073405,-0.14733060874097673,-0.05014183602935572,-0.000775241082325647,share,14,True,-0.015269940421217062,12,12.37216145332861
enc0_mlp,|Vag| 250hPa,72,7.558339079221089,7.595122814178467,0.036783734957377114,0.03063050905863444,0.04299785296122232,0.48666426012165354,0.18352003390602298,0.1528205895217816,0.21452327890230047,0.0013900224748415093,share,9,True,-0.4905339956035941,12,35.10814812547542
enc1_attn,|Vag| 250hPa,72,7.558339079221089,7.339645942052205,-0.21869313716888428,-0.23325990339120228,-0.20447423160076142,-2.8934020408015524,-1.0910956158952814,-1.1637715808052769,-1.0201551843433432,-0.008264206343118514,share,6,True,-0.3257726926854394,12,23.59630370889562
enc1_mlp,|Vag| 250hPa,72,7.558339079221089,7.836133360862732,0.27779428164164227,0.24534555276234946,0.3063962916533152,3.6753350005867933,1.3859608341797574,1.224068850371276,1.528660912168165,0.010497582567723809,share,5,True,0.04934071199238314,12,10.871503722019135
enc2_attn,|Vag| 250hPa,72,7.558339079221089,7.542641003926595,-0.01569807529449463,-0.018921343485514323,-0.01319873332977295,-0.2076921282567329,-0.07832024979636219,-0.09440165883189314,-0.06585062639786936,-0.0005932153843644843,share,15,True,0.21239712065245567,12,7.795494059804693
enc2_mlp,|Vag| 250hPa,72,7.558339079221089,7.547488967577617,-0.010850111643473307,-0.014563557505607606,-0.006631087263425191,-0.14355153334284446,-0.05413297097213372,-0.07265995610066243,-0.033083572422096495,-0.0004100154336269409,share,16,True,0.3821480648829569,12,5.364275658868985
downsample,|Vag| 250hPa,72,7.558339079221089,7.528321941693624,-0.03001713752746582,-0.05152902106444041,-0.007171887159347568,-0.3971393346189912,-0.14976037923243796,-0.2570866635443098,-0.03578171102468948,-0.0011343191723715371,share,11,True,-0.13119102287232703,12,15.62402395903554
dec0_attn,|Vag| 250hPa,72,7.558339079221089,7.518272717793782,-0.04006636142730713,-0.04476158916950226,-0.03462757368882497,-0.5300947867958855,-0.19989759104535162,-0.22332284558904061,-0.17276259479414224,-0.0015140698173693853,share,8,True,-0.21809157836604878,12,18.694131609232816
dec0_mlp,|Vag| 250hPa,72,7.558339079221089,7.535393238067627,-0.022945841153462727,-0.027426840861638387,-0.016874954104423523,-0.30358311413342104,-0.11448053198961954,-0.13683696804295048,-0.08419188951298415,-0.0008671015856441654,share,13,True,0.4057396238242521,12,5.072862992016308
dec1_attn,|Vag| 250hPa,72,7.558339079221089,7.535269379615784,-0.02306969960530599,-0.029733893275260926,-0.014917771021525065,-0.3052218134633276,-0.11509848194244954,-0.14834722760907615,-0.07442718491868398,-0.0008717820791275136,share,12,True,0.1550578799021849,12,8.778179533334226
dec1_mlp,|Vag| 250hPa,72,7.558339079221089,7.527631839116414,-0.030707240104675293,-0.03964142004648844,-0.02577761709690094,-0.4062696815110307,-0.1532034131852127,-0.1977774894105861,-0.12860872255417818,-0.0011603974945804904,share,10,True,0.21144406343296418,12,7.811067406603417
dec2_attn,|Vag| 250hPa,72,7.558339079221089,7.6044604778289795,0.04612139860788981,0.04187018076578776,0.049862982829411824,0.6102054713936274,0.23010715595142717,0.20889713898527376,0.24877452792960225,0.0017428839325418553,share,7,True,-0.5915268801749648,12,46.75539621867928
dec2_mlp,|Vag| 250hPa,72,7.558339079221089,7.553643226623535,-0.0046958525975545245,-0.009628052512804667,-0.0005940596262613932,-0.06212810180035541,-0.023428372048664367,-0.0480359192900425,-0.002963860056082355,-0.00017745181822093867,share,17,True,-0.12429675299487573,12,15.406544491046706
upsample,|Vag| 250hPa,72,7.558339079221089,8.390430370966593,0.8320912917455038,0.7810148070255915,0.8894499639670054,11.008917210833223,4.151438733749784,3.896609847600503,4.437610474686148,0.03144394113285084,share,3,True,0.5601094741442522,12,3.3835358337045083
decoder_io,|Vag| 250hPa,72,7.558339079221089,10.298074324925741,2.739735245704651,2.5816849569479627,2.8881333291530606,36.247847800802674,13.668984559829372,12.880445973818627,14.409366724326757,0.10353199779896528,share,2,True,0.5929112994002507,12,3.066752310085486
decoder_heads,|Vag| 250hPa,72,7.558339079221089,34.299245834350586,26.740906755129497,25.384167646368347,28.36191907823086,353.79342570967634,133.41473126820006,126.64573927948582,141.50222528810738,1.0105135171929154,share,1,True,0.5762332094080073,12,3.226173295139356
encoder_io,div/vort 850hPa,72,0.4078478068113327,0.3919672593474388,-0.01588054746389389,-0.01817950854698817,-0.012296127031246823,-3.8937434990891373,-2.5200440075713657,-2.8848603411558105,-1.9512413732512421,-0.07070202064209226,share,4,True,-0.12343028697432488,12,15.379453845329275
enc0_attn,div/vort 850hPa,72,0.4078478068113327,0.4086989462375641,0.0008511394262313843,9.571015834808354e-06,0.0014451246087749795,0.2086904507065585,0.13506516797099144,0.0015188003534334958,0.22932317785751843,0.0037893704495723037,share,10,True,0.2447371768987095,12,7.2811787463410855
enc0_mlp,div/vort 850hPa,72,0.4078478068113327,0.4071759233872096,-0.0006718834241231283,-0.0012348510324954986,-0.0002111933504541715,-0.1647387611021129,-0.1066194852915263,-0.19595539459573308,-0.03351373990481153,-0.0029913021468206515,share,12,True,0.11703395266755676,12,9.485470466395661
enc1_attn,div/vort 850hPa,72,0.4078478068113327,0.4064565723141034,-0.0013912344972292583,-0.002131312092145284,-0.0007103258743882192,-0.3411160913445424,-0.2207714920307599,-0.3382125382192681,-0.11271982072688595,-0.006193935716934999,share,9,True,-0.35263558000895007,12,25.073399863915608
enc1_mlp,div/vort 850hPa,72,0.4078478068113327,0.4105396072069804,0.0026918003956476846,0.0010629738991459212,0.004352630923191704,0.660001194242756,0.42715501288939095,0.16868064598137122,0.6907080187315869,0.011984204421804583,share,6,True,-0.2527755721332334,12,20.11886429960144
enc2_attn,div/vort 850hPa,72,0.4078478068113327,0.4077065934737523,-0.00014121333758036295,-0.0002719162652889887,1.370410124460856e-05,-0.03462402769415582,-0.022408788234010206,-0.043149706045126586,0.0021746692485977545,-0.000628697992386308,share,15,False,0.28605619088543505,12,6.661704029803139
enc2_mlp,div/vort 850hPa,72,0.4078478068113327,0.4076224168141683,-0.00022538999716440836,-0.00039869298537572223,-0.00010186967750390378,-0.05526326080470308,-0.035766569950569156,-0.063267583875252,-0.016165442087598778,-0.001003462145638885,share,14,True,0.09709688692688351,12,9.87591659951496
downsample,div/vort 850hPa,72,0.4078478068113327,0.40962104002634686,0.0017732332150141399,0.0005717484901348749,0.0022936680664618803,0.4347781661198007,0.2813899047046574,0.09072932527535658,0.36397639813028076,0.007894637867883207,share,8,True,-0.32729034242684474,12,23.676609856593398
dec0_attn,div/vort 850hPa,72,0.4078478068113327,0.40715208401282627,-0.0006957227985064188,-0.0007639853283762932,-0.0006287556141614914,-0.1705839253975086,-0.11040249546138672,-0.12123490408781187,-0.09977564194792594,-0.0030974377787045095,share,11,True,-0.7322493963029919,12,77.635652239869
dec0_mlp,div/vort 850hPa,72,0.4078478068113327,0.4078272208571434,-2.0585954189300537e-05,-0.00016507705052693685,0.00013318962107102065,-0.005047459823370693,-0.003266733128239722,-0.02619566062906749,0.02113552490642077,-9.165103163718093e-05,share,17,False,0.5390347075762767,12,3.5941902296641524
dec1_attn,div/vort 850hPa,72,0.4078478068113327,0.40816545238097507,0.00031764556964238483,4.556030035018921e-05,0.0005650719006856283,0.07788335853166062,0.05040637396971754,0.007229849105749512,0.08966983414189016,0.0014141945466795848,share,13,True,-0.6017490264791682,12,48.263506170047314
dec1_mlp,div/vort 850hPa,72,0.4078478068113327,0.41066620250542957,0.0028183956940968833,0.0025437563036878903,0.0031902357935905453,0.6910410322252025,0.44724410137761533,0.4036622694781291,0.506250468546898,0.012547821225601623,share,5,True,0.20431774988111817,12,7.928295503714955
dec2_attn,div/vort 850hPa,72,0.4078478068113327,0.41024541358153027,0.0023976067701975503,0.0018185175955295564,0.002734009735286235,0.5878680061915019,0.38047016877007367,0.28857596878802216,0.43385310649488634,0.01067442062331536,share,7,True,0.297243059150966,12,6.50077349090446
dec2_mlp,div/vort 850hPa,72,0.4078478068113327,0.40797628959019977,0.00012848277886708578,-0.00014447240779797237,0.0003793202961484589,0.03150262836316316,0.02038860799328674,-0.022925961863623043,0.06019338070255251,0.0005720200833294629,share,16,False,-0.26553609219908736,12,20.676895004765242
upsample,div/vort 850hPa,72,0.4078478068113327,0.43570274114608765,0.027854934334754944,0.0269820644830664,0.02854576657215754,6.829737433807122,4.420229246579211,4.28171573222219,4.5298556712387965,0.1240133658362603,share,3,True,0.19596914291052664,12,8.067407376074334
decoder_io,div/vort 850hPa,72,0.4078478068113327,0.49333825955788296,0.08549045274655025,0.08016404919326306,0.09109455260137717,20.961361399718765,13.566264238580692,12.72103069818252,14.455564704392547,0.38061331125585407,share,2,True,0.5957175787033038,12,3.0402554438879106
decoder_heads,div/vort 850hPa,72,0.4078478068113327,0.5101273680726687,0.10227956126133601,0.0946323074400425,0.10893821399658918,25.07787452897835,16.23048550685535,15.016962093349386,17.287130308435692,0.4553603500133991,share,1,True,0.5956014763892085,12,3.041349832735915
encoder_io,div/vort 500hPa,72,0.25359945620099705,0.26656847695509595,0.012969020754098892,0.010744190495461225,0.015020776943614079,5.11397814032375,2.1612329294009838,1.7904742955406951,2.5031494953437923,0.05092625217937535,share,4,True,-0.5122671109166105,12,37.207261878738365
enc0_attn,div/vort 500hPa,72,0.25359945620099705,0.25313014661272365,-0.0004693095882733663,-0.0010303006507456304,0.0001244464268287022,-0.1850593827383456,-0.0782084750646612,-0.17169528338297693,0.020738475225546726,-0.0018428668513815552,share,13,False,-0.35238910794463996,12,25.05929022260545
enc0_mlp,div/vort 500hPa,72,0.25359945620099705,0.25518519928057987,0.0015857430795828502,0.0007510911673307419,0.0022785725692907968,0.6252943532836391,0.2642574351715042,0.1251661937008144,0.37971456458843783,0.0062268349703282246,share,8,True,0.1916026597478869,12,8.140941952141828
enc1_attn,div/vort 500hPa,72,0.25359945620099705,0.24578562875588736,-0.007813827445109686,-0.008482794867207606,-0.006945515237748623,-3.0811688487678093,-1.302141580249293,-1.41362219615297,-1.1574409917367432,-0.03068303725476063,share,5,True,-0.6795234860122609,12,62.88848309464011
enc1_mlp,div/vort 500hPa,72,0.25359945620099705,0.2545881060262521,0.0009886498252550762,-0.0016526814550161361,0.003105315907547869,0.3898469815611494,0.1647543479574191,-0.2754124347639985,0.5174878753636066,0.003882192130976635,share,11,False,0.4596326433871023,12,4.442493327846925
enc2_attn,div/vort 500hPa,72,0.25359945620099705,0.2534728944301605,-0.00012656177083651224,-0.0002325765788555145,-4.768371582031318e-07,-0.0499061680700933,-0.021090988434783842,-0.03875791166970706,-7.946291303025981e-05,-0.0004969778967969865,share,16,True,-0.06303432039369207,12,13.614598829366155
enc2_mlp,div/vort 500hPa,72,0.25359945620099705,0.2534342122574647,-0.00016524394353230795,-0.0003266059172650178,-1.2600856522719144e-05,-0.0651594234497646,-0.02753721031969423,-0.05442750664943436,-0.002099879903958871,-0.0006488735656299349,share,15,True,0.30717004189483194,12,6.360273897656318
downsample,div/vort 500hPa,72,0.25359945620099705,0.2524774968624115,-0.0011219593385855358,-0.002533032465726137,0.0005510374903678894,-0.4424139370773322,-0.18696981938544885,-0.4221192393757929,0.09182808726257659,-0.004405666803621531,share,10,False,0.07551060977929143,12,10.314982094807142
dec0_attn,div/vort 500hPa,72,0.25359945620099705,0.2533683056632678,-0.0002311505377292633,-0.0005931573919951916,6.438406805197387e-05,-0.09114788382907996,-0.038520267895425946,-0.09884719225948124,0.010729334977642117,-0.0009076730463306742,share,14,False,-0.08768939822381892,12,14.306830100707266
dec0_mlp,div/vort 500hPa,72,0.25359945620099705,0.2536112715800603,1.181537906328837e-05,-0.0004435647279024124,0.0003600176423788069,0.004659071135359128,0.0019689833788617485,-0.07391820203236997,0.05999543054385735,4.6396176332878665e-05,share,17,False,0.14845707677121442,12,8.897602953933532
dec1_attn,div/vort 500hPa,72,0.25359945620099705,0.2515788848201434,-0.002020571380853653,-0.002286338030050198,-0.0017000819556415084,-0.7967569848620633,-0.3367197483376648,-0.38100864606331597,-0.2833115294423125,-0.007934302029338642,share,7,True,-0.5429010345255436,12,40.50504116781067
dec1_mlp,div/vort 500hPa,72,0.25359945620099705,0.25424199427167576,0.0006425380706787109,-2.1821850289901097e-05,0.0013298549999793366,0.253367290413056,0.10707627530827357,-0.003636519851515154,0.22161475964756336,0.0025230937973394364,share,12,False,0.2444838029352397,12,7.285104348801967
dec2_attn,div/vort 500hPa,72,0.25359945620099705,0.25756578519940376,0.003966328998406728,0.0036127537488937376,0.004305459558963776,1.564013211157325,0.660972096716353,0.6020502639305485,0.7174867826544149,0.015574828248724233,share,6,True,-0.2013464417903907,12,18.050576690351537
dec2_mlp,div/vort 500hPa,72,0.25359945620099705,0.2523812639216582,-0.0012181922793388367,-0.0014882833076020083,-0.0008928590143720312,-0.48036076164663605,-0.20300663545603728,-0.24801617282096508,-0.14879121097585266,-0.004783550616261479,share,9,True,-0.6133431694756184,12,50.07054448631193
upsample,div/vort 500hPa,72,0.25359945620099705,0.2837535887956619,0.03015413259466489,0.028776442011197407,0.03184342356398702,11.89045633077597,5.0250597602379585,4.795473401177308,5.30657301705689,0.11840808877423412,share,3,True,0.2764814293035409,12,6.80168363522108
decoder_io,div/vort 500hPa,72,0.25359945620099705,0.32974810401598614,0.07614864781498909,0.07145820682247479,0.08120528658231099,30.027133715395443,12.689852866115459,11.908210541791915,13.532520514138744,0.29901758315244686,share,2,True,0.31218491926487074,12,6.290105035992634
decoder_heads,div/vort 500hPa,72,0.25359945620099705,0.4341290344794591,0.18052957827846208,0.17339897075047095,0.18791172752777735,71.1868948706966,30.084497257279175,28.896211411467853,31.314701476231512,0.7088966085846962,share,1,True,-0.08868753081454978,12,14.335643164689378
encoder_io,div/vort 250hPa,72,0.2592812478542328,0.25510764742890996,-0.00417360042532285,-0.00575015985717376,-0.0022706304676830837,-1.6096807848091033,-1.4641043383811034,-2.017163392593273,-0.796540056500007,-0.01680355979229617,share,6,True,0.2650083064341226,12,6.972207437635381
enc0_attn,div/vort 250hPa,72,0.2592812478542328,0.25930283094445866,2.158309022585551e-05,-0.0006193804244200388,0.0009007532149553297,0.00832420022831326,0.0075713755067727696,-0.21727944079159403,0.3159853736417062,8.689685407165719e-05,share,17,False,0.2573188875812366,12,7.088236275659492
enc0_mlp,div/vort 250hPa,72,0.2592812478542328,0.25877105444669724,-0.000510193407535553,-0.0017200176604092122,0.00019545924539367352,-0.19677219689346076,-0.17897649637326238,-0.6033843832815979,0.06856735192503176,-0.002054117441895703,share,12,False,-0.17582439995665972,12,17.120007919110844
enc1_attn,div/vort 250hPa,72,0.2592812478542328,0.2550936018427213,-0.004187646011511485,-0.004804928445567688,-0.0030931056166688606,-1.6150979086099462,-1.4690315478832672,-1.6855750109864038,-1.0850653850231777,-0.016860109491186024,share,5,True,-0.5150048899045152,12,37.48503500432186
enc1_mlp,div/vort 250hPa,72,0.2592812478542328,0.25893676032622653,-0.0003444875280062358,-0.0021116746279100577,0.0007748582400381543,-0.13286249231564395,-0.12084666304228112,-0.7407781457021625,0.27182125629155085,-0.0013869599829038027,share,13,False,-0.2551996720718881,12,20.22340149441567
enc2_attn,div/vort 250hPa,72,0.2592812478542328,0.25915540382266045,-0.00012584403157234192,-0.00020324237023790678,-4.5016904671987006e-05,-0.04853572428156898,-0.044146246359983474,-0.0712976820211914,-0.01579198742429836,-0.0005066675037215324,share,15,True,-0.09796915235407624,12,14.606628878196387
enc2_mlp,div/vort 250hPa,72,0.2592812478542328,0.2591594730814298,-0.00012177477280298869,-0.00026993074764808015,7.739750047524767e-05,-0.046966286150956105,-0.042718745207248054,-0.09469204965001833,0.02715114162297841,-0.0004902840395484227,share,16,False,0.1021583810443033,12,9.775454791950882
downsample,div/vort 250hPa,72,0.2592812478542328,0.2520263468225797,-0.007254901031653087,-0.009842706192284823,-0.004872363371153675,-2.7980816552270578,-2.5450285107605057,-3.452833853020324,-1.7092312686649795,-0.029209351842334922,share,4,True,0.5551471037273066,12,3.4326236678690267
dec0_attn,div/vort 250hPa,72,0.2592812478542328,0.2594750262796879,0.00019377842545509338,-8.629929895202319e-05,0.0005559131813546021,0.07473676830035741,0.06797771815243066,-0.03027390385248272,0.19501505118846,0.0007801818638016326,share,14,False,0.3541496523049487,12,5.723299606619329
dec0_mlp,div/vort 250hPa,72,0.2592812478542328,0.25810524821281433,-0.001175999641418457,-0.0014746353030204772,-0.0009089385469754537,-0.453561393718531,-0.41254217018204264,-0.5173039401622166,-0.31885679852681037,-0.00473475615212141,share,11,True,-0.349130234493805,12,24.87373614802141
dec1_attn,div/vort 250hPa,72,0.2592812478542328,0.2560973105331262,-0.0031839373211065927,-0.0036792759783566,-0.0024980179034173487,-1.2279859602097385,-1.1169292624856557,-1.2906946935622319,-0.8763078582119159,-0.012819023312707109,share,8,True,0.3908747555211925,12,5.255327918441265
dec1_mlp,div/vort 250hPa,72,0.2592812478542328,0.25767766187588376,-0.0016035859783490498,-0.00195697791253527,-0.0011879598100980125,-0.6184735655278014,-0.5625400011038033,-0.6865103411611916,-0.41673781256919146,-0.006456284771724786,share,10,True,-0.18775331963189065,12,17.54767385337078
dec2_attn,div/vort 250hPa,72,0.2592812478542328,0.2628396265208721,0.003558378666639328,0.0032471845236917334,0.0038177416659891605,1.3724010880415998,1.248283762820059,1.1391164616083918,1.3392686329239694,0.014326581990387766,share,7,True,0.3197692023136056,12,6.18499776925169
dec2_mlp,div/vort 250hPa,72,0.2592812478542328,0.25738386685649556,-0.0018973809977372487,-0.0023543783463537693,-0.0016127026639878752,-0.7317848912868358,-0.6656036676376565,-0.8259189188721711,-0.5657381460231096,-0.007639148887085452,share,9,True,-0.4149892996039048,12,29.024890628069265
upsample,div/vort 250hPa,72,0.2592812478542328,0.2736709912618001,0.014389743407567343,0.013267755477378766,0.01569839008152485,5.5498588990350814,5.047940292362918,4.654345499187849,5.507015210298066,0.057935328997421466,share,3,True,0.003251858820354478,12,11.922208355755977
decoder_io,div/vort 250hPa,72,0.2592812478542328,0.4388703505198161,0.17958910266558328,0.1734143483142058,0.18549822910378375,69.2642079409259,63.00008566783445,60.83397398655388,65.07301473927102,0.7230534591611045,share,2,True,0.32536778564863805,12,6.108181185537374
decoder_heads,div/vort 250hPa,72,0.2592812478542328,0.45301083226998645,0.1937295844157537,0.1875592110057672,0.20101133262117704,74.71793121138785,67.96058465370031,65.79600981223263,70.51503118717133,0.7799852222353046,share,1,True,-0.05985805310216807,12,13.528059969233722
encoder_io,Hyps 600-500,72,26.896419048309326,27.15583038330078,0.2594113349914551,-0.22104273239771524,0.7634642918904617,0.964482797972176,0.49366750753546285,-0.42065091244067193,1.4528953180951256,0.044066689250257085,share,9,False,-0.4401341530160851,12,30.867412129694575
enc0_attn,Hyps 600-500,72,26.896419048309326,26.29098637898763,-0.6054326693216959,-0.6636388738950093,-0.5553785045941672,-2.2509787203800746,-1.1521564269904736,-1.2629245703167988,-1.0569018586285224,-0.10284598127461024,share,3,True,0.008162243732168851,12,11.80569213855216
enc0_mlp,Hyps 600-500,72,26.896419048309326,26.657006581624348,-0.2394124666849772,-0.32032073736190797,-0.1621108690897625,-0.8901276644112457,-0.4556090646739969,-0.6095799168936991,-0.3085018188992662,-0.040669444041032114,share,10,True,0.03446230619454744,12,11.200458688812205
enc1_attn,Hyps 600-500,72,26.896419048309326,26.730785846710205,-0.1656332015991211,-0.23628222147623698,-0.11417603890101115,-0.6158187872579736,-0.3152049227195502,-0.44965211468095007,-0.21728040737460783,-0.028136422121392952,share,11,True,0.005786880430203687,12,11.861913957094487
enc1_mlp,Hyps 600-500,72,26.896419048309326,26.933301130930584,0.03688208262125651,-0.10092158714930216,0.13301216761271142,0.1371263682165707,0.07018770325110296,-0.1920567903717858,0.253126122108039,0.006265228440487204,share,16,False,0.0962892868290548,12,9.892031864525862
enc2_attn,Hyps 600-500,72,26.896419048309326,26.815693537394207,-0.08072551091512044,-0.08718570073445638,-0.07503827412923177,-0.30013479032330415,-0.1536230549420942,-0.16591698884603326,-0.14280007371443837,-0.01371299370623888,share,13,True,-0.36074358819377395,12,25.543620301261797
enc2_mlp,Hyps 600-500,72,26.896419048309326,26.859758218129475,-0.03666083017985026,-0.04956902662913005,-0.024800936381022137,-0.13630375892791838,-0.0697666532561644,-0.09433133609126089,-0.04719692163092285,-0.006227643873946845,share,17,True,-0.17100682532478081,12,16.950781180318714
downsample,Hyps 600-500,72,26.896419048309326,26.48038895924886,-0.4160300890604655,-0.7582902749379475,-0.10669293800989796,-1.5467861662670543,-0.7917176677457128,-1.443049009517368,-0.2030398431923452,-0.07067181028920036,share,4,True,0.42629380816048656,12,4.8268275881763625
dec0_attn,Hyps 600-500,72,26.896419048309326,26.991068998972576,0.0946499506632487,0.08355132341384887,0.1092555522918701,0.35190539860806597,0.18012167908476182,0.15900066040816133,0.20791657460193314,0.016078364361244792,share,12,True,-0.1886195560762564,12,17.57921919332777
dec0_mlp,Hyps 600-500,72,26.896419048309326,26.829020659128826,-0.0673983891805013,-0.08341825803120931,-0.04827120304107667,-0.2505849907359243,-0.1282611447943829,-0.15874743301627003,-0.09186153909508821,-0.01144909058072914,share,14,True,-0.0330491472007484,12,12.820289397875563
dec1_attn,Hyps 600-500,72,26.896419048309326,26.523286819458008,-0.37313222885131836,-0.3994540452957153,-0.34907682736714685,-1.3872933351504015,-0.7100817603218835,-0.7601729620742643,-0.6643036138355437,-0.06338467044467612,share,5,True,0.10158261772234006,12,9.786836151811295
dec1_mlp,Hyps 600-500,72,26.896419048309326,26.55050818125407,-0.34591086705525714,-0.40845953226089476,-0.2764404535293579,-1.2860852087185213,-0.6582786969359862,-0.7773106723612481,-0.526074428013357,-0.05876052674148997,share,7,True,0.6105894897659649,12,2.9013762678207
dec2_attn,Hyps 600-500,72,26.896419048309326,26.841668764750164,-0.054750283559163414,-0.10303318897883097,0.009350776672363281,-0.20355975068958093,-0.10419142256217269,-0.19607523163274748,0.017794806898158037,-0.009300533193912233,share,15,False,0.5914893171913645,12,3.080214325506642
dec2_mlp,Hyps 600-500,72,26.896419048309326,26.536046028137207,-0.36037302017211914,-0.41395119428634647,-0.286628536383311,-1.3398550175948858,-0.6858006056568702,-0.787761468986697,-0.5454626535480718,-0.061217239773368036,share,6,True,0.0698770682139224,12,10.43248379934543
upsample,Hyps 600-500,72,26.896419048309326,27.228260199228924,0.3318411509195964,0.2839081962903341,0.3620745340983073,1.2337744676106075,0.6315036074949179,0.5402857652159065,0.689038637406739,0.05637047771448846,share,8,True,-0.2875680841962548,12,21.687429588164772
decoder_io,Hyps 600-500,72,26.896419048309326,25.646571318308514,-1.2498477300008137,-1.7607134183247883,-0.7310230692227684,-4.64689268766943,-2.37849750739952,-3.350690149053334,-1.391158703786076,-0.21231397436777114,share,2,True,0.4381840740421261,12,4.687710866207945
decoder_heads,Hyps 600-500,72,26.896419048309326,31.757555325826008,4.861136277516683,4.742349195480347,4.965169366200765,18.073544544295935,9.250887321446177,9.024831961458844,9.448865392040426,0.825770322455398,share,1,True,-0.24363333869911685,12,19.7306423299014
encoder_io,|DryAir Md err|,72,198370222844586.66,395595121076906.7,197224898232320.0,129281951583436.8,247358047160456.47,99.42263279445729,4.528486429211645,2.9684465223957726,5.6795950702073,-2.2963061741565545,share,3,True,0.46234259868622873,12,4.412022751413823
enc0_attn,|DryAir Md err|,72,198370222844586.66,173906089126570.66,-24464133718016.0,-28267756755353.598,-19333079455061.332,-12.33256351039261,-0.5617216616025594,-0.6490567570230696,-0.4439073805173784,0.2848379783971196,share,11,True,0.2324512534818941,12,7.473386823369874
enc0_mlp,|DryAir Md err|,72,198370222844586.66,248123124001450.66,49752901156864.0,42375865329254.4,58045051349674.664,25.080831408775982,1.142377761236666,0.9729934343461187,1.33277405477611,-0.5792772369649287,share,7,True,0.35173142384285977,12,5.755006339772735
enc1_attn,|DryAir Md err|,72,198370222844586.66,86357475764906.67,-112012747079680.0,-116961694729284.27,-106099436106547.22,-56.466512702078525,-2.5719278326184605,-2.685560758638341,-2.4361521332339096,1.3041738898519804,share,6,True,-0.2272204694589195,12,19.056723232816235
enc1_mlp,|DryAir Md err|,72,198370222844586.66,190673641450154.66,-7696581394432.0,-20020274222421.332,9302326500829.855,-3.8799076212471135,-0.17672142162777152,-0.45968607887700086,0.21359098012808905,0.08961194825976797,share,14,False,0.3739965829419326,12,5.467292348436852
enc2_attn,|DryAir Md err|,72,198370222844586.66,197545589123754.66,-824633720832.0,-2290649224533.3335,320690891434.6667,-0.41570438799076215,-0.018934438031546947,-0.052595661198741525,0.007363392567823813,0.009601280170689426,share,16,False,0.3936952712173505,12,5.220407140390689
enc2_mlp,|DryAir Md err|,72,198370222844586.66,198370222844586.66,0.0,-2473901162496.0,1969958333098.6667,0.0,0.0,-0.056803314094640844,0.045232268630917706,-0.0,share,17,False,0.14905902368524035,12,8.88665552012085
downsample,|DryAir Md err|,72,198370222844586.66,398618778053290.7,200248555208704.0,189253438930944.0,216557977687381.34,100.94688221709008,4.597912701993984,4.345453528240024,4.972393809729024,-2.331510868115749,share,2,True,0.43019541300267355,12,4.78092362889933
dec0_attn,|DryAir Md err|,72,198370222844586.66,184076571683498.66,-14293651161088.0,-15988731587242.666,-12323692827989.334,-7.205542725173211,-0.3281969258801471,-0.3671177151672158,-0.28296465724922937,0.16642218962528338,share,13,True,0.49307982036333653,12,4.074157371010259
dec0_mlp,|DryAir Md err|,72,198370222844586.66,191818966062421.34,-6551256782165.333,-9941417634474.666,-3206908914346.6665,-3.302540415704388,-0.15042359102840075,-0.22826516960253818,-0.07363392567823812,0.07627683691158821,share,15,True,0.7042892046779635,12,2.0821170104958537
dec1_attn,|DryAir Md err|,72,198370222844586.66,224666875942229.34,26296653097642.668,23135557167786.668,30420967026414.93,13.256351039260972,0.6037981905615527,0.5312161781072894,0.6984966785498867,-0.30617415655420727,share,10,True,0.4345348945001125,12,4.73016117768484
dec1_mlp,|DryAir Md err|,72,198370222844586.66,217107733501269.34,18737510656682.668,11818604673979.734,25106660825497.594,9.445727482678985,0.43023250860570567,0.2713673139549069,0.5764747445688063,-0.21816242165622085,share,12,True,0.5498376397918617,12,3.4854930502417814
dec2_attn,|DryAir Md err|,72,198370222844586.66,78981585261909.33,-119388637582677.33,-128873070696857.6,-111783682157226.67,-60.18475750577367,-2.7412858616784077,-2.9590581968717973,-2.5666682664985863,1.390052006934258,share,5,True,0.6346936081070944,12,2.6816503600273927
dec2_mlp,|DryAir Md err|,72,198370222844586.66,159474999012010.66,-38895223832576.0,-46591805227008.0,-32480260679270.406,-19.607390300230946,-0.893074327154631,-1.0697957487824026,-0.7457801779675556,0.4528603813841846,share,9,True,0.7554533286044459,12,1.6716821854099486
upsample,|DryAir Md err|,72,198370222844586.66,154023253857621.34,-44346968986965.336,-50028924388420.266,-37933151158272.0,-22.35565819861432,-1.018252000807636,-1.148715538411114,-0.8709841494511595,0.5163355114015202,share,8,True,0.6174600951000321,12,2.838078585497169
decoder_io,|DryAir Md err|,72,198370222844586.66,478287558082560.0,279917335237973.34,200111116255232.0,354090847777587.2,141.10854503464205,6.427189798486214,4.594756962322059,8.130289903762662,-3.259101213495133,share,1,True,0.2399573867030239,12,7.355503872447289
decoder_heads,|DryAir Md err|,72,198370222844586.66,369802410808661.3,171432187964074.66,167492271297877.34,176701826505113.6,86.42032332563511,3.9362592841138153,3.8457947468519804,4.05725560270152,-1.995999466595546,share,4,True,0.03827599412870754,12,11.115241164889047
encoder_io,neg-q fraction,72,0.00045402891415354435,0.02001938285926978,0.019565353945116232,0.0169712954634889,0.022624487662505997,4309.274879903262,79.2123241772261,68.71001473995481,91.59753797929213,0.46572587717354885,share,2,True,0.3692239365063778,12,5.528177356610365
enc0_attn,neg-q fraction,72,0.00045402891415354435,0.000615626987704824,0.00016159807355127972,6.0608704132884364e-05,0.0003237200016333948,35.59202255930119,0.6542462264913118,0.24538049928475741,1.3106133312981727,0.0038466160523005204,share,5,True,0.4799281381480131,12,4.217003637780465
enc0_mlp,neg-q fraction,72,0.00045402891415354435,0.0004139771691977027,-4.005174495584166e-05,-8.877369755092938e-05,-4.275980566603734e-06,-8.821408440585985,-0.16215356053385532,-0.3594093379828946,-0.017311741958130046,-0.0009533757530896437,share,10,True,0.12121463552518846,12,9.40535740398907
enc1_attn,neg-q fraction,72,0.00045402891415354435,0.0004577014590244251,3.672544870880756e-06,-1.2056487752924265e-05,2.1092860678587974e-05,0.8088790727629228,0.014868671207465201,-0.048811916155586804,0.08539659045189074,8.741979246826229e-05,share,17,False,-0.5132049624361357,12,37.30206380103321
enc1_mlp,neg-q fraction,72,0.00045402891415354435,0.0004812762144865701,2.724730033302573e-05,3.483814685030969e-06,6.46495802963424e-05,6.001225799423688,0.11031346496405295,0.014104577866475931,0.26174039716944464,0.0006485838632823237,share,12,True,0.27364624262007853,12,6.8435369232734935
enc2_attn,neg-q fraction,72,0.00045402891415354435,0.00043605571039506685,-1.7973203758477514e-05,-3.561146169583177e-05,-6.918318043839615e-06,-3.9586033396100633,-0.07276634231169803,-0.144176622420839,-0.028009513816465777,-0.0004278269695256534,share,14,True,0.46121983172343756,12,4.424633363819851
enc2_mlp,neg-q fraction,72,0.00045402891415354435,0.0004319009242408356,-2.2127989912708774e-05,-4.361096058858038e-05,-8.16538068685684e-06,-4.873696194869538,-0.08958741637246999,-0.176563406801294,-0.0330583736850421,-0.0005267258410500742,share,13,True,0.4912388658373721,12,4.094001135440721
downsample,neg-q fraction,72,0.00045402891415354435,0.0006776768743748107,0.00022364796022126635,0.00010077760255171596,0.00040894242724410406,49.25852809137011,0.9054614997672649,0.4080083675216512,1.6556449838602307,0.005323626791741408,share,4,True,0.4754458300141055,12,4.266269836399588
dec0_attn,neg-q fraction,72,0.00045402891415354435,0.00043629684580537287,-1.77320683481715e-05,-3.4108244498535593e-05,-5.939907369641645e-06,-3.9054931955665793,-0.07179008109274183,-0.1380906948023035,-0.02404831875092118,-0.00042208707845098136,share,15,True,0.7851476409870533,12,1.4442661486137882
dec0_mlp,neg-q fraction,72,0.00045402891415354435,0.00041991260254311175,-3.4116311610432604e-05,-6.743226340404363e-05,-1.264322212790603e-05,-7.514127525123892,-0.13812335532480424,-0.2730063725782228,-0.05118736991161655,-0.0008120910664466113,share,11,True,0.48762248283835596,12,4.133125357320795
dec1_attn,neg-q fraction,72,0.00045402891415354435,0.0004128395500705058,-4.1189364083038527e-05,-7.761833794006634e-05,-1.867169585902199e-05,-9.071969383233824,-0.16675932720419068,-0.3142457307060742,-0.07559425857933966,-0.0009804551847927138,share,9,True,0.5015707284125761,12,3.9832630896928936
dec1_mlp,neg-q fraction,72,0.00045402891415354435,0.00044842736103115993,-5.6015531223844546e-06,-1.4208227480594359e-05,1.831026100755172e-06,-1.2337436995235311,-0.022678457188709675,-0.05752345315774591,0.0074130952844931675,-0.0001333371350589811,share,16,False,-0.13782265305474226,12,15.83650032679858
dec2_attn,neg-q fraction,72,0.00045402891415354435,0.00034806925708608105,-0.00010595965706746331,-0.000208003944135271,-4.1324611530531766e-05,-23.337645194911456,-0.42898844196123986,-0.8421251104990849,-0.16730689024266313,-0.002522221390483494,share,7,True,0.5024010148507866,12,3.9744301040582024
dec2_mlp,neg-q fraction,72,0.00045402891415354435,0.0005607366847849941,0.00010670777063144972,3.857081700383939e-05,0.0002206165704706107,23.50241742431476,0.4320172557674252,0.1561578731904939,0.8931886102345715,0.0025400291872036736,share,6,True,0.4570023930429184,12,4.472176102522737
upsample,neg-q fraction,72,0.00045402891415354435,0.0005111635376617111,5.713462350816675e-05,3.0385655286124802e-05,9.749843842049199e-05,12.583917395367656,0.23131533075088362,0.1230194139913712,0.3947323382240733,0.0013600097767187797,share,8,True,0.43607559328884077,12,4.712212164985129
decoder_io,neg-q fraction,72,0.00045402891415354435,0.02590914621638755,0.025455117302234005,0.02194369603804773,0.03046959623439799,5606.496967200979,103.05762979653053,88.84128388825947,123.35925745267588,0.6059234536412618,share,1,True,0.4075256616033768,12,5.05119889086818
decoder_heads,neg-q fraction,72,0.00045402891415354435,0.007026340860951071,0.006572311946797527,0.004858901521118734,0.008917415891725492,1447.5536120976847,26.608672962623924,19.671756693783014,36.10306465295643,0.15644469070514885,share,3,True,0.5950623151771196,12,3.0464340932880614
encoder_io,|neg-q mass|,72,5574049610.666667,7088352351573.333,7082778301962.667,5528212291456.0,7996095916961.6,127067.01225638273,2152.187596728772,1679.813968264153,2429.7101675439453,0.75006538792285,share,1,True,0.3175999402320689,12,6.21493707397473
enc0_attn,|neg-q mass|,72,5574049610.666667,8312834581.333333,2738784970.6666665,994681687.7333333,5324409440.0,49.134563951954185,0.8322128397471676,0.3022460254671127,1.6178860142351505,0.0002900370058019632,share,5,True,0.5303256314881225,12,3.6829366941086055
enc0_mlp,|neg-q mass|,72,5574049610.666667,7450564064.0,1876514453.3333333,-226569102.9333333,4057496891.199999,33.66519109809104,0.5702015451234943,-0.06884575407364693,1.2329193588604035,0.00019872265958010787,share,7,False,-0.022786884889635973,12,12.559637635736703
enc1_attn,|neg-q mass|,72,5574049610.666667,4165661103.3333335,-1408388507.3333333,-3068003230.483333,-358194420.4666674,-25.266881454341544,-0.4279558314028005,-0.9322497779635905,-0.10884169404712161,-0.00014914817703758033,share,9,True,-0.160420687606855,12,16.585744843557624
enc1_mlp,|neg-q mass|,72,5574049610.666667,5430360628.0,-143688982.66666666,-867838944.3666667,711393517.3999995,-2.577820304858772,-0.043661630097342204,-0.2637033283261978,0.21616549880112326,-1.5216646339791236e-05,share,17,False,0.19978748819506634,12,8.003542490766483
enc2_attn,|neg-q mass|,72,5574049610.666667,5429847250.666667,-144202360.0,-228143652.0,-72644177.60000002,-2.587030436974405,-0.043817625990780734,-0.06932419979469709,-0.0220738093640399,-1.5271012938922367e-05,share,16,True,-0.2260423286280735,12,19.009447787315445
enc2_mlp,|neg-q mass|,72,5574049610.666667,5396778824.0,-177270786.66666666,-330005298.6666667,-46687008.86666673,-3.180287206763212,-0.05386586619838593,-0.10027608946172513,-0.014186410632585116,-1.8772955427911258e-05,share,15,True,0.516934348230657,12,3.8213834553838497
downsample,|neg-q mass|,72,5574049610.666667,12708986837.333334,7134937226.666667,4597204684.0,11032070485.866667,128.00275786948575,2.1680367149731694,1.3969160799211424,3.352227650460341,0.0007555890119053915,share,4,True,0.09542830437263017,12,9.909238518120265
dec0_attn,|neg-q mass|,72,5574049610.666667,5360572218.666667,-213477392.0,-352865886.8,-103370367.6000001,-3.8298437744702403,-0.06486767983646931,-0.10722255483688042,-0.03141033271595779,-2.2607230668065363e-05,share,14,True,-0.1937075408484259,12,17.76587431470479
dec0_mlp,|neg-q mass|,72,5574049610.666667,5225052784.0,-348996826.6666667,-549218695.1999999,-222729677.20000002,-6.261100116490101,-0.10604689425921554,-0.16688672344487426,-0.06767909826577681,-3.69587228369183e-05,share,13,True,-0.2479402350346018,12,19.91235739237323
dec1_attn,|neg-q mass|,72,5574049610.666667,4374491970.666667,-1199557640.0,-2146219248.1333334,-573569726.0666678,-21.520397624457644,-0.36450005411772457,-0.6521545993347199,-0.17428607781747685,-0.00012703301278441751,share,11,True,-0.10413868509991968,12,14.789860886756601
dec1_mlp,|neg-q mass|,72,5574049610.666667,5152125850.666667,-421923760.0,-971503132.5333333,-53188999.46666687,-7.569429579395816,-0.12820662236251842,-0.2952029419644553,-0.01616211888248046,-4.468167648711696e-05,share,12,True,-0.09273097615480441,12,14.453013791083697
dec2_attn,|neg-q mass|,72,5574049610.666667,4235058250.6666665,-1338991360.0,-2023523144.1333334,-872606885.3333334,-24.021877333808913,-0.4068686713405165,-0.6148719085687856,-0.26515212468447874,-0.00014179902730902086,share,10,True,-0.12839201498067568,12,15.535314513517104
dec2_mlp,|neg-q mass|,72,5574049610.666667,7100941609.333333,1526891998.6666667,415343309.03333336,3043861118.933332,27.392867041311597,0.4639645462521673,0.12620707298407505,0.9249139062446696,0.00016169768281168006,share,8,True,0.09568823894817363,12,9.904040900392658
upsample,|neg-q mass|,72,5574049610.666667,7489567968.0,1915518357.3333333,498994530.5333333,4360865675.599999,34.36493198172726,0.5820533516934583,0.15162550536866953,1.3251016222582912,0.00020285316841957821,share,6,True,-0.07394084238966327,12,13.916270902099992
decoder_io,|neg-q mass|,72,5574049610.666667,2452206245205.3335,2446632195594.6665,1935186320060.5334,3243551456863.999,43893.26192778619,743.438696035001,588.0296993397872,985.5922234470967,0.2590980613334635,share,2,True,0.4452792074514152,12,4.605787917146653
decoder_heads,|neg-q mass|,72,5574049610.666667,652516731904.0,646942682293.3334,441617344442.93335,922277840039.7333,11606.331616699727,196.58133535541143,134.19075547613954,280.2452432432183,0.06851115385381096,share,3,True,0.6163112352227392,12,2.8486253618676534
encoder_io,DKEpert<1000km 500hPa,72,0.0,0.7787132263183594,0.7787132213513056,0.7541315631320079,0.8082268516222636,nan,nan,nan,nan,1.0929426509889768,share,1,True,-0.4297722908103151,12,30.088449251448875
enc0_attn,DKEpert<1000km 500hPa,72,0.0,0.0714438408613205,0.07144383837779363,0.06629558944453796,0.07730051954276859,nan,nan,nan,nan,0.1002731377514743,share,9,True,0.37127948223694907,12,5.5019026470440116
enc0_mlp,DKEpert<1000km 500hPa,72,0.0,0.11797123402357101,0.11797123464445274,0.1061853426353385,0.12963934070430697,nan,nan,nan,nan,0.16557545242266178,share,8,True,0.289583764534146,12,6.610656135756988
enc1_attn,DKEpert<1000km 500hPa,72,0.0,0.2619931101799011,0.2619931250810623,0.24769956255331635,0.2766791990026832,nan,nan,nan,nan,0.367713623983537,share,5,True,0.10204744520527763,12,9.777646783192296
enc1_mlp,DKEpert<1000km 500hPa,72,0.0,0.4577176570892334,0.4577176471551259,0.43172386040290195,0.4861481711268425,nan,nan,nan,nan,0.6424176769697807,share,3,True,0.34179427586605987,12,5.886497529220134
enc2_attn,DKEpert<1000km 500hPa,72,0.0,0.005504883825778961,0.005504883980999391,0.004555499848599235,0.006468615037738344,nan,nan,nan,nan,0.0077262364714184755,share,17,True,-0.042380332158592084,12,13.062141898253762
enc2_mlp,DKEpert<1000km 500hPa,72,0.0,0.010984792374074459,0.010984791675582528,0.01031131943843017,0.01177987115418849,nan,nan,nan,nan,0.01541741812684157,share,16,True,-0.04546178656728869,12,13.143047876198874
downsample,DKEpert<1000km 500hPa,72,0.0,0.4019055664539337,0.4019055664539337,0.3840929469714562,0.42452452604969343,nan,nan,nan,nan,0.5640840853904325,share,4,True,-0.10030670382087108,12,14.675757285204446
dec0_attn,DKEpert<1000km 500hPa,72,0.0,0.016454624012112617,0.016454623624061544,0.014257217322786649,0.019121340997905162,nan,nan,nan,nan,0.023094458231362757,share,15,True,-0.19233956957500373,12,17.715458497045645
dec0_mlp,DKEpert<1000km 500hPa,72,0.0,0.023763498291373253,0.023763496506338317,0.02125807142777679,0.02689942506258376,nan,nan,nan,nan,0.033352636318842874,share,13,True,0.07401013676035213,12,10.346157804798457
dec1_attn,DKEpert<1000km 500hPa,72,0.0,0.03964759781956673,0.039647596733023725,0.03604389099637047,0.04246352861324946,nan,nan,nan,nan,0.055646351301879296,share,11,True,0.4202489953149034,12,4.898445328369075
dec1_mlp,DKEpert<1000km 500hPa,72,0.0,0.0623764730989933,0.06237647030502558,0.05713430794421583,0.06649726160491506,nan,nan,nan,nan,0.08754686956028211,share,10,True,-0.238799853113036,12,19.529158393034216
dec2_attn,DKEpert<1000km 500hPa,72,0.0,0.0185502041131258,0.018550205044448376,0.017313232666735227,0.020009667998723064,nan,nan,nan,nan,0.02603565692962856,share,14,True,0.13531055930564873,12,9.139590223381962
dec2_mlp,DKEpert<1000km 500hPa,72,0.0,0.031168460845947266,0.031168461001167696,0.02869408934299524,0.03405354963615537,nan,nan,nan,nan,0.04374568128527338,share,12,True,-0.011176723919567132,12,12.271273321086134
upsample,DKEpert<1000km 500hPa,72,0.0,0.14173340797424316,0.1417333943148454,0.13730679014697672,0.1461586086389919,nan,nan,nan,nan,0.19892621246024692,share,7,True,0.05491171095321585,12,10.750719089385836
decoder_io,DKEpert<1000km 500hPa,72,0.0,0.4611149728298187,0.46111495544513065,0.4358540967106819,0.48835591537257034,nan,nan,nan,nan,0.647185880496955,share,2,True,-0.01611653084707276,12,12.39313267521687
decoder_heads,DKEpert<1000km 500hPa,72,0.0,0.1709243506193161,0.17092433820168176,0.15770712640757362,0.18713865103200078,nan,nan,nan,nan,0.23989640112763097,share,6,True,0.7040522886089313,12,2.084074861101777
encoder_io,RMSE Z500,120,285.1250394185384,440.0444564819336,154.91941706339517,136.4836233774821,173.86068601608272,54.3338520458693,4.981800149245696,4.3889536134343645,5.59090143741274,0.6089899333323863,share,1,True,-0.35072824958677595,12,24.9644913469982
enc0_attn,RMSE Z500,120,285.1250394185384,278.33307520548504,-6.791964213053386,-8.559244664510091,-4.060295677185059,-2.3821002276420145,-0.21841166828309544,-0.2752427497815702,-0.1305684077180898,-0.026699286065675867,share,7,True,-0.1757371732928042,12,17.116926327827176
enc0_mlp,RMSE Z500,120,285.1250394185384,284.08284759521484,-1.0421918233235676,-4.192639764149983,2.9621655464172334,-0.3655209747446004,-0.033514142251460696,-0.13482424475060228,0.0952554369294657,-0.004096867526590653,share,10,False,-0.555510119875473,12,41.99448012916792
enc1_attn,RMSE Z500,120,285.1250394185384,306.3821398417155,21.257100423177082,15.600323994954428,28.499775346120195,7.455360801186434,0.6835723246839945,0.5016653036755361,0.9164776615101135,0.08356189569350775,share,5,True,-0.26283155057110186,12,20.55700921355678
enc1_mlp,RMSE Z500,120,285.1250394185384,325.09654998779297,39.971510569254555,31.553733317057294,49.430225912729895,14.018940830580616,1.2853784315364514,1.0146849008852699,1.5895457877208299,0.1571284479259557,share,4,True,-0.3111469283872994,12,22.840521134372924
enc2_attn,RMSE Z500,120,285.1250394185384,285.98925526936847,0.8642158508300781,-0.0628472328186035,2.1413460731506344,0.3031006510661049,0.027790904047127737,-0.0020210013681324153,0.0688600460098757,0.0033972420201299363,share,13,False,0.05540975537079392,12,10.739983099330129
enc2_mlp,RMSE Z500,120,285.1250394185384,285.65495045979816,0.5299110412597656,-0.980495262145996,1.907684326171875,0.18585215887753126,0.017040542460565508,-0.0315301434506093,0.06134610006276795,0.002083086134753673,share,16,False,-0.0558958293382564,12,13.420923607590744
downsample,RMSE Z500,120,285.1250394185384,328.97352091471356,43.84848149617513,33.87045040130615,55.031408468882226,15.378684939630796,1.4100515984542592,1.0891844164066076,1.7696650563259613,0.1723688633049446,share,3,True,0.026897986474766652,12,11.371357540966157
dec0_attn,RMSE Z500,120,285.1250394185384,285.8787663777669,0.7537269592285156,-0.49286956787109376,2.6139179547627758,0.2643496203509896,0.02423787249624467,-0.01584938630239037,0.0840567122184846,0.002962908971336768,share,15,False,0.009790612137403584,12,11.767303549395928
dec0_mlp,RMSE Z500,120,285.1250394185384,285.8843510945638,0.7593116760253906,-1.5790928840637206,4.027294127146401,0.2663083107586311,0.024417462269428376,-0.050779465315714985,0.12950716484728397,0.0029848625545239385,share,14,False,0.026469692954526287,12,11.381109218061663
dec1_attn,RMSE Z500,120,285.1250394185384,284.72435633341473,-0.40068308512369794,-2.475352732340495,1.888661289215086,-0.14052890126409787,-0.012884911982676921,-0.07960081986600369,0.06073436933109565,-0.001575089617055831,share,17,False,0.04150862724234165,12,11.043496109625217
dec1_mlp,RMSE Z500,120,285.1250394185384,286.02527236938477,0.9002329508463541,-3.5340134938557943,6.172300465901692,0.3157326879050042,0.028949119057471186,-0.1136445597644005,0.19848491535205906,0.0035388256366546624,share,12,False,0.07138720576682915,12,10.400864851491635
dec2_attn,RMSE Z500,120,285.1250394185384,284.1096585591634,-1.015380859375,-2.542992083231608,0.08851022720336905,-0.3561177444975327,-0.03265197231348747,-0.08177592312130667,0.0028462556305067655,-0.003991473332259714,share,11,False,-0.09064416406321654,12,14.392308765771675
dec2_mlp,RMSE Z500,120,285.1250394185384,289.43785730997723,4.312817891438802,1.438798967997233,7.245108572642007,1.5126058027853408,0.13868885658436944,0.0462679827317579,0.2329835965863413,0.016953734592915836,share,9,True,0.027891260174299454,12,11.348773289433671
upsample,RMSE Z500,120,285.1250394185384,290.86412684122723,5.739087422688802,0.4776511828104655,10.077672767639157,2.012831785799187,0.18455392565274978,0.015360003148209692,0.3240713956297,0.022560415816061122,share,8,True,0.1630775226375674,12,8.63490999772228
decoder_io,RMSE Z500,120,285.1250394185384,329.96349843343097,44.83845901489258,29.597857348124187,63.013299147288,15.72589314019302,1.4418866662848995,0.9517890846045403,2.026341623580747,0.17626047582552096,share,2,True,-0.05379152864699992,12,13.364389272146315
decoder_heads,RMSE Z500,120,285.1250394185384,297.1724103291829,12.047370910644531,5.89901959101359,16.88463004430135,4.225293904461353,0.3874116965990593,0.18969692267102267,0.5429652013229397,0.04735834762857165,share,6,True,0.02705978031057273,12,11.367675825785561
encoder_io,RMSE T850,120,1.8273481527964275,2.6875323255856833,0.8601841727892557,0.8311598268647988,0.8876442710558573,47.07281266970931,6.650317122232975,6.425922032473147,6.8626185891251374,0.6225524079413041,share,1,True,-0.5967448855082533,12,47.5156741663377
enc0_attn,RMSE T850,120,1.8273481527964275,1.8413703838984172,0.014022231101989746,0.0058087507883707685,0.021980807930231078,0.7673541071268354,0.10840967148591896,0.04490902768115769,0.1699395873152666,0.010148493791680004,share,8,True,-0.48860236039473925,12,34.930212698136806
enc0_mlp,RMSE T850,120,1.8273481527964275,1.820015052954356,-0.007333099842071533,-0.024704015503327053,0.005705612897872911,-0.40129735709364106,-0.056694183619581916,-0.19099344359819503,0.044111640678668705,-0.005307280822840841,share,11,False,-0.5592237260850444,12,42.44939172163931
enc1_attn,RMSE T850,120,1.8273481527964275,1.9182446002960205,0.0908964474995931,0.0696527361869812,0.12380731378992399,4.974227125821231,0.7027450867836348,0.5385041933201717,0.9571879195183984,0.06578568178101779,share,5,True,-0.0020390596959668377,12,12.049037422935905
enc1_mlp,RMSE T850,120,1.8273481527964275,1.9557359516620636,0.1283877988656362,0.09808279077212016,0.1541613906621933,7.02590793490347,0.9926008918686867,0.7583046555636097,1.1918635198594956,0.09291979074075332,share,4,True,0.03773619185764114,12,11.127265087515008
enc2_attn,RMSE T850,120,1.8273481527964275,1.8286965986092885,0.0013484458128611247,-0.002162984261910121,0.005174613495667774,0.07379249601656757,0.010425200278441708,-0.016722617931294495,0.04000634029290415,0.0009759284282724574,share,16,False,0.2360210239676222,12,7.417145448675383
enc2_mlp,RMSE T850,120,1.8273481527964275,1.8250652054945629,-0.002282947301864624,-0.007088401665290197,0.0017167190710703469,-0.12493225761992777,-0.01765008472722217,-0.0548023556526114,0.013272420713558167,-0.0016522674851948602,share,14,False,0.16759344619337474,12,8.555099960731676
downsample,RMSE T850,120,1.8273481527964275,2.0515018304189048,0.2241536776224772,0.19390747596820196,0.25620149721701935,12.266610348961162,1.7329928722944183,1.4991512845194492,1.9807632569653222,0.16222969006773502,share,3,True,0.19123066332361072,12,8.147231547111494
dec0_attn,RMSE T850,120,1.8273481527964275,1.8329250514507294,0.005576898654301961,-0.0006894757350285847,0.012041966120402018,0.3051908113824681,0.04311651595425126,-0.0053305238936872884,0.09309970586436163,0.004036242232663026,share,13,False,0.576320573840853,12,3.2253294147660254
dec0_mlp,RMSE T850,120,1.8273481527964275,1.8367020984490712,0.009353945652643839,0.00319412499666214,0.016059288134177518,0.5118863440625318,0.07231789063556114,0.024694646597570945,0.12415871185269917,0.006769854147539892,share,10,True,0.24077253046906985,12,7.3427879894527335
dec1_attn,RMSE T850,120,1.8273481527964275,1.84566534558932,0.018317192792892456,0.010785983999570212,0.024234388520320248,1.0023920600385476,0.14161518511415314,0.0833893674652004,0.18736263002948508,0.013256942920680921,share,7,True,0.3791826043465572,12,5.401611595421013
dec1_mlp,RMSE T850,120,1.8273481527964275,1.837382733821869,0.010034581025441488,-0.004930897057056427,0.025011698404947918,0.5491335085810205,0.07758006729133018,-0.03812210240997373,0.19337222355439038,0.007262459340322273,share,9,False,0.09886572956046612,12,9.840702967049241
dec2_attn,RMSE T850,120,1.8273481527964275,1.8269122838974,-0.00043586889902750653,-0.006557635714610418,0.0029939979314804075,-0.02385253726064667,-0.003369820666255891,-0.05069886014390156,0.023147409982085834,-0.0003154571325770953,share,17,False,0.017488178806438,12,11.587497623955828
dec2_mlp,RMSE T850,120,1.8273481527964275,1.833897332350413,0.006549179553985596,-0.0023089816172917684,0.015360446025927855,0.3583980175842931,0.05063348327279586,-0.017851363080309438,0.11875577398747439,0.004739923879502256,share,12,False,0.08134673280681484,12,10.194546181967016
upsample,RMSE T850,120,1.8273481527964275,1.8296261926492055,0.0022780398527781167,-0.0181953472395738,0.022632780174414315,0.12466370183984846,0.017612143907431616,-0.14067316409686859,0.17498016155026208,0.0016487157525051646,share,15,False,0.07210917237210526,12,10.38577993591695
decoder_io,RMSE T850,120,1.8273481527964275,2.087925692399343,0.26057753960291546,0.22280659278233847,0.31198154538869854,14.259873752253966,2.0145956274356775,1.72257819406519,2.4120139369589215,0.1885912108905543,share,2,True,-0.22502998689479028,12,18.96894020948623
decoder_heads,RMSE T850,120,1.8273481527964275,1.88553981979688,0.058191667000452675,0.03698356896638871,0.07222044443090755,3.184487143919499,0.44989555919113955,0.28593000164247034,0.5583558421177901,0.04211582072683172,share,6,True,-0.12432059785961709,12,15.407290774840547
encoder_io,RMSE Q700,120,0.0013744647051983823,0.0017075376817956567,0.00033307297659727436,0.000304045978555223,0.00036291499685224456,24.232923212764533,8.116690180560676,7.409328231278477,8.843913491338245,0.8370032466911516,share,1,True,-0.08485537934761178,12,14.225363137567133
enc0_attn,RMSE Q700,120,0.0013744647051983823,0.0013873892700454842,1.2924564847101768e-05,9.136470422769586e-06,1.7111817821084212e-05,0.9403344297034032,0.3149600716762234,0.2226476027058264,0.4169996770643866,0.03247907665644897,share,7,True,-0.15896928335917837,12,16.53641314773722
enc0_mlp,RMSE Q700,120,0.0013744647051983823,0.0013657645710433524,-8.700134155030051e-06,-1.863696767638127e-05,1.4793307248813287e-06,-0.6329834532764029,-0.21201447859000774,-0.45416621330170226,0.036049965059051406,-0.021863198296070717,share,9,False,0.18614842230954035,12,8.233555555610645
enc1_attn,RMSE Q700,120,0.0013744647051983823,0.0013861882519753028,1.1723546776920557e-05,-7.43445464953159e-07,2.3927224780588097e-05,0.8529536431587341,0.2856923367896954,-0.018117100242761194,0.5830850416288524,0.02946095121635392,share,8,False,-0.11942918449665148,12,15.25504817722265
enc1_mlp,RMSE Q700,120,0.0013744647051983823,0.0014025228835331898,2.8058178334807355e-05,1.7798604676499963e-05,3.430054736478875e-05,2.041389511763243,0.6837526805722096,0.43373605772919016,0.8358736239363692,0.070509431904075,share,4,True,-0.3838030664799781,12,26.948587203931897
enc2_attn,RMSE Q700,120,0.0013744647051983823,0.0013751078707476456,6.431655492633581e-07,-1.0616560757625848e-06,2.7324131224304438e-06,0.04679389342125939,0.015673368495736237,-0.02587160787797538,0.06658646098113927,0.0016162573691597827,share,16,False,0.24749970420425982,12,7.238481515559823
enc2_mlp,RMSE Q700,120,0.0013744647051983823,0.0013772345361455034,2.7698309471209845e-06,1.108571207926919e-06,4.239883128320798e-06,0.2015207037798183,0.06749829986205476,0.027014887637408964,0.10332215512030803,0.006960509132895121,share,13,True,-0.05773350471191187,12,13.47050130723607
downsample,RMSE Q700,120,0.0013744647051983823,0.0014519068839338918,7.744217873550951e-05,5.8540584723232315e-05,8.907251321943475e-05,5.634351936620443,1.8871965481119093,1.426581627971161,2.170617384790752,0.19461006922465637,share,3,True,-0.12134995704153374,12,15.31462906345579
dec0_attn,RMSE Q700,120,0.0013744647051983823,0.0013755143445450813,1.04963934669892e-06,-4.345781538480272e-07,2.546397930321593e-06,0.07636713716467686,0.025578770951395657,-0.010590280454632759,0.062053437321730895,0.002637714863622967,share,15,False,-0.1709362596016894,12,16.948317035876613
dec0_mlp,RMSE Q700,120,0.0013744647051983823,0.0013743974268436432,-6.727835473914941e-08,-2.313742637246226e-06,3.9308215491473675e-06,-0.004894876855309198,-0.0016395132587889466,-0.05638383616689571,0.09579060119331768,-0.00016906865853844204,share,17,False,0.3464341761789026,12,5.824859487829197
dec1_attn,RMSE Q700,120,0.0013744647051983823,0.0013772169574319075,2.7522522335251174e-06,-6.480709998868406e-07,7.499603088945145e-06,0.20024175397998842,0.06706992235305324,-0.0157929099347134,0.18275861155720585,0.006916334308198415,share,14,False,-0.07194418684641835,12,13.860513624117884
dec1_mlp,RMSE Q700,120,0.0013744647051983823,0.0013810920645482838,6.627359349901478e-06,3.4314264970210695e-07,1.2344069061024735e-05,0.48217748515738884,0.16150281271072206,0.00836207909696705,0.30081390919002055,0.016654372112462425,share,11,True,0.20054064293767035,12,7.990993342193772
dec2_attn,RMSE Q700,120,0.0013744647051983823,0.001368723528382058,-5.741176816324393e-06,-8.814103784970939e-06,-2.2170318212981114e-06,-0.4177027459934481,-0.1399073379233257,-0.2147918164145105,-0.05402708018452972,-0.014427419733008776,share,12,True,0.054325412373291665,12,10.763370510036253
dec2_mlp,RMSE Q700,120,0.0013744647051983823,0.0013609938808561612,-1.3470824342221022e-05,-1.771446186467074e-05,-9.304559353040532e-06,-0.9800778653153354,-0.3282719264095887,-0.43168557275284575,-0.22674377941679616,-0.03385181177180334,share,6,True,0.06389157554312191,12,10.558689768501909
upsample,RMSE Q700,120,0.0013744647051983823,0.0013822445859356474,7.779880737264952e-06,2.3221318163753796e-06,1.424941462270605e-05,0.5660298665975602,0.18958872686463493,0.05658827294995811,0.34724547433549546,0.019550626719964295,share,10,True,-0.5254955779424121,12,38.579086061893975
decoder_io,RMSE Q700,120,0.0013744647051983823,0.0015386178080613415,0.00016415310286295912,0.0001372908263874706,0.00018835740969128282,11.943056976444238,4.000264121479167,3.3456544983162173,4.590101404490798,0.4125122411742595,share,2,True,0.508600235642528,12,3.908787121313261
decoder_heads,RMSE Q700,120,0.0013744647051983823,0.0013972801971249282,2.28154919265459e-05,1.4282157159565636e-05,2.9420629531765977e-05,1.6599547329411304,0.5559931075067948,0.34804338063858226,0.7169543961986873,0.057334704882001965,share,5,True,0.2797853078404451,12,6.753145432258828
encoder_io,RMSE U500,120,4.700242638587952,6.440994660059611,1.7407520214716594,1.6385788917541504,1.903419295946757,37.03536509329265,4.679163712593811,4.404521032258373,5.116415428267206,0.8045020274934637,share,1,True,-0.528981978551806,12,38.953464426285635
enc0_attn,RMSE U500,120,4.700242638587952,4.691845456759135,-0.008397181828816732,-0.04964212278525034,0.03634954690933224,-0.17865422010084603,-0.02257173222653131,-0.13343866138756139,0.09770804730910548,-0.003880822611829043,share,11,False,0.2573845977875473,12,7.087238735252217
enc0_mlp,RMSE U500,120,4.700242638587952,4.737950762112935,0.037708123524983726,0.004732679327329,0.07377696335315702,0.8022590837206653,0.10135991863961276,0.012721502602684913,0.19831342172195549,0.0174271013071561,share,8,True,-0.06724998303487646,12,13.730366725790567
enc1_attn,RMSE U500,120,4.700242638587952,4.8147181669871015,0.11447552839914958,0.04910956521828969,0.20581024090449013,2.4355238059271844,0.30771168544297084,0.132007139831675,0.5532205615974688,0.05290575197358792,share,5,True,0.07030880350210901,12,10.423435107205215
enc1_mlp,RMSE U500,120,4.700242638587952,5.129680156707764,0.429437518119812,0.386692010362943,0.49434634447097775,9.136496796872251,1.154333544828393,1.039433072902906,1.328809300790841,0.19846787465860455,share,4,True,-0.5995120576057339,12,47.926897814998014
enc2_attn,RMSE U500,120,4.700242638587952,4.701821327209473,0.001578688621520996,-0.005183133482933045,0.01111983060836792,0.03358738565027073,0.004243535219370735,-0.013932329138050708,0.02989024699157141,0.0007296031721512954,share,16,False,0.2850998357731633,12,6.67559183490263
enc2_mlp,RMSE U500,120,4.700242638587952,4.705686291058858,0.005443652470906575,-0.009747367103894553,0.021358742316563917,0.11581641394883305,0.014632607511955359,-0.026201047526180663,0.05741257270510936,0.0025158261462834342,share,13,False,0.18599437210983255,12,8.236183715867929
downsample,RMSE U500,120,4.700242638587952,5.14569616317749,0.4454535245895386,0.37868925233681994,0.5241095393896102,9.477245300752427,1.1973847751986184,1.0179215569060174,1.408813149654037,0.20586979608010048,share,3,True,-0.3266822670399509,12,23.644390196721623
dec0_attn,RMSE U500,120,4.700242638587952,4.701801896095276,0.0015592575073242188,-0.012137054403622945,0.014551784594853715,0.03317397903084959,0.004191304135722209,-0.03262455757207575,0.039115383230838706,0.0007206229322463901,share,17,False,-0.33259016630045657,12,23.959913666486962
dec0_mlp,RMSE U500,120,4.700242638587952,4.697854558626811,-0.0023880799611409507,-0.01895778775215149,0.022232098380724572,-0.050807588985626886,-0.006419189499200646,-0.05095877610754039,0.059760164983152175,-0.0011036696478629855,share,15,False,-0.05281781343943374,12,13.338314360777257
dec1_attn,RMSE U500,120,4.700242638587952,4.675205588340759,-0.025037050247192383,-0.04527198274930318,-0.0028817872206370137,-0.5326756972426007,-0.06729991149917375,-0.1216916690400415,-0.0077462809313996375,-0.01157106666421868,share,9,True,-0.20532535274061284,12,18.201038982141124
dec1_mlp,RMSE U500,120,4.700242638587952,4.6848758061726885,-0.015366832415262857,-0.03783212204774221,0.026813831925392127,-0.3269370029773477,-0.04130624220342398,-0.10169322825577291,0.07207592339017539,-0.0071019006048774645,share,10,False,-0.34126936280691933,12,24.433708476451738
dec2_attn,RMSE U500,120,4.700242638587952,4.69738753636678,-0.002855102221171061,-0.016809523105621338,0.00646565854549408,-0.060743719860998316,-0.007674551311309287,-0.045184213243271036,0.017379772920511027,-0.0013195076020600248,share,14,False,-0.18390910315862125,12,17.408488800561653
dec2_mlp,RMSE U500,120,4.700242638587952,4.707326253255208,0.007083614667256673,-0.021541635195414226,0.040487029155095416,0.1507074253805913,0.019040846884671753,-0.057904191104199136,0.10882965253895838,0.003273747375558173,share,12,False,-0.17324780248919747,12,17.029254560507425
upsample,RMSE U500,120,4.700242638587952,4.750765363375346,0.0505227247873942,0.02016782065232595,0.08706814646720881,1.0748960994612025,0.13580573083963965,0.054211360029720344,0.2340402920386896,0.02334946851969785,share,7,True,-0.27287549006596246,12,21.00672673264336
decoder_io,RMSE U500,120,4.700242638587952,5.379594087600708,0.6793514490127563,0.5346532265345255,0.8568826913833618,14.453539981860326,1.826105389572438,1.437154715642121,2.3033116411842838,0.3139675332097742,share,2,True,-0.12760085874689447,12,15.510343448443377
decoder_heads,RMSE U500,120,4.700242638587952,4.755552689234416,0.05531005064646403,0.009144067764282227,0.09698998332023619,1.1767488382914693,0.14867412401903324,0.02457937118002353,0.26071031648347665,0.025561968239581855,share,6,True,0.032153923461553525,12,11.252345851198976
encoder_io,RMSE MSLP,120,280.2954966227214,399.4292271931966,119.13373057047527,101.12434673309326,141.19777116775512,42.50290568557712,2.9617887040809823,2.5140566523640038,3.5103237486437773,0.5511460220787122,share,1,True,-0.2729541564885505,12,21.010298063305065
enc0_attn,RMSE MSLP,120,280.2954966227214,281.20237986246747,0.9068832397460938,-2.7888953208923337,4.599339040120439,0.32354541927113495,0.02254606250084149,-0.06933484428574012,0.11434436200425147,0.004195496000020212,share,13,False,0.26847823192949555,12,6.92030891495343
enc0_mlp,RMSE MSLP,120,280.2954966227214,277.82333755493164,-2.4721590677897134,-8.214697742462157,4.106863339742004,-0.8819831561964934,-0.06146045092862682,-0.20422594729937618,0.10210090283084501,-0.011436900612728647,share,10,False,-0.29381326264650487,12,21.9853451368152
enc1_attn,RMSE MSLP,120,280.2954966227214,300.6701914469401,20.37469482421875,12.360651652018229,31.54987970987956,7.2690054138269495,0.5065361479952152,0.30729868243629427,0.784362891117196,0.09425904779161566,share,5,True,0.07856612180399516,12,10.251765111867154
enc1_mlp,RMSE MSLP,120,280.2954966227214,321.3396962483724,41.04419962565104,33.35556958516439,47.27956161499023,14.643189105851622,1.020401579277206,0.8292542233207845,1.1754191768748556,0.1898819691514668,share,4,True,-0.6577573162413143,12,58.12567730132202
enc2_attn,RMSE MSLP,120,280.2954966227214,280.44726435343426,0.15176773071289062,-0.9001655260721843,1.6905020395914707,0.05414561865657459,0.00377310395902975,-0.02237905313765475,0.042027642558594855,0.0007021200516577526,share,17,False,-0.13264386693507166,12,15.67029491702852
enc2_mlp,RMSE MSLP,120,280.2954966227214,281.27256774902344,0.9770711263020834,-1.133526865641276,2.5825598398844347,0.348586095058539,0.024291006510983707,-0.028180659250342313,0.06420512918344344,0.004520204831752478,share,12,False,-0.21641334166403126,12,18.62839284549153
downsample,RMSE MSLP,120,280.2954966227214,322.11080678304035,41.81531016031901,30.325291697184245,53.977041021982814,14.918295393308636,1.039572190826438,0.7539183568464558,1.341925495097729,0.19344934257064994,share,3,True,-0.1130486985896376,12,15.058982789513953
dec0_attn,RMSE MSLP,120,280.2954966227214,280.52792994181317,0.23243331909179688,-1.6786918640136719,2.403467814127604,0.08292438583294574,0.005778534556431864,-0.041734029285074095,0.05975271477202889,0.0010753016681552979,share,16,False,0.11633111473574961,12,9.498997638958686
dec0_mlp,RMSE MSLP,120,280.2954966227214,280.8134473164876,0.517950693766276,-2.0189125696818033,3.7285472869873044,0.18478737618230068,0.012876794059264087,-0.0501922706086448,0.09269557147543571,0.0023961850530091517,share,15,False,0.1288357606513668,12,9.260843106309276
dec1_attn,RMSE MSLP,120,280.2954966227214,277.6858215332031,-2.609675089518229,-5.134990437825521,0.3608907063802083,-0.9310442447210844,-0.06487924254906326,-0.12766121401124533,0.00897211908370816,-0.012073088264914404,share,8,False,0.07656193637765424,12,10.29319019094586
dec1_mlp,RMSE MSLP,120,280.2954966227214,278.507017771403,-1.7884788513183594,-7.570320129394531,5.435799884796133,-0.6380690638514459,-0.044463448210319195,-0.18820604826316364,0.1351396503688759,-0.008274004345838106,share,11,False,0.11536624002218082,12,9.517595870144609
dec2_attn,RMSE MSLP,120,280.2954966227214,279.5583381652832,-0.737158457438151,-2.50091552734375,0.6052790641784667,-0.26299332894041055,-0.01832652752418015,-0.06217536648334559,0.015047868362016817,-0.0034103015956373057,share,14,False,-0.026322977669127313,12,12.648830617925762
dec2_mlp,RMSE MSLP,120,280.2954966227214,284.56128184000653,4.265785217285156,1.3352471987406414,7.779768911997476,1.5218886028079561,0.10605186633618244,0.03319563696568987,0.19341316328782027,0.019734717802344648,share,7,True,-0.22202103717411886,12,18.849163212362367
upsample,RMSE MSLP,120,280.2954966227214,287.0573921203613,6.761895497639974,1.2108569145202637,13.623372491200762,2.412416745582433,0.16810776937131744,0.030103164859451286,0.33869123851583455,0.031282423436170236,share,6,True,0.16392551000577227,12,8.619876266721723
decoder_io,RMSE MSLP,120,280.2954966227214,330.96476491292316,50.66926829020182,36.54102589289347,64.23324762980141,18.07708967882663,1.2596908175992307,0.9084479870382256,1.5969054804662564,0.2344102339955152,share,2,True,0.15938836336225434,12,8.700570023317654
decoder_heads,RMSE MSLP,120,280.2954966227214,277.70019912719727,-2.5952974955240884,-7.877354208628336,1.3794754028320306,-0.9259148030542091,-0.06452180057792883,-0.19583923546621726,0.0342951962143795,-0.012006573486110882,share,9,False,-0.28691787287375353,12,21.656712301458317
encoder_io,RMSE T2M,120,1.614404211441676,2.495357791582743,0.8809535801410675,0.8086199795206388,0.9508812256157397,54.568340066108284,11.076720677720752,10.167229976113072,11.955959963461092,0.5950066918776582,share,1,True,0.3623576345800273,12,5.616519620707714
enc0_attn,RMSE T2M,120,1.614404211441676,1.6343282560507457,0.019924044609069824,0.006267983963092168,0.03305378481745718,1.2341422592844633,0.2505161246632027,0.07881085807096377,0.41560367086065086,0.013456940455100017,share,7,True,-0.05574615505776194,12,13.416894120741578
enc0_mlp,RMSE T2M,120,1.614404211441676,1.6195676028728485,0.0051633914311726885,-0.00784754753112793,0.020418084412813182,0.31983262894004333,0.06492220012736455,-0.09867159174666368,0.2567279626454774,0.003487416957701162,share,12,False,-0.5921962851520266,12,46.85184250699395
enc1_attn,RMSE T2M,120,1.614404211441676,1.67485311627388,0.060448904832204185,0.04423120046655337,0.08483079647024472,3.7443475682104936,0.7600577932758166,0.5561435515476647,1.066624914809943,0.04082792067895077,share,5,True,-0.35938965895181846,12,25.464271901590973
enc1_mlp,RMSE T2M,120,1.614404211441676,1.672871063152949,0.05846685171127319,0.025468542178471883,0.09319335420926411,3.621574528665397,0.7351363339800366,0.3202301848123582,1.1717720171255914,0.039489218053527425,share,6,True,-0.40568573933929014,12,28.382675612257334
enc2_attn,RMSE T2M,120,1.614404211441676,1.6152763565381367,0.0008721450964609782,-0.0035537113746007282,0.00609496608376503,0.054022721836320384,0.010965966699851695,-0.04468279504510105,0.07663540778077775,0.000589057335574334,share,17,False,0.49072648588460305,12,4.0995328299666625
enc2_mlp,RMSE T2M,120,1.614404211441676,1.611806223789851,-0.002597987651824951,-0.007094923406839371,0.0018773945669333125,-0.16092547538047658,-0.03266594766414879,-0.08920842888770394,0.02360552892748429,-0.0017547122494284393,share,14,False,-0.32163524493685147,12,23.379196547093393
downsample,RMSE T2M,120,1.614404211441676,1.8188087046146393,0.20440449317296347,0.1743031457066536,0.24623661860823617,12.661295834357905,2.57009169062624,2.191610661178649,3.096070333822962,0.13805726434337093,share,3,True,-0.08332722425234185,12,14.181643695510735
dec0_attn,RMSE T2M,120,1.614404211441676,1.6215891937414806,0.0071849822998046875,0.0016034344832102458,0.014005059252182643,0.4450547297190485,0.09034078957549618,0.02016087600518222,0.176093420707269,0.004852823855624425,share,11,True,0.6759445954366712,12,2.3202824636018144
dec0_mlp,RMSE T2M,120,1.614404211441676,1.612401823202769,-0.0020023882389068604,-0.011314469079176584,0.004217976083358126,-0.12403264465710924,-0.025177144075142738,-0.14226312989916978,0.05303496569385987,-0.0013524372097970428,share,15,False,0.31152568904484357,12,6.29929844338672
dec1_attn,RMSE T2M,120,1.614404211441676,1.618545909722646,0.004141698280970256,0.0008476706842581431,0.006877244760592776,0.25654654835616947,0.0520758823437184,0.010658236265656974,0.08647143386738537,0.002797353059761537,share,13,True,-0.02195616362661718,12,12.538777412056245
dec1_mlp,RMSE T2M,120,1.614404211441676,1.6267881095409393,0.01238389809926351,0.0013410051663716633,0.023754199097553882,0.7670878217174986,0.1557096573975365,0.016861205845716404,0.2986747931536159,0.008364234400878284,share,10,True,0.5132289839073241,12,3.860124445957514
dec2_attn,RMSE T2M,120,1.614404211441676,1.6152839263280232,0.0008797148863474528,-0.005947647740443548,0.005539080252250023,0.05449161245447076,0.01106114588982455,-0.0747830920896203,0.06964594519932336,0.0005941700631233144,share,16,False,0.06852134707351681,12,10.460945741263457
dec2_mlp,RMSE T2M,120,1.614404211441676,1.6336965958277385,0.019292384386062622,0.008701327939828236,0.0267933721343676,1.1950157370336867,0.2425739083975543,0.10940664898517242,0.33688801071572083,0.0130303095086408,share,8,True,0.1358644775338194,12,9.129281243224213
upsample,RMSE T2M,120,1.614404211441676,1.6279273331165314,0.01352312167485555,0.004294286171595255,0.026615634560585015,0.8376540137230747,0.17003375076723104,0.05399445499199014,0.3346532170749365,0.009133679768151225,share,9,True,-0.020992400780969558,12,12.514620743644045
decoder_io,RMSE T2M,120,1.614404211441676,1.9649192293485005,0.35051501790682477,0.2825420101483663,0.4018044610818227,21.711725937199585,4.407220805071784,3.5525582694539306,5.052111578629126,0.23674207808404765,share,2,True,0.4184660610705338,12,4.919685749750618
decoder_heads,RMSE T2M,120,1.614404211441676,1.7483330567677815,0.13392884532610574,0.10802899946769078,0.1634990833699703,8.295868183254193,1.6839620654352612,1.3583088589135892,2.055765159910625,0.09045716028728798,share,4,True,-0.025179967421663483,12,12.619929010405684
encoder_io,|RQE| Z500,120,0.008736323565244675,0.02573593348885576,0.016999609923611086,0.01485679690570881,0.019549786113202572,194.58539735455625,6.247808691540293,5.460267926913639,7.185066254148192,1.189152566049175,share,1,True,-0.003815001728144602,12,12.09191068088187
enc0_attn,|RQE| Z500,120,0.008736323565244675,0.008008295592541495,-0.0007280279727031788,-0.0009252814139472321,-0.0004771673974270626,-8.333344882044662,-0.26756963930223887,-0.3400655242183464,-0.1753717071368647,-0.05092683513244183,share,7,True,0.21591847485011315,12,7.738165425077938
enc0_mlp,|RQE| Z500,120,0.008736323565244675,0.009558870961579183,0.000822547396334509,0.00032602835757037003,0.0011815541355948275,9.415257919324468,0.30230804089714797,0.11982409098032228,0.4342525640921658,0.05753863479477254,share,6,True,-0.26713950664162533,12,20.748388291499577
enc1_attn,|RQE| Z500,120,0.008736323565244675,0.010210501650969187,0.0014741780857245128,0.0009608567187873025,0.002041759939553837,16.87412416350019,0.5417996470657461,0.35314039474671516,0.7504010711837252,0.10312134580323272,share,5,True,-0.06441249250690845,12,13.652330549290943
enc1_mlp,|RQE| Z500,120,0.008736323565244675,0.004814344839057109,-0.003921978726187565,-0.004618253441306782,-0.003147930166354248,-44.892782380339,-1.4414314730526276,-1.6973309458269716,-1.1569480442250117,-0.2743492990247108,share,2,True,0.2010244371556986,12,7.982940610965007
enc2_attn,|RQE| Z500,120,0.008736323565244675,0.008883078000508249,0.00014675443526357412,0.00013001028079694758,0.00021218500720957914,1.6798191386523358,0.05393615737549097,0.047782235357328555,0.07798363246072311,0.010265730452461246,share,14,True,-0.669266854673603,12,60.56605616686727
enc2_mlp,|RQE| Z500,120,0.008736323565244675,0.00870983062001566,-2.649294522901376e-05,-0.00014375624693154047,7.309774324918782e-05,-0.3032505038436243,-0.009736861858014471,-0.05283424343723424,0.026865364420505668,-0.00185322804128142,share,16,False,0.025218314083083924,12,11.409648140615475
downsample,|RQE| Z500,120,0.008736323565244675,0.011140865972265601,0.0024045424070209265,0.0010462112977014232,0.003723575039960754,27.523504470310716,0.8837332748968938,0.3845104722013586,1.368512842518652,0.16820196382927374,share,3,True,0.09504653085197652,12,9.916876884973403
dec0_attn,|RQE| Z500,120,0.008736323565244675,0.008930038544349372,0.0001937149791046977,-3.4112987729410325e-06,0.00033428051683586084,2.2173512422931005,0.07119540598698536,-0.001253743010503993,0.1228569789474337,0.013550702958458288,share,12,False,-0.028940491204803166,12,12.715272115276475
dec0_mlp,|RQE| Z500,120,0.008736323565244675,0.008938615637210509,0.00020229207196583351,7.748104011019072e-05,0.00031843648272721704,2.3155286140110816,0.07434771569095822,0.028476342575230167,0.11703387509635324,0.014150685665761206,share,11,True,0.6073633297429843,12,2.931285015589832
dec1_attn,|RQE| Z500,120,0.008736323565244675,0.009240232640877366,0.0005039090756326914,0.0003466563842569788,0.0006169423625882094,5.767976333172575,0.18519998497796064,0.12740543931719886,0.2267427236553455,0.03524932472196365,share,8,True,-0.5866456975925969,12,46.06157057086958
dec1_mlp,|RQE| Z500,120,0.008736323565244675,0.00921904396576186,0.0004827204005171855,0.0002596141731676956,0.0006945885523843269,5.5254409582260715,0.17741258343499863,0.09541511216156323,0.2552797631317266,0.033767139689600635,share,9,True,0.08272623722161616,12,10.166268050903062
dec2_attn,|RQE| Z500,120,0.008736323565244675,0.008750223593475917,1.3900028231243292e-05,-8.701684419065714e-05,0.0001719847040173287,0.1591061517746567,0.005108629997162286,-0.03198100414584742,0.06320895205242438,0.0009723313836972893,share,17,False,-0.574556980262757,12,44.41178462587679
dec2_mlp,|RQE| Z500,120,0.008736323565244675,0.008555304065036276,-0.00018101950020839772,-0.00038923776495115213,-1.3541517546400433e-05,-2.0720329192995957,-0.06652947990115195,-0.14305522902380463,-0.004976867787156501,-0.01266263191596984,share,13,True,0.16327663915005275,12,8.63137794766994
upsample,|RQE| Z500,120,0.008736323565244675,0.008319790513875583,-0.00041653305136909086,-0.0006793804156283537,-0.0002709951271147778,-4.76782994881469,-0.15308697260418047,-0.2496903684671978,-0.09959791537340866,-0.029137218389457625,share,10,True,-0.6421133864550204,12,55.06034562810953
decoder_io,|RQE| Z500,120,0.008736323565244675,0.010706838763629397,0.0019705151983847222,0.00046086680764953296,0.0036530140777661767,22.55542830652398,0.7242167343016952,0.16938080693698243,1.3425798125924524,0.13784099841864703,share,4,True,0.1531285175125087,12,8.812944641913823
decoder_heads,|RQE| Z500,120,0.008736323565244675,0.008609677703740696,-0.00012664586150397858,-0.0006589827709831298,0.0003484683111310005,-1.4496471033628853,-0.04654572180230856,-0.24219369165672724,0.1280713706252005,-0.008859100406638837,share,15,False,-0.05753502008866682,12,13.465137179163849
encoder_io,|RQE| T850,120,0.0056590997652771575,0.02074371720664203,0.015084617441364875,0.013411241971577207,0.01571648833923973,266.5550717787372,7.374645967688521,6.556557493872912,7.683558287621436,0.44216898614483924,share,1,True,-0.4974150214316759,12,35.753118424603514
enc0_attn,|RQE| T850,120,0.0056590997652771575,0.005750400247052312,9.130048177515467e-05,-0.00020585350769882402,0.0003316456922523986,1.6133393218361678,0.044635452797418894,-0.10063872991056187,0.16213666515424227,0.002676252256179376,share,15,False,-0.5459418553396413,12,40.856666667552695
enc0_mlp,|RQE| T850,120,0.0056590997652771575,0.007680985824360202,0.0020218860590830445,0.0012985724504687823,0.002883932732220273,35.728051155571414,0.988470137257473,0.6348528308938349,1.4099119833448572,0.05926668755904775,share,5,True,-0.017451112764331585,12,12.426265513894474
enc1_attn,|RQE| T850,120,0.0056590997652771575,0.006131050026548716,0.0004719502612715587,-0.0007750371383735909,0.0013113568677605748,8.339670280551145,0.23072949014217278,-0.3789041737076029,0.6411029430890325,0.01383407761903144,share,9,False,0.6281839718024996,12,2.740349011930468
enc1_mlp,|RQE| T850,120,0.0056590997652771575,0.00594970362726599,0.00029060386198883254,-0.0005987810931401327,0.0011321046724333424,5.135160609323523,0.1420719224296579,-0.29273520466916514,0.553469200661841,0.008518347616361584,share,10,False,-0.1900073101870269,12,17.62989703714683
enc2_attn,|RQE| T850,120,0.0056590997652771575,0.0055841572272280855,-7.494253804907203e-05,-0.0001889128417436344,8.359332665956204e-06,-1.3242837404793777,-0.03663829647521548,-0.0923566893243809,0.004086753885352955,-0.0021967587973037066,share,16,False,0.36334437785385526,12,5.6037693702747635
enc2_mlp,|RQE| T850,120,0.0056590997652771575,0.0053920059581287205,-0.0002670938071484367,-0.00035081431851722303,-0.00021182115306146447,-4.719722539391487,-0.13057820495204892,-0.17150792252550148,-0.10355622330946702,-0.007829207361171474,share,12,True,-0.22291816204055934,12,18.884777931526777
downsample,|RQE| T850,120,0.0056590997652771575,0.007208574466252078,0.0015494747009749215,0.0001243191654793918,0.002743890689453108,27.380232991864126,0.757515223703689,0.06077779804311993,1.341447503551839,0.04541909400422737,share,6,True,0.38194593360833334,12,5.366815456618293
dec0_attn,|RQE| T850,120,0.0056590997652771575,0.005765917866180341,0.00010681810090318322,1.7573553001663338e-05,0.00021623700886266306,1.8875458170678097,0.05222178687420061,0.008591449686108234,0.10571506978368404,0.0031311136369132925,share,14,True,-0.5843891890808323,12,45.74633231248588
dec0_mlp,|RQE| T850,120,0.0056590997652771575,0.005948999683217456,0.00028989991794029873,-1.300290750805286e-06,0.00048400963763318267,5.122721456848194,0.1417277746142309,-0.0006356928824693642,0.2366251405690915,0.008497713203360872,share,11,False,0.3428616371077777,12,5.872280610897939
dec1_attn,|RQE| T850,120,0.0056590997652771575,0.006307814658309023,0.0006487148930318654,0.00021715628875729938,0.0010195536451647056,11.463217118245913,0.3171470995981765,0.10616449210377328,0.49844467102877454,0.01901550421573064,share,8,True,-0.19822777917973078,12,17.9336886172563
dec1_mlp,|RQE| T850,120,0.0056590997652771575,0.005463176756165922,-0.00019592300911123553,-0.00033241216830598815,-6.019984042116761e-05,-3.4620879157029685,-0.09578385628511117,-0.16251138394044323,-0.029430810038314555,-0.005743007977358597,share,13,True,-0.544582356149026,12,40.698880519994745
dec2_attn,|RQE| T850,120,0.0056590997652771575,0.005645397080418964,-1.3702684858193e-05,-0.00013808339523772398,0.00014743455782687911,-0.24213541776148392,-0.006699039603011385,-0.06750692603593685,0.07207857087541465,-0.0004016609831015524,share,17,False,-0.2844171262417852,12,21.53909222834371
dec2_mlp,|RQE| T850,120,0.0056590997652771575,0.006346144286605219,0.0006870445213280618,0.000407535094806614,0.000978116927338609,12.140526759107479,0.33588588696592353,0.19923786965691986,0.47818687362567236,0.020139044335254166,share,7,True,-0.15028128046584086,12,16.244640783196477
upsample,|RQE| T850,120,0.0056590997652771575,0.007799578461951266,0.0021404786966741085,0.0013620719997561536,0.0029317595287769406,37.823660749145276,1.0464483206623916,0.6658968197071025,1.4332937955615133,0.06274294319043607,share,4,True,0.6880806929922505,12,2.2173298347830683
decoder_io,|RQE| T850,120,0.0056590997652771575,0.015643654973246157,0.009984555207969,0.007423457083738564,0.012287438400865842,176.43363117985254,4.881301106231412,3.629218179493186,6.007146578850684,0.29267302737876827,share,2,True,-0.07505280404257625,12,13.947427166539292
decoder_heads,|RQE| T850,120,0.0056590997652771575,0.00791270825235794,0.0022536084870807827,0.0018156931619159877,0.0025792976002170084,39.822738254384014,1.101755799018471,0.8876654848644148,1.2609803808977444,0.06605906870182797,share,3,True,-0.15542332579656362,12,16.416602936181764
encoder_io,|RQE| Q700,120,0.19268829065064588,0.24380729471643767,0.051119004065791764,0.010251465967545906,0.08904728045066197,26.529377521166158,2.038449478380378,0.40879308656488944,3.550898256003252,0.17976034774575558,share,3,True,0.3425454006092084,12,5.876490425656736
enc0_attn,|RQE| Q700,120,0.19268829065064588,0.22573909163475037,0.03305080098410448,0.0276997496218731,0.038246676806981364,17.152469863375007,1.3179518900522997,1.1045704273757497,1.5251454877061386,0.11622338084935772,share,5,True,0.2947261066543258,12,6.536739065235881
enc0_mlp,|RQE| Q700,120,0.19268829065064588,0.228773499528567,0.036085208877921104,0.025799192131186525,0.048142860472823186,18.727245312142763,1.4389536055861722,1.0287827531766247,1.9197711421032502,0.12689389816798372,share,4,True,0.1316124407840197,12,9.208674573577488
enc1_attn,|RQE| Q700,120,0.19268829065064588,0.18022807128727436,-0.01246021936337153,-0.021748374526699383,-0.004021709831431513,-6.466516113302687,-0.4968705499246384,-0.8672501258536559,-0.16037190977992558,-0.04381645156594409,share,10,True,-0.24633271879599541,12,19.84429070830742
enc1_mlp,|RQE| Q700,120,0.19268829065064588,0.17186194223662218,-0.020826348414023716,-0.029206771682947875,-0.00980936959385872,-10.808310325292673,-0.8304829062494199,-1.164665266671755,-0.39116380878833806,-0.07323600491826568,share,7,True,-0.27971049829012784,12,21.319935863326023
enc2_attn,|RQE| Q700,120,0.19268829065064588,0.19197705884774527,-0.0007112318029006323,-0.002507855463773012,0.0012633381566653646,-0.3691100276508931,-0.028361469948913295,-0.10000462167459281,0.05037756610355929,-0.0025010517820869466,share,17,False,0.22815812123841703,12,7.541457720280778
enc2_mlp,|RQE| Q700,120,0.19268829065064588,0.19511676207184792,0.002428471421202024,-0.0022710095780591167,0.007687093239898479,1.2603108434881347,0.09683905999889411,-0.09056002507078081,0.30653475143930664,0.0085397373275125,share,14,False,0.5743615948009819,12,3.2442743009326813
downsample,|RQE| Q700,120,0.19268829065064588,0.2828499401609103,0.0901616495102644,0.06417034342885017,0.11629987138633925,46.79145224954653,3.595335448585216,2.5588918540289898,4.637637538048862,0.3170540930029958,share,1,True,0.30319591480701275,12,6.416263991706962
dec0_attn,|RQE| Q700,120,0.19268829065064588,0.19077882853647074,-0.0019094621141751607,-0.0032212383269021906,-0.0001608636695891619,-0.9909590809734863,-0.07614275985537362,-0.12845186848244494,-0.006414688027613896,-0.00671463734328049,share,15,True,-0.20542662773282896,12,18.204888356024757
dec0_mlp,|RQE| Q700,120,0.19268829065064588,0.1901779267936945,-0.0025103638569513955,-0.004506314545869828,-0.0008627533446997405,-1.3028107979341716,-0.1001046477384705,-0.17969627349593362,-0.03440362615849552,-0.008827712670480988,share,13,True,-0.5553352441258238,12,41.973245423550324
dec1_attn,|RQE| Q700,120,0.19268829065064588,0.19130143088599047,-0.001386859764655431,-0.0029605185457815724,0.00023814787467320696,-0.7197426267950456,-0.05530318157627061,-0.11805526331492722,0.009496515430547157,-0.004876902399119455,share,16,False,-0.4462127450243945,12,31.337942114715528
dec1_mlp,|RQE| Q700,120,0.19268829065064588,0.20919976197183132,0.01651147132118543,0.01090231747366488,0.021513666243602833,8.569006069560087,0.6584204977593923,0.43474679864119997,0.8578907694656882,0.05806270839452027,share,9,True,-0.06663438899635152,12,13.71339646228533
dec2_attn,|RQE| Q700,120,0.19268829065064588,0.16439203917980194,-0.028296251470843952,-0.03199705757821599,-0.024772423195342223,-14.684987538836266,-1.1283568626772398,-1.275932239330709,-0.987838751235679,-0.09950397307728678,share,6,True,0.1891525320857785,12,8.182440311424052
dec2_mlp,|RQE| Q700,120,0.19268829065064588,0.18459266237914562,-0.008095628271500269,-0.011950600830217203,-0.004635973041877152,-4.201411639578076,-0.3228257187084844,-0.4765487214370489,-0.1848666068853234,-0.028468335404818856,share,11,True,0.013088895594806268,12,11.689925044444479
upsample,|RQE| Q700,120,0.19268829065064588,0.19537657064696154,0.002688279996315638,-0.0019541478715837,0.007064159711201979,1.3951444518181089,0.10719932941528329,-0.07792467365720031,0.2816943119619895,0.009453356062135028,share,12,False,-0.42886214011481927,12,30.021378174482887
decoder_io,|RQE| Q700,120,0.19268829065064588,0.20946932149430117,0.01678103084365527,-0.0015558391343802214,0.03555305039820568,8.708900155266917,0.669169601307339,-0.06204149571926953,1.4177329618115897,0.05901061640608861,share,8,False,0.27533202354754926,12,6.818628840856663
decoder_heads,|RQE| Q700,120,0.19268829065064588,0.25484420359134674,0.06215591294070085,0.058841634945323074,0.0664387978768597,32.25723407002081,2.478563317649123,2.3464013482533534,2.649349989330751,0.21857171767851888,share,2,True,-0.5488584571432975,12,41.198381705280454
encoder_io,Vag/Vg 850hPa,120,0.35729679961999256,0.35767008860905963,0.00037328898906707764,-0.0016346049184600513,0.003401309686402476,0.10447588376500819,0.07995943204868282,-0.3501364485212899,0.7285690141199282,0.0009073057877549355,share,15,False,-0.25817344714025864,12,20.35257609407482
enc0_attn,Vag/Vg 850hPa,120,0.35729679961999256,0.3591913431882858,0.0018945435682932537,0.0014193357899785041,0.0023949538667996724,0.5302436434662217,0.4058159553294306,0.30402526454552464,0.5130050887669965,0.004604824666707423,share,5,True,0.10374128758157952,12,9.744225997549371
enc0_mlp,Vag/Vg 850hPa,120,0.35729679961999256,0.35915474096934,0.0018579413493474324,0.0010037074486414592,0.0026946846395730964,0.5199994378128964,0.39797566878376045,0.2149966376907573,0.5772081675086768,0.004515860335942635,share,6,True,-0.16137424375993728,12,16.6182481535063
enc1_attn,Vag/Vg 850hPa,120,0.35729679961999256,0.3546077162027359,-0.0026890834172566733,-0.003550368050734202,-0.0012973673020799956,-0.7526189487609969,-0.5760083717249358,-0.7604976873547253,-0.27789931037641064,-0.00653601102548026,share,4,True,-0.024790752392967116,12,12.610102969071683
enc1_mlp,Vag/Vg 850hPa,120,0.35729679961999256,0.3587842012445132,0.0014874016245206196,-0.0003245699529846509,0.0032081902648011837,0.4162930163669431,0.3186051359891187,-0.06952369306574131,0.6872023525760093,0.003615236833040232,share,9,False,-0.008544202192273028,12,12.206828033148806
enc2_attn,Vag/Vg 850hPa,120,0.35729679961999256,0.3572683110833168,-2.8488536675771076e-05,-0.00011067688465118408,6.40553111831346e-05,-0.007973353443431459,-0.0061023155764270256,-0.023707264604143016,0.013720807342069026,-6.924344132194898e-05,share,17,False,-0.34852683460834993,12,24.83958338571286
enc2_mlp,Vag/Vg 850hPa,120,0.35729679961999256,0.3571550374229749,-0.00014176219701766968,-0.00036983713507652286,4.25355508923527e-05,-0.03967631312915274,-0.03036581600715117,-0.07922003631860908,0.009111221040112721,-0.00034456323547190043,share,16,False,0.13158287368059582,12,9.209228734557815
downsample,Vag/Vg 850hPa,120,0.35729679961999256,0.35900377482175827,0.0017069752017656963,-8.892392118771867e-06,0.004119314253330231,0.47774712888029536,0.3656383436208044,-0.0019047725601234224,0.8823673823048181,0.004148926235372736,share,7,False,0.01575346955566031,12,11.627780479547623
dec0_attn,Vag/Vg 850hPa,120,0.35729679961999256,0.3567783161997795,-0.0005184834202130636,-0.0006988747045397758,-0.0003569640219211579,-0.1451128083891328,-0.11106044116250491,-0.14970070397160823,-0.07646258338871179,-0.0012602113156082266,share,13,True,-0.5322972058295574,12,39.31463890988387
dec0_mlp,Vag/Vg 850hPa,120,0.35729679961999256,0.3568202157815297,-0.0004765838384628296,-0.0008759870504339536,-6.60636151830358e-05,-0.13338598021860432,-0.10208544629807283,-0.18763860999423546,-0.014150991065447864,-0.0011583713628105104,share,14,True,0.5374616817351034,12,3.610145140602648
dec1_attn,Vag/Vg 850hPa,120,0.35729679961999256,0.35795290023088455,0.0006561006108919779,0.0002791476125518481,0.001076338005562623,0.18362901979244756,0.14053838647860414,0.05979411450944429,0.23055428404756484,0.0015946998144777092,share,12,True,-0.047359981357185325,12,13.193146970869195
dec1_mlp,Vag/Vg 850hPa,120,0.35729679961999256,0.35888498773177463,0.001588188111782074,0.001305931309858958,0.0020207981889446575,0.44450107402898964,0.3401938528161226,0.27973374219230135,0.4328600098193264,0.003860205653171636,share,8,True,0.03951067314911732,12,11.08778603233948
dec2_attn,Vag/Vg 850hPa,120,0.35729679961999256,0.3586056977510452,0.001308898131052653,0.0011545551319917043,0.0014512240265806516,0.3663335726613695,0.2803692426881256,0.24730858752000268,0.310855804321461,0.003181371228906758,share,10,True,0.1031508407235606,12,9.755864306152649
dec2_mlp,Vag/Vg 850hPa,120,0.35729679961999256,0.3582974299788475,0.0010006303588549297,0.0007468004400531451,0.0012322646876176198,0.28005578553156996,0.2143375173874539,0.15996651599499953,0.26395416806105415,0.0024321041942901665,share,11,True,-0.19281900249890652,12,17.733108279679847
upsample,Vag/Vg 850hPa,120,0.35729679961999256,0.3945463051398595,0.03724950551986694,0.035307401418685914,0.039006640513738,10.425367806116405,7.9789369434832915,7.562933403443304,8.35531963961888,0.090537607427557,share,3,True,0.08798442569502528,12,10.059139297576195
decoder_io,Vag/Vg 850hPa,120,0.35729679961999256,0.4394782508412997,0.08218145122130711,0.0797463928659757,0.0863020999977986,23.000892061925047,17.603471725793252,17.0818761556043,18.48612496628611,0.19974793932588575,share,2,True,0.1556067592185032,12,8.768310507486445
decoder_heads,Vag/Vg 850hPa,120,0.35729679961999256,0.7159930914640427,0.3586962918440501,0.35084718416134514,0.36788960664222636,100.39168898953083,76.83363992465635,75.15234149159363,78.80287087289317,0.8718371855802565,share,1,True,0.2751545981592119,12,6.821247270445426
encoder_io,|Vag| 850hPa,120,3.833594183127085,3.589544634024302,-0.2440495491027832,-0.29757630825042725,-0.19168877800305686,-6.366076779251333,-2.6792812316070185,-3.2669210846625654,-2.1044420983419774,-0.03185734978201955,share,4,True,0.5428162978614615,12,3.555967378142839
enc0_attn,|Vag| 850hPa,120,3.833594183127085,3.82772696018219,-0.005867222944895427,-0.012657004594802857,0.003369999925295504,-0.15304757532028335,-0.06441290457493044,-0.1389540565999446,0.03699731297826982,-0.0007658861665255697,share,15,False,0.0545009174208174,12,10.759581906008313
enc0_mlp,|Vag| 850hPa,120,3.833594183127085,3.8253313302993774,-0.008262852827707926,-0.01907208909591039,0.004072239001592,-0.21553801558014335,-0.09071316288925016,-0.20938162168326183,0.04470679649970769,-0.0010786030693249854,share,14,False,-0.2042521703686561,12,18.160308462441904
enc1_attn,|Vag| 850hPa,120,3.833594183127085,3.7178139090538025,-0.11578027407328288,-0.13665556212266286,-0.09715843200683594,-3.020149461381962,-1.2710857957136288,-1.500263713397625,-1.0666471801537676,-0.015113540273156761,share,6,True,0.32081478840907907,12,6.170602124244831
enc1_mlp,|Vag| 850hPa,120,3.833594183127085,3.963323990503947,0.12972980737686157,0.08305460711320241,0.16916224509477612,3.3840255692124463,1.424229790067885,0.9118093061633943,1.8571361022595363,0.01693446214489059,share,5,True,0.28356716381953495,12,6.6978918411894774
enc2_attn,|Vag| 850hPa,120,3.833594183127085,3.8301186164220176,-0.0034755667050679526,-0.0050314411520957945,-0.00231231103340785,-0.09066078825883737,-0.03815627062750682,-0.05523733150216961,-0.025385548042288222,-0.000453687968779895,share,17,True,-0.20117185387356543,12,18.044008985383694
enc2_mlp,|Vag| 850hPa,120,3.833594183127085,3.8277454376220703,-0.005848745505015056,-0.009604390958944957,-0.0025067552924156224,-0.15256558794765804,-0.06421005126886359,-0.10544114722572087,-0.027520240999798454,-0.0007634741880256738,share,16,True,-0.04784895572939815,12,13.206084837501043
downsample,|Vag| 850hPa,120,3.833594183127085,3.7711150646209717,-0.062479118506113686,-0.08717443545659383,-0.03268628269433976,-1.6297791451454338,-0.6859227160886079,-0.9570385589871414,-0.3588441120907897,-0.008155799261416522,share,7,True,0.3096699623671175,12,6.325227492140106
dec0_attn,|Vag| 850hPa,120,3.833594183127085,3.8165205319722495,-0.017073651154836018,-0.02015849103530248,-0.012917568782965343,-0.4453692889555916,-0.18744190785163778,-0.22130861084138886,-0.1418146426634683,-0.002228732972035596,share,11,True,-0.09715277531421211,12,14.582570498959626
dec0_mlp,|Vag| 850hPa,120,3.833594183127085,3.80589230855306,-0.02770187457402547,-0.030574434498945872,-0.02376729150613149,-0.7226084256896719,-0.3041231295012939,-0.3356593315627216,-0.26092757922569254,-0.003616103005175759,share,8,True,-0.1201241034337681,12,15.27657399601629
dec1_attn,|Vag| 850hPa,120,3.833594183127085,3.8132259051005044,-0.02036827802658081,-0.024780335028966267,-0.01545025408267975,-0.5313102288246454,-0.22361174293253078,-0.272049208040459,-0.1696195544694472,-0.0026588017061933912,share,9,True,0.07781310430863328,12,10.267311377137949
dec1_mlp,|Vag| 850hPa,120,3.833594183127085,3.8245124022165933,-0.009081780910491943,-0.016191340486208596,-0.0025285412867864024,-0.2368999032412941,-0.09970370866286705,-0.17775552070775294,-0.027759417044352194,-0.0011855029938504826,share,13,True,0.27512602771252215,12,6.821668978911951
dec2_attn,|Vag| 850hPa,120,3.833594183127085,3.8504704435666404,0.01687626043955485,0.014746911823749542,0.019035583237806956,0.44022031632437386,0.18527486742607413,0.16189795973314988,0.20898084462458735,0.0022029662984910086,share,12,True,0.06973304691332362,12,10.435503950496004
dec2_mlp,|Vag| 850hPa,120,3.833594183127085,3.852458735307058,0.018864552179972332,0.013292986154556275,0.022474693258603413,0.49208526721481005,0.2071031918898748,0.14593613652166512,0.24673687804496006,0.002462510746231427,share,10,True,-0.24564429218342243,12,19.815229541334134
upsample,|Vag| 850hPa,120,3.833594183127085,4.329364697138469,0.49577051401138306,0.4773947581648827,0.5182165995240212,12.932263832030863,5.442782575334472,5.241045600457349,5.68920538520301,0.06471609857316526,share,3,True,0.19921815898837006,12,8.013039178997914
decoder_io,|Vag| 850hPa,120,3.833594183127085,4.784549911816915,0.9509557286898295,0.9109196116526922,0.9994524752100308,24.805852765410062,10.440002226329781,10.000468462147955,10.972420430843057,0.1241343382418144,share,2,True,0.7434520715029136,12,1.7657928154636353
decoder_heads,|Vag| 850hPa,120,3.833594183127085,11.217326164245605,7.38373198111852,7.156330564121405,7.7050728122393295,192.60598875115065,81.06179498776933,78.56528413232576,84.58961325637998,0.9638457980518936,share,1,True,0.23559050289119318,12,7.423911031884529
encoder_io,Vag/Vg 500hPa,120,0.24012564991911253,0.23221900686621666,-0.007906643052895864,-0.009610455483198166,-0.006414176399509113,-3.292710735216856,-1.7486523552860154,-2.125471644999934,-1.4185748102177933,-0.015018222570738027,share,4,True,0.10030933744350644,12,9.812047924415836
enc0_attn,Vag/Vg 500hPa,120,0.24012564991911253,0.2405319573978583,0.0004063074787457784,2.3025274276733403e-05,0.0009977174922823906,0.16920619637370893,0.08985994750564916,0.005092325507266916,0.22065762057522814,0.0007717581414940192,share,14,True,0.10631007394151076,12,9.693737194757615
enc0_mlp,Vag/Vg 500hPa,120,0.24012564991911253,0.24149599174658457,0.001370341827472051,0.0005823961459100246,0.002042716989914576,0.5706769884573585,0.3030681223529245,0.1288041442419818,0.4517722441369871,0.002602887018584903,share,9,True,-0.21204243481447732,12,18.458493020939855
enc1_attn,Vag/Vg 500hPa,120,0.24012564991911253,0.23403851439555487,-0.006087135523557663,-0.0067051543854177,-0.005401195865124464,-2.5349793017148077,-1.3462456568487349,-1.4829282073537715,-1.1945415782304414,-0.011562170632902475,share,5,True,-0.1549226987404186,12,16.39976883088468
enc1_mlp,Vag/Vg 500hPa,120,0.24012564991911253,0.24472769598166147,0.004602046062548955,0.0035080177088578544,0.005633056256920099,1.9165158174893753,1.0177996695403562,0.775841705252219,1.2458203848615919,0.008741326955797643,share,6,True,-0.026246404448861272,12,12.646892303813413
enc2_attn,Vag/Vg 500hPa,120,0.24012564991911253,0.23967284460862479,-0.0004528053104877472,-0.0005961438330511252,-0.00035899924114346515,-0.18857015510016395,-0.10014352075504566,-0.13184461607537462,-0.07939714293052462,-0.0008600781505656128,share,13,True,-0.40977285483452497,12,28.662311444980055
enc2_mlp,Vag/Vg 500hPa,120,0.24012564991911253,0.23988679299751917,-0.00023885692159334818,-0.00043170411760608355,-6.495850781599704e-05,-0.09947163981599144,-0.052826176131423805,-0.09547672975600704,-0.014366381146636582,-0.0004536952518346437,share,17,True,0.1371036512826623,12,9.106255329430876
downsample,Vag/Vg 500hPa,120,0.24012564991911253,0.24314733470479646,0.00302168478568395,0.0022164276180167996,0.003929431332896152,1.2583765152543342,0.6682831363536641,0.49019050798638547,0.8690425644909939,0.005739519837485711,share,7,True,0.09138799058077356,12,9.99034642778925
dec0_attn,Vag/Vg 500hPa,120,0.24012564991911253,0.23892617349823317,-0.001199476420879364,-0.0013237425436576208,-0.001082580847044786,-0.4995203224992471,-0.2652791145937121,-0.2927621117171086,-0.2394262059521011,-0.0022783378149998533,share,10,True,-0.16857089614908138,12,16.86596089653289
dec0_mlp,Vag/Vg 500hPa,120,0.24012564991911253,0.2391349176565806,-0.0009907322625319164,-0.001195785899957021,-0.0007563866674900055,-0.412589101941275,-0.21911275022081053,-0.26446291003510064,-0.1672843100118078,-0.001881840058691612,share,11,True,0.13472802622067717,12,9.150442613050064
dec1_attn,Vag/Vg 500hPa,120,0.24012564991911253,0.23986545577645302,-0.0002601941426595052,-0.0005716945665578047,5.04956270257628e-05,-0.10835749648034386,-0.05754516769623567,-0.1264373569955681,0.011167735351086077,-0.0004942240999018674,share,16,False,-0.1057490381655159,12,14.838103646839727
dec1_mlp,Vag/Vg 500hPa,120,0.24012564991911253,0.24084858472148576,0.0007229348023732504,0.00045341327786445617,0.0008935096363226572,0.30106521423961763,0.15988601438447458,0.10027798029471463,0.1976107583931099,0.0013731738860017792,share,12,True,-0.5628045798845457,12,42.89536005126058
dec2_attn,Vag/Vg 500hPa,120,0.24012564991911253,0.24153091510136923,0.0014052651822566986,0.0011095596477389336,0.0017337665893137455,0.5852207720125147,0.31079185620433397,0.2453929029511941,0.38344402417525103,0.002669221961437874,share,8,True,0.4564821730598831,12,4.478059562911823
dec2_mlp,Vag/Vg 500hPa,120,0.24012564991911253,0.2404771645863851,0.00035151466727256775,-4.8756382117668784e-05,0.000703845794002215,0.14638780463102427,0.07774183641926592,-0.010783079728641618,0.15566424299239692,0.0006676822862320599,share,15,False,0.43763692246408337,12,4.694062057660873
upsample,Vag/Vg 500hPa,120,0.24012564991911253,0.27098132421573,0.030855674296617508,0.028212860226631165,0.03449292993173003,12.84980355368591,6.8241157684431775,6.239624598531057,7.628540046934837,0.05860861316953972,share,3,True,0.7404617955293678,12,1.7894437336386997
decoder_io,Vag/Vg 500hPa,120,0.24012564991911253,0.3758981451392174,0.13577249522010484,0.1311247864117225,0.14144744432220854,56.54227079274557,30.027774361552748,28.999875808388058,31.28285986966701,0.2578921975557223,share,2,True,0.29832320417873015,12,6.485381700607813
decoder_heads,Vag/Vg 500hPa,120,0.24012564991911253,0.7286099791526794,0.48848432923356694,0.4800101917547484,0.49665557965636253,203.42863388318375,108.03437908098472,106.16021828199352,109.84155264400779,0.9278484344959088,share,1,True,0.26990547467228304,12,6.899044439660784
encoder_io,|Vag| 500hPa,120,4.0923550724983215,3.7113029758135476,-0.38105209668477374,-0.4068336516618729,-0.35866971760988237,-9.311315610063794,-2.4764858221969313,-2.6440420590749425,-2.331021081474457,-0.022649103439135433,share,4,True,0.02732879327204747,12,11.361556842537118
enc0_attn,|Vag| 500hPa,120,4.0923550724983215,4.074924468994141,-0.017430603504180908,-0.02427834967772166,-0.006571712096532188,-0.425930868543618,-0.11328278423343743,-0.15778679421086,-0.04271004404966012,-0.001036046108150243,share,11,True,-0.006658541860131731,12,12.160876205592396
enc0_mlp,|Vag| 500hPa,120,4.0923550724983215,4.092302739620209,-5.233287811279297e-05,-0.011965754628181459,0.008517880241076135,-0.0012787961255972965,-0.0003401152540785129,-0.07776632630128967,0.055358335082582755,-3.1105793143682684e-06,share,17,False,-0.5168548329409898,12,37.67451117454456
enc1_attn,|Vag| 500hPa,120,4.0923550724983215,3.9289806882540383,-0.16337438424428305,-0.17543606708447138,-0.15025005340576172,-3.99218497295606,-1.0617822334824267,-1.1401720043443173,-0.9764862345095945,-0.009710701923036243,share,6,True,-0.007000142008734671,12,12.169187746460997
enc1_mlp,|Vag| 500hPa,120,4.0923550724983215,4.271482527256012,0.17912745475769043,0.14763447145620984,0.2078837568561236,4.377123968579193,1.1641626064601271,0.9594873735370016,1.351051945385597,0.010647038257743033,share,5,True,0.018310202113111688,12,11.568456792632754
enc2_attn,|Vag| 500hPa,120,4.0923550724983215,4.081296841303508,-0.011058231194814047,-0.014194119970003765,-0.009184535344441738,-0.27021680667760734,-0.0718682642368127,-0.0922486378374552,-0.05969097601578803,-0.0006572828869444862,share,14,True,-0.4224963537618437,12,29.558179167067383
enc2_mlp,|Vag| 500hPa,120,4.0923550724983215,4.085271060466766,-0.007084012031555176,-0.012609385947386424,-0.0016435573498408125,-0.17310355299229918,-0.04603951930208571,-0.08194933395457545,-0.010681601046839155,-0.0004210619037729712,share,16,True,0.22611524004635436,12,7.5740165492867195
downsample,|Vag| 500hPa,120,4.0923550724983215,4.0795421202977495,-0.012812952200571695,-0.03135073184967041,0.00972168892621991,-0.3130948310589672,-0.0832723261235652,-0.20375073019328935,0.06318197696077535,-0.0007615805877365805,share,13,False,0.09786814482875356,12,9.860548657911504
dec0_attn,|Vag| 500hPa,120,4.0923550724983215,4.060700078805287,-0.03165499369303385,-0.03482303420702616,-0.028222782413164775,-0.7735153263157333,-0.20572815046700169,-0.22631748060139992,-0.1834219549432656,-0.0018815202245476897,share,8,True,-0.08091102517791224,12,14.112814599528614
dec0_mlp,|Vag| 500hPa,120,4.0923550724983215,4.060656746228536,-0.03169832626978556,-0.03700729608535766,-0.02515281140804291,-0.7745741928115296,-0.20600977209537877,-0.24051316045912824,-0.16346998581651034,-0.0018840958409048032,share,7,True,0.11429304234429324,12,9.538319892501404
dec1_attn,|Vag| 500hPa,120,4.0923550724983215,4.070638636747996,-0.02171643575032552,-0.024640816946824393,-0.01809165328741074,-0.5306586394779268,-0.14113672569244967,-0.16014249586098356,-0.11757899577558074,-0.0012907888551663106,share,10,True,-0.2265671185855708,12,19.030488329006094
dec1_mlp,|Vag| 500hPa,120,4.0923550724983215,4.0824196338653564,-0.009935438632965088,-0.015403429667154947,-0.008518174787362422,-0.24278046398597694,-0.06457115214930892,-0.10010803120045159,-0.05536024936073085,-0.0005905459627935448,share,15,True,-0.7473409719597784,12,82.98967911876622
dec2_attn,|Vag| 500hPa,120,4.0923550724983215,4.119669795036316,0.027314722537994385,0.022074277202288307,0.03217261334260304,0.6674572966934454,0.1775204065037468,0.1434623638140877,0.20909219893859185,0.0016235417192471237,share,9,True,0.24570311681588436,12,7.2662277841496445
dec2_mlp,|Vag| 500hPa,120,4.0923550724983215,4.106835703055064,0.01448063055674235,0.00808807611465454,0.020400319496790564,0.35384589802717537,0.09411069137853412,0.05256500620533649,0.1325831886023794,0.0008607046180745188,share,12,True,0.13608586231426356,12,9.12516385963188
upsample,|Vag| 500hPa,120,4.0923550724983215,4.688121676445007,0.5957666039466858,0.5596571654081345,0.6459384277462958,14.558037936404652,3.8719313208055013,3.637253403097597,4.198001722712469,0.035411376963327704,share,3,True,0.7315864028921994,12,1.8601226943765328
decoder_io,|Vag| 500hPa,120,4.0923550724983215,6.622325738271077,2.529970665772756,2.485719939072927,2.571362293759982,61.82187569145233,16.442466893295848,16.15487814034721,16.711474151777914,0.1503772523641783,share,2,True,-0.0657025849069261,12,13.68775168623274
decoder_heads,|Vag| 500hPa,120,4.0923550724983215,21.111934661865234,17.019579589366913,16.442758480211097,17.563791031142074,415.88716736098644,110.61150934352969,106.86270619772255,114.1483798438079,1.0116155296451685,share,1,True,0.35540880722896356,12,5.706834920946311
encoder_io,Vag/Vg 250hPa,120,0.27602362384398776,0.25440920268495876,-0.021614421159029007,-0.023016938132544358,-0.020834475041677555,-7.830641761027588,-2.219618366623183,-2.3636450056440026,-2.1395244925234573,-0.04665874146052122,share,4,True,-0.3233547417084445,12,23.46910246677409
enc0_attn,Vag/Vg 250hPa,120,0.27602362384398776,0.27609645078579587,7.282694180806477e-05,-0.0006612610071897506,0.0008951375260949135,0.02638431478938467,0.007478711385923606,-0.06790591641992653,0.09192305817285025,0.00015721047647688051,share,16,False,-0.13528927201597815,12,15.754946507895614
enc0_mlp,Vag/Vg 250hPa,120,0.27602362384398776,0.27744562178850174,0.0014219979445139568,0.0008159039542078971,0.0020160430421431856,0.5151725510703711,0.14602717008801838,0.08378644002704744,0.20703058070905636,0.0030696466013272554,share,10,True,-0.04607511518622069,12,13.159213667735658
enc1_attn,Vag/Vg 250hPa,120,0.27602362384398776,0.269637756049633,-0.006385867794354756,-0.007551370002329349,-0.0052729145934184395,-2.313522192565711,-0.6557746487352172,-0.7754618745982897,-0.5414837617475554,-0.013785081368852752,share,6,True,0.16212953202995403,12,8.65174263154462
enc1_mlp,Vag/Vg 250hPa,120,0.27602362384398776,0.2858145485321681,0.009790924688180288,0.007852504091958205,0.012640041920046011,3.5471328692192845,1.0054452119820547,0.806385800399437,1.2980254707816319,0.02113552892876826,share,5,True,0.12377819012169416,12,9.356527659075708
enc2_attn,Vag/Vg 250hPa,120,0.27602362384398776,0.2753163352608681,-0.0007072885831197103,-0.0008053878943125407,-0.0006023448581496875,-0.25624204670230666,-0.0726325594400476,-0.08270652955817549,-0.06185572587640574,-0.001526813736761825,share,12,True,-0.43958324856600534,12,30.825272332757343
enc2_mlp,Vag/Vg 250hPa,120,0.27602362384398776,0.2754664644598961,-0.0005571593840916952,-0.000929774654408296,-0.00026364227135976183,-0.20185206480971682,-0.05721555960103921,-0.09547999849550849,-0.02707383294805148,-0.0012027319845101735,share,15,True,0.3104565577615251,12,6.314227860399998
downsample,Vag/Vg 250hPa,120,0.27602362384398776,0.2741197620828946,-0.0019038617610931396,-0.003191185432175795,-0.0007014421125253049,-0.6897459480385736,-0.1955105113082626,-0.3277077717900791,-0.07203217632472907,-0.004109839122400447,share,7,True,-0.2443869786227728,12,19.762290115456338
dec0_attn,Vag/Vg 250hPa,120,0.27602362384398776,0.27449747423330945,-0.001526149610678355,-0.0019124625871578852,-0.0011667942007382714,-0.5529054323049375,-0.15672266590685205,-0.19639374345040425,-0.11981990259990051,-0.0032944773117354856,share,9,True,0.036524010983669274,12,11.15431166637791
dec0_mlp,Vag/Vg 250hPa,120,0.27602362384398776,0.2748963137467702,-0.0011273100972175598,-0.0013550634185473126,-0.0007351680348316828,-0.4084107300376328,-0.11576521889038037,-0.13915356000594975,-0.07549554349203681,-0.002433508164984423,share,11,True,-0.27802628666367135,12,21.2422075162447
dec1_attn,Vag/Vg 250hPa,120,0.27602362384398776,0.27531862755616504,-0.0007049962878227234,-0.000985360766450564,-0.0004228781287868819,-0.2554115760110434,-0.07239716008766704,-0.10118822238503203,-0.04342600963461439,-0.001521865391727445,share,13,True,0.3149738398285155,12,6.251313655889774
dec1_mlp,Vag/Vg 250hPa,120,0.27602362384398776,0.2754490499695142,-0.0005745738744735718,-0.000873885490000248,-0.00038606456170479485,-0.20816112275894494,-0.05900388057492054,-0.08974065368943648,-0.039645567445803734,-0.0012403243955405885,share,14,True,-0.4926744550146408,12,35.306902317904395
dec2_attn,Vag/Vg 250hPa,120,0.27602362384398776,0.2775603060921033,0.0015366822481155396,0.0013662976523240407,0.0016377182056506474,0.556721278677253,0.15780427874915534,0.140307220862389,0.1681798176259207,0.0033172139653549933,share,8,True,-0.5761388050096322,12,44.62231004785752
dec2_mlp,Vag/Vg 250hPa,120,0.27602362384398776,0.27601174761851627,-1.1876225471496582e-05,-0.0004978364333510399,0.00035957867900530467,-0.0043026119670862605,-0.0012195879773389266,-0.05112359396118046,0.03692569115286596,-2.5637037870428407e-05,share,17,False,0.07578083841049209,12,10.309376727197456
upsample,Vag/Vg 250hPa,120,0.27602362384398776,0.30289142578840256,0.026867801944414776,0.02434475968281428,0.029977032418052357,9.733877691425723,2.759096171386723,2.5000010560278008,3.0783878616232476,0.0579991393391196,share,3,True,0.5285873442308198,12,3.7007711012266182
decoder_io,Vag/Vg 250hPa,120,0.27602362384398776,0.3698047349850337,0.09378111114104588,0.09141125008463859,0.09645792140314977,33.97575534840895,9.63052747050047,9.387162770217978,9.90541325985455,0.20244394177461458,share,2,True,-0.2728011270306397,12,21.003351479356887
decoder_heads,Vag/Vg 250hPa,120,0.27602362384398776,0.7326243619124094,0.45660073806842166,0.44755981309960285,0.468886929191649,165.42089104898443,46.88903658227315,45.96061000242604,48.15072456699007,0.9856574752323704,share,1,True,0.551350127160337,12,3.4703954831464827
encoder_io,|Vag| 250hPa,120,7.578650673230489,6.794573346773784,-0.7840773264567057,-0.8186651508013407,-0.7717188775539399,-10.345869736762566,-3.8182352947036633,-3.9866682377610827,-3.758053136393366,-0.030551554298061372,share,4,True,-0.6190623415073703,12,51.00243482087856
enc0_attn,|Vag| 250hPa,120,7.578650673230489,7.533989071846008,-0.0446616013844808,-0.06075448294480642,-0.025390589237213147,-0.5893080880774159,-0.21748939418365723,-0.29585718559117213,-0.12364500376124997,-0.0017402382312246094,share,10,True,-0.23547073890663486,12,19.391865846543567
enc0_mlp,|Vag| 250hPa,120,7.578650673230489,7.567137877146403,-0.0115127960840861,-0.031845084826151525,0.007245152195294671,-0.15191089523035944,-0.05606406774652592,-0.15507657566827723,0.03528184643801372,-0.00044859582443860716,share,16,False,0.09172698872511127,12,9.983518084522704
enc1_attn,|Vag| 250hPa,120,7.578650673230489,7.366383632024129,-0.21226704120635986,-0.23953061600526174,-0.18940107921759292,-2.8008553284575464,-1.0336805839024508,-1.1664464987483616,-0.9223298023316956,-0.008270980190705745,share,6,True,-0.05233760445923484,12,13.325474676353348
enc1_mlp,|Vag| 250hPa,120,7.578650673230489,7.907940983772278,0.32929031054178876,0.27649253308773036,0.4053017824888228,4.344972802413453,1.6035508788354336,1.346440603413987,1.973705294984806,0.012830789085314088,share,5,True,-0.007697042403332038,12,12.186161913824563
enc2_attn,|Vag| 250hPa,120,7.578650673230489,7.556605180104573,-0.022045493125915527,-0.025377988815307617,-0.018145874142646793,-0.29088942183052724,-0.10735532976436034,-0.12358364326270671,-0.08836528588042301,-0.0008590021131048952,share,14,True,-0.37817333639682915,12,26.595964767628562
enc2_mlp,|Vag| 250hPa,120,7.578650673230489,7.558637380599976,-0.020013292630513508,-0.03246037364006043,-0.010060106714566551,-0.2640746155671878,-0.09745908688673045,-0.15807285854297792,-0.04898988050021658,-0.0007798174693397241,share,15,True,0.33438875645757454,12,5.985763057321635
downsample,|Vag| 250hPa,120,7.578650673230489,7.454923868179321,-0.1237268050511678,-0.1579736073811849,-0.09499004284540821,-1.6325703662288975,-0.6025146219725228,-0.7692868840632201,-0.46257470022349595,-0.004821012003661261,share,7,True,-0.467081195580498,12,33.03500308296069
dec0_attn,|Vag| 250hPa,120,7.578650673230489,7.5277910232543945,-0.050859649976094566,-0.06095224519570668,-0.040424516797065754,-0.6710910974659694,-0.24767214158911327,-0.2968202319398783,-0.1968559880482914,-0.0019817450465593168,share,8,True,0.019381419412103397,12,11.543689872080714
dec0_mlp,|Vag| 250hPa,120,7.578650673230489,7.537096738815308,-0.04155393441518148,-0.05064750413099924,-0.025963859756787628,-0.5483025436435459,-0.20235593310018768,-0.24663905119606716,-0.1264366694010971,-0.0016191480619910492,share,11,True,-0.0010841488503684725,12,12.026047812114403
dec1_attn,|Vag| 250hPa,120,7.578650673230489,7.546159942944844,-0.03249073028564453,-0.03999455471833547,-0.02524974842866263,-0.4287139186980758,-0.15822068683961013,-0.19476219407032874,-0.12295914877221162,-0.0012660005295540792,share,13,True,0.08021001727140308,12,10.21790171935611
dec1_mlp,|Vag| 250hPa,120,7.578650673230489,7.540982325871785,-0.03766834735870361,-0.049963639179865516,-0.030049999554951985,-0.4970323740050026,-0.1834342207395807,-0.24330882188688718,-0.14633501701299675,-0.0014677462551408382,share,12,True,-0.39858781333616733,12,27.906075287787807
dec2_attn,|Vag| 250hPa,120,7.578650673230489,7.628550887107849,0.049900213877360024,0.04595649242401123,0.05179283916950226,0.6584313755695177,0.24299995856380383,0.22379514809733533,0.25221650959297753,0.0019443606418878129,share,9,True,-0.6290313590800325,12,52.695495394118076
dec2_mlp,|Vag| 250hPa,120,7.578650673230489,7.572265267372131,-0.006385405858357747,-0.02103747328122457,0.004791736602783203,-0.08425518121467779,-0.03109512441785336,-0.10244655760772377,0.023334404914309815,-0.0002488071867584451,share,17,False,0.07528195449807099,12,10.319727304642548
upsample,|Vag| 250hPa,120,7.578650673230489,8.43305786450704,0.8544071912765503,0.7947163492441177,0.9274872889121372,11.273869559584137,4.160721887627347,3.870044333094848,4.516601338183038,0.03329195580097034,share,3,True,0.33489641327008185,12,5.978923129478977
decoder_io,|Vag| 250hPa,120,7.578650673230489,10.26392157872518,2.68527090549469,2.528550108273824,2.8396941771109896,35.43204484908738,13.076511462886726,12.313325410731643,13.828509213763564,0.10463151669614744,share,2,True,0.3809519244280086,12,5.379316090196854
decoder_heads,|Vag| 250hPa,120,7.578650673230489,34.162024974823,26.58337430159251,25.351838145653407,28.01870753069719,350.7665869267601,129.45353039266016,123.45629688182733,136.44319813346183,1.0358205447299567,share,1,True,0.5482044027602658,12,3.501829059012383
encoder_io,div/vort 850hPa,120,0.40859687825043994,0.3894223098953565,-0.019174568355083466,-0.02246054634451866,-0.01614471214512984,-4.692783860020306,-1.5170049526654734,-1.7769766397465738,-1.2772964600805365,-0.08339626123409087,share,4,True,-0.4002077416355382,12,28.0138542392064
enc0_attn,div/vort 850hPa,120,0.40859687825043994,0.4089420934518178,0.00034521520137786865,-0.00048226987322171533,0.0011731138452887532,0.08448796839957182,0.02731186228172884,-0.03815500681165177,0.09281145110480012,0.0015014500761085165,share,12,False,0.14746761863159077,12,8.91562289890248
enc0_mlp,div/vort 850hPa,120,0.40859687825043994,0.40887609124183655,0.0002792129913965861,-0.0016650054603815079,0.001804235639671483,0.06833458752600871,0.02209006653778828,-0.13172768652933828,0.1427429473494025,0.0012143855934200665,share,14,False,0.043256640589666676,12,11.004885918037182
enc1_attn,div/vort 850hPa,120,0.40859687825043994,0.4079374074935913,-0.0006594707568486532,-0.0022155243903398516,0.0006633234520753215,-0.16139887305855674,-0.05217433768266438,-0.17528224941792064,0.05247914546929791,-0.0028682468619854623,share,10,False,-0.2384904032707782,12,19.51634608819505
enc1_mlp,div/vort 850hPa,120,0.40859687825043994,0.4125624895095825,0.003965611259142558,0.0019482666626572608,0.006241597173114617,0.970543699727419,0.3137411914083757,0.15413802916614508,0.49380688257566135,0.017247697387285734,share,5,True,-0.4977092832644999,12,35.78109409622653
enc2_attn,div/vort 850hPa,120,0.40859687825043994,0.40832503388325375,-0.00027184436718622845,-0.0005287705610195796,-6.221936394770945e-05,-0.06653119043645943,-0.02150709438350353,-0.04183393049772314,-0.004922514108921122,-0.0011823371165937333,share,15,True,0.254848466182381,12,7.125815305026491
enc2_mlp,div/vort 850hPa,120,0.40859687825043994,0.40877387921015423,0.00017700095971425375,-3.760711600383122e-05,0.0003411947439114252,0.043319214887825246,0.01400351379705914,-0.002975304589745933,0.02699378190695166,0.0007698331457407373,share,17,False,-0.41713612009848133,12,29.17599464913672
downsample,div/vort 850hPa,120,0.40859687825043994,0.40962378184000653,0.0010269035895665486,-0.0008333766212066015,0.0025675460075338676,0.25132438455321043,0.08124395826983015,-0.06593298156153093,0.20313260447360854,0.004466328442538999,share,8,False,-0.4068781999164132,12,28.46386424612577
dec0_attn,div/vort 850hPa,120,0.40859687825043994,0.40773961693048477,-0.0008572613199551901,-0.0011144853507479033,-0.0005788105229536693,-0.2098061354814737,-0.06782263068549287,-0.08817303031019533,-0.04579286551411848,-0.003728500567049838,share,9,True,0.21912100189799322,12,7.686314945469324
dec0_mlp,div/vort 850hPa,120,0.40859687825043994,0.40822820117076236,-0.0003686770796775818,-0.0007950081800421079,-2.0433341463407445e-05,-0.09023002849561904,-0.029168059767919634,-0.06289744437525788,-0.0016165933764697223,-0.001603493204041907,share,11,True,-0.3762161016447634,12,26.474862950586008
dec1_attn,div/vort 850hPa,120,0.40859687825043994,0.40891608595848083,0.00031920770804087323,-0.00013580340892076494,0.0006305288523435591,0.07812289447919431,0.025254267270043654,-0.010744150277940283,0.04988458535756658,0.0013883352633935313,share,13,False,0.12179830677968763,12,9.394220204250505
dec1_mlp,div/vort 850hPa,120,0.40859687825043994,0.4115735540787379,0.002976675828297933,0.001952481580277284,0.003785546620686848,0.7285116423413909,0.2355011017919683,0.15447149434701613,0.2994952932333166,0.01294650447346968,share,6,True,-0.09736348007007135,12,14.588775736509211
dec2_attn,div/vort 850hPa,120,0.40859687825043994,0.41067709028720856,0.0020802120367685952,0.0016360149408380191,0.002392814743022124,0.5091110939652304,0.16457694921386168,0.12943408800271705,0.18930865867513413,0.009047499960783282,share,7,True,-0.14103123239639867,12,15.940480382024285
dec2_mlp,div/vort 850hPa,120,0.40859687825043994,0.40840038408835727,-0.00019649416208267212,-0.0006984720006585121,0.0005252326528231298,-0.04808998123628238,-0.015545727628869398,-0.05525993934649448,0.041554027234364035,-0.0008546152470585294,share,16,False,-0.268358268846115,12,20.80294026168953
upsample,div/vort 850hPa,120,0.40859687825043994,0.43690869957208633,0.028311821321646374,0.026892749965190886,0.029448102538784344,6.929035151436792,2.2399029990435757,2.1276325042891027,2.3298004195277278,0.12313706380394017,share,3,True,-0.4514671349733252,12,31.753075759340142
decoder_io,div/vort 850hPa,120,0.40859687825043994,0.49198328455289203,0.08338640630245209,0.07841505606969197,0.08910868416229883,20.407989081928896,6.597154574916877,6.20384387373844,7.049875266885628,0.36267384978852446,share,2,True,0.6523141043932825,12,2.525083297532355
decoder_heads,div/vort 850hPa,120,0.40859687825043994,0.5127697363495827,0.10417285809914271,0.09467528611421584,0.11251521110534668,25.495265295515154,8.241684440725402,7.49027958651333,8.901693604579147,0.4530807018263211,share,1,True,0.6556519167046342,12,2.4958005712752507
encoder_io,div/vort 500hPa,120,0.2504492277900378,0.26056114956736565,0.010111921777327856,0.007281465114404758,0.012891859064499536,4.037513657580573,0.9944266581320428,0.7160738759132321,1.267811263667363,0.038704701675321036,share,4,True,-0.16710783656636247,12,16.81525490774083
enc0_attn,div/vort 500hPa,120,0.2504492277900378,0.2502405134340127,-0.00020871435602506003,-0.0006614111984769504,0.0006398004479706279,-0.08333599503051138,-0.020525388164249488,-0.06504450313561971,0.06291925860950881,-0.0007988814651848918,share,14,False,-0.16355484517109065,12,16.69285554640947
enc0_mlp,div/vort 500hPa,120,0.2504492277900378,0.25171488896012306,0.0012656611700852711,0.000362744927406311,0.0024922570524116353,0.5053563875015532,0.12446765663450204,0.035673063326477975,0.24509355455977855,0.004844483480877296,share,11,True,0.0802188017584692,12,10.217721040339995
enc1_attn,div/vort 500hPa,120,0.2504492277900378,0.24330235769351324,-0.007146870096524556,-0.008623660262674093,-0.006034709699451925,-2.8536203363805455,-0.7028375320431749,-0.8480680373838149,-0.5934654491372883,-0.027355578997700063,share,5,True,-0.4167732263782416,12,29.15037423773138
enc1_mlp,div/vort 500hPa,120,0.2504492277900378,0.25374965990583104,0.003300432115793228,0.0016628308532138667,0.004555174087484677,1.3178048680430032,0.3245711103757399,0.1635261194472258,0.4479649511513618,0.012632835108341024,share,8,True,-0.13550243635625653,12,15.761790211233397
enc2_attn,div/vort 500hPa,120,0.2504492277900378,0.2502731805046399,-0.0001760472853978475,-0.0002678675266603629,-5.911911527315775e-05,-0.07029260459346891,-0.01731284295374186,-0.026342629544089675,-0.0058138923072588115,-0.0006738439845679262,share,16,True,-0.11799782700953375,12,15.210817314232875
enc2_mlp,div/vort 500hPa,120,0.2504492277900378,0.2503969917694728,-5.223602056503296e-05,-0.0003322415674726168,0.00011238077034552833,-0.020856930175414488,-0.005136994975680002,-0.032673301762986315,0.011051750236396724,-0.00019994019309055655,share,17,False,-0.6403909958230782,12,54.739152026884156
downsample,div/vort 500hPa,120,0.2504492277900378,0.24648232758045197,-0.003966900209585826,-0.0060339627166589105,-0.00212204766770204,-1.5839139312146118,-0.39011291873384835,-0.5933919893520073,-0.20868642153870334,-0.015183828808094406,share,6,True,-0.5277625862098341,12,38.8218944521498
dec0_attn,div/vort 500hPa,120,0.2504492277900378,0.25007878988981247,-0.00037043790022532147,-0.0006215912289917469,-2.4112407118082172e-05,-0.1479093800743819,-0.03642960569497826,-0.061128527512580945,-0.0023712624521794994,-0.0014178994589930697,share,13,True,-0.47194038115706555,12,33.44941355786293
dec0_mlp,div/vort 500hPa,120,0.2504492277900378,0.2502639517188072,-0.00018527607123057047,-0.0006783666710058848,0.0002622591021160284,-0.07397749750136791,-0.018220420252730445,-0.066711938293376,0.025791085831645917,-0.000709168368037926,share,15,False,-0.17267555355657327,12,17.009175424675604
dec1_attn,div/vort 500hPa,120,0.2504492277900378,0.2481226772069931,-0.0023265505830446878,-0.0029831119813025,-0.0017449750254551573,-0.9289509908152457,-0.22879764818391077,-0.2933652122439792,-0.1716043420131954,-0.008905176308937467,share,9,True,-0.24919989725569625,12,19.965898662341502
dec1_mlp,div/vort 500hPa,120,0.2504492277900378,0.25228921820720035,0.0018399904171625774,0.0009430994590123495,0.002933190483599901,0.7346760193268072,0.18094834610335417,0.09274629135428494,0.28845583208632725,0.007042803707343002,share,10,True,0.21582361251609594,12,7.739705458041736
dec2_attn,div/vort 500hPa,120,0.2504492277900378,0.25421470279494923,0.0037654750049114227,0.0035786498648424946,0.0041391358400384584,1.503488366938859,0.37030436032539304,0.35193160153780584,0.40705091589936215,0.014412847521995748,share,7,True,-0.5474276106135736,12,41.03019044652265
dec2_mlp,div/vort 500hPa,120,0.2504492277900378,0.24925120547413826,-0.0011980223158995311,-0.0019091413666804632,-0.00026803823808829014,-0.4783493750293708,-0.11781591612375014,-0.18774878910024417,-0.0263594176481234,-0.004585586929799403,share,12,True,0.09989478405052311,12,9.82026894574088
upsample,div/vort 500hPa,120,0.2504492277900378,0.28130995978911716,0.030860731999079388,0.029995546055336792,0.031790534096459544,12.322150989002548,3.0349062487964398,2.9498221287206885,3.1263448509516722,0.11812348352857259,share,3,True,-0.22629337153939394,12,19.019509355569625
decoder_io,div/vort 500hPa,120,0.2504492277900378,0.32927220066388446,0.0788229728738467,0.0757390208231906,0.08149910314629476,31.472635619354886,7.751609162436129,7.448327135626007,8.014785178050023,0.3017052265064454,share,2,True,0.02149629501851687,12,11.494945715456508
decoder_heads,div/vort 500hPa,120,0.2504492277900378,0.4323546191056569,0.18190539131561914,0.17341240672394634,0.19005724871531127,72.63164391471716,17.88894083296543,17.053723703022804,18.69061083101866,0.6962666503007797,share,1,True,0.20443130403568366,12,7.9264166578727115
encoder_io,div/vort 250hPa,120,0.2614082669218381,0.2602534741163254,-0.001154792805512746,-0.005378493325163921,0.005128062237054093,-0.4417583342373915,-0.2535425242220412,-1.180884369614657,1.1259005405503206,-0.004459332713526292,share,9,False,0.45118240926561354,12,4.5382379546245035
enc0_attn,div/vort 250hPa,120,0.2614082669218381,0.26104555030663806,-0.0003627166152000427,-0.001171732135117054,0.0005787779887517289,-0.13875483720202933,-0.07963687144228451,-0.2572616679212422,0.12707459860482287,-0.0014006617119361898,share,13,False,-0.1429076500813809,12,16.00164999988484
enc0_mlp,div/vort 250hPa,120,0.2614082669218381,0.2606533778210481,-0.0007548891007900238,-0.0017975230701267719,0.00034278010328610736,-0.28877782239983174,-0.16574097726303938,-0.3946582749491026,0.07525967621668941,-0.002915069825658213,share,12,False,-0.1715550335972194,12,16.96993882914302
enc1_attn,div/vort 250hPa,120,0.2614082669218381,0.25765908261140186,-0.0037491843104362488,-0.004912613922109206,-0.002263711672276259,-1.4342256098416608,-0.823158621446042,-1.0785974145265511,-0.497013116777238,-0.014477800835574518,share,6,True,-0.014900129010414117,12,12.363012022213248
enc1_mlp,div/vort 250hPa,120,0.2614082669218381,0.26164452110727626,0.00023625418543815613,-0.0021132318923870724,0.0026608248241245676,0.0903774728397541,0.051871194770230285,-0.46397426941401687,0.5842019790915344,0.0009123160560080647,share,14,False,-0.09057740742799475,12,14.390371424712274
enc2_attn,div/vort 250hPa,120,0.2614082669218381,0.26123519490162533,-0.00017307202021280924,-0.00039360603938500086,1.936877767244926e-05,-0.0662075542792831,-0.037999125615854425,-0.08641885219435737,0.004252545355950517,-0.0006683326375491047,share,17,False,-0.40808662256148803,12,28.54647337733658
enc2_mlp,div/vort 250hPa,120,0.2614082669218381,0.2612324592967828,-0.0001758076250553131,-0.000503425362209479,9.82209729651605e-05,-0.06725404178127241,-0.03859974605073366,-0.11053042284525895,0.021565074962581057,-0.0006788964132387549,share,16,False,-0.02748811581515364,12,12.678361663535512
downsample,div/vort 250hPa,120,0.2614082669218381,0.25420883546272915,-0.007199431459108989,-0.008437815494835377,-0.0056986665353178974,-2.754094789688362,-1.5806835792465617,-1.8525791200530648,-1.2511805504560929,-0.027801229857974452,share,4,True,-0.5276509104235795,12,38.80987881552185
dec0_attn,div/vort 250hPa,120,0.2614082669218381,0.26119865228732425,-0.00020961463451385498,-0.0007111361871163051,0.0002897729476292928,-0.08018668919010523,-0.04602230226479947,-0.15613473091135888,0.0636215988205525,-0.0008094451164392656,share,15,False,0.021391118280886696,12,11.497365084194811
dec0_mlp,div/vort 250hPa,120,0.2614082669218381,0.2605606180926164,-0.0008476488292217255,-0.001217801372210185,-0.000326018376896779,-0.32426244173646396,-0.18610699927188112,-0.2673764786524969,-0.0715795264973789,-0.0032732695732827547,share,11,True,-0.3606136103193961,12,25.5359882339517
dec1_attn,div/vort 250hPa,120,0.2614082669218381,0.2582213419179122,-0.003186925003925959,-0.003577888508637746,-0.002695388284822305,-1.219137038569197,-0.6997108105838538,-0.7855494765247183,-0.5917906192608526,-0.012306587690639258,share,7,True,-0.5023831846490945,12,36.22988142608459
dec1_mlp,div/vort 250hPa,120,0.2614082669218381,0.2605174817144871,-0.0008907852073510488,-0.0020621210026244324,7.435483857989255e-05,-0.3407639772989262,-0.19557788109976793,-0.4527525299437053,0.016325104704213788,-0.0034398444438715277,share,10,False,0.4511604514553787,12,4.5384881981384195
dec2_attn,div/vort 250hPa,120,0.2614082669218381,0.26553646226723987,0.004128195345401764,0.0034183527653416,0.004757732028762498,1.5792137693319803,0.9063730422966267,0.7505223315114755,1.0445920535579423,0.01594138486462355,share,5,True,0.11401303649207278,12,9.543733523598474
dec2_mlp,div/vort 250hPa,120,0.2614082669218381,0.26011864592631656,-0.0012896209955215454,-0.002015751289824645,-0.0006752365579207742,-0.49333596473716196,-0.2831449598000334,-0.44257174775092994,-0.148252725965174,-0.004979983479223448,share,8,True,-0.19616183425137243,12,17.85675602706474
upsample,div/vort 250hPa,120,0.2614082669218381,0.27695691337188083,0.015548646450042725,0.014003804760674636,0.017283856806655725,5.948031649164262,3.413809862999185,3.0746294839943866,3.794786962762587,0.060042448684067995,share,3,True,0.15393615834569827,12,8.798377645438196
decoder_io,div/vort 250hPa,120,0.2614082669218381,0.4418571392695109,0.1804488723476728,0.17436302167673906,0.18607246726751328,69.02952017260708,39.61876309727742,38.2825736667745,40.8534611698425,0.6968189927556883,share,2,True,0.4301157665571627,12,4.781858197240359
decoder_heads,div/vort 250hPa,120,0.2614082669218381,0.45451242725054425,0.19310416032870611,0.18379342462867498,0.20063339906434216,73.8707167154912,42.39731665610684,40.35308203628515,44.050411640237705,0.7456884864202772,share,1,True,0.3261359576823552,12,6.097691915347821
encoder_io,Hyps 600-500,120,26.86740763982137,28.230263074239094,1.3628554344177246,0.33031642039616904,2.4836135943730673,5.07252300887331,1.743824344018582,0.4226521761363601,3.1778761984785615,0.220790101276431,share,2,True,0.027861091661134714,12,11.349458593878092
enc0_attn,Hyps 600-500,120,26.86740763982137,26.262237707773846,-0.605169932047526,-0.6959766904513042,-0.49683323303858445,-2.2524314223400435,-0.7743374925334062,-0.8905281257487166,-0.6357166466891648,-0.09804086861444032,share,4,True,0.396609509748493,12,5.184474137170967
enc0_mlp,Hyps 600-500,120,26.86740763982137,26.800615946451824,-0.06679169336954753,-0.20606587330500284,0.09551982482274371,-0.24859746152268378,-0.08546246207383265,-0.263668968304214,0.12222117743064752,-0.010820622914995607,share,13,False,0.005015387257080117,12,11.880231391781532
enc1_attn,Hyps 600-500,120,26.86740763982137,26.731871763865154,-0.13553587595621744,-0.29563262065251666,0.010645302136739055,-0.504462052212785,-0.1734232069018493,-0.3782729611377514,0.013621061006672217,-0.021957559857952495,share,10,False,0.26114581364677786,12,7.0303133391060255
enc1_mlp,Hyps 600-500,120,26.86740763982137,26.929563681284588,0.06215604146321615,-0.18185551961263022,0.2658041954040527,0.23134364988415163,0.07953097261390282,-0.23269091804307437,0.34010637884413236,0.010069621724382551,share,14,False,0.4076470924023815,12,5.049727967711032
enc2_attn,Hyps 600-500,120,26.86740763982137,26.787585258483887,-0.07982238133748372,-0.09194011290868123,-0.06882950067520142,-0.29709744389025255,-0.10213571319346118,-0.11764080256280063,-0.08806991250347886,-0.012931666275490708,share,12,True,-0.014491812917891988,12,12.352917930655842
enc2_mlp,Hyps 600-500,120,26.86740763982137,26.82562239964803,-0.041785240173339844,-0.05622600317001343,-0.02541498343149823,-0.1555238999366954,-0.053465772814021956,-0.07194326750923966,-0.03251941892839925,-0.006769439499409103,share,16,True,0.00606626917265465,12,11.855287405407758
downsample,Hyps 600-500,120,26.86740763982137,26.52926842371623,-0.33813921610514325,-0.6581374843915303,0.01898632446924831,-1.2585479799099495,-0.43266173492820775,-0.8421114507155639,0.024293710086027223,-0.05478041902609051,share,9,False,0.5098478179819248,12,3.895641742277444
dec0_attn,Hyps 600-500,120,26.86740763982137,26.96829652786255,0.10088888804117839,0.08282841444015504,0.117339285214742,0.375506596667877,0.12909109401052404,0.10598204463183827,0.1501399905666661,0.016344556616744402,share,11,True,-0.2056090587951148,12,18.211824877557415
dec0_mlp,Hyps 600-500,120,26.86740763982137,26.815306027730305,-0.05210161209106445,-0.07354472080866496,-0.026520514488220216,-0.19392124759309623,-0.06666595534091188,-0.09410321247681999,-0.033933987136511544,-0.008440748680850572,share,15,True,-0.07192597495740617,12,13.860006155110874
dec1_attn,Hyps 600-500,120,26.86740763982137,26.433461983998615,-0.4339456558227539,-0.481569763024648,-0.39084785381952925,-1.6151377968434286,-0.5552496468036138,-0.6161864676897525,-0.5001044021878298,-0.0703015909669891,share,5,True,-0.03955280831081145,12,12.988359805383935
dec1_mlp,Hyps 600-500,120,26.86740763982137,26.470685640970867,-0.3967219988505046,-0.43808941841125487,-0.35691471497217814,-1.4765920261786085,-0.5076205897794265,-0.5605517455407031,-0.4566856857953203,-0.0642711531191968,share,7,True,0.08474419045301274,12,10.125032068599584
dec2_attn,Hyps 600-500,120,26.86740763982137,26.841744740804035,-0.025662899017333984,-0.08299513260523478,0.048107012112935305,-0.09551684092996703,-0.03283663616430272,-0.10619536674034229,0.0615547157254982,-0.004157531261197062,share,17,False,0.20142560479326763,12,7.976268113687938
dec2_mlp,Hyps 600-500,120,26.86740763982137,26.508041540781658,-0.35936609903971356,-0.414743705590566,-0.2962837100028992,-1.3375540500866234,-0.459822323112494,-0.5306800355140431,-0.3791060542382044,-0.05821929120178029,share,8,True,-0.107112218446957,12,14.879077635327965
upsample,Hyps 600-500,120,26.86740763982137,27.277023633321125,0.40961599349975586,0.27097371816635135,0.5228606263796488,1.5245832385132905,0.5241189367010252,0.3467209759702803,0.6690196669312837,0.06636005140772457,share,6,True,0.23527117219625418,12,7.428932318827717
decoder_io,Hyps 600-500,120,26.86740763982137,25.627243836720783,-1.240163803100586,-1.6436888376871746,-0.8225364287694304,-4.6158670003669595,-1.5868358270453278,-2.103161154708329,-1.0524660298566915,-0.2009133799308135,share,3,True,0.6286496432428731,12,2.736134379529649
decoder_heads,Hyps 600-500,120,26.86740763982137,31.47612698872884,4.608719348907471,4.486505858103434,4.762469450632731,17.15356915222697,5.897028248493584,5.74065153013488,6.093757236405932,0.7466379676834004,share,1,True,0.05815196407533377,12,10.681052263577664
encoder_io,|DryAir Md err|,120,274465590083584.0,557452395282432.0,282986805198848.0,207429740527616.0,341036437846971.75,103.10465698547821,5.646624609088038,4.138984065695056,6.804927675653597,-2.218152437382171,share,2,True,0.5265718856936147,12,3.721500064895625
enc0_attn,|DryAir Md err|,120,274465590083584.0,238319145320448.0,-36146444763136.0,-43569293575236.266,-26796014628590.957,-13.169754631947923,-0.7212541389947325,-0.8693671958649751,-0.5346787653967292,0.28332884460005386,share,11,True,0.1195606071482948,12,9.436981478949988
enc0_mlp,|DryAir Md err|,120,274465590083584.0,348682624958464.0,74217034874880.0,62709958495436.8,86633498996462.94,27.040560841261893,1.4809020344378536,1.251293658820614,1.7286560306622483,-0.581739833019122,share,7,True,0.026261935698766427,12,11.385842507798712
enc1_attn,|DryAir Md err|,120,274465590083584.0,127680787775488.0,-146784802308096.0,-151321433097284.28,-142797927332795.75,-53.48022033049574,-2.9288951347770884,-3.0194175569747483,-2.8493423572789687,1.1505521141933746,share,6,True,-0.5035579059450201,12,36.34400685881817
enc1_mlp,|DryAir Md err|,120,274465590083584.0,260126125938005.34,-14339464145578.666,-28910283862835.2,9532536747895.447,-5.224503421799365,-0.28612489924632606,-0.5768661906370417,0.1902090684047258,0.11239788131789208,share,14,False,0.1908685184947068,12,8.153358349196026
enc2_attn,|DryAir Md err|,120,274465590083584.0,274419777099093.34,-45812984490.666664,-2840405038421.3335,1969958333098.6667,-0.016691704223001164,-0.0009141370582949714,-0.05667649761428823,0.039307893506683775,0.0003590986623574827,share,17,False,0.3110115437608726,12,6.306474961426869
enc2_mlp,|DryAir Md err|,120,274465590083584.0,271441933107200.0,-3023656976384.0,-6551256782165.333,-549755813888.0,-1.101652478718077,-0.06033304584746811,-0.1307215993361809,-0.010969644699539656,0.02370051171559386,share,16,True,0.17258418534852907,12,8.46761358363915
downsample,|DryAir Md err|,120,274465590083584.0,527124199549610.7,252658609466026.66,221642073641233.06,287476477678933.3,92.05474878985143,5.041465876496767,4.422572234604615,5.736210040800945,-1.9804291229015172,share,4,True,0.6635260049184123,12,2.427186547755279
dec0_attn,|DryAir Md err|,120,274465590083584.0,252337918574592.0,-22127671508992.0,-24372507749034.668,-20020274222421.332,-8.062093139709564,-0.4415281991564712,-0.4863209150129248,-0.39947789447490245,0.17344465391866415,share,13,True,0.2881274477848945,12,6.631696763601439
dec0_mlp,|DryAir Md err|,120,274465590083584.0,266769008689152.0,-7696581394432.0,-13836666640793.6,-1556496148070.4062,-2.8042063094641962,-0.1535750257935552,-0.27609224503153873,-0.031057806555571776,0.060328575276057096,share,15,True,0.691174197140166,12,2.191323425218306
dec1_attn,|DryAir Md err|,120,274465590083584.0,312902684071253.3,38437093987669.336,34541844981350.402,44668805203012.26,14.00433984309798,0.7669609919094811,0.689236488527951,0.8913064852640543,-0.301283777717928,share,10,True,-0.06348683032467511,12,13.626975441595171
dec1_mlp,|DryAir Md err|,120,274465590083584.0,302915453452288.0,28449863368704.0,20066087206912.0,36834784855108.26,10.365548322483725,0.5676791132011773,0.40039203153319747,0.7349890482956142,-0.22300026932399677,share,12,True,0.4074035020653571,12,5.0526788975444
dec2_attn,|DryAir Md err|,120,274465590083584.0,112241812002133.33,-162223778081450.66,-174777681156505.62,-153105848843195.75,-59.10532465364714,-3.2369593234224934,-3.4874557308217735,-3.0550231953953375,1.2715683634078463,share,5,True,0.5656639803779219,12,3.3289596623452056
dec2_mlp,|DryAir Md err|,120,274465590083584.0,221230902105429.34,-53234687978154.664,-64138178286933.336,-45445335290129.08,-19.395760307127354,-1.0622272617387567,-1.27979188161296,-0.9068011084021544,0.4172726456593949,share,9,True,0.39271139912051367,12,5.232572387327203
upsample,|DryAir Md err|,120,274465590083584.0,219764886601728.0,-54700703481856.0,-65970697666560.0,-41460750964053.336,-19.929894842263394,-1.091479647604196,-1.3163573639447588,-0.8272940377569492,0.42876380285483434,share,8,True,0.4059148999665099,12,5.07073450930188
decoder_io,|DryAir Md err|,120,274465590083584.0,700251467939840.0,425785877856256.0,341854199620130.1,515736236929843.1,155.13269904857285,8.495989819793465,6.821245022144161,10.290829373476267,-3.337462967950444,share,1,True,0.42238487039710404,12,4.873070361961623
decoder_heads,|DryAir Md err|,120,274465590083584.0,545953336175274.7,271487746091690.66,259711518428364.8,285417184026077.8,98.91503922550491,5.417176207456,5.182197276621278,5.695119580030585,-2.1280186731304425,share,3,True,0.5618979013004172,12,3.3659211527321293
encoder_io,neg-q fraction,120,0.0008197004164761287,0.022928500625615317,0.02210880020913919,0.019159079818716878,0.025206068775856728,2697.180550936446,54.72079484007934,47.42003483532906,62.386746687340434,0.506014563849943,share,2,True,0.40492066239429175,12,5.082815167013599
enc0_attn,neg-q fraction,120,0.0008197004164761287,0.0010171088424613117,0.00019740842598518307,8.719629298165425e-05,0.00033488748631498304,24.082996911705482,0.4885993756265792,0.21581679756155026,0.828869466447884,0.0045181799840003836,share,5,True,0.6086064377135976,12,2.919746332802537
enc0_mlp,neg-q fraction,120,0.0008197004164761287,0.0007356090869355588,-8.409132954056986e-05,-0.00021163366022752445,-4.87570274951093e-06,-10.258788192651695,-0.2081318003731777,-0.523807804721047,-0.012067698261930531,-0.0019246380191831332,share,9,True,0.06035478480271895,12,10.633933796474777
enc1_attn,neg-q fraction,120,0.0008197004164761287,0.0008261922772021535,6.491860726024849e-06,-4.063616576578018e-05,5.7012205881790114e-05,0.791979678860381,0.016067799951094933,-0.10057729360806825,0.14110911455738692,0.0001485822859123815,share,17,False,-0.2058009443536073,12,18.21912432326752
enc1_mlp,neg-q fraction,120,0.0008197004164761287,0.0008298030108259505,1.0102594349821933e-05,-9.617856316405475e-05,0.00012152779739077811,1.232473980341834,0.025004612983956898,-0.23804853149553912,0.30078962247976376,0.00023122285358410607,share,16,False,-0.37998790773396246,12,26.70892245388978
enc2_attn,neg-q fraction,120,0.0008197004164761287,0.0007994643339088725,-2.0236082567256137e-05,-3.7616503012335066e-05,-7.388206355093038e-06,-2.4687168824740313,-0.050085690406301946,-0.09310342146419705,-0.0182863167774294,-0.0004631527897234654,share,15,True,0.034793863262003295,12,11.193025057516554
enc2_mlp,neg-q fraction,120,0.0008197004164761287,0.0007719635224248123,-4.773689405131639e-05,-9.111185671599742e-05,-1.6378069782755727e-05,-5.823700109429747,-0.11815208247279171,-0.22550808599707908,-0.04053684451353471,-0.0010925768650685323,share,11,True,0.3787476448626415,12,5.40710135710949
downsample,neg-q fraction,120,0.0008197004164761287,0.0013436065602642582,0.0005239061437881295,0.000186064974788754,0.0010229337572667415,63.914343979522265,1.296703590357496,0.46052355695589176,2.5318311141662946,0.011990887625718781,share,4,True,0.5306655507510898,12,3.6794539396430017
dec0_attn,neg-q fraction,120,0.0008197004164761287,0.0007985616490107835,-2.1138767465345154e-05,-4.1168806131016326e-05,-7.57492794699983e-06,-2.578840639879162,-0.05231989735766551,-0.10189561499475226,-0.018748465506726833,-0.0004838129657927044,share,14,True,0.7065155185707134,12,2.063745532241701
dec0_mlp,neg-q fraction,120,0.0008197004164761287,0.0007790365780617018,-4.066383841442681e-05,-7.177734959024444e-05,-1.6339105680647976e-05,-4.960817098183214,-0.10064578530888194,-0.17765385656109944,-0.04044040569200676,-0.0009306924964311256,share,12,True,-0.0577636467709609,12,13.47131610635922
dec1_attn,neg-q fraction,120,0.0008197004164761287,0.0007652181695524026,-5.448224692372605e-05,-9.943705391227315e-05,-2.5160794832383257e-05,-6.646604762986928,-0.13484729284890648,-0.24611351928478373,-0.062274690576245406,-0.0012469609455911554,share,10,True,0.41157192760122585,12,5.0023216888314925
dec1_mlp,neg-q fraction,120,0.0008197004164761287,0.0008509602998477325,3.125988337160379e-05,-6.881695497895635e-06,9.632926521211012e-05,3.813574172133429,0.07737035246242066,-0.017032667712858517,0.2384215293866779,0.0007154597309963233,share,13,False,0.09249757436171377,12,9.96801216151155
dec2_attn,neg-q fraction,120,0.0008197004164761287,0.0006501637196834054,-0.0001695366967927233,-0.00031506878550828786,-6.563372123290871e-05,-20.68276328583036,-0.4196149368261245,-0.77981682448716,-0.16244795557437414,-0.0038802665396861936,share,6,True,0.7114553809483397,12,2.023152614531667
dec2_mlp,neg-q fraction,120,0.0008197004164761287,0.0009262165242110617,0.00010651610773493303,3.4603207571611464e-05,0.00021073222880355996,12.994516727567747,0.2636346623693153,0.08564530885543496,0.5215767002039973,0.0024378845205813293,share,8,True,0.6549769139042863,12,2.5017128627982865
upsample,neg-q fraction,120,0.0008197004164761287,0.0009358924872155209,0.00011619207073939226,4.765835756188608e-05,0.0002068095779804934,14.174943479826329,0.28758333355176785,0.11795769928216523,0.5118678707384543,0.0026593428608446637,share,7,True,0.4045258757239116,12,5.0876168355603095
decoder_io,neg-q fraction,120,0.0008197004164761287,0.02832541932972769,0.02750571891325156,0.023480531478551822,0.03319040066853631,3355.581912657547,68.07853828986822,58.11592368737978,82.14851500138107,0.6295363939972946,share,1,True,0.36229184871912007,12,5.6173703326242
decoder_heads,neg-q fraction,120,0.0008197004164761287,0.007423433004684436,0.006603732588208307,0.004827744233775396,0.00911487911689619,805.6275750837831,16.344690472561947,11.948997650609522,22.55995012979584,0.15114275011732928,share,3,True,0.5536848069030447,12,3.4471485422060146
encoder_io,|neg-q mass|,120,9954534378.666666,9186743637333.334,9176789102954.666,7165805630433.067,10475378609156.266,92187.02506690049,2894.4508844956745,2260.166623906943,3304.0389770902643,0.8456106519419376,share,1,True,0.1772063915886372,12,8.387249144656831
enc0_attn,|neg-q mass|,120,9954534378.666666,14897753877.333334,4943219498.666667,1852104051.4666667,9887577184.0,49.657968023701514,1.5591407724042887,0.5841721052758728,3.118640540244464,0.00045550126695335783,share,5,True,0.12322441442110726,12,9.367056922787095
enc0_mlp,|neg-q mass|,120,9954534378.666666,11157177472.0,1202643093.3333333,-992218516.2666667,3417105765.0666647,12.08135958534324,0.3793256362522813,-0.31295562421679274,1.0777892673732654,0.00011081956867458507,share,9,False,-0.06029618459294483,12,13.539962280140182
enc1_attn,|neg-q mass|,120,9954534378.666666,8543468984.0,-1411065394.6666667,-2068801474.1000001,-699045503.6000003,-14.175101928330156,-0.4450641105350406,-0.6525206354177541,-0.2204859296097676,-0.00013002499184955742,share,8,True,0.3390340163931861,12,5.923368417963163
enc1_mlp,|neg-q mass|,120,9954534378.666666,10174667050.666666,220132672.0,-1253444210.9333334,2290047304.5333333,2.2113809006653415,0.06943204208230606,-0.3953488158329634,0.722303778781325,2.0284494957360065e-05,share,16,False,-0.10897498282981546,12,14.935270657407402
enc2_attn,|neg-q mass|,120,9954534378.666666,10016265557.333334,61731178.666666664,-150221748.53333333,258658179.4666665,0.6201312519344082,0.019470629943447715,-0.047381438979871196,0.08158337169351337,5.688323187100065e-06,share,17,False,-0.11636899064645409,12,15.160658403735873
enc2_mlp,|neg-q mass|,120,9954534378.666666,9283217888.0,-671316490.6666666,-1077527017.8666666,-322859643.2000001,-6.743826131188512,-0.21173992214347004,-0.33986277715894964,-0.10183315420502746,-6.185958606689994e-05,share,13,True,-0.23808945908319235,12,19.499761075782963
downsample,|neg-q mass|,120,9954534378.666666,19296098581.333332,9341564202.666666,5018111062.400001,15926991055.999992,93.84230188291235,2.9464225957068106,1.5827623191628841,5.023531960056815,0.0008607941303817332,share,4,True,0.21030995679038184,12,7.829631133206193
dec0_attn,|neg-q mass|,120,9954534378.666666,9717888304.0,-236646074.66666666,-564717940.8000001,28584240.53333328,-2.377269148558243,-0.07464053411784573,-0.17811767546372595,0.009015754788099583,-2.1806150194075023e-05,share,15,False,0.3448042568632422,12,5.846463436976348
dec0_mlp,|neg-q mass|,120,9954534378.666666,9146974864.0,-807559514.6666666,-1393172576.3999999,-401281077.3333333,-8.112479036662215,-0.2547123318718571,-0.43942053705012746,-0.12656805732245469,-7.441392844686019e-05,share,12,True,-0.26459613495688433,12,20.635128996218857
dec1_attn,|neg-q mass|,120,9954534378.666666,8855418885.333334,-1099115493.3333333,-1631432855.3333333,-671357819.8666667,-11.041355140515888,-0.3466719978142753,-0.5145702073064409,-0.21175295778569234,-0.0001012798440118708,share,10,True,-0.47883574464699713,12,34.0507407280723
dec1_mlp,|neg-q mass|,120,9954534378.666666,10325585018.666666,371050640.0,-208393683.86666667,1217684994.1333325,3.727453498932005,0.11703307563152915,-0.06572944804811703,0.38407000191074847,3.419108471097478e-05,share,14,False,-0.16459155101044567,12,16.728462142115692
dec2_attn,|neg-q mass|,120,9954534378.666666,7770475680.0,-2184058698.6666665,-4002219199.7333336,-806686203.2000017,-21.940340106185907,-0.6888739145275564,-1.2623398851875025,-0.2544368807179982,-0.000201253758731836,share,6,True,0.645783414575568,12,2.582720780540478
dec2_mlp,|neg-q mass|,120,9954534378.666666,10834611056.0,880076677.3333334,-336964942.8,2285833786.6666665,8.840962759839432,0.27758496883308675,-0.10628210649599283,0.720974793187433,8.109614425367172e-05,share,11,False,0.5306806031350214,12,3.6792997512642804
upsample,|neg-q mass|,120,9954534378.666666,11934209285.333334,1979674906.6666667,414701056.0,4457185662.799998,19.887167308490717,0.6244092264003652,0.13080085255026916,1.4058408490502525,0.00018242047078541917,share,7,True,0.31658809638154767,12,6.228935888119096
decoder_io,|neg-q mass|,120,9954534378.666666,2736022061056.0,2726067526677.3335,2208041206998.9336,3479554925696.0,27385.183706025527,859.828909138343,696.4382370455934,1097.4863559945343,0.25119807294352653,share,2,True,0.4228156897604173,12,4.867961305684837
decoder_heads,|neg-q mass|,120,9954534378.666666,668192126634.6666,658237592256.0,437201271498.6667,952889434197.3334,6612.439790922354,207.61470703301333,137.897645112549,300.5508391547352,0.06065440899596069,share,3,True,0.6572293161751988,12,2.4820030431218676
encoder_io,DKEpert<1000km 500hPa,120,0.0,0.8796420097351074,0.8796420196692148,0.8519728058328231,0.919793056945006,nan,nan,nan,nan,1.2389226654433165,share,1,True,0.02872337476579594,12,11.329886914899697
enc0_attn,DKEpert<1000km 500hPa,120,0.0,0.32600048184394836,0.3260004719098409,0.31017062831670045,0.3445482041686773,nan,nan,nan,nan,0.45915197837661254,share,9,True,-0.23211044956197763,12,19.254494850606882
enc0_mlp,DKEpert<1000km 500hPa,120,0.0,0.42493370175361633,0.4249337464570999,0.39158278529842694,0.4683439528569579,nan,nan,nan,nan,0.5984935212569967,share,8,True,0.05263528411924991,12,10.799919746259533
enc1_attn,DKEpert<1000km 500hPa,120,0.0,0.5994800925254822,0.599480152130127,0.5642497306068738,0.6379041199882824,nan,nan,nan,nan,0.8443315932505295,share,5,True,0.0737723957731016,12,10.351105406020729
enc1_mlp,DKEpert<1000km 500hPa,120,0.0,0.801283061504364,0.801282986998558,0.7783459540456533,0.8190834394345681,nan,nan,nan,nan,1.1285586998219417,share,2,True,-0.4117918548859303,12,28.801883141801348
enc2_attn,DKEpert<1000km 500hPa,120,0.0,0.032098181545734406,0.03209818402926127,0.02820485781800623,0.03488247959176078,nan,nan,nan,nan,0.04520835388056692,share,17,True,-0.524787398109713,12,38.50371119059867
enc2_mlp,DKEpert<1000km 500hPa,120,0.0,0.06536252796649933,0.06536253013958533,0.06097402187685171,0.06907184577236573,nan,nan,nan,nan,0.09205917663085943,share,16,True,-0.6218832282749375,12,51.47245558695016
downsample,DKEpert<1000km 500hPa,120,0.0,0.7618793845176697,0.7618793149789175,0.7268671731154124,0.7982265284905831,nan,nan,nan,nan,1.073061007266071,share,4,True,-0.16362251260144364,12,16.695176952513258
dec0_attn,DKEpert<1000km 500hPa,120,0.0,0.09525203704833984,0.0952520277351141,0.08413097675268849,0.10620587438655396,nan,nan,nan,nan,0.13415672904626058,share,15,True,0.1531931449503286,12,8.81177823948455
dec0_mlp,DKEpert<1000km 500hPa,120,0.0,0.13106083869934082,0.13106084056198597,0.1205319269405057,0.14180634487420318,nan,nan,nan,nan,0.18459127951317886,share,13,True,-0.13438538537141317,12,15.725964412347393
dec1_attn,DKEpert<1000km 500hPa,120,0.0,0.18224136531352997,0.18224134047826132,0.16746370069061717,0.20085424746697148,nan,nan,nan,nan,0.25667592298989433,share,11,True,-0.1729590107133068,12,17.019117928725073
dec1_mlp,DKEpert<1000km 500hPa,120,0.0,0.23793286085128784,0.23793286954363188,0.22154361108938853,0.24848400304714838,nan,nan,nan,nan,0.33511407861396175,share,10,True,-0.5894741056058738,12,46.46159847095724
dec2_attn,DKEpert<1000km 500hPa,120,0.0,0.09934929013252258,0.09934927647312482,0.08956852679451306,0.11185847205730776,nan,nan,nan,nan,0.13992745647170735,share,14,True,-0.4177065834455602,12,29.216334098388682
dec2_mlp,DKEpert<1000km 500hPa,120,0.0,0.15883305668830872,0.15883306103448072,0.1456303937981526,0.16971980233987172,nan,nan,nan,nan,0.22370677495756594,share,12,True,-0.4213628402132706,12,29.47676932612792
upsample,DKEpert<1000km 500hPa,120,0.0,0.44834014773368835,0.44834009061257046,0.42372659804920354,0.4755347146963079,nan,nan,nan,nan,0.6314599435526073,share,7,True,-0.05882765595888479,12,13.500111804126236
decoder_io,DKEpert<1000km 500hPa,120,0.0,0.7980761528015137,0.798076276977857,0.7911449336757262,0.8050464659929276,nan,nan,nan,nan,1.124042242402542,share,3,True,-0.7892999263764291,12,101.90598772583975
decoder_heads,DKEpert<1000km 500hPa,120,0.0,0.598518431186676,0.5985184808572134,0.5707897111152609,0.6347902057692408,nan,nan,nan,nan,0.8429771373354218,share,6,True,-0.26761176501380335,12,20.769505097869754
encoder_io,RMSE Z500,168,492.62132517496747,656.1476745605469,163.52634938557944,122.29822082519532,212.05598538716632,33.19514219720365,2.324921768378112,1.7387644064625827,3.0148876825900093,0.7466484227683331,share,1,True,-0.03596326030652794,12,12.895316756943421
enc0_attn,RMSE Z500,168,492.62132517496747,484.07046763102215,-8.550857543945312,-12.84675579071045,-1.8773549397786458,-1.7357871263304019,-0.12157107962670498,-0.1826476424324444,-0.02669113193600379,-0.039042541599515986,share,7,True,-0.4174447468751452,12,29.197808913854658
enc0_mlp,RMSE Z500,168,492.62132517496747,491.47093709309894,-1.1503880818684895,-8.244508043924968,7.238284937540669,-0.23352380887284951,-0.01635554333395184,-0.11721558203255482,0.10290969180344046,-0.0052525813125890095,share,16,False,-0.4897993778047927,12,35.04031895676008
enc1_attn,RMSE Z500,168,492.62132517496747,508.9490280151367,16.32770284016927,-0.9691310882568358,40.07246875762938,3.314453111498991,0.23213770687934293,-0.013778537660542803,0.5697268683445589,0.074551004280644,share,5,False,-0.07290992309624256,12,13.887452145053512
enc1_mlp,RMSE Z500,168,492.62132517496747,553.691884358724,61.07055918375651,39.89758491516113,91.15370610555011,12.39705957960015,0.8682654079102203,0.5672404723978522,1.295969954624468,0.27884335988334014,share,2,True,-0.13447333372625467,12,15.728781717754005
enc2_attn,RMSE Z500,168,492.62132517496747,495.10677846272785,2.4854532877604165,0.6158622741699219,4.022501627604167,0.504536275784984,0.035336717750458845,0.008755968765402931,0.05718956995304892,0.01134838381791903,share,13,True,0.08316034218217049,12,10.157384336698303
enc2_mlp,RMSE Z500,168,492.62132517496747,493.5779215494792,0.9565963745117188,-2.315432612101237,4.928234545389807,0.19418492980829816,0.013600326448980217,-0.03291946345841606,0.07006674959295688,0.004367743650724865,share,17,False,0.22067405387610908,12,7.661268234374917
downsample,RMSE Z500,168,492.62132517496747,544.6952133178711,52.07388814290365,36.48338006337484,75.21301778157552,10.570774240113993,0.7403560133422749,0.5186993093899038,1.0693345932494434,0.23776526899427208,share,4,True,-0.3746448897831042,12,26.378194417690022
dec0_attn,RMSE Z500,168,492.62132517496747,496.01574961344403,3.3944244384765625,-1.5719900767008463,10.552806727091463,0.6890534909894417,0.04825993668776137,-0.02234963333266015,0.1500336194716366,0.015498674450432695,share,12,False,0.3017407155513507,12,6.436851297099383
dec0_mlp,RMSE Z500,168,492.62132517496747,497.79292551676434,5.171600341796875,1.8780481974283856,10.08325812021891,1.0498125187658176,0.07352678181327722,0.02670098826684607,0.1433578526516021,0.023613119554733508,share,8,True,-0.1382120384011297,12,15.849077811986298
dec1_attn,RMSE Z500,168,492.62132517496747,490.32433827718097,-2.2969868977864585,-7.729123878479004,3.3397689819335925,-0.46627841313419044,-0.03265721310607318,-0.1098881521117816,0.04748287744834928,-0.010487861135503504,share,14,False,-0.03533273899570358,12,12.879044796248257
dec1_mlp,RMSE Z500,168,492.62132517496747,490.69287872314453,-1.9284464518229167,-12.890673955281574,14.107662200927733,-0.3914662953614479,-0.027417521101892876,-0.1832720451493293,0.20057447056758151,-0.00880513450619319,share,15,False,0.29488888001309344,12,6.534408913726498
dec2_attn,RMSE Z500,168,492.62132517496747,488.47791290283203,-4.143412272135417,-7.234940910339355,-1.331450271606446,-0.8410947842470633,-0.058908606613229636,-0.10286214838512533,-0.018929779400088255,-0.01891849386654063,share,10,True,0.15507790663311202,12,8.77781928143409
dec2_mlp,RMSE Z500,168,492.62132517496747,497.56067657470703,4.939351399739583,-5.13209285736084,14.839421145121245,1.0026669872615122,0.07022480251085539,-0.0729650875607955,0.21097819024305361,0.022552689190280063,share,9,False,0.07425845422764711,12,10.340992435805523
upsample,RMSE Z500,168,492.62132517496747,496.13932037353516,3.5179951985677085,-14.911828231811523,18.73363030751545,0.7141378212399149,0.050016793311482156,-0.21200763175302176,0.2663437731370981,0.016062888801630548,share,11,False,0.2496795666324864,12,7.204923118550173
decoder_io,RMSE Z500,168,492.62132517496747,548.2355982462565,55.61427307128906,30.44096762339274,85.18714694976805,11.289457079742983,0.7906911307063447,0.4327918316774961,1.2111409144378915,0.25393038753757674,share,3,True,-0.11345761922315199,12,15.071463835682156
decoder_heads,RMSE Z500,168,492.62132517496747,502.8279291788737,10.20660400390625,-13.366193453470865,34.65767078399658,2.071896501898513,0.1451115121144472,-0.19003270260167507,0.49274244517624743,0.046602549436045755,share,6,False,0.010166171096308218,12,11.75846735587413
encoder_io,RMSE T850,168,2.593069632848104,3.4451345205307007,0.8520648876825968,0.7038543313741684,1.0002025052905081,32.859313798940654,6.58324294974077,5.438135207361789,7.727787151487009,0.6691333182741593,share,1,True,0.028901423459560985,12,11.325849739135164
enc0_attn,RMSE T850,168,2.593069632848104,2.579095502694448,-0.013974130153656006,-0.051470893621444705,0.01539297898610433,-0.5389030042478068,-0.10796723951742622,-0.39767557899470274,0.11892958136250274,-0.010973995308200063,share,9,False,-0.06576988096718231,12,13.689602070254947
enc0_mlp,RMSE T850,168,2.593069632848104,2.5942348639170327,0.0011652310689290364,-0.050162876149018605,0.040862072010834936,0.04493635859863903,0.009002834561355037,-0.3875695449027375,0.31570946223210167,0.000915065205690152,share,17,False,-0.2707949944946753,12,20.912555205745566
enc1_attn,RMSE T850,168,2.593069632848104,2.6904943585395813,0.09742472569147746,0.036694485942522684,0.18209959616263707,3.7571195334415606,0.7527251126181423,0.28350976476977086,1.4069420063168825,0.07650841024700465,share,5,True,0.26866981316255834,12,6.917451767984024
enc1_mlp,RMSE T850,168,2.593069632848104,2.823912958304087,0.2308433254559835,0.16958257059256235,0.30978027333815883,8.902318801305626,1.7835469067807905,1.3102326810916243,2.39343133357924,0.18128309545052368,share,4,True,-0.35616206214768353,12,25.276461340656688
enc2_attn,RMSE T850,168,2.593069632848104,2.5951043168703714,0.0020346840222676596,-0.004049804806709289,0.009580046931902566,0.0784662315463106,0.015720421576077753,-0.031289693222902364,0.0740175746405439,0.0015978535099154753,share,16,False,0.1381019673435401,12,9.087741422694084
enc2_mlp,RMSE T850,168,2.593069632848104,2.596246123313904,0.0031764904657999673,-0.003938979903856913,0.008879044155279788,0.12249923509809729,0.02454227226845452,-0.03043343535932239,0.06860147117980642,0.0024945231713840222,share,15,False,-0.42828891406109304,12,29.979245444550713
downsample,RMSE T850,168,2.593069632848104,2.856675684452057,0.26360605160395306,0.19596310456593832,0.3576132973035176,10.165791472187376,2.0366790203625595,1.5140545575721371,2.762999922001148,0.20701192429913698,share,3,True,-0.16413648796004648,12,16.71282171586504
dec0_attn,RMSE T850,168,2.593069632848104,2.600013573964437,0.006943941116333008,-0.011896711587905883,0.02818997750679651,0.2677884553646218,0.05365043444266787,-0.09191664134780703,0.21780203991236413,0.005453132065692064,share,13,False,0.38470465255955627,12,5.3322159029632905
dec0_mlp,RMSE T850,168,2.593069632848104,2.626695970694224,0.0336263378461202,0.014930179715156556,0.05810217012961705,1.2967772797210477,0.2598045697589347,0.11535389119893032,0.44891029709104235,0.026407029968783354,share,7,True,0.28566744835748326,12,6.667346700471751
dec1_attn,RMSE T850,168,2.593069632848104,2.6059555610020957,0.0128859281539917,-0.010067943731943765,0.03791639804840088,0.49693722030281196,0.09955954868807182,-0.07778717389936089,0.29295052963699075,0.010119421641905298,share,10,False,0.20903110262463956,12,7.850605950417085
dec1_mlp,RMSE T850,168,2.593069632848104,2.6036767760912576,0.01060714324315389,-0.02066867748896281,0.05293834209442139,0.4090574008806509,0.08195314932211535,-0.1596908021051638,0.4090134124783778,0.00832987376701388,share,12,False,0.3318677658937742,12,6.019806931729714
dec2_attn,RMSE T850,168,2.593069632848104,2.580222765604655,-0.012846867243448893,-0.0295828382174174,0.00010367333889007134,-0.4954308623536077,-0.09925775540019117,-0.22856359174453122,0.0008010032888227508,-0.010088746798869102,share,11,False,0.35457169066155475,12,5.717777630712716
dec2_mlp,RMSE T850,168,2.593069632848104,2.5984445214271545,0.0053748885790507,-0.02037631074587504,0.029713331659634887,0.2072789913145209,0.041527585346127646,-0.1574319115816897,0.2295718131204902,0.004220942656181622,share,14,False,0.12040371367842517,12,9.42085009804636
upsample,RMSE T850,168,2.593069632848104,2.618832588195801,0.02576295534769694,-0.026386711994806925,0.07386222879091897,0.9935311810119091,0.19905032657605692,-0.20386960924901035,0.5706760177179034,0.020231853289059725,share,8,False,0.31682538550467026,12,6.2256510727897725
decoder_io,RMSE T850,168,2.593069632848104,2.9193626642227173,0.32629303137461346,0.230576158563296,0.4350894292195638,12.583273015164995,2.5210125770921867,1.7814827159097495,3.3615977595398943,0.2562405069961773,share,2,True,0.06797150266602732,12,10.472509744021892
decoder_heads,RMSE T850,168,2.593069632848104,2.647961179415385,0.05489154656728109,-0.002027394870917002,0.12156630406777053,2.1168558634883565,0.4241043049224116,-0.015664103970537968,0.9392483198748044,0.04310676713795952,share,6,False,-0.16649327538910205,12,16.794008844024393
encoder_io,RMSE Q700,168,0.0016523806649881105,0.0019089320849161595,0.00025655141992804903,0.00021967395102061952,0.00028837409142094356,15.52616932430004,7.584915107711655,6.494636709998731,8.525748964105412,0.7949409279183907,share,1,True,-0.025861818828284214,12,12.637161815310687
enc0_attn,RMSE Q700,168,0.0016523806649881105,0.0016614919101508956,9.111245162785053e-06,-1.2252688369092842e-07,2.1139788926423832e-05,0.5514010999911217,0.26937298224525413,-0.003622494124058225,0.624995583524101,0.028231773911941715,share,10,False,-0.3188816213189555,12,23.2361656228906
enc0_mlp,RMSE Q700,168,0.0016523806649881105,0.0016450201995515574,-7.360465436552961e-06,-1.8154667001605653e-05,3.0453889242683847e-06,-0.44544611254004973,-0.21761136814271917,-0.5367407752199227,0.09003659565407682,-0.022806871330845215,share,11,False,0.14486214710361897,12,8.963222568514018
enc1_attn,RMSE Q700,168,0.0016523806649881105,0.001662847149418667,1.0466484430556497e-05,-1.9185432271721463e-05,4.021231434307992e-05,0.6334184762826311,0.30944048528057777,-0.5672152394501287,1.1888727439607136,0.03243106916969478,share,8,False,0.5407616620100486,12,3.5767115652982
enc1_mlp,RMSE Q700,168,0.0016523806649881105,0.001692941722770532,4.056105778242151e-05,1.9381565653020513e-05,6.543281051563099e-05,2.45470421204144,1.1991833061962265,0.573013901750883,1.9345139978536612,0.1256810230087695,share,4,True,0.025284809695666897,12,11.408129890390036
enc2_attn,RMSE Q700,168,0.0016523806649881105,0.0016530818247701973,7.011597820868095e-07,-1.0983516403939574e-06,3.841453872155398e-06,0.04243330831348445,0.02072971346469872,-0.0324726479905683,0.11357217012737854,0.0021725882785893946,share,15,False,0.15761418898648935,12,8.732295982837256
enc2_mlp,RMSE Q700,168,0.0016523806649881105,0.0016535735048819333,1.1928398938228686e-06,-2.561670650417606e-06,3.7091231206431947e-06,0.07218917039503434,0.035266183029802285,-0.07573551696881384,0.10965982570675031,0.0036960904458044432,share,14,False,0.42837857300819837,12,4.802268287639911
downsample,RMSE Q700,168,0.0016523806649881105,0.0017026087928873797,5.022812789926926e-05,2.244102458159129e-05,8.243143117094102e-05,3.039743139310497,1.4849891933636037,0.6634664755672662,2.437076387314925,0.15563505597063856,share,3,True,0.1700807075356603,12,8.5114056196577
dec0_attn,RMSE Q700,168,0.0016523806649881105,0.0016526485754487414,2.6791046063105267e-07,-5.15198553330265e-06,5.662633338943122e-06,0.01621360418381441,0.007920743923087096,-0.152317897586451,0.16741514497961876,0.0008301376395921788,share,17,False,0.4138241206905153,12,4.97523733594129
dec0_mlp,RMSE Q700,168,0.0016523806649881105,0.0016529465016598504,5.658366717398167e-07,-2.6267662178725004e-06,6.7221311231454134e-06,0.03424372384216249,0.016728900277302214,-0.07766006041188721,0.19873908289520997,0.001753280995323487,share,16,False,-0.3772022290730521,12,26.535783396076283
dec1_attn,RMSE Q700,168,0.0016523806649881105,0.001654197849954168,1.817184966057539e-06,-3.919236526902144e-06,7.3350192299888765e-06,0.1099737490616676,0.053724877868233496,-0.11587180594023808,0.2168590537854024,0.005630663449542633,share,12,False,0.0007329096416609453,12,11.982423050915592
dec1_mlp,RMSE Q700,168,0.0016523806649881105,0.0016541210352443159,1.7403702562053998e-06,-6.415480796325331e-06,8.540324294396366e-06,0.1053250194148164,0.05145385924196598,-0.18967299899930065,0.252493768241435,0.005392648174691428,share,13,False,-0.2723898583075089,12,20.984696920487792
dec2_attn,RMSE Q700,168,0.0016523806649881105,0.0016420675965491682,-1.0313068438942233e-05,-1.7416359575387712e-05,-2.2506545064970887e-06,-0.6241339333885536,-0.3049047580065446,-0.5149127956561117,-0.06654035816039035,-0.03195569994053376,share,9,True,0.30163409306095457,12,6.438361539502252
dec2_mlp,RMSE Q700,168,0.0016523806649881105,0.0016327634608993928,-1.96172040887177e-05,-2.774924432742409e-05,-1.4198870485415688e-05,-1.1872085230953033,-0.579980526731475,-0.8204034208256955,-0.41978807713274296,-0.06078515732176905,share,5,True,-0.11221895413142742,12,15.03369272377208
upsample,RMSE Q700,168,0.0016523806649881105,0.0016661546445296456,1.3773979541535178e-05,1.2503835023380816e-06,2.4546268347573155e-05,0.8335839212712094,0.407226222124211,0.036967453619930736,0.7257077808404545,0.04267955359961655,share,7,True,-0.271616098049599,12,20.949657365758572
decoder_io,RMSE Q700,168,0.0016523806649881105,0.0018406245217192918,0.00018824385673118135,0.0001560988445514037,0.00022543015826765133,11.392281495410494,5.565409356357031,4.615045532261455,6.664818357496046,0.5832855892467477,share,2,True,0.5338505296360162,12,3.646896184659673
decoder_heads,RMSE Q700,168,0.0016523806649881105,0.001671930163865909,1.9549498877798516e-05,2.6018933567684144e-06,3.860557214162933e-05,1.18311108886881,0.577978829460356,0.07692469695136415,1.141369583770065,0.06057536841002535,share,6,True,0.36534146408873963,12,5.57802032037323
encoder_io,RMSE U500,168,6.6741063594818115,8.177242954572042,1.5031365950902302,1.3159752110640208,1.7113714277744292,22.521915506407005,3.6570201166984586,3.2016703176924097,4.163640057035778,0.9558123401997609,share,1,True,-0.0995994704992492,12,14.65480440499895
enc0_attn,RMSE U500,168,6.6741063594818115,6.651429732640584,-0.022676626841227215,-0.0750975211461385,0.047497219840685515,-0.33977023469233214,-0.05517055522971557,-0.1827067123790774,0.11555722148738541,-0.014419580921485724,share,13,False,-0.07843434059859147,12,14.042637065696328
enc0_mlp,RMSE U500,168,6.6741063594818115,6.666971723238627,-0.007134636243184407,-0.06709273457527161,0.055391049385070765,-0.1069002478968338,-0.017358042078062158,-0.16323165893739022,0.1347623246935066,-0.004536762251911488,share,16,False,-0.41371234729617457,12,28.93553717073429
enc1_attn,RMSE U500,168,6.6741063594818115,6.7558274269104,0.08172106742858887,-0.03389052748680115,0.2514287898937861,1.2244495821150478,0.19882131039892684,-0.08245314576837516,0.6117076422475971,0.0519646750386336,share,6,False,0.0665837674667886,12,10.501748790909959
enc1_mlp,RMSE U500,168,6.6741063594818115,7.234176516532898,0.5600701570510864,0.39566396673520404,0.7857525130112962,8.391687619053334,1.3626092517395862,0.9626211553425013,1.9116777252410562,0.3561366074351428,share,3,True,-0.3276134279987013,12,23.6937526705302
enc2_attn,RMSE U500,168,6.6741063594818115,6.689209500948588,0.01510314146677653,-0.0010152240594228108,0.03152987460295356,0.2262945876689499,0.03674482568633687,-0.002469965018743107,0.07670985196994652,0.009603763913991578,share,15,False,0.052317886116010216,12,10.80679661217331
enc2_mlp,RMSE U500,168,6.6741063594818115,6.700865427652995,0.02675906817118327,-0.0006539463996887207,0.058898189663887,0.40093859357166267,0.0651028329200171,-0.0015910032040438917,0.1432949374937056,0.01701551785367071,share,11,False,-0.08153481292306153,12,14.13054946195751
downsample,RMSE U500,168,6.6741063594818115,7.075305898984273,0.40119953950246173,0.30848634243011475,0.5236201713482538,6.011284775713576,0.9760887943005524,0.7505244458012407,1.2739291335094607,0.2551141872212188,share,4,True,-0.31038430687747537,12,22.80199223908308
dec0_attn,RMSE U500,168,6.6741063594818115,6.676205436388652,0.0020990769068400064,-0.042885146538416546,0.050393291314442944,0.031451055673661486,0.005106898800737589,-0.10433638839664887,0.12260314909870254,0.0013347580101099106,share,17,False,0.29304977253604075,12,6.560770443452559
dec0_mlp,RMSE U500,168,6.6741063594818115,6.701832572619121,0.027726213137308758,-0.0074801852305730184,0.07478734056154886,0.4154295967716863,0.06745582506220645,-0.018198737196731048,0.18195206596746133,0.01763050460630801,share,10,False,0.24026271062246216,12,7.350738996220322
dec1_attn,RMSE U500,168,6.6741063594818115,6.632787585258484,-0.04131877422332764,-0.09496997594833374,0.009888577461242632,-0.6190907366141479,-0.10052552045209202,-0.23105492452239654,0.02405817729367736,-0.02627372283635584,share,9,False,0.12747925448295536,12,9.286422703188478
dec1_mlp,RMSE U500,168,6.6741063594818115,6.626834988594055,-0.04727137088775635,-0.11102348168691,0.056994943817456505,-0.7082801552989721,-0.1150077476957852,-0.270111916163255,0.13866448117313326,-0.03005885145785106,share,8,False,0.49586870842610176,12,4.04418881470682
dec2_attn,RMSE U500,168,6.6741063594818115,6.651794513066609,-0.022311846415201824,-0.055643601218859355,0.003120581309000651,-0.3343046276675482,-0.05428307144380414,-0.1353767646184547,0.007592143428670598,-0.014187624867859431,share,14,False,-0.01620827477695527,12,12.395407467529504
dec2_mlp,RMSE U500,168,6.6741063594818115,6.697262326876323,0.023155967394510906,-0.05384003122647603,0.09610570271809896,0.34695232810627213,0.05633675532878414,-0.1309888122756248,0.2338180637192405,0.01472438330437178,share,12,False,-0.023263313166847762,12,12.571617226557313
upsample,RMSE U500,168,6.6741063594818115,6.747134367624919,0.0730280081431071,-0.08525531888008117,0.22807590564092,1.0941990464289981,0.177671740368832,-0.20741988267625353,0.5548918027725857,0.04643694497984089,share,7,False,0.4401918234779648,12,4.6644467832358885
decoder_io,RMSE U500,168,6.6741063594818115,7.248904546101888,0.5747981866200765,0.3797321786483129,0.8166346609592433,8.612361800370001,1.398441457933657,0.9238602937421353,1.986811706185563,0.36550184573407646,share,2,True,-0.10298642301120342,12,14.755447872445918
decoder_heads,RMSE U500,168,6.6741063594818115,6.7667012214660645,0.09259486198425293,-0.016865816712379453,0.23224503099918356,1.3873746835440326,0.2252764479857558,-0.04103328413610892,0.5650349762898882,0.058879087910390475,share,5,False,-0.029565858770652046,12,12.731199141032643
encoder_io,RMSE MSLP,168,476.1066157023112,603.023447672526,126.91683197021484,88.70084444681804,165.85095475514728,26.65722923908506,1.9929167891392778,1.3928286687015696,2.6042814581432405,0.6693446140316979,share,1,True,0.1270757838257022,12,9.294042818075049
enc0_attn,RMSE MSLP,168,476.1066157023112,472.1988245646159,-3.9077911376953125,-11.340339024861654,4.435625712076823,-0.8207806841606008,-0.061362251530122904,-0.17807214130968887,0.06965059570672485,-0.0206092360656387,share,11,False,-0.1095272608750363,12,14.951976119542929
enc0_mlp,RMSE MSLP,168,476.1066157023112,469.4286651611328,-6.677950541178386,-17.414755503336586,4.7897240956624305,-1.4026166242885856,-0.10486079382819315,-0.27345591662341556,0.07521084018099954,-0.035218734647874055,share,8,False,-0.03316528769416301,12,12.823270921625873
enc1_attn,RMSE MSLP,168,476.1066157023112,494.03370412190753,17.927088419596355,0.047620391845703165,42.196883265177405,3.7653516729969962,0.281500845373941,0.0007477611672261499,0.6625983000289345,0.09454537977864821,share,5,True,0.0759497225849912,12,10.305874983023845
enc1_mlp,RMSE MSLP,168,476.1066157023112,534.0803807576498,57.97376505533854,32.1885897954305,90.74935932159423,12.176635052596499,0.910335437111404,0.5054426589932954,1.4249955580208769,0.3057468957627041,share,3,True,0.06726015191669972,12,10.487488132015645
enc2_attn,RMSE MSLP,168,476.1066157023112,478.1295928955078,2.0229771931966147,-0.09190451304117839,3.3398487726847326,0.42490003845304564,0.031765882820913284,-0.0014431344069509874,0.05244411311678242,0.010668946486884354,share,16,False,0.09580833713757077,12,9.901640265570432
enc2_mlp,RMSE MSLP,168,476.1066157023112,477.26668039957684,1.160064697265625,-1.1454169591267904,4.116777102152506,0.2436564960464576,0.018215963759724188,-0.017985957047402138,0.0646438622573663,0.006118046322061405,share,17,False,-0.021493578614022783,12,12.527176802790818
downsample,RMSE MSLP,168,476.1066157023112,532.6750259399414,56.56841023763021,35.337402216593425,81.2508289337158,11.881458558223434,0.8882677951175826,0.5548870159203466,1.275844492805232,0.29833521786755046,share,4,True,-0.1112059504633833,12,15.002881052717088
dec0_attn,RMSE MSLP,168,476.1066157023112,479.2963511149089,3.1897354125976562,-2.526758321126302,10.810956637064614,0.6699624217345594,0.05008695188806649,-0.039676526762437256,0.16975949252908462,0.016822293666370995,share,12,False,0.28625354219939264,12,6.658840743763382
dec0_mlp,RMSE MSLP,168,476.1066157023112,483.0749282836914,6.968312581380208,3.9956487019856772,10.645549392700193,1.4636033929293666,0.10942021574145638,0.06274183855738374,0.16716217845165415,0.0367500702848521,share,7,True,0.07240959561996413,12,10.379508816428958
dec1_attn,RMSE MSLP,168,476.1066157023112,473.69775644938153,-2.4088592529296875,-8.749102719624839,5.581621042887369,-0.5059495443843701,-0.037825211780922026,-0.13738314634213714,0.08764563465934812,-0.012704043599885141,share,15,False,0.3107771299382882,12,6.30974881376663
dec1_mlp,RMSE MSLP,168,476.1066157023112,473.07134501139325,-3.0352706909179688,-14.140480295817058,11.433456802368152,-0.6375191166878873,-0.04766146322445552,-0.22204147511845,0.17953432705195185,-0.016007664685256277,share,13,False,0.3468186997898709,12,5.819770399493601
dec2_attn,RMSE MSLP,168,476.1066157023112,473.2613779703776,-2.8452377319335938,-6.212140719095865,-0.3884661356608102,-0.5976051661740818,-0.044677462847431806,-0.09754639588299313,-0.0060999055188532565,-0.01500545295644044,share,14,True,-0.08719576156458332,12,14.292603593884454
dec2_mlp,RMSE MSLP,168,476.1066157023112,481.1515579223633,5.044942220052083,-3.4279186884562174,14.117368443806951,1.0596244735247422,0.07921841330658891,-0.05382703460193472,0.2216785603089324,0.026606438647046086,share,10,False,0.007417247369766212,12,11.823296715100758
upsample,RMSE MSLP,168,476.1066157023112,483.39310963948566,7.2864939371744795,-5.767158508300781,21.34635105133056,1.5304332468529294,0.11441647160531465,-0.09055904436314148,0.3351919578881491,0.03842812175745882,share,6,False,0.2527066529772331,12,7.158515637288773
decoder_io,RMSE MSLP,168,476.1066157023112,545.9682388305664,69.8616231282552,48.18762989044189,88.82577247619628,14.673524967764077,1.0970050188575076,0.7566682460213695,1.3947903562359731,0.36844207692943376,share,2,True,0.07814872085894206,12,10.260379793317961
decoder_heads,RMSE MSLP,168,476.1066157023112,470.58518473307294,-5.521430969238281,-25.085424168904623,13.282812627156567,-1.15970473569109,-0.08670049754512399,-0.3939049077479554,0.20857391317381704,-0.029119384904555342,share,9,False,-0.14946729677317855,12,16.21760986843517
encoder_io,RMSE T2M,168,2.2435035010178885,3.1732092102368674,0.9297057092189789,0.7588669528563817,1.0773906968533993,41.43990454203289,3.9648806882602208,3.236311121362022,4.59470725553985,0.5916597648064135,share,1,True,0.3105241434309479,12,6.3132833685673875
enc0_attn,RMSE T2M,168,2.2435035010178885,2.2488489151000977,0.0053454140822092695,-0.02499255190292994,0.030373553435007663,0.23826190062926264,0.022796384764712505,-0.10658478850636846,0.12953294171923474,0.0034017930699056366,share,12,False,-0.041268621566088806,12,13.033080735506987
enc0_mlp,RMSE T2M,168,2.2435035010178885,2.247608999411265,0.004105498393376668,-0.035242105027039845,0.04209507579604784,0.18299496263384404,0.01750856333802346,-0.15029566910235803,0.17952127371016172,0.002612717325226426,share,13,False,-0.24752224614875035,12,19.894630608235012
enc1_attn,RMSE T2M,168,2.2435035010178885,2.2563354472319284,0.012831946214040121,-0.05951125472784042,0.08055076003074646,0.5719601600005618,0.05472391449503097,-0.25379539166514187,0.3435217722163798,0.008166182270070694,share,8,False,0.5350608880577711,12,3.634558985061428
enc1_mlp,RMSE T2M,168,2.2435035010178885,2.357983946800232,0.11448044578234355,0.06853484412034352,0.16980213498075802,5.102753159529424,0.4882204165952102,0.292277951217434,0.7241487269946296,0.07285474635131138,share,4,True,-0.3526916149449611,12,25.076609162044676
enc2_attn,RMSE T2M,168,2.2435035010178885,2.2443104088306427,0.0008069078127543131,-0.006569419552882512,0.007573627183834709,0.03596641647263822,0.003441189155096737,-0.028016354487254178,0.03229896069638537,0.0005135118371121309,share,16,False,-0.09280569009427432,12,14.455192385955382
enc2_mlp,RMSE T2M,168,2.2435035010178885,2.2504526575406394,0.0069491565227508545,0.001659002403418223,0.015083022415637965,0.3097457400711872,0.02963580434490243,0.0070750846486852224,0.06432399382230038,0.004422406222833371,share,11,True,-0.436662007327328,12,30.6031979241017
downsample,RMSE T2M,168,2.2435035010178885,2.4820515712102256,0.23854807019233704,0.14465261325240136,0.3417193094889323,10.6328369928599,1.0173269103853246,0.6168945152252838,1.4573173828699848,0.15181072215162508,share,3,True,0.16284928815889027,12,8.63896004786535
dec0_attn,RMSE T2M,168,2.2435035010178885,2.245991458495458,0.00248795747756958,-0.022833821674187977,0.024590809891621268,0.1108960817953162,0.010610297923538736,-0.0973785335482346,0.10487149458281206,0.0015833228960848097,share,14,False,0.31415063127887427,12,6.262746620335482
dec0_mlp,RMSE T2M,168,2.2435035010178885,2.2573299606641135,0.013826459646224976,0.001775605728228887,0.026943068454662954,0.6162887483773412,0.05896517822223519,0.007572358426983429,0.1149030824905959,0.008799085324820806,share,7,True,-0.3023335317727295,12,22.40039201107456
dec1_attn,RMSE T2M,168,2.2435035010178885,2.235661635796229,-0.007841865221659342,-0.037322518726189934,0.024134346097707746,-0.349536571621192,-0.033442905286035295,-0.15916793052611716,0.1029248307477603,-0.004990521287202014,share,9,False,0.3196665081757375,12,6.186412893949087
dec1_mlp,RMSE T2M,168,2.2435035010178885,2.2441361347834268,0.0006326337655385336,-0.0218105415503184,0.030639897038539237,0.02819847462914609,0.002697969233546223,-0.09301458960169334,0.13066880718678264,0.0004026047610717238,share,17,False,0.4470792065687744,12,4.585132238135969
dec2_attn,RMSE T2M,168,2.2435035010178885,2.2412582635879517,-0.002245237429936727,-0.01765890916188558,0.006674503535032272,-0.10007728665981808,-0.00957517893914361,-0.075309280364127,0.028464502161662974,-0.0014288571496962063,share,15,False,-0.05094431501974066,12,13.288294859641674
dec2_mlp,RMSE T2M,168,2.2435035010178885,2.250621775786082,0.0071182747681935625,-0.01678568124771118,0.028118817259867982,0.3172838716304194,0.030357036514113853,-0.07158525838703453,0.11991725384156955,0.004530032174068159,share,10,False,-0.049035490728212006,12,13.23753490903491
upsample,RMSE T2M,168,2.2435035010178885,2.2779975533485413,0.03449405233065287,0.00971937229235967,0.06696809182564416,1.5375082907159605,0.14710547713053793,0.04144983850466136,0.28559628210973387,0.02195183130188481,share,6,True,-0.11123045093268527,12,15.00362543382127
decoder_io,RMSE T2M,168,2.2435035010178885,2.636066973209381,0.39256347219149273,0.2685655534267426,0.5004593635598819,17.497787367542987,1.6741505557882126,1.1453413330204738,2.1342900728279943,0.2498253042067758,share,2,True,0.27245161226906633,12,6.861228017309532
decoder_heads,RMSE T2M,168,2.2435035010178885,2.3433353304862976,0.09983182946840923,0.04646659741799037,0.15623625119527182,4.4498183053030695,0.42574901800431275,0.19816433622476384,0.6662948167659382,0.06353244489925007,share,5,True,-0.02378188829038747,12,12.584669872565406
encoder_io,|RQE| Z500,168,0.01216565592524906,0.03072151495143771,0.018555859026188653,0.016437011736949596,0.0206356563915809,152.52658089464066,3.942108044349245,3.4919685529967657,4.383951556587501,1.21852798257742,share,1,True,-0.23406046721453408,12,19.334066166711654
enc0_attn,|RQE| Z500,168,0.01216565592524906,0.011025173938833177,-0.0011404819864158828,-0.0015256498348511134,-0.0005316284174720448,-9.37460333765386,-0.2422902225512817,-0.3241173840746728,-0.11294204478291231,-0.07489328368532441,share,6,True,-0.13988679930316866,12,15.903303868090973
enc0_mlp,|RQE| Z500,168,0.01216565592524906,0.013454270859559378,0.001288614934310317,0.0005382937233662233,0.002140415340545586,10.592235570594077,0.2737603951099143,0.11435805877323235,0.45472152597757615,0.08462089273302724,share,5,True,0.19093376799310113,12,8.152254176521955
enc1_attn,|RQE| Z500,168,0.01216565592524906,0.0117236880857187,-0.00044196783953035873,-0.002414799518495177,0.0015083037821265548,-3.632914182728792,-0.09389406187540682,-0.5130131994382688,0.32043229388905103,-0.029023187722376567,share,8,False,-0.15866969221232605,12,16.526251554052973
enc1_mlp,|RQE| Z500,168,0.01216565592524906,0.00692537003972878,-0.005240285885520279,-0.007900402374798433,-0.0028642760201667747,-43.07442128660233,-1.1132749561658195,-1.6784046328080864,-0.6085024425115659,-0.34411961091102955,share,2,True,0.48159814099940906,12,4.198724428616554
enc2_attn,|RQE| Z500,168,0.01216565592524906,0.012509627578159174,0.00034397165291011333,0.00025004109872194625,0.00045601295617719493,2.827399155652772,0.07307521673080845,0.05312009674672373,0.09687788317083562,0.022587964464099053,share,10,True,-0.5849696192103869,12,45.82709196936131
enc2_mlp,|RQE| Z500,168,0.01216565592524906,0.012257222241411606,9.156631616254647e-05,-0.000199795721952493,0.00037150274535330616,0.7526623860247953,0.019452848344361576,-0.042445694463613466,0.07892407238534105,0.006012985890231326,share,14,False,0.3012892814489486,12,6.443247279556996
downsample,|RQE| Z500,168,0.01216565592524906,0.014791207310433188,0.0026255513851841292,0.001861871267707708,0.0032363803775903458,21.58166728795084,0.5577864771325856,0.3955461017253075,0.6875543246511426,0.17241496758659633,share,3,True,0.44364601238533163,12,4.624574025833991
dec0_attn,|RQE| Z500,168,0.01216565592524906,0.01228944348016133,0.00012378755491226912,-0.00017360262863803656,0.00041889473989916337,1.0175164879959802,0.026298104298015417,-0.03688109065219306,0.08899228656358557,0.008128893377695644,share,13,False,-0.45411249181765323,12,31.965102040736024
dec0_mlp,|RQE| Z500,168,0.01216565592524906,0.012400824770641824,0.00023516884539276361,1.4625945671771968e-06,0.00038228812045417723,1.9330552075263392,0.04996055401664443,0.0003107215785996946,0.08121537638190955,0.015443090957797842,share,11,True,-0.6033511952975539,12,48.50692631736044
dec1_attn,|RQE| Z500,168,0.01216565592524906,0.012353479241331419,0.00018782331608235836,-3.82071981827418e-05,0.0004943528416333714,1.5438815402673256,0.03990221116681425,-0.00811694587114832,0.10502301785109545,0.012334000064552462,share,12,False,-0.3657555576482039,12,25.840300044265785
dec1_mlp,|RQE| Z500,168,0.01216565592524906,0.012244887145546576,7.923122029751539e-05,-0.00023038405536984405,0.0004969575287153324,0.6512696132814009,0.016832313204019657,-0.048944047089465675,0.10557637180168969,0.005202963597105365,share,15,False,-0.38881071412459844,12,27.26770405607649
dec2_attn,|RQE| Z500,168,0.01216565592524906,0.012109643003592888,-5.601292165617148e-05,-0.0003397271852008998,0.00020831576160465663,-0.46041842708965774,-0.011899691021399804,-0.07217349882721497,0.04425573822410799,-0.003678262069550808,share,17,False,-0.06900762423644924,12,13.778943657101884
dec2_mlp,|RQE| Z500,168,0.01216565592524906,0.011806454470691582,-0.00035920145455747843,-0.0008053083127985398,7.531359830560766e-05,-2.952586007401197,-0.0763107189785453,-0.17108409659633542,0.01600003218985466,-0.023588076582337636,share,9,False,-0.1499470930659961,12,16.23353676486316
upsample,|RQE| Z500,168,0.01216565592524906,0.012095226518188914,-7.042940706014633e-05,-0.000526395786437206,0.0004922532233952848,-0.5789199324137919,-0.014962407924025778,-0.11183039606503635,0.10457696348439964,-0.004624965256418601,share,16,False,-0.14264977833763715,12,15.993227730745899
decoder_io,|RQE| Z500,168,0.01216565592524906,0.014207818661816418,0.002042162736567358,0.0006486482180965443,0.003855853376444429,16.78629371992164,0.4338482061288863,0.13780237039429608,0.8191585521133848,0.13410494421046087,share,4,True,0.05757464708273072,12,10.693433571051326
decoder_heads,|RQE| Z500,168,0.01216565592524906,0.012845604564063251,0.000679948638814191,-0.00010258079467651743,0.0014824408775893966,5.589083260221094,0.1444520027356717,-0.021792824321380803,0.3149378371849838,0.04465093434592121,share,7,False,0.1351183468916795,12,9.143169842791941
encoder_io,|RQE| T850,168,0.00897901524634411,0.02537763142026961,0.0163986161739255,0.012761340975218142,0.01834436831995845,182.63267990999736,2.0542956946293844,1.5986451262132746,2.29804493627375,0.4273224897726791,share,1,True,-0.19751995714323414,12,17.90728581182142
enc0_attn,|RQE| T850,168,0.00897901524634411,0.00915069441543892,0.00017167916909481087,-0.00027555838169064374,0.0007499196552089413,1.9120044279322461,0.021506679233690217,-0.034519888210214886,0.09394431229284038,0.0044736927312408635,share,15,False,-0.019290296818195263,12,12.472073562782787
enc0_mlp,|RQE| T850,168,0.00897901524634411,0.01145951182115823,0.002480496574814121,0.0018789497640682384,0.003503277623288643,27.625485721544777,0.3107380147287014,0.23538074004608478,0.43886435674105784,0.06463789145254667,share,5,True,0.09156300688003141,12,9.98682059462439
enc1_attn,|RQE| T850,168,0.00897901524634411,0.0080733988143038,-0.000905616432040309,-0.0024522263348141374,0.00073564795675338,-10.085921531417815,-0.11344883724299572,-0.3071965310021387,0.09215646090456742,-0.023598958864214783,share,10,False,0.0260380308612329,12,11.39094583058968
enc1_mlp,|RQE| T850,168,0.00897901524634411,0.010464697164328149,0.0014856819179840386,-0.0003431711845526782,0.002987578237662089,16.546156535249764,0.18611509259886178,-0.042989913262825995,0.3742614038833565,0.0387145652700044,share,7,False,-0.007751791568436239,12,12.187496430894589
enc2_attn,|RQE| T850,168,0.00897901524634411,0.00887801389520367,-0.00010100135114043951,-0.0002728701801970601,6.409264945735531e-05,-1.1248600026775002,-0.01265269206858248,-0.03418313048041657,0.008029046624494373,-0.00263193847468445,share,17,False,0.31964057671106827,12,6.18677026422986
enc2_mlp,|RQE| T850,168,0.00897901524634411,0.008596096750504026,-0.0003829184958400826,-0.0005765034050758308,-0.00018813587715461243,-4.264593447438364,-0.047969158437223096,-0.07222002456948533,-0.023568252244270067,-0.009978261780562409,share,13,True,-0.12368710474394715,12,15.387477840306525
downsample,|RQE| T850,168,0.00897901524634411,0.01239591685589403,0.0034169016095499196,0.0019499100725321721,0.004363249305364055,38.054302346141384,0.4280438172967084,0.2442701155044127,0.5465951619049555,0.08903915352460032,share,3,True,-0.2802963515900792,12,21.347058963817208
dec0_attn,|RQE| T850,168,0.00897901524634411,0.009366953532056263,0.0003879382857121527,7.254253190088396e-05,0.0007528838483267464,4.320499242610212,0.04859800007927181,0.009087584548655691,0.09431564418422518,0.010109069714812338,share,12,True,-0.01502171958106153,12,12.366019512422284
dec0_mlp,|RQE| T850,168,0.00897901524634411,0.009442504301356772,0.0004634890550126632,0.00022154226559602345,0.0007930487355527777,5.161914110808277,0.05806243405674101,0.027753154142115977,0.09934720014166665,0.012077805521500052,share,11,True,0.265855396428528,12,6.959511542719149
dec1_attn,|RQE| T850,168,0.00897901524634411,0.009946916970269134,0.0009679017239250243,0.0007111421437002718,0.0013282991489783548,10.779597732826153,0.1212514716604629,0.08908655636418071,0.1663993591889107,0.025222016915095624,share,9,True,-0.17997965505335253,12,17.267566527951818
dec1_mlp,|RQE| T850,168,0.00897901524634411,0.009268046511958042,0.0002890312656139334,1.5655076034211864e-05,0.00036291799818476014,3.218963969702749,0.03620767010255916,0.001961150560210874,0.045463646033737246,0.007531706257060887,share,14,True,-0.8106576717053934,12,114.75454144969251
dec2_attn,|RQE| T850,168,0.00897901524634411,0.008870405824078867,-0.00010860942226524155,-0.0005741597463687261,0.0002665924238196263,-1.2095916900181554,-0.013605774181752866,-0.07192642857695633,0.03339670022549054,-0.002830193001830919,share,16,False,0.4827059402112171,12,4.18662160116598
dec2_mlp,|RQE| T850,168,0.00897901524634411,0.009963872376829386,0.0009848571304852765,0.0006586609272441516,0.0013276569622879227,10.968431431122363,0.12337551788046044,0.08251210301572402,0.1663189108547762,0.025663848498296865,share,8,True,-0.30372996931320534,12,22.469385356607425
upsample,|RQE| T850,168,0.00897901524634411,0.010938229116921624,0.001959213870577514,0.0011142631352413445,0.0030579319281969206,21.819919187410072,0.24543562557340481,0.13958653200568122,0.383074786795312,0.0510540731176793,share,6,True,0.12514776199187946,12,9.330531696132205
decoder_io,|RQE| T850,168,0.00897901524634411,0.019691020327930648,0.01071200508158654,0.007242203884137173,0.013430654991922586,119.30044428811982,1.3419196892321439,0.9072490081490696,1.6824917684108827,0.2791382293098329,share,2,True,0.39981499567128015,12,5.14512280138192
decoder_heads,|RQE| T850,168,0.00897901524634411,0.011967348439308504,0.002988333192964395,0.0024749808944761753,0.0036702891423677406,33.28130213590096,0.3743559790237656,0.3100470516467549,0.4597863077739281,0.07787132564992534,share,4,True,-0.14878027446756661,12,16.194835340532233
encoder_io,|RQE| Q700,168,0.22584544029086828,0.3080645129084587,0.08221907261759043,0.05431103916683545,0.11489865276962517,36.40501774651717,0.8815779196447923,0.5823394912897865,1.2319783239316724,0.2594387025752811,share,2,True,0.11682594210933722,12,9.489472168484426
enc0_attn,|RQE| Q700,168,0.22584544029086828,0.2648706777642171,0.039025237473348774,0.03108218683240314,0.04451135869603604,17.27962159567527,0.4184404733609006,0.33327266695365654,0.4772643347891436,0.1231424370944768,share,5,True,0.23875152853252574,12,7.3743454173020115
enc0_mlp,|RQE| Q700,168,0.22584544029086828,0.2811883104344209,0.055342870143552624,0.04562690090388059,0.06656433657432595,24.50475425683869,0.593403097055692,0.48922551785236823,0.7137230753339261,0.17463201626727792,share,4,True,0.4135918034173731,12,4.978027137664315
enc1_attn,|RQE| Q700,168,0.22584544029086828,0.1969642344241341,-0.028881205866734188,-0.042313264682888985,-0.01854051672853531,-12.788040276366809,-0.30967307918018544,-0.45369570179924446,-0.19879706309390677,-0.0911333871852994,share,7,True,-0.28955539314467815,12,21.781662593277268
enc1_mlp,|RQE| Q700,168,0.22584544029086828,0.22313169141610464,-0.0027137488747636476,-0.01640977782662958,0.017265637094775837,-1.2015956006322672,-0.02909764135360355,-0.1759506321059902,0.18512741565632748,-0.008563116376396356,share,14,False,-0.020315545849762508,12,12.497683818834517
enc2_attn,|RQE| Q700,168,0.22584544029086828,0.22241614976276955,-0.003429290528098742,-0.005231681372970343,-0.0009687327469388645,-1.5184236279829821,-0.03676989673284252,-0.05609567992184892,-0.010387047342533958,-0.010820976897923471,share,13,True,-0.15123680499272915,12,16.276438164586537
enc2_mlp,|RQE| Q700,168,0.22584544029086828,0.22377603904654583,-0.0020694012443224588,-0.005803199826429287,0.002053885596493879,-0.9162909118985352,-0.022188749955443163,-0.06222367471914308,0.022022386457301077,-0.006529905493239865,share,17,False,0.05214217149307847,12,10.81060549634844
downsample,|RQE| Q700,168,0.22584544029086828,0.32375499481956166,0.09790955452869336,0.07383444005002578,0.1217241409079482,43.35246016151347,1.0498160420297313,0.7916753374266831,1.305163285060213,0.30894933484342657,share,1,True,0.03039039994663067,12,11.292142474583505
dec0_attn,|RQE| Q700,168,0.22584544029086828,0.22364374063909054,-0.0022016996517777443,-0.006174638657830655,0.0012134218433250982,-0.9748700921046519,-0.023607293744658767,-0.06620635491532001,0.013010678304114388,-0.006947367355679211,share,16,False,0.23956517155256624,12,7.361628215110135
dec0_mlp,|RQE| Q700,168,0.22584544029086828,0.22852549391488233,0.0026800536240140596,-0.002031983497242133,0.0076906843964631355,1.1866759942385356,0.028736350620054505,-0.02178754548330939,0.08246185872726684,0.00845679248025998,share,15,False,0.26292794484127097,12,7.003459459451903
dec1_attn,|RQE| Q700,168,0.22584544029086828,0.219758748387297,-0.006086691903571288,-0.010212701365041236,0.00022364935527245203,-2.695069643970755,-0.06526336304991558,-0.1095036922299263,0.002398036453999176,-0.0192062911945343,share,12,False,-0.3060026835032414,12,22.582266284760333
dec1_mlp,|RQE| Q700,168,0.22584544029086828,0.2431014577547709,0.017256017463902634,0.005416088838440677,0.025874437616827586,7.640631328079265,0.18502427104640964,0.058072952890280874,0.2774335949070489,0.05445061151776459,share,9,True,0.18820160397665348,12,8.19859249446996
dec2_attn,|RQE| Q700,168,0.22584544029086828,0.19471916742622852,-0.03112627286463976,-0.0368502751380826,-0.02556304191239179,-13.782112591935425,-0.3337453708087014,-0.395119865261272,-0.2740947153920773,-0.09821759831281081,share,6,True,0.25619725139520017,12,7.105279822372091
dec2_mlp,|RQE| Q700,168,0.22584544029086828,0.21897959367682537,-0.006865846614042918,-0.010513408730427424,-0.003010464770098531,-3.0400643046856892,-0.07361769698814664,-0.11272796812065564,-0.032279119487655196,-0.021664879947175263,share,11,True,0.12064754069426546,12,9.416189415925974
upsample,|RQE| Q700,168,0.22584544029086828,0.21640262069801489,-0.009442819592853388,-0.017406827358839413,-0.00252833474272243,-4.181098179663003,-0.10124878555815485,-0.18664130063829742,-0.027109574599823716,-0.029796405941195158,share,10,True,-0.008776597754663076,12,12.212503403001556
decoder_io,|RQE| Q700,168,0.22584544029086828,0.24973970962067446,0.023894269329806168,0.0036442648076141873,0.04450790511909871,10.579921073027878,0.25620162787747364,0.03907491638435119,0.4772273044861395,0.07539732615012461,share,8,True,-0.24112906173726337,12,19.62593109039407
decoder_heads,|RQE| Q700,168,0.22584544029086828,0.2939291074872017,0.06808366719633341,0.055234701458054286,0.07723984265855204,30.146133173487083,0.7300138006651602,0.5922432794890812,0.8281891006156786,0.214835046439151,share,3,True,-0.34821337336417124,12,24.821866266074014
encoder_io,Vag/Vg 850hPa,168,0.35530707736810047,0.35452549407879513,-0.000781583289305369,-0.005450487385193507,0.0037402479598919523,-0.21997402784511483,-0.1064904773525657,-0.7426271920031018,0.5096076081921393,-0.0018778759463777797,share,12,False,-0.21486861437645946,12,18.56813221259717
enc0_attn,Vag/Vg 850hPa,168,0.35530707736810047,0.3568855623404185,0.0015784849723180134,0.0011221351101994514,0.0027737443645795183,0.4442593668582325,0.21506808102996886,0.15289055584263578,0.3779217973052854,0.003792556726576409,share,8,True,-0.42518049677596437,12,29.752236772394294
enc0_mlp,Vag/Vg 850hPa,168,0.35530707736810047,0.35763242095708847,0.002325343588987986,0.0013771106799443562,0.0032850146914521834,0.6544602506127157,0.31682733265719776,0.1876308970281658,0.44758221854236263,0.005587001222486757,share,7,True,0.17448376082190487,12,8.434509867726716
enc1_attn,Vag/Vg 850hPa,168,0.35530707736810047,0.3511051858464877,-0.004201891521612803,-0.005068897393842538,-0.00306962529818217,-1.1826084503404406,-0.572506398285366,-0.6906356756951713,-0.418235481451312,-0.010095700772643436,share,4,True,-0.5064457102510896,12,36.626869421416046
enc1_mlp,Vag/Vg 850hPa,168,0.35530707736810047,0.3582969655593236,0.0029898881912231445,0.0014916962012648583,0.005254636829098065,0.8414941276628725,0.4073713257062144,0.20324313826986073,0.7159426153319387,0.0071836734401613325,share,6,True,-0.42215436098581177,12,29.533583330219983
enc2_attn,Vag/Vg 850hPa,168,0.35530707736810047,0.355055791636308,-0.00025128573179244995,-0.0005728763217727343,0.0001559388513366381,-0.07072353684982083,-0.034237601924996745,-0.0780542186665472,0.021246619450382476,-0.0006037532248423141,share,14,False,-0.3023377292414414,12,22.4005989802274
enc2_mlp,Vag/Vg 850hPa,168,0.35530707736810047,0.354938176771005,-0.0003689005970954895,-0.001111005370815595,9.945034980773912e-05,-0.10382585109986595,-0.050262590331555244,-0.151374132351993,0.013550078883234676,-0.0008863413117566785,share,13,False,-0.0721719465866701,12,13.866861765720348
downsample,Vag/Vg 850hPa,168,0.35530707736810047,0.3590200717250506,0.0037129943569501242,0.001172514632344246,0.005713465499381224,1.045009962777476,0.5058943133628295,0.1597547498900308,0.7784578773520895,0.008921048962228846,share,5,True,0.0005818159718791643,12,11.986044536186641
dec0_attn,Vag/Vg 850hPa,168,0.35530707736810047,0.3551398093501727,-0.00016726801792780557,-0.0011373950789372127,0.00041995694239934284,-0.04707702958433187,-0.022790214835299666,-0.15496972178375218,0.05721900132150477,-0.00040188754258561085,share,15,False,0.26180735159299323,12,7.020336162807049
dec0_mlp,Vag/Vg 850hPa,168,0.35530707736810047,0.3552706241607666,-3.645320733388265e-05,-0.0008819783727327982,0.0009294127424558004,-0.01025963445589261,-0.00496673803436517,-0.12016927589435554,0.12663219385055946,-8.758452510091308e-05,share,17,False,-0.06672525342227424,12,13.715899940512546
dec1_attn,Vag/Vg 850hPa,168,0.35530707736810047,0.3554280772805214,0.00012099991242090861,-0.00046713178356488547,0.00044136587530374516,0.034055024548681284,0.016486200011739026,-0.06364655859337899,0.06013596169641896,0.0002907211914049316,share,16,False,-0.14596206536070055,12,16.101796216038498
dec1_mlp,Vag/Vg 850hPa,168,0.35530707736810047,0.35668668150901794,0.0013796041409174602,9.216020504633587e-05,0.0025760714585582405,0.38828501563682094,0.1879706303015343,0.012556798952312532,0.35098892602987325,0.0033147144612758837,share,10,True,-0.08706865613495017,12,14.288942932326021
dec2_attn,Vag/Vg 850hPa,168,0.35530707736810047,0.35669659823179245,0.0013895208636919658,0.0010117504745721817,0.001832224739094575,0.39107604441338306,0.18932178066065816,0.13785068395542574,0.24964004444973373,0.003338540936867105,share,9,True,-0.11021167609352216,12,14.97270727787449
dec2_mlp,Vag/Vg 850hPa,168,0.35530707736810047,0.3564003010590871,0.0010932236909866333,0.0003607661152879397,0.0018715990086396535,0.3076841866152996,0.14895138406780242,0.049154269743647575,0.25500477629167284,0.002626640693839142,share,11,True,-0.30451774417172955,12,22.508428933844886
upsample,Vag/Vg 850hPa,168,0.35530707736810047,0.3940883403023084,0.038781262934207916,0.037114907056093216,0.040111170460780464,10.914857993112891,5.283934877714119,5.056894413405577,5.465134359941211,0.0931780423542903,share,3,True,0.012917427292535652,12,11.693935313316194
decoder_io,Vag/Vg 850hPa,168,0.35530707736810047,0.43824412922064465,0.08293705185254414,0.07950226720422507,0.08701062158991893,23.34235852178672,11.30014723042678,10.832158902365363,11.855169825968124,0.19926922295869182,share,2,True,-0.2022585601446055,12,18.084935796177827
decoder_heads,Vag/Vg 850hPa,168,0.35530707736810047,0.7147916605075201,0.35948458313941956,0.35143106803297997,0.3682864371687174,101.17574516169606,48.97966139146561,47.88237249111941,50.17891123469162,0.8637178673192006,share,1,True,0.007429833879939291,12,11.822999074355591
encoder_io,|Vag| 850hPa,168,3.8105133771896362,3.490211546421051,-0.3203018307685852,-0.3806214317679405,-0.2535831381877264,-8.405739570052816,-2.383360693420181,-2.832197859663291,-1.8869079911922935,-0.04217757189190483,share,4,True,0.06825668561062706,12,10.466510458842896
enc0_attn,|Vag| 850hPa,168,3.8105133771896362,3.815662602583567,0.005149225393931071,-0.007144605120023091,0.029482585688432053,0.13513206448126353,0.038315302088682376,-0.05316289005345801,0.21937943876745733,0.0006780536462092887,share,13,False,0.08306651131428498,12,10.159303929429374
enc0_mlp,|Vag| 850hPa,168,3.8105133771896362,3.8075687885284424,-0.0029445886611938477,-0.02199804037809372,0.015554064512252807,-0.07727537918697892,-0.021910636153842703,-0.1636870593078133,0.11573754009607412,-0.00038774552006641934,share,17,False,-0.0657925682854485,12,13.690225944737762
enc1_attn,|Vag| 850hPa,168,3.8105133771896362,3.697702169418335,-0.11281120777130127,-0.1450876792271932,-0.0795094057917595,-2.9605251735004483,-0.8394263552418855,-1.0795950523913247,-0.5916281904057737,-0.014855059724664367,share,6,True,0.3286034409717793,12,6.064080868589126
enc1_mlp,|Vag| 850hPa,168,3.8105133771896362,3.970944424470266,0.16043104728062949,0.10628686348597209,0.22208283046881358,4.210221337654824,1.1937648035772288,0.7908788159328493,1.6525147157378703,0.021125673912432696,share,5,True,0.484313102968187,12,4.169095288593155
enc2_attn,|Vag| 850hPa,168,3.8105133771896362,3.806998868783315,-0.0035145084063212075,-0.0078124513228734335,0.002735485633214305,-0.09223188737138771,-0.026151399672681198,-0.05813232274544105,0.020354703936515953,-0.0004627929556837711,share,16,False,-0.3294847876391444,12,23.793371362145567
enc2_mlp,|Vag| 850hPa,168,3.8105133771896362,3.8054083983103433,-0.005104978879292806,-0.01597168892621994,0.001959721247355143,-0.13397089509912374,-0.037986064495638856,-0.11884507654216153,0.014582253806663892,-0.0006722272338293045,share,14,False,-0.023796370618676385,12,12.585034594893056
downsample,|Vag| 850hPa,168,3.8105133771896362,3.760259290536245,-0.05025408665339152,-0.09695353011290232,-0.010848846038182619,-1.3188271941051513,-0.37393983832693195,-0.7214296346822031,-0.08072608624910708,-0.006617493717095928,share,7,True,0.5114897872889806,12,3.878373907538323
dec0_attn,|Vag| 850hPa,168,3.8105133771896362,3.7953553795814514,-0.015157997608184814,-0.026407586534818013,-0.007515585422515888,-0.3977941056164006,-0.11279041272919284,-0.1964984202686307,-0.055923348427588476,-0.0019960158589241534,share,12,True,0.05207204104883405,12,10.812126036610445
dec0_mlp,|Vag| 850hPa,168,3.8105133771896362,3.7905970017115274,-0.019916375478108723,-0.03130140602588653,-0.007335660854975385,-0.5226690869878963,-0.14819742477281364,-0.23291325120393436,-0.054584532658013676,-0.0026226024264001477,share,11,True,0.284349182033828,12,6.686507015167681
dec1_attn,|Vag| 850hPa,168,3.8105133771896362,3.7851005593935647,-0.02541281779607137,-0.03451610306898753,-0.018996789058049524,-0.666913228758012,-0.18909636232446347,-0.25683375941769027,-0.14135479723455407,-0.003346377843041678,share,8,True,-0.5738835886582168,12,44.32263710385439
dec1_mlp,|Vag| 850hPa,168,3.8105133771896362,3.8058356444040933,-0.004677732785542806,-0.01734725882609685,0.007363296548525482,-0.12275859766152478,-0.0348069332873731,-0.12908066970924284,0.05479016940253262,-0.0006159671656572449,share,15,False,0.22670387122297644,12,7.564624000145142
dec2_attn,|Vag| 850hPa,168,3.8105133771896362,3.83420729637146,0.02369391918182373,0.014653735359509786,0.035277241965134924,0.6218038578124263,0.17630606579902117,0.10903820556951521,0.2624973815173765,0.00312003205630871,share,9,True,0.19947343572231785,12,8.008779923956634
dec2_mlp,|Vag| 850hPa,168,3.8105133771896362,3.8340832392374673,0.02356986204783122,0.010404419402281444,0.03667623450358708,0.6185482037387486,0.1753829586903711,0.07741911490718832,0.2729072621556923,0.003103696125055625,share,10,True,-0.08181392020110016,12,14.138492543098076
upsample,|Vag| 850hPa,168,3.8105133771896362,4.343243042627971,0.5327296654383341,0.5142851755023004,0.5560732136170069,13.980522116188911,3.964032743047119,3.826787594562509,4.13773170393194,0.07015021958837801,share,3,True,-0.14225324800190786,12,15.980286656979823
decoder_io,|Vag| 850hPa,168,3.8105133771896362,4.8097357749938965,0.9992223978042603,0.9668696567416192,1.0479631458719572,26.222776274340642,7.435197548503406,7.1944613304553435,7.797876659121333,0.13157831292522296,share,2,True,-0.07154685626255443,12,13.849446643466681
decoder_heads,|Vag| 850hPa,168,3.8105133771896362,11.087050676345825,7.276537299156189,7.076358139514923,7.5515067100524895,190.95950017430056,54.1445952444292,52.65506538571423,56.19063814168828,0.9581795843091016,share,1,True,-0.056727938539340834,12,13.443348722568906
encoder_io,Vag/Vg 500hPa,168,0.2399135691424211,0.23094958811998367,-0.008963981022437414,-0.012234579337139924,-0.006014149636030197,-3.736337654630981,-1.8172678140748961,-2.4803161890323375,-1.219248516393681,-0.016939244990764567,share,4,True,-0.017642449892281604,12,12.43102310087435
enc0_attn,Vag/Vg 500hPa,168,0.2399135691424211,0.24032781894008318,0.0004142497976620992,-0.00033758416151007017,0.0011319877890249082,0.17266626441465927,0.08398085877179544,-0.06843843485591172,0.22948787706842028,0.0007828083072028772,share,14,False,-0.43273075392027577,12,30.30795193968092
enc0_mlp,Vag/Vg 500hPa,168,0.2399135691424211,0.24165877575675646,0.001745206614335378,0.00078111682087183,0.002557177127649386,0.7274313914688844,0.35380572551456957,0.15835580798863674,0.5184165023702969,0.0032979188962730917,share,9,True,0.02097369124933576,12,11.506972026509223
enc1_attn,Vag/Vg 500hPa,168,0.2399135691424211,0.23368855069080988,-0.006225018451611201,-0.0074454868522783125,-0.004877968380848567,-2.594692110939258,-1.2619979499978204,-1.5094235008860046,-0.9889104979587241,-0.011763424349062232,share,5,True,0.10661810670312745,12,9.687698633001386
enc1_mlp,Vag/Vg 500hPa,168,0.2399135691424211,0.24546959747870764,0.005556028336286545,0.0027650839338699976,0.00809469042966763,2.315845809033124,1.1263735882917112,0.5605654478361686,1.641036537885841,0.01049923297789366,share,6,True,0.17847281858006037,12,8.365340312997251
enc2_attn,Vag/Vg 500hPa,168,0.2399135691424211,0.23926577965418497,-0.0006477894882361094,-0.0008469511133929093,-0.00043754748379190773,-0.27000952491001406,-0.13132635871505152,-0.17170239368103013,-0.08870399852857819,-0.0012241285223838804,share,13,True,-0.03603318951745778,12,12.897122742209442
enc2_mlp,Vag/Vg 500hPa,168,0.2399135691424211,0.23953942954540253,-0.00037413959701855976,-0.0007499574683606624,-2.2452138364315232e-05,-0.15594765996601775,-0.07584931805755925,-0.1520388726577583,-0.0045517218638122265,-0.0007070120160651602,share,16,True,-0.22030700977378814,12,18.78134637716429
downsample,Vag/Vg 500hPa,168,0.2399135691424211,0.24379754811525345,0.0038839789728323617,0.0028615113347768783,0.004903268720954657,1.6189075868929679,0.7873990317700058,0.5801141741916068,0.9940396357430256,0.007339559420653028,share,7,True,-0.47156185096597175,12,33.416857287596294
dec0_attn,Vag/Vg 500hPa,168,0.2399135691424211,0.2387473781903585,-0.0011661909520626068,-0.001514640636742115,-0.0007941345063348614,-0.4860879508529653,-0.23642188408744283,-0.30706308638445917,-0.16099488327745132,-0.002203752349938601,share,10,True,-0.12018012196928408,12,15.278310708003945
dec0_mlp,Vag/Vg 500hPa,168,0.2399135691424211,0.23903572683533034,-0.0008778423070907593,-0.0013679641609390576,-0.00025541804110010567,-0.3658993987829181,-0.17796496517743782,-0.27732736540383246,-0.05178089780237727,-0.001658859592166453,share,11,True,0.006174195035027274,12,11.852728601496786
dec1_attn,Vag/Vg 500hPa,168,0.2399135691424211,0.2390968898932139,-0.0008166792492071787,-0.0017562789221604665,-0.0001151802018284798,-0.34040561028974947,-0.1655653788525654,-0.35605041440756235,-0.02335048156367382,-0.0015432796930924845,share,12,True,0.23041649033046627,12,7.5055903335252445
dec1_mlp,Vag/Vg 500hPa,168,0.2399135691424211,0.2402621569732825,0.0003485878308614095,-0.00017786820729573567,0.0009410763469835121,0.1452972552188057,0.07066920867157002,-0.03605922050221508,0.19078440167149027,0.0006587268149029421,share,17,False,-0.19138008605854914,12,17.680199048050834
dec2_attn,Vag/Vg 500hPa,168,0.2399135691424211,0.24172433465719223,0.0018107655147711437,0.0015908020238081615,0.0020692003269990283,0.7547574408749719,0.3670964809713078,0.3225032838864383,0.41948896876469693,0.003421805623947646,share,8,True,-0.5395836089332023,12,40.1267280350105
dec2_mlp,Vag/Vg 500hPa,168,0.2399135691424211,0.24030388022462526,0.0003903110822041829,-0.00021742846195896466,0.0008305584701399002,0.1626882062566793,0.07912776314351629,-0.044079270671458316,0.16837911322151783,0.0007375712897559588,share,15,False,-0.10865325970709551,12,14.925548627813892
upsample,Vag/Vg 500hPa,168,0.2399135691424211,0.2720293601353963,0.032115790992975235,0.0304367966329058,0.03444553952043255,13.38640040568534,6.510834098042383,6.170451582402272,6.983144001782602,0.06068924625570801,share,3,True,0.5752046406395143,12,3.236115600990286
decoder_io,Vag/Vg 500hPa,168,0.2399135691424211,0.3779948204755783,0.1380812513331572,0.13408050627137222,0.14283549953252075,57.55458177156597,27.993211180036823,27.182140159816832,28.957039886411934,0.26093229549561076,share,2,True,0.2503392980013215,12,7.194789796948888
decoder_heads,Vag/Vg 500hPa,168,0.2399135691424211,0.7269638727108637,0.48705030356844264,0.47823510809491077,0.49498000961417954,203.01073645372367,98.7397048582404,96.95260033752241,100.3472941130506,0.9203795048562873,share,1,True,0.2580767445362501,12,7.076737650728004
encoder_io,|Vag| 500hPa,168,4.062072555224101,3.635879695415497,-0.42619285980860394,-0.4821753198901812,-0.3642333149909973,-10.492005103662933,-4.701311630891163,-5.318851283774165,-4.017839062095547,-0.025990191044128638,share,4,True,-0.20665375726829333,12,18.251608575546385
enc0_attn,|Vag| 500hPa,168,4.062072555224101,4.047598938147227,-0.01447361707687378,-0.030371872584025066,0.0003705238302548692,-0.3563111411749582,-0.15965772944936127,-0.3350305725331602,0.004087229414124486,-0.0008826334469715066,share,13,False,-0.32004853268039696,12,23.296636824108933
enc0_mlp,|Vag| 500hPa,168,4.062072555224101,4.063100636005402,0.0010280807813008626,-0.01219281256198883,0.013530520598093657,0.025309266816976986,0.011340706497983062,-0.13449829154035195,0.14925448044436238,6.269465876740863e-05,share,17,False,-0.32288710635689016,12,23.4446063947644
enc1_attn,|Vag| 500hPa,168,4.062072555224101,3.9211345911026,-0.14093796412150064,-0.1724067270755768,-0.11151543110609057,-3.4696072560359577,-1.5546794712987257,-1.901809785382811,-1.2301210149751125,-0.008594711357983198,share,6,True,0.14891584097830277,12,8.889258502662807
enc1_mlp,|Vag| 500hPa,168,4.062072555224101,4.24577009677887,0.1836975415547689,0.12456466158231098,0.2352204397320746,4.522261457849181,2.0263581822215055,1.3740664087097354,2.5947046359067403,0.01120228574802796,share,5,True,0.3154343588661609,12,6.244924072598201
enc2_attn,|Vag| 500hPa,168,4.062072555224101,4.047121187051137,-0.01495136817296346,-0.02016377200682958,-0.010090303917725882,-0.3680724056426562,-0.16492777734675235,-0.22242553735160395,-0.11130562625787492,-0.0009117677742441149,share,12,True,-0.06048036335106834,12,13.544969007356714
enc2_mlp,|Vag| 500hPa,168,4.062072555224101,4.054271479447682,-0.00780107577641805,-0.017864586412906648,-0.00013293027877807947,-0.19204668726030844,-0.08605326775677974,-0.19706333870017298,-0.0014663471039792707,-0.0004757269980306135,share,15,True,-0.2976174013311652,12,22.169411436850986
downsample,|Vag| 500hPa,168,4.062072555224101,4.0684207280476885,0.006348172823588054,-0.0282057523727417,0.03556700795888901,0.1562791589092586,0.0700263696201867,-0.31113621130949215,0.39233784505027924,0.0003871257358471312,share,16,False,0.06865150506928519,12,10.458210077048438
dec0_attn,|Vag| 500hPa,168,4.062072555224101,4.030146261056264,-0.03192629416783651,-0.038806848724683124,-0.02362688382466634,-0.7859607068509185,-0.352177317494028,-0.4280763627751032,-0.2606269466281089,-0.001946936617206015,share,8,True,-0.14670655260726764,12,16.12631466154209
dec0_mlp,|Vag| 500hPa,168,4.062072555224101,4.030878881613414,-0.031193673610687256,-0.041661329567432404,-0.016874107718467722,-0.7679250724010351,-0.34409581761178565,-0.45956399490530786,-0.18613741889849728,-0.0019022597818134277,share,9,True,0.0810718482466399,12,10.200189597874484
dec1_attn,|Vag| 500hPa,168,4.062072555224101,4.032787442207336,-0.029285113016764324,-0.04727502316236496,-0.01739241878191632,-0.7209401757017285,-0.32304258334948494,-0.5214883617329636,-0.19185488172062143,-0.0017858715005136686,share,10,True,0.20516762246292422,12,7.914242261962474
dec1_mlp,|Vag| 500hPa,168,4.062072555224101,4.052488327026367,-0.00958422819773356,-0.02785573601722717,0.004472487668196359,-0.23594428872048562,-0.10572313088340997,-0.30727519879998744,0.049335782638290825,-0.0005844676092919171,share,14,False,0.13427869040410645,12,9.158821198915042
dec2_attn,|Vag| 500hPa,168,4.062072555224101,4.098912795384725,0.036840240160624184,0.03272688388824463,0.04196108331282933,0.9069321057115323,0.4063828043241885,0.3610085817386164,0.4628705631342327,0.002246600002440663,share,7,True,-0.551155310794104,12,41.470611499182986
dec2_mlp,|Vag| 500hPa,168,4.062072555224101,4.080215136210124,0.01814258098602295,0.0036932980020840966,0.029119331638018282,0.44663360241289535,0.20012988261295278,0.040740581297731365,0.3212138574425471,0.001106375048310448,share,11,True,-0.09371161061772049,12,14.481636840077195
upsample,|Vag| 500hPa,168,4.062072555224101,4.680954257647197,0.6188817024230957,0.5839899336298308,0.6657910570502281,15.235614184861662,6.826852395073104,6.441963078711003,7.344307085902918,0.03774078638228539,share,3,True,0.503569392616047,12,3.962016863247404
decoder_io,|Vag| 500hPa,168,4.062072555224101,6.605896870295207,2.543824315071106,2.489739201962948,2.605310296515624,62.62380300912093,28.060795867763392,27.464185752268644,28.73904458321978,0.15512807971745146,share,2,True,0.02962514625073968,12,11.30945401575827
decoder_heads,|Vag| 500hPa,168,4.062072555224101,20.767936547597248,16.70586399237315,16.109282495081423,17.242231566210588,411.2645395978532,184.28153096394087,177.7006709907081,190.19817422832415,1.0187608420140932,share,1,True,0.21006471576411112,12,7.833649958832894
encoder_io,Vag/Vg 250hPa,168,0.27645789335171383,0.2505856901407242,-0.025872203210989635,-0.028858240911116204,-0.021250014503796894,-9.358460667308433,-3.908543855236699,-4.359648046447495,-3.2102644268512255,-0.055952419438879,share,4,True,-0.02245680884272926,12,12.551344858315106
enc0_attn,Vag/Vg 250hPa,168,0.27645789335171383,0.2763142262895902,-0.00014366706212361655,-0.0008044342199961345,0.000692354204754034,-0.051967068251092104,-0.021703950308516903,-0.12152681400447887,0.10459475563678368,-0.00031070101196784,share,17,False,-0.06495616746242791,12,13.667245924576084
enc0_mlp,Vag/Vg 250hPa,168,0.27645789335171383,0.27814294397830963,0.001685050626595815,-1.3008775810400637e-05,0.0036016521975398047,0.6095143843305166,0.25456255961789415,-0.0019652509043487964,0.5441057899318923,0.0036441681702232007,share,9,False,-0.03614940245913151,12,12.90012462640235
enc1_attn,Vag/Vg 250hPa,168,0.27645789335171383,0.2698665385444959,-0.0065913548072179156,-0.00797663057843844,-0.005325740762054921,-2.3842165355837013,-0.9957636432947226,-1.2050388665626197,-0.804565856272785,-0.014254767784417893,share,6,True,0.11485537707619355,12,9.527455931496798
enc1_mlp,Vag/Vg 250hPa,168,0.27645789335171383,0.28724101185798645,0.010783118506272634,0.007866094509760538,0.01414838563650846,3.900456006352545,1.62901826467097,1.1883400539995859,2.1374130873247363,0.023320069211029765,share,5,True,-0.29854165859259685,12,22.21443382061221
enc2_attn,Vag/Vg 250hPa,168,0.27645789335171383,0.27574199934800464,-0.0007158940037091573,-0.0009562088176608086,-0.0004662146170934041,-0.25895227480388355,-0.10815094046608624,-0.14445557914463922,-0.07043158489447615,-0.0015482253769674606,share,13,True,-0.4548590386839482,12,32.02531033819291
enc2_mlp,Vag/Vg 250hPa,168,0.27645789335171383,0.27602309236923855,-0.00043480098247528076,-0.0009588637699683508,9.775143116712568e-05,-0.1572756622007969,-0.06568589054614314,-0.1448566658801973,0.014767422492514035,-0.0009403206501392894,share,16,False,0.06723196353926016,12,10.488082085181208
downsample,Vag/Vg 250hPa,168,0.27645789335171383,0.27427297085523605,-0.0021849224964777627,-0.0032193886116147043,-0.0009822121510903046,-0.7903274057355534,-0.330078784869359,-0.48635678503795826,-0.14838393299462588,-0.004725214121402619,share,8,True,-0.3895400037197158,12,27.31461544775939
dec0_attn,Vag/Vg 250hPa,168,0.27645789335171383,0.2750520557165146,-0.001405837635199229,-0.001655058873196443,-0.0010452146952350935,-0.5085178137455825,-0.21238152799389126,-0.25003167052039754,-0.15790180067575152,-0.003040329282595342,share,11,True,-0.3392140090333706,12,24.320382586942635
dec0_mlp,Vag/Vg 250hPa,168,0.27645789335171383,0.27540446321169537,-0.0010534301400184631,-0.001321749451259772,-0.000568513385951519,-0.3810454197009574,-0.15914291748224121,-0.1996782281645604,-0.08588597898522858,-0.0022781965866298364,share,12,True,-0.44320735508941256,12,31.10401766146541
dec1_attn,Vag/Vg 250hPa,168,0.27645789335171383,0.2749866247177124,-0.001471268634001414,-0.0027183035388588907,-0.00040589353690544816,-0.5321854319889664,-0.2222662651469162,-0.41065727981612776,-0.061318809094627405,-0.0031818333771414754,share,10,True,-0.06414675427359741,12,13.64504649590799
dec1_mlp,Vag/Vg 250hPa,168,0.27645789335171383,0.27585887412230176,-0.0005990192294120789,-0.001553165540099144,0.0002866475532452265,-0.2166764790651131,-0.09049453226668772,-0.23463852608197303,0.043304179536567934,-0.0012954666018463405,share,14,False,-0.12652093210247148,12,15.476331010161699
dec2_attn,Vag/Vg 250hPa,168,0.27645789335171383,0.2789744958281517,0.0025166024764378867,0.001771126128733158,0.003178238434096177,0.9103022691546838,0.3801860655290716,0.2675660859206878,0.4801401798199836,0.005442520537360457,share,7,True,0.028899432176836885,12,11.325894882868514
dec2_mlp,Vag/Vg 250hPa,168,0.27645789335171383,0.27696608752012253,0.0005081941684087118,3.914038340250651e-06,0.0011832377562920244,0.18382335271656708,0.07677348457735064,0.0005912983281396529,0.17875310517330892,0.0010990441376526627,share,15,True,-0.3461153441144591,12,24.70372103700362
upsample,Vag/Vg 250hPa,168,0.27645789335171383,0.3040354574720065,0.027577564120292664,0.02503785037746032,0.030818765858809154,9.975321661446678,4.166174712905054,3.7824972014594462,4.65582683241531,0.059640511562840844,share,3,True,0.5479507902416282,12,3.504368841243143
decoder_io,Vag/Vg 250hPa,168,0.27645789335171383,0.37347695728143054,0.09701906392971675,0.0947955281784137,0.10021334178745747,35.093613263661695,14.656782921457504,14.320870787234504,15.13934619567792,0.2098179004815912,share,2,True,-0.08864265510939169,12,14.334346384052855
decoder_heads,Vag/Vg 250hPa,168,0.27645789335171383,0.7320415675640106,0.4555836742122968,0.4450364851703246,0.46937797144055365,164.793151206103,68.82555597863667,67.23217985276776,70.90947651795551,0.9852662574250466,share,1,True,0.5464017568999789,12,3.5198995945995404
encoder_io,|Vag| 250hPa,168,7.526920994122823,6.588498592376709,-0.9384224017461141,-1.0237467537323635,-0.8101368049780528,-12.467546855863825,-2.6087549709979947,-2.8459512772425373,-2.2521291192989996,-0.03746103029906628,share,3,True,-0.18202128083560107,12,17.34061661716218
enc0_attn,|Vag| 250hPa,168,7.526920994122823,7.472750902175903,-0.05417009194691976,-0.07148708502451578,-0.0348562111457189,-0.7196846092740565,-0.1505894322034502,-0.19872957857022308,-0.09689806416316875,-0.0021624243538420733,share,9,True,-0.4082606245618365,12,28.558396138889343
enc0_mlp,|Vag| 250hPa,168,7.526920994122823,7.498393654823303,-0.028527339299519856,-0.07836426695187887,0.025828979412714625,-0.3790041017010089,-0.0793042003989831,-0.21784770970827305,0.07180293044299457,-0.0011387873092784282,share,14,False,0.012685734313239147,12,11.699356263052119
enc1_attn,|Vag| 250hPa,168,7.526920994122823,7.345055898030599,-0.18186509609222412,-0.22850215435028076,-0.14558859368165336,-2.4161950980251845,-0.5055734737350991,-0.6352215483516556,-0.4047270896143578,-0.007259901151524934,share,6,True,0.08733205889470165,12,10.072374123132686
enc1_mlp,|Vag| 250hPa,168,7.526920994122823,7.860654950141907,0.3337339560190837,0.24811321596304575,0.4286706844965617,4.4338708521010135,0.92775930661463,0.6897390602670306,1.1916774120275833,0.013322377870557815,share,5,True,-0.15373044097845345,12,16.359758122162287
enc2_attn,|Vag| 250hPa,168,7.526920994122823,7.505145947138469,-0.021775046984354656,-0.02953959306081136,-0.013786468903223674,-0.28929554330857293,-0.06053325449014445,-0.08211820188356729,-0.038325512281967386,-0.0008692414986329255,share,15,True,-0.44965242043910564,12,31.60880449251521
enc2_mlp,|Vag| 250hPa,168,7.526920994122823,7.512024521827698,-0.014896472295125326,-0.03219568729400635,-0.002759697039922084,-0.19790924212910968,-0.04141125156212525,-0.0895019759935988,-0.00767178336530477,-0.0005946546021903958,share,16,True,-0.0400114283427224,12,13.000297616634715
downsample,|Vag| 250hPa,168,7.526920994122823,7.4183668692906695,-0.10855412483215332,-0.15577804048856098,-0.05186037222544352,-1.442211561897815,-0.3017736066949016,-0.43305310779101197,-0.14416855734602813,-0.0043333890493868505,share,7,True,0.3352101312168806,12,5.97469884244133
dec0_attn,|Vag| 250hPa,168,7.526920994122823,7.477676669756572,-0.049244324366251625,-0.05912440021832784,-0.03601657847563426,-0.6542426100221143,-0.1368961096248985,-0.16436209609856148,-0.10012381200813476,-0.0019657918691078804,share,11,True,-0.17558744600833298,12,17.111638200796477
dec0_mlp,|Vag| 250hPa,168,7.526920994122823,7.485956986745198,-0.04096400737762451,-0.049354292949040736,-0.024534163872400934,-0.5442332583218299,-0.11387735169102274,-0.1372018153353237,-0.06820342506989857,-0.001635248603069402,share,12,True,-0.15782929809589574,12,16.49778547952006
dec1_attn,|Vag| 250hPa,168,7.526920994122823,7.47330101331075,-0.053619980812072754,-0.08710241317749023,-0.027731577555338543,-0.7123760280457355,-0.14906015801416914,-0.24213920398734748,-0.07709203304023257,-0.002140464381603545,share,10,True,-0.13229829180193184,12,15.659274809819296
dec1_mlp,|Vag| 250hPa,168,7.526920994122823,7.491117437680562,-0.03580355644226074,-0.06517614821592967,-0.006352553764979077,-0.47567333934044087,-0.0995316242177951,-0.18118557307715363,-0.017659698001758425,-0.0014292477568760397,share,13,True,0.05849451645767351,12,10.673712170297954
dec2_attn,|Vag| 250hPa,168,7.526920994122823,7.60523800055186,0.07831700642903645,0.05171307921409607,0.10075289209683735,1.0404919420595489,0.2177163284415133,0.14375909208301763,0.28008667270835147,0.0031263488012555343,share,8,True,0.14872498927105132,12,8.892729090214818
dec2_mlp,|Vag| 250hPa,168,7.526920994122823,7.536898215611775,0.009977221488952637,-0.010675981640815735,0.03285511533419288,0.13255382242942446,0.0277360452048277,-0.02967855426718206,0.0913351442711795,0.0003982822615942497,share,17,False,-0.10859965830221277,12,14.92392954919548
upsample,|Vag| 250hPa,168,7.526920994122823,8.404399275779724,0.877478281656901,0.7970511555671691,0.9704332749048868,11.657864913715107,2.4393341686599372,2.2157518409157673,2.697743175375417,0.03502819245870363,share,4,True,0.4044046293786352,12,5.089092059329483
decoder_io,|Vag| 250hPa,168,7.526920994122823,10.207273960113525,2.680352965990702,2.547491349776586,2.8079843570788703,35.61021788435906,7.451211854114732,7.081864957548237,7.806019055367722,0.10699742832688151,share,2,True,0.2758556613165985,12,6.810905283152163
decoder_heads,|Vag| 250hPa,168,7.526920994122823,33.6762498219808,26.14932882785797,24.875271144509316,27.526384125153225,347.41069885383297,72.69348157184284,69.15168172926704,76.52160827200875,1.0438591381641547,share,1,True,0.4876029465557033,12,4.133337229243866
encoder_io,div/vort 850hPa,168,0.4099652022123337,0.38942625125249225,-0.02053895095984141,-0.024525624824066956,-0.014365911483764662,-5.0099254397702895,-2.243407822650193,-2.6788602150749963,-1.5691452920449804,-0.08997024516424935,share,4,True,0.5219412836344811,12,3.7693337174523935
enc0_attn,div/vort 850hPa,168,0.4099652022123337,0.4083858902255694,-0.001579311986764272,-0.0034581198667486507,0.00017439356694618627,-0.3852307411072165,-0.17250349701110257,-0.3777200294160431,0.01904848466077477,-0.00691812775237847,share,8,False,-0.15063174840887866,12,16.256295140583372
enc0_mlp,div/vort 850hPa,168,0.4099652022123337,0.41094955305258435,0.0009843508402506511,-0.0012844128534197808,0.003143622229496636,0.24010594922171596,0.1075176808965735,-0.1402925518692918,0.3433683986538058,0.00431191868553299,share,12,False,-0.2758063444019831,12,21.140306897858057
enc1_attn,div/vort 850hPa,168,0.4099652022123337,0.40789052844047546,-0.0020746737718582153,-0.0032112125307321546,-0.0007741489758094153,-0.5060609438709575,-0.22661037451884736,-0.35075108391477766,-0.08455796362838616,-0.009088044869228453,share,7,True,-0.2562452219109069,12,20.268700258521335
enc1_mlp,div/vort 850hPa,168,0.4099652022123337,0.41034309566020966,0.00037789344787597656,-0.0026250175510843595,0.002934980640808741,0.09217695693115287,0.04127616443268262,-0.28672276983430584,0.3205791056121225,0.0016553506660511358,share,15,False,0.059890446949619196,12,10.643849719631275
enc2_attn,div/vort 850hPa,168,0.4099652022123337,0.4093657284975052,-0.0005994737148284912,-0.0010256841778755188,-0.00010408485929171263,-0.14622551172477444,-0.06547871037566333,-0.11203239701548212,-0.011368876044888112,-0.0026259762340393217,share,14,True,-0.3517204158004679,12,25.021064036181507
enc2_mlp,div/vort 850hPa,168,0.4099652022123337,0.4096247727672259,-0.0003404294451077779,-0.0009569959094127019,0.0003927946090698242,-0.08303861968544807,-0.03718408411941358,-0.10452978409746726,0.04290377344028052,-0.0014912407501903222,share,16,False,0.05615461787089043,12,10.723945522656303
downsample,div/vort 850hPa,168,0.4099652022123337,0.41127994904915494,0.0013147468368212383,-0.00041796714067459105,0.00276651115467151,0.32069717862061137,0.14360584161753784,-0.04565329333681564,0.30217769047572646,0.005759208221929631,share,10,False,-0.22821247939829548,12,19.096641704298364
dec0_attn,div/vort 850hPa,168,0.4099652022123337,0.4084315871198972,-0.0015336150924364726,-0.0022664019217093784,-0.0007035657142599426,-0.3740842110892539,-0.16751216272113573,-0.2475522635198652,-0.07684836631653424,-0.006717953907377544,share,9,True,-0.096903449209847,12,14.575231606190393
dec0_mlp,div/vort 850hPa,168,0.4099652022123337,0.41013820221026737,0.00017299999793370566,-0.0008226013431946437,0.0012670795122782371,0.04219870296311237,0.01889626931004363,-0.08985026995067467,0.1383992831631327,0.0007578211885282339,share,17,False,-0.06550744522492306,12,13.682387598878798
dec1_attn,div/vort 850hPa,168,0.4099652022123337,0.41068071126937866,0.0007155090570449829,-0.0005802930022279422,0.0019212265809377034,0.17452921691495138,0.07815290171782814,-0.06338365884278752,0.2098497994949401,0.00313426549415526,share,13,False,-0.2319075099365814,12,19.24623702285959
dec1_mlp,div/vort 850hPa,168,0.4099652022123337,0.41284508258104324,0.002879880368709564,0.001713475895424684,0.0037523630385597516,0.702469466473885,0.314560668657911,0.1871578171267984,0.40985932585299834,0.012615227687291238,share,5,True,-0.24138565142641447,12,19.636628077397884
dec2_attn,div/vort 850hPa,168,0.4099652022123337,0.4128120442231496,0.0028468420108159385,0.001724419059852759,0.0035817945996920266,0.694410646428833,0.31095198821989856,0.1883531060551615,0.39122864842447397,0.012470504173158231,share,6,True,-0.23299050803692742,12,19.290355923203457
dec2_mlp,div/vort 850hPa,168,0.4099652022123337,0.4088704064488411,-0.0010947957634925842,-0.002568497695028782,0.0005645783618092533,-0.2670460218537171,-0.11958124759272117,-0.2805492759953038,0.061667195946783125,-0.00479571928667626,share,11,False,0.13442042632941775,12,9.156177588987434
upsample,div/vort 850hPa,168,0.4099652022123337,0.4403463378548622,0.030381135642528534,0.028021214591960112,0.033179968719681104,7.410662046090732,3.3184400456824195,3.0606729690662076,3.6241481625114136,0.13308363350548222,share,3,True,-0.0861077621900457,12,14.26130194246255
decoder_io,div/vort 850hPa,168,0.4099652022123337,0.49266581734021503,0.08270061512788136,0.07735584707309803,0.08979191115746896,20.172593840061612,9.033139388600228,8.449346453518194,9.807700320003704,0.3622675098079676,share,2,True,0.558414284762334,12,3.400269514123531
decoder_heads,div/vort 850hPa,168,0.4099652022123337,0.5082584818204244,0.09829327960809071,0.09025641071299711,0.10556626301258802,23.976005543314766,10.736279219804711,9.858436209023882,11.53068531656966,0.4305706986510238,share,1,True,0.14558004561148022,12,8.950085584974936
encoder_io,div/vort 500hPa,168,0.25140924379229546,0.26144989579916,0.010040652006864548,0.006352564878761769,0.011660395469516515,3.993748143628221,1.432652158816566,0.9064168125096063,1.6637655334172265,0.038589269902335764,share,4,True,-0.31297420436806994,12,22.933186137391928
enc0_attn,div/vort 500hPa,168,0.25140924379229546,0.25091804812351864,-0.0004911956687768301,-0.001709674329807361,0.0015298566470543541,-0.19537693259307395,-0.07008633849608187,-0.2439451758508519,0.21828785885456903,-0.0018878138814420046,share,15,False,0.4557913139940991,12,4.485879376594001
enc0_mlp,div/vort 500hPa,168,0.25140924379229546,0.25279200201233226,0.0013827582200368245,-0.00042864928642908734,0.0030672008792559297,0.5500029351264448,0.19729909449134775,-0.06116189717141514,0.43764408508390173,0.005314359080087003,share,12,False,-0.5760205979280206,12,44.60652353088959
enc1_attn,div/vort 500hPa,168,0.25140924379229546,0.24179225539167723,-0.009616988400618235,-0.011546444147825241,-0.007009304004410904,-3.825232618957884,-1.3722016442796787,-1.6475063694795267,-1.0001237476266964,-0.03696100221234326,share,5,True,0.23018698404597837,12,7.50922933769473
enc1_mlp,div/vort 500hPa,168,0.25140924379229546,0.2555038779973984,0.0040946342051029205,0.0007081958465278149,0.006912374248107274,1.628672893382452,0.5842435859239304,0.10104904618737343,0.9862933086744233,0.01573692070833904,share,7,True,-0.039197142046756804,12,12.979109711565766
enc2_attn,div/vort 500hPa,168,0.25140924379229546,0.2509633426864942,-0.00044590110580126446,-0.0009122066820661227,0.00013642758131027222,-0.17736066465783998,-0.06362347598623368,-0.1301583673505913,0.019466192907856728,-0.0017137331430021642,share,16,False,-0.2519486225913569,12,20.083357807774426
enc2_mlp,div/vort 500hPa,168,0.25140924379229546,0.251068818072478,-0.00034042571981747943,-0.0013977984897792339,0.00028506418069203693,-0.13540700201887798,-0.048573702393007824,-0.19944511796680678,0.040674431659469004,-0.0013083592554300608,share,17,False,0.13543830949138566,12,9.137211770448973
downsample,div/vort 500hPa,168,0.25140924379229546,0.2462108035882314,-0.005198440204064052,-0.007898283594598373,-0.003135865057508151,-2.067720393112833,-0.7417403347650612,-1.1269679533770018,-0.44744144516959694,-0.01997918182690059,share,6,True,-0.2787429436318633,12,21.27523770907853
dec0_attn,div/vort 500hPa,168,0.25140924379229546,0.24996111914515495,-0.001448124647140503,-0.002629069425165653,7.969016830122259e-08,-0.576002944560339,-0.20662591438712605,-0.37512922318860453,1.1370605372554287e-05,-0.005565582077988999,share,11,False,0.06211945109305513,12,10.59632847821492
dec0_mlp,div/vort 500hPa,168,0.25140924379229546,0.25226714710394543,0.0008579033116499583,0.0003740226849913597,0.0015304501478870707,0.34123777579106224,0.12241008160136453,0.05336749114827365,0.21837254262298061,0.003297182535629583,share,13,True,-0.12344856073721397,12,15.380024634019126
dec1_attn,div/vort 500hPa,168,0.25140924379229546,0.24815891807277998,-0.0032503257195154824,-0.004909000856180986,-0.0018188759063680969,-1.2928425663619492,-0.4637732844179113,-0.7004416316223134,-0.25952662158753825,-0.012491987211102904,share,9,True,0.009980781676404003,12,11.762828397748223
dec1_mlp,div/vort 500hPa,168,0.25140924379229546,0.2519984617829323,0.0005892179906368256,-0.0013563691327969233,0.0025118130569656673,0.23436608047857405,0.08407267035271081,-0.1935337630390082,0.3583984781212672,0.002264543383880981,share,14,False,0.3404430799334943,12,5.904527509807244
dec2_attn,div/vort 500hPa,168,0.25140924379229546,0.2553870305418968,0.003977786749601364,0.003428482450544834,0.004541926520566146,1.5821959008347588,0.5675711866353107,0.48919360823178354,0.6480655669001003,0.015287840509695765,share,8,True,-0.5369332148596847,12,39.82837718047016
dec2_mlp,div/vort 500hPa,168,0.25140924379229546,0.2497139610350132,-0.001695282757282257,-0.002300759187589089,-0.0006143626756966124,-0.6743120227841876,-0.24189171184943456,-0.3282842204632761,-0.08766044406591567,-0.006515485631492369,share,10,True,0.26208794759783727,12,7.016107431878884
upsample,div/vort 500hPa,168,0.25140924379229546,0.2819107224543889,0.03050147866209348,0.02830641639108459,0.03232926751176516,12.13220254036984,4.352108729838499,4.038905892099707,4.612907096274535,0.11722643028631546,share,3,True,-0.43372893574749527,12,30.382529348697588
decoder_io,div/vort 500hPa,168,0.25140924379229546,0.32921508699655533,0.07780584320425987,0.07479009833186866,0.07993127296989162,30.947884823415656,11.101740121948028,10.671438046055204,11.405007433678733,0.29903144550127675,share,2,True,-0.1701495746160521,12,16.920874492407343
decoder_heads,div/vort 500hPa,168,0.25140924379229546,0.430344320833683,0.17893507704138756,0.16811111277590193,0.1889773019279043,71.1728313336071,25.53138224849253,23.98696304530736,26.96425883391284,0.6877017526575552,share,1,True,0.1568106481348825,12,8.74669699720955
encoder_io,div/vort 250hPa,168,0.2596755002935727,0.26778796315193176,0.008112462858359018,0.0036907323325673738,0.012028954923152924,3.1240771074620364,1.3521270485499748,0.6151447597298126,2.004899819125145,0.03094172176744543,share,4,True,-0.07238672333143173,12,13.872850899885385
enc0_attn,div/vort 250hPa,168,0.2596755002935727,0.2611861974000931,0.001510697106520335,-0.0003901813800136248,0.003258827825387319,0.5817634335208506,0.2517921444518655,-0.06503263028358518,0.5431580182500584,0.005761945584339146,share,10,False,0.13183991970275732,12,9.204412021713155
enc0_mlp,div/vort 250hPa,168,0.2596755002935727,0.2593378759920597,-0.0003376243015130361,-0.0024982029882570107,0.001795578561723232,-0.13001777261672331,-0.05627279388443461,-0.4163825329209526,0.29927413949276876,-0.0012877318986527367,share,14,False,0.1409404956303648,12,9.035277555592504
enc1_attn,div/vort 250hPa,168,0.2596755002935727,0.25777826209863025,-0.0018972381949424744,-0.003972220545013745,0.000515564406911532,-0.7306188657757765,-0.31621803707619783,-0.6620611934370616,0.08593057275281239,-0.0072362508623373826,share,8,False,-0.08359666266671714,12,14.189341551111726
enc1_mlp,div/vort 250hPa,168,0.2596755002935727,0.25914982333779335,-0.0005256769557793936,-0.003758036997169256,0.002540682163089512,-0.20243610012692625,-0.08761605977355481,-0.6263626178686661,0.4234626567124502,-0.0020049829982918222,share,12,False,-0.07201823992175345,12,13.86257729675241
enc2_attn,div/vort 250hPa,168,0.2596755002935727,0.2599419628580411,0.0002664625644683838,-0.0005237013101577759,0.0007670396938920015,0.10261367135795947,0.04441206661087538,-0.08728677334969327,0.12784466758503704,0.0010163141175710078,share,15,False,0.09787749701196664,12,9.860362440545044
enc2_mlp,div/vort 250hPa,168,0.2596755002935727,0.2595922959347566,-8.320435881614685e-05,-0.0008334464393556118,0.0007109198408822212,-0.03204166689660028,-0.013867904984815757,-0.13891286701044356,0.11849101351721161,-0.0003173495109040999,share,17,False,-0.0527439663271938,12,13.336339011686773
downsample,div/vort 250hPa,168,0.2596755002935727,0.2533087929089864,-0.006366707384586334,-0.011792685743421315,-0.0023761027182141953,-2.4517936337423194,-1.061157063545976,-1.9655201690445718,-0.3960317367887972,-0.024283240725795924,share,5,True,0.23569831818552445,12,7.422216285963015
dec0_attn,div/vort 250hPa,168,0.2596755002935727,0.2600887541969617,0.00041325390338897705,-0.0006420736511548361,0.0014107401172320049,0.1591424308114467,0.06887819278153488,-0.1070162250410976,0.23513203133108748,0.001576190550419235,share,13,False,0.6255069085017358,12,2.764625037565241
dec0_mlp,div/vort 250hPa,168,0.2596755002935727,0.25951410581668216,-0.00016139447689056396,-0.0016191885496179262,0.000982106973727544,-0.06215236967218762,-0.026900072333206085,-0.26987471904230825,0.16369053725506794,-0.0006155742203003907,share,16,False,0.09099815303522167,12,9.998204060410712
dec1_attn,div/vort 250hPa,168,0.2596755002935727,0.2566624619066715,-0.00301303838690122,-0.004709657716254393,-0.001592147971192996,-1.1603090717048274,-0.502191599811233,-0.7849719251408434,-0.26536778962578567,-0.011492021235705027,share,7,True,0.3878658347075765,12,5.292737813563083
dec1_mlp,div/vort 250hPa,168,0.2596755002935727,0.25911474352081615,-0.0005607567727565765,-0.0014824751764535903,0.00035163337985674476,-0.21594519780365123,-0.09346291173715521,-0.24708831582771199,0.05860772645479041,-0.00213878082954383,share,11,False,-0.4208421370133443,12,29.439478825746303
dec2_attn,div/vort 250hPa,168,0.2596755002935727,0.2641141538818677,0.004438653588294983,0.004240376067658266,0.005025225939850012,1.7093078027295303,0.7398029033430982,0.7067554301585416,0.8375685703565249,0.01692945616503908,share,6,True,-0.8753975275693939,12,180.61255039193657
dec2_mlp,div/vort 250hPa,168,0.2596755002935727,0.2578686401247978,-0.0018068601687749226,-0.0027474487821261087,-0.000732633285224438,-0.6958146481790545,-0.30115447673585216,-0.4579250318527615,-0.12211005448231681,-0.006891540286968048,share,9,True,-0.23859068426170416,12,19.52049693104759
upsample,div/vort 250hPa,168,0.2596755002935727,0.27548786252737045,0.01581236223379771,0.014087843025724094,0.017824473790824413,6.08927766228283,2.6354909786437872,2.3480605018955725,2.9708552827345596,0.060309886315238925,share,3,True,-0.40995044275720033,12,28.67454962960718
decoder_io,div/vort 250hPa,168,0.2596755002935727,0.43952590227127075,0.179850401977698,0.16955485921353103,0.1872491095835964,69.25967285106623,29.97617338316193,28.260186253977214,31.20933683215567,0.6859669122581115,share,2,True,0.4058022420317307,12,5.072102520845383
decoder_heads,div/vort 250hPa,168,0.2596755002935727,0.450185922284921,0.19051042199134827,0.1792906994620959,0.2008664697408676,73.36480406352129,31.75290896275091,29.882886187436,33.47898062836993,0.7266252646051922,share,1,True,0.24549433016020067,12,7.269457450611614
encoder_io,Hyps 600-500,168,26.88778305053711,29.316140015920002,2.428356965382894,1.3905703743298847,3.75654576619466,9.031451052764966,7.231087340438476,4.140798067643295,11.186127460229004,0.40984726538149246,share,2,True,-0.026392284427162797,12,12.65058525740958
enc0_attn,Hyps 600-500,168,26.88778305053711,26.262502829233807,-0.6252802213033041,-0.7684841314951579,-0.4896709243456524,-2.3255179503942536,-1.8619403806556771,-2.2883686186994714,-1.4581271503707223,-0.10553200886505004,share,5,True,0.3614619768305363,12,5.6281089067736225
enc0_mlp,Hyps 600-500,168,26.88778305053711,26.92873541514079,0.04095236460367838,-0.0734706203142802,0.15477513869603474,0.15230844628099718,0.12194670283987134,-0.21877857334083683,0.460884689522175,0.006911757572296189,share,14,False,-0.05806486034144323,12,13.479461365779166
enc1_attn,Hyps 600-500,168,26.88778305053711,26.901417414347332,0.013634363810221354,-0.10529923836390177,0.14889865318934115,0.0507083971355868,0.04059999289580502,-0.3135568618392826,0.4433858701313355,0.0023011471552554516,share,16,False,0.18842397996729052,12,8.194812966211405
enc1_mlp,Hyps 600-500,168,26.88778305053711,27.13902489344279,0.25124184290568036,0.027978348731994628,0.4443371733029683,0.9344089188515732,0.7481403004262346,0.08331307390402513,1.3231336885640663,0.04240347845567407,share,9,True,0.17105493127427834,12,8.494341775995515
enc2_attn,Hyps 600-500,168,26.88778305053711,26.797049045562744,-0.09073400497436523,-0.11330627997716268,-0.07379762729008993,-0.3374543925909605,-0.27018495388875496,-0.33739998625195955,-0.21975232474424305,-0.015313680956288404,share,11,True,-0.0869343952911932,12,14.285077300282312
enc2_mlp,Hyps 600-500,168,26.88778305053711,26.849458535512287,-0.03832451502482096,-0.0742469867070516,-0.01014843384424846,-0.14253505003662023,-0.11412157247677569,-0.22109041351686548,-0.030219696915462127,-0.006468240832755056,share,15,True,-0.013897177189791847,12,12.338232732773749
downsample,Hyps 600-500,168,26.88778305053711,26.78414503733317,-0.1036380132039388,-0.4703973889350891,0.26170379718144693,-0.3854464795745535,-0.30861011620218387,-1.4007350041996416,0.7792935889246632,-0.01749156195185163,share,10,False,0.3124014347481541,12,6.2870875972529925
dec0_attn,Hyps 600-500,168,26.88778305053711,26.956202507019043,0.0684194564819336,0.040872089068094884,0.0992754817008972,0.2544629892071628,0.2037373716710473,0.121707660797297,0.2956195028889002,0.0115475309181272,share,13,True,-0.2934204710820659,12,21.966452490852575
dec0_mlp,Hyps 600-500,168,26.88778305053711,26.807244618733723,-0.08053843180338542,-0.11997194687525432,-0.04037576119105022,-0.2995354122428349,-0.23982488692324538,-0.357248805931059,-0.12022971077612353,-0.013592917558365102,share,12,True,-0.34651624419610366,12,24.726238084489047
dec1_attn,Hyps 600-500,168,26.88778305053711,26.417867342631023,-0.4699157079060872,-0.5307709574699402,-0.42553022305170696,-1.7476922772801835,-1.399300669116045,-1.5805135760294302,-1.2671309254560037,-0.07931027875662859,share,6,True,-0.1777452882565992,12,17.188035844894774
dec1_mlp,Hyps 600-500,168,26.88778305053711,26.465479056040447,-0.4223039944966634,-0.5130450526873271,-0.3262960116068524,-1.5706166391737062,-1.2575239604198487,-1.5277299171610725,-0.971634315877379,-0.07127458597375025,share,8,True,0.4598707936048528,12,4.439811047070065
dec2_attn,Hyps 600-500,168,26.88778305053711,26.87573989232381,-0.012043158213297525,-0.05568774541219076,0.0362019260724385,-0.04479044698724966,-0.03586174937890243,-0.1658252705874978,0.10780099180378257,-0.0020325905666419945,share,17,False,-0.15213676044832292,12,16.306451890390285
dec2_mlp,Hyps 600-500,168,26.88778305053711,26.450858910878498,-0.43692413965861004,-0.5320278406143188,-0.350251845518748,-1.6249913160835403,-1.3010593829722148,-1.5842562843393242,-1.042969267780812,-0.07374210891190258,share,7,True,0.06558073967467205,12,10.522929616133393
upsample,Hyps 600-500,168,26.88778305053711,27.52680031458537,0.6390172640482584,0.48815568288167316,0.7661172231038411,2.3766082270419595,1.9028461277530522,1.4536151105330537,2.281320511049561,0.10785048571326765,share,4,True,0.10264407073798937,12,9.765863198209576
decoder_io,Hyps 600-500,168,26.88778305053711,25.33555841445923,-1.5522246360778809,-2.0616167704264323,-0.9460463047027589,-5.772973670459877,-4.622167200072122,-6.139019568367139,-2.8171078449028877,-0.2619775557808043,share,3,True,0.4675126574357306,12,4.3542030648897985
decoder_heads,Hyps 600-500,168,26.88778305053711,31.48595889409383,4.598175843556722,4.435541768868764,4.826091694831848,17.10135727781718,13.692307846597965,13.208021057067173,14.370988720264725,0.7760596247132929,share,1,True,0.2108380256112865,12,7.820983064917952
encoder_io,|DryAir Md err|,168,312902684071253.3,722516578402304.0,409613894331050.7,294165173414570.7,492816000789162.6,130.90775988286973,4.351950188291321,3.125363176268714,5.235932464961779,-4.645882047285009,share,2,True,0.5226955224800343,12,3.7615226719199146
enc0_attn,|DryAir Md err|,168,312902684071253.3,263378847836842.66,-49523836234410.664,-54105134683477.336,-42238426375782.41,-15.82723279648609,-0.5261668888874754,-0.5748409766661503,-0.4487629207974378,0.5617043387892959,share,10,True,-0.11340958344089896,12,15.069997094199513
enc0_mlp,|DryAir Md err|,168,312902684071253.3,400405484448426.7,87502800377173.33,73345442844945.06,97398405027157.33,27.964860907759885,0.9296750765726901,0.7792599768146401,1.034811106174628,-0.992465575474149,share,7,True,0.015500178839335629,12,11.633673829019669
enc1_attn,|DryAir Md err|,168,312902684071253.3,148296630796288.0,-164606053274965.34,-183618441838592.0,-153106994167808.0,-52.60614934114203,-1.7488599738877886,-1.9508574381692891,-1.6266880135633144,1.8669784359573915,share,6,True,-0.27447738368791946,12,21.079602841321353
enc1_mlp,|DryAir Md err|,168,312902684071253.3,272907948610901.34,-39994735460352.0,-61627626736844.8,-3848290697216.0,-12.781844802342606,-0.4249247863078317,-0.6547638287987344,-0.040886233734086896,0.45362431800467656,share,12,True,0.3941181653064331,12,5.215183473866218
enc2_attn,|DryAir Md err|,168,312902684071253.3,313498252869632.0,595568798378.6666,-1925290673220.2666,2794592053930.6665,0.1903367496339678,0.0063276314112277335,-0.020455285388988116,0.029691193544991674,-0.0067550012990387105,share,17,False,-0.39650759907289757,12,27.768520636101645
enc2_mlp,|DryAir Md err|,168,312902684071253.3,308550450544640.0,-4352233526613.3335,-12095773230148.266,45812984490.666664,-1.3909224011713033,-0.04624038338974114,-0.12851176025764632,0.00048674087778674877,0.04936347103143674,share,16,False,0.4074399847596412,12,5.05223686969406
downsample,|DryAir Md err|,168,312902684071253.3,594698351673344.0,281795667602090.7,243887713585288.53,324128010596078.94,90.05856515373354,2.993943139266292,2.5911893999416464,3.443703878863192,-3.1961548454143935,share,4,True,0.7719541105533049,12,1.5443688169248553
dec0_attn,|DryAir Md err|,168,312902684071253.3,287842981554858.7,-25059702516394.668,-28678928291157.332,-22265110462464.0,-8.00878477306003,-0.2662472601493516,-0.3046997894945047,-0.2365560666043599,0.2842296700441673,share,14,True,0.2132605581558718,12,7.781406259904674
dec0_mlp,|DryAir Md err|,168,312902684071253.3,305343541630293.3,-7559142440960.0,-16174274174429.867,870446705322.6666,-2.415812591508053,-0.08031224483481356,-0.17184386690261166,0.009248076677948226,0.08573655494933749,share,15,False,0.6799597824486749,12,2.286056279881946
dec1_attn,|DryAir Md err|,168,312902684071253.3,361693512553813.3,48790828482560.0,45034163754325.336,53921882745514.664,15.592972181551978,0.5183790348428875,0.4784662828643741,0.5728940131550033,-0.5533904910366328,share,11,True,-0.5500487628714513,12,41.33911326294081
dec1_mlp,|DryAir Md err|,168,312902684071253.3,344467830385322.7,31565146314069.332,18232422502673.066,40636117243221.336,10.087847730600293,0.3353644647950699,0.19371070083718134,0.4317391585968462,-0.3580150688490517,share,13,True,0.27218049249178233,12,6.865247613561428
dec2_attn,|DryAir Md err|,168,312902684071253.3,122045790683136.0,-190856893388117.34,-204967292611242.66,-179495273234432.0,-60.99560761347,-2.0277624968595958,-2.177678687217914,-1.9070507591684818,2.1647181085996365,share,5,True,0.7143370973430353,12,1.999580384275876
dec2_mlp,|DryAir Md err|,168,312902684071253.3,249268448613717.34,-63634235457536.0,-79668780029269.33,-53092667726233.625,-20.33674963396779,-0.676083079245794,-0.8464423864711561,-0.5640840032670634,0.7217459080280593,share,9,True,0.6598413462769513,12,2.4592132578407897
upsample,|DryAir Md err|,168,312902684071253.3,247573368187562.66,-65329315883690.664,-79033124869461.33,-46863247160115.22,-20.878477306002928,-0.6940924917239037,-0.8396888567918649,-0.4978994124100102,0.7409716809560924,share,8,True,0.5081352179479616,12,3.913692429154667
decoder_io,|DryAir Md err|,168,312902684071253.3,854641225673386.6,541738541602133.3,413915733574724.25,667220306122069.4,173.13323572474377,5.755710879828304,4.397655156715496,7.088894144086209,-6.14445310470252,share,1,True,0.46397960808186167,12,4.393670968849989
decoder_heads,|DryAir Md err|,168,312902684071253.3,646237959225344.0,333335275154090.7,324035239302485.3,341995074547438.94,106.53001464128845,3.5415266267763843,3.442718228585674,3.633532821200024,-3.780722265523513,share,3,True,-0.02846380459627052,12,12.703145506613485
encoder_io,neg-q fraction,168,0.0009770262023873026,0.02573562824788193,0.024758602045494627,0.020941343203674023,0.02768970985033168,2534.077590242567,52.485207333243345,44.39308559755477,58.698797283527114,0.5536885921380683,share,2,True,0.3864422342323642,12,5.310494016570519
enc0_attn,neg-q fraction,168,0.0009770262023873026,0.0011727776636689669,0.0001957514612816643,8.397292291419945e-05,0.0003349919836675023,20.035436184143045,0.4149691494000607,0.17801232320918667,0.7101420219710176,0.0043776846046013895,share,5,True,0.19708599069460062,12,8.048685045653379
enc0_mlp,neg-q fraction,168,0.0009770262023873026,0.0008898929654606036,-8.713323692669898e-05,-0.00020774442443022658,-6.803005211016473e-08,-8.918208817101767,-0.18471180227829573,-0.44039276403854477,-0.00014421538757851998,-0.0019486027197224524,share,11,True,-0.37273169638015696,12,26.261139390434177
enc1_attn,neg-q fraction,168,0.0009770262023873026,0.0010770628030106384,0.0001000366006233359,-7.809408425885067e-05,0.00032962648813933024,10.238886160770582,0.21206535469897742,-0.1655499044854763,0.6987678278737808,0.002237166882832641,share,8,False,0.1475151765723532,12,8.91475606596193
enc1_mlp,neg-q fraction,168,0.0009770262023873026,0.001026920845636899,4.9894643249596506e-05,-0.00025809008351416194,0.0003415441376300044,5.106786606918223,0.10577053950628117,-0.5471194019356944,0.7240317867715239,0.0011158180387299953,share,14,False,0.2200317996176356,12,7.671618401685699
enc2_attn,neg-q fraction,168,0.0009770262023873026,0.000973934825727459,-3.0913766598435663e-06,-2.6860286302129072e-05,2.3100212456483852e-05,-0.3164067301664971,-0.00655334031537391,-0.05694052083421483,0.04896962429432287,-6.91339514004888e-05,share,16,False,-0.17477790290768283,12,17.083079675840445
enc2_mlp,neg-q fraction,168,0.0009770262023873026,0.0009391569865329075,-3.78692158543951e-05,-7.894727680953413e-05,-5.675907664226576e-06,-3.8759672731257395,-0.0802781046366451,-0.16735856831211382,-0.012032229849402443,-0.0008468875897461337,share,15,True,0.033216670488269776,12,11.228428930263252
downsample,neg-q fraction,168,0.0009770262023873026,0.0015978961223481747,0.0006208699199608722,0.00029891976727943376,0.0010586990279875862,63.546905747646804,1.3161682721925088,0.6336733363554695,2.2443124165624337,0.013884814306249037,share,4,True,0.274261949027168,12,6.834431977132125
dec0_attn,neg-q fraction,168,0.0009770262023873026,0.0009779907150762786,9.64512688976053e-07,-2.7868513778154618e-05,4.5300418372562394e-05,0.09871922437897021,0.002044648900751006,-0.059077839735380444,0.09603134483108915,2.1569863753904213e-05,share,17,False,-0.0798085664174622,12,14.081529477580478
dec0_mlp,neg-q fraction,168,0.0009770262023873026,0.0008850271534962909,-9.199904889101163e-05,-0.00018171973683441442,-3.236041508595614e-05,-9.416231485523896,-0.19502672835216095,-0.38522361023336676,-0.06860012096221293,-0.0020574192260493555,share,9,True,0.1501176056483374,12,8.867431193239463
dec1_attn,neg-q fraction,168,0.0009770262023873026,0.000904255446357638,-7.277075602966458e-05,-0.0001450091728050514,-2.490574836997445e-05,-7.44818878468702,-0.15426509990328133,-0.30740170571464853,-0.05279713953904628,-0.0016274076129520368,share,12,True,0.1263761635663097,12,9.307269077864431
dec1_mlp,neg-q fraction,168,0.0009770262023873026,0.0010315022653533863,5.4476062966083795e-05,-1.1450569627413642e-05,0.00014925115580505602,5.575701330524701,0.11548258880771581,-0.02427380673085727,0.31639419070431907,0.0012182745436713572,share,13,False,0.08555605333269471,12,10.10848525630636
dec2_attn,neg-q fraction,168,0.0009770262023873026,0.0008054368441510936,-0.000171589358236209,-0.0003184678961891526,-6.23967461782135e-05,-17.562411101866164,-0.3637484469703498,-0.6751129780976922,-0.1322734681895837,-0.0038373358081002736,share,7,True,0.6722461657086919,12,2.351953971937431
dec2_mlp,neg-q fraction,168,0.0009770262023873026,0.0010651795788968836,8.8153376509581e-05,2.9218515711211996e-05,0.0001914663237054507,9.022621531969532,0.18687437338865265,0.061939678672271854,0.4058851819884205,0.0019714165946089404,share,10,True,-0.11259377519406948,12,15.045111166814985
upsample,neg-q fraction,168,0.0009770262023873026,0.0011618033382395272,0.0001847771358522247,7.222482533961737e-05,0.0003367530190947339,18.912198608464468,0.39170492210450397,0.15310779363033195,0.7138752016291259,0.004132260457247434,share,6,True,0.03212481649154661,12,11.253001591011126
decoder_io,neg-q fraction,168,0.0009770262023873026,0.029459554857263964,0.02848252865487666,0.023970329329669464,0.033822944023108904,2915.2266935401913,60.379476154562546,50.814165614118856,71.70050338107002,0.6369685639953419,share,1,True,0.2809914439508408,12,6.735488135642085
decoder_heads,neg-q fraction,168,0.0009770262023873026,0.0076748228845341755,0.006697796682146873,0.004768266029437504,0.009115002592409379,685.5288697254202,14.198509548012126,10.108140625840761,19.32269035329936,0.14978606661840058,share,3,True,0.43313801887934894,12,4.746468019016722
encoder_io,|neg-q mass|,168,17387699733.333332,11462404822357.334,11445017122624.0,8539730895073.066,13535536504490.666,65822.49117566236,1106.2394620089558,825.4236066097711,1308.302509319213,0.9778662378622789,share,1,True,0.3883856978937137,12,5.286262770071615
enc0_attn,|neg-q mass|,168,17387699733.333332,24597879338.666668,7210179605.333333,4540451610.666667,10069694735.46666,41.467127428655544,0.6969133485894856,0.43886581323960544,0.9733051132564055,0.0006160402496070838,share,5,True,-0.0818100084203809,12,14.13838118482572
enc0_mlp,|neg-q mass|,168,17387699733.333332,17252388330.666668,-135311402.66666666,-3002705041.6,2654585317.333333,-0.7782018596011642,-0.013078775827583192,-0.2902320524470823,0.256583891648248,-1.1561053238091185e-05,share,17,False,-0.1577471775972282,12,16.495006916727213
enc1_attn,|neg-q mass|,168,17387699733.333332,14716281882.333334,-2671417851.0,-5208846199.466666,-377337705.32500094,-15.363837034054143,-0.2582108715634508,-0.5034707380205554,-0.03647227921653993,-0.00022824686898472585,share,7,True,0.014385266434777083,12,11.659649636229364
enc1_mlp,|neg-q mass|,168,17387699733.333332,14857187608.0,-2530512125.3333335,-7202729499.333333,1952749980.2666628,-14.553461148642796,-0.24459136601921294,-0.6961932447080281,0.18874668901438227,-0.00021620783484658143,share,8,False,-0.09172932225260912,12,14.423841028890843
enc2_attn,|neg-q mass|,168,17387699733.333332,17649773013.333332,262073280.0,-41549525.333333336,820590469.8666658,1.5072337573071197,0.025331181348871013,-0.004016046813998654,0.07931570133875451,2.2391632062414248e-05,share,16,False,-0.5800224054394888,12,45.14590566459857
enc2_mlp,|neg-q mass|,168,17387699733.333332,17031042432.0,-356657301.3333333,-1174065846.3999999,634301938.6666666,-2.0512046262772667,-0.03447337622314492,-0.11348152268966197,0.06130963613805188,-3.0472923694584988e-05,share,15,False,0.010475733270301464,12,11.751188880436002
downsample,|neg-q mass|,168,17387699733.333332,26077836800.0,8690137066.666666,4616045768.533334,15049238914.666662,49.978646974258005,0.8399613954626709,0.4461725074658757,1.4546122371189767,0.000742488329099204,share,4,True,-0.21311872902835588,12,18.50015407072112
dec0_attn,|neg-q mass|,168,17387699733.333332,16653963413.333334,-733736320.0,-1768857412.2666667,459325745.5999997,-4.219858470372482,-0.07092065159856531,-0.17097221010253938,0.044396986064351864,-6.269068601068313e-05,share,14,False,0.10520626785298318,12,9.715403448284217
dec0_mlp,|neg-q mass|,168,17387699733.333332,16202773834.666666,-1184925898.6666667,-3358228271.4666667,335066314.6666667,-6.814736375939872,-0.11453122128322006,-0.324595812878855,0.03238645916409034,-0.00010124048031210794,share,13,False,0.10914117647372586,12,9.638363545660438
dec1_attn,|neg-q mass|,168,17387699733.333332,15210675749.333334,-2177023984.0,-3911690304.0,-203610474.66666666,-12.520482970076289,-0.2104243108627696,-0.37809171721453017,-0.01968034993232061,-0.00018600568528305978,share,9,True,-0.10353367626689824,12,14.771780896418079
dec1_mlp,|neg-q mass|,168,17387699733.333332,19096591189.333332,1708891456.0,-850077259.7333333,5144281877.333333,9.828162909461485,0.16517608883085,-0.08216580197285428,0.4972301531252682,0.00014600827950623341,share,10,False,-0.32357583670678103,12,23.480695844977358
dec2_attn,|neg-q mass|,168,17387699733.333332,13797698496.0,-3590001237.3333335,-5724773474.666666,-1597359445.3333333,-20.646786477748243,-0.34699826088932834,-0.5533386504262767,-0.15439575445871734,-0.0003067309525411362,share,6,True,0.30217107214954386,12,6.430758072656518
dec2_mlp,|neg-q mass|,168,17387699733.333332,19034817557.333332,1647117824.0,-215093258.66666666,3199946932.2666664,9.472890889887923,0.15920524329188313,-0.020790239822254884,0.30929683502267147,0.00014073031893389662,share,11,False,-0.15614538791633134,12,16.440918205967435
upsample,|neg-q mass|,168,17387699733.333332,18923801856.0,1536102122.6666667,-438129185.0666666,4369741811.2,8.834418273981697,0.14847481376069716,-0.042348192998373585,0.42236553939131555,0.00013124509885573043,share,12,False,0.6254315660546386,12,2.765309411490317
decoder_io,|neg-q mass|,168,17387699733.333332,2777057973589.3335,2759670273856.0,2248140259969.6,3454083781340.7983,15871.393664370311,266.7410739856229,217.29818706809013,333.86090584792885,0.23578718664400095,share,2,True,0.5311557235658724,12,3.674434435778333
decoder_heads,|neg-q mass|,168,17387699733.333332,688405888341.3334,671018188608.0,422964532243.2,969900859468.7998,3859.154453430175,64.85851371044076,40.882425214783055,93.74757534087422,0.05733202708226502,share,3,True,0.5703250891382694,12,3.2834595626121117
encoder_io,DKEpert<1000km 500hPa,168,0.0,0.866007387638092,0.866007407506307,0.842277854681015,0.8964469291269779,nan,nan,nan,nan,1.2395842233830332,share,4,True,0.5694088275926181,12,3.29238244238412
enc0_attn,DKEpert<1000km 500hPa,168,0.0,0.6883690357208252,0.6883690605560938,0.6534123569726944,0.7255483083426952,nan,nan,nan,nan,0.9853165457180217,share,9,True,0.002755089647212967,12,11.934059520399567
enc0_mlp,DKEpert<1000km 500hPa,168,0.0,0.7568666934967041,0.7568666736284891,0.7335679200788339,0.7869201035549244,nan,nan,nan,nan,1.0833625436713572,share,7,True,-0.33839112795626275,12,24.275208834281507
enc1_attn,DKEpert<1000km 500hPa,168,0.0,0.7687821388244629,0.7687821537256241,0.7473032161593437,0.7905526029566923,nan,nan,nan,nan,1.1004181034903826,share,6,True,-0.41500520870646845,12,29.026006311836667
enc1_mlp,DKEpert<1000km 500hPa,168,0.0,0.9173593521118164,0.917359342177709,0.897315089777112,0.9465659520278374,nan,nan,nan,nan,1.3130882690841694,share,1,True,-0.057354649087311416,12,13.460264538262143
enc2_attn,DKEpert<1000km 500hPa,168,0.0,0.12581486999988556,0.1258148637910684,0.11721132018913825,0.1371726605730752,nan,nan,nan,nan,0.18008866768424012,share,17,True,-0.39811488271854517,12,27.874719129792123
enc2_mlp,DKEpert<1000km 500hPa,168,0.0,0.24964220821857452,0.24964220573504767,0.22635509073734283,0.2709474821574986,nan,nan,nan,nan,0.3573324396967733,share,16,True,-0.3209539645637164,12,23.343700938597074
downsample,DKEpert<1000km 500hPa,168,0.0,0.889003574848175,0.8890036145846049,0.8570315410693486,0.9281022250652313,nan,nan,nan,nan,1.2725004955128412,share,3,True,0.39159320798275715,12,5.246419328813926
dec0_attn,DKEpert<1000km 500hPa,168,0.0,0.3198399841785431,0.3198399816950162,0.28514535184949635,0.37254876072208076,nan,nan,nan,nan,0.45781201393865995,share,14,True,0.3509969901935754,12,5.764658377633542
dec0_mlp,DKEpert<1000km 500hPa,168,0.0,0.3968251049518585,0.3968251124024391,0.3826934869090716,0.4133433996389309,nan,nan,nan,nan,0.5680068605795152,share,13,True,-0.40491272363454306,12,28.33021869763696
dec1_attn,DKEpert<1000km 500hPa,168,0.0,0.4463684558868408,0.4463684906562169,0.4202845670282841,0.4839604822297891,nan,nan,nan,nan,0.6389221778437428,share,12,True,-0.19824609017113196,12,17.934372262834025
dec1_mlp,DKEpert<1000km 500hPa,168,0.0,0.5598971247673035,0.5598971943060557,0.5335072459032139,0.5839262281854948,nan,nan,nan,nan,0.8014247023321872,share,10,True,-0.6199308406314971,12,51.146402196581185
dec2_attn,DKEpert<1000km 500hPa,168,0.0,0.31723645329475403,0.31723644336064655,0.30068808048963547,0.33495303746312854,nan,nan,nan,nan,0.45408536562562685,share,15,True,-0.5979312720922657,12,47.69128741966586
dec2_mlp,DKEpert<1000km 500hPa,168,0.0,0.45203813910484314,0.45203813910484314,0.4303499154746533,0.47087130254755416,nan,nan,nan,nan,0.6470375896844827,share,11,True,-0.5163569024522567,12,37.62336921934634
upsample,DKEpert<1000km 500hPa,168,0.0,0.7562187314033508,0.7562187959750494,0.7280998177826404,0.7794590367625157,nan,nan,nan,nan,1.0824351856477128,share,8,True,-0.10027605467594931,12,14.67484857408791
decoder_io,DKEpert<1000km 500hPa,168,0.0,0.9090153574943542,0.9090153475602468,0.8923056280861298,0.9191204407562812,nan,nan,nan,nan,1.3011448561316379,share,2,True,-0.38824545511890285,12,27.231420838344125
decoder_heads,DKEpert<1000km 500hPa,168,0.0,0.8302628397941589,0.8302628596623739,0.798828070362409,0.8660330474376678,nan,nan,nan,nan,1.1884202527342291,share,5,True,0.08449858506446578,12,10.130042704088332
