group,metric,lead,fp32_mean,group_mean,mean_delta,ci_lo,ci_hi,rel_pct,svr,svr_ci_lo,svr_ci_hi,distortion,share,norm,rank,significant,lag1_autocorr,n,n_eff
embed,RMSE Z500,24,47.163361152013145,47.77319073677063,0.6098295847574869,0.5183990021546682,0.6715990245342255,1.2930155312551481,0.23742700915123957,0.20183003203676364,0.2614759134840309,0.23739464467196658,0.8239159023889102,share,1,True,-0.001803653368884736,48,48.17346359160431
b0-5_attn,RMSE Z500,24,47.163361152013145,47.16457732518514,0.0012161731719970703,-0.01242410143216451,0.014154450098673499,0.002578639737056057,0.00047349680313077896,-0.004837117316313075,0.005510799799004435,0.0004411323238577757,0.0016431220155801855,share,11,False,0.06254270990169276,48,42.34930935518064
b0-5_mlp,RMSE Z500,24,47.163361152013145,47.14810395240784,-0.01525719960530599,-0.04241031010945638,0.0056860824426015096,-0.032349686775143556,-0.005940136983927789,-0.016511749082277014,0.002213781656183706,0.005907772504654785,-0.02061338068032961,share,6,False,0.11544445377204793,48,38.064348319058965
b6-11_attn,RMSE Z500,24,47.163361152013145,47.2101776599884,0.046816507975260414,0.02891978621482849,0.06176973183949788,0.09926457070005086,0.01822722895920436,0.01125943791167583,0.024049018042570498,0.018194864479931357,0.06325187622780502,share,4,True,-0.07756462215825581,48,56.07233103376272
b6-11_mlp,RMSE Z500,24,47.163361152013145,47.19169934590658,0.028338193893432617,0.010184266169865926,0.04939154187838236,0.06008518731753497,0.011033004611511715,0.003965074698816062,0.019229775594137487,0.011000640132238712,0.0382865790334925,share,5,True,0.0544182248221537,48,43.045467291872825
b12-17_attn,RMSE Z500,24,47.163361152013145,47.173951148986816,0.010589996973673502,0.0033749282360076905,0.017911511659622188,0.02245386400587667,0.004123039241167463,0.0013139721935498262,0.006973549248865695,0.00409067476189446,0.014307713385748313,share,8,True,-0.1907141026632186,48,70.62309761719467
b12-17_mlp,RMSE Z500,24,47.163361152013145,47.17197028795878,0.008609135945638021,-0.0024328748385111488,0.017077497641245522,0.018253864303457396,0.003351823935800237,-0.0009471993668144442,0.006648839758013222,0.003319459456527234,0.0116314527676776,share,10,False,0.10986360608147405,48,38.49711502744125
b18-23_attn,RMSE Z500,24,47.163361152013145,47.17314990361532,0.009788751602172852,0.0004039446512858074,0.01700541575749714,0.020754991508392575,0.0038110876781298555,0.00015726913356551813,0.006620775875085713,0.0037787231988568523,0.013225183413776842,share,9,True,0.1339348016593989,48,36.66095216366383
b18-23_mlp,RMSE Z500,24,47.163361152013145,47.22222367922465,0.058862527211507164,0.04399026830991109,0.07607423067092894,0.12480562405589841,0.022917146258932826,0.017126879537561687,0.029618236820804562,0.022884781779659823,0.07952676196194546,share,3,True,0.2028809810309224,48,31.808394607522796
adaln,RMSE Z500,24,47.163361152013145,47.148560523986816,-0.014800628026326498,-0.022480018933614097,-0.00937122901280721,-0.03138162265115564,-0.005762378431095904,-0.008752221595142455,-0.003648532200134167,0.005730013951822901,-0.01999652542452956,share,7,True,0.10762108241792209,48,38.6722397432462
head,RMSE Z500,24,47.163361152013145,47.25196107228597,0.08859992027282715,0.07134358286857605,0.10538861950238543,0.18785751928760766,0.03449490580189069,0.02777643775573101,0.04103130670018248,0.03446254132261769,0.11970374197604991,share,2,True,0.2464243712279007,48,29.020316848768527
embed,RMSE T850,24,0.5637532994151115,0.5724880745013555,0.008734775086243948,0.008304617212464411,0.009261478980382282,1.5493967122332037,0.3378873627195233,0.32124756282893385,0.35826185295737467,0.33787063422542374,0.7361212167486155,share,1,True,0.05241480377389651,48,43.21878526960068
b0-5_attn,RMSE T850,24,0.5637532994151115,0.5638288756211599,7.557620604832967e-05,3.880032648642858e-05,0.00011544413864612579,0.013405900440270457,0.0029235148809078574,0.0015009132873727293,0.004465726382582787,0.0029067863868083004,0.006369167861134182,share,9,True,0.17293675969988678,48,33.84584480459375
b0-5_mlp,RMSE T850,24,0.5637532994151115,0.5640781174103419,0.00032481799523035687,0.00020212543507417045,0.00044429736832777655,0.057617045535228326,0.012564936668497841,0.007818819548462533,0.017186758052181447,0.012548208174398286,0.02737396389832338,share,5,True,-0.17265112775231,48,68.03327594947118
b6-11_attn,RMSE T850,24,0.5637532994151115,0.5641034916043282,0.00035019218921661377,0.00024358738834659257,0.00048492321123679477,0.06211798486677323,0.013546486783125542,0.009422692562489164,0.018758287803463065,0.013529758289025987,0.029512368421250917,share,4,True,0.012460339901916253,48,46.818528900895174
b6-11_mlp,RMSE T850,24,0.5637532994151115,0.5642355146507422,0.0004822152356306712,0.000355562133093675,0.0006540855082372824,0.0855365700087192,0.018653535165092,0.013754212357814873,0.025301994062721767,0.018636806670992444,0.04063858112914624,share,3,True,-0.08763174310847785,48,57.22067079259873
b12-17_attn,RMSE T850,24,0.5637532994151115,0.5637044322987398,-4.8867116371790566e-05,-0.00010753093908230464,-8.021915952364697e-06,-0.00866817390204008,-0.0018903269874201787,-0.004159620031257998,-0.0003103118281054364,0.0018735984933206217,-0.004118265302474672,share,10,True,-0.06290899463684203,48,54.44469261851083
b12-17_mlp,RMSE T850,24,0.5637532994151115,0.5640095708270868,0.0002562714119752248,0.0001667687048514684,0.0003130917437374592,0.04545807753872196,0.00991334873282378,0.00645111491824845,0.01211133000405597,0.009896620238724223,0.02159721592582053,share,6,True,-0.1477025397607528,48,64.63673128047569
b18-23_attn,RMSE T850,24,0.5637532994151115,0.5638738150397936,0.00012051562468210857,3.282626469930013e-05,0.00021055825054645534,0.02137736928673275,0.004661906710621889,0.0012698186155528145,0.00814502620542821,0.004645178216522332,0.010156427315217948,share,8,True,0.14560223850933351,48,35.79871893836027
b18-23_mlp,RMSE T850,24,0.5637532994151115,0.5649727421502272,0.0012194427351156871,0.0010581913404166699,0.001344924420118332,0.21630786664678447,0.04717171142787847,0.04093402265492977,0.05202572028288809,0.047154982933778906,0.10276826375785049,share,2,True,0.10968019649934899,48,38.51141139838871
adaln,RMSE T850,24,0.5637532994151115,0.5637139243384203,-3.937507669130961e-05,-6.332273284594218e-05,-8.296531935532914e-06,-0.006984451662129669,-0.0015231463533683948,-0.0024495136955734525,-0.0003209348000076515,0.0015064178592688379,-0.0033183257814186815,share,11,True,0.3129315592034237,48,25.11881516371251
head,RMSE T850,24,0.5637532994151115,0.563979538778464,0.00022623936335245767,0.00011989641934633255,0.00031865611672401425,0.04013091605622154,0.008751618796332102,0.004637953986502328,0.012326576681280184,0.008734890302232545,0.019066271745190086,share,7,True,0.1306626812135656,48,36.905959659835105
embed,RMSE Q700,24,0.0004657644761512832,0.0004707295417271477,4.965065575864476e-06,4.671063137114591e-06,5.149993118417721e-06,1.06600349105452,0.3142288065805719,0.29562199584493143,0.3259324910762729,0.3141995474587854,0.7793659466408611,share,1,True,-0.16391222090254878,48,66.82047985874293
b0-5_attn,RMSE Q700,24,0.0004657644761512832,0.00046577553924483556,1.1063093552365899e-08,-1.4565754706078829e-08,3.5458879210636935e-08,0.002375254902173462,0.000700160477426098,-0.0009218367105734737,0.00224411966504654,0.0006709013556396574,0.0017365729107645935,share,11,False,-0.07747254642797474,48,56.06194377011557
b0-5_mlp,RMSE Q700,24,0.0004657644761512832,0.00046600026022739865,2.3578407611542693e-07,1.4904690033290534e-07,3.1638010113965723e-07,0.05062302691346577,0.014922290091919555,0.009432872315686947,0.020023047044982013,0.014893030970133113,0.03701100758423426,share,5,True,-0.08366413439985171,48,56.76507970920183
b6-11_attn,RMSE Q700,24,0.0004657644761512832,0.0004658197667595232,5.529060823998103e-08,4.318144419812598e-09,1.1555039236554872e-07,0.01187093715193992,0.0034992290790314836,0.00027328649480002466,0.007312947097707029,0.0034699699572450435,0.00867896235666516,share,7,True,-0.029428332380379278,48,50.910779288916565
b6-11_mlp,RMSE Q700,24,0.0004657644761512832,0.00046632504684869974,5.605706974165514e-07,4.553012180015988e-07,6.684453182970172e-07,0.120354970402353,0.03547736853859629,0.02881507931391485,0.04230453181804572,0.03544810941680985,0.08799273757328184,share,3,True,-0.12870791695787515,48,62.18119166745444
b12-17_attn,RMSE Q700,24,0.0004657644761512832,0.0004657982784313693,3.380228008609265e-08,-1.118566312167483e-08,7.495902233737675e-08,0.007257376166900599,0.0021392769075976948,-0.0007079176538215648,0.004744002626273319,0.0021100177858112542,0.005305941203672878,share,9,False,0.16265439644712792,48,34.56967873975234
b12-17_mlp,RMSE Q700,24,0.0004657644761512832,0.00046604324294700444,2.787667957212155e-07,2.2849829595846436e-07,3.2670707999689815e-07,0.05985145067840474,0.017642578168469814,0.014461188024132232,0.0206766203346618,0.017613319046683375,0.043758001645623164,share,4,True,-0.29714729168287235,48,88.58622761781368
b18-23_attn,RMSE Q700,24,0.0004657644761512832,0.00046580661849778454,4.21423465013504e-08,1.4911620382918045e-08,8.249239726865199e-08,0.009047994997296081,0.002667102588130194,0.0009437258391680032,0.005220774458993063,0.0026378434663437535,0.006615080762346942,share,8,True,0.07892336190677131,48,40.97758950213117
b18-23_mlp,RMSE Q700,24,0.0004657644761512832,0.00046650978523151326,7.453090802300721e-07,5.900670809448154e-07,8.576989785069599e-07,0.16001844674560176,0.04716908150273176,0.037344134093432985,0.0542820074183395,0.04713982238094532,0.1169911067594316,share,2,True,-0.08642821444346203,48,57.08205432539475
adaln,RMSE Q700,24,0.0004657644761512832,0.0004657526800050012,-1.179614628199488e-08,-2.5251711122109554e-08,-1.7474576452514222e-09,-0.0025326419007883757,-0.0007465538796626514,-0.0015981289529365973,-0.0001105930066838736,0.0007172947578762107,-0.0018516401391496858,share,10,True,0.14754044747072242,48,35.657181942119976
head,RMSE Q700,24,0.0004657644761512832,0.0004658294656110229,6.498945973968755e-08,3.0533328754245304e-08,1.1325705600029318e-07,0.013953288210537243,0.004113049477853575,0.0019323916892493923,0.0071678065475710715,0.004083790356067134,0.010201390301452536,share,6,True,0.10212803535291366,48,39.10421740543033
embed,RMSE U500,24,1.443855658173561,1.461354874074459,0.01749921590089798,0.01646260501195987,0.018505455118914445,1.2119782058432365,0.3258901804462309,0.30658524063854314,0.3446295046644453,0.3258789857252627,0.7721869041430318,share,1,True,0.06899114467763129,48,41.804298639863944
b0-5_attn,RMSE U500,24,1.443855658173561,1.4440195560455322,0.00016389787197113037,5.981779346863429e-05,0.0002687122672796249,0.01135140282502039,0.0030522914497377015,0.0011139945708303568,0.00500426360631273,0.003041096728769446,0.007232312068709529,share,9,True,-0.04921538626911786,48,52.96924015555496
b0-5_mlp,RMSE U500,24,1.443855658173561,1.443942407766978,8.674959341684978e-05,-0.00019271119187275567,0.0003923617924253143,0.006008190148770529,0.0016155489944440088,-0.0035888856648827235,0.007307004842835886,0.0016043542734757532,0.0038279943716099016,share,10,False,0.11679381516180451,48,37.96036143528538
b6-11_attn,RMSE U500,24,1.443855658173561,1.4446734835704167,0.0008178253968556722,0.0005515035241842269,0.001092828872303168,0.056641769710567856,0.015230469048680563,0.010270722072976258,0.020351894645374076,0.015219274327712307,0.03608813474294705,share,5,True,0.09705936649836576,48,39.50665910306779
b6-11_mlp,RMSE U500,24,1.443855658173561,1.4456122269233067,0.0017565687497456868,0.0014750121782223383,0.0020349013929565744,0.12165819621939905,0.03271280896599811,0.027469344206250922,0.037896234088229896,0.032701614245029854,0.07751200925013524,share,3,True,-0.20906948210510934,48,73.37602207525106
b12-17_attn,RMSE U500,24,1.443855658173561,1.4438919574022293,3.629922866821289e-05,-9.374140451351801e-05,0.00016592921068270987,0.0025140483027320366,0.0006760052706210601,-0.0017457584045594784,0.0030901213355459044,0.0006648105496528046,0.0016017739975794539,share,11,False,0.0535705706084988,48,43.11871826920371
b12-17_mlp,RMSE U500,24,1.443855658173561,1.4444156686464946,0.0005600104729334513,0.00039543993771076205,0.000727385655045509,0.038785765721336,0.010429148089240753,0.007364329544022229,0.013546197939338334,0.010417953368272496,0.024711550267801793,share,6,True,-0.1139303105086487,48,60.343622559878824
b18-23_attn,RMSE U500,24,1.443855658173561,1.4440742606918018,0.00021860251824061075,8.541376640399297e-05,0.00031942309190829596,0.015140191957770702,0.004071063213282453,0.0015906717137286759,0.005948657908457818,0.0040598684923141976,0.009646260881290442,share,7,True,0.009113009428817037,48,47.133051603742956
b18-23_mlp,RMSE U500,24,1.443855658173561,1.4458464657266934,0.0019908075531323752,0.0017762665326396625,0.0022574889784057932,0.13788134166061264,0.03707506875726566,0.03307964334635335,0.04204151172797914,0.03706387403629741,0.08784825159617393,share,2,True,-0.034984524210974505,48,51.48026991122347
adaln,RMSE U500,24,1.443855658173561,1.4436617170770962,-0.00019394109646479288,-0.00024269316345453264,-0.00015370032439629235,-0.013432166530421966,-0.0036117903385378494,-0.00451970644165866,-0.0028623811910099117,0.003600595617569594,-0.008558027726120493,share,8,True,-0.16423153062983628,48,66.86434762530075
head,RMSE U500,24,1.443855658173561,1.444684346516927,0.0008286883433659872,0.0006868949159979821,0.0009131863713264464,0.05739412653022781,0.01543277111858317,0.012792133624152493,0.017006388915822398,0.015421576397614914,0.03656748336537539,share,4,True,-0.019842238188742485,48,49.94341660122066
embed,RMSE MSLP,24,56.25185434023539,56.808305978775024,0.5564516385396322,0.48283760547637944,0.6160401046276092,0.9892147469023395,0.1856819790596183,0.1611177610772295,0.20556601487876067,0.18559059396371452,0.7859515088965253,share,1,True,-0.13089044758847684,48,62.4578815566211
b0-5_attn,RMSE MSLP,24,56.25185434023539,56.2503936290741,-0.001460711161295573,-0.012919024626413981,0.005189059178034457,-0.0025967342382360666,-0.0004874237408585106,-0.004310940779055037,0.0017315337235120564,0.00039603864495474177,-0.0020631588834839664,share,10,False,-0.19623762235358486,48,71.43828508259885
b0-5_mlp,RMSE MSLP,24,56.25185434023539,56.262006203333534,0.010151863098144531,-0.012175047397613525,0.029695139328638705,0.018047161675314203,0.0033875684797206825,-0.004062683509867177,0.009908951393266544,0.0032961833838169134,0.014338841990002278,share,7,False,-0.07755655631874243,48,56.07142102597238
b6-11_attn,RMSE MSLP,24,56.25185434023539,56.30339789390564,0.0515435536702474,0.026179291804631553,0.07190001010894775,0.0916299636248253,0.017199534317797742,0.008735750559420837,0.02399226679693767,0.017108149221893975,0.07280189503500703,share,5,True,0.04867137678208371,48,43.54440764330027
b6-11_mlp,RMSE MSLP,24,56.25185434023539,56.30874180793762,0.05688746770222982,0.038981046279271445,0.07732645074526469,0.10112994206048741,0.018982741455056067,0.013007559539128168,0.02580301218218843,0.018891356359152296,0.08034982374247324,share,4,True,0.021215460543179084,48,46.005627322698494
b12-17_attn,RMSE MSLP,24,56.25185434023539,56.25082151095072,-0.0010328292846679688,-0.01190092166264852,0.010271779696146639,-0.001836080422204348,-0.00034464412057656166,-0.00397121067475601,0.0034275833699590587,0.0002532590246727928,-0.001458803745906291,share,11,False,0.08183976344433241,48,40.73772553373133
b12-17_mlp,RMSE MSLP,24,56.25185434023539,56.26140753428141,0.009553194046020508,-0.0019199530283610026,0.024065844217936193,0.01698289622283149,0.0031877989998573986,-0.0006406678555987168,0.008030515632687094,0.0030964139039536295,0.01349326114836546,share,8,False,0.07389977402199097,48,41.3938171161531
b18-23_attn,RMSE MSLP,24,56.25185434023539,56.26804653803507,0.016192197799682617,0.006704294681549072,0.024988001585006712,0.02878518048799822,0.005403163769380699,0.0022371516560468208,0.008338229714312294,0.00531177867347693,0.02287041929899025,share,6,True,0.09610666075657633,48,39.5827174827466
b18-23_mlp,RMSE MSLP,24,56.25185434023539,56.34171954790751,0.08986520767211914,0.06151350935300191,0.11247791051864624,0.15975510270039409,0.02998706168420101,0.02052640223244527,0.03753267953420787,0.029895676588297244,0.1269287224179342,share,2,True,0.0778805920437074,48,41.06366874829792
adaln,RMSE MSLP,24,56.25185434023539,56.24690222740173,-0.0049521128336588545,-0.012216615676879882,0.0009749631086985254,-0.008803465933240792,-0.0016524672546450224,-0.004076554401469791,0.0003253347946074315,0.0015610821587412537,-0.006994535165813543,share,9,False,0.13867333711343535,48,36.308639599274656
head,RMSE MSLP,24,56.25185434023539,56.31306433677673,0.06120999654134115,0.051726653178532915,0.070425413052241,0.10881418445535464,0.020425123243156956,0.01726063267156039,0.023500209480827716,0.02033373814725319,0.0864551127344587,share,3,True,-0.11079329020427511,48,59.961398561706574
embed,RMSE T2M,24,0.612563023964564,0.6173608476916949,0.00479782372713089,0.004425999956826369,0.005164866925527652,0.7832375673084111,0.32542976541269986,0.3002094719573949,0.3503257992697033,0.3254044671757543,0.7285368577179067,share,1,True,0.10176002897971954,48,39.133311678497186
b0-5_attn,RMSE T2M,24,0.612563023964564,0.6125744717816511,1.1447817087173462e-05,-2.5074059764544168e-05,4.5845905939737953e-05,0.001868839064604674,0.0007764896421891245,-0.0017007388872953095,0.0031096645611912873,0.0007511914052435578,0.0017383207809942086,share,11,False,0.019355404329712528,48,46.17716293281024
b0-5_mlp,RMSE T2M,24,0.612563023964564,0.6127279798189799,0.00016495585441589355,8.820875858267148e-05,0.00023841743047038714,0.02692879719514968,0.011188728069031706,0.005983078421697323,0.016171525441739113,0.011163429832086139,0.025048110700430705,share,7,True,-0.060507422192184655,48,54.182818968089784
b6-11_attn,RMSE T2M,24,0.612563023964564,0.6126623215774695,9.929761290550232e-05,-3.199744969606399e-06,0.0002262153041859467,0.01621018720046781,0.006735220114725387,-0.00021703428763986127,0.015343872047174694,0.00670992187777982,0.015078080187894772,share,10,False,0.26019008455108317,48,28.1789837714824
b6-11_mlp,RMSE T2M,24,0.612563023964564,0.6128584494193395,0.00029542545477549237,0.00014597624540328978,0.0004169759340584278,0.04822776485323449,0.020038301094905113,0.009901367369706893,0.02828290244096198,0.02001300285795955,0.04485957483075932,share,3,True,0.11524336386551419,48,38.0798666106894
b12-17_attn,RMSE T2M,24,0.612563023964564,0.6126889176666737,0.00012589370210965475,8.877742414673169e-05,0.00017349530632297194,0.020551959093916442,0.008539196159459812,0.006021650222504407,0.011767947312781496,0.008513897922514245,0.01911662607002233,share,8,True,-0.05119659071543138,48,53.18007488230614
b12-17_mlp,RMSE T2M,24,0.612563023964564,0.6127582776049773,0.0001952536404132843,6.267735734581948e-05,0.00031848860283692666,0.03187486556886585,0.013243785101223099,0.004251318693180813,0.021602642615180013,0.013218486864277531,0.029648749461194095,share,5,True,0.22618701761449542,48,30.291482963801634
b18-23_attn,RMSE T2M,24,0.612563023964564,0.6127313772837321,0.00016835331916809082,8.872340743740399e-05,0.00022780764847993849,0.027483428248491516,0.011419173416794961,0.006017986343620013,0.015451878564196086,0.011393875179849394,0.025564006747377247,share,6,True,0.04835324464815164,48,43.57218760954904
b18-23_mlp,RMSE T2M,24,0.612563023964564,0.6134827124575774,0.000919688493013382,0.000718315380314986,0.0010751867977281413,0.15013777473231632,0.06238120188568971,0.04872234142041519,0.07292843740400205,0.062355903648744146,0.13965226796274235,share,2,True,0.0814394326094989,48,40.77057475919227
adaln,RMSE T2M,24,0.612563023964564,0.6126629511515299,9.992718696594238e-05,7.894927014907201e-05,0.00011904171357552209,0.016312964226799797,0.006777923254826253,0.005355020093554065,0.008074435228651972,0.0067526250178806865,0.015173679345717101,share,9,True,0.3857910969592588,48,21.274510574245898
head,RMSE T2M,24,0.612563023964564,0.6127808888753256,0.0002178649107615153,0.00014011543244123458,0.00027316814909378675,0.03556612172760178,0.014777476379520286,0.009503836510750159,0.018528618751688295,0.014752178142574719,0.033082211127440274,share,4,True,0.18382947173311784,48,33.0927606485896
embed,SpecDiv> Z500,24,4.139351862401478e-05,3.967298111244114e-05,-1.7205375115736388e-06,-2.320221300540955e-06,-1.221004843425059e-06,-4.156538435888017,-0.11404390078077968,-0.1537932686781872,-0.0809329376893734,0.11303590393006162,0.8836136108606483,share,1,True,0.21025363438976002,48,31.32221583321713
b0-5_attn,SpecDiv> Z500,24,4.139351862401478e-05,4.156111920868474e-05,1.6760058466995056e-07,2.361438665351064e-08,2.95759138187653e-07,0.404895718559948,0.011109216928039315,0.0015652531551310338,0.019604063023090902,0.010101220077321256,-0.0860743557210333,share,7,True,0.34259213478823375,48,23.50347265749626
b0-5_mlp,SpecDiv> Z500,24,4.139351862401478e-05,4.0373713773078634e-05,-1.0198048509361495e-06,-1.2819958991864648e-06,-8.045703755972985e-07,-2.4636824431361615,-0.06759662166827585,-0.08497566146899443,-0.05333004567964968,0.06658862481755778,0.5237394945749945,share,2,True,0.21263049899818076,48,31.16673717122467
b6-11_attn,SpecDiv> Z500,24,4.139351862401478e-05,4.144295155583677e-05,4.9432931821987346e-08,-1.047463304833703e-07,1.7458910406276115e-07,0.11942191305599335,0.003276606487267794,-0.006942993128856853,0.011572443104090132,0.002268609636549734,-0.025387189229431107,share,11,False,0.15974134376193938,48,34.77707828247086
b6-11_mlp,SpecDiv> Z500,24,4.139351862401478e-05,4.120605512980546e-05,-1.8746349420932043e-07,-2.828642294616657e-07,-6.960360584192437e-08,-0.45288127330292227,-0.012425807626869043,-0.01874933844926939,-0.004613597009786079,0.011417810776150984,0.09627531739854325,share,5,True,-0.0780517900662772,48,56.12732403580594
b12-17_attn,SpecDiv> Z500,24,4.139351862401478e-05,4.130940218753191e-05,-8.411643648287281e-08,-1.3559705394072808e-07,-3.805203997823512e-08,-0.20321161205675323,-0.005575563724566273,-0.00898789875940497,-0.0025222368257551203,0.004567566873848212,0.043199539488901435,share,9,True,-0.03131025419958714,48,51.102938186546744
b12-17_mlp,SpecDiv> Z500,24,4.139351862401478e-05,4.10589479997725e-05,-3.345706242422845e-07,-4.414104031032669e-07,-2.5690219160878776e-07,-0.8082681428492544,-0.02217663888092309,-0.029258393889401917,-0.017028473865356632,0.02116864203020503,0.17182488343670918,share,4,True,0.031226089770326683,48,45.09306751672758
b18-23_attn,SpecDiv> Z500,24,4.139351862401478e-05,4.1458512100689404e-05,6.499347667462037e-08,-2.659982101249625e-08,1.5174178050377425e-07,0.15701365536225248,0.00430801976441598,-0.0017631393258965198,0.010058033866546488,0.00330002291369792,-0.03337859257385372,share,10,False,0.046828481455801645,48,43.705567531459295
b18-23_mlp,SpecDiv> Z500,24,4.139351862401478e-05,4.122222037494794e-05,-1.7129824906684613e-07,-3.126210799564433e-07,-3.195745345389399e-08,-0.41382867357274156,-0.011354312468684917,-0.02072173793637564,-0.002118263988077126,0.010346315617966857,0.0879733591240474,share,6,True,0.06303154718118105,48,42.30776203637721
adaln,SpecDiv> Z500,24,4.139351862401478e-05,4.154211452108333e-05,1.4859589706854118e-07,1.163891586960138e-07,1.8242018503163612e-07,0.35898348825637666,0.009849512508574187,0.007714724949034345,0.01209151752996754,0.008841515657856128,-0.07631414966809993,share,8,True,-0.11601671291337728,48,60.59933824811423
head,SpecDiv> Z500,24,4.139351862401478e-05,4.181483912664893e-05,4.2132050263414084e-07,2.534537751823033e-07,6.078878319234112e-07,1.017841721698209,0.027926757351177747,0.01679989944710224,0.04029316369063637,0.026918760500459687,-0.21637687534151895,share,3,True,0.357094145014967,48,22.73938116426053
embed,SpecDiv< Z500,24,4.0731155612168855e-05,3.925880711600863e-05,-1.4723484961602178e-06,-2.0589404366925617e-06,-9.486380387594789e-07,-3.614796766827648,-0.09961138958865585,-0.1392971287124554,-0.06417988234709761,0.09852366451570056,0.9510244735539378,share,1,True,0.21424739245792854,48,31.061318637607226
b0-5_attn,SpecDiv< Z500,24,4.0731155612168855e-05,4.092201887336463e-05,1.908632611957728e-07,5.85367454656686e-08,3.227172612696449e-07,0.4685927966619008,0.012912808834807709,0.0039602896821230495,0.021833360052426434,0.011825083761852425,-0.12328306306073437,share,5,True,0.2267631658672465,48,30.254713436993256
b0-5_mlp,SpecDiv< Z500,24,4.0731155612168855e-05,3.980209093394175e-05,-9.29064678227102e-07,-1.1610022416637852e-06,-7.388659061765188e-07,-2.28096812934405,-0.06285565126550614,-0.07854733231247814,-0.04998779828679604,0.06176792619255086,0.6001046958738095,share,2,True,0.2070997584841018,48,31.529466661942315
b6-11_attn,SpecDiv< Z500,24,4.0731155612168855e-05,4.079630336188226e-05,6.51477497134086e-08,-5.9509428259237515e-08,1.7077723460564203e-07,0.15994574358195973,0.004407555612309613,-0.0040260963066749535,0.011553893452222979,0.0033198305393543287,-0.04208046161353642,share,10,False,0.1653855310890423,48,34.37617289643957
b6-11_mlp,SpecDiv< Z500,24,4.0731155612168855e-05,4.0579472624813206e-05,-1.5168298735564653e-07,-2.396533593203761e-07,-2.933711584773848e-08,-0.372400402286474,-0.010262076666535542,-0.016213691394224367,-0.0019847956402562236,0.009174351593580259,0.09797560399130867,share,6,True,-0.1146275502655365,48,60.42894425819534
b12-17_attn,SpecDiv< Z500,24,4.0731155612168855e-05,4.068255172266314e-05,-4.860388950570874e-08,-9.687350276029368e-08,7.119663791854668e-09,-0.11932853064249378,-0.003288284659306837,-0.006553953937834078,0.00048167917144631536,0.0022005595863515528,0.03139439375282962,share,11,False,-0.0328146050515778,48,51.257081942515754
b12-17_mlp,SpecDiv< Z500,24,4.0731155612168855e-05,4.050113341236283e-05,-2.3002219980601998e-07,-3.352278649041788e-07,-1.4841438276865432e-07,-0.5647328104221488,-0.015562097573143968,-0.02267976198503873,-0.01004093999558076,0.014474372500188685,0.14857674120409753,share,4,True,-0.027266416114632756,48,50.6909484676672
b18-23_attn,SpecDiv< Z500,24,4.0731155612168855e-05,4.080324500440232e-05,7.208939223346533e-08,1.351357544384276e-08,1.297240203257388e-07,0.17698833030882108,0.0048771907966792425,0.0009142577533667231,0.008776447941077488,0.0037894657237239576,-0.04656423155010598,share,9,True,-0.2637547509840376,48,82.39133376861852
b18-23_mlp,SpecDiv< Z500,24,4.0731155612168855e-05,4.062328923737368e-05,-1.0786637479516988e-07,-2.1877322353702766e-07,1.0133246064469738e-08,-0.2648252257368894,-0.007297674097714715,-0.014801050741822176,0.0006855623679842232,0.006209949024759431,0.06967342485238988,share,8,False,-0.0979407284819403,48,58.423162015111586
adaln,SpecDiv< Z500,24,4.0731155612168855e-05,4.0872063664210145e-05,1.4090805204129234e-07,9.681466129525992e-08,1.977345704062827e-07,0.3459466099684994,0.009533100963982914,0.006549973032421582,0.013377685635739859,0.00844537589102763,-0.09101582020938782,share,7,True,-0.07770258347237746,48,56.08789863191038
head,SpecDiv< Z500,24,4.0731155612168855e-05,4.1254831292765935e-05,5.236756805970799e-07,3.6654770193914983e-07,7.040653088097315e-07,1.2856882470592765,0.03542915442512454,0.02479869815869596,0.047633372095400806,0.03434142935216925,-0.33825442125397714,share,3,True,0.2762295601501238,48,27.221576899305994
embed,SpecRes Z500,24,0.00015439674568066644,0.00015066489148315063,-3.7318541975158346e-06,-5.646742818044004e-06,-1.5992719662942146e-06,-2.417054958680478,-0.05723391055840135,-0.08660176852819139,-0.024527375356296555,0.05713855925042657,0.44809383164293426,share,2,True,0.027569550974034508,48,45.42433308674968
b0-5_attn,SpecRes Z500,24,0.00015439674568066644,0.0001564165232442368,2.0197775635703388e-06,1.1509694597104196e-06,3.0779430327735702e-06,1.3081736630302923,0.030976496482151235,0.017651944482817157,0.047205144391461624,0.030881145174176446,-0.24252015744053546,share,4,True,0.4249953351551648,48,19.368641588954226
b0-5_mlp,SpecRes Z500,24,0.00015439674568066644,0.00014924285248222682,-5.1538931984396186e-06,-6.5073314904869525e-06,-3.85121873970699e-06,-3.3380840870177675,-0.07904313693268146,-0.09980026249372742,-0.05906455537195295,0.07894778562470667,0.6188419024260304,share,1,True,0.11936054855644626,48,37.76325128110319
b6-11_attn,SpecRes Z500,24,0.00015439674568066644,0.0001529204215936867,-1.47632408697973e-06,-2.0263043325030592e-06,-9.159506779117999e-07,-0.956188603892702,-0.022641774377374475,-0.0310765948486896,-0.01404755823804893,0.022546423069399683,0.1772662279576363,share,5,True,0.14921286270179634,48,35.53543813833084
b6-11_mlp,SpecRes Z500,24,0.00015439674568066644,0.00015448495499488976,8.820931422330129e-08,-2.569168411052184e-07,4.969178083532215e-07,0.05713158903345129,0.001352829916033429,-0.003940227759849584,0.007621023730535075,0.0012574786080586375,-0.010591531047280939,share,11,False,-0.1169560344395631,48,60.714858765919054
b12-17_attn,SpecRes Z500,24,0.00015439674568066644,0.00015329642261955692,-1.1003230611095205e-06,-1.479445624378665e-06,-7.729066131408529e-07,-0.7126594904955325,-0.01687520153033028,-0.022689648110601854,-0.011853750341036143,0.016779850222355487,0.1321187673478381,share,7,True,0.12956796595777906,48,36.98824585433426
b12-17_mlp,SpecRes Z500,24,0.00015439674568066644,0.00015490326207630764,5.065163956411803e-07,3.1147963378922816e-08,9.67965426449761e-07,0.32806157500805816,0.0077682333098084925,0.000477703483510241,0.014845287009853866,0.007672882001833702,-0.06081879422403718,share,10,True,0.17605508984802984,48,33.62882914983612
b18-23_attn,SpecRes Z500,24,0.00015439674568066644,0.0001535695744981543,-8.271711825121505e-07,-1.3927068418221704e-06,-3.193309642786823e-07,-0.535743923141334,-0.01268598368818953,-0.02135937113298369,-0.004897447456607557,0.012590632380214739,0.09932068215398539,share,8,True,0.021040445323361356,48,46.021740705479104
b18-23_mlp,SpecRes Z500,24,0.00015439674568066644,0.00015154154690814417,-2.8551987725222716e-06,-4.091126389009029e-06,-1.7090618352237169e-06,-1.8492609801683142,-0.04378900742740061,-0.0627439201637418,-0.02621117735014524,0.04369365611942582,0.34283144259316384,share,3,True,0.1908324733999079,48,32.61587347035764
adaln,SpecRes Z500,24,0.00015439674568066644,0.00015494269026324522,5.459445825787649e-07,3.941046315958374e-07,6.731408708067951e-07,0.35359850375857244,0.008372927171151684,0.006044220390609772,0.01032368424752667,0.008277575863176892,-0.06555304331966283,share,9,True,0.15048663443392227,48,35.44295111888474
head,SpecRes Z500,24,0.00015439674568066644,0.00015569625657008146,1.2995108894150083e-06,7.557861484504732e-07,1.909946799590519e-06,0.8416698704924406,0.019930063201278537,0.011591180826541252,0.0292920672977618,0.019834711893303745,-0.15603578888138428,share,6,True,0.2733277647061133,48,27.39299987082038
embed,SpecResLog Z500,24,0.14911244026571305,0.13671477192679973,-0.01239766833891335,-0.0135635086724178,-0.011324878090920018,-8.314308529067828,-0.505425101386729,-0.5529537940936249,-0.46168985173846744,0.5053141896596398,0.7103118052779901,share,1,True,0.03979489322688796,48,44.32590064188012
b0-5_attn,SpecResLog Z500,24,0.14911244026571305,0.1490602241420032,-5.221612370986603e-05,-0.00018176450994764783,5.9425899967979894e-05,-0.0350179526381694,-0.0021287341214996734,-0.007410130950224406,0.0024226605112543636,0.0020178223944104685,0.002991669730392602,share,11,False,0.05595367102633678,48,42.913079459909035
b0-5_mlp,SpecResLog Z500,24,0.14911244026571305,0.14680755162873937,-0.0023048886369737057,-0.002535517073493844,-0.002079652299828011,-1.5457386606150878,-0.09396513450606327,-0.10336733802726752,-0.08478275476934123,0.09385422277897405,0.1320562515416522,share,3,True,0.16305331263656297,48,34.54135812774955
b6-11_attn,SpecResLog Z500,24,0.14911244026571305,0.1502484230685135,0.001135982802800397,0.000806156863871733,0.0013776336622758226,0.7618296640951728,0.04631146821994236,0.03286520525614344,0.05616303117611533,0.04620055649285315,-0.06508497996266172,share,5,True,-0.06879674952415084,48,55.09242364751578
b6-11_mlp,SpecResLog Z500,24,0.14911244026571305,0.1475194152133889,-0.0015930250523241813,-0.0018121383995512675,-0.0013370778417104436,-1.0683381275804134,-0.06494405452478172,-0.0738768137106225,-0.0545096614326499,0.06483314279769252,0.09127075106677948,share,4,True,0.06563615217239004,48,42.08703374439373
b12-17_attn,SpecResLog Z500,24,0.14911244026571305,0.149057641227314,-5.479903839909298e-05,-0.00015582711954593558,2.4729311135032536e-05,-0.036750145260477964,-0.002234033753897343,-0.006352721781409553,0.001008158489642521,0.002123122026808138,0.0031396552019852908,share,10,False,0.061265537519203224,48,42.458039582071045
b12-17_mlp,SpecResLog Z500,24,0.14911244026571305,0.14638490488547307,-0.0027275353802400253,-0.0029973793094244558,-0.0024738327649236167,-1.8291802986924866,-0.11119549324986507,-0.12219642435547877,-0.10085260726816012,0.11108458152277587,0.15627136707769793,share,2,True,0.40888176845818514,48,20.13914563253803
b18-23_attn,SpecResLog Z500,24,0.14911244026571305,0.14995286898126514,0.0008404287155520561,0.0006767152559804278,0.000993785581950854,0.5636207911656748,0.03426239169771561,0.0275881615408525,0.04051440680483672,0.034151479970626404,-0.048151508963786914,share,6,True,0.3304241818161615,48,24.157437689497225
b18-23_mlp,SpecResLog Z500,24,0.14911244026571305,0.14864162182971571,-0.0004708184359973608,-0.000666823165575747,-0.00027375947653567663,-0.31574725432591616,-0.019194210495355503,-0.027184883226008445,-0.011160559179448887,0.0190832987682663,0.026975063704660907,share,8,True,-0.02342301425759676,48,50.302541839054165
adaln,SpecResLog Z500,24,0.14911244026571305,0.14897365768059126,-0.0001387825851218149,-0.0001762586625763423,-7.962139252024408e-05,-0.0930724390765179,-0.005657854383452054,-0.007185669915311299,-0.0032459853971722043,0.0055469426563628495,0.007951407142390378,share,9,True,0.31068338482058866,48,25.244233589747417
head,SpecResLog Z500,24,0.14911244026571305,0.14858091070636367,-0.0005315295593494156,-0.000722236895567063,-0.00034799869623309177,-0.35646224983123403,-0.02166926667823481,-0.029443976575938516,-0.014187125475359857,0.02155835495114561,0.03045344580440601,share,7,True,0.06351653022950639,48,42.26658004016472
embed,SpecDivW1 Z500,24,0.012064481992715802,0.011249723776159288,-0.0008147582165565141,-0.0009341296467467734,-0.0006797220628987507,-6.753362614726786,-0.18713775399616422,-0.21455558284792833,-0.15612197288431834,0.18710297564726916,0.733911323669549,share,1,True,0.3045456667630839,48,25.588838203112424
b0-5_attn,SpecDivW1 Z500,24,0.012064481992715802,0.012136149940350602,7.16679476348007e-05,4.857662952977314e-05,8.790308560480245e-05,0.5940408189764949,0.016461053698328714,0.011157323930190702,0.02019002162253649,0.016426275349433632,-0.06455647484677825,share,6,True,0.21119572873883166,48,31.260517290595843
b0-5_mlp,SpecDivW1 Z500,24,0.012064481992715802,0.011588031727855825,-0.00047645026485997597,-0.0005403409336642595,-0.00041323483488997406,-3.949197861521476,-0.10943348670186616,-0.12410821598766414,-0.09491384965851589,0.10939870835297108,0.4291730202168975,share,2,True,0.32048975440627814,48,24.700299021376168
b6-11_attn,SpecDivW1 Z500,24,0.012064481992715802,0.012075292070014496,1.0810077298691812e-05,-1.6532868659322563e-05,3.492043247394702e-05,0.08960249851770376,0.002482912777181902,-0.0037973522023445534,0.00802070009108755,0.0024481344282868177,-0.009737414091733494,share,10,False,0.005739157937420895,48,47.45218483575571
b6-11_mlp,SpecDivW1 Z500,24,0.012064481992715802,0.011995926007874622,-6.855598484117812e-05,-9.01823502159376e-05,-4.473451155521151e-05,-0.5682464019803777,-0.015746282474321346,-0.020713534551186023,-0.010274847001775604,0.015711504125426264,0.06175330614388304,share,7,True,0.04679285696292666,48,43.7086884586947
b12-17_attn,SpecDivW1 Z500,24,0.012064481992715802,0.012056750809830152,-7.731182885649339e-06,-2.1456860848370245e-05,5.607707762263249e-06,-0.06408217849980805,-0.001775736864696776,-0.00492831942701092,0.0012880064470316515,0.0017409585158016914,0.006964032457529324,share,11,False,0.15293396480752822,48,35.26582695135217
b12-17_mlp,SpecDivW1 Z500,24,0.012064481992715802,0.01190270501243791,-0.00016177698027789326,-0.00019375025233290738,-0.0001300390116477369,-1.340935983621756,-0.03715774830162362,-0.04450152980476927,-0.029868012469378466,0.03712296995272854,0.14572416125707852,share,4,True,0.25247534937662075,48,28.648215110805097
b18-23_attn,SpecDivW1 Z500,24,0.012064481992715802,0.012107924345052137,4.3442352336333844e-05,2.4049025412611126e-05,6.428214118004421e-05,0.3600846879506565,0.009978057390928604,0.005523700786392199,0.014764644624683451,0.009943279042033518,-0.03913165115563607,share,9,True,0.07480349505765309,48,41.31865261086679
b18-23_mlp,SpecDivW1 Z500,24,0.012064481992715802,0.012004797557038115,-5.9684435677686426e-05,-8.439726666739587e-05,-2.7752286247787895e-05,-0.49471196288180647,-0.013708620562866137,-0.01938478754384711,-0.006374284310527632,0.013673842213971051,0.05376206376391,share,8,True,0.1968937986239584,48,32.207617509898554
adaln,SpecDivW1 Z500,24,0.012064481992715802,0.012137089937642176,7.260794492637328e-05,6.598371675241078e-05,8.003275903564384e-05,0.6018322624229696,0.01667695699127227,0.015155471037227315,0.01838232553866825,0.016642178642377187,-0.0654031980126022,share,5,True,0.040069384132248316,48,44.30153436358942
head,SpecDivW1 Z500,24,0.012064481992715802,0.01226884567049251,0.00020436367777670728,0.0001667118760674757,0.0002452703026586259,1.6939283253114088,0.04693927459751625,0.038291219919953136,0.05633491338753619,0.04690449624862116,-0.18408506256122797,share,3,True,0.11504899327797864,48,38.09487168611565
embed,|RQE| Z500,24,0.001149665442198966,0.0011590127757396356,9.347333540669448e-06,-2.2580433020872686e-05,3.663942734419833e-05,0.8130481440575265,0.014141013683147007,-0.03416056685366514,0.05542956621401059,0.013702566855444853,0.2516238431413366,colmax,4,False,0.3889508117025924,48,21.116918461872714
b0-5_attn,|RQE| Z500,24,0.001149665442198966,0.0011523434329016407,2.67799070267453e-06,-8.743191566888223e-07,7.090334130073942e-06,0.23293652260716255,0.004051369623764256,-0.001322704395256736,0.01072653623787121,0.003612922796062102,0.07208968307078016,colmax,9,False,0.03613761515534334,48,44.65178543451215
b0-5_mlp,|RQE| Z500,24,0.001149665442198966,0.001112517398420702,-3.714804377826416e-05,-5.1218450681744795e-05,-2.3233128877109267e-05,-3.231204697882461,-0.056199021152395424,-0.07748528591270007,-0.03514799080658357,0.055760574324693266,-1.0,colmax,1,True,0.05350191442280573,48,43.124656429880936
b6-11_attn,|RQE| Z500,24,0.001149665442198966,0.0011370552069062494,-1.2610235292716728e-05,-2.0638462501665344e-05,-5.771055915223165e-06,-1.096861298065733,-0.019077259738956454,-0.031222677501060274,-0.008730680285271228,0.018638812911254302,-0.3394589326960779,colmax,2,True,-0.06360922521744203,48,54.52130049262013
b6-11_mlp,|RQE| Z500,24,0.001149665442198966,0.001154792912833121,5.127470634154936e-06,-1.533269397668846e-06,1.1087026662911129e-05,0.44599676096618324,0.007757039168661834,-0.0023195902273144813,0.016772889836817934,0.00731859234095968,0.1380280120471671,colmax,6,False,-0.06536708387896058,48,54.71412267227227
b12-17_attn,|RQE| Z500,24,0.001149665442198966,0.001154373872850556,4.708430651589879e-06,-3.183875776358036e-07,9.684398042963945e-06,0.4095478979157675,0.007123099007924426,-0.00048166924527756567,0.014650938114356322,0.006684652180222271,0.1267477415417726,colmax,7,False,-0.06083818696641403,48,54.218806884737425
b12-17_mlp,|RQE| Z500,24,0.001149665442198966,0.0011593857399626966,9.720297763730438e-06,3.5778116322641533e-06,1.556091680943912e-05,0.8454892533899615,0.014705248623377033,0.005412654103701367,0.02354116674741354,0.01426680179567488,0.2616637856289466,colmax,3,True,-0.018338062712596255,48,49.79334040930002
b18-23_attn,|RQE| Z500,24,0.001149665442198966,0.001150139289999667,4.738478007008477e-07,-4.6878503743149245e-06,5.537921451074604e-06,0.0412161471770882,0.0007168555828553333,-0.007091964355321963,0.008377985301916451,0.0002784087551531789,0.012755659585447745,colmax,10,False,0.1541221119866561,48,35.18010633619153
b18-23_mlp,|RQE| Z500,24,0.001149665442198966,0.0011582518787918161,8.586436592850077e-06,-4.205347075488438e-06,2.1688757763627108e-05,0.7468639377753925,0.012989898864812633,-0.006362014394599769,0.03281160546710802,0.012551452037110479,0.23114101631036954,colmax,5,False,0.051219079678441005,48,43.32254337446537
adaln,|RQE| Z500,24,0.001149665442198966,0.001149560980896543,-1.0446130242295719e-07,-1.176198401253714e-06,1.486983137510833e-06,-0.009086234880919268,-0.00015803316534017682,-0.0017793991852176046,0.002249566553141698,0.0,-0.0028120270086490788,colmax,11,False,-0.13005140068662563,48,62.35134728163257
head,|RQE| Z500,24,0.001149665442198966,0.0011466662855733982,-2.9991566255678967e-06,-1.79136601711131e-05,8.662285800179834e-06,-0.2608721211826118,-0.004537242058981795,-0.027100489406181344,0.013104646527773328,0.004098795231279639,-0.08073525064926151,colmax,8,False,-0.0655239863559576,48,54.73136880811155
embed,SpecDiv> T850,24,0.00015111407856238657,0.00014994296498116455,-1.1711135812220164e-06,-2.4708934915906866e-06,-1.7233444774926085e-07,-0.774986415801443,-0.04210945194451697,-0.08884532842287365,-0.006196588667608173,0.04161019438948063,0.4462332546392694,share,4,True,0.004450440044963021,48,47.57465074703206
b0-5_attn,SpecDiv> T850,24,0.00015111407856238657,0.00015132253884075908,2.0846027837251313e-07,6.451270261701818e-08,3.291387391376095e-07,0.13794894582667988,0.007495556549953318,0.0023196678735700163,0.011834763204036793,0.006996298994916979,-0.07943030460299974,share,9,True,-0.17396251876271263,48,68.21748671283726
b0-5_mlp,SpecDiv> T850,24,0.00015111407856238657,0.00014912730860790666,-1.9867699544799202e-06,-2.4364452580509047e-06,-1.548010247158042e-06,-1.3147484161508445,-0.0714378137735233,-0.08760668149906008,-0.05566143554095088,0.07093855621848696,0.757025481748739,share,1,True,-0.05067146356201917,48,53.12410647656922
b6-11_attn,SpecDiv> T850,24,0.00015111407856238657,0.00015119054660317488,7.646804078831337e-08,-3.6259710517091056e-07,4.994484015696799e-07,0.05060285680578993,0.002749543119043038,-0.013037817697821415,0.01795854714853414,0.0022502855640066997,-0.029136868758068497,share,10,False,0.06416953155881114,48,42.211190184497944
b6-11_mlp,SpecDiv> T850,24,0.00015111407856238657,0.00014960516985714398,-1.5089087052425991e-06,-1.900192925556136e-06,-1.0735857358668002e-06,-0.9985229169892699,-0.05425547071683301,-0.06832478417723004,-0.038602666451557,0.05375621316179667,0.5749444403089746,share,2,True,0.01125256224795689,48,46.93177430037603
b12-17_attn,SpecDiv> T850,24,0.00015111407856238657,0.00015109605116473782,-1.80273976487418e-08,-3.074410945676694e-07,2.7347106576295717e-07,-0.011929661233582082,-0.0006482068410326791,-0.01105458616913834,0.009833133939019675,0.00014894928599634051,0.0068690385411466996,share,11,False,0.2449859909038789,48,29.10930139085543
b12-17_mlp,SpecDiv> T850,24,0.00015111407856238657,0.00014978191090146234,-1.332167660924218e-06,-1.6051408503396183e-06,-1.0638728705695637e-06,-0.8815642285601074,-0.04790043510655287,-0.05771566702439551,-0.038253423268798624,0.04740117755151653,0.5076002196465869,share,3,True,0.06713015741687232,48,41.9609099534592
b18-23_attn,SpecDiv> T850,24,0.00015111407856238657,0.00015144962389967986,3.3554533729329705e-07,-5.233065773306104e-08,6.905113878019619e-07,0.22204770097232807,0.012065123727123933,-0.0018816409888577185,0.02482855341105987,0.011565866172087593,-0.12785394204307643,share,7,False,0.27358752671793757,48,27.37762264945706
b18-23_mlp,SpecDiv> T850,24,0.00015111407856238657,0.00015222597251825695,1.1118939558703762e-06,5.884849770154687e-07,1.512743885238402e-06,0.7357977274177914,0.03998010598875144,0.021160014072969052,0.0543933713699561,0.0394808484337151,-0.4236686062713406,share,5,True,-0.06699198938601941,48,54.893007249558
adaln,SpecDiv> T850,24,0.00015111407856238657,0.00015089452244865242,-2.1955611373414285e-07,-2.904553336217456e-07,-1.5298943102000832e-07,-0.14529163385891963,-0.007894526857732748,-0.010443833210789859,-0.005501004511307705,0.00739526930269641,0.08365818719761109,share,8,True,0.03656817957777354,48,44.61330020674934
head,SpecDiv> T850,24,0.00015111407856238657,0.00015156386643866426,4.4978787627769634e-07,1.2532543299433502e-07,6.997275401469474e-07,0.2976478965803335,0.0161729154755241,0.004506296727080873,0.02515993640456897,0.015673657920487763,-0.17138415192764414,share,6,True,0.12253197113565781,48,37.52094948607785
embed,SpecDiv< T850,24,0.0001473364160726002,0.00014695039726575487,-3.860188068453378e-07,-1.652466380619444e-06,6.051529984082048e-07,-0.2619982331151089,-0.013422416100740152,-0.05745857704297008,0.02104201972858766,0.012992048545582809,-0.21766740011875754,colmax,6,False,0.04122811249492786,48,44.19881680871121
b0-5_attn,SpecDiv< T850,24,0.0001473364160726002,0.00014754434626714405,2.079301945438298e-07,4.123172251032277e-08,3.313545335004164e-07,0.14112613845674915,0.007230024914805109,0.0014336849041283717,0.011521662537263883,0.006799657359647765,0.11724720156102811,colmax,8,True,0.01000754153195076,48,47.04879523413254
b0-5_mlp,SpecDiv< T850,24,0.0001473364160726002,0.0001455629818944241,-1.7734341781761032e-06,-2.2504009772698432e-06,-1.3233922004474155e-06,-1.203663171297883,-0.061664797270592625,-0.07824960280375762,-0.04601620559382822,0.06123442971543528,-1.0,colmax,1,True,-0.06476010431955802,48,54.64746023281477
b6-11_attn,SpecDiv< T850,24,0.0001473364160726002,0.00014747452739053793,1.3811131793772802e-07,-2.6475577215023803e-07,5.405037503199612e-07,0.09373875218308113,0.004802324510382057,-0.009205930063135644,0.01879407456878601,0.004371956955224713,0.07787789343259938,colmax,10,False,-0.02240937287270987,48,50.20061417947702
b6-11_mlp,SpecDiv< T850,24,0.0001473364160726002,0.0001460399988294133,-1.2964172431869276e-06,-1.6724377019272651e-06,-8.669698521165022e-07,-0.879902795075534,-0.045078248441924436,-0.05815300793576997,-0.030145759469608582,0.0446478808867671,-0.7310207839347238,colmax,2,True,0.004949887415470872,48,47.527151355668785
b12-17_attn,SpecDiv< T850,24,0.0001473364160726002,0.00014730734316496333,-2.9072907636873424e-08,-3.4397750520535434e-07,2.7009157671879285e-07,-0.01973232986918028,-0.0010109058331887184,-0.011960580993170697,0.009391463482444065,0.0005805382780313752,-0.01639356452844142,colmax,11,False,0.320469830893722,48,24.701395938008798
b12-17_mlp,SpecDiv< T850,24,0.0001473364160726002,0.00014616696747301225,-1.1694485995879707e-06,-1.4802933189154524e-06,-8.647178977601774e-07,-0.7937267857877874,-0.040663370368860516,-0.051471877860058766,-0.030067455853633268,0.04023300281370318,-0.6594259961712792,colmax,4,True,0.11875532640983268,48,37.80964732303978
b18-23_attn,SpecDiv< T850,24,0.0001473364160726002,0.00014762476424342216,2.8834817082194303e-07,-9.211385455879887e-08,6.464204299542566e-07,0.1957073332636645,0.01002627090189962,-0.0032029281024813657,0.02247694628604383,0.009595903346742275,0.16259310572129385,colmax,7,False,0.34292790489514885,48,23.485594759083774
b18-23_mlp,SpecDiv< T850,24,0.0001473364160726002,0.0001485661779649187,1.2297618923184928e-06,7.144140264851255e-07,1.6250955923169386e-06,0.8346625532906448,0.042760548270763026,0.024841179138534928,0.056506856289766746,0.04233018071560568,0.6934353174490226,colmax,3,True,-0.07694997006181795,48,56.00303004857629
adaln,SpecDiv< T850,24,0.0001473364160726002,0.0001471796937645801,-1.5672230802010745e-07,-1.959868654921593e-07,-9.542911432921152e-08,-0.1063703816053747,-0.005449454775805968,-0.006814738588551557,-0.0033182043411811857,0.005019087220648625,-0.08837221586723294,colmax,9,True,0.024194138813879683,48,45.732229429840025
head,SpecDiv< T850,24,0.0001473364160726002,0.00014781283516640542,4.7641909380521e-07,1.349709577880276e-07,7.238324580309077e-07,0.32335461015317074,0.016565761050997656,0.004693129777151482,0.025168671232137705,0.01613539349584031,0.2686421067486054,colmax,5,True,0.09163791602041503,48,39.94124735971948
embed,SpecRes T850,24,0.0002643832323580379,0.0002646983533243959,3.151209663580327e-07,-2.8578827785471123e-06,3.0056499819390106e-06,0.11919098028549854,0.0034691813420837598,-0.031462564131431066,0.03308934013083134,0.0033940551333513052,-0.054983219614638985,share,10,False,-0.008874236262938446,48,48.859554571591275
b0-5_attn,SpecRes T850,24,0.0002643832323580379,0.00026534105215129483,9.57819793256931e-07,5.101845924097385e-07,1.3714116903429373e-06,0.36228462172662096,0.010544682552382528,0.005616645853375335,0.015097934940475254,0.010469556343650073,-0.1671231738482878,share,8,True,-0.11366434435899617,48,60.31111147229225
b0-5_mlp,SpecRes T850,24,0.0002643832323580379,0.00026045246553015505,-3.9307668278828105e-06,-5.862616448363648e-06,-1.9842914222560168e-06,-1.4867685793929684,-0.043273994418636386,-0.06454181653958387,-0.02184515635029546,0.04319886820990393,0.685851589785559,share,1,True,0.39258364330069595,48,20.936613223792577
b6-11_attn,SpecRes T850,24,0.0002643832323580379,0.0002620635177663644,-2.3197145916734976e-06,-4.293174094982533e-06,-7.63077340100912e-07,-0.8774060937919282,-0.02553784558800115,-0.04726375283994517,-0.008400753848403863,0.025462719379268695,0.40475052584204313,share,4,True,0.38472574783403746,48,21.327807437798736
b6-11_mlp,SpecRes T850,24,0.0002643832323580379,0.000262007684038205,-2.3755483198328875e-06,-3.4439517245724954e-06,-1.2619878892413313e-06,-0.8985245768596357,-0.02615252169231805,-0.03791462435523701,-0.01389328323624599,0.026077395483585595,0.41449255657002654,share,3,True,0.0281343019310161,48,45.373015392731475
b12-17_attn,SpecRes T850,24,0.0002643832323580379,0.0002654973738268988,1.1141414688609075e-06,-5.687380811044325e-07,3.0813506858369977e-06,0.42141154676257775,0.012265635133342907,-0.006261263927638125,0.033922732692997844,0.012190508924610452,-0.1943986329191269,share,7,False,0.3320688296065951,48,24.068348020989305
b12-17_mlp,SpecRes T850,24,0.0002643832323580379,0.00026357415572419995,-8.090766338379277e-07,-1.752907955202924e-06,3.241567734827789e-07,-0.30602418565722245,-0.00890716220778981,-0.01929784502396746,0.0035686569620341675,0.008832035999057354,0.1411700362483661,share,9,False,0.27486674475606215,48,27.301987752742743
b18-23_attn,SpecRes T850,24,0.0002643832323580379,0.0002627384619700024,-1.6447703880354918e-06,-3.582590413013046e-06,2.1966210776251083e-07,-0.6221159993263419,-0.018107353528808264,-0.03944090410992163,0.0024182703379586456,0.018032227320075808,0.28698430480903214,share,6,False,0.22372924553597143,48,30.44872577017944
b18-23_mlp,SpecRes T850,24,0.0002643832323580379,0.0002668282343923541,2.4450020343162273e-06,7.211999256166261e-07,4.722605566106116e-06,0.9247946673884037,0.026917140858122007,0.007939723448990424,0.05199138383366606,0.02684201464938955,-0.42661104199048283,share,2,True,0.155194175094722,48,35.10291210750636
adaln,SpecRes T850,24,0.0002643832323580379,0.0002643338445219949,-4.9387836043024436e-08,-1.600954495491654e-07,5.334544160480921e-08,-0.01868039648450229,-0.0005437129788808948,-0.0017624982334480544,0.0005872824421665314,0.00046858677014844014,0.008617332787562312,share,11,False,-0.08982624047620404,48,57.47436574113861
head,SpecRes T850,24,0.0002643832323580379,0.0002660800162933204,1.6967839352825347e-06,9.28181035912227e-07,2.480365848593161e-06,0.6417895417000897,0.01867997308418249,0.010218388097363718,0.027306462730583715,0.018604846875450033,-0.29605977929831523,share,5,True,0.13389965236392465,48,36.66357653418597
embed,SpecResLog T850,24,0.10655582895721473,0.10115764740613327,-0.005398181551081442,-0.0062883598245922715,-0.0046006415391020945,-5.066059364287776,-0.3748517889565798,-0.43666610830805946,-0.3194703058727034,0.3748149960596642,0.7736288888011106,share,1,True,0.12841417019645082,48,37.07514575369691
b0-5_attn,SpecResLog T850,24,0.10655582895721473,0.10657912407254644,2.3295115331713363e-05,-4.227024432832498e-05,7.309539726654071e-05,0.021861887387753354,0.0016176217071271416,-0.0029352619129547476,0.005075772307873848,0.0015808288102115414,-0.0033384898262557956,share,11,False,0.04836080318226355,48,43.57152738694089
b0-5_mlp,SpecResLog T850,24,0.10655582895721473,0.10519691052583646,-0.0013589184313782699,-0.001571293712361791,-0.0011786222683059784,-1.275311209792113,-0.09436381496768383,-0.1091112356043389,-0.08184398053267557,0.09432702207076822,0.19475049997677604,share,2,True,0.07345064242794767,48,41.431219476347486
b6-11_attn,SpecResLog T850,24,0.10655582895721473,0.10671196566957337,0.00015613671235866337,2.0670966052193092e-05,0.00025572052803209746,0.14653042812078992,0.010842192948793782,0.0014353997787593877,0.017757331149143997,0.01080540005187818,-0.02237640030074435,share,8,True,0.011181547599679762,48,46.93844129956947
b6-11_mlp,SpecResLog T850,24,0.10655582895721473,0.10549752882827736,-0.0010583001289373609,-0.0012462187924693925,-0.0008862217741039191,-0.9931883964436138,-0.0734887652131068,-0.0865379089917557,-0.06153957852132196,0.0734519723161912,0.15166802839446228,share,4,True,0.09175016196476839,48,39.93220586954948
b12-17_attn,SpecResLog T850,24,0.10655582895721473,0.10646710517550206,-8.872378171267236e-05,-0.0001562083843157612,-4.665702774762951e-05,-0.08326506637970744,-0.006161013293694343,-0.0108471698768726,-0.0032398818292971193,0.006124220396778743,0.012715259760549588,share,9,True,0.145457391214455,48,35.809315594198885
b12-17_mlp,SpecResLog T850,24,0.10655582895721473,0.10520875191990149,-0.001347077037313245,-0.0014740602991375677,-0.0012392522230351931,-1.2641983554500202,-0.09354154404051852,-0.1023593102478913,-0.08605414774908747,0.09350475114360292,0.19305347581304705,share,3,True,0.037767429777351993,48,44.506275727497375
b18-23_attn,SpecResLog T850,24,0.10655582895721473,0.10702520191967774,0.00046937296246300227,0.0003891238589484402,0.0005644187747250025,0.4404948720838812,0.0325934378090448,0.0270209094066666,0.03919345531903471,0.0325566449121292,-0.06726718617138623,share,6,True,0.11923314640271195,48,37.773013700094786
b18-23_mlp,SpecResLog T850,24,0.10655582895721473,0.10706249758471158,0.0005066686274968439,0.0003728898317286087,0.000615054444657708,0.4754959277734925,0.03518326303555282,0.025893612355291112,0.04270961558146364,0.03514647013863722,-0.07261213495167486,share,5,True,-0.1751520116815697,48,68.38508108107243
adaln,SpecResLog T850,24,0.10655582895721473,0.10635996061190217,-0.00019586834531255698,-0.0002198788460938835,-0.0001725903182546765,-0.1838175792252565,-0.013601172718184742,-0.015268471064202859,-0.0119847376273201,0.013564379821269143,0.02807045463395152,share,7,True,0.03134674866109172,48,45.08217641121039
head,SpecResLog T850,24,0.10655582895721473,0.10663600606548095,8.017710826621009e-05,-1.4586513193620965e-05,0.0001556365966246034,0.07524422553964977,0.0055675290248311995,-0.0010128930480621178,0.010807464721181622,0.0055307361279156,-0.01149041146325437,share,10,False,0.05805641457609458,48,42.73240205103993
embed,SpecDivW1 T850,24,0.03436089148349216,0.031416417090758667,-0.0029444743927334975,-0.0032587507054562866,-0.0025940156156846065,-8.569260765973134,-0.28501326772030905,-0.31543394961765,-0.25109026893503544,0.284975937579771,0.6156891791676952,share,1,True,0.045007124550788154,48,43.86540239260764
b0-5_attn,SpecDivW1 T850,24,0.03436089148349216,0.03443886512502837,7.797364153620584e-05,5.0612759513469325e-05,0.00010148597536805189,0.22692554869732162,0.007547534604182744,0.004899111370394477,0.009823433866096192,0.007510204463644731,-0.016304277419636505,share,10,True,-0.09237141480592005,48,57.7701372191491
b0-5_mlp,SpecDivW1 T850,24,0.03436089148349216,0.03315592990913982,-0.0012049615743523411,-0.0013173704554369434,-0.0010710199667164526,-3.5067820488046277,-0.11663542961388983,-0.12751615678128206,-0.10367042120008724,0.11659809947335181,0.25195729481378915,share,2,True,-0.11638456718999328,48,60.64454878827556
b6-11_attn,SpecDivW1 T850,24,0.03436089148349216,0.03421047465322116,-0.00015041683027100487,-0.00020885824642482548,-8.250531789144708e-05,-0.4377559014825588,-0.014559743640993654,-0.020216637458548563,-0.007986182632314896,0.014522413500455642,0.03145213794051276,share,7,True,0.15538654778632016,48,35.089075412841375
b6-11_mlp,SpecDivW1 T850,24,0.03436089148349216,0.033672457817362805,-0.0006884336661293543,-0.0007619963956881729,-0.0006174757532509062,-2.003538431068051,-0.06663760747127631,-0.07375818355294506,-0.059769167158122624,0.0666002773307383,0.1439513822421456,share,4,True,-0.31202462134571596,48,91.5398774121554
b12-17_attn,SpecDivW1 T850,24,0.03436089148349216,0.034376730708502334,1.5839225010174723e-05,-2.656006015327977e-05,5.458680625337199e-05,0.046096664918558024,0.0015331732174163068,-0.0025709069006732547,0.005283783096597333,0.0014958430768782938,-0.003311979709938525,share,11,False,0.244790682959832,48,29.121399857953314
b12-17_mlp,SpecDivW1 T850,24,0.03436089148349216,0.03353211820554752,-0.0008287732779446414,-0.000921429908587638,-0.0007216217388988445,-2.411966751045458,-0.08022191693336064,-0.08919070577414184,-0.06985007931097553,0.08018458679282263,0.17329637522850086,share,3,True,0.2966124564815206,48,26.0390850944815
b18-23_attn,SpecDivW1 T850,24,0.03436089148349216,0.03447387143971382,0.0001129799562216586,3.5737200112523374e-05,0.00020690917907571668,0.3288039144034927,0.010936004941696515,0.003459217104547179,0.020027975585466096,0.010898674801158501,-0.02362409287042185,share,8,True,0.5878301156716904,48,12.45986850387309
b18-23_mlp,SpecDivW1 T850,24,0.03436089148349216,0.034695270310797874,0.00033437882730571377,0.00025992647353707566,0.0004213747865950224,0.9731378112420563,0.03236652438278214,0.025159836258940603,0.04078738302454822,0.032329194242244126,-0.06991856550798162,share,5,True,-0.009324227945783865,48,48.90355079638131
adaln,SpecDivW1 T850,24,0.03436089148349216,0.034255717891818034,-0.00010517359167413027,-0.00011652912265476262,-9.039537583733825e-05,-0.3060851658189902,-0.01018038027938063,-0.011279549964631196,-0.008749908478669901,0.010143050138842617,0.021991783147364757,share,9,True,-0.1038978701064482,48,59.13064593586432
head,SpecDivW1 T850,24,0.03436089148349216,0.03467102888859949,0.000310137405107331,0.00025131658191145925,0.0003508206489877257,0.9025883547181215,0.030020052302060583,0.024326433410204483,0.033958026532174064,0.029982722161522573,-0.06484968755407146,share,6,True,-0.01126094311764197,48,49.093362835996736
embed,|RQE| T850,24,0.0016741448331837698,0.0016379723817105212,-3.617245147324866e-05,-9.885103240018603e-05,2.5475965450520242e-05,-2.1606524570791437,-0.020944669173592407,-0.057236988005115626,0.014751161353651407,0.020815299548464634,-0.2924281711769361,share,1,False,0.08613934714769299,48,40.38644898751278
b0-5_attn,|RQE| T850,24,0.0016741448331837698,0.0016772643672690417,3.11953408527188e-06,-2.5832826850091807e-06,1.1667433113871084e-05,0.18633597425017115,0.0018062809328830028,-0.0014957792191497142,0.006755708190133898,0.0016769113077552283,0.0252191822872392,share,7,False,-0.0067519818770824845,48,48.6525965804844
b0-5_mlp,|RQE| T850,24,0.0016741448331837698,0.0016726115345591097,-1.5332986246600437e-06,-2.6532013513739606e-05,2.4792120871097723e-05,-0.09158697588571983,-0.0008878146525838616,-0.015362637115306665,0.014355199844303565,0.0007584450274560873,-0.012395613081658213,share,9,False,0.16405097117396197,48,34.47061544322465
b6-11_attn,|RQE| T850,24,0.0016741448331837698,0.0016733034393231112,-8.413938606584755e-07,-1.1605434300084502e-05,1.3678214145329546e-05,-0.050258128447487574,-0.00048718611369805446,-0.006719809471882097,0.00791999597736277,0.00035781648857028005,-0.006802062284714767,share,11,False,-0.143376921274289,48,64.0679589240194
b6-11_mlp,|RQE| T850,24,0.0016741448331837698,0.0016651313829546173,-9.013450229152417e-06,-2.6879158826886848e-05,1.5307477193952458e-05,-0.5383913058472531,-0.005218991953084879,-0.015563642118918579,0.008863376206247787,0.005089622327957104,-0.07286724175868128,share,4,False,0.11175177409805254,48,38.35021075444953
b12-17_attn,|RQE| T850,24,0.0016741448331837698,0.0016777345423785543,3.5897091947845183e-06,-6.748832379344094e-06,1.3114987041262785e-05,0.21442046850617244,0.0020785229767954156,-0.003907726895367528,0.0075938747197807945,0.0019491533516676413,0.029020208809021366,share,6,False,-0.1389400071799872,48,63.490489397371014
b12-17_mlp,|RQE| T850,24,0.0016741448331837698,0.0016713399018044583,-2.8049313793114075e-06,-2.2457228313517894e-05,1.820587511550305e-05,-0.16754412902121424,-0.0016241188363402194,-0.013003244138161858,0.010541614288762047,0.0014947492112124452,-0.02267584640027633,share,8,False,0.11320088908191908,48,38.23780392339902
b18-23_attn,|RQE| T850,24,0.0016741448331837698,0.0016568076916883001,-1.7337141495469648e-05,-3.520000860438207e-05,1.275875464064784e-06,-1.0355819372269663,-0.010038597834789243,-0.020381602714198782,0.0007387608086585845,0.009909228209661468,-0.14015827997462052,share,3,False,0.148688209624793,48,35.57359220336857
b18-23_mlp,|RQE| T850,24,0.0016741448331837698,0.0016566349107354956,-1.7509922448274057e-05,-6.412335215676041e-05,3.807987983843001e-05,-1.0459024871208382,-0.010138641922170568,-0.037128874116214024,0.0220491134247816,0.010009272297042793,-0.14155508931390925,share,2,False,0.3039279327524416,48,25.623700810945174
adaln,|RQE| T850,24,0.0016741448331837698,0.001672626089809152,-1.5187433746177703e-06,-4.1330937544141e-06,1.4476193352190093e-06,-0.09071756185691127,-0.0008793868329460417,-0.0023931549514597987,0.0008382044022612349,0.0007500172078182673,-0.01227794438690489,share,10,False,-0.16095750875980214,48,66.41613625324428
head,|RQE| T850,24,0.0016741448331837698,0.0016655688729467026,-8.575960237067193e-06,-2.4353798198717414e-05,6.801484505558615e-06,-0.5122591586510493,-0.004965675332900618,-0.014101401083357546,0.003938213669692595,0.004836305707772843,-0.06933045082848104,share,5,False,0.033553402667400846,48,44.88344438927163
embed,SpecDiv> Q700,24,0.0021096930092123025,0.0019092864895355888,-0.00020040651967671388,-0.00022001625099316396,-0.0001861877364717657,-9.499321408451735,-0.48583394402375546,-0.5333726823945715,-0.451364169613111,0.48578859924663775,0.7792000049578519,share,1,True,0.047240988958252655,48,43.66944477172957
b0-5_attn,SpecDiv> Q700,24,0.0021096930092123025,0.0021121703806178025,2.4773714054996767e-06,1.37141754142552e-06,3.506040472226838e-06,0.117428052075911,0.006005748329381486,0.0033246482905293453,0.008499491300366088,0.005960403552263741,-0.009632260540035149,share,11,True,0.158184335400311,48,34.88835987996581
b0-5_mlp,SpecDiv> Q700,24,0.0021096930092123025,0.002075303898891434,-3.438911032086859e-05,-3.7192289346421604e-05,-3.164926911267685e-05,-1.6300528167227741,-0.08336753278090547,-0.09016311769493923,-0.07672549407716528,0.08332218800378771,0.13370819959222346,share,3,True,0.05349695061089701,48,43.125085786277744
b6-11_attn,SpecDiv> Q700,24,0.0021096930092123025,0.002120157929311972,1.0464920099669447e-05,6.427216794691049e-06,1.4957338983852725e-05,0.49603994770673965,0.025369501022808473,0.015581130242157966,0.03626021250380408,0.02532415624569073,-0.04068862533364695,share,9,True,0.2851430683089125,48,26.69985433320198
b6-11_mlp,SpecDiv> Q700,24,0.0021096930092123025,0.002090518864861224,-1.917414435107882e-05,-2.2723336041963193e-05,-1.5604861679700362e-05,-0.9088594533589455,-0.04648277006353221,-0.05508687036955161,-0.03782996435457237,0.04643742528641446,0.07455093475763397,share,5,True,-0.3028030884018847,48,89.69424161668863
b12-17_attn,SpecDiv> Q700,24,0.0021096930092123025,0.002095266778875763,-1.4426230336539447e-05,-1.651678491422596e-05,-1.2047902418999002e-05,-0.6838070882135491,-0.03497267650325094,-0.040040687151371435,-0.02920703357793877,0.034927331726133194,0.056090584118161216,share,7,True,0.3313962448802778,48,24.10475496619155
b12-17_mlp,SpecDiv> Q700,24,0.0021096930092123025,0.0020636149808221185,-4.6078028390184045e-05,-4.938286607891011e-05,-4.279485219740309e-05,-2.1841105880797427,-0.11170430134585511,-0.1197160283658254,-0.10374508703867202,0.11165895656873737,0.17915584786362262,share,2,True,0.018534900819793438,48,46.25302944723051
b18-23_attn,SpecDiv> Q700,24,0.0021096930092123025,0.0021252300527218417,1.5537043509539217e-05,1.3993937924775916e-05,1.7367244314906808e-05,0.7364599229221646,0.03766555668390869,0.033924694991883865,0.04210240672781725,0.03762021190679094,-0.060409533578013735,share,6,True,0.2215318943610844,48,30.589843165914445
b18-23_mlp,SpecDiv> Q700,24,0.0021096930092123025,0.00213393116913115,2.4238159918847185e-05,1.9450447689450814e-05,3.076802549912827e-05,1.1488951147397983,0.05875917035158367,0.04715259627899037,0.07458914611250472,0.058713825574465923,-0.09424031892476113,share,4,True,0.06109605433568824,48,42.47248795972758
adaln,SpecDiv> Q700,24,0.0021096930092123025,0.002102194974819819,-7.4980343924835324e-06,-8.050806900428143e-06,-6.905381390727902e-06,-0.35540878979748236,-0.01817705146121207,-0.01951710590712458,-0.016740317038874256,0.018131706684094327,0.02915308566418947,share,10,True,0.024330516665584525,48,45.719750059288074
head,SpecDiv> Q700,24,0.0021096930092123025,0.0020988409087294713,-1.0852100482831398e-05,-1.3108899778065583e-05,-9.028801226425763e-06,-0.5143923990573043,-0.02630812005029142,-0.031779148159767914,-0.02188800103268614,0.026262775273173677,0.04219402025276459,share,8,True,0.12248036737601381,48,37.52488113838116
embed,SpecDiv< Q700,24,0.0019752578446059488,0.001801570023720463,-0.00017368782088548565,-0.00019113359612674683,-0.0001610978074192341,-8.79317205901973,-0.4855201624215825,-0.5342874023208735,-0.4503265296621818,0.48542361292345626,0.7726506293666336,share,1,True,0.05881119261406854,48,42.66772307439285
b0-5_attn,SpecDiv< Q700,24,0.0019752578446059488,0.0019774401419757246,2.182297369775673e-06,1.1580959229225603e-06,3.1470270793458137e-06,0.11048164550947662,0.006100308979777287,0.0032372961888205787,0.00879707679513401,0.0060037594816510385,-0.009707954349510913,share,11,True,0.14838661352558527,48,35.5955407955138
b0-5_mlp,SpecDiv< Q700,24,0.0019752578446059488,0.0019453686254564673,-2.9889219149481505e-05,-3.243074849403153e-05,-2.732989263070825e-05,-1.5131806326502255,-0.08355115783091287,-0.09065564986653299,-0.07639691626838029,0.08345460833278662,0.13296225302032091,share,3,True,0.06567725422846366,48,42.08355918181133
b6-11_attn,SpecDiv< Q700,24,0.0019752578446059488,0.0019843073290151856,9.04948440923666e-06,5.3086734624230305e-06,1.321296391931052e-05,0.4581419298725516,0.025296575878518177,0.014839658811875638,0.036935004167066736,0.02520002638039193,-0.04025665005521722,share,9,True,0.28135941882647597,48,26.92043105900835
b6-11_mlp,SpecDiv< Q700,24,0.0019752578446059488,0.0019585461947523677,-1.671164985358094e-05,-2.000696949835401e-05,-1.3320812892440397e-05,-0.8460490309767537,-0.04671509441409126,-0.05592670246469899,-0.03723648098152653,0.04661854491596501,0.07434180883435303,share,5,True,-0.30237135681158533,48,89.60902872514717
b12-17_attn,SpecDiv< Q700,24,0.0019752578446059488,0.0019623918997240253,-1.2865944881923497e-05,-1.4745082444278523e-05,-1.0732553043150499e-05,-0.6513552100075406,-0.035964960680214465,-0.04121782855451774,-0.030001360314977216,0.03586841118208822,0.057234182337797555,share,7,True,0.32041563481762936,48,24.70437994568214
b12-17_mlp,SpecDiv< Q700,24,0.0019752578446059488,0.0019349854143608052,-4.0272430245143674e-05,-4.31701704049677e-05,-3.744131936400663e-05,-2.038844212421177,-0.1125759812867108,-0.12067621114670136,-0.10466200431448872,0.11247943178858455,0.1791519889903483,share,2,True,0.013141731306248091,48,46.754758424792925
b18-23_attn,SpecDiv< Q700,24,0.0019752578446059488,0.0019894122985230447,1.4154453917096058e-05,1.2682181356164317e-05,1.60272496335286e-05,0.7165876574417442,0.039566808598216284,0.03545127528524032,0.04480194872369619,0.039470259100090034,-0.06296611743776673,share,6,True,0.2356388393898535,48,29.692604780377305
b18-23_mlp,SpecDiv< Q700,24,0.0019752578446059488,0.001998340907448437,2.308306284248829e-05,1.8591740445117467e-05,2.9388083870192835e-05,1.1686101085751268,0.06452549386212639,0.05197062634900993,0.0821503038104353,0.06442894436400014,-0.10268505265384752,share,4,True,0.04730679213116446,48,43.66368510286237
adaln,SpecDiv< Q700,24,0.0019752578446059488,0.0019687111295449236,-6.546715061025073e-06,-7.0755152288863124e-06,-6.005190213424309e-06,-0.33143597322764207,-0.018300432025411706,-0.019778619396752056,-0.016786674580462284,0.01820388252728546,0.029123075448796446,share,10,True,0.05308397193196206,48,43.16082150968527
head,SpecDiv< Q700,24,0.0019752578446059488,0.001965351009857841,-9.90683474810794e-06,-1.198859499709215e-05,-8.204412491371234e-06,-0.5015464069747456,-0.027693179587740993,-0.03351245101999644,-0.02293429478863995,0.027596630089614743,0.04407057480560798,share,8,True,0.08662011834938052,48,40.34734271792045
embed,SpecRes Q700,24,0.0008286694549800208,0.0007605541783656614,-6.811527661435927e-05,-7.8422061233141e-05,-5.808900253517398e-05,-8.219836776293574,-0.2912720357541651,-0.3353455283274802,-0.24839805201322734,0.29123763596116753,0.8021492491280975,share,1,True,0.35049457637024495,48,23.08506889233231
b0-5_attn,SpecRes Q700,24,0.0008286694549800208,0.0008287956073521249,1.2615237210411578e-07,-4.939939117321046e-07,7.770003927968598e-07,0.015223485232378611,0.0005394481247725957,-0.002112398561265491,0.0033225804465722075,0.0005050483317750289,-0.0014856143230828852,share,11,False,0.08314732721231559,48,40.630602308805166
b0-5_mlp,SpecRes Q700,24,0.0008286694549800208,0.0008220830119777626,-6.586443002258117e-06,-8.63710741517328e-06,-4.865167071936109e-06,-0.7948215012241422,-0.028164704850395808,-0.03693368044422762,-0.02080424814759142,0.028130305057398244,0.07756424947957409,share,6,True,0.32580431474578814,48,24.408875829014935
b6-11_attn,SpecRes Q700,24,0.0008286694549800208,0.0008328448451114431,4.1753901314223185e-06,2.115605047947611e-06,6.214103344367079e-06,0.50386678383397,0.01785464941341587,0.009046672344241571,0.026572519726345833,0.017820249620418307,-0.04917085014129156,share,8,True,0.4697814233880111,48,17.315834363118583
b6-11_mlp,SpecRes Q700,24,0.0008286694549800208,0.0008212324155465467,-7.437039433474031e-06,-8.752554549573688e-06,-5.912750551336408e-06,-0.8974675473773,-0.031801993964380826,-0.037427351226028464,-0.025283886017887204,0.03176759417138326,0.08758116965555483,share,4,True,-0.1893745238850021,48,70.42706999549213
b12-17_attn,SpecRes Q700,24,0.0008286694549800208,0.0008218836270922717,-6.785827887748989e-06,-7.584714361049313e-06,-5.5015710889468525e-06,-0.8188823477163879,-0.029017307150234296,-0.032433476047735284,-0.02352561555311952,0.028982907357236732,0.0799122754163913,share,5,True,0.33973050811984506,48,23.656202063148328
b12-17_mlp,SpecRes Q700,24,0.0008286694549800208,0.0008231344393910452,-5.5350155889755115e-06,-6.8018714955542235e-06,-4.248788021262348e-06,-0.6679401003273326,-0.02366862969168464,-0.02908591223471085,-0.01816851076517699,0.023634229898687076,0.06518227362924708,share,7,True,0.15950279168329032,48,34.79410855116052
b18-23_attn,SpecRes Q700,24,0.0008286694549800208,0.0008295864754472859,9.170204672651986e-07,-5.777147331779512e-07,2.5471224641175155e-06,0.11066179183439408,0.003921329129158417,-0.002470402452750856,0.010891911217494405,0.0038869293361608495,-0.010799152786480914,share,10,False,0.36525738491627197,48,22.316411440533948
b18-23_mlp,SpecRes Q700,24,0.0008286694549800208,0.0008515981147259785,2.2928659745957702e-05,1.7979723421982876e-05,2.8908054537168935e-05,2.766924689713646,0.09804668986562992,0.0768842307294366,0.1236155575261746,0.09801229007263236,-0.2700158923652726,share,2,True,0.5176151047947437,48,15.257145831441845
adaln,SpecRes Q700,24,0.0008286694549800208,0.0008268779941621082,-1.7914608179125935e-06,-2.143909296137281e-06,-1.3712212724688774e-06,-0.2161852119860971,-0.007660578732748219,-0.009167705927315334,-0.005863565874695869,0.007626178939750652,0.021096867272033637,share,9,True,0.45816700063160415,48,17.836080475293752
head,SpecRes Q700,24,0.0008286694549800208,0.0008179986252798699,-1.0670829700150838e-05,-1.388710467532898e-05,-8.018202591604984e-06,-1.287706411286526,-0.045630208734904046,-0.059383525261373624,-0.0342871424448384,0.04559580894190648,0.12566341145483012,share,3,True,0.6028270959900311,48,11.894170893525422
embed,SpecResLog Q700,24,0.16229170082466784,0.15386181638885385,-0.00842988443581401,-0.009119425996171505,-0.007913334170799731,-5.19427943202176,-0.28376060258404956,-0.3069714461209449,-0.26637286547075323,0.2837330812690568,0.6930010697313511,share,1,True,-0.10151315061978756,48,58.84630505857933
b0-5_attn,SpecResLog Q700,24,0.16229170082466784,0.162386425141143,9.472431647512998e-05,3.739527146931029e-05,0.00014032428071431748,0.05836670390032179,0.0031885406409785013,0.0012587722698598242,0.004723493276313589,0.0031610193259857693,-0.007787064359737854,share,11,True,0.1580314964071716,48,34.899299628587784
b0-5_mlp,SpecResLog Q700,24,0.16229170082466784,0.1605995893903837,-0.0016921114342841267,-0.0018034395103434804,-0.0015762510141928057,-1.0426358376219143,-0.056958617153979915,-0.06070606140279002,-0.0530586084562237,0.05693109583898718,0.1391045207075034,share,3,True,-0.15957901521807763,48,66.22846613582676
b6-11_attn,SpecResLog Q700,24,0.16229170082466784,0.1628671616172472,0.0005754607925793622,0.0004505213131501547,0.0007054570366411391,0.3545842391540788,0.019370740193314,0.01516511884235583,0.023746578655810195,0.019343218878321272,-0.047307284919789125,share,8,True,0.06102800831033536,48,42.47829015642854
b6-11_mlp,SpecResLog Q700,24,0.16229170082466784,0.16134045964303306,-0.0009512411816347861,-0.0010654908796201847,-0.0007872675423915538,-0.5861305148699263,-0.032019984729172106,-0.03586577447780131,-0.02650042404790327,0.03199246341417938,0.07819931120820474,share,5,True,-0.4343085750471367,48,121.70382750277552
b12-17_attn,SpecResLog Q700,24,0.16229170082466784,0.16155658525443775,-0.0007351155702301062,-0.0008373525115438509,-0.0006301133377707514,-0.45295943445949205,-0.02474492251533096,-0.028186347637398714,-0.021210414185803685,0.024717401200338232,0.06043213052616936,share,7,True,0.33593404195709714,48,23.85983513030578
b12-17_mlp,SpecResLog Q700,24,0.16229170082466784,0.15996876828412845,-0.0023229325405393804,-0.002502851944189667,-0.002142832000040682,-1.4313316877792568,-0.07819285572470626,-0.08424917106154138,-0.07213044309179942,0.07816533440971353,0.1909628474464502,share,2,True,0.10203812442253019,48,39.11132389390264
b18-23_attn,SpecResLog Q700,24,0.16229170082466784,0.16362187909986461,0.0013301782751967714,0.0012645942647411864,0.0014005482419263884,0.8196218712587355,0.044775487942688486,0.04256784696392359,0.04714423028014942,0.04474796662769575,-0.10935084278599051,share,4,True,0.1644400621825897,48,34.44305835721646
b18-23_mlp,SpecResLog Q700,24,0.16229170082466784,0.16312244261659786,0.0008307417919300291,0.000613085764037245,0.0010976365082520439,0.511881869318458,0.027963822430153554,0.02063724445614089,0.03694783711109987,0.027936301115160826,-0.06829333840357187,share,6,True,0.1259641679182301,48,37.26026203612878
adaln,SpecResLog Q700,24,0.16229170082466784,0.16196461552237254,-0.00032708530229531304,-0.000351387307788504,-0.000301025598485316,-0.2015416072622717,-0.01101010615061198,-0.011828142480202879,-0.010132903466210938,0.010982584835619248,0.026888917174362953,share,10,True,0.09383472553194949,48,39.76463002974572
head,SpecResLog Q700,24,0.16229170082466784,0.16178756833649174,-0.0005041324881761266,-0.0005925190096860666,-0.00043500283308809735,-0.3106335601971213,-0.01696973899420252,-0.01994494141778673,-0.014642747119810057,0.01694221767920979,0.0414435519552467,share,9,True,0.0913639541734805,48,39.96332298944526
embed,SpecDivW1 Q700,24,0.580204359474288,0.5262867908073711,-0.05391756866691694,-0.05637413141889117,-0.05184892385714615,-9.292858246665125,-0.6449944162602681,-0.6743812988180595,-0.6202480416644376,0.6449646826991856,0.7329331670589876,share,1,True,0.11316565949365368,48,38.24053318682826
b0-5_attn,SpecDivW1 Q700,24,0.580204359474288,0.5808151403838205,0.0006107809095324846,0.00046714687312565174,0.0007053019424025768,0.1052699621364275,0.007306528946816975,0.005588292131658509,0.008437246446283348,0.007276795385734393,-0.008302703505944468,share,11,True,-0.0716983706929006,48,55.41466283071816
b0-5_mlp,SpecDivW1 Q700,24,0.580204359474288,0.5718205880241825,-0.008383771450105595,-0.00906761674850918,-0.007735848041756709,-1.4449687102837299,-0.10029172134830178,-0.10847229050157645,-0.0925408714698321,0.10026198778721919,0.11396552761465566,share,3,True,0.21546747411281122,48,30.981957184886337
b6-11_attn,SpecDivW1 Q700,24,0.580204359474288,0.5846230851250539,0.004418725650765853,0.0038208345639520387,0.004906820121499321,0.7615809117273051,0.05285945642943554,0.04570712330200885,0.0586983363347115,0.052829722868352955,-0.06006633210016721,share,6,True,0.19484518214231292,48,32.3451371230167
b6-11_mlp,SpecDivW1 Q700,24,0.580204359474288,0.5754046321168488,-0.004799727357439206,-0.005346478436921481,-0.004216119179749166,-0.8272477238516696,-0.057417228218220415,-0.06395779379024932,-0.05043575584843838,0.057387494657137834,0.06524551199331256,share,5,True,-0.2893699051086054,48,87.09137973486986
b12-17_attn,SpecDivW1 Q700,24,0.580204359474288,0.5761299272686647,-0.0040744322056232895,-0.004427660565929668,-0.003565828631432606,-0.7022408810087285,-0.04874081096447002,-0.05296634126369098,-0.042656588816591706,0.04871107740338744,0.055386149158223395,share,7,True,0.24734733775752576,48,28.963326167503816
b12-17_mlp,SpecDivW1 Q700,24,0.580204359474288,0.5691945507059005,-0.011009808768387539,-0.012141295103062881,-0.009765969349879298,-1.8975742923343968,-0.13170596069663912,-0.14524148141807308,-0.11682640474673413,0.13167622713555652,0.14966279468531365,share,2,True,0.42794482502648,48,19.229488365014216
b18-23_attn,SpecDivW1 Q700,24,0.580204359474288,0.5837540024508175,0.0035496429765295204,0.0028939841574743474,0.004141743989639877,0.611791848607581,0.04246296626842938,0.034619580750160056,0.0495460350484309,0.042433232707346794,-0.04825238105205604,share,8,True,0.44929171579705707,48,18.239252562900035
b18-23_mlp,SpecDivW1 Q700,24,0.580204359474288,0.5865331981359799,0.0063288386616919086,0.005372943880822149,0.007334429515394011,1.090794744704495,0.07570937820696072,0.06427438936311784,0.08773886139243352,0.07567964464587813,-0.08603161972630648,share,4,True,0.2972828972651847,48,26.000821410949445
adaln,SpecDivW1 Q700,24,0.580204359474288,0.5785348693880393,-0.0016694900862487597,-0.0017831897551060685,-0.0015314762998225786,-0.28774173426781086,-0.01997144549088394,-0.021331589380098354,-0.01832044148953986,0.019941711929801355,0.022694358936082456,share,10,True,0.36010426488016056,48,22.582824036992932
head,SpecDivW1 Q700,24,0.580204359474288,0.5769771471646005,-0.0032272123096874945,-0.0036701737421001492,-0.0029228140541537654,-0.5562199347505092,-0.03860585651949171,-0.043904827849037556,-0.034964461330633904,0.03857612295840913,0.043869391691660965,share,9,True,0.29918903748628495,48,25.892249110833063
embed,|RQE| Q700,24,0.07596193141459177,0.07107783307825837,-0.004884098336333409,-0.00621926654324246,-0.003408586684236071,-6.429665814678334,-0.16250900927551026,-0.2069341718294318,-0.11341418762275451,0.16240417195096266,0.6630185284381864,share,1,True,-0.04800512106051421,48,52.840878584287324
b0-5_attn,|RQE| Q700,24,0.07596193141459177,0.07594075581679742,-2.1175597794353962e-05,-0.00013215425230252246,5.26965042809024e-05,-0.02787659212978657,-0.0007045774227716594,-0.004397179404326123,0.001753375160214535,0.0005997400982240359,0.002874596849119021,share,11,False,-0.21864863496114656,48,74.86405872628929
b0-5_mlp,|RQE| Q700,24,0.07596193141459177,0.0755565701595818,-0.00040536125500996906,-0.0008112126175547019,1.639268981913721e-05,-0.5336373726433473,-0.013487618678824786,-0.026991544746327728,0.0005454353287793587,0.013382781354277161,0.05502797123948392,share,5,False,0.1437922144434398,48,35.931328424641215
b6-11_attn,|RQE| Q700,24,0.07596193141459177,0.07583961333148181,-0.00012231808310995498,-0.0004243584184829767,0.00019200896689047415,-0.16102550426523055,-0.0040698997304794175,-0.014119712875634306,0.006388730290146056,0.0039650624059317935,0.016604734360411117,share,10,False,0.0742871354015693,48,41.36158391593801
b6-11_mlp,|RQE| Q700,24,0.07596193141459177,0.07557742514957984,-0.0003845062650119265,-0.0007131922999784971,-0.00017608013974192269,-0.5061828442899036,-0.012793708865866994,-0.023730106584921196,-0.005858729102501,0.01268887154131937,0.05219689704176912,share,6,True,-0.11780480232005452,48,60.819454302706546
b12-17_attn,|RQE| Q700,24,0.07596193141459177,0.07571671227924526,-0.000245219135346512,-0.000380278280742156,-7.474167699304731e-05,-0.32281845758783206,-0.008159196641088797,-0.012653030794379053,-0.0024868860213917627,0.008054359316541172,0.03328860703987884,share,9,True,0.26916517576137305,48,27.640272703203923
b12-17_mlp,|RQE| Q700,24,0.07596193141459177,0.07561562635237351,-0.0003463050622182588,-0.0007096708761916185,6.381718170207918e-06,-0.4558929134228622,-0.011522637075000414,-0.023612937959017883,0.00021233943829529296,0.011417799750452791,0.047011066717181395,share,7,False,-0.12267243489476012,48,61.423211829078134
b18-23_attn,|RQE| Q700,24,0.07596193141459177,0.07691719251063962,0.0009552610960478584,0.0007550240406999364,0.0011553621249428638,1.257552405867815,0.03178448172579511,0.025121977565556397,0.038442459866577114,0.031679644401247486,-0.12967712002526408,share,3,True,0.08109100190245294,48,40.79918511121056
b18-23_mlp,|RQE| Q700,24,0.07596193141459177,0.07413306620825703,-0.00182886520633474,-0.0026781641834531912,-0.0010218221694231035,-2.4076075637848082,-0.06085198378766255,-0.08911077913653696,-0.0339991738441045,0.06074714646311493,0.24826926779819122,share,2,True,-0.10960723126606309,48,59.81758721659866
adaln,|RQE| Q700,24,0.07596193141459177,0.0756837921605135,-0.000278139254078269,-0.00034794310146632295,-0.0001982075705503424,-0.36615611122394437,-0.00925455048368694,-0.011577139690841919,-0.006594976944142168,0.009149713159139317,0.037757527846646544,share,8,True,0.12687423865224653,48,37.191405311401034
head,|RQE| Q700,24,0.07596193141459177,0.07548109802883118,-0.0004808333857605855,-0.0007244277745485305,-0.00023642443993594512,-0.632992575104825,-0.01599880914871241,-0.0241039454627205,-0.00786657001082237,0.015893971824164785,0.06527334666448688,share,4,True,0.012628911107619952,48,46.80274456611612
embed,Vag/Vg 850hPa,24,0.2748489857961734,0.2785453237593174,0.0036963379631439843,0.0036283240964015326,0.003738714676971237,1.3448614163288817,0.4780827847366247,0.46928590005314735,0.483563770933376,0.47806536513592696,0.7474204607108945,share,1,True,-0.2518258538641577,48,80.31237285573052
b0-5_attn,Vag/Vg 850hPa,24,0.2748489857961734,0.2748950868844986,4.6101088325182595e-05,3.680765318373839e-05,5.727050205071766e-05,0.01677324301984906,0.005962695215008362,0.0047606862546556794,0.007407342449926604,0.005945275614310656,0.009321901032548902,share,8,True,0.09879311938115755,48,39.368584956254
b0-5_mlp,Vag/Vg 850hPa,24,0.2748489857961734,0.2750408158948024,0.0001918300986289978,0.00017628904121617478,0.0002026981363693873,0.06979472675633522,0.02481122361193578,0.02280114983628066,0.0262168910047325,0.024793804011238072,0.0387891318718999,share,4,True,-0.06917133889026471,48,55.13391068722428
b6-11_attn,Vag/Vg 850hPa,24,0.2748489857961734,0.27487518390019733,2.619810402393341e-05,1.4217399681607883e-05,3.797495737671852e-05,0.009531817608147112,0.0033884516652607755,0.001838872445991197,0.004911664883985343,0.0033710320645630692,0.0052974049382284545,share,9,True,-0.004014958371134809,48,48.386989751370756
b6-11_mlp,Vag/Vg 850hPa,24,0.2748489857961734,0.27495289718111354,0.0001039113849401474,8.214561579128107e-05,0.00012088866593937078,0.03780671943872754,0.013439854464977098,0.010624679112944714,0.01563568879027273,0.013422434864279393,0.021011470265833686,share,6,True,-0.056417917157219784,48,53.739956433652985
b12-17_attn,Vag/Vg 850hPa,24,0.2748489857961734,0.2748337108641863,-1.5274931987126667e-05,-2.7767584348718326e-05,1.7279138167699077e-07,-0.005557572622245177,-0.001975653225944913,-0.003591447584936989,2.2348764034650275e-05,0.0019582336252472066,-0.0030886777175090988,share,10,False,0.1448101467555944,48,35.85669909728276
b12-17_mlp,Vag/Vg 850hPa,24,0.2748489857961734,0.2749935357520978,0.00014454995592435202,0.00012362368094424406,0.00016207080334424974,0.05259250111679493,0.018696030003460654,0.01598943447123154,0.020962168979109273,0.018678610402762946,0.029228819369326208,share,5,True,0.01533655824624446,48,46.549929499059374
b18-23_attn,Vag/Vg 850hPa,24,0.2748489857961734,0.274753554413716,-9.543138245741527e-05,-0.00010643076772491138,-8.666990324854851e-05,-0.03472138788541381,-0.01234305453976957,-0.013765710366024898,-0.0112098485341628,0.012325634939071864,-0.019296765759462688,share,7,True,0.06288285476803605,48,42.320395676107765
b18-23_mlp,Vag/Vg 850hPa,24,0.2748489857961734,0.2754379138350487,0.0005889280388752619,0.0005385890137404204,0.0006350902219613393,0.21427331709785094,0.07617170281569213,0.06966087465080159,0.08214230000116766,0.07615428321499443,0.11908458331751455,share,2,True,0.18931118178002704,48,32.71899219539667
adaln,Vag/Vg 850hPa,24,0.2748489857961734,0.27486011137564975,1.1125579476356506e-05,6.480747833848e-06,1.5127643321951221e-05,0.004047888131778365,0.0014389777317172139,0.0008382171766962992,0.001956602972448254,0.0014215581310195076,0.0022496551508025993,share,11,True,0.36064737206724273,48,22.554650654376683
head,Vag/Vg 850hPa,24,0.2748489857961734,0.27511140952507657,0.00026242372890313465,0.00023939842358231545,0.0002814119371275107,0.09547924222567325,0.03394177381666347,0.03096369059025167,0.036397700616535196,0.03392435421596576,0.05306356353611691,share,3,True,-0.03625102487885639,48,51.61100087077422
embed,|Vag| 850hPa,24,2.655644198258718,2.6953539301951728,0.03970973193645477,0.038918704042832056,0.04026148729026317,1.4952956409782638,0.3819993592621783,0.37438983550598837,0.38730713096815633,0.38198683752544454,0.7417528522778754,share,1,True,-0.0660350233948777,48,54.787580267679054
b0-5_attn,|Vag| 850hPa,24,2.655644198258718,2.655951206882795,0.00030700862407684326,0.00018305281798044839,0.0004516770442326863,0.011560608317866755,0.002953359087716557,0.0017609300231884249,0.004345039190051125,0.002940837350982773,0.005734728276366083,share,8,True,0.3149593068609229,48,25.006061479705906
b0-5_mlp,|Vag| 850hPa,24,2.655644198258718,2.6590676407019296,0.0034234424432118735,0.0032498620450496676,0.003566364571452141,0.1289119395383084,0.03293280402573869,0.03126299671037971,0.03430768516317715,0.032920282289004905,0.06394775469462045,share,3,True,-0.08627056642303009,48,57.063924256209525
b6-11_attn,|Vag| 850hPa,24,2.655644198258718,2.655592525998751,-5.167225996653239e-05,-0.0001587157448132833,5.699632068475083e-05,-0.001945752371511719,-0.0004970763900000864,-0.0015268124428670347,0.0005482927463906794,0.0004845546532663025,-0.0009652053626338618,share,11,False,-0.14930961372819854,48,64.84951793181231
b6-11_mlp,|Vag| 850hPa,24,2.655644198258718,2.6571468661228814,0.0015026678641637166,0.0012956989308198293,0.0016568820923566817,0.056583930375499934,0.014455352209704522,0.0124643541326825,0.015938860999265076,0.014442830472970737,0.028068891929398664,share,6,True,-0.1336819171208491,48,62.813801416854126
b12-17_attn,|Vag| 850hPa,24,2.655644198258718,2.6554774343967438,-0.0001667638619740804,-0.00028136074542999266,-2.833592394987748e-05,-0.006279601088256702,-0.0016042336554708166,-0.00270663183140545,-0.0002725856928542487,0.0015917119187370326,-0.0031150442031211457,share,9,True,0.06077311889608389,48,42.500030864191245
b12-17_mlp,|Vag| 850hPa,24,2.655644198258718,2.6576218555370965,0.0019776572783788047,0.0017856966704130172,0.0021388821303844454,0.07446996399877426,0.01902465154863832,0.017178030439136675,0.02057560108065354,0.019012129811904536,0.03694139586268243,share,5,True,-0.0652058748996166,48,54.6964092116978
b18-23_attn,|Vag| 850hPa,24,2.655644198258718,2.654469281435013,-0.0011749168237050374,-0.0012876557807127635,-0.0010833010077476505,-0.04424225295223734,-0.0113024553920408,-0.012386980702102174,-0.010421130304024405,0.011289933655307016,-0.021946708342606838,share,7,True,0.06814898450593454,48,41.87510299829961
b18-23_mlp,|Vag| 850hPa,24,2.655644198258718,2.6612286319335303,0.005584433674812317,0.00511695221066475,0.005981948971748352,0.21028546212907512,0.05372109006009297,0.04922401563871226,0.057545104509988475,0.05370856832335919,0.1043137136578331,share,2,True,0.16535877106792657,48,34.37806449255647
adaln,|Vag| 850hPa,24,2.655644198258718,2.6557212620973587,7.70638386408488e-05,2.2283072272936503e-05,0.0001232034216324488,0.0029018886901859393,0.0007413380939009269,0.00021435851907225203,0.0011851912825253188,0.0007288163571671428,0.0014395041047067546,share,10,True,0.367953042290355,48,22.177847508031284
head,|Vag| 850hPa,24,2.655644198258718,2.658542344967524,0.002898146708806356,0.0027183021108309426,0.003056648497780164,0.10913158888930395,0.027879568353254874,0.02614950073901589,0.02940432258546159,0.02786704661652109,0.054135560295821394,share,4,True,-0.15800358467916698,48,66.01473718082316
embed,Vag/Vg 500hPa,24,0.1607589414343238,0.16445826614896455,0.003699324714640776,0.003580438594023387,0.0038230884432171783,2.30116264864315,0.5215505175480141,0.5047893185400226,0.5389993877261926,0.5214685130695832,0.7310232785742476,share,1,True,0.23293722882300932,48,29.862844722146832
b0-5_attn,Vag/Vg 500hPa,24,0.1607589414343238,0.16079170008500418,3.275865068038305e-05,2.4340030116339524e-05,4.598099427918593e-05,0.02037749837620461,0.00461848919315196,0.0034315871905134542,0.0064826456755122715,0.004536484714721158,0.006473434496643676,share,7,True,0.31846765591025655,48,24.811797520905117
b0-5_mlp,Vag/Vg 500hPa,24,0.1607589414343238,0.16099041079481444,0.00023146936049064,0.00021669198758900166,0.00024196694139391183,0.1439853724000815,0.03263378429112135,0.030550391488552008,0.03411378920429784,0.03255177981269055,0.045740642914009026,share,4,True,-0.06237607508620625,48,54.38646588377783
b6-11_attn,Vag/Vg 500hPa,24,0.1607589414343238,0.1607729730506738,1.4031616350015005e-05,-1.4101387932896614e-06,3.166033420711756e-05,0.008728358264132674,0.0019782520686606278,-0.00019880888383332193,0.004463642682166846,0.0018962475902298255,0.00277278665138214,share,9,False,0.21450325982514726,48,31.0446622710763
b6-11_mlp,Vag/Vg 500hPa,24,0.1607589414343238,0.1608655070886016,0.00010656565427780151,9.700364122788112e-05,0.00011792490258812904,0.06628909927311115,0.015024193989098674,0.013676090418939081,0.01662568136644641,0.014942189510667872,0.02105843092531361,share,5,True,-0.03352198330321202,48,51.32972953498431
b12-17_attn,Vag/Vg 500hPa,24,0.1607589414343238,0.1607851879671216,2.6246532797813416e-05,1.8004196075101694e-05,3.292620337257782e-05,0.016326639478735392,0.0037003761011743935,0.002538327534169176,0.0046421116648384525,0.0036183716227435915,0.005186575371750578,share,8,True,0.13397207073985778,48,36.65816970021581
b12-17_mlp,Vag/Vg 500hPa,24,0.1607589414343238,0.1608502408489585,9.129941463470459e-05,6.97196771701177e-05,0.00011410661196957031,0.05679274435382116,0.012871878147410693,0.009829451728701874,0.016087358401615407,0.012789873668979893,0.018041670457861494,share,6,True,0.2575467264389319,48,28.339111686011673
b18-23_attn,Vag/Vg 500hPa,24,0.1607589414343238,0.1607520574082931,-6.884026030699412e-06,-2.3155356757342815e-05,5.429447628557679e-06,-0.004282204130780372,-0.000970546685160057,-0.0032645656254519304,0.0007654724683851039,0.0008885422067292549,-0.00136035186606781,share,11,False,0.259428423643193,48,28.225054316542597
b18-23_mlp,Vag/Vg 500hPa,24,0.1607589414343238,0.16135176892081896,0.0005928274864951769,0.0005596105164537827,0.0006307353110363086,0.36876797097931235,0.08357997911742433,0.07889687361768226,0.08892442628917427,0.08349797463899354,0.11714859501018886,share,2,True,0.35445984500849215,48,22.87696276399992
adaln,Vag/Vg 500hPa,24,0.1607589414343238,0.16076777161409458,8.830179770787558e-06,5.345287111898264e-06,1.2674322351813314e-05,0.005492807860018801,0.0012449258134246974,0.0007536070701281984,0.0017868935257283817,0.0011629213349938952,0.0017449311602449962,share,10,True,0.2768631467371458,48,27.18425153495521
head,Vag/Vg 500hPa,24,0.1607589414343238,0.16108376594881216,0.0003248245144883792,0.0003038259533544381,0.0003463441195587317,0.202056888152055,0.04579549153206665,0.04283500245041704,0.04882944016530013,0.04571348705363585,0.06418854787275445,share,3,True,0.218561568552546,48,30.78141119617983
embed,|Vag| 500hPa,24,2.6122035483519235,2.675046091278394,0.06284254292647044,0.061709862450758615,0.0640087670336167,2.4057291770436,0.4319889739153932,0.42420276009127617,0.44000577164413845,0.43191881398889187,0.7339117835817325,share,1,True,0.01675850222633241,48,46.417700751746665
b0-5_attn,|Vag| 500hPa,24,2.6122035483519235,2.6125794053077698,0.0003758569558461507,0.0002395836015542348,0.0005905384818712871,0.014388501848689556,0.002583696539538827,0.0016469332618106586,0.004059449235522197,0.002513536613037557,0.004389476236813096,share,8,True,0.2999942199003838,48,25.846482184633338
b0-5_mlp,|Vag| 500hPa,24,2.6122035483519235,2.617010513941447,0.004806965589523315,0.004524597277243933,0.005024485165874163,0.18401956434658773,0.03304379542843255,0.031102753710395836,0.03453905730388306,0.032973635501931275,0.05613854126735311,share,4,True,0.09014721558606945,48,40.061500894069475
b6-11_attn,|Vag| 500hPa,24,2.6122035483519235,2.612330734729767,0.00012718637784322104,-0.0001531749963760376,0.00044011411567528995,0.004868930597826679,0.000874298051954952,-0.001052947675771194,0.003025409800152521,0.0008041381254536819,0.001485356528608909,share,10,False,0.2919107488219852,48,26.3085387961487
b6-11_mlp,|Vag| 500hPa,24,2.6122035483519235,2.614075427254041,0.0018718789021174114,0.0017114071796337765,0.0020447743435700735,0.07165899852246992,0.012867573598441429,0.011764467143642932,0.014056082542695563,0.012797413671940159,0.021860891041748997,share,5,True,-0.0949607952305331,48,58.07275297477669
b12-17_attn,|Vag| 500hPa,24,2.6122035483519235,2.612590809663137,0.0003872613112131755,0.00024912208318710326,0.0004955383638540903,0.014825081738270518,0.0026620917721908843,0.0017125022012807708,0.0034064043141524784,0.0025919318456896143,0.004522662934840357,share,7,True,0.15254130995826137,48,35.294194464471374
b12-17_mlp,|Vag| 500hPa,24,2.6122035483519235,2.6139804969231286,0.0017769485712051392,0.001427950958410899,0.0021244342128435767,0.06802488926738659,0.012215008403996258,0.009815946977944363,0.014603676315754035,0.012144848477494988,0.020752239398588272,share,6,True,0.248105749077438,48,28.916559410899513
b18-23_attn,|Vag| 500hPa,24,2.6122035483519235,2.612031176686287,-0.0001723716656366984,-0.00045632806917031605,4.0268773833910566e-05,-0.006598707277059253,-0.0011849084315001444,-0.0031368669246935126,0.0002768135323501475,0.0011147485049988741,-0.002013056612212566,share,9,False,0.31365329818407855,48,25.07864269263822
b18-23_mlp,|Vag| 500hPa,24,2.6122035483519235,2.6218235741058984,0.009620025753974915,0.009237094099322956,0.010076948503653208,0.3682724403327729,0.06612948587013341,0.06349715680021692,0.06927044071696511,0.06605932594363215,0.11234825852707532,share,2,True,0.1304197995299165,48,36.92420253070715
adaln,|Vag| 500hPa,24,2.6122035483519235,2.612261007229487,5.745887756347656e-05,-1.9246091445287064e-06,0.00011855003734429677,0.002199632475031595,0.00039498085858841224,-1.3230049116661912e-05,0.0008149305646322395,0.00032482093208714225,0.0006710382067854353,share,11,False,0.20790723770486086,48,31.476301659065452
head,|Vag| 500hPa,24,2.6122035483519235,2.6173627078533173,0.005159159501393636,0.004875674719611803,0.005405975505709648,0.19750220095400386,0.03546482868907137,0.03351611219384852,0.03716147856167639,0.0353946687625701,0.060251666707388386,share,3,True,0.08582637090677882,48,40.41192530609654
embed,Vag/Vg 250hPa,24,0.20118561821679273,0.20365182807048163,0.0024662098536888757,0.0024061653297394515,0.002523952318976323,1.2258380472461743,0.2222520813193574,0.216840935791888,0.227455767887818,0.22218153747020847,0.6835859175940859,share,1,True,-0.17241187938626248,48,67.9997317612614
b0-5_attn,Vag/Vg 250hPa,24,0.20118561821679273,0.2012127535417676,2.7135324974854786e-05,1.8869534445305667e-05,3.476063720881939e-05,0.013487706136933912,0.0024454052212620186,0.0017005013980150767,0.0031325898548704087,0.002374861372113079,0.007521389955686192,share,7,True,-0.015599540455539601,48,49.521287265981975
b0-5_mlp,Vag/Vg 250hPa,24,0.20118561821679273,0.20144498875985542,0.0002593705430626869,0.00024529151463260256,0.0002774049062281847,0.12892101600582379,0.0233741840510408,0.022105397712011192,0.02499942074483056,0.02330364020189186,0.07189252383011147,share,3,True,-0.16646329176932753,48,67.17189231386918
b6-11_attn,Vag/Vg 250hPa,24,0.20118561821679273,0.20117479655891657,-1.0821657876173655e-05,-2.9687521358331045e-05,1.225444333006934e-05,-0.005378942079504161,-0.0009752357378298883,-0.002675406312740463,0.001104356764873108,0.0009046918886809487,-0.0029995553371536684,share,9,False,0.2624859551220082,48,28.040449884230544
b6-11_mlp,Vag/Vg 250hPa,24,0.20118561821679273,0.20119803150494894,1.2413288156191507e-05,-1.0626840715607008e-05,3.683290754755337e-05,0.006170067356810391,0.0011186716834351506,-0.0009576790326095681,0.003319340546483735,0.001048127834286211,0.003440724625245319,share,8,False,0.06151311658730041,48,42.4369418520556
b12-17_attn,Vag/Vg 250hPa,24,0.20118561821679273,0.20119277263681093,7.154420018196106e-06,-9.555517074962458e-06,2.1947671969731633e-05,0.0035561289527597725,0.0006447483523344791,-0.0008611325410189459,0.001977899718505767,0.0005742045031855395,0.00198306756648336,share,10,False,0.3179962786342173,48,24.83783843417271
b12-17_mlp,Vag/Vg 250hPa,24,0.20118561821679273,0.20125048762808243,6.486941128969193e-05,4.833042621612548e-05,8.066659017155566e-05,0.03224356286729712,0.005845958993120733,0.0043554841051010665,0.007269583134520072,0.005775415143971794,0.01798055261758207,share,6,True,0.017451893066065493,48,46.35335533231594
b18-23_attn,Vag/Vg 250hPa,24,0.20118561821679273,0.20128457186122736,9.895364443461101e-05,7.786734495311976e-05,0.00011364689562469718,0.04918524758960701,0.008917592068181893,0.007017318277581777,0.010241731477267535,0.008847048219032953,0.027428046209828343,share,5,True,0.21583462666765468,48,30.958106550325574
b18-23_mlp,Vag/Vg 250hPa,24,0.20118561821679273,0.20178053434938192,0.0005949161325891813,0.0005579146168505152,0.0006335691859324774,0.29570509953058083,0.05361317832731711,0.05027864299870798,0.05709654838280772,0.05354263447816817,0.16489930480944567,share,2,True,0.3404942769282102,48,23.615374755636687
adaln,Vag/Vg 250hPa,24,0.20118561821679273,0.20118427369743586,-1.3445193568865459e-06,-5.073232265810171e-06,1.8631884207328046e-06,-0.0006682979473402143,-0.00012116658482863097,-0.00045719403334890503,0.00016790846236324898,5.06227356796913e-05,-0.00037267489501169104,share,11,False,0.43364179025465577,48,18.96233372420572
head,Vag/Vg 250hPa,24,0.20118561821679273,0.20137712080031633,0.00019150258352359137,0.00017218155165513356,0.00021698575777312119,0.09518701447000692,0.017257999234124237,0.01551680939191379,0.019554514474751587,0.017187455384975295,0.05308083133469104,share,4,True,0.278911866136152,48,27.063812090535336
embed,|Vag| 250hPa,24,5.326428105433782,5.395608355601628,0.06918025016784668,0.06703265955050786,0.07106432542204856,1.2988113009029842,0.19753746749341464,0.19140523162071318,0.20291726090814025,0.19747677658836887,0.6974204531046919,share,1,True,-0.016289894791762315,48,49.58972637541234
b0-5_attn,|Vag| 250hPa,24,5.326428105433782,5.326761215925217,0.0003331104914347331,9.238893787066142e-05,0.0005590361853440603,0.006253918852202451,0.0009511645695679641,0.0002638076151372343,0.0015962733875942287,0.0008904736645221937,0.0033581559665754723,share,8,True,0.034349330966781146,48,44.81197089407999
b0-5_mlp,|Vag| 250hPa,24,5.326428105433782,5.335106511910756,0.008678406476974487,0.008226717511812845,0.00923770492275556,0.16293107322937803,0.02478034458072482,0.023490590726752466,0.026377366827457685,0.024719653675679052,0.08748881599464489,share,3,True,-0.10364347816694626,48,59.10024154638771
b6-11_attn,|Vag| 250hPa,24,5.326428105433782,5.325768997271855,-0.0006591081619262695,-0.0011422219375769296,-5.340998371442168e-05,-0.012374299415660508,-0.0018820191715881926,-0.0032615035117238705,-0.0001525070073642923,0.0018213282665424221,-0.00664460610969669,share,7,True,0.2867246100179538,48,26.608039088224558
b6-11_mlp,|Vag| 250hPa,24,5.326428105433782,5.326481332381566,5.322694778442383e-05,-0.0005994647741317748,0.0007222841183344512,0.0009992990937045428,0.00015198436609045542,-0.0017117132858900802,0.0020624119629566577,9.129346104468494e-05,0.0005365919023294578,share,11,False,0.07277347230824326,48,41.48767142185264
b12-17_attn,|Vag| 250hPa,24,5.326428105433782,5.326664795478185,0.00023669004440307617,-0.0001986883580684662,0.000620854645967483,0.004443691714558499,0.000675845372615004,-0.0005673352579391405,0.0017727899819439826,0.0006151544675692335,0.0023861214380182273,share,10,False,0.27433162514345216,48,27.333608697966064
b12-17_mlp,|Vag| 250hPa,24,5.326428105433782,5.328621039787929,0.0021929343541463218,0.0017764796813329062,0.0025824561715126035,0.041170824251043375,0.006261710497524423,0.0050725647341921636,0.007373952114883157,0.0062010195924786515,0.02210742613949667,share,6,True,-0.031960146197956944,48,51.16947078465148
b18-23_attn,|Vag| 250hPa,24,5.326428105433782,5.329004257917404,0.002576152483622233,0.0020560530324776967,0.002913556744654973,0.04836547931613229,0.007355952547973359,0.005870859213177104,0.00831937755849568,0.007295261642927589,0.02597072759979177,share,5,True,0.1531529150381755,48,35.2500171903237
b18-23_mlp,|Vag| 250hPa,24,5.326428105433782,5.341673572858174,0.0152454674243927,0.013992067674795787,0.016502871364355087,0.286223095902486,0.04353194760731845,0.03995298668000845,0.0471223421102839,0.04347125670227268,0.15369271971575652,share,2,True,0.4896884113517083,48,16.443006516303534
adaln,|Vag| 250hPa,24,5.326428105433782,5.326189865668614,-0.00023823976516723633,-0.0003508130709330241,-0.00014212802052497868,-0.004472786648977668,-0.0006802704493432814,-0.001001712561425596,-0.00040583272200141906,0.0006195795442975109,-0.00240174449452502,share,9,True,0.46066399513104667,48,17.723534173502475
head,|Vag| 250hPa,24,5.326428105433782,5.331167330344518,0.004739224910736084,0.004291177044312159,0.005278768638769786,0.08897566656163707,0.01353239522084905,0.012253038169747413,0.01507300979479387,0.01347170431580328,0.04777710945813832,share,4,True,0.16727753940365245,48,34.24265160541442
embed,div/vort 850hPa,24,0.2742884053538243,0.27860428020358086,0.0043158748497565584,0.004153540621822079,0.0044757878563056385,1.5734806012631857,0.4553126471404225,0.4381868430762677,0.47218301916433614,0.4553063322602233,0.7340809102295216,share,1,True,0.010134375963237902,48,47.03686072306656
b0-5_attn,div/vort 850hPa,24,0.2742884053538243,0.2742993924766779,1.0987122853597006e-05,2.309090147415797e-06,2.1423166617751115e-05,0.0040056825732111894,0.001159110531485977,0.00024360251029175649,0.0022600837703643773,0.0011527956512867384,0.0018687838331611975,share,9,True,0.1376448458293132,48,36.38485908141089
b0-5_mlp,div/vort 850hPa,24,0.2742884053538243,0.27458642423152924,0.00029801887770493823,0.00027369470335543157,0.0003159472408394019,0.10865164982839952,0.03144015265255134,0.028874020733039414,0.03333154449356078,0.031433837772352105,0.05068959982089413,share,3,True,0.024481531445808724,48,45.705935200724554
b6-11_attn,div/vort 850hPa,24,0.2742884053538243,0.27425593820710975,-3.2467146714528404e-05,-5.220246190826098e-05,-8.703628554940246e-06,-0.011836864439328632,-0.0034251925809485034,-0.0055072127775062955,-0.0009182083111840799,0.0034188777007492645,-0.005522290020550709,share,7,True,-0.04855382202158764,48,52.89903372566616
b6-11_mlp,div/vort 850hPa,24,0.2742884053538243,0.2744855477164189,0.0001971423625946045,0.0001623253027598063,0.00022967567977805927,0.07187411452565645,0.02079796428330851,0.017124862483351863,0.02423013766245395,0.020791649403109274,0.033531659284886044,share,6,True,0.023582543446195516,48,45.788234876287945
b12-17_attn,div/vort 850hPa,24,0.2742884053538243,0.2743079134573539,1.9508103529612224e-05,7.991430660088857e-06,3.0494605501492807e-05,0.007112259632136955,0.0020580500056108387,0.0008430734381673349,0.0032170950358235612,0.0020517351254116,0.003318105110642226,share,8,True,0.22612733076513428,48,30.29529412748151
b12-17_mlp,div/vort 850hPa,24,0.2742884053538243,0.2745069122562806,0.00021850690245628357,0.00019626778860886893,0.00024410787348945934,0.07966319326346144,0.02305186309594597,0.020705699189804267,0.025752693471307302,0.023045548215746732,0.03716552296589174,share,5,True,0.0286930144829666,48,45.32230184167309
b18-23_attn,div/vort 850hPa,24,0.2742884053538243,0.2742846831679344,-3.7221858898798623e-06,-2.1167673791448277e-05,1.1344191928704577e-05,-0.0013570336249096448,-0.0003926801331520362,-0.002233129996420748,0.0011967803137338058,0.0003863652529527974,-0.0006331012138224106,share,11,False,-0.01610114918694704,48,49.571005312862795
b18-23_mlp,div/vort 850hPa,24,0.2742884053538243,0.27493072611590225,0.0006423207620779673,0.0005868788498143355,0.0006945457154264053,0.2341771469520892,0.06776303221847806,0.06191406654777398,0.07327261777960795,0.06775671733827882,0.1092514092970306,share,2,True,-0.007059882312207198,48,48.68256754853468
adaln,div/vort 850hPa,24,0.2742884053538243,0.27429291047155857,4.5051177342732745e-06,4.972020785013835e-07,8.385969946781793e-06,0.001642474725995727,0.0004752772387241325,5.245341962104263e-05,0.0008846962222559856,0.0004689623585248937,0.0007662689587148309,share,10,True,-0.0647119672855022,48,54.64217721398405
head,div/vort 850hPa,24,0.2742884053538243,0.27457020183404285,0.00028179648021856946,0.0002557468290130298,0.0003014106769114733,0.10273729210502351,0.02972873538499565,0.026980570514518,0.0317979779206736,0.02972242050479641,0.04793035569833335,share,4,True,0.20701174321396912,48,31.53526594892616
embed,div/vort 500hPa,24,0.1774366501097878,0.18318804850180945,0.005751398392021656,0.0054968833457678555,0.006003643680984775,3.24138129775501,1.0118660071895291,0.9670881799432469,1.0562445071608662,1.0118541039211773,0.7444463287438936,share,1,True,0.29036978116510553,48,26.397278517572936
b0-5_attn,div/vort 500hPa,24,0.1774366501097878,0.17746105324476957,2.440313498179118e-05,1.7262467493613562e-05,3.4814436609546344e-05,0.013753153571537727,0.004293338954085653,0.0030370534027398363,0.006125039957851347,0.004281435685733753,0.0031586795086629986,share,9,True,0.24506718095717514,48,29.104273141468322
b0-5_mlp,div/vort 500hPa,24,0.1774366501097878,0.17778077690551677,0.00034412679572900135,0.00033036042004823684,0.00036238089669495823,0.19394346969246493,0.06054357271516242,0.058121600414845064,0.06375508807199805,0.060531669446810515,0.0445428941347957,share,3,True,-0.27459189824607194,48,84.33929944797472
b6-11_attn,div/vort 500hPa,24,0.1774366501097878,0.17739278885225454,-4.386125753323237e-05,-6.88389486943682e-05,-2.0772381685674193e-05,-0.02471938999417172,-0.00771668253620369,-0.012111105405447442,-0.0036545663303827877,0.0077047792678517895,-0.005677289229346492,share,8,True,0.17753855334822413,48,33.52599312101732
b6-11_mlp,div/vort 500hPa,24,0.1774366501097878,0.1776400407155355,0.00020339060574769974,0.0001753316648925344,0.00023527111237247784,0.11462716728581897,0.035783304530473174,0.030846785354811727,0.04139216671438013,0.03577140126212127,0.02632636090031817,share,6,True,0.06779282602930924,48,41.905080517337126
b12-17_attn,div/vort 500hPa,24,0.1774366501097878,0.17745993938297033,2.3289273182551067e-05,1.4324393123388291e-05,3.085134085267781e-05,0.013125401752197745,0.004097372892523735,0.0025201464908573635,0.005427797025562884,0.0040854696241718344,0.00301450408024499,share,10,True,-0.036848464332341915,48,51.67278921841998
b12-17_mlp,div/vort 500hPa,24,0.1774366501097878,0.17774193920195103,0.0003052890921632449,0.00027805975017448263,0.00033455200027674434,0.17205526139856067,0.053710703670651866,0.04892013906730465,0.05885904151360776,0.05369880040229997,0.03951584090953512,share,5,True,0.06650061399455925,48,42.0140128756548
b18-23_attn,div/vort 500hPa,24,0.1774366501097878,0.17750216058144966,6.551047166188557e-05,5.137306482841571e-05,8.286853165676196e-05,0.03692048492876268,0.011525513426711922,0.00903826416495999,0.014579384791967492,0.011513610158360024,0.008479508251527842,share,7,True,-0.08153229438330696,48,56.52191123643489
b18-23_mlp,div/vort 500hPa,24,0.1774366501097878,0.17830557034661373,0.000868920236825943,0.0008281916845589877,0.0009138454217463732,0.48970730471314927,0.1528725347600536,0.1457070013102854,0.16077639820146408,0.1528606314917017,0.11247081773602724,share,2,True,0.09608874330900101,48,39.584149172250385
adaln,div/vort 500hPa,24,0.1774366501097878,0.1774503020569682,1.3651947180430094e-05,1.0598078370094298e-05,1.718453907718261e-05,0.007693983837038762,0.0024018404468358267,0.0018645613663461642,0.0030233431517354935,0.0023899371784839264,0.0017670731995848262,share,11,True,0.3270491995441581,48,24.340950156916588
head,div/vort 500hPa,24,0.1774366501097878,0.1777577974523107,0.00032114734252293903,0.00029914700426161286,0.00033961225611468153,0.18099267672390745,0.05650070766250457,0.05263010213043289,0.05974931210887619,0.056488804394152665,0.0415684923615633,share,4,True,-0.04714342140386565,48,52.74968484915015
embed,div/vort 250hPa,24,0.20305492294331393,0.20737194021542868,0.004317017272114754,0.004127329921660324,0.004490620053062837,2.1260342815327453,0.5778803241435605,0.5524885824253623,0.6011189690233291,0.5778721416927,0.6951410808742108,share,1,True,0.18545511894791933,48,32.981555915165416
b0-5_attn,div/vort 250hPa,24,0.20305492294331393,0.2030666625748078,1.1739631493886312e-05,2.666089373330275e-06,2.2794251951078557e-05,0.005781505478280683,0.001571479015577272,0.0003568854359716464,0.003051261756858016,0.001563296564716802,0.0018903561443773002,share,9,True,0.11199961840447846,48,38.330964877256804
b0-5_mlp,div/vort 250hPa,24,0.20305492294331393,0.20323890851189694,0.00018398556858301163,0.0001639956065143148,0.00021088627787927783,0.09060877023620559,0.024628495395943792,0.021952618735803123,0.02822945171090495,0.024620312945083322,0.02962599381665185,share,4,True,-0.0655380433756646,48,54.73291418603263
b6-11_attn,div/vort 250hPa,24,0.20305492294331393,0.20305238322665295,-2.53971666097641e-06,-3.4294192058344686e-05,2.2424664348363876e-05,-0.0012507535518778892,-0.00033996905612538773,-0.0045906554395622415,0.003001788384343206,0.0003317866052649176,-0.0004089539776060581,share,11,False,0.19507687045100722,48,32.32956069492901
b6-11_mlp,div/vort 250hPa,24,0.20305492294331393,0.20315865396211544,0.0001037310188015302,7.458802623053392e-05,0.0001283003482967615,0.05108520261313161,0.013885539711868131,0.009984429076470831,0.017174415154735896,0.01387735726100766,0.016703128105520822,share,7,True,0.013210740750007733,48,46.7483047099738
b12-17_attn,div/vort 250hPa,24,0.20305492294331393,0.20307640389849743,2.1480955183506012e-05,1.0202103294432164e-05,3.5297055728733536e-05,0.010578889136070229,0.0028754625154133,0.0013656639265296482,0.004724899790785839,0.0028672800645528295,0.0034589378413948406,share,8,True,0.32480544551152857,48,24.46347025916161
b12-17_mlp,div/vort 250hPa,24,0.20305492294331393,0.2031591140354673,0.00010419109215339024,7.469374686479569e-05,0.0001280631093929211,0.051311778430743527,0.013947125598823005,0.009998580948132425,0.01714265811370289,0.013938943147962533,0.016777210710925073,share,6,True,0.006343143436189611,48,47.394896488493025
b18-23_attn,div/vort 250hPa,24,0.20305492294331393,0.20316954577962557,0.00011462283631165822,0.00010265011029938856,0.00012698525097221136,0.056449178700118015,0.015343529485020463,0.013740848200063927,0.01699837488890229,0.015335347034159992,0.018456966304311748,share,5,True,-0.12626081445183648,48,61.87260453446625
b18-23_mlp,div/vort 250hPa,24,0.20305492294331393,0.20410838536918163,0.0010534624258677165,0.0009868929317841926,0.0011190992469588916,0.5188066413744657,0.141017552110761,0.13210649190547835,0.14980376376039392,0.14100936965990055,0.169632170366398,share,2,True,0.162831187915707,48,34.55712522818831
adaln,div/vort 250hPa,24,0.20305492294331393,0.20306403314073881,9.11019742488861e-06,6.977398879826069e-06,1.0735999482373392e-05,0.0044865681131168,0.0012195002959363927,0.0009340017128024186,0.0014371318134291026,0.0012113178450759226,0.0014669555588347856,share,10,True,0.004852751741808933,48,47.53638563818816
head,div/vort 250hPa,24,0.20305492294331393,0.20334264015158018,0.00028771720826625824,0.00026054120001693567,0.00031417055676380786,0.14169427861967138,0.038514118219670164,0.034876310106765965,0.04205519036297388,0.038505935768809695,0.04632922189869819,share,3,True,-0.008385050781621559,48,48.81177162130338
embed,HypsRel 600-500,24,0.0018881258360510928,0.0018868775967151189,-1.2482393359738177e-06,-1.7439287959148846e-06,-6.979676435777319e-07,-0.06610996534979041,-0.016181479917206826,-0.022607322149577974,-0.009048064006572968,0.016053507487343723,-0.3102418514905449,share,6,True,0.3646286022086412,48,22.34881127702052
b0-5_attn,HypsRel 600-500,24,0.0018881258360510928,0.0018881836561501653,5.782009907261627e-08,-3.935631296929326e-08,1.535899256844943e-07,0.003062301143738582,0.0007495475787297847,-0.0005101933335814082,0.0019910543005040053,0.0006215751488666781,0.014370813411084067,share,10,False,0.5204496120131903,48,15.139218321670482
b0-5_mlp,HypsRel 600-500,24,0.0018881258360510928,0.0018900010814770763,1.8752454259832521e-06,1.7593535946732625e-06,2.0034832793724437e-06,0.0993178203580552,0.02430963784417898,0.022807280654443488,0.02597204199171695,0.02418166541431587,0.4660801788483477,share,5,True,0.2417693197251307,48,29.309044824243102
b6-11_attn,HypsRel 600-500,24,0.0018881258360510928,0.0018878207226904536,-3.051133606392171e-07,-4.830828299388173e-07,-1.3366894649128048e-07,-0.016159588244253054,-0.003955319765502515,-0.006262416898522078,-0.0017328098152870725,0.0038273473356394082,-0.0758339616379455,share,8,True,0.4122045418652105,48,19.97882116510204
b6-11_mlp,HypsRel 600-500,24,0.0018881258360510928,0.0018887857192399545,6.598831888618694e-07,5.254273305743631e-07,7.827142577919783e-07,0.03494911071403892,0.00855435833540717,0.006811347433629496,0.010146671938912529,0.008426385905544063,0.16400971863322647,share,7,True,-0.16433216105691326,48,66.8781794946378
b12-17_attn,HypsRel 600-500,24,0.0018881258360510928,0.0018879565652811755,-1.6927076991730234e-07,-3.0137839669232087e-07,-6.670384582931457e-08,-0.00896501529110594,-0.002194332036371924,-0.003906901771968412,-0.0008647115265322438,0.0020663596065088174,-0.04207116019253172,share,9,True,0.2514719354899546,48,28.70967065067723
b12-17_mlp,HypsRel 600-500,24,0.0018881258360510928,0.0018856362209860483,-2.4896150650446274e-06,-2.752838159183498e-06,-2.1769471314043433e-06,-0.1318564164267523,-0.03227398385516046,-0.035686261524034146,-0.028220730810536866,0.032146011425297355,-0.6187777976694043,share,3,True,0.5880751958305143,48,12.450538017373269
b18-23_attn,HypsRel 600-500,24,0.0018881258360510928,0.0018902699101866762,2.144074135583702e-06,1.887456319843693e-06,2.3425566402644916e-06,0.11355568016949075,0.027794583591522058,0.024467933074972775,0.030367600296610477,0.02766661116165895,0.5328958240508691,share,4,True,0.4016524393134027,48,20.490588185346045
b18-23_mlp,HypsRel 600-500,24,0.0018881258360510928,0.001884907043424315,-3.2187926267778517e-06,-3.4633395143507465e-06,-2.905187890589227e-06,-0.17047553533348034,-0.041726635867652004,-0.04489680559074366,-0.037661238636264305,0.04159866343778889,-0.800010186601443,share,2,True,0.24218999224895976,48,29.28286381231743
adaln,HypsRel 600-500,24,0.0018881258360510928,0.0018881310977578612,5.261706768314341e-09,-6.239983110491055e-08,7.181925149092738e-08,0.0002786735220634923,6.82098376072132e-05,-0.0008089166754815259,0.0009310247980309157,0.0,0.0013077633453432626,share,11,False,0.3277976827138907,48,24.300171366307282
head,HypsRel 600-500,24,0.0018881258360510928,0.0018965835422342207,8.457706183127739e-06,7.270297400449541e-06,9.879628982118032e-06,0.4479418702736756,0.10964099496283473,0.0942480884771307,0.12807401061341872,0.10951302253297163,2.1021084258408735,share,1,True,0.390471077166584,48,21.04134978170338
embed,|DryAir Md err|,24,20968410562773.332,20961747492522.668,-6663070250.666667,-1809564769270.9333,1832038986774.9329,-0.03177670634938862,-0.00042278876159599954,-0.11482148905022589,0.11624753533653127,0.0004069292430454917,-0.04190281647928722,colmax,11,False,0.2462252445421473,48,29.032623452648476
b0-5_attn,|DryAir Md err|,24,20968410562773.332,20921418226453.332,-46992336320.0,-94437165508.8,1636013342.3999946,-0.22411014978612037,-0.0029817833115668643,-0.005992278447027801,0.00010380920941342612,0.0029659237930163562,-0.29552611193809425,colmax,7,False,0.1263715152221585,48,37.22942803739631
b0-5_mlp,|DryAir Md err|,24,20968410562773.332,20906690449898.668,-61720112874.666664,-147220566404.26666,27450602409.066635,-0.29434807511944966,-0.003916298208807683,-0.009341519541279613,0.0017418105709499667,0.0039004386902571748,-0.38814637480511105,colmax,5,False,-0.15986912918088758,48,66.26791150574164
b6-11_attn,|DryAir Md err|,24,20968410562773.332,20921293245077.332,-47117317696.0,-124709512226.66667,55076151141.86665,-0.22470619580317944,-0.0029897136978893433,-0.007913135874303312,0.003494721931291972,0.002973854179338835,-0.29631209669659697,colmax,6,False,0.25433306659166255,48,28.53469605234603
b6-11_mlp,|DryAir Md err|,24,20968410562773.332,20980136752362.668,11726189589.333334,-82132284901.86667,129948884473.59993,0.05592312089764042,0.0007440565667483552,-0.005211502462732654,0.008245587374960945,0.0007281970481978474,0.0737438375820817,colmax,10,False,0.1897912694942235,48,32.686421611422055
b12-17_attn,|DryAir Md err|,24,20968410562773.332,20938796659392.0,-29613903381.333332,-146724797080.0,60568632074.1333,-0.14123103557457492,-0.0018790775221625173,-0.009310061716169183,0.003843233822069398,0.0018632180036120092,-0.1862363613079415,colmax,8,False,0.15647515451272942,48,35.010862468937994
b12-17_mlp,|DryAir Md err|,24,20968410562773.332,21071462349141.332,103051786368.0,-86084929891.2,266899315731.73325,0.4914620784417249,0.006538898060458384,-0.005462307844816337,0.016935440708845728,0.006523038541907876,0.6480736251593575,colmax,3,False,0.3776524451883186,48,21.68375829135719
b18-23_attn,|DryAir Md err|,24,20968410562773.332,21053615212693.332,85204649920.0,-9908529491.199999,161488287905.59995,0.40634768031139995,0.0054064518407701285,-0.0006287214084832348,0.010246842774775727,0.00539059232221962,0.5358362848451808,colmax,4,False,-0.01534270163217049,48,49.495849732825675
b18-23_mlp,|DryAir Md err|,24,20968410562773.332,21081093925909.332,112683363136.0,-1101397222806.4001,1371474906426.6665,0.5373958259671554,0.007150046113948003,-0.0698864562937784,0.08702357253251292,0.007134186595397495,0.7086448301042986,colmax,2,False,0.3239383028265173,48,24.510931812340953
adaln,|DryAir Md err|,24,20968410562773.332,20989095926080.0,20685363306.666668,-14617307455.466667,60315730773.33332,0.09865012536234302,0.0013125389357427088,-0.0009275053518078075,0.0038271865910259398,0.0012966794171922007,0.1300864241015485,colmax,9,False,0.3306056084007679,48,24.14759910367487
head,|DryAir Md err|,24,20968410562773.332,20809398095104.0,-159012467669.33334,-248889700702.93332,-64090003085.8667,-0.7583429711722602,-0.010089745681056696,-0.01579268480977875,-0.00406667377289715,0.010073886162506188,-1.0,colmax,1,True,-0.022728591927743017,48,50.23269074183536
embed,neg-q fraction,24,0.0023343501934505184,0.0025875385105488626,0.0002531883170983444,0.00015688921712353476,0.00035531707151221776,10.84620113163459,0.31019320207149503,0.19221253645418504,0.4353160581269251,0.3099729116349474,0.23011344020410918,share,2,True,0.7010959521921868,48,8.434206357545955
b0-5_attn,neg-q fraction,24,0.0023343501934505184,0.0023344480153658274,9.782191530878966e-08,-3.03221424928779e-06,3.6680004541267407e-06,0.004190541572693266,0.00011984634002924333,-0.003714911723150533,0.004493844025288605,0.0,8.890669884391674e-05,share,10,False,0.055545580490043205,48,42.94822788745081
b0-5_mlp,neg-q fraction,24,0.0023343501934505184,0.002337578024404744,3.227830954225889e-06,-1.9574831109518226e-06,9.586921873960811e-06,0.13827535231355637,0.003954571170232582,-0.0023982068412389157,0.011745399741087058,0.0037342807336848824,0.0029336554458226573,share,6,False,0.13028954709151241,48,36.933989035844355
b6-11_attn,neg-q fraction,24,0.0023343501934505184,0.002341783955671417,7.433762220898643e-06,-8.827787496556993e-07,1.814547504181973e-05,0.31845102940233794,0.00910746014336432,-0.0010815347651685254,0.02223089544903517,0.008887169706816621,0.006756269870247941,share,5,False,0.2560938699034913,48,28.427409049751915
b6-11_mlp,neg-q fraction,24,0.0023343501934505184,0.0023329808182097622,-1.3693752407561988e-06,-6.944716930471865e-06,4.352698147158662e-06,-0.05866194560688675,-0.001677687563295421,-0.008508307203236585,0.0053327001474296615,0.001457397126747721,-0.001244574201495807,share,9,False,0.20096801176552204,48,31.935517898492638
b12-17_attn,neg-q fraction,24,0.0023343501934505184,0.002331464729347014,-2.8854641035043946e-06,-5.575309417811998e-06,1.4796443489709357e-07,-0.12360887889058529,-0.0035351210513426836,-0.006830580102077607,0.00018127835588717552,0.003314830614794984,-0.002622490954766111,share,7,False,-0.0198256711102774,48,49.94176114441042
b12-17_mlp,neg-q fraction,24,0.0023343501934505184,0.002345109592170047,1.075939871952869e-05,4.597196963610865e-06,1.8586866788912918e-05,0.46091622198401566,0.01318185759684238,0.00563224742373049,0.02277166573799596,0.01296156716029468,0.009778817136008462,share,4,True,0.25772819527453456,48,28.32809724762933
b18-23_attn,neg-q fraction,24,0.0023343501934505184,0.0023318559797189664,-2.4942137315520085e-06,-5.575315185524232e-06,1.7129912597132042e-06,-0.10684831001578164,-0.00305578137612207,-0.006830587168379666,0.0020986680983567287,0.0028354909395743705,-0.0022668980502320115,share,8,False,-0.046302826960715575,48,52.66088346897678
b18-23_mlp,neg-q fraction,24,0.0023343501934505184,0.0029584933202689476,0.0006241431268184291,0.00043118058488289535,0.0008386758049785687,26.737339092034528,0.764667806467243,0.5282601023171775,1.0275021234298969,0.7644475160306953,0.5672604634286954,share,1,True,0.817760869354713,48,4.812227184799639
adaln,neg-q fraction,24,0.0023343501934505184,0.002334301307807133,-4.8885643385195486e-08,-2.6421462886598114e-06,2.6898642772721358e-06,-0.0020941863616844567,-5.9892156284165874e-05,-0.003237020676994195,0.0032954822831761208,0.0,-4.443034222463398e-05,share,11,False,0.12848186403086784,48,37.07004238162402
head,neg-q fraction,24,0.0023343501934505184,0.002445514377541258,0.00011116418409073958,6.700051985717437e-05,0.00016582557683856656,4.762104006615319,0.1361925961432805,0.08208556395151145,0.20316090116009566,0.1359723057067328,0.10103299047035792,share,3,True,0.5623890442219656,48,13.444363268564668
embed,|neg-q mass|,24,116704060821.33333,142361629589.33334,25657568768.0,19391184198.133335,32462540445.866665,21.98515509008735,0.5646141438299568,0.426717627179587,0.714362675829518,0.5645889184323768,0.3752939934933352,share,2,True,0.5014784982030344,48,15.936979527107818
b0-5_attn,|neg-q mass|,24,116704060821.33333,116364667125.33333,-339393696.0,-704582354.1333333,-20964262.666666828,-0.29081566966173583,-0.007468614147390312,-0.01550486588319479,-0.00046133440481426743,0.0074433887498104,-0.004964321315477142,share,8,True,0.5675494196391807,48,13.242088317762464
b0-5_mlp,|neg-q mass|,24,116704060821.33333,116877395349.33333,173334528.0,-328069467.73333335,621954173.5999998,0.14852484719050557,0.0038143569645207025,-0.007219415967113257,0.013686570477659692,0.0037891315669407906,0.0025353691073229877,share,10,False,-0.04466582476388518,48,52.48839713734014
b6-11_attn,|neg-q mass|,24,116704060821.33333,116787025653.33333,82964832.0,-494115962.4,739531708.7999998,0.07108992730511238,0.0018257036748586528,-0.010873394263728514,0.016273952780747617,0.001800478277278741,0.0012135289747178452,share,11,False,0.45785705978519026,48,17.85007724566991
b6-11_mlp,|neg-q mass|,24,116704060821.33333,116406445802.66667,-297615018.6666667,-586348673.6,-89528740.26666683,-0.25501684909002165,-0.00654924285597131,-0.012903044607382761,-0.0019701474247584743,0.006524017458391398,-0.004353223405107268,share,9,True,0.1820146612175215,48,33.21726671403232
b12-17_attn,|neg-q mass|,24,116704060821.33333,115912350709.33333,-791710112.0,-1058555108.5333333,-523668080.80000013,-0.6783912285726365,-0.01742217788015476,-0.02329430320174344,-0.011523710908288685,0.01739695248257485,-0.01158036649178185,share,4,True,0.38846047530533256,48,21.14132718029939
b12-17_mlp,|neg-q mass|,24,116704060821.33333,117221646090.66667,517585269.3333333,238641569.06666666,831330835.7333332,0.44350236460556774,0.01138985405616891,0.005251487637786675,0.018294061775737235,0.011364628658588997,0.007570734564051667,share,6,True,0.028844195988623887,48,45.30858877786923
b18-23_attn,|neg-q mass|,24,116704060821.33333,116230132597.33333,-473928224.0,-842686723.2,-70667681.86666703,-0.40609403020307466,-0.010429147860819325,-0.01854395664057798,-0.0015550956154255357,0.010403922463239413,-0.006932161711128027,share,7,True,0.26707371333495206,48,27.765126361375557
b18-23_mlp,|neg-q mass|,24,116704060821.33333,145312699445.33334,28608638624.0,20213192034.133335,37806510414.66666,24.513833042877618,0.6295546608054361,0.4448065293176376,0.8319607637804756,0.6295294354078562,0.4184593768291614,share,1,True,0.7693519710811448,48,6.2571526576140535
adaln,|neg-q mass|,24,116704060821.33333,116012625930.66667,-691434890.6666666,-922244752.0,-452255147.20000064,-0.5924685788999325,-0.015215546037815445,-0.020294691042651747,-0.009952215466630271,0.015190320640235535,-0.010113637956319437,share,5,True,0.40259145839026944,48,20.44473451319715
head,|neg-q mass|,24,116704060821.33333,124090878602.66667,7386817781.333333,4976939484.8,10230294930.666664,6.3295293491475775,0.1625524941566989,0.10952130544841567,0.2251253525084698,0.162527268759119,0.10804719532981141,share,3,True,0.4092202619175069,48,20.12277867008107
embed,EffRes Z500,24,313.96456001268035,313.96456001268035,0.0,0.0,0.0,0.0,nan,nan,nan,0.0,0.0,colmax,1,False,0.0,48,48.0
b0-5_attn,EffRes Z500,24,313.96456001268035,313.96456001268035,0.0,0.0,0.0,0.0,nan,nan,nan,0.0,0.0,colmax,2,False,0.0,48,48.0
b0-5_mlp,EffRes Z500,24,313.96456001268035,313.96456001268035,0.0,0.0,0.0,0.0,nan,nan,nan,0.0,0.0,colmax,3,False,0.0,48,48.0
b6-11_attn,EffRes Z500,24,313.96456001268035,313.96456001268035,0.0,0.0,0.0,0.0,nan,nan,nan,0.0,0.0,colmax,4,False,0.0,48,48.0
b6-11_mlp,EffRes Z500,24,313.96456001268035,313.96456001268035,0.0,0.0,0.0,0.0,nan,nan,nan,0.0,0.0,colmax,5,False,0.0,48,48.0
b12-17_attn,EffRes Z500,24,313.96456001268035,313.96456001268035,0.0,0.0,0.0,0.0,nan,nan,nan,0.0,0.0,colmax,6,False,0.0,48,48.0
b12-17_mlp,EffRes Z500,24,313.96456001268035,313.96456001268035,0.0,0.0,0.0,0.0,nan,nan,nan,0.0,0.0,colmax,7,False,0.0,48,48.0
b18-23_attn,EffRes Z500,24,313.96456001268035,313.96456001268035,0.0,0.0,0.0,0.0,nan,nan,nan,0.0,0.0,colmax,8,False,0.0,48,48.0
b18-23_mlp,EffRes Z500,24,313.96456001268035,313.96456001268035,0.0,0.0,0.0,0.0,nan,nan,nan,0.0,0.0,colmax,9,False,0.0,48,48.0
adaln,EffRes Z500,24,313.96456001268035,313.96456001268035,0.0,0.0,0.0,0.0,nan,nan,nan,0.0,0.0,colmax,10,False,0.0,48,48.0
head,EffRes Z500,24,313.96456001268035,313.96456001268035,0.0,0.0,0.0,0.0,nan,nan,nan,0.0,0.0,colmax,11,False,0.0,48,48.0
embed,DKE<1000km 500hPa,24,0.16734816133975983,0.17276541888713837,0.005417258168260257,0.005210571836990615,0.0056573641098414855,3.2371182410139316,0.44991903462779614,0.4327531341395308,0.4698605308772388,0.4499096921795643,0.7552646637133015,share,1,True,0.08787240487573478,48,40.24564311930117
b0-5_attn,DKE<1000km 500hPa,24,0.16734816133975983,0.16740702092647552,5.883940805991491e-05,2.8392222399512928e-05,8.696775572995344e-05,0.03515987519981568,0.004886783839746303,0.002358056584375221,0.007222924860960185,0.004877441391514442,0.008203287412409397,share,9,True,-0.013766384832093215,48,49.340020177324774
b0-5_mlp,DKE<1000km 500hPa,24,0.16734816133975983,0.16749000549316406,0.00014183204621076584,7.714379268387953e-05,0.00021620522408435743,0.08475267186622727,0.011779563633188661,0.006407016179368185,0.017956472200541272,0.011770221184956799,0.019773975940959285,share,6,True,0.02156984104235875,48,45.97301696186176
b6-11_attn,DKE<1000km 500hPa,24,0.16734816133975983,0.16757015883922577,0.00022197297463814417,0.00014915674303968748,0.0002654437829429904,0.13264141063522938,0.018435500646395653,0.012387900992024203,0.02204587761192387,0.018426158198163792,0.030947084085039853,share,4,True,0.10274187422309672,48,39.055731031918846
b6-11_mlp,DKE<1000km 500hPa,24,0.16734816133975983,0.1678229719400406,0.00047480159749587375,0.0004117902213086685,0.0005382088789095481,0.28372081676329797,0.03943365255078537,0.034200374633402884,0.044699811547814515,0.03942431010255351,0.0661960087049762,share,3,True,-0.06342577193739164,48,54.501218935508184
b12-17_attn,DKE<1000km 500hPa,24,0.16734816133975983,0.16736596822738647,1.7788571616013844e-05,-9.81179376443227e-07,3.659204424669345e-05,0.010629677942462541,0.001477392570244561,-8.1489798738503e-05,0.0030390756192845672,0.0014680501220126997,0.002480051557857234,share,11,False,0.16899853684177277,48,34.12157412904775
b12-17_mlp,DKE<1000km 500hPa,24,0.16734816133975983,0.16756701469421387,0.0002188518022497495,0.000183874376428624,0.0002443060046061873,0.13077633355047488,0.018176278208720243,0.015271301342118359,0.020290323689980176,0.018166935760488383,0.03051193568688456,share,5,True,0.020982708130317183,48,46.02705769209429
b18-23_attn,DKE<1000km 500hPa,24,0.16734816133975983,0.16743816435337067,8.999338994423549e-05,7.148704801996549e-05,0.00010703996910403171,0.053776141935786885,0.007474212575620419,0.005937207095275467,0.008889980515981456,0.007464870127388557,0.012546721105315366,share,8,True,0.1279397198481612,48,37.11093129420351
b18-23_mlp,DKE<1000km 500hPa,24,0.16734816133975983,0.1679510921239853,0.0006029019132256508,0.000564495730213821,0.0006508863453442852,0.36026800278409593,0.05007275606007344,0.04688301094405468,0.05405800260092869,0.05006341361184158,0.08405553078721227,share,2,True,-0.04278707729211751,48,52.29116586560836
adaln,DKE<1000km 500hPa,24,0.16734816133975983,0.16729509830474854,-5.308849116166433e-05,-6.970382140328487e-05,-3.888636517028015e-05,-0.0317233769906375,-0.004409153477906536,-0.005789104942308076,-0.0032296256397939256,0.004399811029674674,-0.007401504631841776,share,10,True,-0.01060374530275173,48,49.02886941832588
head,DKE<1000km 500hPa,24,0.16734816133975983,0.16745637357234955,0.0001082010567188263,8.578318326423566e-05,0.000126595104423662,0.06465625294612475,0.008986412216768283,0.007124542675052,0.010514091335837309,0.008977069768536421,0.015085202177545947,share,7,True,0.15811258102893608,48,34.893495479263244
embed,DKEpert<1000km 500hPa,24,0.0,0.02846284955739975,0.028462850178281467,0.027683696828898974,0.029336062327881034,nan,nan,nan,nan,0.0,0.6390894861077885,share,1,True,-0.22386882573647376,48,75.69043169937706
b0-5_attn,DKEpert<1000km 500hPa,24,0.0,0.00017303769709542394,0.00017303768997104876,0.00016201182739526606,0.00018419902201761336,nan,nan,nan,nan,0.0,0.0038852949605608813,share,9,True,0.41842051868402047,48,19.680916015700834
b0-5_mlp,DKEpert<1000km 500hPa,24,0.0,0.0010654717916622758,0.0010654717831736586,0.001031286703406901,0.001104954158442221,nan,nan,nan,nan,0.0,0.023923528743807477,share,6,True,-0.12289931008843748,48,61.45151577714483
b6-11_attn,DKEpert<1000km 500hPa,24,0.0,0.0005385975819081068,0.0005385975825144366,0.0005276504040163369,0.0005493464800868726,nan,nan,nan,nan,0.0,0.012093379618415688,share,8,True,-0.29328437889674486,48,87.83964629242837
b6-11_mlp,DKEpert<1000km 500hPa,24,0.0,0.001926913857460022,0.0019269137386193809,0.0018787882840115345,0.0019788166259483357,nan,nan,nan,nan,0.0,0.04326588178185925,share,4,True,-0.22778218523401686,48,76.31725630299313
b12-17_attn,DKEpert<1000km 500hPa,24,0.0,0.00011537674436112866,0.00011537674527062336,0.00011241871641990049,0.00011827952083649506,nan,nan,nan,nan,0.0,0.002590607208411478,share,10,True,-0.2268266885768035,48,76.1636235778635
b12-17_mlp,DKEpert<1000km 500hPa,24,0.0,0.0012430974747985601,0.0012430974723732409,0.0012058327305870381,0.0012804293938340075,nan,nan,nan,nan,0.0,0.027911840164450905,share,5,True,-0.22548276481790266,48,75.94817783161322
b18-23_attn,DKEpert<1000km 500hPa,24,0.0,0.0006262250826694071,0.0006262250535655767,0.0006079886430597981,0.000644261746523019,nan,nan,nan,nan,0.0,0.014060919590422088,share,7,True,-0.18394251628072938,48,69.6387716738649
b18-23_mlp,DKEpert<1000km 500hPa,24,0.0,0.00616551423445344,0.006165514069531734,0.0059797854123947525,0.006351233639482719,nan,nan,nan,nan,0.0,0.13843712746989853,share,2,True,-0.21341726711672426,48,74.04692016071225
adaln,DKEpert<1000km 500hPa,24,0.0,2.0433550162124448e-05,2.0433548134709174e-05,1.9978978265555725e-05,2.098048843114005e-05,nan,nan,nan,nan,0.0,0.0004588038687262104,share,11,True,-0.23903190974804944,48,78.15509274273927
head,DKEpert<1000km 500hPa,24,0.0,0.002848666161298752,0.002848666365025565,0.0027683442661024554,0.002937418951599587,nan,nan,nan,nan,0.0,0.06396241809634019,share,3,True,-0.20515347873934464,48,72.77803378662402
embed,RMSE Z500,72,143.0665661493937,143.19663763046265,0.13007148106892905,-0.3809825579325358,0.49487794637680016,0.09091675614350395,0.012616089470849287,-0.03695283545793386,0.04799994893062896,0.01259419486578948,0.5114871296770278,colmax,2,False,0.019845950599029345,48,46.13186368354186
b0-5_attn,RMSE Z500,72,143.0665661493937,143.07926750183105,0.01270135243733724,-0.0563487966855367,0.06627335548400877,0.008877931985921973,0.001231948751819926,-0.005465467562275987,0.006428085353134198,0.0012100541467601172,0.04994621609441966,colmax,11,False,0.023750228344514304,48,45.77287285712224
b0-5_mlp,RMSE Z500,72,143.0665661493937,142.81226555506387,-0.254300594329834,-0.3693217635154724,-0.15395298798878992,-0.17774984133210195,-0.024665507182586508,-0.03582181408062755,-0.014932440645785224,0.0246436125775267,-1.0,colmax,1,True,-0.11803929208468597,48,60.84838648528313
b6-11_attn,RMSE Z500,72,143.0665661493937,143.15748437245688,0.09091822306315105,0.0039011478424072266,0.20739938418070475,0.06354959478667571,0.008818477557639998,0.0003783860213964846,0.020116394197404516,0.008796582952580189,0.35752265268097616,colmax,5,True,-0.06537500315478804,48,54.71499299081881
b6-11_mlp,RMSE Z500,72,143.0665661493937,143.12743123372397,0.06086508433024088,-0.042594913641611734,0.17711956898371356,0.04254319228343261,0.0059035181521011676,-0.004131430172774744,0.017179448646030483,0.005881623547041358,0.23934306756396095,colmax,8,False,-0.15718404250386336,48,65.90387088208405
b12-17_attn,RMSE Z500,72,143.0665661493937,143.09248034159342,0.02591419219970703,-0.03987095753351848,0.07095563411712645,0.018113380992626035,0.0025135084545015282,-0.003867224109370581,0.006882235991517061,0.0024916138494417194,0.10190378149921152,colmax,9,False,-0.030473112453247943,48,51.01736737071228
b12-17_mlp,RMSE Z500,72,143.0665661493937,142.99093596140543,-0.07563018798828125,-0.14345725774765014,-0.015636742115020752,-0.052863635455754426,-0.007335637378124947,-0.013914422932017922,-0.0015166624992234603,0.007313742773065138,-0.2974046843562901,colmax,7,True,0.0051655050341094435,48,47.50665986766261
b18-23_attn,RMSE Z500,72,143.0665661493937,143.14437564214072,0.07780949274698894,0.026163542270660402,0.12412458658218382,0.054386915714282474,0.007547015795547085,0.002537693793046595,0.012039279302302662,0.007525121190487275,0.305974482490073,colmax,6,True,0.19014827162471662,48,32.66221855613566
b18-23_mlp,RMSE Z500,72,143.0665661493937,143.16839790344238,0.10183175404866536,0.017897144953409834,0.1946659803390503,0.07117788368690563,0.00987701923199189,0.0017359069040301222,0.01888133666738656,0.00985512462693208,0.40043852165200655,colmax,3,True,-0.09938265335893973,48,58.59354981118375
adaln,RMSE Z500,72,143.0665661493937,143.04754209518433,-0.019024054209391277,-0.04170842170715332,-0.001107688744862877,-0.01329734453088493,-0.0018452097879686539,-0.004045446208662067,-0.00010743861910542223,0.0018233151829088452,-0.07480931871011132,colmax,10,True,0.05708063877032294,48,42.81615581539223
head,RMSE Z500,72,143.0665661493937,143.15786170959473,0.09129556020100911,0.045111473401387533,0.13566778103510538,0.06381334413637633,0.008855076811010295,0.004375520136440535,0.013158894246337132,0.008833182205950486,0.35900647594474977,colmax,4,True,-0.23338942252039455,48,77.22655285506276
embed,RMSE T850,72,1.0127332620322704,1.0187123008072376,0.005979038774967194,0.00450754879663388,0.007143742094437281,0.5903863336105843,0.10208087801769285,0.0769579452795079,0.12196600369699241,0.1020669905126813,0.758590629353072,share,1,True,0.04692737581498494,48,43.696904883462814
b0-5_attn,RMSE T850,72,1.0127332620322704,1.012776467949152,4.320591688156128e-05,-0.0002700751336912314,0.0002797115904589492,0.0042662681775514286,0.000737660031457721,-0.004611026590657619,0.004775551024241605,0.0007237725264461604,0.0054817513169815365,share,10,False,0.20908474942253527,48,31.39890073532899
b0-5_mlp,RMSE T850,72,1.0127332620322704,1.0122060564657052,-0.0005272055665651957,-0.0010778003372251986,3.89776503046353e-05,-0.052057692418163756,-0.009001046682639331,-0.018401420176827235,0.0006654703065018334,0.00898715917762777,-0.06688921373341136,share,6,False,0.15002551629143954,48,35.47640868837181
b6-11_attn,RMSE T850,72,1.0127332620322704,1.0132814012467861,0.000548139214515686,0.0002254003348449866,0.0010678767847518123,0.0541247369930089,0.009358449476520871,0.0038482881534054694,0.018231994122295005,0.00934456197150931,0.06954517061395614,share,5,True,0.17782007389341292,48,33.50650691719111
b6-11_mlp,RMSE T850,72,1.0127332620322704,1.013402335345745,0.0006690733134746552,7.858251531918843e-05,0.0013615922381480525,0.06606609445531723,0.011423172497835924,0.0013416491283192204,0.0232466348527722,0.011409284992824363,0.08488868613414684,share,3,True,0.19249315085827748,48,32.50360702776831
b12-17_attn,RMSE T850,72,1.0127332620322704,1.0127750126024087,4.1750570138295494e-05,-0.0001663873593012492,0.00017758974184592526,0.004122563334644886,0.0007128127141941569,-0.0028407522292092924,0.0030320119097516523,0.0006989252091825964,0.005297104178293765,share,11,False,0.19172823827411642,48,32.55527839050708
b12-17_mlp,RMSE T850,72,1.0127332620322704,1.012541502714157,-0.00019175931811332703,-0.00043131507312258084,0.00014541385074456532,-0.01893482966368855,-0.003273930860431642,-0.007363896275594906,0.0024826688902047493,0.0032600433554200816,-0.024329466204658097,share,7,False,0.12525797042623615,48,37.31377028472518
b18-23_attn,RMSE T850,72,1.0127332620322704,1.012862253934145,0.00012899190187454224,-4.602552702029546e-05,0.0003065281237165133,0.012737006545602326,0.0022022948999185243,-0.0007857995885776116,0.0052333930559380504,0.0021884073949069638,0.016365849379358744,share,8,False,-0.14367600299738842,48,64.10710004160637
b18-23_mlp,RMSE T850,72,1.0127332620322704,1.0137443492809932,0.0010110872487227123,0.0005349070765078068,0.0015155079153676826,0.099837468228677,0.017262419259469374,0.009132535526681498,0.025874456491435823,0.017248531754457813,0.12828170901829228,share,2,True,0.0716618596682027,48,41.580495129053645
adaln,RMSE T850,72,1.0127332620322704,1.012617068986098,-0.00011619304617245992,-0.0002210132156809171,-3.858767449855805e-05,-0.011473213187378994,-0.0019837784331646377,-0.0037733863183293257,-0.0006588122007112012,0.001969890928153077,-0.01474199438067711,share,9,True,0.06140478572017292,48,42.44617217818847
head,RMSE T850,72,1.0127332620322704,1.0133319186667602,0.0005986566344896952,0.00018935889626542728,0.0009868180379271506,0.05911296260659593,0.010220939716210558,0.0032329481575141816,0.01684806798327766,0.010207052211198997,0.07595456898946464,share,4,True,0.3737260538380553,48,21.88292879194178
embed,RMSE Q700,72,0.0007537539058830589,0.0007580850578960963,4.331152013037354e-06,3.403896850310654e-06,5.114482246426632e-06,0.5746108881470009,0.13090962494693423,0.10288321875817184,0.1545858816920009,0.1308900701365244,0.7502983451486583,share,1,True,0.06935684941648664,48,41.77358685492507
b0-5_attn,RMSE Q700,72,0.0007537539058830589,0.0007537117004782582,-4.220540480067333e-08,-1.238773317406109e-07,2.0389779820106817e-08,-0.005599361339458357,-0.0012756637717998359,-0.003744208235770935,0.0006162837094994686,0.00125610896139003,-0.007311367803058758,share,10,False,-0.006259396212447388,48,48.6046870119875
b0-5_mlp,RMSE Q700,72,0.0007537539058830589,0.0007536721762638384,-8.172961922052006e-08,-2.5622396909360153e-07,6.753004223961971e-08,-0.010843011038831021,-0.0024702882205491763,-0.00774440231963499,0.002041104185590495,0.0024507334101393705,-0.014158265021915617,share,7,False,-0.02536118853405636,48,50.49802703383774
b6-11_attn,RMSE Q700,72,0.0007537539058830589,0.0007538272911915556,7.338530849665403e-08,-1.1300896100389461e-07,2.654543095559346e-07,0.009735977210052347,0.002218080358988589,-0.0034157103366796488,0.008023390543650049,0.0021985255485787833,0.012712755257151586,share,8,False,-0.20511705345023112,48,72.77249916694406
b6-11_mlp,RMSE Q700,72,0.0007537539058830589,0.0007542785582093833,5.246523263243338e-07,3.6525922647949e-07,7.081603447052959e-07,0.06960525474288301,0.015857683835596822,0.011040006954940593,0.021404237221092064,0.015838129025187015,0.09088708293650614,share,2,True,-0.3493374710999835,48,99.541921865846
b12-17_attn,RMSE Q700,72,0.0007537539058830589,0.0007537987912655808,4.4885382521897554e-08,-4.17144595606563e-08,1.398267158947419e-07,0.005954912096848397,0.0013566664420583587,-0.0012608248889698977,0.0042262804169058655,0.0013371116316485531,0.007775628314630987,share,9,False,0.22408527196639944,48,30.425908879520566
b12-17_mlp,RMSE Q700,72,0.0007537539058830589,0.0007541736025207987,4.196966377397378e-07,2.2104338010346206e-07,6.302057954599149e-07,0.05568085743423684,0.012685384690404434,0.00668106450645081,0.019048050974591894,0.01266582987999463,0.07270529683850775,share,4,True,0.1484048574262256,48,35.594212771924916
b18-23_attn,RMSE Q700,72,0.0007537539058830589,0.0007539333382737823,1.7943239072337747e-07,7.049805693289576e-08,2.8937398989607263e-07,0.023805168944784943,0.0054233670169559385,0.0021308128102622208,0.008746365948981549,0.0054038122065461335,0.031083606721853587,share,5,True,-0.14640993021875598,48,64.46616308997439
b18-23_mlp,RMSE Q700,72,0.0007537539058830589,0.0007542401338772228,4.862279941638311e-07,2.8517518633937775e-07,7.79192638826012e-07,0.06450752564846635,0.01469630346916625,0.00861945657309767,0.023551197418857594,0.014676748658756445,0.0842307215927606,share,3,True,-0.29145605000199903,48,87.48912526918176
adaln,RMSE Q700,72,0.0007537539058830589,0.0007537207602581475,-3.31456249114126e-08,-9.456092205558282e-08,1.7248081955282636e-08,-0.004397406720245238,-0.0010018307629756612,-0.0028581159940058343,0.0005213254886975402,0.0009822759525658555,-0.005741915186789019,share,11,False,0.3631209945494247,48,22.426616847562013
head,RMSE Q700,72,0.0007537539058830589,0.0007539077414548956,1.5383557183668017e-07,3.9527518917263175e-08,2.887273997960922e-07,0.020409257004970927,0.004649699884007113,0.0011947243276074647,0.00872682268030198,0.0046301450735973075,0.02664939365476462,share,6,True,-0.023160124388780793,48,50.276086385122
embed,RMSE U500,72,2.7168076088031134,2.73233492175738,0.015527312954266867,0.01098898376027743,0.018608272572358447,0.5715278808832329,0.1082229877370169,0.07659152992108505,0.12969680332565314,0.10820163966991408,0.720105515743973,share,1,True,0.05360773352113036,48,43.115504324527336
b0-5_attn,RMSE U500,72,2.7168076088031134,2.7170982460180917,0.00029063721497853595,-0.00030361178020636237,0.0008968733251094817,0.010697747386925785,0.002025696773497404,-0.002116127501446269,0.006251069399506663,0.0020043487063945813,0.013478794573339127,share,10,False,-0.0753736810526047,48,55.825727250861135
b0-5_mlp,RMSE U500,72,2.7168076088031134,2.7150471905867257,-0.001760418216387431,-0.002977926656603813,-0.00062968358397484,-0.06479730882243007,-0.012269844731361862,-0.02075569166336719,-0.004388797919345313,0.01224849666425904,-0.08164238534835473,share,4,True,0.0795698616918175,48,40.92430532430417
b6-11_attn,RMSE U500,72,2.7168076088031134,2.7179594933986664,0.0011518845955530803,4.244471589724223e-06,0.002258368705709775,0.04239846030394996,0.00802845880843429,2.9583315423459227e-05,0.01574048320295684,0.008007110741331468,0.05342060491737239,share,6,True,-0.09248362076470731,48,57.78321471276716
b6-11_mlp,RMSE U500,72,2.7168076088031134,2.7189842561880746,0.0021766473849614463,0.0005285018434127172,0.003606018051505088,0.08011783307395719,0.015170898142151524,0.003683576719752273,0.02513339226928223,0.015149550075048703,0.10094572012279242,share,3,True,0.11808584282503633,48,37.86102812771466
b12-17_attn,RMSE U500,72,2.7168076088031134,2.717117965221405,0.0003103564182917277,-0.00031405749420324963,0.0008714164296785987,0.011423569975514566,0.002163136593550806,-0.0021889325245123404,0.006073638746169963,0.0021417885264479837,0.014393306125578056,share,9,False,0.08668937928653321,48,40.34171183584114
b12-17_mlp,RMSE U500,72,2.7168076088031134,2.7158668438593545,-0.0009407649437586466,-0.0015838005890448888,-0.00028590311606725103,-0.03462758793483722,-0.006556987243812176,-0.011038846980860514,-0.0019927008308039825,0.006535639176709354,-0.04362957241954786,share,7,True,-0.01072202721464566,48,49.04047056633426
b18-23_attn,RMSE U500,72,2.7168076088031134,2.7179599354664483,0.0011523266633351643,0.0006830284992853801,0.0015328871707121525,0.04241473189346744,0.008031539953014831,0.004760603790231579,0.010683988270657264,0.008010191885912009,0.053441106561742474,share,5,True,0.07459821392623249,48,41.335715205823035
b18-23_mlp,RMSE U500,72,2.7168076088031134,2.7205098271369934,0.0037022183338801065,0.00293404757976532,0.004544846216837565,0.1362709056719373,0.025803893470000817,0.020449861233556802,0.031676880464773426,0.025782545402897997,0.17169666448842455,share,2,True,-0.22692282441856862,48,76.17906391790495
adaln,RMSE U500,72,2.7168076088031134,2.7165867388248444,-0.00022086997826894125,-0.00041565957168738046,-7.266812026500723e-05,-0.008129761472739886,-0.0015394298434041852,-0.0028970834079270363,-0.0005064856431679532,0.0015180817763013623,-0.010243220451740144,share,11,True,-0.20784418516170125,48,73.18827912611648
head,RMSE U500,72,2.7168076088031134,2.717527831594149,0.0007202227910359701,0.00023191298047701517,0.001189880073070526,0.026509893034099074,0.005019842294141878,0.0016163978736141915,0.008293281454151794,0.004998494227039054,0.03340155543441925,share,8,True,-0.09559055995174884,48,58.146614297699394
embed,RMSE MSLP,72,149.48445796966553,149.7304835319519,0.24602556228637695,-0.27975289821624755,0.6058017134666441,0.16458270353182955,0.017201485106144294,-0.01955961513652008,0.042356123707760714,0.017183843394709176,1.0,colmax,1,False,-0.04311443280622397,48,52.325475993473034
b0-5_attn,RMSE MSLP,72,149.48445796966553,149.51987584431967,0.03541787465413412,-0.05938266118367513,0.09804356892903644,0.023693349218499603,0.0024763282225332755,-0.004151885488733062,0.006854958383238851,0.00245868651109816,0.14396014107228114,colmax,9,False,0.06487357779042272,48,42.15154662696844
b0-5_mlp,RMSE MSLP,72,149.48445796966553,149.33499383926392,-0.14946413040161133,-0.33020776907602944,0.010925249258677053,-0.09998640155081652,-0.01045015399665439,-0.023087292104561015,0.0007638657977551689,0.010432512285219275,-0.6075146379612096,colmax,3,False,0.10955527401163401,48,38.52115153570385
b6-11_attn,RMSE MSLP,72,149.48445796966553,149.63050333658853,0.1460453669230143,0.05772752761840821,0.28726634979248045,0.09769936547694537,0.010211122700426466,0.004036162735751491,0.020084936668897543,0.01019348098899135,0.5936186694007658,colmax,4,True,0.03189153010911543,48,45.03303418901856
b6-11_mlp,RMSE MSLP,72,149.48445796966553,149.5593287150065,0.07487074534098308,-0.060594367980957034,0.20647871494293213,0.0500859730555911,0.005234773163000535,-0.004236604963541931,0.014436469555518739,0.00521713145156542,0.3043210008146737,colmax,7,False,-0.18786926133013238,48,70.20756859570629
b12-17_attn,RMSE MSLP,72,149.48445796966553,149.50464312235513,0.020185152689615887,-0.03585480848948161,0.06674250761667885,0.013503178165660544,0.0014112948269640118,-0.0025068775312768595,0.004666467337969762,0.001393653115528897,0.08204494078595015,colmax,10,False,-0.2008808749043799,48,72.13227688489239
b12-17_mlp,RMSE MSLP,72,149.48445796966553,149.41172536214194,-0.07273260752360027,-0.16240026156107584,0.008272051811218208,-0.04865563183723066,-0.005085279974248941,-0.011354615571308332,0.0005783609422759684,0.0050676382628138264,-0.29563028673800396,colmax,8,False,0.1976102950567841,48,32.15963155648074
b18-23_attn,RMSE MSLP,72,149.48445796966553,149.58552614847818,0.10106817881266277,0.04829281171162923,0.15522275765736898,0.06761116184611798,0.007066431456937323,0.0033765112603399558,0.010852782650568198,0.007048789745502208,0.410803568025253,colmax,5,True,0.16750698187366733,48,34.22648899789439
b18-23_mlp,RMSE MSLP,72,149.48445796966553,149.67018715540567,0.18572918574015299,0.07705801725387573,0.29709809223810835,0.12424648573020379,0.012985714950086118,0.005387701683447998,0.020772347235808702,0.012968073238651002,0.7549182451373154,colmax,2,True,-0.029020039676390524,48,50.869187751315685
adaln,RMSE MSLP,72,149.48445796966553,149.4643039703369,-0.02015399932861328,-0.04834692478179932,0.001119875907897927,-0.013482337630513453,-0.0014091166627508605,-0.0033802947093520344,7.829889126729445e-05,0.0013914749513157453,-0.08191831426505902,colmax,11,False,0.1998251805915129,48,32.01165632535906
head,RMSE MSLP,72,149.48445796966553,149.5689460436503,0.0844880739847819,0.03739847342173259,0.12808940013249714,0.05651963764816731,0.005907192459149262,0.0026148066793467823,0.008955686913823223,0.005889550747714147,0.34341177071038126,colmax,6,True,-0.17657626787292532,48,68.58638955184354
embed,RMSE T2M,72,0.9100789117316405,0.9135812297463417,0.0035023180147012076,0.002143357073267301,0.004507325123995542,0.3848367399303011,0.05842197508850503,0.03575322201312895,0.07518644366517514,0.058407133086576295,0.47605932706896265,share,1,True,0.1720979735665986,48,33.904415983145014
b0-5_attn,RMSE T2M,72,0.9100789117316405,0.9100154352684816,-6.347646315892537e-05,-0.0002461794142921766,8.603927368919047e-05,-0.006974830681236903,-0.0010588474072916307,-0.004106505334098649,0.0014352164146726647,0.0010440054053628938,-0.008628160609433931,share,10,False,0.15799833409313602,48,34.90167366707012
b0-5_mlp,RMSE T2M,72,0.9100789117316405,0.9101571602125963,7.824848095575969e-05,-0.0003278144324819247,0.0004844650315741696,0.008597988586162649,0.00130525862754949,-0.005468254603871342,0.008081334672372001,0.001290416625620753,0.010636075602388002,share,9,False,0.19110201035859867,48,32.59763073617666
b6-11_attn,RMSE T2M,72,0.9100789117316405,0.9103589877486229,0.0002800760169823964,-0.0001477737600604693,0.0007529203159113723,0.030774915600393984,0.004671932708095103,-0.0024650060025242977,0.012559422575324357,0.004657090706166366,0.03806987247106685,share,5,False,0.12711698883708322,48,37.173057411768035
b6-11_mlp,RMSE T2M,72,0.9100789117316405,0.9105366989970207,0.0004577872653802236,0.00011407031367222468,0.0009121754827598729,0.050301930907197374,0.007636324314815238,0.0019028006582278358,0.015215949295994685,0.007621482312886501,0.0622256164582594,share,3,True,0.05143799253089701,48,43.303529720207436
b12-17_attn,RMSE T2M,72,0.9100789117316405,0.9101980365812778,0.00011912484963734944,-3.481827055414518e-05,0.00026282602921128267,0.013089507745068635,0.001987115095979904,-0.0005808016651830622,0.004384186606338834,0.001972273094051167,0.016192274806999803,share,8,False,-0.11514432084403062,48,60.492268582793976
b12-17_mlp,RMSE T2M,72,0.9100789117316405,0.9102012862761816,0.00012237454454104105,-4.660372311870257e-05,0.0002825124810139338,0.013446586110669735,0.002041323078782091,-0.000777394154284047,0.004712575231234641,0.002026481076853354,0.016633995850759118,share,7,False,-0.1603307378164152,48,66.33073035250708
b18-23_attn,RMSE T2M,72,0.9100789117316405,0.9103442194561163,0.0002653077244758606,-1.2289422253767634e-06,0.0004553695209324358,0.029152167032532362,0.0044255836292007925,-2.0499917989971116e-05,0.007595994052027528,0.004410741627272056,0.03606246384537731,share,6,False,0.4151877563390646,48,19.835521873324755
b18-23_mlp,RMSE T2M,72,0.9100789117316405,0.9107287563383579,0.0006498446067174276,0.00014719230433305104,0.0009807583875954147,0.07140530324792875,0.010840022312560848,0.002455306771363761,0.016359976977370492,0.01082518031063211,0.0883313807811613,share,2,True,-0.018310957405974024,48,49.79064024828936
adaln,RMSE T2M,72,0.9100789117316405,0.9101206560929617,4.1744361321131386e-05,-3.142071266969045e-05,0.00010226791103680921,0.004586894694846061,0.0006963354061372267,-0.0005241271880926938,0.0017059254259227039,0.00068149340420849,0.005674182777247555,share,11,False,0.037316225632205074,48,44.546513423610655
head,RMSE T2M,72,0.9100789117316405,0.9104930410782496,0.0004141293466091156,0.0002607967083652814,0.000568633060902357,0.04550477340708143,0.006908068961601905,0.004350335616390457,0.009485336962289533,0.006893226959673169,0.05629132969613103,share,4,True,-0.28406562994109,48,86.09050328468058
embed,SpecDiv> Z500,72,0.0005589079889129304,0.0005095684861468422,-4.933950276608812e-05,-5.732256764379902e-05,-4.197220500827827e-05,-8.827839956636312,-0.29329323931128115,-0.34074768912031367,-0.2494991493180612,0.2932122098863063,0.8644262179560813,share,1,True,0.14607586034839157,48,35.764088679799336
b0-5_attn,SpecDiv> Z500,72,0.0005589079889129304,0.0005600354246174296,1.1274357044991727e-06,4.1693491160306924e-07,1.8015265444167497e-06,0.2017211646396435,0.006701917355256231,0.002478423655498913,0.01070897610018901,0.006620887930281359,-0.019752630800704357,share,9,True,0.07641748028140787,48,41.18472782038314
b0-5_mlp,SpecDiv> Z500,72,0.0005589079889129304,0.000543642784577969,-1.5265204334961407e-05,-1.8305827150773742e-05,-1.2549257735372522e-05,-2.731255347530826,-0.0907423256649981,-0.10881697306064098,-0.07459768027271867,0.09066129624002323,0.26744580123063294,share,2,True,0.2132602075568213,48,31.12564790476241
b6-11_attn,SpecDiv> Z500,72,0.0005589079889129304,0.0005604402146370072,1.5322257240768522e-06,-2.827158671910487e-07,2.989313998114082e-06,0.2741463272079924,0.009108147037903424,-0.0016805733305880015,0.017769647780642783,0.009027117612928553,-0.02684453659774456,share,7,False,0.1387834370597079,48,36.30048846501321
b6-11_mlp,SpecDiv> Z500,72,0.0005589079889129304,0.0005551434163256393,-3.7645725872910893e-06,-4.893601105019722e-06,-2.4996481291357973e-06,-0.6735585573956708,-0.02237808706714283,-0.02908947272518883,-0.014858882960541596,0.02229705764216796,0.06595516901094188,share,4,True,-0.19345829957611002,48,71.02670370241957
b12-17_attn,SpecDiv> Z500,72,0.0005589079889129304,0.0005577420473249125,-1.1659415880179342e-06,-1.7872300153006412e-06,-5.18001403785699e-07,-0.20861064990065312,-0.006930811338304691,-0.010623991957660247,-0.0030792022855268856,0.006849781913329819,0.020427252420159712,share,8,True,0.09018836125067359,48,40.05817729503915
b12-17_mlp,SpecDiv> Z500,72,0.0005589079889129304,0.0005509981832195384,-7.909805693392022e-06,-9.144801454870806e-06,-7.009482897046837e-06,-1.4152250191979725,-0.047018968657549225,-0.05436026492348509,-0.04166709896770383,0.046937939232574354,0.13857949588024296,share,3,True,0.041750021075322885,48,44.15262592546547
b18-23_attn,SpecDiv> Z500,72,0.0005589079889129304,0.00056086127430414,1.953285391209647e-06,1.6452618486558399e-06,2.5818779856005373e-06,0.3494824604330249,0.011611089848295642,0.009780077829223665,0.015347689284451727,0.01153006042332077,-0.03422148600315313,share,6,True,-0.10433029441010039,48,59.18236801006143
b18-23_mlp,SpecDiv> Z500,72,0.0005589079889129304,0.0005592642231325348,3.5623421960432705e-07,-1.180632443720242e-06,1.8642356887236621e-06,0.06373754297146451,0.002117595078260315,-0.007018139511788959,0.011081743700936989,0.002036565653285443,-0.006241210022301962,share,11,False,-0.002860194236777997,48,48.27536624768533
adaln,SpecDiv> Z500,72,0.0005589079889129304,0.0005595955887353435,6.875998224131763e-07,3.891337504076849e-07,1.0792413225620597e-06,0.12302558490003875,0.004087361403326348,0.0023131627151472063,0.0064154311605745876,0.004006331978351476,-0.012046722821139215,share,10,True,-0.05646038175078993,48,53.74453530433974
head,SpecDiv> Z500,72,0.0005589079889129304,0.0005616531022193764,2.745113306446001e-06,1.5970995264069643e-06,3.969462538104077e-06,0.49115656975761157,0.016318023668398705,0.009493782209827287,0.02359603281055987,0.016236994243423834,-0.04809428105917187,share,5,True,0.19049070847202232,48,32.639016597798246
embed,SpecDiv< Z500,72,0.0005206186803358529,0.00047901661916209076,-4.1602061173762195e-05,-4.88234343113921e-05,-3.481969118486935e-05,-7.990889060477922,-0.26281629046063004,-0.3084364940398918,-0.21996943934988436,0.2626984822720271,0.9005887606935336,share,1,True,0.13500760682967025,48,36.58093093151106
b0-5_attn,SpecDiv< Z500,72,0.0005206186803358529,0.0005216918501294762,1.0731697936231892e-06,4.156566471162175e-07,1.7159692712690827e-06,0.2061335549717278,0.006779628129875668,0.002625863599500794,0.010840440730465544,0.006661819941272707,-0.023231653124494486,share,8,True,0.06741096958451856,48,41.93724323197396
b0-5_mlp,SpecDiv< Z500,72,0.0005206186803358529,0.0005072971071058419,-1.3321573230011078e-05,-1.6121948162132562e-05,-1.0781008525858246e-05,-2.5587966266245545,-0.08415752394545427,-0.10184857411926829,-0.06810779534109933,0.0840397157568513,0.2883813635000932,share,2,True,0.2024750002794026,48,31.835339593499903
b6-11_attn,SpecDiv< Z500,72,0.0005206186803358529,0.0005216968371920908,1.0781568562379107e-06,-6.117646838295816e-07,2.485346188526212e-06,0.20709146578113333,0.006811133330813226,-0.003864753819945669,0.01570089191135755,0.006693325142210266,-0.02333961153840417,share,7,False,0.1622351741345328,48,34.59946191310818
b6-11_mlp,SpecDiv< Z500,72,0.0005206186803358529,0.0005175997133240647,-3.0189670117882392e-06,-4.068277591310713e-06,-1.8438364653169043e-06,-0.579880654655091,-0.01907198077872173,-0.025700881036796405,-0.011648227187749362,0.01895417259011877,0.06535367919308209,share,5,True,-0.18769653507157136,48,70.18243322211912
b12-17_attn,SpecDiv< Z500,72,0.0005206186803358529,0.0005195733071256351,-1.0453732102178037e-06,-1.6052092936054882e-06,-4.562061045968832e-07,-0.20079441051624,-0.006604026375251781,-0.010140727167248944,-0.00288203018583284,0.00648621818664882,0.0226299211454944,share,9,True,0.08823525947078258,48,40.216219024814144
b12-17_mlp,SpecDiv< Z500,72,0.0005206186803358529,0.0005142069112480385,-6.411769087814416e-06,-7.422784559215263e-06,-5.718676978479683e-06,-1.2315672352897828,-0.04050562206307944,-0.0468925973305322,-0.03612709148109542,0.04038781387447648,0.13880002609797856,share,3,True,-0.01450565908732818,48,49.413040354035786
b18-23_attn,SpecDiv< Z500,72,0.0005206186803358529,0.0005222088390534433,1.5901587175903842e-06,1.2532839567332607e-06,2.198735379958331e-06,0.3054363544090595,0.01004564686483162,0.00791747887266205,0.013890260721736606,0.009927838676228658,-0.03442327202970255,share,6,True,-0.12552464843368058,48,61.78010967152966
b18-23_mlp,SpecDiv< Z500,72,0.0005206186803358529,0.0005213462791289203,7.275987930673485e-07,-7.799469888899087e-07,2.1808571849154155e-06,0.13975656666756023,0.004596522632349639,-0.0049272264063989135,0.013777317257669156,0.004478714443746678,-0.015750837262455197,share,10,False,0.011754527962994974,48,46.884675429405355
adaln,SpecDiv< Z500,72,0.0005206186803358529,0.0005212920198876722,6.733395518191779e-07,4.0053788931497066e-07,1.0234673633628214e-06,0.12933449706122804,0.0042537460461489944,0.0025303525664031744,0.006465638678887926,0.0041359378575460334,-0.014576249719117801,share,11,True,-0.11533606408349704,48,60.515783341552144
head,SpecDiv< Z500,72,0.0005206186803358529,0.000524469503943692,3.850823607839023e-06,2.77271936586961e-06,4.969663041265446e-06,0.7396629727836204,0.024327140225176215,0.01751633927902091,0.03139528111093738,0.024209332036573255,-0.08336145764865056,share,4,True,0.15027394287114132,48,35.45838014932269
embed,SpecRes Z500,72,0.0005121178746776422,0.0004846589872613549,-2.7458887416287325e-05,-3.226422237882313e-05,-2.1727064843920148e-05,-5.3618295267611185,-0.14908087969520814,-0.17517019469855571,-0.1179614414459185,0.1490453169836888,0.6274728721811335,share,1,True,0.22968048912089042,48,30.06906009270039
b0-5_attn,SpecRes Z500,72,0.0005121178746776422,0.0005170050820500668,4.887207372424503e-06,3.5086555120263562e-06,6.478380623775592e-06,0.9543129841934934,0.02653381993553703,0.01904933154611601,0.03517268080643309,0.026498257224017715,-0.11167932627529023,share,4,True,0.2568802875170934,48,28.379589172842692
b0-5_mlp,SpecRes Z500,72,0.0005121178746776422,0.0004959880134265404,-1.612986125110183e-05,-1.9105955774042136e-05,-1.2902553567073487e-05,-3.149638403317778,-0.0875728818950466,-0.10373081221500785,-0.07005105512588673,0.08753731918352728,0.3685892371993449,share,2,True,0.2098168731288903,48,31.350852291983568
b6-11_attn,SpecRes Z500,72,0.0005121178746776422,0.0005095988975275153,-2.518977150126981e-06,-4.495252217869468e-06,-1.0643666882970149e-06,-0.4918744833330757,-0.013676130564937277,-0.024405801478114896,-0.005778701802589233,0.01364056785341796,0.0575620491604948,share,8,True,0.35780704261717305,48,22.702240441292748
b6-11_mlp,SpecRes Z500,72,0.0005121178746776422,0.0005105171918936927,-1.6006827839494993e-06,-2.9826394893461837e-06,-1.2119586851137422e-07,-0.3125613971113711,-0.008690490402121,-0.016193464510934525,-0.0006580014120449527,0.008654927690601683,0.03657777566398888,share,9,True,0.09728100639538348,48,39.48898362449946
b12-17_attn,SpecRes Z500,72,0.0005121178746776422,0.0005094383138081563,-2.679560869485916e-06,-3.3896702082832536e-06,-1.8566175034114471e-06,-0.5232312719357028,-0.014547978057656827,-0.018403331819910728,-0.010080021323148112,0.01451241534613751,0.06123160525299375,share,7,True,0.09471848555996669,48,39.693778141413596
b12-17_mlp,SpecRes Z500,72,0.0005121178746776422,0.000513001578838157,8.837041605147533e-07,-1.2473621382014242e-06,2.829555531510171e-06,0.1725587416902817,0.004797841647499193,-0.006772227950913358,0.015362335020674113,0.004762278935979876,-0.02019384031662208,share,11,False,0.473138595853786,48,17.16698447124817
b18-23_attn,SpecRes Z500,72,0.0005121178746776422,0.0005092270491028709,-2.890825574771346e-06,-4.338929231077297e-06,-1.4291633002964476e-06,-0.5644844122246281,-0.01569498476754337,-0.023557086523490187,-0.007759270024535792,0.015659422056024056,0.0660592907089354,share,6,True,0.17454213502820504,48,33.73397712777217
b18-23_mlp,SpecRes Z500,72,0.0005121178746776422,0.0005017889137282813,-1.0328960949361013e-05,-1.5884524918874374e-05,-5.815554133429639e-06,-2.0169108441806842,-0.056078404100044665,-0.08624089215798353,-0.031574036958705684,0.05604284138852535,0.23603078650950773,share,3,True,0.33648529446763603,48,23.830195511608537
adaln,SpecRes Z500,72,0.0005121178746776422,0.0005130885435088809,9.706688312386784e-07,6.032094764426195e-07,1.3941078198816584e-06,0.18954011942068527,0.005269993684010212,0.0032749687933536285,0.007568945421097015,0.005234430972490895,-0.022181101158263487,share,10,True,0.04767774985054025,48,43.63122917681049
head,SpecRes Z500,72,0.0005121178746776422,0.0005167292959716482,4.611421294005898e-06,2.7248976039118134e-06,6.249080433917697e-06,0.9004609137903268,0.025036511229797186,0.014794122052795965,0.03392775512899954,0.02500094851827787,-0.10537723981019007,share,5,True,0.3808490181684809,48,21.522445058715892
embed,SpecResLog Z500,72,0.5426947946619466,0.49407885785027306,-0.048615936811673595,-0.04994364165329755,-0.04674178229818479,-8.958246382657357,-0.6260833605368653,-0.6431817435684435,-0.6019477162826822,0.6260313259742857,0.7431272761783315,share,1,True,-0.1852681046757452,48,69.83017278560452
b0-5_attn,SpecResLog Z500,72,0.5426947946619466,0.5428396584815589,0.00014486381961224468,-0.0002227843571551279,0.0004797998375229454,0.02669342345590079,0.0018655780995104141,-0.002869050524379396,0.006178934612019598,0.0018135435369307361,-0.002214340867322076,share,11,False,0.13634515408565065,48,36.48137403925085
b0-5_mlp,SpecResLog Z500,72,0.5426947946619466,0.5344704354029024,-0.00822435925904425,-0.00884185677852403,-0.0076546130374176334,-1.5154667669453763,-0.10591453792429038,-0.11386676403517854,-0.0985772602231329,0.10586250336171071,0.12571486009127053,share,3,True,-0.05163580108222515,48,53.22693381883282
b6-11_attn,SpecResLog Z500,72,0.5426947946619466,0.5454092059182079,0.0027144112562612157,0.0018071196917907122,0.003403172346966493,0.5001727090365896,0.034956597211781945,0.023272359718408252,0.043826566332118885,0.03490456264920226,-0.04149160081203751,share,5,True,0.21651911094433693,48,30.913680135677357
b6-11_mlp,SpecResLog Z500,72,0.5426947946619466,0.5381818191569648,-0.0045129755049817,-0.004986470017989181,-0.003975087726718655,-0.8315862892683366,-0.058118778645052147,-0.06421651233776807,-0.051191778778502776,0.05806674408247247,0.06898386443663658,share,4,True,0.13446053653054255,48,36.621718348697655
b12-17_attn,SpecResLog Z500,72,0.5426947946619466,0.5420862114460593,-0.0006085832158872958,-0.0008225685239799556,-0.00037580697581568033,-0.11214097166094843,-0.007837426365865274,-0.010593161410427855,-0.004839698867540509,0.007785391803285595,0.009302603574257995,share,10,True,0.005191788710362929,48,47.504162566992015
b12-17_mlp,SpecResLog Z500,72,0.5426947946619466,0.5343348229318091,-0.008359971730137476,-0.009019341517303648,-0.007671162301240482,-1.5404554848080012,-0.10766097576342235,-0.11615243924760124,-0.09879038413656806,0.10760894120084268,0.1277877878772702,share,2,True,0.3796154305325998,48,21.58460877966496
b18-23_attn,SpecResLog Z500,72,0.5426947946619466,0.5450975801695724,0.00240278550762577,0.00207069654405094,0.0028010821375990427,0.44275079312719484,0.03094343385978729,0.026666742142058015,0.036072757882692826,0.03089139929720761,-0.03672819175406609,share,7,True,0.3672020531209264,48,22.21639543391542
b18-23_mlp,SpecResLog Z500,72,0.5426947946619466,0.5420603121178251,-0.0006344825441214515,-0.0012024385293760748,-0.0002871486204700692,-0.1169133277787713,-0.00817096181781596,-0.01548518458519165,-0.0036979432068510003,0.008118927255236282,0.00969849221711297,share,8,True,0.06831135823815036,48,41.86144278978963
adaln,SpecResLog Z500,72,0.5426947946619466,0.5420805311238438,-0.0006142635381028959,-0.0007711406018018122,-0.00046259477399258756,-0.11318765983107146,-0.007910578411365323,-0.009930864878583814,-0.005957365211124083,0.007858543848785645,0.00938943111791402,share,9,True,0.08010841110973475,48,40.87996705938695
head,SpecResLog Z500,72,0.5426947946619466,0.5401806037646332,-0.0025141908973135437,-0.0029955748250662193,-0.00197502109713038,-0.4632789778055037,-0.03237812925664514,-0.03857746402136086,-0.025434619318611622,0.032326094694065464,0.038431098027598636,share,6,True,0.16483507654319418,48,34.41510058650792
embed,SpecDivW1 Z500,72,0.04987036830607813,0.04545253353761797,-0.004417834768460173,-0.00470959779709783,-0.004166291481467132,-8.858636738645728,-0.3706999912755564,-0.3951817923928506,-0.3495930239078642,0.37068040672266267,0.7451249060001137,share,1,True,-0.17631255200602144,48,68.54906267395468
b0-5_attn,SpecDivW1 Z500,72,0.04987036830607813,0.050027627279391106,0.0001572589733129657,0.00010856653536427401,0.00018722389586040483,0.3153354961162362,0.013195581792987306,0.009109805101737947,0.01570993488880942,0.013175997240093558,-0.026523757417106834,share,6,True,0.011820600787420482,48,46.87847937202577
b0-5_mlp,SpecDivW1 Z500,72,0.04987036830607813,0.048481161533070714,-0.0013892067730074235,-0.001525266980617557,-0.0012580624876894317,-2.785635679450374,-0.1165681755031528,-0.12798497138110426,-0.10556387408149429,0.11654859095025905,0.23430766889289323,share,2,True,0.27745207889842777,48,27.14959002045908
b6-11_attn,SpecDivW1 Z500,72,0.04987036830607813,0.049902566187166104,3.219788108797249e-05,-0.0001028491884990909,0.00015238373450477443,0.06456315078797654,0.002701720382032981,-0.008630063204604608,0.01278650108300578,0.0026821358291392325,-0.005430588597463664,share,11,False,0.42300513372427156,48,19.462862729630483
b6-11_mlp,SpecDivW1 Z500,72,0.04987036830607813,0.04963885550357492,-0.00023151280250321158,-0.0003192087433250313,-0.00014606006988312464,-0.4642291813092447,-0.019426211790630903,-0.02678476778046508,-0.012255883134862785,0.019406627237737156,0.03904762496655234,share,5,True,-0.08618099282830614,48,57.0536257689844
b12-17_attn,SpecDivW1 Z500,72,0.04987036830607813,0.049783089088619004,-8.727921745912912e-05,-0.00012907475358499878,-3.978349844945386e-05,-0.1750121774185727,-0.007323588781912189,-0.010830647259478871,-0.0033382286348531665,0.007304004229018441,0.014720767550947702,share,9,True,0.16700282056663196,48,34.262011974733454
b12-17_mlp,SpecDivW1 Z500,72,0.04987036830607813,0.04917912901719451,-0.0006912392888836183,-0.0008333953343583517,-0.0005643613631824483,-1.386072155395273,-0.05800180671940157,-0.06993010362934209,-0.04735549502701614,0.057982222166507814,0.11658643592334135,share,3,True,0.4743608099088808,48,17.11296241381582
b18-23_attn,SpecDivW1 Z500,72,0.04987036830607813,0.04999956539561629,0.00012919708953816126,8.488368983954445e-05,0.00019782823605143452,0.2590658419549207,0.010840912454794408,0.007122580343565839,0.016599743816106148,0.01082132790190066,-0.02179075819785915,share,7,True,0.38541102772216496,48,21.293515122251623
b18-23_mlp,SpecDivW1 Z500,72,0.04987036830607813,0.04982739940297124,-4.296890310688622e-05,-0.0001640340856725055,0.00010985354746990411,-0.08616119063562086,-0.003605515561731799,-0.013764080667255459,0.009217798134826169,0.00358593100883805,0.007247260607622525,share,10,False,0.30120396117509757,48,25.77782643184075
adaln,SpecDivW1 Z500,72,0.04987036830607813,0.04997953318616679,0.00010916488008865053,9.083974784896956e-05,0.0001341946208145861,0.21889728068309786,0.009160012136570864,0.0076223524644910765,0.011260254711276247,0.009140427583677115,-0.018412067285830343,share,8,True,0.13130171598239038,48,36.85799910295046
head,SpecDivW1 Z500,72,0.04987036830607813,0.050272320002191805,0.0004019516961136747,0.00033696601966640805,0.0004719358663281362,0.8059930370810703,0.03372771913207365,0.028274778731490383,0.03960008255162507,0.0337081345791799,-0.06779434620812667,share,4,True,-0.04282432622824279,48,52.29506874293133
embed,|RQE| Z500,72,0.0020587305965212486,0.002067900979758027,9.170383236778434e-06,-5.3364427374920825e-05,5.793925961370403e-05,0.4454387209416395,0.004612006292652384,-0.026838254029543394,0.029139047194705517,0.004490839950323537,0.07492889907304112,colmax,7,False,0.2441608937080236,48,29.160438401087557
b0-5_attn,|RQE| Z500,72,0.0020587305965212486,0.0020650070179423588,6.2764214211104745e-06,5.084666933422948e-07,1.2252645577367115e-05,0.30486851614854765,0.0031565632909872593,0.00025572012954636704,0.006162150157239046,0.0030353969486584123,0.05128306364734565,colmax,8,True,-0.06079691751322247,48,54.2143152957034
b0-5_mlp,|RQE| Z500,72,0.0020587305965212486,0.0019363427948822693,-0.000122387801638979,-0.00014982529354862586,-9.109040148966113e-05,-5.944818707497935,-0.061551769073192625,-0.0753507436715917,-0.04581155378388899,0.06143060273086377,-1.0,colmax,1,True,0.04301024845566882,48,44.04128160978496
b6-11_attn,|RQE| Z500,72,0.0020587305965212486,0.002024863803247475,-3.386679327377351e-05,-4.598928980309817e-05,-2.249080016554217e-05,-1.64503278529984,-0.017032424889744515,-0.02312911996042325,-0.011311164344174937,0.01691125854741567,-0.27671706510158733,colmax,3,True,0.05995422615538351,48,42.569948806380744
b6-11_mlp,|RQE| Z500,72,0.0020587305965212486,0.0020560358816510416,-2.6947148702068566e-06,-1.8958881438872294e-05,8.750126274511178e-06,-0.13089205915335722,-0.0013552369205743207,-0.009534877468048625,0.004400648958453507,0.0012340705782454733,-0.02201783865810221,colmax,10,False,0.04354561934226361,48,43.99406161132451
b12-17_attn,|RQE| Z500,72,0.0020587305965212486,0.002070598799339981,1.1868202818732243e-05,2.869359991564124e-06,2.056587284945027e-05,0.5764815871871047,0.005968804647437697,0.0014430701526087668,0.010343072099228249,0.005847638305108849,0.09697210555134579,colmax,6,True,0.207830255637003,48,31.48136714738126
b12-17_mlp,|RQE| Z500,72,0.0020587305965212486,0.0020864461603196105,2.771556379836208e-05,1.0483781359956388e-05,4.1646913117195545e-05,1.3462452952899524,0.013938823639322554,0.005272545798194633,0.020945234283745093,0.013817657296993708,0.2264569134113364,colmax,4,True,0.24584285813291878,48,29.056267067156693
b18-23_attn,|RQE| Z500,72,0.0020587305965212486,0.0020641278494319217,5.397252910673463e-06,-4.12229384589106e-06,1.2880001486337272e-05,0.26216411801493117,0.0027144083016324466,-0.002073200723080219,0.006477662532806838,0.0025932419593035997,0.04409959847627907,colmax,9,False,-0.032134182314299646,48,51.18730287381068
b18-23_mlp,|RQE| Z500,72,0.0020587305965212486,0.0021172426134702014,5.8512016948952805e-05,3.696764717157445e-05,7.237080346840228e-05,2.8421405427122814,0.029427100634362872,0.018591918895610907,0.03639701770171992,0.029305934292034024,0.47808700021879835,colmax,2,True,0.15895260102867073,48,34.83341347591928
adaln,|RQE| Z500,72,0.0020587305965212486,0.002058353899883514,-3.7669663773461554e-07,-2.9159199281518037e-06,2.263747311796271e-06,-0.018297519761504528,-0.0001894497992935972,-0.0014664862645621547,0.0011384929699674198,6.828345696475008e-05,-0.003077893651900046,colmax,11,False,-0.10886409573649344,48,59.727676037630566
head,|RQE| Z500,72,0.0020587305965212486,0.0020730877771105347,1.4357180589286145e-05,-3.370792104154437e-05,4.622127599607967e-05,0.6973802504099502,0.007220571432279194,-0.01695252422301666,0.023245791396525092,0.007099405089950346,0.11730891802139831,colmax,5,False,0.49672021372683167,48,16.140244194978905
embed,SpecDiv> T850,72,0.0010828262493305374,0.0009912532623275183,-9.157298700301908e-05,-0.00010573319987088326,-8.009855191630777e-05,-8.456849569322365,-0.3295654856484359,-0.3805272111901508,-0.28826970732279505,0.32946202910413813,0.7297965694741915,share,1,True,0.12835634094475107,48,37.079505929501885
b0-5_attn,SpecDiv> T850,72,0.0010828262493305374,0.0010842018940214377,1.37564469090042e-06,3.582350473152474e-07,2.000673369669433e-06,0.12704205238383526,0.004950859696444568,0.0012892656580138367,0.0072002990431802895,0.0048474031521468265,-0.010963285233902133,share,9,True,-0.05877065855869504,48,53.994270443158044
b0-5_mlp,SpecDiv> T850,72,0.0010828262493305374,0.0010563357585245587,-2.6490490805978577e-05,-2.9045905012026197e-05,-2.387982012805878e-05,-2.4464211892126233,-0.0953376290679469,-0.10453440588403165,-0.0859419876457838,0.09523417252364916,0.21111760079698388,share,2,True,0.16479870428503599,48,34.41767409839769
b6-11_attn,SpecDiv> T850,72,0.0010828262493305374,0.0010829346368457966,1.0838751525928576e-07,-2.5989728176985714e-06,2.8519456463982346e-06,0.010009686718095065,0.00039007992721124283,-0.009353541550672301,0.010263975029745277,0.0002866233829135014,-0.0008638009897771539,share,11,False,0.1241239309667032,48,37.39983657980104
b6-11_mlp,SpecDiv> T850,72,0.0010828262493305374,0.0010687398328930915,-1.4086416437445829e-05,-1.606439855095232e-05,-1.2223460059127927e-05,-1.3008935132626147,-0.05069613677775837,-0.05781477140109106,-0.04399147262235686,0.05059268023346063,0.11226256485325632,share,4,True,-0.012768971375243384,48,49.24167617961823
b12-17_attn,SpecDiv> T850,72,0.0010828262493305374,0.001082185724953888,-6.405243766494095e-07,-1.7803480053165306e-06,4.780138018152975e-07,-0.05915301527326446,-0.0023052073997888124,-0.006407361758069791,0.0017203419468747902,0.002201750855491071,0.005104698536566493,share,10,False,0.4300262976314294,48,19.131632585362947
b12-17_mlp,SpecDiv> T850,72,0.0010828262493305374,0.0010636404864878084,-1.9185762842729066e-05,-2.1526397510266786e-05,-1.6236950614256784e-05,-1.7718228436548114,-0.06904836738143376,-0.07747216599474319,-0.058435775546567946,0.06894491083713601,0.15290212063200975,share,3,True,0.43220859137114254,48,19.029342358638708
b18-23_attn,SpecDiv> T850,72,0.0010828262493305374,0.0010848829357807215,2.0566864501840123e-06,1.1965809486961614e-06,2.8362175119885554e-06,0.18993688520716678,0.007401886636712034,0.004306420423543847,0.010207370452077641,0.007298430092414292,-0.016390889551073172,share,7,True,0.03190756661956109,48,45.03158839554554
b18-23_mlp,SpecDiv> T850,72,0.0010828262493305374,0.001084864135918906,2.037886588368565e-06,-8.536302630091086e-07,4.3156670775109285e-06,0.18820070067829425,0.007334227103130071,-0.0030721622325536224,0.015531817437056665,0.007230770558832329,-0.01624106289248607,share,8,False,0.05850852854967238,48,42.69364810081927
adaln,SpecDiv> T850,72,0.0010828262493305374,0.0010798092783564546,-3.016970974082748e-06,-3.526951453144041e-06,-2.4487975679221562e-06,-0.2786200441620255,-0.010857890921784987,-0.01269327895218216,-0.008813070165554026,0.010754434377487247,0.024043936308599485,share,5,True,0.22777805628193792,48,30.190027512558235
head,SpecDiv> T850,72,0.0010828262493305374,0.0010803297118400224,-2.4965374905150384e-06,-4.590047804716354e-06,-1.1073881675353432e-06,-0.2305575333123421,-0.008984883178201777,-0.016519296611576174,-0.003985421150705552,0.008881426633904035,0.019896309553400427,share,6,True,0.11228849338372493,48,38.308543665641665
embed,SpecDiv< T850,72,0.0009897600818173184,0.0009136788927814147,-7.608118903590366e-05,-8.839181288446222e-05,-6.622224676296659e-05,-7.686831428502295,-0.3135861873748095,-0.3643272660276824,-0.2729502804167873,0.3134260263898191,0.7130128519642632,share,1,True,0.1290786120756892,48,37.0250806040107
b0-5_attn,SpecDiv< T850,72,0.0009897600818173184,0.0009909993120042297,1.2392301869112998e-06,3.3308776134314634e-07,1.8190552206457748e-06,0.1252051087608953,0.00510777334736316,0.001372898116662131,0.007497656102579548,0.004947612362372827,-0.011613738704752064,share,9,True,-0.05312621530794536,48,53.386268742482315
b0-5_mlp,SpecDiv< T850,72,0.0009897600818173184,0.0009668486018199474,-2.2911479997371014e-05,-2.5055107562366176e-05,-2.0759262042702182e-05,-2.314851893733963,-0.09443495495449243,-0.10327041091642744,-0.08556409171803969,0.0942747939695021,0.21472035206939824,share,2,True,0.1327085446143373,48,36.75260512198743
b6-11_attn,SpecDiv< T850,72,0.0009897600818173184,0.0009896949983764596,-6.508344085887074e-08,-2.6563164889618444e-06,2.5254655459624074e-06,-0.00657567849567844,-0.00026825642893850914,-0.010948621739353855,0.010409289364958023,0.00010809544394817579,0.0006099448545754409,share,11,False,0.13580693223367982,48,36.521407006388166
b6-11_mlp,SpecDiv< T850,72,0.0009897600818173184,0.000977787244967961,-1.1972836849357312e-05,-1.3701131956622702e-05,-1.0329120868846076e-05,-1.2096706130412682,-0.0493488115423483,-0.056472378881577565,-0.04257385660293062,0.04918865055735797,0.11220627143503849,share,4,True,0.009021636256136101,48,47.14166649210561
b12-17_attn,SpecDiv< T850,72,0.0009897600818173184,0.0009892489142657723,-5.111675515460471e-07,-1.5527833966189063e-06,5.06124373108226e-07,-0.05164560189247904,-0.0021068950897099683,-0.006400155299029836,0.00208610846533399,0.001946734104719635,0.004790527571637176,share,10,False,0.40016933694459095,48,20.56313552008533
b12-17_mlp,SpecDiv< T850,72,0.0009897600818173184,0.0009734387834517596,-1.6321298365558807e-05,-1.8249990868450063e-05,-1.3757509926411633e-05,-1.6490156216030598,-0.06727199971923394,-0.07522155119528447,-0.05670475370145189,0.0671118387342436,0.15295890670024842,share,3,True,0.4313599948331473,48,19.06908139569086
b18-23_attn,SpecDiv< T850,72,0.0009897600818173184,0.0009913679617360078,1.6078799186895292e-06,7.987000875194402e-07,2.348486365614614e-06,0.16245148175073584,0.0066272483362533365,0.003292026826538582,0.009679828809553283,0.006467087351263003,-0.015068626831001155,share,8,True,0.0558712909107821,48,42.92017258769441
b18-23_mlp,SpecDiv< T850,72,0.0009897600818173184,0.0009918103921033132,2.050310285994783e-06,-7.264016858243849e-07,4.266769064997783e-06,0.207152250697984,0.008450827250045258,-0.0029940322706156226,0.01758647387687404,0.008290666265054925,-0.01921496762805477,share,6,False,0.08600584902381987,48,40.397313961330596
adaln,SpecDiv< T850,72,0.0009897600818173184,0.0009871088307894145,-2.65125102790383e-06,-3.090893339200799e-06,-2.1565555168005328e-06,-0.26786804970309724,-0.010927743272013804,-0.012739830569219492,-0.008888741500299798,0.01076758228702347,0.02484682587947991,share,5,True,0.16785358157777264,48,34.20208553053697
head,SpecDiv< T850,72,0.0009897600818173184,0.0009879653068007126,-1.794775016605854e-06,-3.6674025371515503e-06,-5.4434907118169e-07,-0.18133435057417466,-0.0073975796354522,-0.015116046341643482,-0.0022436603843340214,0.0072374186504618665,0.01682015843128375,share,7,True,0.10720120653572042,48,38.70510782802589
embed,SpecRes T850,72,0.0007381025752692949,0.0007047193642695978,-3.3383210999697134e-05,-4.390555862604136e-05,-2.570223453706907e-05,-4.522841691416312,-0.10888340218973362,-0.14320331852701532,-0.0838309634234988,0.10885741113401878,0.49105046427046056,share,1,True,0.3147194675386113,48,25.019379700620906
b0-5_attn,SpecRes T850,72,0.0007381025752692949,0.0007402768181539917,2.174242884696772e-06,1.4029958644338575e-06,3.0802755645709102e-06,0.29457191419546325,0.007091557563912981,0.004576041621013348,0.01004669332603823,0.007065566508198132,-0.03198203366287268,share,9,True,0.19207655506463858,48,32.53174067733808
b0-5_mlp,SpecRes T850,72,0.0007381025752692949,0.0007208293445728486,-1.7273230696446262e-05,-1.9708033914866973e-05,-1.5404303834050855e-05,-2.340220895468921,-0.05633874240121102,-0.06428014917860475,-0.050243010171521,0.05631275134549617,0.2540806500913786,share,2,True,0.26535646590382483,48,27.86794914066264
b6-11_attn,SpecRes T850,72,0.0007381025752692949,0.0007310208960310168,-7.081679238278109e-06,-1.1547389810099653e-05,-3.6770483499518995e-06,-0.9594437786230966,-0.023097757992396755,-0.03766321606828412,-0.011993140335198473,0.023071766936681906,0.10416798665060996,share,5,True,0.6224319323908418,48,11.170433029219817
b6-11_mlp,SpecRes T850,72,0.0007381025752692949,0.0007289543215544351,-9.148253714859797e-06,-1.1513218881494443e-05,-7.2908397669380096e-06,-1.239428505112867,-0.029838141950390598,-0.03755176342933481,-0.023779960491266617,0.029812150894675746,0.1345662714706091,share,3,True,0.3203038537639771,48,24.71053532587912
b12-17_attn,SpecRes T850,72,0.0007381025752692949,0.0007420842575811548,3.981682311859913e-06,1.1798260705594052e-06,7.42800008689907e-06,0.5394483700869362,0.012986741046507615,0.0038481462000709943,0.024227325553990157,0.012960749990792766,-0.058568570525885884,share,6,True,0.7820969757054731,48,5.869122336620758
b12-17_mlp,SpecRes T850,72,0.0007381025752692949,0.0007350442671546867,-3.058308114608129e-06,-4.796281170153331e-06,-6.493786562108046e-07,-0.41434730308213774,-0.009975043816666525,-0.01564365428087757,-0.002118027453928002,0.009949052760951677,0.04498619439496289,share,7,True,0.49118535518905365,48,16.378314651453266
b18-23_attn,SpecRes T850,72,0.0007381025752692949,0.000729265879272134,-8.83669599716086e-06,-1.1337025489410734e-05,-6.799690724316558e-06,-1.1972178790917798,-0.028821958567616646,-0.03697708725532633,-0.022178018163330003,0.028795967511901794,0.12998341208286188,share,4,True,0.37309573306020105,48,21.915008610540227
b18-23_mlp,SpecRes T850,72,0.0007381025752692949,0.0007408654491882771,2.7628739189822227e-06,-2.3156173483585005e-06,8.234755250668967e-06,0.37432113253014937,0.009011449261809959,-0.007552667568770738,0.026858655624851197,0.00898545820609511,-0.04064050401410685,share,8,False,0.40803524195191654,48,20.180111647573614
adaln,SpecRes T850,72,0.0007381025752692949,0.00073682825435147,-1.2743209178249042e-06,-1.9494592227905136e-06,-7.758403474629943e-07,-0.1726482145601472,-0.00415635263532853,-0.006358398316132943,-0.00253049763812721,0.00413036157961368,0.01874462820047945,share,11,True,0.5853596179096512,48,12.554084332347987
head,SpecRes T850,72,0.0007381025752692949,0.0007367234017389516,-1.379173530343299e-06,-4.201601374613043e-06,9.432568579844265e-07,-0.18685391117083028,-0.004498342181498556,-0.0137040338125976,0.0030765469456210948,0.0044723511257837075,0.020286958087727132,share,10,False,0.47046410615505757,48,17.285510607272847
embed,SpecResLog T850,72,0.31643426640413713,0.291075355390458,-0.025358911013679115,-0.026403322539542536,-0.024186354822849178,-8.01395857087479,-0.6795992752570535,-0.7075886993953386,-0.6481756728375194,0.6795714985508773,0.7584207271388499,share,1,True,0.03199311425936651,48,45.02387649058743
b0-5_attn,SpecResLog T850,72,0.31643426640413713,0.31654778003120937,0.0001135136270722607,-5.915303110521948e-05,0.0002470729831439719,0.03587273539057419,0.0030420777393987816,-0.0015852556541832655,0.0066213655700620225,0.003014301033222466,-0.003394904755092713,share,11,False,0.39496790764590023,48,20.818787495983536
b0-5_mlp,SpecResLog T850,72,0.31643426640413713,0.31153045483807246,-0.004903811566064691,-0.005324471347498211,-0.004534676902927102,-1.5497093983499688,-0.13141837141575335,-0.14269172942540137,-0.12152584687456777,0.13139059470957704,0.14666056959940033,share,2,True,0.12560410626829246,48,37.28753534692419
b6-11_attn,SpecResLog T850,72,0.31643426640413713,0.31698146469354466,0.0005471982894075435,0.00023774411271029899,0.0008695820361597323,0.17292636970886202,0.01466449252109717,0.006371359030653796,0.023304128526336447,0.014636715814920855,-0.016365313333752424,share,9,True,0.17938679791028816,48,33.39823183547489
b6-11_mlp,SpecResLog T850,72,0.31643426640413713,0.313445576476667,-0.0029886899274701455,-0.0032403040953155084,-0.002732829997639478,-0.9444899762066574,-0.08009458716824014,-0.08683765298916107,-0.07323773819761807,0.08006681046206382,0.08938413746401683,share,4,True,-0.10221395804048228,48,58.92970876498519
b12-17_attn,SpecResLog T850,72,0.31643426640413713,0.316012527901334,-0.00042173850280313323,-0.0005805885669719348,-0.00027038607423917515,-0.13327839225367133,-0.011302266911161886,-0.015559326231470286,-0.007246138447878244,0.01127449020498557,0.01261312923831255,share,10,True,0.3311891039415593,48,24.115974894739306
b12-17_mlp,SpecResLog T850,72,0.31643426640413713,0.31224627158708695,-0.00418799481705016,-0.004534080988012415,-0.0037984321550806315,-1.3234959869047245,-0.11223503410348769,-0.12150987681402703,-0.10179505493407895,0.11220725739731137,0.12525230569591794,share,3,True,0.35707075983423264,48,22.74060015243898
b18-23_attn,SpecResLog T850,72,0.31643426640413713,0.31784656707355957,0.0014123006694225036,0.0012344427754100043,0.001575833754517155,0.44631723532076956,0.03784856971448222,0.033082115200546686,0.04223113038717537,0.0378207930083059,-0.042238331924597104,share,5,True,0.246777607543083,48,28.998495496866454
b18-23_mlp,SpecResLog T850,72,0.31643426640413713,0.317142816325057,0.0007085499209198946,0.00033403712855752837,0.0010774699081753315,0.22391693825439346,0.018988591918669372,0.008951937658292539,0.0288753633116284,0.018960815212493057,-0.021190931501292302,share,7,True,0.13968280547636905,48,36.23396364207982
adaln,SpecResLog T850,72,0.31643426640413713,0.31580218516513203,-0.0006320812390050978,-0.0007052779251914827,-0.0005368994113275168,-0.19975119830980284,-0.01693929016509149,-0.018900904954332717,-0.014388490524190778,0.016911513458915176,0.018903947122906113,share,8,True,0.27854745730537994,48,27.085206615893718
head,SpecResLog T850,72,0.31643426640413713,0.315521186093936,-0.0009130803102011675,-0.0011409745216180785,-0.0007693280652701373,-0.28855291829710317,-0.02446984875373683,-0.03057723801941416,-0.02061739935561384,0.024442072047560517,0.027307916827555723,share,6,True,-0.06508949977128337,48,54.6836258406709
embed,SpecDivW1 T850,72,0.1393353347396827,0.12693936391142985,-0.012395970828252867,-0.013371742845175585,-0.011636347367997898,-8.89650199026112,-0.48969635141616064,-0.5282437151621264,-0.45968782347665066,0.4896806522811948,0.6699155034107266,share,1,True,0.455674261507311,48,17.94882010251017
b0-5_attn,SpecDivW1 T850,72,0.1393353347396827,0.1394816398594609,0.00014630511977821824,7.704007224133232e-05,0.00019646717790520093,0.10500216621401673,0.005779707321156689,0.0030434278050600373,0.007761333220785476,0.005764008186190803,-0.007906768201196703,share,7,True,0.14828441070474888,48,35.60298119964973
b0-5_mlp,SpecDivW1 T850,72,0.1393353347396827,0.1363917282292049,-0.0029436065104778155,-0.003122743646085123,-0.0027754444280750487,-2.1126059057290054,-0.11628563733793566,-0.1233623562916543,-0.10964248212725297,0.11626993820296978,0.15908133897954438,share,2,True,0.4888861524401175,48,16.47773044478032
b6-11_attn,SpecDivW1 T850,72,0.1393353347396827,0.13919338812582444,-0.00014194661385827454,-0.00029900064640679235,-1.9638169965135544e-05,-0.10187409684949653,-0.00560752682184819,-0.011811864326331,-0.000775795644702459,0.005591827686882304,0.007671221447502927,share,9,True,0.04887291125790869,48,43.52681794867561
b6-11_mlp,SpecDivW1 T850,72,0.1393353347396827,0.13767428098475798,-0.0016610537549247208,-0.0018710084791001252,-0.0015007951836474808,-1.192126719347991,-0.06561906078697949,-0.07391321247673244,-0.05928812965419848,0.0656033616520136,0.08976833503725737,share,4,True,0.06267937885095688,48,42.33768972143027
b12-17_attn,SpecDivW1 T850,72,0.1393353347396827,0.13919931900741309,-0.00013601573226963647,-0.00021056231740505587,-5.998882945322053e-05,-0.09761754441093626,-0.0053732304432202406,-0.008318154342859188,-0.002369827366971048,0.005357531308254355,0.0073506987889576025,share,11,True,0.2614147810835037,48,28.105022265190147
b12-17_mlp,SpecDivW1 T850,72,0.1393353347396827,0.1371681513662588,-0.0021671833734239324,-0.0024777979742221395,-0.001828134188920042,-1.555372423996279,-0.08561344694331172,-0.09788411447027844,-0.07221948604242269,0.08559774780834584,0.11712110013050721,share,3,True,0.7296646767601129,48,7.502087364020461
b18-23_attn,SpecDivW1 T850,72,0.1393353347396827,0.1394777317190505,0.00014239697936779006,2.1705968586909682e-05,0.00028850080939240305,0.1021973210412329,0.0056253182760125356,0.000857482948954439,0.011397073750614916,0.00560961914104665,-0.007695560552620717,share,8,True,0.5752845691005178,48,12.941370139120753
b18-23_mlp,SpecDivW1 T850,72,0.1393353347396827,0.13919432121649308,-0.00014101352318963457,-0.00031947673827937385,-1.643455619265296e-05,-0.10120442417071533,-0.00557066556246768,-0.01262076163822299,-0.0006492385563172812,0.005554966427501794,0.007620794424587941,share,10,True,0.22299122427167933,48,30.496066116230967
adaln,SpecDivW1 T850,72,0.1393353347396827,0.13901853935050854,-0.0003167953891741601,-0.00035809965316933596,-0.0002738502770908198,-0.22736184598545825,-0.01251483634266619,-0.014146539712786036,-0.010818312126068475,0.012499137207700304,0.017120574544520484,share,5,True,0.2511700300785011,48,28.72818057668529
head,SpecDivW1 T850,72,0.1393353347396827,0.1391018854603596,-0.0002334492793231108,-0.00041994870759785787,-9.376983854166597e-05,-0.16754492301558627,-0.009222291816362083,-0.016589854295549985,-0.003704328482451605,0.009206592681396196,0.012616300380617744,share,6,True,0.21347216965771926,48,31.111826707223496
embed,|RQE| T850,72,0.0017737676923085626,0.0018397173604777588,6.594966816919623e-05,-1.326250731684316e-05,0.00013296948909555793,3.718055552323348,0.036701277615846635,-0.007380643093895197,0.07399809990268888,0.03652879906445156,1.0,colmax,1,False,-0.17169475154191957,48,67.89930183191208
b0-5_attn,|RQE| T850,72,0.0017737676923085626,0.001782467078252618,8.699385944055393e-06,2.7767790318951796e-07,1.5447783274188012e-05,0.4904467468754673,0.004841246172779072,0.00015452896270226813,0.008596758683316911,0.004668767621384001,0.1319094725653025,colmax,8,True,-0.3410939981733431,48,97.69604728726605
b0-5_mlp,|RQE| T850,72,0.0017737676923085626,0.0017900394808142057,1.6271788505643297e-05,-1.5784745892233334e-05,5.65076051543655e-05,0.9173573617447913,0.009055321184025229,-0.008784279848083288,0.03144672841804672,0.008882842632630158,0.2467304075571304,colmax,5,False,0.07206014224126563,48,41.547214953165685
b6-11_attn,|RQE| T850,72,0.0017737676923085626,0.0018111324895168461,3.736479720828356e-05,1.0857580120197478e-05,5.989682223723013e-05,2.1065214667233674,0.020793672409128966,0.006042290632992001,0.0333328424882413,0.020621193857733894,0.5665653557561934,colmax,2,True,0.015090750225089555,48,46.57282511806224
b6-11_mlp,|RQE| T850,72,0.0017737676923085626,0.0017887304000699562,1.4962707761393782e-05,-3.2215507667388016e-05,5.719320623332651e-05,0.8435550960971548,0.008326812047436405,-0.01792807034908624,0.031828268404997334,0.008154333496041333,0.2268807133798827,colmax,6,False,0.11003207804030374,48,38.48398717403045
b12-17_attn,|RQE| T850,72,0.0017737676923085626,0.00177726445387331,3.4967615647474304e-06,-5.3465390313552534e-06,1.4030603112284248e-05,0.19713751580379657,0.0019459630428309072,-0.00297537226071111,0.007808091749917624,0.0017734844914358361,0.053021670340726565,colmax,11,False,0.1671695561820865,48,34.25026046260526
b12-17_mlp,|RQE| T850,72,0.0017737676923085626,0.0017958570206246804,2.2089328316117946e-05,-3.869952539995817e-06,5.221278664369795e-05,1.245333783668629,0.012292807430016633,-0.002153645446193127,0.029056643208439703,0.012120328878621562,0.33494222077732044,colmax,4,False,0.0807474415922635,48,40.82741360790394
b18-23_attn,|RQE| T850,72,0.0017737676923085626,0.0017674384222724864,-6.3292700360761955e-06,-2.2873410731942082e-05,1.088844648317413e-05,-0.35682632305917333,-0.0035222663456582967,-0.012729152709920654,0.006059467898443758,0.003349787794263226,-0.09597121883673815,colmax,9,False,-0.056214145013012355,48,53.71798983077956
b18-23_mlp,|RQE| T850,72,0.0017737676923085626,0.0017484167065049405,-2.5350985803621977e-05,-7.750453989198528e-05,2.1091671199731827e-05,-1.429216797303801,-0.014107934029737767,-0.043131614063114096,0.011737606898908967,0.013935455478342696,-0.38439898952308776,colmax,3,False,-0.10497657073938813,48,59.25976199227164
adaln,|RQE| T850,72,0.0017737676923085626,0.00177834229907603,4.574606767467533e-06,2.2105828823744865e-07,7.204906607209219e-06,0.2579033763724534,0.0025457885932863057,0.0001230199003438796,0.004009561911805689,0.002373310041891235,0.06936512183399038,colmax,10,True,0.02136479910457343,48,45.991882316840005
head,|RQE| T850,72,0.0017737676923085626,0.001785459845753697,1.169215344513456e-05,-1.0718230457011183e-05,3.569558728789463e-05,0.6591705044484825,0.006506734323758024,-0.005964741938415495,0.01986474981727984,0.006334255772362953,0.17728904132069206,colmax,7,False,-0.25427620635481096,48,80.73399081279179
embed,SpecDiv> Q700,72,0.014082457734427104,0.012199666234664619,-0.0018827914997624855,-0.001988329115556553,-0.0017851568006638748,-13.36976496055559,-0.6481908205520522,-0.684524378351359,-0.6145780090797969,0.6481546646842973,0.8158455717733708,share,1,True,0.06158486018828969,48,42.43082997903041
b0-5_attn,SpecDiv> Q700,72,0.014082457734427104,0.014080179564189166,-2.278170237938563e-06,-1.1083412391599268e-05,4.960973456036298e-06,-0.016177362509451496,-0.0007843083188302824,-0.0038156992813775698,0.0017079201045951046,0.0007481524510754032,0.0009871699020324505,share,11,False,0.4143048520757122,48,19.877869371023564
b0-5_mlp,SpecDiv> Q700,72,0.014082457734427104,0.013764413228879372,-0.0003180445055477321,-0.00034659022931009535,-0.0002944119507446885,-2.258444595009968,-0.10949355202053042,-0.11932102155771104,-0.10135754487823208,0.10945739615277554,0.13781409227240582,share,3,True,0.1105771874861158,48,38.441537861320576
b6-11_attn,SpecDiv> Q700,72,0.014082457734427104,0.014187205699272454,0.00010474796484534939,8.275314903585241e-05,0.0001221425292897038,0.7438187766704537,0.03606170374830655,0.02848952291508758,0.04205015069092021,0.03602554788055167,-0.04538907429852514,share,6,True,0.15260835611241344,48,35.28934931878731
b6-11_mlp,SpecDiv> Q700,72,0.014082457734427104,0.013930879397472987,-0.00015157833695411682,-0.0001691557869586783,-0.00013578880995434399,-1.076362804083241,-0.052184050448814384,-0.058235459616057104,-0.04674817161496441,0.052147894581059506,0.06568147083539967,share,5,True,-0.18768655521407415,48,70.18098126555013
b12-17_attn,SpecDiv> Q700,72,0.014082457734427104,0.013990743202157319,-9.17145322697858e-05,-0.00010208490663596118,-8.00857053642782e-05,-0.6512679391579008,-0.031574668749035445,-0.03514488959966663,-0.0275711989782777,0.03153851288128057,0.039741466343463865,share,7,True,0.35964524182416935,48,22.606653152554344
b12-17_mlp,SpecDiv> Q700,72,0.014082457734427104,0.013736560960145047,-0.00034589677428205806,-0.0003733422873968569,-0.0003160575904378978,-2.456224480166208,-0.11908228498826288,-0.1285309837255356,-0.10880951444357448,0.119046129120508,0.14988295391407366,share,2,True,0.19350194951197802,48,32.43556195216465
b18-23_attn,SpecDiv> Q700,72,0.014082457734427104,0.01416568518228208,8.322744785497586e-05,6.581005776145806e-05,9.772873697026321e-05,0.5910008709027501,0.02865281032146969,0.022656505166057262,0.033645185999757174,0.02861665445371481,-0.036063868352415485,share,9,True,0.33713337671397503,48,23.79538082874082
b18-23_mlp,SpecDiv> Q700,72,0.014082457734427104,0.014306049464115253,0.0002235917296881477,0.00019231645710533486,0.0002505379020779704,1.587732297193674,0.07697618496445095,0.06620901047858786,0.08625297508927338,0.07694002909669607,-0.09688609842047603,share,4,True,0.33409420593958894,48,23.958936312438432
adaln,SpecDiv> Q700,72,0.014082457734427104,0.014021418426030626,-6.103930839647849e-05,-6.608155914970364e-05,-5.6138377112802123e-05,-0.4334421558195549,-0.02101407373064639,-0.02274997526492382,-0.0193268244145983,0.02097791786289151,0.026449370238636735,share,10,True,0.19089716390896072,48,32.61149435010227
head,SpecDiv> Q700,72,0.014082457734427104,0.013994659724024435,-8.77980104026695e-05,-0.00010909657188070317,-7.273072648483018e-05,-0.6234565873258859,-0.030226323208344178,-0.03755880375266708,-0.025039091840756717,0.0301901673405893,0.03804437082203014,share,8,True,0.6208907382253813,48,11.226694147876247
embed,SpecDiv< Q700,72,0.011775530079224458,0.010387818736489862,-0.001387711342734595,-0.0014551615793607197,-0.0013226986302470323,-11.784703817137974,-0.6274482088103791,-0.6579455671958054,-0.5980529673476688,0.627421937931187,0.8136803606487806,share,1,True,-0.02785135762507749,48,50.75033077809543
b0-5_attn,SpecDiv< Q700,72,0.011775530079224458,0.011773601989261806,-1.9280899626513324e-06,-8.416478522121906e-06,3.5724151530303044e-06,-0.016373699949635875,-0.0008717782699007769,-0.003805477559036144,0.0016152534175290785,0.0008455073907086365,0.0011305297347227047,share,11,False,0.3939312213264153,48,20.869968999367003
b0-5_mlp,SpecDiv< Q700,72,0.011775530079224458,0.01154189120279625,-0.00023363887642820677,-0.00025437051275124155,-0.00021758617270582666,-1.9841049605097214,-0.10563889622352458,-0.11501262379640946,-0.09838072956667292,0.10561262534433245,0.13699345056808251,share,3,True,0.10844809876022626,48,38.60757333372107
b6-11_attn,SpecDiv< Q700,72,0.011775530079224458,0.0118576717019702,8.21416227457424e-05,6.503177573904395e-05,9.571538491096965e-05,0.6975619967262847,0.03714001065886734,0.029403860836659114,0.043277333670587365,0.03711373977967519,-0.04816349276811711,share,6,True,0.10982618953811286,48,38.500031180515975
b6-11_mlp,SpecDiv< Q700,72,0.011775530079224458,0.0116663376102224,-0.0001091924690020581,-0.00012346207707499465,-9.614591787491615e-05,-0.9272828337019505,-0.04937094407250046,-0.05582289106613582,-0.04347199745169456,0.04934467319330831,0.06402467488854265,share,5,True,-0.1760276211326425,48,68.50875983484153
b12-17_attn,SpecDiv< Q700,72,0.011775530079224458,0.011704128701239824,-7.140137798463304e-05,-8.0173234649313e-05,-6.168749144611259e-05,-0.606353832942148,-0.032283851362609445,-0.03625001174676324,-0.027891755887500543,0.0322575804834173,0.04186598264367401,share,8,True,0.3485413143345583,48,23.188030340302536
b12-17_mlp,SpecDiv< Q700,72,0.011775530079224458,0.011521961714606732,-0.0002535683646177252,-0.00027333980542607603,-0.00023116013568748412,-2.153349895178777,-0.11464993568247964,-0.12358951464156924,-0.1045181433767496,0.11462366480328749,0.14867904586316572,share,2,True,0.1743662319681522,48,33.74621969426947
b18-23_attn,SpecDiv< Q700,72,0.011775530079224458,0.011837978226443132,6.244814721867442e-05,4.8437569542632746e-05,7.413283553129682e-05,0.530321325651841,0.028235683394120685,0.02190085597251307,0.033518869116170864,0.02820941251492854,-0.0366162827858771,share,9,True,0.2723735057921291,48,27.449543363632227
b18-23_mlp,SpecDiv< Q700,72,0.011775530079224458,0.011964548379182816,0.0001890182999583582,0.0001654039651233082,0.00021003933215979487,1.6051786941790651,0.08546387861004703,0.07478675027779384,0.09496845538762498,0.0854376077308549,-0.11083031012505834,share,4,True,0.27673232859249813,48,27.19195515776813
adaln,SpecDiv< Q700,72,0.011775530079224458,0.011730169353540987,-4.536072568347057e-05,-4.9192652901789795e-05,-4.174164884413283e-05,-0.3852117516433541,-0.020509673160375642,-0.02224226393439656,-0.018873321845472617,0.0204834022811835,0.02659712470223409,share,10,True,0.2202068503784081,48,30.67518525258949
head,SpecDiv< Q700,72,0.011775530079224458,0.011703117828195294,-7.24122510291636e-05,-8.99477216686743e-05,-6.0391279597145815e-05,-0.6149383555728024,-0.03274091362159157,-0.040669507490202955,-0.027305678813812937,0.03271464274239943,0.04245870500466798,share,7,True,0.6423823010782143,48,10.451677138128296
embed,SpecRes Q700,72,0.0026124369663496814,0.002363578496442642,-0.00024885846990703914,-0.000276115830335281,-0.00021676100289672227,-9.525912897135479,-0.4245077370899945,-0.47100388567903645,-0.3697552382421144,0.4244957105306273,0.8180875792370649,share,1,True,0.3853376527413505,48,21.29718528189292
b0-5_attn,SpecRes Q700,72,0.0026124369663496814,0.00260972675702457,-2.7102093251111605e-06,-4.425935064015599e-06,-1.1618813611373e-06,-0.10374257293174406,-0.004623129074420935,-0.007549848229937131,-0.0019819603791973914,0.004611102515053676,0.008909435900791874,share,11,True,0.4270907092504228,48,19.269725307386977
b0-5_mlp,SpecRes Q700,72,0.0026124369663496814,0.002586239051500646,-2.6197914849035442e-05,-3.1836976207462914e-05,-2.22152835704037e-05,-1.0028151946433905,-0.044688925207949405,-0.05430814844544616,-0.037895273409048066,0.044676898648582146,0.08612199837084965,share,4,True,0.4015244400761938,48,20.496843333521152
b6-11_attn,SpecRes Q700,72,0.0026124369663496814,0.002628188238304574,1.5751271954892825e-05,1.1201735469512642e-05,1.8566991942255604e-05,0.6029340480854487,0.02686883358383742,0.01910814358627154,0.03167194484848894,0.026856807024470162,-0.05178011400735714,share,8,True,0.03238972402897327,48,44.988139813474
b6-11_mlp,SpecRes Q700,72,0.0026124369663496814,0.00258960667027471,-2.2830296074971557e-05,-2.9345377091279566e-05,-1.6598766887909742e-05,-0.8739080165012357,-0.038944373994990254,-0.05005792902176519,-0.028314507329017316,0.038932347435622995,0.07505142041665606,share,6,True,0.37302121082470985,48,21.918803324485626
b12-17_attn,SpecRes Q700,72,0.0026124369663496814,0.0025945967233080105,-1.7840243041670572e-05,-2.0769345064763913e-05,-1.4270409944098599e-05,-0.6828965931606179,-0.030432242091595688,-0.03542876269221482,-0.024342749655974234,0.03042021553222843,0.05864731567470086,share,7,True,0.4916850428805647,48,16.356749072589896
b12-17_mlp,SpecRes Q700,72,0.0026124369663496814,0.002582549857227908,-2.9887109121773392e-05,-3.413486477559976e-05,-2.4552686469784637e-05,-1.1440317797804782,-0.0509820263147366,-0.058227932556106025,-0.041882461853365215,0.05096999975536934,0.09824971101429247,share,3,True,0.20605194274053812,48,31.598561718541834
b18-23_attn,SpecRes Q700,72,0.0026124369663496814,0.002607465023174882,-4.971943174799283e-06,-1.129037385301975e-05,5.475024712116761e-07,-0.19031820628945179,-0.00848123974587849,-0.019259344707197715,0.0009339406257382697,0.00846921318651123,0.016344571102985556,share,10,False,0.6475137903928232,48,10.26961847591597
b18-23_mlp,SpecRes Q700,72,0.0026124369663496814,0.002670928214987119,5.849124863743782e-05,4.5756122077970454e-05,7.136492713470942e-05,2.2389534902029333,0.09977553750901938,0.07805170484488042,0.12173571482965599,0.0997635109496521,-0.19228183803520718,share,2,True,0.5583464023493658,48,13.603761432804816
adaln,SpecRes Q700,72,0.0026124369663496814,0.002605885597101102,-6.551369248578946e-06,-7.844797134263596e-06,-5.203963276774933e-06,-0.2507761654334985,-0.011175456216515781,-0.013381811278676983,-0.008877024259404856,0.011163429657148522,0.021536714467705963,share,9,True,0.5271243220034657,48,14.863251286611447
head,SpecRes Q700,72,0.0026124369663496814,0.0025868277322539748,-2.5609234095706295e-05,-3.2936056716910876e-05,-1.9531263751559896e-05,-0.9802814163776625,-0.0436847418479957,-0.05618298188036906,-0.03331681891630889,0.04367271528862844,0.08418679233741871,share,5,True,0.5800953166300507,48,12.755828455174505
embed,SpecResLog Q700,72,0.4844323573352775,0.44481548248355773,-0.0396168748517197,-0.04130292375430001,-0.0376910167907053,-8.177999312358217,-0.936390650512809,-0.9762423660909008,-0.8908707681571636,0.9363506943159366,0.7367896228307979,share,1,True,0.19217198123272697,48,32.5252945977931
b0-5_attn,SpecResLog Q700,72,0.4844323573352775,0.48450422143481525,7.186409953777288e-05,-0.00017640388519596576,0.00025797945611212884,0.01483470260596888,0.001698591097015098,-0.004169509822011288,0.006097642775507592,0.0016586349001426598,-0.0013365194249089587,share,11,False,0.3075068870196483,48,25.42217540346874
b0-5_mlp,SpecResLog Q700,72,0.4844323573352775,0.47744043234924644,-0.006991924986031084,-0.007464217329048102,-0.006616518955099867,-1.4433232793308117,-0.1652622325842597,-0.176425408275558,-0.1563890769195126,0.16522227638738726,0.13003493568335953,share,3,True,-0.05884043830891382,48,54.001832534651314
b6-11_attn,SpecResLog Q700,72,0.4844323573352775,0.4866223368199433,0.002189979484665891,0.0016526025212728814,0.002640714789138409,0.45207126475042575,0.05176269763658513,0.039061171678125145,0.06241634779308628,0.05172274143971269,-0.04072896119528533,share,7,True,0.29924246582810077,48,25.889210462969505
b6-11_mlp,SpecResLog Q700,72,0.4844323573352775,0.480429869468622,-0.004002487866655489,-0.004551502876711918,-0.003516282390247584,-0.8262222384714387,-0.09460342924965645,-0.10758003389937229,-0.08311140056136315,0.09456347305278401,0.0744377626124119,share,4,True,-0.08360647382697256,48,56.75848776552128
b12-17_attn,SpecResLog Q700,72,0.4844323573352775,0.4826157584505215,-0.0018165988847559749,-0.0019824853938574453,-0.0016471577296503037,-0.3749953646260462,-0.04293741537625731,-0.046858334851865115,-0.03893247773170825,0.04289745917938487,0.033784876069700966,share,8,True,0.07785260849260704,48,41.0659810474991
b12-17_mlp,SpecResLog Q700,72,0.4844323573352775,0.47665333227624157,-0.007779025059035954,-0.008385783597789105,-0.007200709911446454,-1.6058021189637548,-0.183866253020963,-0.19820769274668135,-0.17019710573764982,0.18382629682409057,0.1446733231909541,share,2,True,0.26236477340756764,48,28.04774944793663
b18-23_attn,SpecResLog Q700,72,0.4844323573352775,0.4878887248762043,0.003456367540926892,0.0032188205019992658,0.0037127616243217147,0.7134881658069604,0.08169524381147392,0.07608054484439536,0.08775541446946543,0.08165528761460149,-0.06428108593562101,share,5,True,0.4286182328856145,48,19.19779839719185
b18-23_mlp,SpecResLog Q700,72,0.4844323573352775,0.4875678217247603,0.003135464389482852,0.002579325288056255,0.003621708573435603,0.6472450367952579,0.07411032673113911,0.060965335943511285,0.0856032703170167,0.07407037053426668,-0.0583129697527413,share,6,True,0.19223391532576617,48,32.52111147481402
adaln,SpecResLog Q700,72,0.4844323573352775,0.48312634800470794,-0.0013060093305695443,-0.0014000790662000316,-0.0012071980967569707,-0.26959580853630927,-0.030869040811651212,-0.033092487796560884,-0.02853352303408697,0.030829084614778773,0.024288996183707497,share,10,True,0.3086359325011359,48,25.3588293090192
head,SpecResLog Q700,72,0.4844323573352775,0.48266815325873885,-0.0017642040765386325,-0.0020601071163019475,-0.001530365370439844,-0.36417965270590297,-0.041699003494104485,-0.048693014024459594,-0.03617195526179261,0.04165904729723204,0.03281044405987594,share,9,True,0.39076643696325536,48,21.026687334802546
embed,SpecDivW1 Q700,72,1.6436774617482477,1.51613590407966,-0.12754155766858796,-0.1329202768892434,-0.12141920249309535,-7.7595246413449175,-0.6624262483036433,-0.6903622784035407,-0.6306279164985518,0.6624056362979456,0.7805825631796859,share,1,True,0.09047974189832891,48,40.0346477898629
b0-5_attn,SpecDivW1 Q700,72,1.6436774617482477,1.6435390320115635,-0.00013842973668459305,-0.0006979353152478787,0.0003144009630882863,-0.008421952597522172,-0.0007189773498290959,-0.0036249413986272775,0.0016329379556646235,0.0006983653441314312,0.0008472206287642161,share,11,False,0.3215469652339413,48,24.642140253415814
b0-5_mlp,SpecDivW1 Q700,72,1.6436774617482477,1.6237847296954016,-0.01989273205284657,-0.02155109869263447,-0.018561993696534225,-1.210257639700691,-0.1033190130586138,-0.11193224949376183,-0.09640741472972769,0.10329840105291614,0.12174792325185801,share,3,True,0.20779495219151703,48,31.483690361356572
b6-11_attn,SpecDivW1 Q700,72,1.6436774617482477,1.652650885919247,0.00897342417099918,0.007800398272720692,0.009766961130272353,0.5459358286421272,0.046606234208602694,0.040513763964678366,0.05072771210514458,0.046585622202905026,-0.05491934211826093,share,6,True,0.049724795227775814,48,43.452541119760184
b6-11_mlp,SpecDivW1 Q700,72,1.6436774617482477,1.6333439811174575,-0.010333480630790301,-0.01158201728035921,-0.009080440967718822,-0.62868055754682,-0.053670105111619404,-0.06015476363204164,-0.04716205880767708,0.05364949310592174,0.06324318868920736,share,5,True,-0.06378490341375016,48,54.5405383336028
b12-17_attn,SpecDivW1 Q700,72,1.6436774617482477,1.6370296046914203,-0.006647857056827545,-0.007311373176009886,-0.005955047201745723,-0.4044502167570488,-0.03452768720965493,-0.037973861943235133,-0.030929366462450557,0.03450707520395726,0.04068635663486686,share,8,True,0.35116043045401757,48,23.050038053395358
b12-17_mlp,SpecDivW1 Q700,72,1.6436774617482477,1.6212895445327213,-0.02238791721552646,-0.02418895140813552,-0.0205310370303433,-1.3620626757097607,-0.11627852348290933,-0.12563274766744298,-0.10663424598540154,0.11625791147721168,0.13701900873564685,share,2,True,0.30636305517436074,48,25.486462756088002
b18-23_attn,SpecDivW1 Q700,72,1.6436774617482477,1.6484302291382937,0.0047527673900458894,0.0032067137128789897,0.005968767133162989,0.2891545026717561,0.02468495703517193,0.016655052463181923,0.031000625139715098,0.024664345029474264,-0.029087988412051197,share,9,True,0.7028936762227056,48,8.374629455987865
b18-23_mlp,SpecDivW1 Q700,72,1.6436774617482477,1.659790508339223,0.01611304659097502,0.014151506049266108,0.01789674950137852,0.9803046501493589,0.08368805585499137,0.0735001926542289,0.09295226470288037,0.0836674438492937,-0.09861541162371026,share,4,True,0.4147254005464442,48,19.857691650209684
adaln,SpecDivW1 Q700,72,1.6436774617482477,1.6396964306602335,-0.003981031088014619,-0.004370986830157459,-0.0036427568521096875,-0.24220269369516792,-0.020676707547089907,-0.02270206245096658,-0.018919776417468972,0.02065609554139224,0.024364791426299263,share,10,True,0.5167120034291807,48,15.294811264729663
head,SpecDivW1 Q700,72,1.6436774617482477,1.6370016242732222,-0.006675837475025777,-0.00781386489801643,-0.005816332547489793,-0.4061525226442677,-0.03467301210447222,-0.040583707018809374,-0.030208909305715327,0.03465240009877455,0.04085760298746958,share,7,True,0.3771595374703866,48,21.708699237806577
embed,|RQE| Q700,72,0.16038334757710496,0.14681136631406844,-0.013571981263036529,-0.015258657755718255,-0.011666771001182498,-8.462213482925177,-0.28949665151320453,-0.32547424294617033,-0.24885763348438533,0.28941285916331344,0.6848683263436864,share,1,True,0.06544320218929742,48,42.10334835562982
b0-5_attn,|RQE| Q700,72,0.16038334757710496,0.16039736770714322,1.4020130038261414e-05,-0.00019038212097560367,0.00018626668024808161,0.008741636990412098,0.00029905587262417745,-0.004060938890368606,0.003973154631974181,0.00021526352273313902,-0.0007074827770780938,share,11,False,0.035085960379219835,48,44.7459203145108
b0-5_mlp,|RQE| Q700,72,0.16038334757710496,0.15903719646545747,-0.0013461511116474867,-0.0018229305006874105,-0.0009268059162423017,-0.8393334669612872,-0.02871402720795787,-0.038883952583075,-0.019769199806185415,0.02863023485806683,0.06792937898835838,share,6,True,0.12649584256100663,48,37.22002156861135
b6-11_attn,|RQE| Q700,72,0.16038334757710496,0.16027292733391127,-0.00011042024319370587,-0.0006220541273554166,0.0004296537488698957,-0.06884769825659168,-0.002355314971655036,-0.013268702884214768,0.009164713625614095,0.0022715226217639977,0.005572018239996934,share,10,False,0.1268694354797393,48,37.19176843156649
b6-11_mlp,|RQE| Q700,72,0.16038334757710496,0.15939173699977496,-0.0009916105773299932,-0.0016147584285742293,-0.00043274950003251535,-0.6182752712860494,-0.02115151326681698,-0.034443545788566364,-0.009230747432921018,0.021067720916925936,0.05003858046358262,share,7,True,0.24580199689759274,48,29.058794446523414
b12-17_attn,|RQE| Q700,72,0.16038334757710496,0.15969316863144437,-0.0006901789456605911,-0.0010141575049298507,-0.00047119676989192767,-0.4303308018488545,-0.014721836837324942,-0.02163244968395207,-0.010050845520916327,0.014638044487433903,0.034827759501818205,share,8,True,0.19983812571514825,48,32.01079307492452
b12-17_mlp,|RQE| Q700,72,0.16038334757710496,0.1585407267945508,-0.0018426207825541496,-0.0022628201986663043,-0.001344153319951147,-1.1488853490031452,-0.03930395542254965,-0.04826700374796827,-0.02867141338501616,0.03922016307265861,0.09298219522826036,share,4,True,0.10207800001486987,48,39.10817201568738
b18-23_attn,|RQE| Q700,72,0.16038334757710496,0.16312857872496048,0.0027452311478555202,0.0023769279786696037,0.0030960706101420023,1.7116684427201765,0.058557052911530016,0.05070097558909722,0.06604062127065002,0.05847326056163898,-0.13852965349863133,share,2,True,-0.11658781909109193,48,60.66954528658341
b18-23_mlp,|RQE| Q700,72,0.16038334757710496,0.15824621194042265,-0.0021371356366823115,-0.0030527061860387526,-0.0015251687844283883,-1.3325171652592391,-0.045586093780875594,-0.06511563800333002,-0.0325325571504434,0.045502301430984556,0.10784398226737546,share,3,True,0.05056812792946284,48,43.37912853800722
adaln,|RQE| Q700,72,0.16038334757710496,0.15971426852047443,-0.0006690790566305319,-0.0008002436331783732,-0.0005467204221834739,-0.41717489174421263,-0.014271766423645658,-0.017069567641597814,-0.011661800032620278,0.01418797407375462,0.03376301844404717,share,9,True,0.20875302061961448,48,31.42069087925819
head,|RQE| Q700,72,0.16038334757710496,0.15865558385849,-0.0017277637186149757,-0.0023034516954794524,-0.0011732592092206084,-1.0772712658241195,-0.03685400100774452,-0.04913369240936597,-0.025026162786670667,0.03677020865785348,0.08718628646415023,share,5,True,0.4335914187605323,48,18.964686551347082
embed,Vag/Vg 850hPa,72,0.2754063916703065,0.27985534630715847,0.004448954636851947,0.004314314806833863,0.004591781025131543,1.6154144462187585,0.4544633557908105,0.4407098172704853,0.46905315609476594,0.4544497016697064,0.6942337679711538,share,1,True,0.22447929373072475,48,30.400672425834717
b0-5_attn,Vag/Vg 850hPa,72,0.2754063916703065,0.27546402129034203,5.76296200354894e-05,4.2677174011866255e-05,7.538675951460995e-05,0.02092530230906143,0.0058868998792062565,0.004359498646366293,0.007700802212595043,0.005873245758102163,0.00899277055616225,share,9,True,0.17525647140814718,48,33.68429813875135
b0-5_mlp,Vag/Vg 850hPa,72,0.2754063916703065,0.27568479627370834,0.0002784046034018199,0.00024508304583529633,0.0003243960905820131,0.10108865001764468,0.02843919541942753,0.025035378543790794,0.03313725312237376,0.028425541298323434,0.04344343618143123,share,4,True,0.33116518709397,48,24.11727059177002
b6-11_attn,Vag/Vg 850hPa,72,0.2754063916703065,0.27547524124383926,6.884957353274028e-05,4.73382572333018e-05,8.726182083288828e-05,0.02499926494631295,0.007033024785929409,0.004835631062931621,0.008913846771922163,0.007019370664825315,0.01074357973015042,share,8,True,-0.11970781083189357,48,61.05469931605539
b6-11_mlp,Vag/Vg 850hPa,72,0.2754063916703065,0.27555549641450244,0.0001491047441959381,0.00012812380058070024,0.00017855800688266753,0.05413989969210077,0.015231138085859387,0.01308792224723134,0.018239806344403548,0.015217483964755295,0.023266937254897858,share,7,True,-0.07208820453885037,48,55.45810934787215
b12-17_attn,Vag/Vg 850hPa,72,0.2754063916703065,0.27539013015727204,-1.6261513034502666e-05,-2.830629236996174e-05,-2.0479783415794457e-06,-0.005904551791945914,-0.001661123204691831,-0.0028915045601703945,-0.00020920220269084904,0.0016474690835877374,-0.0025375155263086813,share,11,True,0.038975227612438317,48,44.39873814952036
b12-17_mlp,Vag/Vg 850hPa,72,0.2754063916703065,0.27558135117093724,0.00017495950063069662,0.00014194344791273276,0.0002015145495533943,0.06352775604429091,0.017872216795713047,0.014499607421617627,0.020584830798704497,0.017858562674608957,0.02730142320604696,share,6,True,0.258892244963407,48,28.257519564583937
b18-23_attn,Vag/Vg 850hPa,72,0.2754063916703065,0.2751996877292792,-0.0002067039410273234,-0.00022473270073533058,-0.0001897246732066075,-0.07505415534247006,-0.02111493021671583,-0.02295657871764204,-0.019380487934756854,0.02110127609561174,-0.03225496044514093,share,5,True,0.12471597605768361,48,37.35488251575829
b18-23_mlp,Vag/Vg 850hPa,72,0.2754063916703065,0.2768788641939561,0.0014724725236495335,0.001415091147646308,0.0015220037351051966,0.5346544481844322,0.15041394193244498,0.14455240032842165,0.15547358457030583,0.15040028781134088,0.22977086344277503,share,2,True,-0.21506029489547432,48,74.30238752824492
adaln,Vag/Vg 850hPa,72,0.2754063916703065,0.275462547938029,5.6156267722447715e-05,4.971792610983054e-05,6.427813010911146e-05,0.02039032840954298,0.00573639606626541,0.005078715650564873,0.006566049127894772,0.005722741945161316,0.008762862406647894,share,10,True,0.25688259776185496,48,28.379448781412272
head,Vag/Vg 850hPa,72,0.2754063916703065,0.2758824657648802,0.00047607409457365674,0.0004301781455675761,0.0005151808882753055,0.17286239861258298,0.04863125122312092,0.04394295280134462,0.052626033402434394,0.048617597102016824,0.07428862271861456,share,3,True,0.3972573936991999,48,20.70602398162495
embed,|Vag| 850hPa,72,2.576452617843946,2.6310894737641015,0.054636855920155845,0.052925877769788104,0.0564764825006326,2.1206233540548336,0.3413948670727683,0.33070393055433434,0.3528896550016927,0.3413833104699106,0.684047375221426,share,1,True,0.22256196761530955,48,30.523627057738878
b0-5_attn,|Vag| 850hPa,72,2.576452617843946,2.576598902543386,0.00014628469944000244,-6.810426712036132e-05,0.0003889136016368866,0.005677756246199394,0.0009140505008758389,-0.0004255451165532172,0.0024301015330685546,0.0009024938980182052,0.0018314682095401115,share,9,False,0.31234705714845074,48,25.15138131874564
b0-5_mlp,|Vag| 850hPa,72,2.576452617843946,2.5829375237226486,0.0064849058787028,0.006106724093357723,0.0070311505347490305,0.25169901568496794,0.04052051574260573,0.038157471270831946,0.04393369021246605,0.04050895913974809,0.0811903022268927,share,3,True,0.43309659722219773,48,18.987808209215544
b6-11_attn,|Vag| 850hPa,72,2.576452617843946,2.5765284250179925,7.58071740468343e-05,-0.0001759724070628484,0.00034522029260794295,0.0029423080991985043,0.0004736762332133731,-0.0010995522254334878,0.0021570867122724193,0.00046211963035573954,0.0009490974097314584,share,10,False,-0.03243791644635427,48,51.21843944877709
b6-11_mlp,|Vag| 850hPa,72,2.576452617843946,2.5787556866804757,0.00230306883653005,0.001993585874636968,0.002668685838580131,0.08938913995854222,0.01439057694783197,0.012456792639467362,0.016675111182320835,0.014379020344974335,0.028834166352560323,share,6,True,-0.03324268128003016,48,51.301032576725994
b12-17_attn,|Vag| 850hPa,72,2.576452617843946,2.576437627275785,-1.4990568161010742e-05,-0.00014045375088850658,0.00016250461339950545,-0.0005818297630311287,-9.366759742091208e-05,-0.0008776161952753273,0.0010153995861568149,8.211099456327847e-05,-0.000187680250463212,share,11,False,0.17699941634623045,48,33.56333696240363
b12-17_mlp,|Vag| 850hPa,72,2.576452617843946,2.5800283501545587,0.0035757323106129966,0.003272488216559092,0.003857822592059771,0.1387850987768321,0.022342732507402385,0.020447931361973672,0.024105355420363857,0.02233117590454475,0.044767771870762654,share,5,True,0.09438022968145653,48,39.72088292196481
b18-23_attn,|Vag| 850hPa,72,2.576452617843946,2.5741622895002365,-0.00229032834370931,-0.0025433472047249476,-0.0020666350920995075,-0.0888946424959263,-0.014310968800918571,-0.015891940820054667,-0.012913235959006791,0.014299412198060937,-0.028674656795755107,share,7,True,0.2835075646391687,48,26.795040282437594
b18-23_mlp,|Vag| 850hPa,72,2.576452617843946,2.5903667410214744,0.013914123177528381,0.013327551260590553,0.014449275409181913,0.5400496434967293,0.08694150043275177,0.08327634367658246,0.09028536460487839,0.08692994382989415,0.17420327868069513,share,2,True,-0.15241834378293193,48,65.26342340685831
adaln,|Vag| 850hPa,72,2.576452617843946,2.576996475458145,0.0005438576141993204,0.000446153183778127,0.0006586293379465738,0.021108776091307943,0.0033982591929781064,0.0027877593669118207,0.004115402899593761,0.0033867025901204726,0.006809036999326863,share,8,True,0.351966043258778,48,23.007700584403487
head,|Vag| 850hPa,72,2.576452617843946,2.5824001481135688,0.005947530269622803,0.005559842785199483,0.006399533897638321,0.2308418260220084,0.03716275894016251,0.034740318721349535,0.03998707443020959,0.03715120233730487,0.07446241921260709,share,4,True,0.30141422319329003,48,25.76590657234717
embed,Vag/Vg 500hPa,72,0.15993458249916634,0.16426942901064953,0.0043348465114831924,0.0042437705211341385,0.004431373292269806,2.7103872369228137,0.6132966710632538,0.6004111856032963,0.6269533376068236,0.6132156524182494,0.6226330410388553,share,1,True,-0.3077795233630612,48,90.68413784348482
b0-5_attn,Vag/Vg 500hPa,72,0.15993458249916634,0.1599456574767828,1.1074977616469065e-05,-6.763520650565624e-06,3.35263864447673e-05,0.006924692235668788,0.0015668944416572942,-0.0009569069374592902,0.004743333159521882,0.0014858757966528793,0.0015907476711141963,share,10,False,0.4699258538254205,48,17.309416628168023
b0-5_mlp,Vag/Vg 500hPa,72,0.15993458249916634,0.16029519929240146,0.000360616793235143,0.0003255678496013085,0.0003977083290616671,0.22547768443827507,0.0510202790882545,0.046061533629108004,0.056268011709644884,0.05093926044325009,0.0517969736706669,share,4,True,0.23522793913285123,48,29.718449331216924
b6-11_attn,Vag/Vg 500hPa,72,0.15993458249916634,0.1599445203319192,9.937832752863566e-06,-2.543285178641478e-05,4.1584274731576444e-05,0.006213685994344197,0.00140601050781593,-0.0035982550466167273,0.005883368002510762,0.0013249918628115151,0.0014274145605524219,share,11,False,0.4042204641719658,48,20.365333257416125
b6-11_mlp,Vag/Vg 500hPa,72,0.15993458249916634,0.16012016559640566,0.0001855830972393354,0.00016522218162814777,0.00020921652515729268,0.11603687854082638,0.02625640733552737,0.023375732845424463,0.02960007881951199,0.026175388690522952,0.02665611524962641,share,5,True,0.015234530977330952,48,46.559431412940754
b12-17_attn,Vag/Vg 500hPa,72,0.15993458249916634,0.1599483471363783,1.3764637211958567e-05,-6.660974274079004e-07,2.7914616900185724e-05,0.008606417071823922,0.00194742908615677,-9.42398614924169e-05,0.003949376655791271,0.001866410441152355,0.001977075290526485,share,9,False,0.19138961142697114,48,32.57817449408282
b12-17_mlp,Vag/Vg 500hPa,72,0.15993458249916634,0.16004475268224874,0.00011017018308242162,8.579564746469259e-05,0.00013145207582662498,0.06888452851214706,0.015586943241448228,0.012138419397878252,0.018597918125880592,0.015505924596443815,0.01582422721143712,share,6,True,0.26032825228708206,48,28.17063239341935
b18-23_attn,Vag/Vg 500hPa,72,0.15993458249916634,0.1599196633324027,-1.4919166763623556e-05,-4.676810931414366e-05,6.311937856177489e-06,-0.00932829318743576,-0.002110772616038297,-0.00661678001246524,0.0008930167342481681,0.0020297539710338822,-0.002142905440179567,share,8,False,0.29872191082716026,48,25.918826809395465
b18-23_mlp,Vag/Vg 500hPa,72,0.15993458249916634,0.16127040485541025,0.0013358223562439282,0.001280503929592669,0.0013906902944048245,0.835230464462488,0.18899294405142852,0.18116646004010284,0.19675569268232954,0.1889119254064241,0.19187003132696062,share,2,True,0.3347518736015321,48,23.923480235292935
adaln,Vag/Vg 500hPa,72,0.15993458249916634,0.15997231099754572,3.772849837938944e-05,3.129115017751852e-05,4.4090230949223036e-05,0.023589956462096686,0.005337850463447633,0.00442709059865795,0.006237912183496552,0.005256831818443218,0.005419109907942551,share,7,True,0.252364270127596,48,28.655013473211856
head,Vag/Vg 500hPa,72,0.15993458249916634,0.1607340450088183,0.0007994625096519788,0.0007545632931093375,0.0008454818433771531,0.49986844443486517,0.11310843290773667,0.10675606495975866,0.11961927570307741,0.11302741426273226,0.11483031112233114,share,3,True,0.16014629081415166,48,34.74818508675352
embed,|Vag| 500hPa,72,2.5381664782762527,2.6153674721717834,0.0772009938955307,0.0754590082913637,0.07896985672414303,3.041604818134714,0.45199796975940565,0.4417989565511161,0.4623543442951736,0.4519404290614584,0.6318759227740338,share,1,True,-0.19394574747191656,48,71.09868312078076
b0-5_attn,|Vag| 500hPa,72,2.5381664782762527,2.5379633059104285,-0.0002031723658243815,-0.00044930639366308847,0.00012089870870113354,-0.008004690297634145,-0.0011895377537251121,-0.0026306083314219255,0.0007078402507795913,0.0011319970557778596,-0.0016629284114034802,share,10,False,0.39836599173141124,48,20.65155514911795
b0-5_mlp,|Vag| 500hPa,72,2.5381664782762527,2.5467136104901633,0.008547132213910421,0.007850514600674312,0.009297271072864531,0.3367443501860068,0.050041925796714085,0.045963354641173654,0.05443385424447107,0.04998438509876683,0.06995670369276134,share,4,True,0.39316682364346045,48,20.907756322345744
b6-11_attn,|Vag| 500hPa,72,2.5381664782762527,2.5380905667940774,-7.591148217519124e-05,-0.0006796892732381821,0.0004550072054068247,-0.0029907999662317293,-0.0004444481099692179,-0.003979458761717958,0.002663985561482412,0.00038690741202196546,-0.0006213215067347787,share,11,False,0.4751782466532513,48,17.076881534686382
b6-11_mlp,|Vag| 500hPa,72,2.5381664782762527,2.5412721633911133,0.0031056851148605347,0.002767694368958473,0.0034812275320291516,0.12235939373723434,0.018183229202056096,0.016204354018765958,0.020381962684016892,0.018125688504108842,0.025419460926288526,share,5,True,0.013499586135629132,48,46.72130162977001
b12-17_attn,|Vag| 500hPa,72,2.5381664782762527,2.5384312818447747,0.00026480356852213543,5.2436565359433494e-05,0.00045614627500375105,0.010432868402783875,0.0015503773891695969,0.000307006683303755,0.0026706546096286325,0.0014928366912223443,0.00216736845953311,share,9,True,0.050868066546931406,48,43.35304711984287
b12-17_mlp,|Vag| 500hPa,72,2.5381664782762527,2.5410190572341285,0.00285257895787557,0.0024321652948856355,0.0032187084356943767,0.11238738602413678,0.016701338058975453,0.014239891482423462,0.018844960469680615,0.016643797361028202,0.023347833626760676,share,6,True,0.2722868172897655,48,27.454684191808173
b18-23_attn,|Vag| 500hPa,72,2.5381664782762527,2.5375910053650537,-0.000575472911198934,-0.00109779288371404,-0.00022946683069070185,-0.02267278037608295,-0.0033692906579083724,-0.0064273803952127,-0.0013434871284128242,0.00331174995996112,-0.004710139836895767,share,7,True,0.3243383586504052,48,24.489027726895127
b18-23_mlp,|Vag| 500hPa,72,2.5381664782762527,2.5588842928409576,0.020717814564704895,0.020152256886164347,0.021278874079386393,0.816251208974086,0.12129908759685772,0.11798784884741761,0.12458399040385275,0.12124154689891048,0.16957149818108871,share,2,True,-0.003571592563478515,48,48.344101877801776
adaln,|Vag| 500hPa,72,2.5381664782762527,2.538679296771685,0.0005128184954325358,0.00039303029576937356,0.0006250161677598952,0.02020428919149569,0.0030024602935066367,0.0023011218739242157,0.003659357537243202,0.002944919595559384,0.00419732497816695,share,8,True,0.2808252817430482,48,26.951674805603165
head,|Vag| 500hPa,72,2.5381664782762527,2.5508599082628884,0.012693429986635843,0.012109021097421646,0.013301223516464233,0.5001023414057671,0.07431775542950243,0.07089614622338755,0.07787627751131773,0.07426021473155517,0.10389338765284273,share,3,True,0.08312698062717933,48,40.63226723833588
embed,Vag/Vg 250hPa,72,0.20334778912365437,0.2066646565993627,0.003316867475708326,0.0031851917272433636,0.00343905184417963,1.631130335865792,0.2285585638822372,0.21948505697016393,0.23697803918270746,0.22850880080570177,0.5110899143542341,share,1,True,0.09856090066450596,48,39.38705331851041
b0-5_attn,Vag/Vg 250hPa,72,0.20334778912365437,0.20340016266951957,5.237354586521784e-05,3.614765591919422e-05,7.275244376311695e-05,0.025755650499534002,0.0036089540857577843,0.002490861146882554,0.0050132223211209965,0.003559191009222364,0.00807014186328486,share,8,True,0.3199612039912663,48,24.72941031124063
b0-5_mlp,Vag/Vg 250hPa,72,0.20334778912365437,0.20387185489137968,0.0005240657677253088,0.0005028912409519156,0.000554146384820342,0.25771894053228583,0.03611230178123393,0.03465320838493259,0.03818509567314667,0.036062538704698506,0.08075231534100259,share,4,True,0.010421679824920548,48,47.00983788930011
b6-11_attn,Vag/Vg 250hPa,72,0.20334778912365437,0.2033865669121345,3.8777788480122886e-05,-1.5341676771640777e-06,6.854636594653127e-05,0.019069687773464006,0.0026720982102709217,-0.0001057163614811857,0.004723390088637707,0.0026223351337355013,0.0059751970008751175,share,10,False,0.26227954617219873,48,28.052884078740973
b6-11_mlp,Vag/Vg 250hPa,72,0.20334778912365437,0.2033973770836989,4.9587960044542946e-05,2.489379451920589e-05,7.454647372166316e-05,0.024385787648956856,0.003417005055714546,0.001715380540994981,0.005136845261708777,0.003367241979179126,0.007640916146869684,share,9,True,-0.12341201393219059,48,61.51553241179582
b12-17_attn,Vag/Vg 250hPa,72,0.20334778912365437,0.20344053922841945,9.27501047650973e-05,7.10648251697421e-05,0.00011337214770416418,0.04561156291141018,0.006391220300567064,0.004896931970388685,0.007812243164154463,0.006341457224031643,0.014291690412085773,share,7,True,0.16625834615884585,48,34.314523464018734
b12-17_mlp,Vag/Vg 250hPa,72,0.20334778912365437,0.2035463290909926,0.0001985399673382441,0.00016732427757233382,0.0002247791349266966,0.0976356655726969,0.01368098368125629,0.011529974249694274,0.015489071132866437,0.01363122060472087,0.030592652750205538,share,6,True,0.10081718763282742,48,39.207940681264475
b18-23_attn,Vag/Vg 250hPa,72,0.20334778912365437,0.20359709455321232,0.00024930542955795926,0.00021539609879255294,0.0002845440137510498,0.1226005114844688,0.017179128007109478,0.014842505275357453,0.019607346877896923,0.017129364930574056,0.038415008008003876,share,5,True,0.3164517192169941,48,24.923297222855517
b18-23_mlp,Vag/Vg 250hPa,72,0.20334778912365437,0.20501502913733324,0.0016672400136788685,0.001611018367111683,0.0017161053993428746,0.8198958153732527,0.11488610442359229,0.11101198557724118,0.11825331835442074,0.11483634134705688,0.2569018997712939,share,2,True,0.22714889998734394,48,30.230115351926802
adaln,Vag/Vg 250hPa,72,0.20334778912365437,0.20335927543540797,1.1486311753590902e-05,1.1417781934142112e-06,1.9417757478853063e-05,0.00564860419830095,0.000791498285032856,7.867760351295855e-05,0.0013380380119746749,0.0007417352084974354,0.0017699043249037672,share,11,True,0.3702227899008608,48,22.06159925784467
head,Vag/Vg 250hPa,72,0.20334778912365437,0.20394183478007713,0.000594045656422774,0.0005355674463013808,0.0006568523511911432,0.29213283261296685,0.04093447299502829,0.03690485896262108,0.045262354064615776,0.04088470991849286,0.09153538568760075,share,3,True,0.4362560160284836,48,18.840451095521217
embed,|Vag| 250hPa,72,5.308138618866603,5.406162569920222,0.09802395105361938,0.0946908712387085,0.10114187176028887,1.8466727810237464,0.22652832503182138,0.21882574847217903,0.23373367992388774,0.22648134929873343,0.5332231244610847,share,1,True,0.0615694320818865,48,42.432144237358585
b0-5_attn,|Vag| 250hPa,72,5.308138618866603,5.308651447296143,0.0005128284295399984,0.0001935491959253947,0.0009514113267262767,0.009661172519445203,0.0011851202070894884,0.00044728226819027616,0.0021986627956030406,0.0011381444740015336,0.0027896445161877848,share,9,True,0.16829219047214147,48,34.171224615653344
b0-5_mlp,|Vag| 250hPa,72,5.308138618866603,5.326044648885727,0.017906030019124348,0.017263759424289066,0.018796780705451963,0.33733162045695886,0.04137991730187437,0.039895662887505345,0.04343839646768932,0.04133294156878641,0.09740384029479413,share,3,True,0.009090629767434612,48,47.135161469218225
b6-11_attn,|Vag| 250hPa,72,5.308138618866603,5.308594346046448,0.00045572717984517414,-0.000659183661142985,0.001207492500543594,0.008585442328604472,0.001053162146722009,-0.001523339643444729,0.0027904532585817077,0.0010061864136340544,0.002479029544585061,share,10,False,0.2376295163743691,48,29.56763937016598
b6-11_mlp,|Vag| 250hPa,72,5.308138618866603,5.30896798769633,0.0008293688297271729,0.00019900277256965638,0.0015284118553002665,0.01562447572072374,0.001916628842362515,0.0004598852042011037,0.0035320814333484668,0.00186965310927456,0.0045115365577934165,share,8,True,-0.14009791933385513,48,63.64061834299922
b12-17_attn,|Vag| 250hPa,72,5.308138618866603,5.310883194208145,0.002744575341542562,0.0021496954063574473,0.0033282535771528877,0.05170504273923023,0.0063425728953038305,0.004967835865587389,0.007691423371632941,0.006295597162215875,0.014929729144825538,share,7,True,0.18421701642390445,48,33.06622238033748
b12-17_mlp,|Vag| 250hPa,72,5.308138618866603,5.314908762772878,0.006770143906275432,0.00590460126598676,0.00750477264324824,0.1275427111532554,0.01564545545072006,0.013645230786842126,0.017343144796211386,0.015598479717632107,0.03682770637127939,share,5,True,0.1273519386875415,48,37.155306613268266
b18-23_attn,|Vag| 250hPa,72,5.308138618866603,5.314294775327046,0.006156156460444133,0.005383182813723882,0.0069506771862506865,0.11597580437261829,0.014226561943574545,0.012440259477664996,0.0160626586044975,0.014179586210486593,0.03348778484468268,share,6,True,0.24789875492173036,48,28.92931788045676
b18-23_mlp,|Vag| 250hPa,72,5.308138618866603,5.350117802619934,0.041979183753331505,0.04018382926781972,0.04359731078147888,0.7908456573482425,0.09701174131048365,0.09286276914531469,0.10075114990843374,0.0969647655773957,0.2283551242597145,share,2,True,0.35736983257307803,48,22.72501369653915
adaln,|Vag| 250hPa,72,5.308138618866603,5.3082074622313185,6.884336471557617e-05,-0.00024728477001190186,0.00031929214795430483,0.0012969398438633024,0.00015909348614242012,-0.0005714624247907926,0.0007378677832761215,0.00011211775305446537,0.00037448882275693677,share,11,False,0.4553298108296133,48,17.964429015080114
head,|Vag| 250hPa,72,5.308138618866603,5.323219587405522,0.015080968538920084,0.013959772139787673,0.016199581325054165,0.28411029970690893,0.03485134506678326,0.032260317674016305,0.037436401862377254,0.0348043693336953,0.08203628886396908,share,4,True,0.24284841159650908,48,29.24192194660536
embed,div/vort 850hPa,72,0.2616809581716855,0.2677182800446947,0.006037321873009205,0.005852765201901396,0.0062076699454337355,2.3071307576947175,0.5356596900113044,0.5192849511263206,0.5507737749629265,0.5356530907564914,0.7253168657445394,share,1,True,0.04584422556587515,48,43.79187268357987
b0-5_attn,div/vort 850hPa,72,0.2616809581716855,0.2616960257291794,1.5067557493845621e-05,7.555431996782621e-06,2.7298492689927405e-05,0.005757987741683516,0.0013368648129336777,0.0006703535849879805,0.0024220511080311055,0.001330265558120631,0.0018101989268984417,share,11,True,-0.26618786152940777,48,82.82367402654683
b0-5_mlp,div/vort 850hPa,72,0.2616809581716855,0.2620965698733926,0.00041561170170704526,0.000382843310944736,0.0004552881699055433,0.15882382295251601,0.036875031675344824,0.033967665394878645,0.04039531518896136,0.036868432420531776,0.049931109056250395,share,3,True,-0.1622943178640391,48,66.5987213017603
b6-11_attn,div/vort 850hPa,72,0.2616809581716855,0.26164679260303575,-3.416556864976883e-05,-5.476124739895264e-05,-8.583844949801765e-06,-0.013056192123598553,-0.0030313304966914437,-0.00485867631763926,-0.0007615992358254218,0.0030247312418783976,-0.004104611894260096,share,8,True,0.027279311438933262,48,45.45072847376887
b6-11_mlp,div/vort 850hPa,72,0.2616809581716855,0.26192239082107943,0.0002414326493938764,0.0001982348660628001,0.00028543937175224223,0.09226221544002279,0.021421044107504485,0.017588332896305403,0.025325528207032277,0.02141444485269144,0.029005439204698787,share,6,True,-0.14344438004496762,48,64.07678493200456
b12-17_attn,div/vort 850hPa,72,0.2616809581716855,0.2617189635833104,3.800541162490845e-05,2.7719954960048196e-05,5.084742636730273e-05,0.014523567893684333,0.0033720194877738707,0.0024594452297481634,0.004511423644240158,0.0033654202329608243,0.0045659261872963335,share,7,True,-0.08728024071609969,48,57.180148696813006
b12-17_mlp,div/vort 850hPa,72,0.2616809581716855,0.26201401992390555,0.00033306175221999484,0.00029705716297030445,0.00037108918186277144,0.12727779451246019,0.029550810558301388,0.026356313474636604,0.032924783588535636,0.02954421130348834,0.04001365362009128,share,5,True,0.23743449417155,48,29.579864188504814
b18-23_attn,div/vort 850hPa,72,0.2616809581716855,0.26164836157113314,-3.2596600552399955e-05,-5.1819199385742346e-05,-1.887276303023101e-05,-0.012456619228294687,-0.0028921242422706678,-0.004597643932766743,-0.0016744806069767314,0.0028855249874576213,-0.003916117882051741,share,9,True,0.01386859907362972,48,46.686826367554005
b18-23_mlp,div/vort 850hPa,72,0.2616809581716855,0.2627384187653661,0.0010574605936805408,0.0009911293862387538,0.001122053099485735,0.40410299666770344,0.09382289460869114,0.08793767683105534,0.0995538465712404,0.0938162953538781,0.1270420924360016,share,2,True,0.11823079306115654,48,37.849898424993306
adaln,div/vort 850hPa,72,0.2616809581716855,0.26170994993299246,2.8991761306921642e-05,2.419943921267986e-05,3.377199949075778e-05,0.011079048895831589,0.0025722858911954682,0.002147088457394184,0.002996411183434954,0.0025656866363824213,0.003483036665240617,share,10,True,-0.10713995266992402,48,59.51965023753644
head,div/vort 850hPa,72,0.2616809581716855,0.2620503480235736,0.0003693898518880208,0.00034802039153873925,0.0003889466868713498,0.1411603864755298,0.03277401101310425,0.03087801163669539,0.034509185712271115,0.032767411758291204,0.04437806948923135,share,4,True,-0.2025365448157699,48,72.38169194577333
embed,div/vort 500hPa,72,0.17691982568552098,0.1840885036314527,0.007168677945931752,0.006940304255113006,0.007344336536092063,4.051935908344292,1.357769114181894,1.3145144518544576,1.3910393782611663,1.3577429806566763,0.659938723018133,share,1,True,0.22160540769429896,48,30.585113814446665
b0-5_attn,div/vort 500hPa,72,0.17691982568552098,0.17697426304221153,5.443735669056574e-05,4.146741703152657e-05,7.400037720799446e-05,0.030769506175825304,0.010310598708664171,0.007854053218035725,0.014015893497886147,0.01028446518344639,0.005011428875702571,share,8,True,0.25259812301006973,48,28.64070242202354
b0-5_mlp,div/vort 500hPa,72,0.17691982568552098,0.17733247112482786,0.00041264543930689496,0.00037711541323612134,0.0004389248477915923,0.233238664863022,0.07815628443971046,0.0714267908861116,0.08313368326395822,0.07813015091449267,0.037987576834859996,share,5,True,0.010617163083120775,48,46.99146017580965
b6-11_attn,div/vort 500hPa,72,0.17691982568552098,0.1768887766326467,-3.104905287424723e-05,-7.473371612528959e-05,2.5123823434114406e-06,-0.017549787172771485,-0.00588078378401389,-0.014154790089369375,0.000475852754807582,0.005854650258796108,-0.002858333497375429,share,10,False,0.24227014433440747,48,29.27787747119655
b6-11_mlp,div/vort 500hPa,72,0.17691982568552098,0.1772485071172317,0.00032868143171072006,0.0002868595455462734,0.00036515203925470505,0.18577987539675672,0.06225324944820024,0.054332058712725485,0.0691608919552505,0.06222711592298246,0.03025796471245318,share,6,True,-0.039166852588050555,48,51.913289064371526
b12-17_attn,div/vort 500hPa,72,0.17691982568552098,0.17694779330243668,2.796761691570282e-05,1.6537153472503028e-05,3.943103365600108e-05,0.015808073972114294,0.005297150566927406,0.0031321864911218363,0.007468356096087167,0.005271017041709625,0.0025746607020731924,share,11,True,-0.04866786302792272,48,52.91112900437811
b12-17_mlp,div/vort 500hPa,72,0.17691982568552098,0.17741709078351656,0.0004972650979955991,0.00047061343987782794,0.0005310093518346548,0.28106804653962253,0.09418350171557353,0.08913559769380325,0.10057476464987578,0.09415736819035575,0.045777547303396005,share,4,True,0.2345189013132081,48,29.763086411946293
b18-23_attn,div/vort 500hPa,72,0.17691982568552098,0.1770313885062933,0.00011156282077232997,9.858403354883194e-05,0.0001275116732964913,0.06305840532006596,0.02113033302348912,0.01867211177760307,0.024151093549666394,0.02110419949827134,0.010270321254782342,share,7,True,-0.20534224061345133,48,72.80672322901502
b18-23_mlp,div/vort 500hPa,72,0.17691982568552098,0.17886693868786097,0.001947113002339999,0.0018756903087099393,0.002005698438733816,1.100562356307674,0.3687890453914942,0.3552613728981853,0.3798853028431956,0.3687629118662764,0.17924856968438507,share,2,True,0.01216949809131822,48,46.845774527912965
adaln,div/vort 500hPa,72,0.17691982568552098,0.1769570984567205,3.727277119954427e-05,3.262721778204044e-05,4.2577437125146385e-05,0.021067605654211684,0.00705957471048476,0.0061796929531869,0.008064294354631015,0.0070334411852669785,0.0034312805254047706,share,9,True,-0.037250483148593,48,51.71440994741819
head,div/vort 500hPa,72,0.17691982568552098,0.1775684996197621,0.000648673934241136,0.0006092383759096265,0.0006918229240303238,0.36664852665758824,0.1228607896365744,0.11539157655336864,0.13103333778084653,0.12283465611135662,0.05971603844488276,share,3,True,0.15460543670369542,48,35.14528664794113
embed,div/vort 250hPa,72,0.2115190802142024,0.21630965980390707,0.004790579589704673,0.004595505081427594,0.004930024943314493,2.2648451311594773,0.6925392809725858,0.6643387768021464,0.7126978824769742,0.692533836008152,0.566166444045631,share,1,True,0.05940173703586298,48,42.61718198480752
b0-5_attn,div/vort 250hPa,72,0.2115190802142024,0.21156147308647633,4.2392872273921967e-05,3.145780259122451e-05,5.709432686368624e-05,0.020042103166764576,0.0061284295006889715,0.00454762593535101,0.008253711963948104,0.006122984536255177,0.005010129003970196,share,8,True,-0.14297420683443074,48,64.01529844907913
b0-5_mlp,div/vort 250hPa,72,0.2115190802142024,0.2117319085324804,0.00021282831827799478,0.00018084718224902946,0.0002565345571686824,0.10061896924970859,0.03076704347582575,0.026143763028135394,0.03708533684484142,0.030761598511391958,0.02515275028738065,share,5,True,-0.04449728353358866,48,52.470671977806646
b6-11_attn,div/vort 250hPa,72,0.2115190802142024,0.21152320286879936,4.1226545969645185e-06,-4.806703266998132e-05,4.0455061631898076e-05,0.0019490698393684219,0.0005959822181883723,-0.006948701638376662,0.005848294297096418,0.0005905372537545775,0.00048722887272511996,share,11,False,0.33446761636184325,48,23.93880077938844
b6-11_mlp,div/vort 250hPa,72,0.2115190802142024,0.21173176324615875,0.00021268303195635477,0.00017807682355244954,0.00024344644819696741,0.10055028214994771,0.0307460404880161,0.025743272401930417,0.035193284034354434,0.030740595523582305,0.025135579872287622,share,6,True,-0.018288251130204117,48,49.788378422200644
b12-17_attn,div/vort 250hPa,72,0.2115190802142024,0.21154478626946607,2.5706055263678234e-05,8.991539167861144e-06,4.596223589032885e-05,0.012153066871152274,0.003716137618756639,0.0012998414812958525,0.0066444264622567304,0.003710692654322844,0.0030380261149099063,share,10,True,0.08082534548559989,48,40.82101109210067
b12-17_mlp,div/vort 250hPa,72,0.2115190802142024,0.21175445336848497,0.00023537315428256989,0.0002057367004454136,0.00026300177754213415,0.11127750463183311,0.03402618659700617,0.029741859816365682,0.038020255900762516,0.03402074163257238,0.02781717311833273,share,4,True,0.018734943468132165,48,46.23452156571976
b18-23_attn,div/vort 250hPa,72,0.2115190802142024,0.2116431798785925,0.00012409966439008713,0.00010518136744697889,0.0001381717079008619,0.05867067134766903,0.017940186721947016,0.015205306000966501,0.019974479799075014,0.017934741757513223,0.014666506292054583,share,7,True,0.026982200472904398,48,45.47776422589793
b18-23_mlp,div/vort 250hPa,72,0.2115190802142024,0.2139323384811481,0.00241325826694568,0.002334046309503416,0.0025003384177883464,1.1409175307030492,0.34886721193055886,0.3374161148296174,0.36145575657788453,0.3488617669661251,0.2852067951227979,share,2,True,0.05507780121862567,48,42.98855069182482
adaln,div/vort 250hPa,72,0.2115190802142024,0.21155234395215908,3.326373795668284e-05,2.785676624625921e-05,3.922959634413322e-05,0.01572611696448241,0.004808696888470187,0.004027050277562563,0.005671137685176345,0.004803251924036392,0.003931217900037394,share,9,True,0.033461902819733165,48,44.89166803156486
head,div/vort 250hPa,72,0.2115190802142024,0.21214728243649006,0.0006282022222876549,0.000599049893207848,0.0006767007910336057,0.2969955342333577,0.09081463050179552,0.08660029011947651,0.09782571617495743,0.09080918553736173,0.07424300372725684,share,3,True,0.10752833943424045,48,38.67949756395376
embed,HypsRel 600-500,72,0.002147724868843632,0.0021467555924111897,-9.692764324423317e-07,-2.3168148293611095e-06,7.054273781935905e-07,-0.045130381759010164,-0.008871548827886802,-0.021205236396864714,0.006456603318419123,0.008795521001243105,-0.023803866740353993,share,9,False,0.2648094821105458,48,27.900759250956888
b0-5_attn,HypsRel 600-500,72,0.002147724868843632,0.002148204902883908,4.80034040276091e-07,1.5580283511336251e-07,7.665944879587255e-07,0.022350816309844597,0.004393633523747617,0.0014260250357563794,0.007016450832275179,0.00431760569710392,0.011788862230739976,share,10,True,0.5521068655425656,48,13.851411221250897
b0-5_mlp,HypsRel 600-500,72,0.002147724868843632,0.002153053359081388,5.3284902377560124e-06,5.07096630383537e-06,5.619485199025824e-06,0.24809929405086942,0.04877036079795856,0.046413307559420844,0.051433766118842345,0.04869433297131486,0.13085913089542464,share,5,True,0.1424509595744199,48,36.02986508564135
b6-11_attn,HypsRel 600-500,72,0.002147724868843632,0.0021465158042979107,-1.2090645457213242e-06,-1.6672784475974815e-06,-7.21648957370326e-07,-0.056295131804862085,-0.011066270461571008,-0.015260189624412841,-0.006605075443516834,0.010990242634927311,-0.029692676272255664,share,7,True,0.24880491971642404,48,28.873495999518862
b6-11_mlp,HypsRel 600-500,72,0.002147724868843632,0.002149989081681911,2.2642128382789246e-06,1.81327361095501e-06,2.6520967083645828e-06,0.10542378454173282,0.02072378330803452,0.01659644745242795,0.02427398898500929,0.020647755481390823,0.055605417474541646,share,6,True,0.3099930801080041,48,25.28282985440286
b12-17_attn,HypsRel 600-500,72,0.002147724868843632,0.0021481710606848004,4.4619184116850917e-07,-5.513530042929186e-08,8.741562886504706e-07,0.020775093106257397,0.004083884197572969,-0.000504639846309038,0.008000937543096984,0.004007856370929271,0.010957752373124272,share,11,False,0.5207170027635042,48,15.128116425045018
b12-17_mlp,HypsRel 600-500,72,0.002147724868843632,0.0021423697997546526,-5.355069088979434e-06,-6.34165827488564e-06,-4.254167650844711e-06,-0.24933682924958098,-0.04901363048710552,-0.05804363869000561,-0.03893735035049539,0.04893760266046182,-0.13151186463727352,share,4,True,0.6814743162564338,48,9.092754300125442
b18-23_attn,HypsRel 600-500,72,0.002147724868843632,0.00215611247085915,8.387602015517645e-06,7.727623299076929e-06,8.917391341854914e-06,0.3905342875707193,0.07676965862261767,0.07072903572877853,0.08161869004418168,0.07669363079597398,0.20598598497378143,share,3,True,0.4732275171929809,48,17.163051110336255
b18-23_mlp,HypsRel 600-500,72,0.002147724868843632,0.002137118642865116,-1.0606225978515585e-05,-1.1167791293104117e-05,-9.887341456381952e-06,-0.49383541310978707,-0.09707617816612982,-0.10221604739400995,-0.0904964049185222,0.09700015033948613,-0.2604718131591285,share,2,True,0.2246012054496277,48,30.392867468028005
adaln,HypsRel 600-500,72,0.002147724868843632,0.002148930279777085,1.2054109334531178e-06,1.0435148954312175e-06,1.375117815023766e-06,0.05612501633424441,0.011032829846953066,0.009551035223376308,0.012586115200738848,0.010956802020309369,0.029602949444446424,share,8,True,0.4066684305090088,48,20.24635992240332
head,HypsRel 600-500,72,0.002147724868843632,0.0021985455995584048,5.0820730714772684e-05,4.775776091774174e-05,5.385630294297432e-05,2.3662588933998485,0.4651496507234192,0.4371150413971275,0.4929334968396511,0.46507362289677545,1.2480752250765559,share,1,True,0.06529442487895268,48,42.115932044709886
embed,|DryAir Md err|,72,39914955013354.664,38090400986880.0,-1824554026474.6667,-7622791583802.667,5339108087971.196,-4.571103802733115,-0.09301553763411323,-0.38860896808310724,0.2721870671315956,0.09299435121635806,0.7814977097549306,share,2,False,0.34903927929082385,48,23.16175301468332
b0-5_attn,|DryAir Md err|,72,39914955013354.664,39828711462464.0,-86243550890.66667,-238121466564.26666,40437837563.19996,-0.2160682652950792,-0.004396685511730309,-0.012139402787372772,0.00206151593601726,0.004375499093975136,0.03694006125563453,share,9,False,0.32957404271455787,48,24.203575668489446
b0-5_mlp,|DryAir Md err|,72,39914955013354.664,39677757095829.336,-237197917525.33334,-365424779280.0,-80097765307.73334,-0.594258260960014,-0.01209232037208588,-0.018629309856738465,-0.004083374126106364,0.012071133954330706,0.10159722683731706,share,5,True,-0.26851197172822416,48,83.23933173152675
b6-11_attn,|DryAir Md err|,72,39914955013354.664,39742084461525.336,-172870551829.33334,-377684735328.5333,43382368625.59997,-0.4330971982092794,-0.008812919259277708,-0.019254320893231747,0.0022116277638257673,0.008791732841522536,0.07404436282970808,share,6,False,0.2392375437328998,48,29.46698805688496
b6-11_mlp,|DryAir Md err|,72,39914955013354.664,39838174397248.0,-76780616106.66667,-203534954622.4,89236675678.39987,-0.19236052271880946,-0.003914266271873104,-0.010376186704713202,0.00454927464162027,0.003893079854117932,0.032886872501588636,share,10,False,-0.024244883237438845,48,50.38534110742511
b12-17_attn,|DryAir Md err|,72,39914955013354.664,39981997733994.664,67042720640.0,-175965712006.93332,210296924038.4,0.1679639138201934,0.0034178295705675804,-0.008970710140668829,0.010720911065608088,0.0033966431528124077,-0.028715911875261253,share,11,False,-0.13882968553591046,48,63.476206724266
b12-17_mlp,|DryAir Md err|,72,39914955013354.664,40374075735104.0,459120721749.3333,-1508974480.5333233,823292404655.4666,1.1502473736866836,0.02340591736545615,-7.692733158149242e-05,0.041971344524707285,0.023384730947700976,-0.1966517775532237,share,3,False,0.015983064577202232,48,46.48976400010177
b18-23_attn,|DryAir Md err|,72,39914955013354.664,40029050120789.336,114095107434.66667,-90752058369.06667,425530189895.4665,0.2858455117799656,0.005816554404783904,-0.004626528662958376,0.021693476223967917,0.005795367987028731,-0.04886951214413534,share,8,False,0.05251804579314001,48,43.20983757352857
b18-23_mlp,|DryAir Md err|,72,39914955013354.664,44380951169386.664,4465996156032.0,952583303584.5333,7062617240651.2,11.188779129370873,0.22767592929425776,0.04856257849234223,0.36005134965086766,0.2276547428765026,-1.9128870491475092,share,1,True,0.10743644086586447,48,38.68669050202202
adaln,|DryAir Md err|,72,39914955013354.664,40035840446357.336,120885433002.66667,15124183174.400002,204624651833.06665,0.3028574952977426,0.006162724358785512,0.0007710289795922128,0.010431739333157093,0.00614153794103034,-0.0517779619915403,share,7,True,0.2574117362202796,48,28.347307118805393
head,|DryAir Md err|,72,39914955013354.664,39472523042880.0,-442431970474.6667,-834797912328.5333,-99825080781.86673,-1.1084366005840136,-0.02255512689845396,-0.042557893876732505,-0.0050890702185644714,0.022533940480698785,0.18950360835100974,share,4,True,0.3244012486839047,48,24.48558553942616
embed,neg-q fraction,72,0.003907961721173099,0.003775131987822533,-0.00013282973335056644,-0.0002233102059714535,-4.533134960335401e-05,-3.398951751008793,-0.10382026338377678,-0.17454017120589874,-0.03543116843381218,0.10364068957449672,-0.12405226372620942,share,2,True,0.5886205935995856,48,12.429784422269018
b0-5_attn,neg-q fraction,72,0.003907961721173099,0.003910553781376318,2.592060203217746e-06,-4.060429660057707e-06,8.0219033634421e-06,0.06632767637344351,0.002025964866574241,-0.00317364844545698,0.006269952510058337,0.0018463910572941735,0.0024207752873758866,share,10,False,0.0918735433031725,48,39.92226956024374
b0-5_mlp,neg-q fraction,72,0.003907961721173099,0.0039118742285306025,3.912507357502666e-06,-4.792862561468306e-06,1.3548348715630702e-05,0.10011631731971526,0.0030580317681949114,-0.0037461209997359424,0.010589444822265278,0.002878457958914844,0.003653966490038021,share,9,False,0.2659493413451312,48,27.83241830040011
b6-11_attn,neg-q fraction,72,0.003907961721173099,0.003914123919457779,6.162198284679714e-06,-4.500610536221454e-06,1.912362101090062e-05,0.15768317922085312,0.004816399406976429,-0.0035176956203407123,0.014947100473079159,0.004636825597696361,0.005754996471511198,share,8,False,0.5120805399194821,48,15.488681631410966
b6-11_mlp,neg-q fraction,72,0.003907961721173099,0.003879938373756886,-2.8023347416213557e-05,-4.1669466016477e-05,-1.5112077608137041e-05,-0.7170834674348205,-0.021903163066418707,-0.03256902523077699,-0.011811661726460677,0.021723589257138638,-0.02617154756301774,share,4,True,0.37208289818291024,48,21.966617998909264
b12-17_attn,neg-q fraction,72,0.003907961721173099,0.003901555024640402,-6.406696532697727e-06,-1.085965256303704e-05,-1.1247983972377065e-06,-0.16393959280580037,-0.005007500238588494,-0.00848794890203703,-0.000879147032138273,0.004827926429308426,-0.005983338126490492,share,7,True,0.1160578041778614,48,38.01705004940845
b12-17_mlp,neg-q fraction,72,0.003907961721173099,0.003891089023757862,-1.687269741523778e-05,-3.4040030360908225e-05,2.396391566132176e-06,-0.4317518598972587,-0.013187769375562675,-0.026605827087931737,0.0018730294587724764,0.013008195566282606,-0.015757739300759376,share,6,False,0.6029406163175007,48,11.889929185614262
b18-23_attn,neg-q fraction,72,0.003907961721173099,0.0038882524768268922,-1.9709244346207317e-05,-2.6116007029486353e-05,-1.2617808890051189e-05,-0.5043356550660112,-0.015404826069461737,-0.020412378011615398,-0.00986213108501801,0.01522525226018167,-0.018406845484114538,share,5,True,-0.003183033526359129,48,48.30654696780641
b18-23_mlp,neg-q fraction,72,0.003907961721173099,0.004980771961830517,0.001072810240657418,0.0007801936184781274,0.0013845077075681424,27.451912715649115,0.8385128761187197,0.6098025262684579,1.082136892326906,0.8383333023094397,1.0019182870071213,share,1,True,0.7123611183906627,48,8.062940795002506
adaln,neg-q fraction,72,0.003907961721173099,0.003906983591453657,-9.781297194422223e-07,-5.1840444333114044e-06,2.5920372233182815e-06,-0.02502915302733839,-0.0007645101931205387,-0.004051870352243666,0.0020259469053907414,0.0005849363838404709,-0.00091349431225951,share,11,False,0.08097859313624274,48,40.80841915793655
head,neg-q fraction,72,0.003907961721173099,0.004031108005013569,0.00012314628384046955,5.941023900201496e-05,0.00019895733340338965,3.151164024285869,0.09625163960322264,0.04643528602593568,0.15550586630749808,0.09607206579394258,0.11500870245340611,share,3,True,0.30720049027184404,48,25.439384940894524
embed,|neg-q mass|,72,267444973120.0,256176791914.66666,-11268181205.333334,-18404347044.266666,-4447172237.333334,-4.213270892280862,-0.103979973435943,-0.1698307368240546,-0.041037399264054884,0.1039751203179371,-0.21838694175224585,share,2,True,0.3975427770658881,48,20.691993959247526
b0-5_attn,|neg-q mass|,72,267444973120.0,266301059648.0,-1143913472.0,-2126266864.0,-231557025.0666675,-0.4277191897290726,-0.01055574899481382,-0.019620661756113957,-0.0021367506322974347,0.010550895876807926,-0.02217001663596191,share,9,True,0.7851909742409127,48,5.775759224203169
b0-5_mlp,|neg-q mass|,72,267444973120.0,265744232661.33334,-1700740458.6666667,-2512012693.3333335,-848031136.0000005,-0.6359216398146922,-0.015694009928584756,-0.023180228322910154,-0.007825420392813441,0.015689156810578864,-0.03296179753541139,share,7,True,0.3761029560088104,48,21.762222063990222
b6-11_attn,|neg-q mass|,72,267444973120.0,267233137088.0,-211836032.0,-1537425221.3333335,1483797090.1333315,-0.07920733357921489,-0.0019547702134671144,-0.014186977539758137,0.013692110483932289,0.001949917095461222,-0.0041055625871116224,share,11,False,0.7664668957620374,48,6.345767945221805
b6-11_mlp,|neg-q mass|,72,267444973120.0,265240520128.0,-2204452992.0,-2909586460.2666664,-1486562701.3333337,-0.8242641341442911,-0.020342143898116723,-0.026848940155924452,-0.01371763085619736,0.02033729078011083,-0.04272417512522835,share,5,True,0.5565905966742014,48,13.673249347074822
b12-17_attn,|neg-q mass|,72,267444973120.0,265284934741.33334,-2160038378.6666665,-2667661293.866667,-1611564761.6000001,-0.8076571241806358,-0.0199322968934926,-0.024616514894263614,-0.014871118776662659,0.01992744377548671,-0.0418633821189547,share,6,True,0.247283582749132,48,28.96726015458878
b12-17_mlp,|neg-q mass|,72,267444973120.0,266997486613.33334,-447486506.6666667,-1069156564.2666667,140356218.1333333,-0.16731909425939512,-0.00412929418051247,-0.009865910844484278,0.0012951722702298956,0.0041244410625065776,-0.008672669340822729,share,10,False,0.1872757640019292,48,32.85737358641477
b18-23_attn,|neg-q mass|,72,267444973120.0,264054128149.33334,-3390844970.6666665,-4571941333.866667,-2045634461.3333352,-1.2678664067263012,-0.03128987398680113,-0.04218873745313389,-0.0188766059999474,0.031285020868795234,-0.06571746137250473,share,4,True,0.6769967877624624,48,9.245190152145888
b18-23_mlp,|neg-q mass|,72,267444973120.0,330491753706.6667,63046780586.666664,47216804895.46667,78490340198.93332,23.573739244812117,0.5817800096718803,0.4357049313723289,0.7242893365080372,0.5817751565538744,1.2219002648919237,share,1,True,0.4769066425270038,48,17.000723292667246
adaln,|neg-q mass|,72,267444973120.0,265829128981.33334,-1615844138.6666667,-2181933588.2666664,-1022473578.1333337,-0.6041781678736781,-0.014910607803827377,-0.02013434044170115,-0.009435131859872551,0.014905754685821483,-0.03131643460123664,share,8,True,0.6965702182608401,48,8.584749022890387
head,|neg-q mass|,72,267444973120.0,274266385173.33334,6821412053.333333,4674630850.133333,10121854857.6,2.550585256381929,0.06294629374308497,0.04313633076735073,0.09340195902401487,0.06294144062507907,0.13220477108180353,share,3,True,-0.0361547449613116,48,51.601050581658555
embed,EffRes Z500,72,313.96456001268035,313.96456001268035,0.0,0.0,0.0,0.0,nan,nan,nan,0.0,0.0,colmax,1,False,0.0,48,48.0
b0-5_attn,EffRes Z500,72,313.96456001268035,313.96456001268035,0.0,0.0,0.0,0.0,nan,nan,nan,0.0,0.0,colmax,2,False,0.0,48,48.0
b0-5_mlp,EffRes Z500,72,313.96456001268035,313.96456001268035,0.0,0.0,0.0,0.0,nan,nan,nan,0.0,0.0,colmax,3,False,0.0,48,48.0
b6-11_attn,EffRes Z500,72,313.96456001268035,313.96456001268035,0.0,0.0,0.0,0.0,nan,nan,nan,0.0,0.0,colmax,4,False,0.0,48,48.0
b6-11_mlp,EffRes Z500,72,313.96456001268035,313.96456001268035,0.0,0.0,0.0,0.0,nan,nan,nan,0.0,0.0,colmax,5,False,0.0,48,48.0
b12-17_attn,EffRes Z500,72,313.96456001268035,313.96456001268035,0.0,0.0,0.0,0.0,nan,nan,nan,0.0,0.0,colmax,6,False,0.0,48,48.0
b12-17_mlp,EffRes Z500,72,313.96456001268035,313.96456001268035,0.0,0.0,0.0,0.0,nan,nan,nan,0.0,0.0,colmax,7,False,0.0,48,48.0
b18-23_attn,EffRes Z500,72,313.96456001268035,313.96456001268035,0.0,0.0,0.0,0.0,nan,nan,nan,0.0,0.0,colmax,8,False,0.0,48,48.0
b18-23_mlp,EffRes Z500,72,313.96456001268035,313.96456001268035,0.0,0.0,0.0,0.0,nan,nan,nan,0.0,0.0,colmax,9,False,0.0,48,48.0
adaln,EffRes Z500,72,313.96456001268035,313.96456001268035,0.0,0.0,0.0,0.0,nan,nan,nan,0.0,0.0,colmax,10,False,0.0,48,48.0
head,EffRes Z500,72,313.96456001268035,313.96456001268035,0.0,0.0,0.0,0.0,nan,nan,nan,0.0,0.0,colmax,11,False,0.0,48,48.0
embed,DKE<1000km 500hPa,72,0.396647572517395,0.40395689010620117,0.007309324418505033,0.006257548664386074,0.008095560114209852,1.8427755156715961,0.333032547215805,0.2851108052819995,0.36885556743770953,0.33301202309112615,0.7199441128469121,share,1,True,-0.0850478482587544,48,56.923519571271996
b0-5_attn,DKE<1000km 500hPa,72,0.396647572517395,0.39671239256858826,6.47834191719691e-05,-9.117222701509794e-05,0.0002312343412389357,0.016332740460849794,0.0029517074176607407,-0.004154052722205737,0.010535660651702458,0.0029311832929819212,0.006380951039041751,share,8,False,0.06221760425695714,48,42.376961947598254
b0-5_mlp,DKE<1000km 500hPa,72,0.396647572517395,0.39696016907691956,0.0003125822792450587,7.384778000414371e-05,0.0005529342374453939,0.07880604797993472,0.014242092252459553,0.0033647041604485924,0.025193176139927203,0.014221568127780734,0.030788313507197844,share,5,True,0.20664521497516689,48,31.55942542893663
b6-11_attn,DKE<1000km 500hPa,72,0.396647572517395,0.3968857526779175,0.0002381776769955953,2.3118127137422563e-05,0.0005071727869411309,0.06004768244187339,0.010852017767739164,0.0010533242645439109,0.023108160952047267,0.010831493643060344,0.023459707976623608,share,6,True,0.010612951285349287,48,46.991856059139444
b6-11_mlp,DKE<1000km 500hPa,72,0.396647572517395,0.39749279618263245,0.0008452509840329488,0.0005633297997216384,0.0010801467423637706,0.21309873919809094,0.03851191603104856,0.025666826013208698,0.049214400727042064,0.03849139190636974,0.08325440697254527,share,3,True,-0.025167054315907385,48,50.47841153196936
b12-17_attn,DKE<1000km 500hPa,72,0.396647572517395,0.3966117799282074,-3.581059475739797e-05,-0.00013648103922605514,5.279905162751672e-05,-0.009028315538095605,-0.0016316273442694487,-0.006218444487843613,0.002405667288425964,0.0016111032195906291,-0.003527224322929731,share,10,False,-0.1007091048226829,48,58.75077498818806
b12-17_mlp,DKE<1000km 500hPa,72,0.396647572517395,0.3971891701221466,0.000541579599181811,0.0003993952802071969,0.0007319343121101457,0.13653924330309036,0.02467582817626841,0.018197526870831884,0.03334890263449893,0.024655304051589593,0.05334378688703522,share,4,True,0.23632630258840612,48,29.649403558762604
b18-23_attn,DKE<1000km 500hPa,72,0.396647572517395,0.39665600657463074,8.413568139076233e-06,-0.00010462814631561438,0.0001232199370861053,0.0021211696838728355,0.00038334487130390444,-0.004767140720931869,0.005614232884733549,0.00036282074662508497,0.0008287084418402618,share,11,False,0.23390805549506552,48,29.801583004888577
b18-23_mlp,DKE<1000km 500hPa,72,0.396647572517395,0.39765581488609314,0.0010082305719455082,0.0008764524788906177,0.0011956876299033562,0.2541880077766141,0.045937705912434505,0.03993354034465586,0.05447875538989791,0.04591718178775569,0.09930735360805136,share,2,True,-0.25783740765964147,48,81.3517094377805
adaln,DKE<1000km 500hPa,72,0.396647572517395,0.39669349789619446,4.5915444691975914e-05,-3.927103243768215e-05,0.00011575813405215738,0.011575879304978522,0.0020920315786780567,-0.0017892942241563175,0.005274253000282538,0.002071507453999237,0.004522518389120437,share,9,False,0.3117719901349471,48,25.183450113250323
head,DKE<1000km 500hPa,72,0.396647572517395,0.3967149555683136,6.737746298313141e-05,-4.334384575486183e-05,0.00017951905416945603,0.01698673256026834,0.0030698990546106125,-0.0019748625907649816,0.008179372601449521,0.003049374929931793,0.006636455715450031,share,7,False,-0.03228113127370555,48,51.20236455279063
embed,DKEpert<1000km 500hPa,72,0.0,0.04040675237774849,0.040406751135985054,0.03910299210498731,0.041746649103394394,nan,nan,nan,nan,0.0,0.4478894062844022,share,1,True,0.13186026804139422,48,36.81612325355438
b0-5_attn,DKEpert<1000km 500hPa,72,0.0,0.0003292748297099024,0.00032927485487258917,0.0003145440900198082,0.00034550930848430047,nan,nan,nan,nan,0.0,0.003649853430604731,share,9,True,0.2435542671523625,48,29.19807855256059
b0-5_mlp,DKEpert<1000km 500hPa,72,0.0,0.0019874556455761194,0.001987455817773783,0.0019243232093382782,0.0020407459950244327,nan,nan,nan,nan,0.0,0.02202999204869085,share,7,True,0.1084522921031732,48,38.607245691963854
b6-11_attn,DKEpert<1000km 500hPa,72,0.0,0.0011776373721659184,0.0011776374243102812,0.00112507364638077,0.001242491728286647,nan,nan,nan,nan,0.0,0.013053544567776248,share,8,True,0.10566381066754327,48,38.825668954508075
b6-11_mlp,DKEpert<1000km 500hPa,72,0.0,0.0033083895687013865,0.0033083893989290423,0.0032210616942999577,0.003381866469620339,nan,nan,nan,nan,0.0,0.036671905609463824,share,4,True,0.05112329851788394,48,43.330864928370374
b12-17_attn,DKEpert<1000km 500hPa,72,0.0,0.00028801162261515856,0.00028801161533920094,0.0002806749998247445,0.00029801102779553426,nan,nan,nan,nan,0.0,0.003192470262287559,share,10,True,-0.16635487290790688,48,67.15691375161705
b12-17_mlp,DKEpert<1000km 500hPa,72,0.0,0.0022601850796490908,0.002260184917152704,0.0021821169175988567,0.002330142760789992,nan,nan,nan,nan,0.0,0.025053062970334914,share,5,True,0.15103926011585092,48,35.402889307474794
b18-23_attn,DKEpert<1000km 500hPa,72,0.0,0.0020291015971451998,0.0020291016650541374,0.001992809397112675,0.002058210905912953,nan,nan,nan,nan,0.0,0.02249161623990174,share,6,True,-0.3253107953286158,48,94.28773683544856
b18-23_mlp,DKEpert<1000km 500hPa,72,0.0,0.018998725339770317,0.018998724544265617,0.0183242899098938,0.019606412347153917,nan,nan,nan,nan,0.0,0.21059172581469615,share,2,True,0.04483841910251305,48,43.88023549369606
adaln,DKEpert<1000km 500hPa,72,0.0,7.263563020387664e-05,7.263562793013989e-05,6.898788373253714e-05,7.766693250725135e-05,nan,nan,nan,nan,0.0,0.0008051310079159622,share,11,True,-0.1330453439344182,48,62.73243488381238
head,DKEpert<1000km 500hPa,72,0.0,0.013125184923410416,0.013125184981618077,0.01258387580019189,0.013692153517331463,nan,nan,nan,nan,0.0,0.14548636412281457,share,3,True,0.2679992569221942,48,27.70982354754697
embed,RMSE Z500,120,302.2379322052002,302.63684304555255,0.3989108403523763,-0.8733021338780721,1.5783700227737423,0.1319856966469521,0.008144630691102762,-0.0178303586733965,0.03222585006224439,0.008128555160033107,0.6180602346024878,colmax,2,False,-0.05379567846114729,48,53.458002055910164
b0-5_attn,RMSE Z500,120,302.2379322052002,302.2303692499797,-0.007562955220540364,-0.1883493105570475,0.15478494962056455,-0.002502318344146691,-0.00015441414715688603,-0.0038455600104922954,0.0031602707263779554,0.0001383386160872305,-0.011717811112293185,colmax,10,False,0.12064768728903318,48,37.66474645767956
b0-5_mlp,RMSE Z500,120,302.2379322052002,301.59250831604004,-0.6454238891601562,-1.0348540941874187,-0.3253153483072918,-0.2135482745170301,-0.013177729669570263,-0.02112879261161946,-0.00664201897288593,0.013161654138500609,-1.0,colmax,1,True,0.027649421663617592,48,45.41707198607645
b6-11_attn,RMSE Z500,120,302.2379322052002,302.6128333409627,0.37490113576253253,0.11556766033172607,0.7629413286844887,0.12404172203904527,0.007654420455868207,0.0023595646395702377,0.015577103283594412,0.007638344924798552,0.580860333896789,colmax,3,True,0.05055135523395637,48,43.38058746173426
b6-11_mlp,RMSE Z500,120,302.2379322052002,302.3550952275594,0.11716302235921223,-0.1804926554361979,0.3824092229207355,0.03876516144229906,0.0023921374182919336,-0.0036851493423586436,0.00780771435243456,0.002376061887222278,0.18152879731747776,colmax,6,False,-0.3702237320987962,48,104.43508670139347
b12-17_attn,RMSE Z500,120,302.2379322052002,302.2588030497233,0.02087084452311198,-0.24708822568257652,0.21527070204416904,0.006905435188374044,0.00042612359368829377,-0.005044842462859007,0.004395218653911251,0.00041004806261863824,0.03233664708362393,colmax,9,False,0.12057959873759269,48,37.66995161088991
b12-17_mlp,RMSE Z500,120,302.2379322052002,302.1063121159871,-0.13162008921305338,-0.33205944697062173,0.02859323024749753,-0.04354850109406246,-0.002687309818964493,-0.006779714385997946,0.0005837928606448033,0.0026712342878948375,-0.20392813377936964,colmax,5,False,-0.14394259310440866,48,64.14201200376812
b18-23_attn,RMSE Z500,120,302.2379322052002,302.4836483001709,0.24571609497070312,0.1377944231033325,0.3674229065577189,0.08129889361599973,0.005016827435996722,0.0028133722474897793,0.007501736174230677,0.005000751904927066,0.38070498953863613,colmax,4,True,0.14625766803969248,48,35.75080287504407
b18-23_mlp,RMSE Z500,120,302.2379322052002,302.30106767018634,0.06313546498616536,-0.15104467074076333,0.338450519243876,0.02088932534891101,0.0012890475610267608,-0.0030839048143089754,0.0069102019990691325,0.0012729720299571052,0.0978201551670469,colmax,7,False,-0.06288994779990344,48,54.44261042192041
adaln,RMSE Z500,120,302.2379322052002,302.23341782887775,-0.004514376322428386,-0.05822181701660156,0.06617058118184406,-0.0014936498173774605,-9.217079163443902e-05,-0.0011887247720475675,0.001351016046256572,7.609526056478348e-05,-0.006994436366931846,colmax,11,False,-0.030224284527207816,48,50.99196120125299
head,RMSE Z500,120,302.2379322052002,302.2819766998291,0.04404449462890625,-0.024578380584716796,0.1547440687815348,0.0145727885006184,0.0008992639618713327,-0.0005018209900514582,0.0031594360553122464,0.0008831884308016771,0.06824119058595458,colmax,8,False,-0.2545255927675083,48,80.77705668849394
embed,RMSE T850,120,1.6363963012893994,1.6420017406344414,0.005605439345041911,0.0012390129889051122,0.008251838199794291,0.3425477887370622,0.027989790454307918,0.0061867967513187915,0.041204124754179956,0.027978523747169467,1.0,colmax,1,True,-0.08351409434995467,48,56.74792837311458
b0-5_attn,RMSE T850,120,1.6363963012893994,1.636745924750964,0.0003496234615643819,-0.00031427952150503793,0.0008844096213579177,0.02136545171172141,0.0017457841972284619,-0.001569300354447132,0.004416146256132014,0.0017345174900900084,0.06237217817255104,colmax,9,False,0.11887828646159843,48,37.80021720110024
b0-5_mlp,RMSE T850,120,1.6363963012893994,1.6340406437714894,-0.0023556575179100037,-0.004048377461731434,-0.0010209850346048672,-0.14395397472200724,-0.011762567793501497,-0.02021487163785528,-0.005098111926026181,0.011751301086363044,-0.4202449394075801,colmax,2,True,0.10782070310765511,48,38.65662207855577
b6-11_attn,RMSE T850,120,1.6363963012893994,1.6374459539850552,0.0010496526956558228,0.00030172696957985563,0.00250487128893534,0.06414416207301057,0.005241258925973849,0.0015066213606295573,0.012507640913878829,0.005229992218835395,0.18725609734485044,colmax,3,True,0.07547713912429416,48,41.26270629812539
b6-11_mlp,RMSE T850,120,1.6363963012893994,1.6373235856493313,0.0009272843599319458,-3.696388254563013e-05,0.0020842159166932096,0.05666624638550524,0.004630233836890826,-0.00018457274499722584,0.010407171174080387,0.004618967129752373,0.16542581283162786,colmax,4,False,-0.19620293315389173,48,71.43313052469719
b12-17_attn,RMSE T850,120,1.6363963012893994,1.6364848017692566,8.850047985712688e-05,-0.0007181708390514056,0.0006245244915286699,0.005408254698901048,0.00044191181704565554,-0.0035860616908152533,0.003118454874894373,0.00043064510990720205,0.015788321737065406,colmax,11,False,0.04963674358293598,48,43.460212865932945
b12-17_mlp,RMSE T850,120,1.6363963012893994,1.6356223622957866,-0.0007739389936129252,-0.0014924697577953338,1.8996496995289713e-05,-0.04729532772734205,-0.003864530311045898,-0.007452389225660375,9.485571737286787e-05,0.0038532636039074445,-0.13806928341798666,colmax,6,False,-0.13067755142132972,48,62.43083053584849
b18-23_attn,RMSE T850,120,1.6363963012893994,1.6367975150545437,0.00040121376514434814,2.0312207440535227e-05,0.000826310801009337,0.0245181295526158,0.00200339144222606,0.00010142548958769695,0.004126039859987058,0.0019921247350876063,0.0715757928054698,colmax,8,True,0.23263742500212728,48,29.88178263355449
b18-23_mlp,RMSE T850,120,1.6363963012893994,1.6369423444072406,0.0005460431178410848,-0.00024501290172338484,0.0016385322436690314,0.03336863554450898,0.00272657172910229,-0.001223429486201711,0.00818172694946542,0.0027153050219638365,0.09741308115733471,colmax,7,False,-0.09557085698323389,48,58.14430189609709
adaln,RMSE T850,120,1.6363963012893994,1.6362092420458794,-0.00018705924352010092,-0.0003607399761676788,1.8753856420516828e-05,-0.011431170027254859,-0.0009340479320858363,-0.0018012925874144605,9.364413369038399e-05,0.0009227812249473827,-0.033371022680953176,colmax,10,False,0.08044560580789187,48,40.85222863969816
head,RMSE T850,120,1.6363963012893994,1.6372252230842907,0.0008289217948913574,0.00034672146042188007,0.0014287454386552173,0.05065532073362718,0.004139077405688069,0.001731293557177449,0.007134192875689529,0.004127810698549616,0.14787811335868797,colmax,5,True,0.12171582891001899,48,37.583173140459316
embed,RMSE Q700,120,0.0009934234343139299,0.0009984881289710756,5.064694657145689e-06,3.1103282102170244e-06,6.216705181335176e-06,0.5098223458603459,0.08908689987870536,0.05471001049640301,0.10935051953895204,0.08906522018033519,1.068712670064424,share,1,True,0.04100715580709296,48,44.21838626610707
b0-5_attn,RMSE Q700,120,0.0009934234343139299,0.0009932970181883622,-1.2641612556762993e-07,-2.7113013250830894e-07,1.6946432879194613e-08,-0.01272530133688002,-0.002223632713101056,-0.004769121260802796,0.0002980841435485147,0.0022019530147308897,-0.026675352462555174,share,9,False,-0.07824744270365569,48,56.14942626422886
b0-5_mlp,RMSE Q700,120,0.0009934234343139299,0.0009930233669971737,-4.0006731675627333e-07,-7.137208437294855e-07,-7.974855786111837e-08,-0.04027158036920728,-0.0070370988589259775,-0.012554197567856414,-0.0014027601406574246,0.007015419160555812,-0.08441910899660532,share,3,True,-0.052148886034931924,48,53.281729361915346
b6-11_attn,RMSE Q700,120,0.0009934234343139299,0.0009936947984291085,2.7136411517858505e-07,-1.7340401730810603e-07,6.838406079623381e-07,0.02731605736339332,0.004773236966117989,-0.003050139717050303,0.012028610587329507,0.004751557267747823,0.05726115545445669,share,6,False,0.14776910621138017,48,35.64051574526354
b6-11_mlp,RMSE Q700,120,0.0009934234343139299,0.0009943991996503125,9.757653363825132e-07,4.808224730368238e-07,1.417782186763361e-06,0.09822250036374353,0.017163504359492855,0.008457564851304096,0.024938486576638302,0.017141824661122688,0.2058984496785764,share,2,True,0.08963983944738536,48,40.10250554778424
b12-17_attn,RMSE Q700,120,0.0009934234343139299,0.0009936502513786156,2.2681706468574703e-07,3.775849108933471e-08,4.043712579004932e-07,0.022831861706824906,0.003989663839641761,0.0006641638130149943,0.0071128042666069695,0.003967984141271594,0.047861181616245856,share,7,True,0.019506743916454784,48,46.16318290471935
b12-17_mlp,RMSE Q700,120,0.0009934234343139299,0.0009935748021234758,1.5136780954586962e-07,-1.8857596539116155e-07,3.9644716404533634e-07,0.015236988007073344,0.0026625275177934436,-0.0033170110511263075,0.0069734211440908205,0.002640847819423277,0.031940463710548254,share,8,False,0.014232427011886798,48,46.65286007748092
b18-23_attn,RMSE Q700,120,0.0009934234343139299,0.0009937759035286338,3.524692147038877e-07,2.1339495409241257e-07,5.644248631142544e-07,0.03548025972905573,0.0061998583856084765,0.0037535717741700044,0.009928113079505859,0.00617817868723831,0.07437532587087745,share,4,True,0.13696254547713096,48,36.43549911286938
b18-23_mlp,RMSE Q700,120,0.0009934234343139299,0.0009937433411929912,3.199068790612121e-07,-6.415551373114189e-08,6.999596431948399e-07,0.03220246956245235,0.005627093839749223,-0.0011284818168395135,0.01231214098256729,0.0056054141413790564,0.06750427380871228,share,5,False,-0.08473817461248791,48,56.888019293664556
adaln,RMSE Q700,120,0.0009934234343139299,0.000993416563384623,-6.870929306993882e-09,-8.045381036936306e-08,5.812047068805732e-08,-0.0006916415568290905,-0.00012085818251297961,-0.0014151653820084617,0.001022326695605423,9.917848414281329e-05,-0.0014498503271349547,share,11,False,0.025200306027658024,48,45.640237361975686
head,RMSE Q700,120,0.0009934234343139299,0.0009935225340692948,9.909975536478062e-08,-3.0964265533839353e-07,5.020517164666667e-07,0.009975580597534433,0.001743143581564279,-0.005446548331475146,0.008830982719894999,0.0017214638831941128,0.02091126342813195,share,10,False,0.37604912098843607,48,21.764951363830537
embed,RMSE U500,120,4.292937328418096,4.3071328997612,0.014195571343104044,0.0034608572721481325,0.021971940497557317,0.3306726899815928,0.039640049565367604,0.009664179798811595,0.06135496693435878,0.03962000576865188,1.0,colmax,1,True,-0.001669000218687905,48,48.16049188198016
b0-5_attn,RMSE U500,120,4.292937328418096,4.293044755856196,0.00010742743810017903,-0.001449935759107272,0.0015447908391555143,0.0025024226976023654,0.0002999829220005453,-0.004048834947776282,0.004313710519442921,0.00027993912528482515,0.007567672727196385,colmax,9,False,0.06768026011790634,48,41.91455924210728
b0-5_mlp,RMSE U500,120,4.292937328418096,4.28832068045934,-0.004616647958755493,-0.008046206459403038,-0.0020547167708476386,-0.10754053939232981,-0.01289163708087178,-0.022468417448999585,-0.0057376397659935656,0.01287159328415606,-0.32521748136598805,colmax,2,True,0.06204684039226679,48,42.391493434077184
b6-11_attn,RMSE U500,120,4.292937328418096,4.296718209981918,0.0037808815638224282,0.0023570515215396884,0.0061160328487555185,0.08807213510418622,0.010557823208962414,0.006581886483022522,0.017078554952693618,0.010537779412246694,0.26634233117070794,colmax,4,True,-0.07706259542720136,48,56.01572146101896
b6-11_mlp,RMSE U500,120,4.292937328418096,4.295585036277771,0.0026477078596750894,-7.169569532076501e-06,0.004882679631312688,0.06167590293359216,0.007393522124286974,-2.0020475734632706e-05,0.013634510222870933,0.007373478327571254,0.18651647022022108,colmax,5,False,-0.3266924380951101,48,94.57971457858183
b12-17_attn,RMSE U500,120,4.292937328418096,4.292939777175586,2.4487574895222983e-06,-0.0023112946500380835,0.0017109909405310948,5.704153827991338e-05,6.837968399587056e-06,-0.006454113911532408,0.004777811618092787,0.0,0.00017250150982558803,colmax,11,False,0.23046010214836427,48,30.01959594820302
b12-17_mlp,RMSE U500,120,4.292937328418096,4.290786723295848,-0.0021506051222483316,-0.003635448714097341,-0.0006699132422606156,-0.05009635495985235,-0.006005400669052344,-0.010151713075583694,-0.0018706816010337656,0.005985356872336624,-0.15149831382398407,colmax,6,True,-0.1938602109349009,48,71.08604599623305
b18-23_attn,RMSE U500,120,4.292937328418096,4.294972558816274,0.0020352303981781006,0.0010803100963433583,0.003114617491761843,0.047408807594404426,0.005683225557519671,0.0030166834944491817,0.008697331637206472,0.005663181760803951,0.1433707984685505,colmax,7,True,0.06799096613431341,48,41.888400786272925
b18-23_mlp,RMSE U500,120,4.292937328418096,4.296883001923561,0.00394567350546519,0.0021565753966569902,0.0065220997979243585,0.09191081079488135,0.011017992129029555,0.006022072204685395,0.018212465917096597,0.010997948332313835,0.27795101796884897,colmax,3,True,-0.22216653734914077,48,75.41973521276863
adaln,RMSE U500,120,4.292937328418096,4.292869294683139,-6.803373495737712e-05,-0.0005108336607615153,0.0005819084743658701,-0.0015847828596754023,-0.0001899790125134765,-0.0014264640106987647,0.0016249350032378944,0.0001699352157977563,-0.004792602799353103,colmax,10,False,0.005081158535340065,48,47.514674794915585
head,RMSE U500,120,4.292937328418096,4.293796584010124,0.0008592555920282999,-0.00048627518117427826,0.002190863092740377,0.020015563384544608,0.0023994056620952626,-0.0013578863307619122,0.006117817979151033,0.002379361865379542,0.060529835063363686,colmax,8,False,-0.11927418111577019,48,61.00100569507554
embed,RMSE MSLP,120,297.7669563293457,298.1872574488322,0.4203011194864909,-0.7119741201400757,1.1485411723454793,0.14115102786006117,0.008106788429144675,-0.01373259144789773,0.02215311797823051,0.008092323294399776,0.7792501793187832,colmax,3,False,0.03152912447443937,48,45.06571935030112
b0-5_attn,RMSE MSLP,120,297.7669563293457,297.7873713175456,0.020414988199869793,-0.15563317934672039,0.16189836661020898,0.0068560287721414455,0.00039376528504618687,-0.003001860330661202,0.003122703567234371,0.000379300150301287,0.03784996631694838,colmax,9,False,-0.01828754904836597,48,49.7883084878279
b0-5_mlp,RMSE MSLP,120,297.7669563293457,297.22759024302167,-0.539366086324056,-0.9767724831899007,-0.211894448598226,-0.18113698476586138,-0.010403319298856746,-0.018840035149811946,-0.00408703042760109,0.010388854164111845,-1.0,colmax,1,True,0.14675015375516268,48,35.71483508036792
b6-11_attn,RMSE MSLP,120,297.7669563293457,298.20576604207355,0.43880971272786456,0.181675656636556,0.8303973992665605,0.14736682610360508,0.008463783075535894,0.003504168898902567,0.016016745413837415,0.008449317940790995,0.8135656353896594,colmax,2,True,-0.007270521430530394,48,48.70308182883488
b6-11_mlp,RMSE MSLP,120,297.7669563293457,297.959007581075,0.19205125172932944,-0.16427829265594482,0.5027509530385333,0.06449716721317822,0.0037042938815491804,-0.0031686076965247324,0.009697084827691589,0.0036898287468042803,0.3560684599920198,colmax,5,False,-0.3015133334017618,48,89.4399893236876
b12-17_attn,RMSE MSLP,120,297.7669563293457,297.83425458272296,0.06729825337727864,-0.14128020604451497,0.23397045135498046,0.02260098105138412,0.0012980519834140118,-0.002725019483717226,0.004512833442184722,0.001283586848669112,0.12477286778621309,colmax,8,False,0.1497618839028658,48,35.49554924723028
b12-17_mlp,RMSE MSLP,120,297.7669563293457,297.5843032201131,-0.18265310923258463,-0.3917457580566406,0.026542989412943488,-0.061340959884937936,-0.003523022052101882,-0.007556011229425617,0.000511962470408495,0.003508556917356982,-0.3386440376283595,colmax,6,False,-0.04239255607287677,48,52.24984727176565
b18-23_attn,RMSE MSLP,120,297.7669563293457,298.05169773101807,0.2847414016723633,0.16154168446858724,0.4303554773330688,0.09562558760127317,0.005492106000565018,0.003115823864743656,0.008300717372167006,0.005477640865820118,0.5279186231617983,colmax,4,True,0.15674426486963305,48,34.991550436447895
b18-23_mlp,RMSE MSLP,120,297.7669563293457,297.86030197143555,0.09334564208984375,-0.11453547477722167,0.370062216122945,0.031348556347736124,0.0018004552834157942,-0.0022091658066126477,0.0071377780182799435,0.0017859901486708943,0.17306546417484775,colmax,7,False,-0.11179753690219855,48,60.08346518785693
adaln,RMSE MSLP,120,297.7669563293457,297.756848971049,-0.01010735829671224,-0.06716110706329347,0.052217960357665995,-0.0033943854688607486,-0.0001949512182815869,-0.0012954066986413393,0.0010071825583958935,0.000180486083536687,-0.0187393285432478,colmax,11,False,0.03584702096925809,48,44.6777777573481
head,RMSE MSLP,120,297.7669563293457,297.7839546203613,0.016998291015625,-0.05067199865976969,0.14197684923807777,0.005708588765243652,0.00032786386362487855,-0.000977363973996883,0.002738456371507859,0.00031339872887997867,0.031515312969477786,colmax,10,False,-0.15124239477162688,48,65.10649755435124
embed,RMSE T2M,120,1.3044879337151845,1.3096021637320518,0.00511423001686732,0.0009636258085568746,0.007523461990058421,0.3920488556994147,0.041263605004283825,0.007774909342184965,0.06070222942625378,0.041243189712430475,1.0,colmax,1,True,-0.07643885311131131,48,55.945472720898586
b0-5_attn,RMSE T2M,120,1.3044879337151845,1.3047191699345906,0.00023123621940612793,-0.00036708849171797434,0.0008461493377884228,0.01772620607900655,0.001865704121400278,-0.0029618133079487925,0.006827063298675176,0.001845288829546931,0.04521427832605968,colmax,8,False,0.148623744526558,48,35.57828266868144
b0-5_mlp,RMSE T2M,120,1.3044879337151845,1.3037741258740425,-0.0007138078411420187,-0.002032645729680856,0.00048585378875335024,-0.054719390091182554,-0.005759280421236669,-0.01640017954346364,0.003920058105097371,0.005738865129383322,-0.1395728856128485,colmax,5,False,0.35361730351994475,48,22.921079207809857
b6-11_attn,RMSE T2M,120,1.3044879337151845,1.305328629910946,0.0008406961957613627,7.995391885439555e-05,0.0020483332996567086,0.06444645243801206,0.006783065219219473,0.0006450994412201329,0.016526752984397205,0.006762649927366126,0.16438372794900694,colmax,3,True,0.07775417226426427,48,41.074115851774124
b6-11_mlp,RMSE T2M,120,1.3044879337151845,1.3060015539328258,0.0015136202176411946,0.0005742185438672702,0.00263256033261617,0.1160317530366418,0.012212479020547095,0.004633019457890521,0.021240524840836047,0.012192063728693749,0.29596248362883576,colmax,2,True,-0.06835322273790496,48,55.04334469134631
b12-17_attn,RMSE T2M,120,1.3044879337151845,1.304650917649269,0.00016298393408457437,-0.0004593467339873314,0.0006681552156805987,0.012494092882898178,0.0013150180292887254,-0.0037061888356111484,0.0053909372105802105,0.0012946027374353783,0.03186871406781364,colmax,9,False,-0.04029693570531682,48,52.0309403727428
b12-17_mlp,RMSE T2M,120,1.3044879337151845,1.3045762181282043,8.828441301981609e-05,-0.00035578720271587375,0.0008113189289967219,0.006767744701814289,0.0007123131214024261,-0.0028706300948582748,0.006546037958442465,0.000691897829549079,0.017262503393207562,colmax,10,False,-0.018850538735251495,48,49.84442002979996
b18-23_attn,RMSE T2M,120,1.3044879337151845,1.3049205268422763,0.00043259312709172565,0.00015547511478265126,0.0007140794768929479,0.033161910962234774,0.003490330287258962,0.0012544339427886645,0.005761472084555373,0.003469914995405615,0.08458616950449699,colmax,7,True,0.009081997412961505,48,47.13597531827981
b18-23_mlp,RMSE T2M,120,1.3044879337151845,1.305171603957812,0.0006836702426274618,-0.00019428431987762452,0.001552947238087654,0.05240908903468103,0.005516118506973745,-0.0015675617654105623,0.012529784779643968,0.005495703215120397,0.13367999491079566,colmax,6,False,-0.07625315710706776,48,55.92457710529568
adaln,RMSE T2M,120,1.3044879337151845,1.3045213644703229,3.343075513839722e-05,-0.0001121926431854566,0.00015456229448318465,0.0025627492807224635,0.00026973238795988683,-0.0009052140591101106,0.001247068952134577,0.00024931709610653965,0.006536811021041043,colmax,11,False,0.061569597679800366,48,42.43213013053557
head,RMSE T2M,120,1.3044879337151845,1.3052650888760884,0.0007771551609039307,0.00025177945693333946,0.001395541802048683,0.059575496316826106,0.006270391335707572,0.0020314549843916305,0.011259776251123054,0.006249976043854225,0.1519593679480163,colmax,4,True,-0.11120695913067462,48,60.01164679023896
embed,SpecDiv> Z500,120,0.0028864533402762995,0.002679494245967362,-0.00020695909430893758,-0.0002461190699250437,-0.00017855659649891704,-7.170013504847677,-0.1735903728043607,-0.2064364518274074,-0.14976730670581728,0.17356832740827907,0.7956128386469269,share,1,True,-0.08913359390506546,48,57.39416028259413
b0-5_attn,SpecDiv> Z500,120,0.0028864533402762995,0.002889003422751557,2.5500824752574167e-06,-2.808438936578265e-06,6.247084335579225e-06,0.0883465684227314,0.0021389239696855645,-0.0023556247365054774,0.00523984559545228,0.0021168785736039417,-0.009803281965926721,share,10,False,-0.025440601144420406,48,50.50605321002736
b0-5_mlp,SpecDiv> Z500,120,0.0028864533402762995,0.0028278334454322853,-5.86198948440142e-05,-6.970874425557365e-05,-4.925992088828934e-05,-2.030862374459964,-0.04916840902161505,-0.058469365376065494,-0.041317575629447385,0.04914636362553343,0.2253524595947963,share,2,True,0.08006289625984991,48,40.88371254344393
b6-11_attn,SpecDiv> Z500,120,0.0028864533402762995,0.0028930103120122417,6.556971735941867e-06,-1.6038296356176336e-06,1.4177909239757951e-05,0.22716361440695299,0.005499768792043126,-0.0013452387066690203,0.011891956517948908,0.005477723395961503,-0.025206966203538746,share,7,False,-0.025500599871245172,48,50.51211810629754
b6-11_mlp,SpecDiv> Z500,120,0.0028864533402762995,0.002878637625447785,-7.815714828514805e-06,-1.791238828445785e-05,3.1865907658357106e-06,-0.2707722560229109,-0.006555560437412797,-0.015024312753678399,0.0026728058550093193,0.006533515041331174,0.030045952228063097,share,6,False,-0.18111337708607453,48,69.23234610719818
b12-17_attn,SpecDiv> Z500,120,0.0028864533402762995,0.002883127422440642,-3.3259178356577954e-06,-8.154769178266482e-06,1.0764788385131367e-06,-0.1152250683996655,-0.0027896687455863894,-0.006839947896542646,0.0009029144793925141,0.0027676233495047666,0.012785825813405038,share,8,False,0.13298272236997793,48,36.73209529549295
b12-17_mlp,SpecDiv> Z500,120,0.0028864533402762995,0.0028521817439468578,-3.427159632944191e-05,-4.1458042263305596e-05,-2.8391418709361463e-05,-1.1873254921959466,-0.028745869821732512,-0.03477362053722211,-0.023813773319116813,0.028723824425650888,0.13175029650992898,share,3,True,0.004271544740165688,48,47.591675879692474
b18-23_attn,SpecDiv> Z500,120,0.0028864533402762995,0.0028958988574837954,9.445517207495868e-06,6.891107356447416e-06,1.3476598845348536e-05,0.3272360954427109,0.00792258421334038,0.005780030585439802,0.011303720793282585,0.007900538817258758,-0.03631140145369126,share,5,True,-0.12280475108692634,48,61.43971723393727
b18-23_mlp,SpecDiv> Z500,120,0.0028864533402762995,0.002896684830678472,1.0231490402172009e-05,1.720267331014232e-06,1.693404774414375e-05,0.3544658165578599,0.008581832265877753,0.0014429027548224396,0.014203713399541148,0.00855978686979613,-0.03933291817710336,share,4,True,-0.01101974412164474,48,49.06968306939387
adaln,SpecDiv> Z500,120,0.0028864533402762995,0.0028863025678826184,-1.5077239368110895e-07,-1.58749923381644e-06,1.7691079240951996e-06,-0.005223448152696506,-0.0001264628457865225,-0.001331541311315702,0.0014838686122988708,0.00010441744970489977,0.0005796143074880026,share,11,False,-0.22524882733989088,48,75.91075146150975
head,SpecDiv> Z500,120,0.0028864533402762995,0.0028895003172995835,3.0469770232836404e-06,-3.4415270420140587e-06,8.46587184544963e-06,0.10556127759861779,0.002555702512925457,-0.002886637884816592,0.007100890418334603,0.002533657116843834,-0.011713493658645038,share,9,False,0.027181914076148558,48,45.45958946944932
embed,SpecDiv< Z500,120,0.002530009655553537,0.0023759567532882406,-0.00015405290226529664,-0.00018588314784816855,-0.00013013101712810267,-6.089024282067083,-0.15036566378204655,-0.1814340561007563,-0.12701634621205005,0.15034495913959864,0.8142285770565114,share,1,True,-0.16534708748628602,48,67.01786977640558
b0-5_attn,SpecDiv< Z500,120,0.002530009655553537,0.0025325177193735726,2.5080638200355074e-06,-2.15303001217156e-06,5.7095847902625485e-06,0.09913257898167081,0.00244803360119707,-0.002101497486657695,0.005572926535517172,0.002427328958749182,-0.013256077654659415,share,9,False,-0.0448426118730776,48,52.50699622211728
b0-5_mlp,SpecDiv< Z500,120,0.002530009655553537,0.0024833419932595766,-4.666766229396065e-05,-5.626378200152734e-05,-3.86343190863651e-05,-1.8445645925311818,-0.045550677168699726,-0.05491711485564028,-0.03770961110608903,0.045529972526251836,0.24665646479498493,share,2,True,0.07381401922112579,48,41.40095610749438
b6-11_attn,SpecDiv< Z500,120,0.002530009655553537,0.0025344055490374253,4.395893483888358e-06,-2.39988057728624e-06,1.0664409819582943e-05,0.17375006748448898,0.004290678279346815,-0.002342439711910426,0.010409158398092686,0.004269973636898927,-0.023233980299277396,share,7,False,-0.11987712497755763,48,61.07567877672999
b6-11_mlp,SpecDiv< Z500,120,0.002530009655553537,0.0025256842685242495,-4.3253870292877155e-06,-1.2876667157494619e-05,4.945006063887058e-06,-0.17096326173274506,-0.004221859388621297,-0.01256846561126635,0.0048266479129496,0.004201154746173409,0.022861326689000604,share,8,False,-0.2058939731691345,48,72.89065786733637
b12-17_attn,SpecDiv< Z500,120,0.002530009655553537,0.0025277292443206534,-2.2804112328837314e-06,-6.312749186084451e-06,1.5426241589011603e-06,-0.09013448734782807,-0.0022258298525145094,-0.006161654260953139,0.0015057016272237223,0.0022051252100666217,0.012052846560832888,share,10,False,0.08555450524425358,48,40.43406713917111
b12-17_mlp,SpecDiv< Z500,120,0.002530009655553537,0.002504672183325359,-2.5337472228178132e-05,-3.134573550293377e-05,-2.0580404816428198e-05,-1.0014772936759635,-0.024731022746901043,-0.030595478931764758,-0.0200878151960826,0.024710318104453156,0.13391824272826938,share,3,True,-0.03664512523706464,48,51.65175089151223
b18-23_attn,SpecDiv< Z500,120,0.002530009655553537,0.0025368401329615153,6.8304774079782265e-06,4.29869821042909e-06,1.0436587460086837e-05,0.2699783138370591,0.0066669907174497015,0.00419580936357,0.010186788940547316,0.006646286075001813,-0.036101688567587664,share,6,True,-0.12266840025785351,48,61.42270861805848
b18-23_mlp,SpecDiv< Z500,120,0.002530009655553537,0.002539405475545209,9.395819991671791e-06,2.114638967517143e-06,1.5039459200731167e-05,0.37137486693172694,0.009170932121689823,0.002064025327238027,0.014679491475899165,0.009150227479241935,-0.04966050642086106,share,4,True,-0.03277598786065255,48,51.25311902427142
adaln,SpecDiv< Z500,120,0.002530009655553537,0.002530003708670847,-5.946882689992587e-09,-1.2867564388822452e-06,1.5472363884327926e-06,-0.00023505375471349646,-5.804544737331671e-06,-0.0012559580716314566,0.001510203463572412,0.0,3.143155214470402e-05,share,11,False,-0.2455209942891943,48,79.24012102836049
head,SpecDiv< Z500,120,0.002530009655553537,0.0025380246709877006,8.015015434163312e-06,1.8360411559115165e-06,1.3077117910142989e-05,0.3167978199834071,0.007823176962325915,0.0017920957221847999,0.01276411859822324,0.0078024723198780255,-0.04236242560887403,share,5,True,0.04261488583346585,48,44.07618393368482
embed,SpecRes Z500,120,0.0011157020435348386,0.001053967633197317,-6.17344103375217e-05,-7.16243865705716e-05,-5.337667386508353e-05,-5.533234495289691,-0.145819735132556,-0.16918034887918285,-0.12607834759754125,0.1457947790552108,0.7212000248199808,share,1,True,-0.2800638339272025,48,85.34515547909399
b0-5_attn,SpecRes Z500,120,0.0011157020435348386,0.0011227748218516354,7.072778316796757e-06,4.587237162922975e-06,9.420658564825618e-06,0.6339307486063509,0.016706252723041586,0.010835281400283947,0.022252062167380605,0.016681296645696394,-0.08262633221459253,share,4,True,0.45360831007305047,48,18.042550345062047
b0-5_mlp,SpecRes Z500,120,0.0011157020435348386,0.0010887117502231074,-2.6990293311731268e-05,-3.166894703099388e-05,-2.2024344525561903e-05,-2.4191309380611057,-0.06375240972334278,-0.07480362155787393,-0.052022592710076,0.06372745364599759,0.3153087573023797,share,2,True,0.06590925185039559,48,42.063952286131354
b6-11_attn,SpecRes Z500,120,0.0011157020435348386,0.0011163744693476474,6.724258128087968e-07,-1.619123061876356e-06,2.9653018221627746e-06,0.0602693000972172,0.0015883030773921009,-0.0038244488728245533,0.007004189785434014,0.0015633470000469085,-0.007855481412001906,share,11,False,-0.05632319212716709,48,53.72974391136746
b6-11_mlp,SpecRes Z500,120,0.0011157020435348386,0.0011115671350125922,-4.1349085222464055e-06,-8.153207575863538e-06,1.0624674663025174e-07,-0.3706104641653182,-0.00976685874562975,-0.019258280150293534,0.0002509600783034069,0.009741902668284556,0.0483052500634312,share,7,False,0.06020526822376539,48,42.54850308453511
b12-17_attn,SpecRes Z500,120,0.0011157020435348386,0.0011119001743888173,-3.8018691460213936e-06,-5.162799864895836e-06,-2.4430789684023096e-06,-0.3407602565624124,-0.008980203242413155,-0.012194789011922214,-0.0057706735373775405,0.008955247165067962,0.04441458349536446,share,8,True,0.1693353670072251,48,34.097918790997134
b12-17_mlp,SpecRes Z500,120,0.0011157020435348386,0.0011149130041303579,-7.890394044807181e-07,-4.2243440627013716e-06,2.4965194673616917e-06,-0.07072133721121751,-0.0018637501571890282,-0.009978109922230909,0.005896902643009289,0.001838794079843836,0.00921779660620763,share,10,False,0.26179978834645856,48,28.081800683929746
b18-23_attn,SpecRes Z500,120,0.0011157020435348386,0.0011106007853716922,-5.1012581631463645e-06,-8.64400916119242e-06,-1.8497881380123273e-06,-0.45722405840400115,-0.012049424464020145,-0.02041757780591231,-0.004369291208283532,0.012024468386674952,0.05959443839764358,share,6,True,0.4049599807315328,48,20.329348391841627
b18-23_mlp,SpecRes Z500,120,0.0011157020435348386,0.0010986270602491761,-1.707498328566241e-05,-2.5726255231954082e-05,-9.193111570008727e-06,-1.5304250256246152,-0.04033195630273624,-0.06076668916680343,-0.02171458489444647,0.04030700022539104,0.19947511124012213,share,3,True,0.5461869293493704,48,14.088223731393484
adaln,SpecRes Z500,120,0.0011157020435348386,0.0011165829752523375,8.809317174988488e-07,2.183597947199208e-07,1.4090173863223752e-06,0.0789576144100108,0.002080804352276683,0.0005157766512318226,0.003328168859917279,0.0020558482749314906,-0.010291310357567807,share,9,True,0.07286518773317324,48,41.480021439446375
head,SpecRes Z500,120,0.0011157020435348386,0.001121388024330372,5.685980795533396e-06,1.395947250178627e-06,9.340342254896914e-06,0.509632551852169,0.013430568285019193,0.003297296550937446,0.022062351064988987,0.013405612207674,-0.0664253447703578,share,5,True,0.5899514495177611,48,12.37920216313347
embed,SpecResLog Z500,120,1.000021723532328,0.9274129933871423,-0.07260873014518565,-0.07800856785389321,-0.06743468599788115,-7.260715286135322,-0.6814753636163392,-0.7321559960782016,-0.6329139356778405,0.6814207417184476,0.7972078788323248,share,1,True,0.19191825787752428,48,32.542435998043494
b0-5_attn,SpecResLog Z500,120,1.000021723532328,1.000172587371947,0.0001508638396189079,-0.00044089848721016203,0.0004244391721764618,0.015086056239460369,0.0014159452968710152,-0.004138089955417865,0.0039836096653062154,0.0013613233989793418,-0.0016564102048693403,share,11,False,-0.09348981177124381,48,57.90062996156262
b0-5_mlp,SpecResLog Z500,120,1.000021723532328,0.9885631452116783,-0.011458578320649733,-0.012348618000114392,-0.010557428461886589,-1.1458329405260472,-0.10754545372129524,-0.11589899623585696,-0.0990876356814332,0.10749083182340356,0.12580951215058436,share,2,True,-0.15135856147928659,48,65.12198019382583
b6-11_attn,SpecResLog Z500,120,1.000021723532328,1.0033260961559851,0.0033043726236570473,0.0017687041636457919,0.004491600756417842,0.3304300842570872,0.031013468087485518,0.016600322173933087,0.04215629790768663,0.030958846189593846,-0.03628037406672516,share,7,True,0.01862758910063812,48,46.24445305350493
b6-11_mlp,SpecResLog Z500,120,1.000021723532328,0.9937862246707597,-0.006235498861568237,-0.008220540662767546,-0.004452675325915289,-0.6235363407449678,-0.05852380072643699,-0.07715457805253828,-0.04179095999511595,0.05846917882854531,0.06846268776430038,share,4,True,-0.01689187013986055,48,49.649482375511745
b12-17_attn,SpecResLog Z500,120,1.000021723532328,0.9989493962300408,-0.0010723273022872116,-0.001515307934895418,-0.0006699321470668672,-0.10723040080564271,-0.010064418380278741,-0.014222050487024651,-0.006287704696222942,0.010009796482387067,0.01177362243301895,share,9,True,-0.008178821240425092,48,48.791641533671196
b12-17_mlp,SpecResLog Z500,120,1.000021723532328,0.9895659951251474,-0.010455728407180594,-0.011499105613984664,-0.00955748684710571,-1.0455501276760601,-0.09813312123637971,-0.1079258260526469,-0.08970259927926315,0.09807849933848804,0.11479871702022879,share,3,True,0.05251902838230883,48,43.209752423715514
b18-23_attn,SpecResLog Z500,120,1.000021723532328,1.003355809105144,0.003334085572816052,0.0030460491969859357,0.003852755652712994,0.3334013146273687,0.03129234147904268,0.0285889517687273,0.03616036328011147,0.031237719581151006,-0.03660660752550537,share,6,True,-0.18225367224935785,48,69.3958191460978
b18-23_mlp,SpecResLog Z500,120,1.000021723532328,0.9993094720543151,-0.000712251478012888,-0.0019504159826042985,0.00047663108405384183,-0.07122360057309923,-0.006684896347788438,-0.018305793783896858,0.0044734612582668695,0.006630274449896764,0.007820168302716028,share,10,False,-0.016523323632068217,48,49.61288936158271
adaln,SpecResLog Z500,120,1.000021723532328,0.9986788609531541,-0.0013428625791739406,-0.0016432134849421252,-0.0010148022289050373,-0.1342833408088989,-0.012603550049690741,-0.015422518819859241,-0.009524511949994294,0.012548928151799067,0.014743965721008338,share,8,True,0.009023755405671314,48,47.14146667578092
head,SpecResLog Z500,120,1.000021723532328,0.9955367680740835,-0.004484955458244441,-0.005060975729699581,-0.003842235032635711,-0.44848580312860115,-0.04209392790093948,-0.04750021476417698,-0.03606162111262968,0.042039306003047804,0.049242588602984666,share,5,True,-0.08387052691125456,48,56.78868197126596
embed,SpecDivW1 Z500,120,0.11004061893238741,0.10186869965071005,-0.00817191928167737,-0.008898819033891486,-0.0076743176062870466,-7.426275279947732,-0.23664157689667437,-0.2576910632756493,-0.22223208004875356,0.23662495203203182,0.8747080987353218,share,1,True,-0.019667860141225044,48,49.925994769313185
b0-5_attn,SpecDivW1 Z500,120,0.11004061893238741,0.11021809428814648,0.00017747535575905084,7.425028659968886e-05,0.0002423215798676097,0.16128167714877864,0.005139312638743972,0.0021501319702675542,0.00701712275897496,0.005122687774101456,-0.0189966549665319,share,8,True,0.06640350273278134,48,42.022209936472436
b0-5_mlp,SpecDivW1 Z500,120,0.11004061893238741,0.10797144243645518,-0.0020691764959322495,-0.00223009995911656,-0.001936765255188472,-1.8803751887324625,-0.0599189947914459,-0.06457899947027242,-0.05608464404367137,0.05990236992680338,0.2214810714984458,share,2,True,-0.24627515114643703,48,79.36743407891983
b6-11_attn,SpecDivW1 Z500,120,0.11004061893238741,0.11016490927732243,0.00012429034493502064,-0.00011933579052135585,0.00033633675372414946,0.11294951458914343,0.0035991867032266747,-0.003455713238933063,0.009739604250380483,0.0035825618385841576,-0.0133038234424354,share,10,False,0.3059070650590134,48,25.512122392615893
b6-11_mlp,SpecDivW1 Z500,120,0.11004061893238741,0.10965648896288933,-0.0003841299694980838,-0.000577093244830006,-0.00017623566680460877,-0.3490801607850878,-0.011123595153357852,-0.01671140533401842,-0.005103413856716313,0.011106970288715335,0.04111660721371666,share,5,True,0.13147031823665717,48,36.8453542728469
b12-17_attn,SpecDivW1 Z500,120,0.11004061893238741,0.10988176563304701,-0.00015885329934042675,-0.0002654901184381079,-6.409672904604226e-05,-0.14435878394870846,-0.004600057092517197,-0.0076880348559662985,-0.0018561063212387647,0.00458343222787468,0.017003382272196974,share,9,True,0.18367833662977712,48,33.10311478144946
b12-17_mlp,SpecDivW1 Z500,120,0.11004061893238741,0.10886181137868574,-0.0011788075537016694,-0.00134706240515994,-0.0010304737849508364,-1.071247658490514,-0.03413578484446506,-0.039008091091893904,-0.029840351209562743,0.034119159979822546,0.12617752066948668,share,3,True,-0.1358492779818884,48,63.09173151623885
b18-23_attn,SpecDivW1 Z500,120,0.11004061893238741,0.11033283755500477,0.0002922186226173515,0.00021744870425060068,0.0003929560590002368,0.26555523356052757,0.008462036061686391,0.006296856649499181,0.011379180122522153,0.008445411197043874,-0.03127857569246723,share,7,True,0.15011617329752458,48,35.46982872587227
b18-23_mlp,SpecDivW1 Z500,120,0.11004061893238741,0.11035572646989115,0.00031510753750374026,6.706920691096845e-05,0.000563717651575078,0.28635565717542244,0.009124850845517321,0.001942183021827786,0.01632407631488927,0.009108225980874806,-0.03372856553356588,share,6,True,0.3850413754272711,48,21.312008798571075
adaln,SpecDivW1 Z500,120,0.11004061893238741,0.11010258606922568,6.196713683826974e-05,2.9146894558899502e-05,9.813160348355985e-05,0.056312966465905105,0.0017944378146341916,0.0008440326993346563,0.002841684626500891,0.0017778129499916747,-0.006632855095547236,share,11,True,-0.03927233409626915,48,51.924258879018915
head,SpecDivW1 Z500,120,0.11004061893238741,0.1104360227395637,0.0003954038071762712,0.0002090593697581612,0.0005334985499501558,0.3593253209700868,0.011450061756108706,0.006053919185853916,0.015448994756392208,0.011433436891466189,-0.042323339289870233,share,4,True,0.41266464134992975,48,19.95668072237106
embed,|RQE| Z500,120,0.004197457718040217,0.004048948654296207,-0.00014850906374401043,-0.0002518141543892701,-2.8536647950735237e-05,-3.5380717024434727,-0.05925982269561736,-0.10048182760802574,-0.011387026860547602,0.059122456870709696,0.45101374722444915,share,2,True,0.15353115940528633,48,35.22271940143661
b0-5_attn,|RQE| Z500,120,0.004197457718040217,0.004206025250065674,8.567532025457089e-06,-3.222095870114571e-07,1.8564839433565793e-05,0.20411240805678085,0.0034187167837968894,-0.00012857183606005415,0.0074079592549453725,0.0032813509588892243,-0.026019117122221568,share,8,False,0.14479355763616159,48,35.85791425855554
b0-5_mlp,|RQE| Z500,120,0.004197457718040217,0.00401276694022575,-0.00018469077781446686,-0.0002441222711847028,-0.00011415641911109262,-4.40006285282365,-0.07369747321056949,-0.09741252245313119,-0.04555202884957094,0.07356010738566184,0.5608955957293238,share,1,True,0.3180115728493071,48,24.836993223409284
b6-11_attn,|RQE| Z500,120,0.004197457718040217,0.004144947016357037,-5.251070168318014e-05,-7.824804231593892e-05,-3.109020342814499e-05,-1.251012046112933,-0.02095343403909388,-0.031223448569540388,-0.012405976418370988,0.020816068214186217,0.15947207354521775,share,4,True,0.14469411883017658,48,35.865198939003434
b6-11_mlp,|RQE| Z500,120,0.004197457718040217,0.004175178649272008,-2.227906876820877e-05,-3.732594985497902e-05,-6.4854462872669234e-06,-0.5307752993545536,-0.00889005446363381,-0.014894236853882066,-0.0025878985928284,0.008752688638726145,0.06766028979309545,share,6,True,-0.10363971719092188,48,59.09979217190248
b12-17_attn,|RQE| Z500,120,0.004197457718040217,0.004203253282298647,5.795564258429901e-06,-3.1095549862432867e-06,1.831774284918689e-05,0.13807320163157802,0.002312613800916677,-0.0012408109815080697,0.007309359887271579,0.002175247976009012,-0.017600805550698092,share,10,False,0.13566172235457044,48,36.53221422393541
b12-17_mlp,|RQE| Z500,120,0.004197457718040217,0.0042216923565471616,2.4234638506944368e-05,7.0061695661631045e-06,4.1396694094449506e-05,0.5773646844085296,0.009670388761519788,0.00279568368286209,0.016518592807576886,0.009533022936612123,-0.07359924606680941,share,5,True,-0.08117458488559438,48,56.48121963196541
b18-23_attn,|RQE| Z500,120,0.004197457718040217,0.004211707935231364,1.4250217191147385e-05,3.7849267755518676e-07,2.8148949706974225e-05,0.33949638444007435,0.005686288249564774,0.0001510305728017523,0.011232322975104741,0.0055489224246571085,-0.043277115161268115,share,7,True,0.15318812422322975,48,35.247475397532526
b18-23_mlp,|RQE| Z500,120,0.004197457718040217,0.004292281515821135,9.482379778091854e-05,5.423714820835812e-05,0.00013584142988823562,2.259076902034681,0.03783770028682131,0.021642340913841034,0.05420503534903367,0.03770033446191364,-0.28797458744298576,share,3,True,0.07781646240144866,48,41.068968000456636
adaln,|RQE| Z500,120,0.004197457718040217,0.004199430936220476,1.9732181802586033e-06,-7.601063392333647e-07,4.351998086349338e-06,0.047009840546527154,0.0007873765853339009,-0.00030330651717276516,0.0017365851515519313,0.0006500107604262359,-0.005992553606720412,share,11,False,-0.31451256347756534,48,92.04633037042994
head,|RQE| Z500,120,0.004197457718040217,0.004190937736590665,-6.519981449552385e-06,-3.31174520397326e-05,2.3791113185704136e-05,-0.1553316766367941,-0.0026016792170018076,-0.013214912858032996,0.009493408102999052,0.0024643133920941424,0.019800820173947905,share,9,False,0.062639523983183,48,42.34107788514675
embed,SpecDiv> T850,120,0.003474580696395909,0.0031937698367983103,-0.0002808108595975985,-0.0003048914284590864,-0.00025757932732327994,-8.081863227090285,-0.2985809383745208,-0.324185357155043,-0.27387928432779346,0.29854786165418873,0.6851024351555507,share,1,True,0.015382957144516806,48,46.545608949330216
b0-5_attn,SpecDiv> T850,120,0.003474580696395909,0.003476753733896961,2.173037501052022e-06,-1.8340192279235148e-06,4.755443296744487e-06,0.06254099964654891,0.0023105501586260066,-0.0019500783653988015,0.00505637397344065,0.0022774734382939523,-0.005301622899443611,share,11,False,0.15485338211843822,48,35.12743547055269
b0-5_mlp,SpecDiv> T850,120,0.003474580696395909,0.0034053697697042176,-6.921092669169109e-05,-7.887544197728858e-05,-6.18926612029706e-05,-1.9919216947092855,-0.0735906847298865,-0.083866783193613,-0.0658093098214258,0.07355760800955445,0.16885591420430726,share,2,True,0.05544720670568108,48,42.95670478833365
b6-11_attn,SpecDiv> T850,120,0.003474580696395909,0.003478474861670596,3.894165274687111e-06,-6.090806103505504e-06,1.6098781513089002e-05,0.11207583345888114,0.004140593150734029,-0.006476240286604233,0.01711753348055208,0.004107516430401975,-0.009500708471208782,share,10,False,0.240113509185856,48,29.41226854550173
b6-11_mlp,SpecDiv> T850,120,0.003474580696395909,0.003438269171359328,-3.631152503658086e-05,-4.647349766552604e-05,-2.8328603487655834e-05,-1.0450620725040536,-0.03860936587270409,-0.049414401431637285,-0.03012127459851392,0.03857628915237204,0.08859028551254093,share,4,True,-0.011981957320333563,48,49.16421750723529
b12-17_attn,SpecDiv> T850,120,0.003474580696395909,0.0034695002783943587,-5.08041800154994e-06,-7.310415336784596e-06,-2.725973293612091e-06,-0.14621672211613113,-0.005401913502958279,-0.007773027988634455,-0.002898476451932566,0.005368836782626225,0.012394843808596519,share,9,True,-0.10736624528957306,48,59.546907668915885
b12-17_mlp,SpecDiv> T850,120,0.003474580696395909,0.0034225923154735938,-5.1988380922315024e-05,-6.014533161457318e-05,-4.4494933899841274e-05,-1.4962490575119238,-0.05527827371990142,-0.0639514069294191,-0.04731063156091881,0.05524519699956936,0.12683756753820713,share,3,True,0.3109696577841146,48,25.228239440922977
b18-23_attn,SpecDiv> T850,120,0.003474580696395909,0.003479940763403041,5.3600670071318746e-06,2.826063670606042e-06,9.602209199025916e-06,0.15426514666047994,0.005699259063674157,0.003004900679001059,0.010209849566437968,0.0056661823433421035,-0.013077111634661215,share,8,True,0.16747891568412177,48,34.228465722437235
b18-23_mlp,SpecDiv> T850,120,0.003474580696395909,0.00348002579024372,5.445093847811222e-06,-6.1669029188730445e-06,1.3935183233115819e-05,0.1567122574951065,0.00578966651413188,-0.006557152608059009,0.014817019869270729,0.0057565897937998265,-0.013284554094993692,share,7,False,0.0995835200675296,48,39.3057828241226
adaln,SpecDiv> T850,120,0.003474580696395909,0.0034647477781012035,-9.83291829470545e-06,-1.1177420310559682e-05,-8.347072313578489e-06,-0.2829958246445356,-0.010455158235690449,-0.011884742099061894,-0.008875285975904479,0.010422081515358396,0.023989657230641805,share,6,True,-0.014865779499273797,48,49.44865014556586
head,SpecDiv> T850,120,0.003474580696395909,0.003461241503828205,-1.3339192567703625e-05,-2.006253525905777e-05,-8.398750408863039e-06,-0.3839079800777118,-0.014183314134399109,-0.02133211875212182,-0.008930234328705294,0.014150237414067054,0.032544016724418486,share,5,True,0.08385783737358483,48,40.572501567759254
embed,SpecDiv< T850,120,0.0030157369813726595,0.0027957724742009304,-0.00021996450717172897,-0.00024033125998054551,-0.00020151275202806573,-7.293888974084495,-0.26095658138042355,-0.28511883489643985,-0.23906620004267531,0.2609195631423656,0.6836362245965151,share,1,True,-0.03115673972648582,48,51.08723519725805
b0-5_attn,SpecDiv< T850,120,0.0030157369813726595,0.0030179349729830087,2.1979916103494665e-06,-1.0507457166871366e-06,4.487204690425036e-06,0.07288406196978811,0.0026076042172196792,-0.001246560245797872,0.005323429725202585,0.0025705859791617,-0.006831223389239814,share,11,False,0.1637017755456729,48,34.495362658516626
b0-5_mlp,SpecDiv< T850,120,0.0030157369813726595,0.002960346670685491,-5.539031068716819e-05,-6.334607751341536e-05,-4.9308003144687984e-05,-1.8367089381235238,-0.06571272022189549,-0.07515110525924336,-0.05849692798523779,0.06567570198383751,0.17214969525897453,share,2,True,0.03158397263322109,48,45.060771150748316
b6-11_attn,SpecDiv< T850,120,0.0030157369813726595,0.003018946542094151,3.209560721491774e-06,-5.147725096321665e-06,1.3497202113891639e-05,0.10642707707324307,0.0038076869963365903,-0.006107043178441316,0.016012509323115372,0.0037706687582786114,-0.009975118270062026,share,10,False,0.2526881829619752,48,28.63519246506219
b6-11_mlp,SpecDiv< T850,120,0.0030157369813726595,0.002987318606756162,-2.8418374616497506e-05,-3.666842882618463e-05,-2.1652688398413986e-05,-0.9423359792989122,-0.03371435684630549,-0.043501871979746205,-0.025687833072698073,0.033677338608247516,0.08832256886254948,share,4,True,-0.019022076040245355,48,49.86152945470205
b12-17_attn,SpecDiv< T850,120,0.0030157369813726595,0.0030117932886544927,-3.943692718166858e-06,-6.0186620733778305e-06,-1.8403098389777997e-06,-0.1307704465782631,-0.004678630125287609,-0.007140285945888974,-0.002183265702432049,0.0046416118872296295,0.012256755580624282,share,9,True,-0.09071119432175176,48,57.577017335424664
b12-17_mlp,SpecDiv< T850,120,0.0030157369813726595,0.002974863067114105,-4.087391425855458e-05,-4.7115665923532414e-05,-3.4775207313941796e-05,-1.3553540813081844,-0.04849108190087062,-0.055896031896037514,-0.04125583410762233,0.04845406366281264,0.1270336236854092,share,3,True,0.2828808928795124,48,26.831576752633325
b18-23_attn,SpecDiv< T850,120,0.0030157369813726595,0.003019781273906119,4.044292533459763e-06,1.648484612815082e-06,7.849176836316471e-06,0.13410627513076223,0.004797977488295783,0.001955692373054558,0.009311931184681656,0.004760959250237805,-0.012569413648992812,share,8,True,0.19152828532291932,48,32.568796546850564
b18-23_mlp,SpecDiv< T850,120,0.0030157369813726595,0.003021286625880748,5.549644508088629e-06,-4.768271901411936e-06,1.3299777250116061e-05,0.18402282899228906,0.006583863357449804,-0.005656875968236736,0.015778292820676873,0.0065468451193918245,-0.017247955445832543,share,7,False,0.15042648302243794,48,35.447314032432274
adaln,SpecDiv< T850,120,0.0030157369813726595,0.003007644135019897,-8.092846352762232e-06,-9.267725605847469e-06,-6.835104856387868e-06,-0.26835385190251726,-0.009601010385757778,-0.010994837405225735,-0.008108879107969813,0.0095639921476998,0.02515207111355792,share,6,True,-0.031313863221574804,48,51.10330741314077
head,SpecDiv< T850,120,0.0030157369813726595,0.003007352766871918,-8.384214500741413e-06,-1.410050881531788e-05,-4.154414455115331e-06,-0.2780154420802708,-0.009946677224455676,-0.016728246858922362,-0.004928621475272485,0.009909658986397698,0.026057625483275653,share,5,True,0.04360440313333643,48,43.98887980135758
embed,SpecRes T850,120,0.001364361152809579,0.0012821662069958013,-8.219494581377755e-05,-0.00010475737320424134,-6.39688543136193e-05,-6.0244273039082445,-0.22230829654464412,-0.28333169341444864,-0.1730131566312137,0.22228453984712998,0.5531843233912155,share,1,True,0.4642375077239555,48,17.563134050038514
b0-5_attn,SpecRes T850,120,0.001364361152809579,0.001367065644444665,2.704491635086015e-06,1.4343308369764903e-06,3.863126312353415e-06,0.1982240281113805,0.007314694625839545,0.0038793582974325554,0.010448392189244893,0.007290937928325394,-0.01820163466816819,share,10,True,0.187608828604749,48,32.83469715595218
b0-5_mlp,SpecRes T850,120,0.001364361152809579,0.001338859665944862,-2.5501486864717055e-05,-3.004697158151733e-05,-2.168686166138893e-05,-1.8691155792733307,-0.06897251464944204,-0.08126644530852403,-0.05865530082914901,0.06894875795192788,0.1716288345598477,share,2,True,0.26200407336092746,48,28.069485056681295
b6-11_attn,SpecRes T850,120,0.001364361152809579,0.0013597853952281487,-4.575757581430177e-06,-1.2329342856295018e-05,1.8941929738502943e-06,-0.33537729889241474,-0.012375808065299256,-0.033346517608366,0.005123122950862855,0.012352051367785104,0.03079553537781383,share,7,False,0.561757614950792,48,13.469205644324504
b6-11_mlp,SpecRes T850,120,0.001364361152809579,0.0013516737089958042,-1.2687443813774735e-05,-1.6399384367105083e-05,-9.836059477189945e-06,-0.9299182835606208,-0.03431505421435982,-0.044354542325410244,-0.026603066714588362,0.03429129751684567,0.0853884013451177,share,4,True,-0.21496315520345613,48,74.28725395032903
b12-17_attn,SpecRes T850,120,0.001364361152809579,0.001367976580998705,3.615428189126154e-06,1.4576680769096133e-07,7.3729668353432e-06,0.2649905548601289,0.009778456254781052,0.0003942477288560555,0.019941271101495885,0.009754699557266901,-0.02433237441511931,share,8,True,0.717521974643257,48,7.894481361695514
b12-17_mlp,SpecRes T850,120,0.001364361152809579,0.001356475345043388,-7.885807766191041e-06,-1.0008369614903738e-05,-5.502310038233797e-06,-0.5779853633293565,-0.021328324680111945,-0.027069104775849614,-0.014881805195560045,0.02130456798259779,0.0530726699840755,share,6,True,0.11568719081559979,48,38.04562353164708
b18-23_attn,SpecRes T850,120,0.001364361152809579,0.0013511131910490803,-1.3247961760498583e-05,-1.7246412123010185e-05,-9.05261822481407e-06,-0.9710010969762325,-0.03583105728103492,-0.0466454532284713,-0.02448413484433595,0.03580730058352077,0.08916077126442595,share,3,True,0.5053204657011356,48,15.77379580452719
b18-23_mlp,SpecRes T850,120,0.001364361152809579,0.00136669155593457,2.3304031249911836e-06,-6.301013794048534e-06,1.1301886782651609e-05,0.17080544401255268,0.006302917336947337,-0.017042016746781984,0.030567611834480472,0.006279160639433185,-0.015683962841799643,share,11,False,0.6985434095923302,48,8.519014738069659
adaln,SpecRes T850,120,0.001364361152809579,0.0013613454369381846,-3.0157158713943013e-06,-4.7103191415468855e-06,-1.774434076651233e-06,-0.22103501445963541,-0.008156446258280011,-0.012739749557245843,-0.004799217433695086,0.008132689560765861,0.020296220495564513,share,9,True,0.6337128970381265,48,10.761854775123084
head,SpecRes T850,120,0.001364361152809579,0.001354923058291509,-9.438094518069798e-06,-1.3601890835464776e-05,-6.1153998406856175e-06,-0.6917592529393172,-0.025526712064426537,-0.03678831041837037,-0.01653999656319899,0.025502955366912383,0.06351979283385129,share,5,True,0.40705075149088477,48,20.227816159637587
embed,SpecResLog T850,120,0.5333807541810275,0.49635380722450345,-0.03702694695652415,-0.03870768648015672,-0.03430081479448099,-6.941935318490576,-0.521775014631112,-0.5454596000916464,-0.4833590023574944,0.5217540923827064,0.7592811542910404,share,1,True,0.2286248905388527,48,30.13613474646125
b0-5_attn,SpecResLog T850,120,0.5333807541810275,0.5332286949200095,-0.00015205926101796835,-0.0004944463510823262,7.792544502998156e-05,-0.02850857662673745,-0.002142783287955278,-0.006967621510172144,0.0010981070156390607,0.0021218610395498097,0.003118154228646775,share,11,False,0.09654094722894929,48,39.54803023325306
b0-5_mlp,SpecResLog T850,120,0.5333807541810275,0.5273123980638129,-0.006068356117214543,-0.006546492637545182,-0.005574368561552592,-1.137715613029968,-0.0855138449725332,-0.09225163218961374,-0.07855268869935345,0.08549292272412773,0.12443878893763065,share,2,True,0.15383771433793544,48,35.20060854925701
b6-11_attn,SpecResLog T850,120,0.5333807541810275,0.534607556359938,0.0012268021789104435,0.00039433487209900747,0.0020477596684626933,0.23000495786431605,0.017287807325893727,0.005556874130092527,0.028856546888072775,0.017266885077488258,-0.02515702349382486,share,8,True,-0.010690725386915654,48,49.037400197774645
b6-11_mlp,SpecResLog T850,120,0.5333807541810275,0.529487531337229,-0.003893222843798475,-0.004666303501034596,-0.003178726626324425,-0.7299143835394424,-0.05486237924693919,-0.06575644976574366,-0.044793866853407686,0.05484145699853372,0.07983511949344493,share,4,True,-0.0054425844328634615,48,48.52534735287952
b12-17_attn,SpecResLog T850,120,0.5333807541810275,0.5326043855357269,-0.0007763686453007417,-0.0009752022744645437,-0.0005506457957246821,-0.145556178998773,-0.010940404072109278,-0.013742320738042216,-0.007759570846015477,0.01091948182370381,0.01592035340778891,share,10,True,0.20738510753664366,48,31.51067095391222
b12-17_mlp,SpecResLog T850,120,0.5333807541810275,0.5274803171213055,-0.005900437059721971,-0.006372263420746838,-0.005462191976516529,-1.1062335889456154,-0.08314756916851118,-0.08979643510704399,-0.07697192268677387,0.08312664692010571,0.12099541090405613,share,3,True,0.08995861410430435,48,40.076738655705704
b18-23_attn,SpecResLog T850,120,0.5333807541810275,0.5355624394994911,0.0021816853184635637,0.001982562045499705,0.00248731104985684,0.40902962871493254,0.030743795601036746,0.027937797342900434,0.03505060141618032,0.03072287335263128,-0.04473802684428328,share,6,True,0.06891669933756178,48,41.810553113721525
b18-23_mlp,SpecResLog T850,120,0.5333807541810275,0.5346679728346908,0.0012872186536632645,0.0005297098528598222,0.0020208535238446417,0.2413320397432989,0.018139182056711466,0.007464546470728612,0.028477391835990445,0.018118259808305996,-0.026395934461622993,share,7,True,0.10951196920567971,48,38.52452849943403
adaln,SpecResLog T850,120,0.5333807541810275,0.5322499624515667,-0.0011307917294606795,-0.001248199076233567,-0.0010015616823989503,-0.21200459907799615,-0.015934850687983202,-0.017589327362826344,-0.014113771305565148,0.015913928439577736,0.023188216155541907,share,9,True,0.01641729310319492,48,46.449396573040495
head,SpecResLog T850,120,0.5333807541810275,0.5310953700250393,-0.0022853841559882723,-0.0030219282123511455,-0.001737061325704728,-0.42847143210057054,-0.032205095192661605,-0.042584300538337054,-0.02447825902845666,0.032184172944256136,0.046864493634722414,share,5,True,0.4892210012481154,48,16.463232736808337
embed,SpecDivW1 T850,120,0.2386035525857226,0.2221384427826251,-0.01646510980309748,-0.017444562638981802,-0.015514131854619844,-6.900613852839468,-0.5143662652273725,-0.5449641478522063,-0.4846579315738666,0.5143453169084374,0.6591732029309744,share,1,True,0.16398615088065127,48,34.475208083333385
b0-5_attn,SpecDivW1 T850,120,0.2386035525857226,0.23871771979605683,0.00011416721033423217,-3.403396636328908e-05,0.0001957792898027387,0.04784807648377974,0.0035665575446086335,-0.001063213326756299,0.0061161002452445,0.003545609225673579,-0.004570632483213238,share,11,False,0.14805985242970005,48,35.6193337802294
b0-5_mlp,SpecDivW1 T850,120,0.2386035525857226,0.23528606352942882,-0.003317489056293777,-0.0036138126761541076,-0.0030234304974980117,-1.3903770586575444,-0.10363759951953039,-0.11289468164463959,-0.09445127738413431,0.10361665120059534,0.13281416966403925,share,2,True,0.20949459478873078,48,31.37199588458587
b6-11_attn,SpecDivW1 T850,120,0.2386035525857226,0.23872463160085725,0.00012107901513465531,-0.00031281530932816446,0.0005249063796261341,0.05074485011750003,0.003782480746074648,-0.009772278732985053,0.016397955270940474,0.0037615324271395943,-0.00484734345342927,share,10,False,0.23889975699905455,48,29.488109475893022
b6-11_mlp,SpecDivW1 T850,120,0.2386035525857226,0.23687400177464046,-0.001729550811082137,-0.001978480062630117,-0.001486103023253031,-0.7248638137777789,-0.05403077184762731,-0.061807264744169796,-0.04642551862423453,0.05400982352869225,0.069241782253915,share,4,True,-0.0689753211270956,48,55.11219689280128
b12-17_attn,SpecDivW1 T850,120,0.2386035525857226,0.23829977146290462,-0.00030378112281798157,-0.0004252095404588335,-0.0001960386553048315,-0.12731626144117983,-0.009490052812224046,-0.013283448812695577,-0.00612420276422164,0.00946910449328899,0.012161739466822499,share,8,True,0.2660884058757268,48,27.824089024493368
b12-17_mlp,SpecDivW1 T850,120,0.2386035525857226,0.23598558736260444,-0.002617965223118161,-0.00293224930570952,-0.0023009136703221007,-1.0972029522392002,-0.0817846349288911,-0.09160279780275889,-0.07188001691865656,0.08176368660995605,0.10480905028401677,share,3,True,0.2374130189609684,48,29.581210581257118
b18-23_attn,SpecDivW1 T850,120,0.2386035525857226,0.238764311380411,0.00016075879468840522,4.3659884604075175e-05,0.0003352195715924955,0.06737485378833567,0.005022067985891792,0.0013639248114720424,0.010472182763015304,0.005001119666956738,-0.006435905430411639,share,9,True,0.22410613352413783,48,30.424572323333592
b18-23_mlp,SpecDivW1 T850,120,0.2386035525857226,0.23816296187467156,-0.00044059071105105536,-0.0007073695659436083,-0.0002158107324899913,-0.18465387722706486,-0.013763953064835936,-0.022098063488253997,-0.0067418779342715085,0.013743004745900882,0.017638849279372776,share,6,True,-0.032357193094441045,48,51.21016238109598
adaln,SpecDivW1 T850,120,0.2386035525857226,0.23817496484620457,-0.0004285877395180093,-0.0004813421708971689,-0.0003828563671639365,-0.1796233689203062,-0.013388982978822789,-0.015037019351928985,-0.011960345363720972,0.013368034659887736,0.017158315758203133,share,7,True,0.030542129833052396,48,45.154852403319
head,SpecDivW1 T850,120,0.2386035525857226,0.2377030219964508,-0.000900530589271786,-0.0012010998276182538,-0.0006859195091806812,-0.37741709187177935,-0.028132369687543415,-0.037522083963328214,-0.02142796861989264,0.028111421368608364,0.036052333690233244,share,5,True,0.3408537033219479,48,23.59617769049765
embed,|RQE| T850,120,0.0030638399014909132,0.00300616158892808,-5.767831256283292e-05,-0.0001518355364320693,5.1410015278937225e-05,-1.8825498203990927,-0.025088011024957276,-0.0660430488121229,0.022361525030853827,0.024947661897427656,-1.0,colmax,1,False,-0.10122231921562888,48,58.81173114603821
b0-5_attn,|RQE| T850,120,0.0030638399014909132,0.003068101986476298,4.262084985384718e-06,-7.118820091515468e-06,1.5423379712350045e-05,0.1391092590481219,0.0018538551207813775,-0.00309643311333128,0.006708620676862175,0.0017135059932517577,0.07389406513482408,colmax,9,False,-0.2330828919202972,48,77.17650080903277
b0-5_mlp,|RQE| T850,120,0.0030638399014909132,0.003012750780423327,-5.108912106758604e-05,-0.000133976080451248,2.391296478284241e-05,-1.667486641280612,-0.022221947481606812,-0.05827482175002771,0.010401287718981413,0.022081598354077192,-0.8857596347315323,colmax,2,False,0.29405566271718503,48,26.185371437906017
b6-11_attn,|RQE| T850,120,0.0030638399014909132,0.0030659679123345995,2.128010843686449e-06,-4.4324404022214973e-05,4.729866968773421e-05,0.06945568019565661,0.0009256089010834974,-0.019279536577506497,0.02057323617605858,0.0007852597735538777,0.036894471234196764,colmax,11,False,0.1979702003986458,48,32.13554925494332
b6-11_mlp,|RQE| T850,120,0.0030638399014909132,0.0030181357827435327,-4.570411874738056e-05,-7.827141069659168e-05,-1.865404750181673e-05,-1.49172672910031,-0.019879663327028556,-0.03404527503046985,-0.00811384606433897,0.019739314199498936,-0.7923969463841708,colmax,3,True,-0.08058572908963857,48,56.41430271138303
b12-17_attn,|RQE| T850,120,0.0030638399014909132,0.0030728529109183,9.013009427386956e-06,-4.399773752084001e-06,1.9559503213410303e-05,0.2941736421345346,0.0039203379890145286,-0.0019137448287751984,0.008507687039667849,0.0037799888614849083,0.15626340346847822,colmax,6,False,-0.24586724887228195,48,79.29854240708036
b12-17_mlp,|RQE| T850,120,0.0030638399014909132,0.0030600185024619955,-3.821399028917464e-06,-4.916683234720646e-05,3.607727339840494e-05,-0.12472580656247445,-0.0016621724303013065,-0.02138582037477619,0.01569232858162392,0.0015218233027716867,-0.06625365512825213,colmax,10,False,0.35246793365585116,48,22.98135017552893
b18-23_attn,|RQE| T850,120,0.0030638399014909132,0.003081638732813493,1.7798831322579645e-05,-3.0184755208514012e-06,5.1083159344974124e-05,0.580932160127507,0.007741857495671176,-0.0013129293105305123,0.0222193543446725,0.007601508368141557,0.30858793421167036,colmax,5,False,-0.046745846860157404,48,52.70766508993827
b18-23_mlp,|RQE| T850,120,0.0030638399014909132,0.003027345089018733,-3.649481247218015e-05,-0.00010354723402391149,4.7854200101937684e-05,-1.1911461971110564,-0.01587394320280084,-0.045039357660919224,0.020814872114021454,0.01573359407527122,-0.6327302386390701,colmax,4,False,-0.004906376667907349,48,48.47333451755214
adaln,|RQE| T850,120,0.0030638399014909132,0.0030591960736880233,-4.64382780288967e-06,-1.2844823246875119e-05,5.793608534077065e-06,-0.15156887932133495,-0.0020198996458154522,-0.005587040482160091,0.002520013299953465,0.0018795505182858327,-0.08051254616422475,colmax,8,False,0.2809191540423042,48,26.94618196397855
head,|RQE| T850,120,0.0030638399014909132,0.0030722198219640027,8.379920473089442e-06,-4.210442010238088e-05,6.300899872258013e-05,0.27351039031157076,0.0036449668493354274,-0.018313922665078784,0.02740666958489065,0.003504617721805807,0.1452871989616656,colmax,7,False,0.02546846630894502,48,45.61575041457967
embed,SpecDiv> Q700,120,0.0379194023165231,0.032879407478806875,-0.005039994837716222,-0.005251636088360101,-0.004829382927467425,-13.291335120859966,-0.6934408175957025,-0.7225600303348113,-0.6644632293360097,0.6934169653062602,0.8551666925363792,share,1,True,0.08898212467943266,48,40.15571699880734
b0-5_attn,SpecDiv> Q700,120,0.0379194023165231,0.037927187591170274,7.785274647176266e-06,-1.7324276268482208e-05,2.906935890981301e-05,0.0205311111767811,0.0010711572909053394,-0.002383605675539492,0.003999583463569144,0.001047305001463023,-0.0013209750773335847,share,11,False,0.32246266961154013,48,24.591841120323657
b0-5_mlp,SpecDiv> Q700,120,0.0379194023165231,0.037164330831728876,-0.0007550714847942194,-0.0008284803004547333,-0.0006905087075817088,-1.9912536555598679,-0.10388847699617144,-0.11398862010929921,-0.0950054391244939,0.10386462470672914,0.128117588424475,share,3,True,0.3570752943052243,48,22.74036378294595
b6-11_attn,SpecDiv> Q700,120,0.0379194023165231,0.038212144087689616,0.0002927417711665233,0.00022231454107289513,0.0003497923404211178,0.7720105098781139,0.04027763910054184,0.0305877252038729,0.04812709027302215,0.04025378681109953,-0.049671283458924236,share,6,True,0.17931915498110068,48,33.40290064358232
b6-11_mlp,SpecDiv> Q700,120,0.0379194023165231,0.03751177565815548,-0.00040762665836761397,-0.0004497008107136935,-0.00035597751751386883,-1.0749817599049911,-0.05608437555073501,-0.061873257393267225,-0.048978093974072566,0.05606052326129269,0.06916450362553256,share,5,True,-0.23346440079232367,48,77.23880182372439
b12-17_attn,SpecDiv> Q700,120,0.0379194023165231,0.03770109122463813,-0.00021831109188497066,-0.0002446491445880383,-0.00019178042033066357,-0.5757239791457452,-0.030036900219430028,-0.03366068980421656,-0.026386608668274747,0.030013047929987713,0.03704217571696404,share,7,True,0.4128212846932844,48,19.94914618011369
b12-17_mlp,SpecDiv> Q700,120,0.0379194023165231,0.03708799439482391,-0.0008314079216991862,-0.0008940186147810891,-0.0007712527672993019,-2.1925659976367995,-0.11439142450389336,-0.12300587979580034,-0.10611482089757829,0.11436757221445105,0.14107005769676756,share,2,True,0.08258682010963983,48,40.67649062111945
b18-23_attn,SpecDiv> Q700,120,0.0379194023165231,0.038101424385483064,0.00018202206895997128,0.00014010893064551053,0.00022173329392292845,0.4800235706264192,0.02504398047702341,0.01927725216943027,0.03050775280075022,0.025020128187581096,-0.03088479565817599,share,8,True,0.466357051829158,48,17.46836589372828
b18-23_mlp,SpecDiv> Q700,120,0.0379194023165231,0.03849610084823022,0.0005766985317071279,0.0005125262667813028,0.0006343958414314934,1.5208534324810172,0.07934656963149628,0.07051726140996317,0.08728500427609724,0.07932271734205396,-0.09785196053376177,share,4,True,0.09237129102441823,48,39.882207074457135
adaln,SpecDiv> Q700,120,0.0379194023165231,0.03774009947665036,-0.00017930283987273773,-0.00019264756119810044,-0.00016667821037117392,-0.4728524948153201,-0.02466984826018652,-0.026505916503192797,-0.022932855726405646,0.024645995970744204,0.03042340745845475,share,9,True,0.22895983569668707,48,30.11483924173844
head,SpecDiv> Q700,120,0.0379194023165231,0.03774806123692542,-0.00017134107959767184,-0.000217811832165656,-0.0001467889504662405,-0.4518559606173203,-0.023574408734469778,-0.029968208270509097,-0.0201963400961436,0.023550556445027463,0.029072486987218545,share,10,True,0.2344302398854803,48,29.768671649607388
embed,SpecDiv< Q700,120,0.028634454860972863,0.02537579326114307,-0.003258661599829793,-0.003390302490637017,-0.0031190090531405686,-11.380211761150598,-0.6053606184732918,-0.6298155085053216,-0.5794174054561516,0.6053436530368648,0.8580764990660068,share,1,True,0.11183455543972347,48,38.34378157281918
b0-5_attn,SpecDiv< Q700,120,0.028634454860972863,0.028637321045001347,2.8661840284864106e-06,-1.3824761845171452e-05,1.7196551198139777e-05,0.010009563801379913,0.0005324501740939996,-0.0025682219906712884,0.0031945983189715877,0.0005154847376670521,-0.0007547286152606283,share,11,False,0.26673238754923084,48,27.785541558413033
b0-5_mlp,SpecDiv< Q700,120,0.028634454860972863,0.02814150768487404,-0.0004929471760988235,-0.0005453237167481954,-0.00044832421408500526,-1.7215175860417116,-0.09157465365947576,-0.10130462839592932,-0.08328505897305413,0.09155768822304881,0.12980371668952873,share,3,True,0.43792827206970175,48,18.762718186089412
b6-11_attn,SpecDiv< Q700,120,0.028634454860972863,0.028850969897272687,0.00021651503629982471,0.00017024363235880932,0.0002531281410483643,0.7561346543912119,0.04022193537680475,0.03162611011258472,0.04702354120662182,0.0402049699403778,-0.05701311985049537,share,6,True,0.10586174577724543,48,38.81012827017289
b6-11_mlp,SpecDiv< Q700,120,0.028634454860972863,0.02837156457826495,-0.00026289028270790976,-0.00029297820389426004,-0.0002261568054867288,-0.9180907545972328,-0.04883705142595696,-0.05442647580156442,-0.042013084036876064,0.04882008598953001,0.06922473123206735,share,5,True,-0.1743478997619559,48,68.27173233414194
b12-17_attn,SpecDiv< Q700,120,0.028634454860972863,0.028479652479290962,-0.00015480238168189922,-0.00017389061201053362,-0.00013583777375364057,-0.5406157806513233,-0.028757593461373167,-0.03230360846271799,-0.025234543757422994,0.02874062802494622,0.04076283518596161,share,7,True,0.3881154120913743,48,21.158514604606008
b12-17_mlp,SpecDiv< Q700,120,0.028634454860972863,0.02809247359012564,-0.0005419812708472213,-0.0005856043271099527,-0.000497565405870167,-1.8927591723979735,-0.10068370319217913,-0.1087875456777817,-0.0924325808620973,0.10066673775575219,0.14271546068859067,share,2,True,0.10556433794936824,48,38.833481060056165
b18-23_attn,SpecDiv< Q700,120,0.028634454860972863,0.028754376922734082,0.00011992206176122029,9.230860547783474e-05,0.0001455698967523252,0.4188033693795486,0.022277886565501757,0.017148142815868902,0.027042477418853073,0.02226092112907481,-0.03157808804762672,share,8,True,0.3483395469878139,48,23.198683013090942
b18-23_mlp,SpecDiv< Q700,120,0.028634454860972863,0.02905880326094727,0.00042434839997440577,0.00038160075006696086,0.000462722322360302,1.481950335826957,0.07883107895280556,0.07088986045144222,0.08595979136344237,0.07881411351637861,-0.1117401664086012,share,4,True,0.08371611901382923,48,40.5840842594083
adaln,SpecDiv< Q700,120,0.028634454860972863,0.028516826025831204,-0.00011762883514165878,-0.00012721704066886256,-0.00010864987561944873,-0.4107947426021377,-0.021851874522769342,-0.023633072677343075,-0.02018385582150388,0.021834909086342395,0.03097423158416912,share,10,True,0.3031980928082593,48,25.664932852326203
head,SpecDiv< Q700,120,0.028634454860972863,0.028515184530988336,-0.00011927032998452584,-0.00015196625220899781,-0.00010000505038381865,-0.4165273289245836,-0.02215681454273049,-0.02823072651333671,-0.01857790914956105,0.022139849106303542,0.03140647289086873,share,9,True,0.1595046937562352,48,34.79397273417356
embed,SpecRes Q700,120,0.004468098379826794,0.0040101819128418965,-0.00045791646698489785,-0.0005051103414492294,-0.00041087486327645215,-10.248576196360496,-0.6925259968582499,-0.7638992435427641,-0.6213830355305968,0.6925079413738994,0.8307387394039151,share,1,True,0.5011689778913109,48,15.950162449300686
b0-5_attn,SpecRes Q700,120,0.004468098379826794,0.004464152749278583,-3.945630548211436e-06,-5.928685034935673e-06,-2.438047279914222e-06,-0.08830670707757307,-0.005967140135025116,-0.008966195386925939,-0.003687159656055403,0.005949084650674542,0.007158048212061455,share,11,True,0.3031542530306569,48,25.667411034986344
b0-5_mlp,SpecRes Q700,120,0.004468098379826794,0.0044170286613128456,-5.1069718513948224e-05,-6.151774966080364e-05,-4.449077835791589e-05,-1.1429855426757176,-0.07723484581372049,-0.09303583509201328,-0.06728524273474382,0.07721679032936991,0.09264919835562352,share,4,True,0.6249461331887873,48,11.078881471356844
b6-11_attn,SpecRes Q700,120,0.004468098379826794,0.00449650041506781,2.8402035241015255e-05,2.4197417587856762e-05,3.161825698043685e-05,0.6356627098733726,0.04295357163632188,0.036594754599594936,0.04781759668629584,0.04293551615197131,-0.051526146478162664,share,7,True,-0.04555837198395023,48,52.58236898106636
b6-11_mlp,SpecRes Q700,120,0.004468098379826794,0.004422262985220489,-4.583539460630467e-05,-5.4044247129543994e-05,-3.699175273747339e-05,-1.0258367365689356,-0.06931876145473767,-0.0817333483643326,-0.05594415638452577,0.0693007059703871,0.08315324012267578,share,5,True,0.2659306772916147,48,27.83353632395293
b12-17_attn,SpecRes Q700,120,0.004468098379826794,0.004440591418339561,-2.750696148723364e-05,-3.2213913436862646e-05,-2.216816380193147e-05,-0.6156301663236866,-0.04159991460869699,-0.048718432561422664,-0.033525830238282026,0.041581859124346414,0.049902329700430154,share,8,True,0.44085279557961604,48,18.627208757562084
b12-17_mlp,SpecRes Q700,120,0.004468098379826794,0.00441079694913545,-5.7301430691344045e-05,-6.435209822181302e-05,-5.092518561771916e-05,-1.282456781839377,-0.08665932167107608,-0.09732233755299927,-0.07701626274179278,0.0866412661867255,0.10395458938614212,share,3,True,0.25852110969789655,48,28.28000774897169
b18-23_attn,SpecRes Q700,120,0.004468098379826794,0.004463786991739956,-4.3113880868380266e-06,-1.254690275042473e-05,3.0064755264902486e-06,-0.09649268481427567,-0.0065202903759710345,-0.018975199542251818,0.004546817184194553,0.006502234891620461,0.00782159490337569,share,10,False,0.6722149901231126,48,9.408886158192042
b18-23_mlp,SpecRes Q700,120,0.004468098379826794,0.004552067082840949,8.396870301415522e-05,6.968977795622777e-05,9.721521152338633e-05,1.879293960788085,0.12698933965545728,0.1053947312000868,0.14702258189863066,0.1269712841711067,-0.15233357942041773,share,2,True,0.591799484112909,48,12.309103601387122
adaln,SpecRes Q700,120,0.004468098379826794,0.004454233290744014,-1.3865089082779983e-05,-1.6283063450828196e-05,-1.1731250682108416e-05,-0.3103129766654212,-0.020968747207986558,-0.02462554976989467,-0.017741655211733393,0.020950691723635985,0.02515364145384949,share,9,True,0.6173926952589444,48,11.354787666226237
head,SpecRes Q700,120,0.004468098379826794,0.00443336046494854,-3.473791487825414e-05,-4.390415233501699e-05,-2.9362557446196057e-05,-0.7774653090695991,-0.05253558424801827,-0.06639806395743103,-0.044406209061717765,0.0525175287636677,0.06302051508541424,share,6,True,0.33770567058773227,48,23.764665509582233
embed,SpecResLog Q700,120,0.8660061648262999,0.7949587450153954,-0.07104741981090455,-0.0729835380327895,-0.06879179837640301,-8.204031645104392,-1.1204775073147264,-1.1510117184781739,-1.0849044620288786,1.120449932595148,0.7892725491457248,share,1,True,-0.010560963438407994,48,49.024674035108234
b0-5_attn,SpecResLog Q700,120,0.8660061648262999,0.8662787837124982,0.0002726188861982721,-0.00012596212023633616,0.0005994022880042077,0.03148001680253084,0.004299428900688575,-0.0019865284745615155,0.00945307772371231,0.004271854181110042,-0.0030285491553058977,share,11,False,0.4308289611406448,48,19.093973219181702
b0-5_mlp,SpecResLog Q700,120,0.8660061648262999,0.8549351684722789,-0.011070996354021097,-0.011718445246662481,-0.010434216408111036,-1.2783969449272539,-0.17459891479887438,-0.18480972784840266,-0.1645563600037768,0.17457134007929584,0.12298875226120623,share,3,True,0.04532291969352761,48,43.8376495831027
b6-11_attn,SpecResLog Q700,120,0.8660061648262999,0.8694402845525714,0.0034341197262715353,0.002238455736043063,0.004542979948419656,0.3965467990589117,0.0541589535686767,0.03530232779784814,0.07164661098086446,0.05413137884909817,-0.03814996290702657,share,7,True,0.3381348099387826,48,23.7416506072298
b6-11_mlp,SpecResLog Q700,120,0.8660061648262999,0.8590544182176062,-0.006951746608693872,-0.007541866173407371,-0.006199888094090187,-0.8027363881512583,-0.1096348851559194,-0.11894156653362015,-0.09777744463888616,0.10960731043634087,0.0772276147601468,share,4,True,-0.3496467797656439,48,99.61209295681847
b12-17_attn,SpecResLog Q700,120,0.8660061648262999,0.8632302143415093,-0.0027759504847907138,-0.0030534000093632675,-0.002536085559833861,-0.3205462729410827,-0.04377907161028266,-0.048154683737030114,-0.03999620019956554,0.04375149689070413,0.03083829815726537,share,9,True,0.34287647651890163,48,23.48833245546003
b12-17_mlp,SpecResLog Q700,120,0.8660061648262999,0.8539731557390193,-0.012033009087280546,-0.012784585627619286,-0.011460105363281325,-1.3894830748340088,-0.1897706639241274,-0.20162365747007635,-0.1807354908199319,0.18974308920454885,0.13367584328169946,share,2,True,0.07174823076749387,48,41.57327592810959
b18-23_attn,SpecResLog Q700,120,0.8660061648262999,0.871067714528372,0.005061549702072027,0.0047037698002917495,0.005477972836383565,0.5844704007490815,0.07982489171910513,0.07418240204698134,0.08639223444264714,0.07979731699952661,-0.05622923741094138,share,6,True,0.30993055733562985,48,25.286327631948595
b18-23_mlp,SpecResLog Q700,120,0.8660061648262999,0.8728357919592667,0.006829627132966742,0.005895206183602468,0.00767860157882179,0.7886349324472306,0.10770895841401237,0.09297235490451172,0.1210979987675871,0.10768138369443384,-0.07587097788066512,share,5,True,0.03567702678446503,48,44.69298972292313
adaln,SpecResLog Q700,120,0.8660061648262999,0.863488349082307,-0.0025178157439930105,-0.0027252335761914497,-0.0023428861067059485,-0.29073877834322626,-0.03970806985272199,-0.04297922334728789,-0.03694928248979522,0.03968049513314345,0.027970654751850614,share,10,True,0.2500253193238993,48,28.798444412248774
head,SpecResLog Q700,120,0.8660061648262999,0.8632169279610356,-0.002789236865264451,-0.0032369366655601137,-0.0024746794167911697,-0.3220804860926024,-0.04398860899410421,-0.05104921102012729,-0.03902777372787366,0.043961034274525676,0.030985897822578157,share,8,True,0.10363046193112047,48,38.98563813834955
embed,SpecDivW1 Q700,120,2.570334765241649,2.4105177785058554,-0.15981698673579398,-0.1656447057321853,-0.15340308135402986,-6.217749878225253,-0.5535419655249745,-0.5737268475808641,-0.5313267688539078,0.5535284598946488,0.809802235320973,share,1,True,0.07979098400330507,48,40.906095181570954
b0-5_attn,SpecDivW1 Q700,120,2.570334765241649,2.570005411124239,-0.00032935411740990056,-0.0011464266685270012,0.0002578690094568446,-0.01281366621436708,-0.00114075061248785,-0.003970762335018768,0.0008931548595563054,0.0011272449821621011,0.0016688570216357897,share,11,False,0.3537432862283848,48,22.914479116245243
b0-5_mlp,SpecDivW1 Q700,120,2.570334765241649,2.5481691603999646,-0.022165604841684245,-0.024433306518635827,-0.020143134140578268,-0.8623625662083885,-0.07677276816262102,-0.0846271775662925,-0.06976774053713057,0.07675926253229527,0.112314446134011,share,3,True,0.629774646851038,48,10.903849182760316
b6-11_attn,SpecDivW1 Q700,120,2.570334765241649,2.58081805501481,0.010483289773161228,0.008867726618313755,0.011713205084164575,0.4078569809242589,0.03630991263648856,0.030714249606985905,0.04056984615536759,0.03629640700616281,-0.05311945660606114,share,6,True,-0.05397495863067271,48,53.477229250765355
b6-11_mlp,SpecDivW1 Q700,120,2.570334765241649,2.556399148960949,-0.013935616280699928,-0.015303768601872648,-0.012411813080890734,-0.5421712560227452,-0.04826738749350223,-0.05300611859128913,-0.04298954415829991,0.04825388186317648,0.07061260160875402,share,5,True,-0.2851774457482148,48,86.29906405301459
b12-17_attn,SpecDivW1 Q700,120,2.570334765241649,2.562315858448578,-0.008018906793071037,-0.008970176921753519,-0.007074581855497858,-0.3119790815387093,-0.027774278055537636,-0.031069096381993806,-0.024503515086500675,0.027760772425211886,0.040632280575998804,share,8,True,0.4248361283196848,48,19.376169155124664
b12-17_mlp,SpecDivW1 Q700,120,2.570334765241649,2.545129008655588,-0.02520575658606076,-0.027087821120943947,-0.02336738580275188,-0.9806410015891861,-0.08730263489611419,-0.09382135185582242,-0.08093525557342188,0.08728912926578844,0.1277190769470112,share,2,True,0.10690009800950943,48,38.72869410042754
b18-23_attn,SpecDivW1 Q700,120,2.570334765241649,2.574933408170201,0.004598642928551573,0.0027868403001067754,0.006178091212567674,0.17891221761221573,0.01592785533884579,0.009652497452448922,0.02139843093557306,0.01591434970852004,-0.02330159890412946,share,10,True,0.6498757923913139,48,10.186198283968114
b18-23_mlp,SpecDivW1 Q700,120,2.570334765241649,2.5901931400213436,0.019858374779694914,0.01761198157088413,0.022000464840635742,0.7725987699438028,0.06878144828156708,0.061000842868184094,0.0762007894097097,0.06876794265124134,-0.10062357334407718,share,4,True,0.32395352451831694,48,24.51009814330672
adaln,SpecDivW1 Q700,120,2.570334765241649,2.5650175890670406,-0.005317176174608492,-0.0057370089988241875,-0.004908865325947295,-0.20686706831001442,-0.018416566416692096,-0.01987069899330267,-0.01700234134381711,0.018403060786366346,0.026942449859298962,share,9,True,0.44308399134772036,48,18.524194416670085
head,SpecDivW1 Q700,120,2.570334765241649,2.561141362298814,-0.009193402942834947,-0.010440916669399225,-0.008329135810222864,-0.3576733687438816,-0.03184226181947016,-0.036163149193998004,-0.02884878698869,0.03182875618914441,0.046583522849306364,share,7,True,0.11774344422487705,48,37.887329955733485
embed,|RQE| Q700,120,0.2333465547611316,0.21327179996296763,-0.02007475479816397,-0.02148650350281969,-0.01885169792221859,-8.602978869224687,-0.5500240645107508,-0.5887042759708452,-0.5165137815310142,0.5499558132859075,0.7705438727098015,share,1,True,0.1778332921580464,48,33.50559220830577
b0-5_attn,|RQE| Q700,120,0.2333465547611316,0.23324484874804816,-0.00010170601308345795,-0.00032120979546258847,7.292442023754116e-05,-0.04358582160665311,-0.002786622066560109,-0.00880076090778246,0.0019980411429389366,0.002718370841716761,0.0039038556628531785,share,11,False,-0.007667232971279377,48,48.741741469896986
b0-5_mlp,|RQE| Q700,120,0.2333465547611316,0.23117207239071527,-0.002174482370416323,-0.002490559383295477,-0.0017324392839024468,-0.9318682132000028,-0.059578193786593375,-0.06823832264346535,-0.04746674646991299,0.05950994256175003,0.08346473387525642,share,5,True,-0.11576761084673226,48,60.5687441193244
b6-11_attn,|RQE| Q700,120,0.2333465547611316,0.23394379438832402,0.0005972396271924177,4.753263977666696e-05,0.0011185683620472747,0.2559453375276058,0.016363645311638045,0.0013023369894051646,0.030647423747494275,0.016295394086794694,-0.022924281760825956,share,10,True,0.21235793774269848,48,31.184535368113618
b6-11_mlp,|RQE| Q700,120,0.2333465547611316,0.23090306281422576,-0.0024434919469058514,-0.003046987865430613,-0.0020047785985904437,-1.0471514993684674,-0.06694873166567215,-0.08348379181260841,-0.05492851515883687,0.06688048044082881,0.09379032354986719,share,3,True,0.0540259188333199,48,43.07935420246636
b12-17_attn,|RQE| Q700,120,0.2333465547611316,0.23232949214677015,-0.0010170626143614452,-0.0013738367861757677,-0.0007739065447822215,-0.4358592803748807,-0.027866288711241236,-0.03764147062836822,-0.02120410573341201,0.02779803748639789,0.03903865195554466,share,8,True,0.056991391827953465,48,42.823823866699875
b12-17_mlp,|RQE| Q700,120,0.2333465547611316,0.23122515187909207,-0.002121402882039547,-0.002695785905234516,-0.0014442254944394039,-0.9091211499613311,-0.05812387983692482,-0.0738612817718448,-0.039570036322150316,0.058055628612081474,0.08142734537679085,share,6,True,0.09951316912195787,48,39.3113689731093
b18-23_attn,|RQE| Q700,120,0.2333465547611316,0.23768119141459465,0.004334636653463046,0.004009788879193366,0.004862641263753175,1.8575961654545343,0.1187638152637898,0.10986337812532862,0.1332305046332038,0.11869556403894645,-0.16637950238150592,share,2,True,0.3577542749193813,48,22.704988209814434
b18-23_mlp,|RQE| Q700,120,0.2333465547611316,0.23214582540094852,-0.00120072936018308,-0.002390369004569948,-0.0004097415211920938,-0.5145691400553237,-0.03289853598240182,-0.06549322712994372,-0.01122642339350045,0.032830284757558476,0.04608846586541881,share,7,True,0.015126556944634136,48,46.56948923584896
adaln,|RQE| Q700,120,0.2333465547611316,0.2324501477802793,-0.000896406980852286,-0.0009607352393989761,-0.0008050968249638876,-0.384152653022842,-0.024560469904682417,-0.02632298658717684,-0.022058681784339323,0.02449221867983907,0.03440743926860788,share,9,True,-0.19135158674688138,48,70.71661209820567
head,|RQE| Q700,120,0.2333465547611316,0.2309362256589035,-0.002410329102228085,-0.002781464504854133,-0.0019025256275199353,-1.0329396569387757,-0.0660401097271331,-0.07620877204398904,-0.05212690710324831,0.06597185850228976,0.0925174100311219,share,4,True,0.16948841507400006,48,34.08717483868837
embed,Vag/Vg 850hPa,120,0.2852677746365468,0.28969916701316833,0.004431392376621564,0.004273072040329377,0.004616004756341377,1.5534149913243795,0.5678827369546031,0.5475939928651609,0.591540805245752,0.5678612358609504,0.6002322698343929,share,1,True,0.014214506090770325,48,46.654532570261004
b0-5_attn,Vag/Vg 850hPa,120,0.2852677746365468,0.2853320278227329,6.425318618615468e-05,4.5095182334383324e-05,8.595902472734447e-05,0.0225238151305447,0.008234042966257347,0.005778945620482443,0.011015645214727846,0.008212541872604544,0.008703096568941237,share,9,True,-0.0974491438461514,48,58.365197423995205
b0-5_mlp,Vag/Vg 850hPa,120,0.2852677746365468,0.285378551731507,0.00011077709496021271,6.290095237394174e-05,0.00015866314060986042,0.038832670497518096,0.0141960798167564,0.008060754263064811,0.020332674447581467,0.014174578723103598,0.015004761822585703,share,6,True,0.1270395181207402,48,37.178912058091186
b6-11_attn,Vag/Vg 850hPa,120,0.2852677746365468,0.28539834792415303,0.00013057328760623932,9.504753785828749e-05,0.00017466121353209012,0.04577218291571832,0.016732961028272333,0.012180337770249777,0.022382826784577054,0.01671145993461953,0.01768615688673987,share,5,True,0.13120028164862052,48,36.86560829006232
b6-11_mlp,Vag/Vg 850hPa,120,0.2852677746365468,0.28533501488467056,6.724024812380473e-05,1.6913174962004024e-05,0.00010868857304255156,0.023570923217483646,0.008616834821376002,0.0021674226228952016,0.013928435825434805,0.008595333727723198,0.0091076942246195,share,8,True,-0.17877366685228624,48,68.89834595541703
b12-17_attn,Vag/Vg 850hPa,120,0.2852677746365468,0.2852202107508977,-4.756388564904531e-05,-6.43782007197539e-05,-2.9409133518735594e-05,-0.016673417006055236,-0.006095309841004925,-0.00825006357320562,-0.0037687791589368367,0.006073808747352121,-0.006442530161825943,share,11,True,0.037095247099976185,48,44.5662327239897
b12-17_mlp,Vag/Vg 850hPa,120,0.2852677746365468,0.28532911526660126,6.134063005447388e-05,1.6148978223403308e-06,0.00011221406360467275,0.0215028248923758,0.007860799026876428,0.00020694908446627328,0.014380227284951499,0.007839297933223625,0.008308590727580454,share,10,True,0.23580501869607928,48,29.682157417754603
b18-23_attn,Vag/Vg 850hPa,120,0.2852677746365468,0.2849889292071263,-0.0002788454294204712,-0.000310085682819287,-0.0002443887138118347,-0.09774866080676019,-0.035734029440043384,-0.03973746653057704,-0.03131840285966442,0.03571252834639058,-0.037769624264596874,share,4,True,0.3698805174433993,48,22.079104547865455
b18-23_mlp,Vag/Vg 850hPa,120,0.2852677746365468,0.28764301476379234,0.002375240127245585,0.002269887179136276,0.00245875152759254,0.8326352775990294,0.30438691719124505,0.2908859415533886,0.31508889944994456,0.30436541609759227,0.32172636765360907,share,2,True,0.20869519538970915,48,31.4244904473601
adaln,Vag/Vg 850hPa,120,0.2852677746365468,0.2853550792982181,8.73046616713206e-05,7.918837169806163e-05,9.734442767997583e-05,0.03060445989125603,0.011188088529547776,0.010147986328657719,0.012474684099251222,0.011166587435894973,0.011825419820316593,share,7,True,0.19946672787566896,48,32.03556728082157
head,Vag/Vg 850hPa,120,0.2852677746365468,0.28586946117381257,0.0006016865372657776,0.0005516177819420894,0.0006528190337121486,0.21091991131223034,0.07710610312321872,0.07068979434426029,0.08365873027997353,0.07708460202956591,0.08149846488366509,share,3,True,0.16304940468099538,48,34.541635474488864
embed,|Vag| 850hPa,120,2.567225699623426,2.630281994740168,0.06305629511674245,0.06150786665578683,0.06483580060303211,2.456203797196011,0.49525951129009455,0.48309777674129556,0.5092361811189544,0.49524048251074515,0.6423636516577462,share,1,True,-0.07827516627015428,48,56.15255886241778
b0-5_attn,|Vag| 850hPa,120,2.567225699623426,2.5672592322031655,3.353257973988851e-05,-0.0003016108026107152,0.00041457352538903534,0.0013061796531877677,0.00026337305456222086,-0.002368924758808647,0.0032561615172260437,0.00024434427521281637,0.0003416012680627679,share,11,False,0.12361105025844456,48,37.43881797702043
b0-5_mlp,|Vag| 850hPa,120,2.567225699623426,2.573881541689237,0.006655842065811157,0.006254847844441732,0.007108573988080024,0.2592620534605692,0.05227660589057426,0.04912709953695972,0.05583247275768378,0.052257577111224855,0.06780403140298813,share,4,True,-0.07957038327368345,48,56.29912103593787
b6-11_attn,|Vag| 850hPa,120,2.567225699623426,2.5677709033091864,0.000545203685760498,-5.137572685877482e-05,0.0013542746504147836,0.021237076500148444,0.004282162636789751,-0.000403517481151447,0.010636803197447978,0.004263133857440347,0.005554069261982174,share,9,False,0.4342013653485151,48,18.93620736908985
b6-11_mlp,|Vag| 850hPa,120,2.567225699623426,2.5690139333407083,0.001788233717282613,0.0011497035622596741,0.002421521892150243,0.0696562720428095,0.014045223482511656,0.009030052008590366,0.01901922316660444,0.014026194703162251,0.018216997026616742,share,7,True,-0.04533153930255744,48,52.55847024616928
b12-17_attn,|Vag| 850hPa,120,2.567225699623426,2.567154218753179,-7.148087024688721e-05,-0.00027697173257668816,0.0001454133540391922,-0.0027843625224448477,-0.0005614281777817983,-0.0021754034971946798,0.0011421119259095525,0.0005423993984323938,-0.0007281860240988436,share,10,False,0.263241917096296,48,27.99494499095377
b12-17_mlp,|Vag| 850hPa,120,2.567225699623426,2.5708237886428833,0.003598089019457499,0.0031003158539533613,0.004010393594702085,0.14015476005811586,0.02826026816284724,0.024350636392942545,0.031498608792601204,0.028241239383497835,0.03665425628399593,share,5,True,0.23316543321831953,48,29.848435752418766
b18-23_attn,|Vag| 850hPa,120,2.567225699623426,2.564312825600306,-0.0029128740231196084,-0.0033078243335088096,-0.002526672184467316,-0.11346388529636812,-0.022878422566199708,-0.02598045856982294,-0.019845099191964786,0.022859393786850302,-0.02967387143259688,share,6,True,0.3545476949551417,48,22.872365999027604
b18-23_mlp,|Vag| 850hPa,120,2.567225699623426,2.588553617397944,0.02132791777451833,0.02018679827451706,0.022294679408272105,0.8307768879708091,0.1675146647021871,0.15855203401086745,0.17510784621373107,0.1674956359228377,0.21727060111176916,share,2,True,0.30684068758198735,48,25.45960445846406
adaln,|Vag| 850hPa,120,2.567225699623426,2.568208411335945,0.0009827117125193279,0.0008509391297896703,0.00113820880651474,0.038279131930763904,0.007718457317866561,0.0066834833346457205,0.008939769395219324,0.007699428538517156,0.010011027178365632,share,8,True,0.4646903584708321,48,17.542863339543
head,|Vag| 850hPa,120,2.567225699623426,2.575536221265793,0.008310521642367045,0.00782503088315328,0.008853401740392048,0.32371605050487284,0.06527286259911627,0.06145969984194972,0.06953677521147643,0.06525383381976686,0.08466049296883288,share,3,True,0.11347249997349979,48,38.216767816254794
embed,Vag/Vg 500hPa,120,0.1675231410190463,0.17204723041504622,0.0045240893959999084,0.0043886011000722645,0.0047002885413045675,2.7005757941737425,0.6717146946280238,0.6515980542704798,0.697875883040146,0.6716340484125796,0.5610329215422605,share,1,True,0.06854085055563879,48,41.842143096429325
b0-5_attn,Vag/Vg 500hPa,120,0.1675231410190463,0.16748445822546879,-3.868279357751211e-05,-5.809310047576825e-05,-1.164859471221768e-05,-0.023091014973933732,-0.0057434322359438085,-0.008625379790368,-0.0017295264427977873,0.005662786020499501,-0.004797058323691941,share,9,True,0.16544102538209007,48,34.372250426422376
b0-5_mlp,Vag/Vg 500hPa,120,0.1675231410190463,0.16783104495455822,0.0003079039355119069,0.00025709929565588633,0.00037574664068718743,0.18379785242738508,0.045716072321651244,0.03817284756204609,0.055789025793756664,0.04563542610620693,0.03818320757484174,share,4,True,0.39529120081870855,48,20.80284197568975
b6-11_attn,Vag/Vg 500hPa,120,0.1675231410190463,0.16755105865498385,2.7917635937531788e-05,-1.6102738057573637e-05,7.455853434900442e-05,0.016664942985015863,0.004145074214292977,-0.002390855889492762,0.011070086982904424,0.004064427998848669,0.0034620697076488496,share,11,False,0.21819024762071348,48,30.805424840250268
b6-11_mlp,Vag/Vg 500hPa,120,0.1675231410190463,0.16767344313363233,0.0001503021145860354,0.00011035692101965347,0.0001916890808691581,0.08972021039705017,0.0223161237906509,0.016385256570824618,0.02846105838080917,0.022235477575206594,0.01863898501535816,share,5,True,0.17190607673080857,48,33.917827636669536
b12-17_attn,Vag/Vg 500hPa,120,0.1675231410190463,0.16749335452914238,-2.978648990392685e-05,-4.75300553565224e-05,-1.4448732448120916e-05,-0.017780522573021908,-0.004422552522403194,-0.007057030448533639,-0.0021452772159482225,0.004341906306958887,-0.0036938265340346215,share,10,True,0.2611145822958579,48,28.123138490106186
b12-17_mlp,Vag/Vg 500hPa,120,0.1675231410190463,0.16743171587586403,-9.142514318227768e-05,-0.00011844098723183075,-6.513738383849465e-05,-0.054574635257037846,-0.013574358673881574,-0.017585539233644372,-0.00967128057474479,0.013493712458437267,-0.011337644041102357,share,6,True,-0.04387044288018368,48,52.404803182932945
b18-23_attn,Vag/Vg 500hPa,120,0.1675231410190463,0.167568768064181,4.5627045134703316e-05,9.162072092294692e-06,7.641747749100124e-05,0.02723626411082861,0.006774480786461656,0.00136033971014745,0.01134609378021955,0.006693834571017349,0.005658215873430035,share,8,True,0.33114564292538917,48,24.1183294331534
b18-23_mlp,Vag/Vg 500hPa,120,0.1675231410190463,0.16943901808311543,0.001915877064069112,0.0018381058471277356,0.0020098854477206864,1.143649201187846,0.2844600679584017,0.27291297755722266,0.2984179735587694,0.2843794217429574,0.23758816691838072,share,2,True,0.3213065101671387,48,24.65535987396027
adaln,Vag/Vg 500hPa,120,0.1675231410190463,0.1675790095080932,5.586848904689153e-05,5.070523669322332e-05,6.222704735894997e-05,0.03334971437799131,0.008295080352002531,0.007528465863549187,0.009239168030427996,0.008214434136558224,0.006928258681148742,share,7,True,0.05518006041504556,48,42.979732845064625
head,Vag/Vg 500hPa,120,0.1675231410190463,0.1687492554386457,0.001226114419599374,0.001162111146065096,0.0012855879263952374,0.7319074917894315,0.18204747980188385,0.17254458638530284,0.19087781557976727,0.18196683358643953,0.15205061057837324,share,3,True,-0.08566649027975201,48,56.99451127999501
embed,|Vag| 500hPa,120,2.585757330060005,2.6710343112548194,0.08527698119481404,0.0821166438361009,0.0891984370847543,3.2979498966685745,0.6120537715892456,0.5893712566503561,0.6401990205641795,0.6119882876816364,0.5916063762083797,share,1,True,0.2926861693510341,48,26.263964662200095
b0-5_attn,|Vag| 500hPa,120,2.585757330060005,2.5847155501445136,-0.00104177991549174,-0.0013595824440320332,-0.0005991506079832714,-0.04028916029284018,-0.007477109502574898,-0.00975805605448584,-0.0043002505978536176,0.00741162559496576,-0.007227315413555246,share,6,True,0.10479263326454905,48,38.89413479915216
b0-5_mlp,|Vag| 500hPa,120,2.585757330060005,2.5948283722003302,0.009071042140324911,0.008283280332883199,0.01010963556667169,0.35080794453802855,0.06510509021827894,0.05945113086602196,0.07255932950814255,0.0650396063106698,0.06293006968447282,share,4,True,0.2677753762758566,48,27.723193395666062
b6-11_attn,|Vag| 500hPa,120,2.585757330060005,2.5858900348345437,0.00013270477453867593,-0.0006386746962865193,0.0011140971134106302,0.005132143414850008,0.000952454655714718,-0.004583924655913501,0.007996147736772081,0.0008869707481055796,0.0009206352015560151,share,10,False,0.2773670552555436,48,27.15459210022817
b6-11_mlp,|Vag| 500hPa,120,2.585757330060005,2.5882525543371835,0.0024952242771784463,0.001813420404990514,0.003272997339566548,0.09649877999651817,0.01790883551939092,0.013015362209126118,0.02349110320294847,0.01784335161178178,0.01731053998119819,share,5,True,0.13980116965548275,48,36.22521625330236
b12-17_attn,|Vag| 500hPa,120,2.585757330060005,2.5854765077432,-0.00028082231680552167,-0.0005399316549301148,-1.1281544963518962e-05,-0.010860350797072087,-0.0020155305187761732,-0.0038752216737767986,-8.097041015677214e-05,0.0019500466111670345,-0.0019481959946989718,share,9,True,0.20788669764663453,48,31.47765314995187
b12-17_mlp,|Vag| 500hPa,120,2.585757330060005,2.58621354897817,0.0004562189181645711,1.5107790629069012e-05,0.0008717635025580723,0.017643531852773828,0.003274394867415546,0.00010843231204184178,0.0062568600834449675,0.0032089109598064072,0.0031650044027292895,share,8,True,-0.2137500750700402,48,74.09858081519285
b18-23_attn,|Vag| 500hPa,120,2.585757330060005,2.5858530402183533,9.57101583480835e-05,-0.0005067231754461925,0.0005852936456600821,0.0037014362189147286,0.0006869352382740167,-0.0036368762864037894,0.004200795786791499,0.0006214513306648782,0.0006639862147240654,share,11,False,0.3365047664493007,48,23.829148993642356
b18-23_mlp,|Vag| 500hPa,120,2.585757330060005,2.6142259538173676,0.028468623757362366,0.027668871730566022,0.029370157668987908,1.1009781709369348,0.2043262824095896,0.1985862663175728,0.21079681200731853,0.20426079850198048,0.19750018235585906,share,2,True,0.06736096508252712,48,41.94145667728948
adaln,|Vag| 500hPa,120,2.585757330060005,2.5866659929354987,0.0009086628754933675,0.0008042833457390467,0.0010411246369282404,0.03514107317535018,0.006521695916724898,0.005772538477428383,0.00747240640789903,0.00645621200911576,0.006303820133332871,share,7,True,0.15275946030205184,48,35.27843171622777
head,|Vag| 500hPa,120,2.585757330060005,2.605360900362333,0.019603570302327473,0.018683515861630442,0.02041482577721278,0.7581365070276163,0.1406996234158922,0.1340961674468118,0.14652220257112353,0.14063413950828307,0.13599915269997215,share,3,True,-0.064558929278036,48,54.62538497043771
embed,Vag/Vg 250hPa,120,0.20738201619436344,0.21116950766493878,0.0037874914705753326,0.0036358297802507877,0.0039710382775713995,1.8263355425311345,0.312084372613633,0.29958764652403763,0.3272083908593828,0.31202050945113036,0.4431576981779875,share,1,True,0.16519602622186247,48,34.389570372359685
b0-5_attn,Vag/Vg 250hPa,120,0.20738201619436344,0.20746245762954155,8.044143517812093e-05,5.8349082246422766e-05,0.00010667943861335515,0.038789012014778204,0.0066282696673348905,0.004807888510621513,0.00879024703529331,0.006564406504832279,0.009412098094112612,share,9,True,0.15465525231225818,48,35.14169948801162
b0-5_mlp,Vag/Vg 250hPa,120,0.20738201619436344,0.20801938573519388,0.0006373695408304533,0.0005882920697331429,0.0006943422059218087,0.30734079672226505,0.05251842144555267,0.048474501638509186,0.05721289497223797,0.05245455828305005,0.07457580321897823,share,4,True,0.32014349556566846,48,24.71936749486839
b6-11_attn,Vag/Vg 250hPa,120,0.20738201619436344,0.20750320485482612,0.00012118866046269734,6.560140755027533e-05,0.00016018757596611974,0.05843740102763607,0.009985788050538458,0.005405470686060444,0.013199247980957484,0.009921924888035847,0.014179751488064623,share,8,True,0.017210703172617577,48,46.375727369542915
b6-11_mlp,Vag/Vg 250hPa,120,0.20738201619436344,0.20745880405108133,7.67878567179044e-05,4.486447821060816e-05,0.00010543539344022667,0.037027249578833764,0.0063272195526588165,0.0036967746709852733,0.008687739330556526,0.006263356390156205,0.008984608967570425,share,10,True,-0.25707919784664884,48,81.21969572226895
b12-17_attn,Vag/Vg 250hPa,120,0.20738201619436344,0.2075189451376597,0.00013692894329627356,0.00010154798316458861,0.0001630858906234304,0.0660273951469063,0.011282766890237753,0.008367421778321879,0.013438065340281148,0.011218903727735142,0.01602145266769488,share,7,True,0.19018880473085945,48,32.65947152116654
b12-17_mlp,Vag/Vg 250hPa,120,0.20738201619436344,0.20758864004164934,0.00020662384728590646,0.00017263983221103748,0.00023855982193102439,0.09963440951999115,0.017025536360466546,0.014225297704900237,0.01965701914751888,0.016961673197963933,0.024176146471425058,share,6,True,0.06481037436982215,48,42.15689770755181
b18-23_attn,Vag/Vg 250hPa,120,0.20738201619436344,0.2078347454468409,0.0004527292524774869,0.0003485061693936586,0.0005494288013627132,0.21830690085160426,0.03730430175775767,0.028716455224301517,0.04527221885547802,0.037240438595255054,0.05297185617035531,share,5,True,0.6416773764256115,48,10.476775874818179
b18-23_mlp,Vag/Vg 250hPa,120,0.20738201619436344,0.21029881170640388,0.0029167955120404563,0.0028372789422671,0.0030147233667472996,1.4064843063859334,0.2403401577242709,0.23378809576376264,0.24840928562462805,0.24027629456176827,0.3412813983117387,share,2,True,0.2795707771691009,48,27.025158211559546
adaln,Vag/Vg 250hPa,120,0.20738201619436344,0.20736255900313458,-1.9457191228866577e-05,-3.135985850046078e-05,-6.125199918945631e-06,-0.00938229436955171,-0.0016032472586827787,-0.0025840115658087386,-0.0005047085092304769,0.0015393840961801667,-0.002276600262992444,share,11,True,0.35525540253679433,48,22.835356804558955
head,Vag/Vg 250hPa,120,0.20738201619436344,0.20834949302176634,0.0009674768274029096,0.0008908870862796902,0.0010534116687874,0.46651915395410515,0.07971883264793209,0.073407937562682,0.08679975184405027,0.07965496948542947,0.11320020314323977,share,3,True,0.30307040975240285,48,25.67215100697514
embed,|Vag| 250hPa,120,5.324753324190776,5.443457454442978,0.11870413025220235,0.11483728860815366,0.12303000514705975,2.2292888144305216,0.3109262660291822,0.3007976998945772,0.3222571955049276,0.31087124634753144,0.48160197787665227,share,1,True,0.08594418749837249,48,40.40233329223826
b0-5_attn,|Vag| 250hPa,120,5.324753324190776,5.32576917608579,0.001015851895014445,0.0005313351750373841,0.001642544319232305,0.01907791465943313,0.00266085970121204,0.001391746535131794,0.004302379124309117,0.0026058400195612358,0.0041214764880485285,share,10,True,0.038388716826986,48,44.45092752293003
b0-5_mlp,|Vag| 250hPa,120,5.324753324190776,5.347416440645854,0.022663116455078125,0.021418211360772453,0.024367334196964897,0.42561814745704357,0.05936236726549135,0.05610153976344251,0.0638262899433268,0.05930734758384055,0.0919479523284071,share,4,True,0.3246533847779254,48,24.47178854723128
b6-11_attn,|Vag| 250hPa,120,5.324753324190776,5.327160785595576,0.002407461404800415,0.001066228002309799,0.0035845247407754258,0.04521263724768483,0.006305955686744731,0.002792811764759882,0.009389082677835867,0.0062509360050939265,0.009767462781204045,share,8,True,-0.1387481214443895,48,63.46564946946742
b6-11_mlp,|Vag| 250hPa,120,5.324753324190776,5.326088686784108,0.0013353625933329265,0.00039331441124280296,0.002197370926539103,0.025078393533579643,0.0034977662871368276,0.0010302234724551384,0.005755657665982619,0.0034427466054860233,0.0054177833978081074,share,9,True,-0.2157592351196788,48,74.41138729207739
b12-17_attn,|Vag| 250hPa,120,5.324753324190776,5.328898847103119,0.004145522912343343,0.0032439743479092914,0.004849796990553538,0.07785380204393515,0.01085852663369666,0.008497066015705665,0.012703258648781513,0.010803506952045855,0.016819061221170037,share,7,True,0.18913376321156986,48,32.731035456201866
b12-17_mlp,|Vag| 250hPa,120,5.324753324190776,5.332786013682683,0.008032689491907755,0.006980107227961223,0.009021612753470739,0.1508556172060518,0.02104033064885195,0.01828326168821765,0.02363065515107351,0.02098531096720115,0.032589928747656205,share,6,True,0.08708031432489913,48,40.30994245316467
b18-23_attn,|Vag| 250hPa,120,5.324753324190776,5.335608541965485,0.010855217774709066,0.008430831879377366,0.013018227368593215,0.20386329870705847,0.028433486875754928,0.02208320022399526,0.03409914058959627,0.028378467194104123,0.04404138541324836,share,5,True,0.5923473157789979,48,12.288354838614776
b18-23_mlp,|Vag| 250hPa,120,5.324753324190776,5.397242705027263,0.07248938083648682,0.07080352604389191,0.07410388266046841,1.3613659905551272,0.189874206250191,0.1854583823473895,0.19410313259471967,0.18981918656854016,0.2941012171331606,share,2,True,0.14896831164997903,48,35.553218158069946
adaln,|Vag| 250hPa,120,5.324753324190776,5.32430483897527,-0.0004484852155049642,-0.0008136081198851267,-6.001591682434085e-05,-0.008422647739707684,-0.001174734469053274,-0.002131114849916625,-0.0001572019851446076,0.0011197147874024696,-0.0018195775191370818,share,11,True,0.3967253830780367,48,20.732194003977927
head,|Vag| 250hPa,120,5.324753324190776,5.34990131855011,0.02514799435933431,0.02347942516207695,0.027031796673933663,0.4722846830309486,0.06587110294863294,0.06150055586646925,0.07080541836268855,0.06581608326698213,0.10202950644896867,share,3,True,0.25780135779925034,48,28.323657471613213
embed,div/vort 850hPa,120,0.25756708936144906,0.26482782574991387,0.0072607363884647684,0.007047362687687079,0.007493036628390352,2.8189689942396448,0.8145346013684649,0.7905975992509402,0.840594848318925,0.8145236181805299,0.7088467034755244,share,1,True,-0.07573785507802702,48,55.86663624323205
b0-5_attn,div/vort 850hPa,120,0.25756708936144906,0.2575956865524252,2.8597190976142883e-05,7.19886738806963e-06,6.036704095701374e-05,0.01110281249325758,0.003208132110265971,0.0008075939222310179,0.00677218411617776,0.0031971489223309763,0.002791868960330766,share,10,True,0.07224190306534505,48,41.53203537891349
b0-5_mlp,div/vort 850hPa,120,0.25756708936144906,0.2579744864876072,0.0004073971261580785,0.00037007252685725687,0.0004502973053604363,0.15817126604492932,0.04570322319937492,0.04151602014087623,0.05051591415738074,0.04569224001143992,0.0397731158979065,share,4,True,0.09310796313287045,48,39.82298111237062
b6-11_attn,div/vort 850hPa,120,0.25756708936144906,0.2575257495045662,-4.133985688289007e-05,-0.00010555690775314967,7.159674229721226e-06,-0.016050131631870492,-0.004637648586199962,-0.011841740173213947,0.0008031970977350334,0.0046266653982649664,-0.00403590210493548,share,9,False,-0.11464672362427643,48,60.431292413560584
b6-11_mlp,div/vort 850hPa,120,0.25756708936144906,0.25786958417544764,0.0003024948139985402,0.00024233723524957895,0.00034444889364143214,0.11744311540285458,0.033934917831168754,0.0271862319122825,0.03864147205781648,0.03392393464323376,0.02953177752906207,share,5,True,-0.04243394301349624,48,52.25418016811874
b12-17_attn,div/vort 850hPa,120,0.25756708936144906,0.2575939691935976,2.687983214855194e-05,2.8062999869386356e-06,4.273268859833477e-05,0.01043605074514428,0.003015472838093417,0.000314820469837318,0.004793901280887448,0.003004489650158422,0.0026242077096680317,share,11,True,-0.0312504291188702,48,51.09681808961509
b12-17_mlp,div/vort 850hPa,120,0.25756708936144906,0.2578461787973841,0.00027908943593502045,0.00023601880141844352,0.0003305475848416487,0.1083560157576532,0.031309221307998555,0.026477408081397612,0.037081975001881394,0.03129823812006356,0.027246771684436944,share,6,True,0.28670313166941336,48,26.609284486194007
b18-23_attn,div/vort 850hPa,120,0.25756708936144906,0.25751074745009345,-5.6341911355654396e-05,-7.728726292649905e-05,-4.2884199259181825e-05,-0.02187465467553918,-0.006320631111098494,-0.008670353326517978,-0.004810898272533115,0.0063096479231634995,-0.005500513445911014,share,7,True,-0.2987778362181253,48,88.90383013886336
b18-23_mlp,div/vort 850hPa,120,0.25756708936144906,0.2590914952258269,0.0015244058643778164,0.0014432525495067239,0.001598457891183595,0.5918480766145503,0.17101313925091827,0.16190907880282482,0.17932055256378823,0.17100215606298327,0.14882375752405624,share,2,True,-0.10812894655831287,48,59.638878545884694
adaln,div/vort 850hPa,120,0.25756708936144906,0.2576141009728114,4.701161136229833e-05,3.8597872480750085e-05,5.6124012917280194e-05,0.018252181006062462,0.005273925683559428,0.004330043261827638,0.006296186508217454,0.005262942495624433,0.004589620660540716,share,8,True,0.027849778478939553,48,45.39886237273439
head,div/vort 850hPa,120,0.25756708936144906,0.2580339039365451,0.0004668145750959714,0.0004381143410379688,0.0004904305096715689,0.18123999314247835,0.05236887878795235,0.049149186947224366,0.05501819627123663,0.05235789560001736,0.04557388603404088,share,3,True,-0.039842839097259095,48,51.983631752265104
embed,div/vort 500hPa,120,0.19044145289808512,0.19851460494101048,0.008073152042925358,0.007837365373658636,0.008335534816918273,4.239177931101855,1.0246448882844432,0.9947188316333143,1.0579465239672903,1.0246300479593995,0.5942934839019984,share,1,True,-0.02491838923423535,48,50.45329759076057
b0-5_attn,div/vort 500hPa,120,0.19044145289808512,0.19052148020515838,8.002730707327525e-05,6.514235865324735e-05,0.00010091533573965231,0.042021999861606776,0.010157070086108262,0.008267871637984819,0.012808179799581059,0.010142229761064422,0.005891095185002639,share,8,True,-0.06380926194016474,48,54.5432063117295
b0-5_mlp,div/vort 500hPa,120,0.19044145289808512,0.1908404811595877,0.0003990282615025838,0.00035329579841345546,0.00044534030215193825,0.20952804939800793,0.05064468825258204,0.04484032159581926,0.056522614924230274,0.0506298479275382,0.029373891937479114,share,5,True,-0.04239413030390629,48,52.250012074870234
b6-11_attn,div/vort 500hPa,120,0.19044145289808512,0.19042525781939426,-1.619507869084676e-05,-7.13081331923604e-05,3.2019258166352906e-05,-0.008503967200624945,-0.002055480252038884,-0.009050432071657425,0.004063885955865771,0.002040639926995043,-0.0011921774402458537,share,11,False,-0.020802280639441662,48,50.0394440284139
b6-11_mlp,div/vort 500hPa,120,0.19044145289808512,0.1907999257867535,0.0003584728886683782,0.0002925646180907885,0.0004203856689855453,0.18823259495936276,0.04549739816736015,0.037132316947048535,0.05335537155051417,0.04548255784231631,0.026388466457513658,share,6,True,-0.2900379119678458,48,87.21848788586603
b12-17_attn,div/vort 500hPa,120,0.19044145289808512,0.19047268945723772,3.123655915260315e-05,1.2882333248853683e-05,4.902585254361232e-05,0.016402184859049262,0.0039645457552551855,0.0016350264236856382,0.006222363822148033,0.003949705430211344,0.002299434404952036,share,10,True,0.16476286089174508,48,34.42021034779748
b12-17_mlp,div/vort 500hPa,120,0.19044145289808512,0.19097629779328903,0.0005348448952039083,0.0005062285189827283,0.0005795615802829464,0.28084478828783715,0.06788254265271247,0.06425055065499558,0.07355798671020589,0.06786770232766863,0.03937183821484839,share,4,True,-0.12442672905475677,48,61.64245162070926
b18-23_attn,div/vort 500hPa,120,0.19044145289808512,0.19065346972395977,0.00021201682587464651,0.00019193113936732213,0.0002315781700114409,0.11132913693328494,0.02690918685882081,0.024359910455009123,0.02939191370097209,0.026894346533776974,0.01560731389981726,share,7,True,-0.14122150974633596,48,63.786684330721585
b18-23_mlp,div/vort 500hPa,120,0.19044145289808512,0.1936571759482225,0.003215723050137361,0.0030728561726088323,0.003350904102747639,1.6885625483325093,0.40813974119924423,0.390007069476178,0.4252969276133676,0.4081249008742004,0.23672083029884322,share,2,True,0.2777890381207302,48,27.129772705820915
adaln,div/vort 500hPa,120,0.19044145289808512,0.19048505990455547,4.360700647036234e-05,3.651507819692294e-05,5.0227064639329905e-05,0.02289785433095738,0.0055346035892385745,0.0046344956741612734,0.006374821725464874,0.005519763264194733,0.003210067103903822,share,9,True,-0.16992425810007644,48,67.65209673549772
head,div/vort 500hPa,120,0.19044145289808512,0.19154911612470946,0.0011076632266243298,0.0010515703664471705,0.0011710060915599268,0.5816292670362564,0.14058467585728907,0.1334653670490093,0.14862415565656123,0.1405698355322452,0.08153903635663115,share,3,True,0.05624588734158526,48,42.88792784946865
embed,div/vort 250hPa,120,0.23001563331733146,0.2348022721707821,0.004786638853450616,0.004554645352376004,0.005003694452655812,2.0810058796512014,0.5230009397356497,0.4976527104688608,0.5467170139653499,0.5229807992893617,0.4487822709434926,share,1,True,0.16080637986262347,48,34.70113058076162
b0-5_attn,div/vort 250hPa,120,0.23001563331733146,0.2300813797240456,6.57464067141215e-05,4.935134202241898e-05,8.655457446972529e-05,0.028583451379331777,0.007183627916892003,0.005392259379738659,0.009457183876208352,0.007163487470604067,0.006164204698724583,share,8,True,-0.135244461019201,48,63.014033067825864
b0-5_mlp,div/vort 250hPa,120,0.23001563331733146,0.23013757510731617,0.00012194178998470306,5.452932479480902e-05,0.00017369166016578674,0.053014566108413666,0.013323685514538455,0.0059580196008054255,0.018978014484102083,0.01330354506825052,0.011432931354910728,share,7,True,0.2947843473527549,48,26.14362105649202
b6-11_attn,div/vort 250hPa,120,0.23001563331733146,0.23005464393645525,3.9010619123776756e-05,-2.4727343892057736e-05,9.76005181049307e-05,0.016959985963196415,0.004262404389814542,-0.0027017756067788533,0.0106640931664956,0.0042422639435266045,0.0036575297985264633,share,9,False,0.012881253526772515,48,46.77912604832559
b6-11_mlp,div/vort 250hPa,120,0.23001563331733146,0.23028434968243042,0.00026871636509895325,0.00022373435397942862,0.0003307859413325786,0.11682526149352203,0.02936066742695411,0.024445812806210884,0.036142555029729476,0.029340526980666175,0.025194117262858404,share,4,True,-0.10382500186731405,48,59.121935113153455
b12-17_attn,div/vort 250hPa,120,0.23001563331733146,0.2300285156816244,1.2882364292939505e-05,-5.989645918210347e-06,3.6082960044344245e-05,0.0056006472721647094,0.001407561513935271,-0.0006544447032283566,0.0039425205429968494,0.001387421067647334,0.001207815521394317,share,11,False,-0.05293126570047262,48,53.365398859887065
b12-17_mlp,div/vort 250hPa,120,0.23001563331733146,0.23027052854498228,0.00025489522765080136,0.00021067641209810973,0.0002855598305662473,0.11081647972124825,0.027850533051892973,0.02301906721624014,0.031201029429917707,0.027830392605605037,0.023898284917676912,share,5,True,0.11325150875607255,48,38.23388268053523
b18-23_attn,div/vort 250hPa,120,0.23001563331733146,0.23019523235658804,0.00017959903925657272,0.00014804483701785407,0.00020291118416935206,0.07808123155211646,0.01962347049414315,0.016175774119146755,0.02217061768237274,0.01960333004785521,0.016838718600783977,share,6,True,-0.06375757165914574,48,54.5375448644479
b18-23_mlp,div/vort 250hPa,120,0.23001563331733146,0.23399817508955797,0.003982541772226493,0.0038829073232288162,0.0041155118805666765,1.7314222145640619,0.43514314599051557,0.4242568201048131,0.44967181501022535,0.43512300554422767,0.3733923104264893,share,2,True,-0.09899827459685907,48,58.54807565107172
adaln,div/vort 250hPa,120,0.23001563331733146,0.23004169669002295,2.606337269147237e-05,1.6809503237406412e-05,3.0555397582550834e-05,0.01133113098252549,0.00284775368012024,0.0018366511990591102,0.0033385643118135767,0.002827613233832303,0.0024436311037950038,share,10,True,0.14893132152828364,48,35.55590817413078
head,div/vort 250hPa,120,0.23001563331733146,0.23107047316928706,0.0010548398519555728,0.0009891939582303167,0.0011102792962143818,0.4585948514639903,0.11525461826844921,0.10808197266905424,0.12131207995158357,0.11523447782216126,0.09889892234110316,share,3,True,0.31578999053367296,48,24.959971340915306
embed,HypsRel 600-500,120,0.002416681814085025,0.0024166608187429187,-2.099534210619732e-08,-2.426593794694924e-06,2.851740858658136e-06,-0.0008687673314637956,-0.00015621129663415158,-0.01805454567762392,0.021217760346190453,0.00010957483232825451,-0.00021408932935976973,share,11,False,0.23084460807100132,48,29.99522325604747
b0-5_attn,HypsRel 600-500,120,0.002416681814085025,0.002417419023224595,7.372091395700678e-07,1.1609714874999453e-07,1.2901400557574404e-06,0.030505014573016142,0.005485044968559714,0.0008637956957325024,0.009599007719433077,0.005438408504253817,0.0075173154831262076,share,10,True,0.6940847420414009,48,8.667767330410147
b0-5_mlp,HypsRel 600-500,120,0.002416681814085025,0.0024244737423699298,7.791928284904713e-06,7.379651027813398e-06,8.259323955425006e-06,0.3224225977739978,0.05797415514872709,0.05490669549137787,0.06145171142591736,0.0579275186844212,0.07945422810911319,share,4,True,0.14459578938283804,48,35.87240359477721
b6-11_attn,HypsRel 600-500,120,0.002416681814085025,0.0024139848357631,-2.6969783219247675e-06,-3.3866314987927623e-06,-1.898942945679711e-06,-0.11159840348887076,-0.020066283203725888,-0.025197498329513793,-0.014128673792428608,0.02001964673941999,-0.02750106558484121,share,8,True,0.2898048798200643,48,26.429862610996313
b6-11_mlp,HypsRel 600-500,120,0.002416681814085025,0.0024203067042859105,3.624890200885694e-06,2.800119253163128e-06,4.4660377914157285e-06,0.14999451643815617,0.026970210610173455,0.020833680968587377,0.03322858711638928,0.026923574145867556,0.036962975320194845,share,6,True,0.519056585219272,48,15.197119142301498
b12-17_attn,HypsRel 600-500,120,0.002416681814085025,0.002418151674002942,1.469859917917192e-06,5.886210516405374e-07,2.1639278637216917e-06,0.060821408484579204,0.010936174437502364,0.004379507475412131,0.01610023669559339,0.010889537973196467,0.014988149394660802,share,9,True,0.6247665922085178,48,11.085409843089412
b12-17_mlp,HypsRel 600-500,120,0.002416681814085025,0.0024089811206760414,-7.700693408983748e-06,-9.545463042686157e-06,-5.636499575610476e-06,-0.3186473851916369,-0.05729534181033129,-0.07102095080561888,-0.041937154571254145,0.05724870534602539,-0.07852390683588299,share,5,True,0.6842208875136583,48,8.999649340366872
b18-23_attn,HypsRel 600-500,120,0.002416681814085025,0.002432573192829601,1.589137874457632e-05,1.4896947454435231e-05,1.6854302835299618e-05,0.6575701712967508,0.1182363624483125,0.110837511767015,0.12540079063487428,0.1181897259840066,0.16204425728429564,share,3,True,0.5008702094997686,48,15.962892588824353
b18-23_mlp,HypsRel 600-500,120,0.002416681814085025,0.002399809813101745,-1.6872000983279888e-05,-1.790541277368712e-05,-1.5478171028736143e-05,-0.6981473889092744,-0.12553246987258507,-0.1332213465253205,-0.11516197991412282,0.12548583340827915,-0.17204365412086128,share,2,True,0.4679948306255939,48,17.395325649129898
adaln,HypsRel 600-500,120,0.002416681814085025,0.002419867693838049,3.1858797530243132e-06,2.917811447007104e-06,3.4361395977823535e-06,0.13182868073307005,0.023703848435673656,0.021709344251952437,0.025565852619619557,0.023657211971367758,0.032486389423705346,share,7,True,0.43943920814441456,48,18.692639367350495
head,HypsRel 600-500,120,0.002416681814085025,0.002530846353376965,0.00011416453929193996,0.00010925519409473049,0.00011912171504118783,4.724020292061641,0.8494165335448561,0.8128896136689296,0.8862993262860521,0.8493698970805502,1.164134860487174,share,1,True,0.2001852139638074,48,31.987654307908315
embed,|DryAir Md err|,120,54770494751850.664,50848568247210.664,-3921926504640.0,-12466977375034.668,4089741474166.9326,-7.1606556092091544,-0.1228900811765669,-0.39064165527626693,0.1281484140911203,0.12287339926081718,1.6081730351248085,share,2,False,0.20312897906321575,48,31.791943898440408
b0-5_attn,|DryAir Md err|,120,54770494751850.664,54623491454293.336,-147003297557.33334,-335158147229.3334,43394678023.46657,-0.26839870303046,-0.004606217671001959,-0.01050188265161823,0.0013597336662544864,0.004589535755252239,0.060278217586801075,share,8,False,0.23982477500738048,48,29.43029655092069
b0-5_mlp,|DryAir Md err|,120,54770494751850.664,54207129633194.664,-563365118656.0,-986450866589.3334,-87995305643.2002,-1.0285923492355602,-0.017652545268702583,-0.03090956113747608,-0.0027572546912483,0.017635863352952863,0.23100600984760922,share,5,True,0.25381317528220687,48,28.56643102222341
b6-11_attn,|DryAir Md err|,120,54770494751850.664,54359476888917.336,-411017862933.3333,-713128507338.6666,-108083121514.66682,-0.7504366443931844,-0.012878879418351766,-0.02234524794192109,-0.00338668854733507,0.012862197502602047,0.168536519830752,share,7,True,-0.10797894861553683,48,59.620778513021634
b6-11_mlp,|DryAir Md err|,120,54770494751850.664,54756562885546.664,-13931866304.0,-286017481842.6667,248017538582.39993,-0.025436809302383106,-0.00043654264785790333,-0.008962103578427184,0.007771409131084967,0.0004198607321081841,0.005712715853433185,share,11,False,-0.13232180033335558,48,62.640096797271724
b12-17_attn,|DryAir Md err|,120,54770494751850.664,54837332033344.0,66837281493.333336,-243569238924.26666,339260917545.6,0.12203154599233366,0.0020942868099693597,-0.007632025614989254,0.010630439312896383,0.0020776048942196404,-0.02740640695623932,share,10,False,-0.11717358020570906,48,60.741648241982986
b12-17_mlp,|DryAir Md err|,120,54770494751850.664,55604720013098.664,834225261248.0,140441541277.86667,1671808734994.6663,1.523128949314105,0.026139707093700306,0.004400610870137513,0.05238464079123447,0.026123025177950586,-0.34207131846345706,share,4,True,0.2805364947709963,48,26.968577929649776
b18-23_attn,|DryAir Md err|,120,54770494751850.664,55328581056405.336,558086304554.6666,142909490621.3333,1009011185300.7988,1.0189542874921889,0.017487138320698488,0.00447794186927772,0.0316164686724697,0.017470456404948768,-0.2288414495262576,share,6,True,0.16629851709421292,48,34.311688296732335
b18-23_mlp,|DryAir Md err|,120,54770494751850.664,60201779306389.336,5431284554538.667,816742398261.3333,10874874994990.934,9.916442382246595,0.17018447413806323,0.02559189712095134,0.34075454227363833,0.1701677922223135,-2.227080328090108,share,1,True,0.15408942138671256,48,35.18246248600896
adaln,|DryAir Md err|,120,54770494751850.664,54908800737450.664,138305985600.0,-16659918951.466667,352764715689.5999,0.2525191459865838,0.0043336951310741665,-0.0005220237528466109,0.011053568825431818,0.004317013215324447,-0.05671191348821473,share,9,False,0.0638222200015095,48,42.24064189960591
head,|DryAir Md err|,120,54770494751850.664,53843389431466.664,-927105320384.0,-1629588381778.1333,-168686035113.60007,-1.6927094133154121,-0.02905002119402919,-0.05106170354905396,-0.0052856269805000725,0.02903333927827947,0.3801564805455607,share,3,True,0.31214120107617777,48,25.16285771780031
embed,neg-q fraction,120,0.005695685371392756,0.0051459776938524255,-0.0005497076775403306,-0.0007094383354342426,-0.000389089362397499,-9.651299917325165,-0.43668465770417847,-0.5635737853572095,-0.30909038017287493,0.4365656300715853,-0.5855630428054881,share,2,True,0.6590871204264347,48,9.863145833670957
b0-5_attn,neg-q fraction,120,0.005695685371392756,0.005697348184488267,1.6628130955117133e-06,-1.2862400520437708e-05,1.354708043284821e-05,0.02919425823384462,0.0013209292813384148,-0.01021781793853388,0.010761723773223575,0.001201901648745166,0.0017712721426438786,share,11,False,0.55751861306639,48,13.636502571868755
b0-5_mlp,neg-q fraction,120,0.005695685371392756,0.005684339085140285,-1.1346286252470842e-05,-2.4307713465532286e-05,-1.1737957947843825e-06,-0.19920844486001435,-0.009013425372816153,-0.019309909553679894,-0.0009324567143641825,0.008894397740222904,-0.012086361850115246,share,7,True,0.19559877123253216,48,32.29449536907306
b6-11_attn,neg-q fraction,120,0.005695685371392756,0.00572297510188946,2.728973049670458e-05,1.9218937450204975e-05,3.6827717879835585e-05,0.47912988020318736,0.021678806950842344,0.015267414782041192,0.029255729969684036,0.021559779318249095,0.029069737025493262,share,6,True,0.15280838119524084,48,35.2748976898194
b6-11_mlp,neg-q fraction,120,0.005695685371392756,0.0056341611119326744,-6.152425946008104e-05,-8.231069744700411e-05,-4.093467106637642e-05,-1.08019062585679,-0.048874522369859785,-0.06538715067773469,-0.03251827026109208,0.04875549473726653,-0.06553725561374615,share,5,True,0.5215155662933578,48,15.094983795578594
b12-17_attn,neg-q fraction,120,0.005695685371392756,0.0056926042483003885,-3.0811230923670032e-06,-1.0419536253417996e-05,2.445294679394768e-06,-0.05409573899292793,-0.0024476266894344232,-0.00827722043581298,0.00194252820851135,0.0023285990568411743,-0.003282093168677472,share,8,False,-0.018187205757135217,48,49.7783143211445
b12-17_mlp,neg-q fraction,120,0.005695685371392756,0.0056247711181640625,-7.091425322869327e-05,-0.00010338804592417242,-3.941736399610819e-05,-1.2450521509644543,-0.05633388010166072,-0.08213087662722107,-0.031312930139999084,0.05621485246906746,-0.07553972337565902,share,4,True,0.8278145546389665,48,4.521739558509046
b18-23_attn,neg-q fraction,120,0.005695685371392756,0.005692750992542035,-2.9343788507200466e-06,-3.7825443784337645e-05,2.9001511635821467e-05,-0.05151932839300265,-0.0023310538971088894,-0.030048317762962778,0.023038636167971815,0.0022120262645156405,-0.0031257773518101124,share,9,False,0.6984599457144887,48,8.521792134235948
b18-23_mlp,neg-q fraction,120,0.005695685371392756,0.0071967198625012925,0.0015010344911085365,0.0012423466864220245,0.0017778751481576664,26.353887078237456,1.1924132766070132,0.986913153437482,1.4123339226184193,1.19229424897442,1.598941328057067,share,1,True,0.7675710491271817,48,6.311819628073424
adaln,neg-q fraction,120,0.005695685371392756,0.005693386735098708,-2.2986362940476588e-06,-9.927996870828792e-06,5.380857570950556e-06,-0.0403575012340539,-0.001826023619942908,-0.007886744341328486,0.004274522700936967,0.001706995987349659,-0.002448567698141574,share,10,False,0.2590044203414664,48,28.250725135629736
head,neg-q fraction,120,0.005695685371392756,0.005827488044815254,0.00013180267342249863,6.416276179758522e-05,0.00019787641361593462,2.314079251717325,0.1047032953687948,0.050970533644907244,0.15719189940050493,0.10458426773620155,0.1403996663181295,share,3,True,0.3036774346917838,48,25.63784740409837
embed,|neg-q mass|,120,414011632810.6667,359349678272.0,-54661954538.666664,-69040742788.26666,-39313240598.93334,-13.202999676017397,-0.40519586166900584,-0.5117823447855491,-0.29141955376325807,0.4051899580861527,-1.3680289674959496,share,2,True,0.5180653887035742,48,15.238382690474136
b0-5_attn,|neg-q mass|,120,414011632810.6667,411957217130.6667,-2054415680.0,-3538500389.8666663,-667819222.9333334,-0.49622172837339407,-0.015228887051506112,-0.02623004842378822,-0.004950382542288771,0.015222983468652983,-0.0514160202509737,share,9,True,0.7482875368193396,48,6.910875916128105
b0-5_mlp,|neg-q mass|,120,414011632810.6667,408416046357.3333,-5595586453.333333,-7110220526.933333,-3861687974.4000006,-1.3515529540427846,-0.041478730382719334,-0.05270634680707266,-0.028625759899913263,0.041472826799866205,-0.1400411753091082,share,7,True,0.5648592398718029,48,13.347370775575033
b6-11_attn,|neg-q mass|,120,414011632810.6667,413834607445.3333,-177025365.33333334,-1378156897.0666666,1263531951.466666,-0.04275854862616615,-0.0013122462606559443,-0.010215944090089111,0.009366257063835766,0.001306342677802815,-0.004430427521325521,share,11,False,0.6455709337178421,48,10.338414973766572
b6-11_mlp,|neg-q mass|,120,414011632810.6667,407369962517.3333,-6641670293.333333,-8180040260.266667,-4917758473.6,-1.6042231104097167,-0.04923309713568619,-0.06063666200229437,-0.036454155344570534,0.04922719355283306,-0.166221596547743,share,4,True,0.46367937217326616,48,17.588134823174784
b12-17_attn,|neg-q mass|,120,414011632810.6667,410251447466.6667,-3760185344.0,-4647969590.400001,-2811560263.4666677,-0.908231809447631,-0.027873345425646602,-0.03445427553932841,-0.020841416908790652,0.027867441842793477,-0.09410644967162561,share,8,True,0.2831275602158562,48,26.817191194810157
b12-17_mlp,|neg-q mass|,120,414011632810.6667,408151013909.3333,-5860618901.333333,-7690616636.266667,-3978353355.2000027,-1.4155686548096285,-0.043443351883065445,-0.05700868293126488,-0.029490572179297823,0.04343744830021232,-0.14667416290075916,share,5,True,0.65651333954865,48,9.953049763038496
b18-23_attn,|neg-q mass|,120,414011632810.6667,408160835328.0,-5850797482.666667,-7796646348.8,-3751957142.9333344,-1.4131963981172284,-0.0433705480795235,-0.057794655571560244,-0.027812351759223003,0.04336464449667037,-0.14642836149553498,share,6,True,0.6390057197948845,48,10.572095777685293
b18-23_mlp,|neg-q mass|,120,414011632810.6667,533109383765.3333,119097750954.66667,94646960638.93333,141050797107.2,28.766764389234382,0.882842851636054,0.7015950507828389,1.0455754785080564,0.8828369480532009,2.9806686322266405,share,1,True,0.6980501602414383,48,8.535432372828247
adaln,|neg-q mass|,120,414011632810.6667,412205962538.6667,-1805670272.0,-2529109614.9333334,-1104419698.1333334,-0.4361399847008063,-0.013384997443433804,-0.018747678496446176,-0.008186796374300946,0.013379093860580674,-0.04519064967014523,share,10,True,0.6658858222085636,48,9.626998633512054
head,|neg-q mass|,120,414011632810.6667,427479492096.0,13467859285.333334,10563746312.533333,18449026002.133324,3.253014702485999,0.0998339868015022,0.07830649902084777,0.1367581721323251,0.09982808321864907,0.33706115685018667,share,3,True,0.06803883605894791,48,41.884371952464754
embed,EffRes Z500,120,313.96456001268035,313.96456001268035,0.0,0.0,0.0,0.0,nan,nan,nan,0.0,0.0,colmax,1,False,0.0,48,48.0
b0-5_attn,EffRes Z500,120,313.96456001268035,313.96456001268035,0.0,0.0,0.0,0.0,nan,nan,nan,0.0,0.0,colmax,2,False,0.0,48,48.0
b0-5_mlp,EffRes Z500,120,313.96456001268035,313.96456001268035,0.0,0.0,0.0,0.0,nan,nan,nan,0.0,0.0,colmax,3,False,0.0,48,48.0
b6-11_attn,EffRes Z500,120,313.96456001268035,313.96456001268035,0.0,0.0,0.0,0.0,nan,nan,nan,0.0,0.0,colmax,4,False,0.0,48,48.0
b6-11_mlp,EffRes Z500,120,313.96456001268035,313.96456001268035,0.0,0.0,0.0,0.0,nan,nan,nan,0.0,0.0,colmax,5,False,0.0,48,48.0
b12-17_attn,EffRes Z500,120,313.96456001268035,313.96456001268035,0.0,0.0,0.0,0.0,nan,nan,nan,0.0,0.0,colmax,6,False,0.0,48,48.0
b12-17_mlp,EffRes Z500,120,313.96456001268035,313.96456001268035,0.0,0.0,0.0,0.0,nan,nan,nan,0.0,0.0,colmax,7,False,0.0,48,48.0
b18-23_attn,EffRes Z500,120,313.96456001268035,313.96456001268035,0.0,0.0,0.0,0.0,nan,nan,nan,0.0,0.0,colmax,8,False,0.0,48,48.0
b18-23_mlp,EffRes Z500,120,313.96456001268035,313.96456001268035,0.0,0.0,0.0,0.0,nan,nan,nan,0.0,0.0,colmax,9,False,0.0,48,48.0
adaln,EffRes Z500,120,313.96456001268035,313.96456001268035,0.0,0.0,0.0,0.0,nan,nan,nan,0.0,0.0,colmax,10,False,0.0,48,48.0
head,EffRes Z500,120,313.96456001268035,313.96456001268035,0.0,0.0,0.0,0.0,nan,nan,nan,0.0,0.0,colmax,11,False,0.0,48,48.0
embed,DKE<1000km 500hPa,120,0.5255641937255859,0.5346837043762207,0.009119452287753424,0.0074930691936363775,0.01065497741413613,1.7351737383299177,0.3233757320644419,0.2657041957613669,0.3778254452905503,0.3233550639462913,0.6872763097353294,share,1,True,0.046903361765450846,48,43.699008242852436
b0-5_attn,DKE<1000km 500hPa,120,0.5255641937255859,0.525627076625824,6.281274060408275e-05,-8.38888343423605e-05,0.0002991990496714909,0.011951487270249604,0.0022273394645746913,-0.00297469764208574,0.01060959679019703,0.002206671346424109,0.0047338049703609265,share,11,False,-0.07091892422688126,48,55.327903778596784
b0-5_mlp,DKE<1000km 500hPa,120,0.5255641937255859,0.5266082286834717,0.0010439977049827576,0.0006492625766744217,0.0013754818433274825,0.19864322367204942,0.03702015334580637,0.023022847689667506,0.048774579217295125,0.03699948522765579,0.07867960349068974,share,3,True,-0.08664183168583463,48,57.10663103521853
b6-11_attn,DKE<1000km 500hPa,120,0.5255641937255859,0.5257238745689392,0.00015960509578386942,-0.0001758142529676358,0.0005782321250687041,0.030368333751765925,0.005659595890384208,-0.006234372522253548,0.020504108234479745,0.005638927772233626,0.01202844181690591,share,9,False,0.08196108757551188,48,40.72777505808405
b6-11_mlp,DKE<1000km 500hPa,120,0.5255641937255859,0.526120662689209,0.0005564410239458084,3.0357670038938525e-05,0.0010635325529923037,0.10587498253341177,0.019731395898721405,0.0010764828262543517,0.037712858957560914,0.019710727780570824,0.04193549365200249,share,5,True,0.026395155373913733,48,45.53122868650661
b12-17_attn,DKE<1000km 500hPa,120,0.5255641937255859,0.5254902243614197,-7.399171590805054e-05,-0.0002440163555244605,0.00011712056584656229,-0.01407852996501019,-0.0026237458723921345,-0.00865281873445261,0.0041530946733824075,0.002603077754241552,-0.005576294700128028,share,10,False,0.233790682123463,48,29.808984450081518
b12-17_mlp,DKE<1000km 500hPa,120,0.5255641937255859,0.5262476801872253,0.0006834709395964941,0.0005384009331464768,0.0008732069904605547,0.13004518121029246,0.024235876066109226,0.019091694370091554,0.030963915471455668,0.024215207947958645,0.05150894706779978,share,4,True,-0.18129700321788392,48,69.25864004080196
b18-23_attn,DKE<1000km 500hPa,120,0.5255641937255859,0.5252663493156433,-0.0002978524814049403,-0.0004237615192929904,-0.00015186023277541009,-0.05667289956923198,-0.01056184748626621,-0.01502658133385215,-0.005384963087220945,0.010541179368115628,-0.0224472860656775,share,6,True,0.03253622826563841,48,44.97494593603962
b18-23_mlp,DKE<1000km 500hPa,120,0.5255641937255859,0.5267429351806641,0.0011787296583255131,0.0009552218796064456,0.0015458121119687955,0.2242789021950009,0.04179774773085458,0.03387216302633927,0.05481448968303503,0.041777079612704,0.08883351150786224,share,2,True,-0.09854994144065035,48,58.49508432383063
adaln,DKE<1000km 500hPa,120,0.5255641937255859,0.525834321975708,0.00027011769513289136,0.00020769350230693816,0.0003499614385267099,0.051395754488701276,0.009578372105138457,0.007364810542813815,0.012409630842619297,0.009557703986987874,0.020357087996880137,share,7,True,0.022834020089194253,48,45.85687033721122
head,DKE<1000km 500hPa,120,0.5255641937255859,0.5253565311431885,-0.00020768865942955017,-0.0003998139873147011,7.2214597215252054e-06,-0.0395172754042535,-0.007364638814406097,-0.014177401970852963,0.0002560729252521131,0.007343970696255514,-0.015652200474616743,share,8,False,-0.17523672619213845,48,68.39703542663364
embed,DKEpert<1000km 500hPa,120,0.0,0.04176632687449455,0.04176632734015584,0.040034358746682604,0.04326317324497116,nan,nan,nan,nan,0.0,0.33508997343771996,share,1,True,0.1948313359937591,48,32.346068192256915
b0-5_attn,DKEpert<1000km 500hPa,120,0.0,0.0004861568158958107,0.00048615681286416174,0.00037711806776314917,0.0006862167017061437,nan,nan,nan,nan,0.0,0.003900421317451914,share,9,True,-0.012818881257609686,48,49.24659252224988
b0-5_mlp,DKEpert<1000km 500hPa,120,0.0,0.0023453051690012217,0.0023453052708646283,0.0021766293622325367,0.0025116761930500313,nan,nan,nan,nan,0.0,0.018816312828199955,share,7,True,0.1289859518400804,48,37.03205894062204
b6-11_attn,DKEpert<1000km 500hPa,120,0.0,0.001654324121773243,0.001654324127836541,0.0014678791097746094,0.0019428574741747675,nan,nan,nan,nan,0.0,0.013272592141975424,share,8,True,-0.023951529913919013,48,50.35577119600775
b6-11_mlp,DKEpert<1000km 500hPa,120,0.0,0.0036906611640006304,0.0036906610718385005,0.0034889390321040993,0.003907410977747834,nan,nan,nan,nan,0.0,0.02961006148464898,share,4,True,0.035482167448176484,48,44.710432895798355
b12-17_attn,DKEpert<1000km 500hPa,120,0.0,0.00042204849887639284,0.00042204850312070147,0.0003674765523404251,0.0005155791810466326,nan,nan,nan,nan,0.0,0.003386082298985727,share,10,True,0.04748079671788738,48,43.64845818730096
b12-17_mlp,DKEpert<1000km 500hPa,120,0.0,0.0025632285978645086,0.0025632284329428026,0.002448015754513714,0.002693221300069126,nan,nan,nan,nan,0.0,0.0205647037268661,share,6,True,0.08942545682587798,48,40.119842802006055
b18-23_attn,DKEpert<1000km 500hPa,120,0.0,0.0030789508018642664,0.003078950986188526,0.003021134916464992,0.0031471012333592324,nan,nan,nan,nan,0.0,0.024702330079810774,share,5,True,0.1842536095089475,48,33.063717458126675
b18-23_mlp,DKEpert<1000km 500hPa,120,0.0,0.02939051203429699,0.029390511840271454,0.028275659862750522,0.030538761131659462,nan,nan,nan,nan,0.0,0.2357991822376214,share,2,True,0.6454161920242728,48,10.343901357805423
adaln,DKEpert<1000km 500hPa,120,0.0,0.00010749315697466955,0.00010749315303352584,9.876387779286234e-05,0.00011628035948660908,nan,nan,nan,nan,0.0,0.0008624142961239009,share,11,True,0.203137684071085,48,31.79136658338434
head,DKEpert<1000km 500hPa,120,0.0,0.023555830121040344,0.023555829577768844,0.022570821034605615,0.02486336689131955,nan,nan,nan,nan,0.0,0.18898770397580683,share,3,True,0.766737002224683,48,6.337459327062476
embed,RMSE Z500,168,471.53168869018555,471.89632352193195,0.36463483174641925,-1.2867650508880615,1.7787301540374751,0.07732986785242303,0.00663433145977419,-0.02341198677470679,0.03236302292586917,0.006610930598188384,0.4169354656965911,colmax,4,False,-0.25569932019829006,48,80.98013209604413
b0-5_attn,RMSE Z500,168,471.53168869018555,471.44715690612793,-0.08453178405761719,-0.401639461517334,0.16339643796284994,-0.017927063246253597,-0.0015380096071411459,-0.007307610472288296,0.002972908878726785,0.0015146087455553399,-0.0966564235880145,colmax,7,False,0.2257551979837663,48,30.319064163798398
b0-5_mlp,RMSE Z500,168,471.53168869018555,470.7831179300944,-0.7485707600911459,-1.1848696708679198,-0.4127802530924484,-0.15875301237346653,-0.013619835822468807,-0.021558056029704918,-0.007510311085610312,0.013596434960883003,-0.8559404403869544,colmax,2,True,-0.23163317249191753,48,76.94032350581946
b6-11_attn,RMSE Z500,168,471.53168869018555,472.40624809265137,0.8745594024658203,0.2704788208007813,1.5699303944905598,0.18547203156062742,0.01591213030700073,0.004921214304861512,0.02856402542768518,0.015888729445414924,1.0,colmax,1,True,-0.026063725151835443,48,50.56907734026672
b6-11_mlp,RMSE Z500,168,471.53168869018555,471.58400026957196,0.05231157938639323,-0.6697393894195557,0.6746563116709381,0.011093969003801978,0.000951780594221939,-0.012185542121127185,0.012275002833976185,0.0009283797326361329,0.05981478129318686,colmax,8,False,-0.15581356837983626,48,65.71895638710595
b12-17_attn,RMSE Z500,168,471.53168869018555,471.50969950358075,-0.021989186604817707,-0.33342310587565105,0.18835585912068656,-0.004663352884277825,-0.00040008123131977756,-0.006066451167410105,0.0034270319042537206,0.0003766803697339715,-0.025143159564483777,colmax,10,False,0.139275318653598,48,36.26409176796118
b12-17_mlp,RMSE Z500,168,471.53168869018555,471.49267578125,-0.039012908935546875,-0.36460808118184407,0.2510003407796222,-0.0082736558053853,-0.0007098185542197476,-0.006633844747873196,0.004566814007517379,0.0006864176926339416,-0.04460864387890631,colmax,9,False,-0.09630227083491354,48,58.23021050267886
b18-23_attn,RMSE Z500,168,471.53168869018555,471.9481938680013,0.4165051778157552,0.16196516354878746,0.6885290940602621,0.08833026237806364,0.007578084054963691,0.002946867623075739,0.012527410526898127,0.007554683193377884,0.47624572629534234,colmax,3,True,0.05663694780235675,48,42.854290302516226
b18-23_mlp,RMSE Z500,168,471.53168869018555,471.80560874938965,0.27392005920410156,-0.10898593266805012,0.7992796579996742,0.05809154841003222,0.004983825756681364,-0.0019829394748423594,0.014542456503202308,0.004960424895095557,0.31320920961090115,colmax,5,False,-0.1599700765440127,48,66.28164321223713
adaln,RMSE Z500,168,471.53168869018555,471.64037195841473,0.10868326822916667,0.007397572199503582,0.22550017038981118,0.023048985006938902,0.001977432660808653,0.00013459478276954138,0.004102852345279974,0.001954031799222847,0.12427202534525864,colmax,6,True,-0.0476691405363513,48,52.805302113245666
head,RMSE Z500,168,471.53168869018555,471.5266761779785,-0.00501251220703125,-0.2958932876586914,0.35687355995178205,-0.0010630276452797773,-9.119991984401569e-05,-0.005383616638180227,0.006493119361663859,6.779905825820964e-05,-0.005731471404799344,colmax,11,False,-0.17264606282272518,48,68.03256561215873
embed,RMSE T850,168,2.2680493195851645,2.2710230350494385,0.0029737154642740884,-0.0018072588990132015,0.006841984080771598,0.13111335095737658,0.01157421405664139,-0.007034163693282276,0.026630183443698913,0.011553640846830512,0.7636034335420838,colmax,2,False,-0.3648394240260011,48,103.14288202284439
b0-5_attn,RMSE T850,168,2.2680493195851645,2.268374408284823,0.00032508869965871173,-0.0008112685134013494,0.0010966996972759564,0.01433340522410561,0.0012653013519447899,-0.0031575971354114067,0.004268544588284716,0.001244728142133912,0.08347767304822519,colmax,8,False,0.17755856198961348,48,33.5246078613683
b0-5_mlp,RMSE T850,168,2.2680493195851645,2.264155000448227,-0.0038943191369374595,-0.00574070755392313,-0.001959653571248055,-0.17170345914919286,-0.01515736251073773,-0.02234382504443953,-0.007627310071518053,0.015136789300926852,-1.0,colmax,1,True,0.08351967776212701,48,40.60014448309409
b6-11_attn,RMSE T850,168,2.2680493195851645,2.2685716648896537,0.0005223453044891357,-0.0007817098249991735,0.0022874032457669575,0.02303059726164486,0.0020330581181258385,-0.0030425496162689316,0.008902968397087657,0.0020124849083149607,0.13413007155338444,colmax,6,False,-0.04568232504909576,48,52.595433281625866
b6-11_mlp,RMSE T850,168,2.2680493195851645,2.268596145013968,0.0005468254288037618,-0.0006791897118091583,0.002174323610961437,0.024109944350935827,0.0021283389889269187,-0.0026435236336462137,0.008462842933031055,0.002107765779116041,0.14041618305421988,colmax,5,False,-0.14313447642063176,48,64.03624998118842
b12-17_attn,RMSE T850,168,2.2680493195851645,2.268315556148688,0.0002662365635236104,-0.000649279107650121,0.0009009586026271183,0.011738570287012372,0.001036238676143512,-0.002527106397612949,0.003506686449412645,0.001015665466332634,0.06836536867211714,colmax,11,False,0.06980575768023167,48,41.73591636688004
b12-17_mlp,RMSE T850,168,2.2680493195851645,2.267606501777967,-0.0004428178071975708,-0.0015013417849938076,0.0007958752413590745,-0.019524170103962464,-0.0017235233667012477,-0.00584348146299204,0.003097683862675713,0.00170295015689037,-0.11370865910743211,colmax,7,False,-0.1296580858059557,48,62.30147857339274
b18-23_attn,RMSE T850,168,2.2680493195851645,2.2689789483944574,0.0009296288092931112,-5.296058952808378e-06,0.001768299750983715,0.040988033252431395,0.0036182758442242806,-2.0613175911690512e-05,0.006882527962098516,0.003597702634413403,0.2387140798183743,colmax,3,False,0.11948255210192975,48,37.75390462294505
b18-23_mlp,RMSE T850,168,2.2680493195851645,2.2687417417764664,0.0006924221913019816,-0.0006854017575581868,0.002254851907491684,0.030529415093523114,0.0026950267286766725,-0.00266770198833169,0.008776272967900007,0.0026744535188657948,0.17780314528780786,colmax,4,False,-0.11140460095372326,48,60.0356707935199
adaln,RMSE T850,168,2.2680493195851645,2.2683232575654984,0.00027393798033396405,-4.301344354947408e-06,0.0006444454193115229,0.012078131545396394,0.001066213920168484,-1.674157494003559e-05,0.0025082928479690245,0.001045640710357606,0.07034297156996544,colmax,10,False,-0.05105819709010084,48,53.165318785218574
head,RMSE T850,168,2.2680493195851645,2.268353410065174,0.0003040904800097148,-0.0007488866026202838,0.001397192043562729,0.013407577929801552,0.0011835726553207529,-0.0029147959672039397,0.005438112685868161,0.0011629994455098751,0.07808565998750049,colmax,9,False,-0.18894495128894762,48,70.3643454936449
embed,RMSE Q700,168,0.0011767244917185355,0.0011781944655619252,1.469973843389501e-06,-8.22231959318742e-07,3.2281067130194654e-06,0.12492081653222772,0.018585580345773997,-0.010395870791513433,0.04081449268594801,0.018570629656359236,0.4255692184459693,share,1,False,0.03530821988479605,48,44.72600966182072
b0-5_attn,RMSE Q700,168,0.0011767244917185355,0.001176721935432094,-2.55628644178311e-09,-2.385596114133174e-07,1.7492481371543033e-07,-0.00021723746380512628,-3.232034859955253e-05,-0.0030162229383315716,0.002211657843027508,1.736965918479081e-05,-0.0007400654290862846,share,11,False,-0.03559111987485858,48,51.54284119360563
b0-5_mlp,RMSE Q700,168,0.0011767244917185355,0.0011761580002106105,-5.664915079250932e-07,-1.0584367676832093e-06,-1.8330653498802962e-07,-0.048141388397361075,-0.007162422299612793,-0.013382320831871554,-0.0023176319423955467,0.007147471610198031,-0.16400383542068298,share,2,True,-0.14375312632342108,48,64.11719768130921
b6-11_attn,RMSE Q700,168,0.0011767244917185355,0.0011766804454964586,-4.4046222077061735e-08,-4.914324866452564e-07,4.7064058890100557e-07,-0.003743121043799715,-0.0005568973917613602,-0.006213415297246747,0.005950533418222387,0.0005419467023465984,-0.012751734589787492,share,10,False,-0.05343091624120501,48,53.41890501936438
b6-11_mlp,RMSE Q700,168,0.0011767244917185355,0.0011772448342526332,5.203425340975324e-07,-2.2611202439293264e-07,1.5109057737087503e-06,0.044219572020431336,0.006578938814648575,-0.0028588421592661887,0.01910310226160747,0.006563988125233813,0.1506433373327761,share,3,False,0.14287670942858016,48,35.99856188162103
b12-17_attn,RMSE Q700,168,0.0011767244917185355,0.0011769633565563709,2.3886483783523243e-07,-9.302299683137487e-08,5.249684666826698e-07,0.020299130299088503,0.00302008206154908,-0.001176134112446307,0.006637426686471492,0.003005131372134318,0.06915328650839658,share,4,False,0.13576157664081942,48,36.52478229095759
b12-17_mlp,RMSE Q700,168,0.0011767244917185355,0.0011765710053926644,-1.5348632587119937e-07,-7.13022927811835e-07,3.6968346345626364e-07,-0.013043522672587684,-0.0019406008170044424,-0.009015088923398269,0.004674084333859696,0.0019256501275896805,-0.044435522466532755,share,7,False,0.035735607551466646,48,44.6877470467092
b18-23_attn,RMSE Q700,168,0.0011767244917185355,0.0011769347668935855,2.10275175049901e-07,1.9103693678819885e-08,4.251513018971309e-07,0.017869533313002325,0.0026586093202857733,0.00024153710990535145,0.005375390668380636,0.0026436586308710114,0.06087634981193631,share,6,True,-0.19782723011101172,48,71.67496729324947
b18-23_mlp,RMSE Q700,168,0.0011767244917185355,0.001176647980173584,-7.651154495154817e-08,-4.646134887783167e-07,3.5114990168949554e-07,-0.006502078055654952,-0.0009673719518691497,-0.005874329916992756,0.004439755673619473,0.000952421262454388,-0.022150705969055995,share,8,False,-0.15907431712059547,48,66.15990967392914
adaln,RMSE Q700,168,0.0011767244917185355,0.001176663756875011,-6.073484352479379e-08,-1.4679450638747463e-07,1.3952073156057537e-08,-0.005161347788053106,-0.0007678995916793118,-0.001855992951882568,0.00017640271478171798,0.0007529489022645501,-0.017583224359752125,share,9,False,-0.08533373908272576,48,56.956314780569556
head,RMSE Q700,168,0.0011767244917185355,0.0011769412594730966,2.1676775456095734e-07,-2.779296967977037e-07,6.810758956513988e-07,0.018421283493843237,0.0027406980994138584,-0.0035139977037956195,0.008611167359965737,0.0027257474099990965,0.06275600365791732,share,5,False,0.21042557851752655,48,31.310947904435707
embed,RMSE U500,168,5.759247759977977,5.765876144170761,0.006628384192784627,-0.009013873587052027,0.01878197267651558,0.11509114504235139,0.014224762863555169,-0.01934411321502056,0.04030682284892832,0.01420148363708154,0.9683053368646374,colmax,2,False,-0.18811360597388235,48,70.2431442457598
b0-5_attn,RMSE U500,168,5.759247759977977,5.759358704090118,0.00011094411214192708,-0.0028949605921904245,0.0027100399136543276,0.001926364635897368,0.000238090255547422,-0.006212694787377132,0.005815848025898355,0.00021481102907379185,0.016207234335885064,colmax,11,False,0.2414191355199753,48,29.330852452012405
b0-5_mlp,RMSE U500,168,5.759247759977977,5.756330529848735,-0.0029172301292419434,-0.006222782284021377,0.00014385829369227004,-0.05065297154802555,-0.006260486055116838,-0.013354325845821179,0.0003087253324808456,0.006237206828643208,-0.4261626092950695,colmax,4,False,-0.11631650715183936,48,60.63618114058769
b6-11_attn,RMSE U500,168,5.759247759977977,5.7660931050777435,0.006845345099767049,0.0025516748428344727,0.011784042169650389,0.11885831943776673,0.014690369165592748,0.005475990601711212,0.025288999635820823,0.014667089939119119,1.0,colmax,1,True,0.07930357260336655,48,40.946245001710054
b6-11_mlp,RMSE U500,168,5.759247759977977,5.759076356887817,-0.0001714030901590983,-0.0053195419410864515,0.003934792180856069,-0.0029761367682461662,-0.0003678375061976378,-0.011415937950166042,0.008444212656076394,0.0003445582797240077,-0.025039364365272286,colmax,10,False,-0.2811898330807643,48,85.55403751653724
b12-17_attn,RMSE U500,168,5.759247759977977,5.759616593519847,0.0003688335418701172,-0.0019090908269087474,0.002128733446200686,0.006404196472206078,0.0007915307134638865,-0.004096981030056559,0.00456834238801149,0.0007682514869902563,0.053880927330116464,colmax,9,False,0.1342954236248904,48,36.634036248873244
b12-17_mlp,RMSE U500,168,5.759247759977977,5.757328232129415,-0.0019195278485616047,-0.004599650204181672,0.0008950506647427861,-0.03332948899855881,-0.004119379272779921,-0.009871023089007199,0.0019208125368914085,0.004096100046306291,-0.2804135979392664,colmax,6,False,-0.003857509068718773,48,48.37175491856671
b18-23_attn,RMSE U500,168,5.759247759977977,5.762405643860499,0.003157883882522583,0.001491390417019526,0.00531604414184888,0.05483153380667649,0.006776938100302754,0.003200580171887862,0.011408431540873572,0.006753658873829124,0.4613184341327142,colmax,3,True,-0.10546461080084907,48,59.3182807065305
b18-23_mlp,RMSE U500,168,5.759247759977977,5.761603603760402,0.0023558437824249268,-0.0009960030515988668,0.007196351637442901,0.040905407799888355,0.0050557297485946,-0.002137460172540052,0.015443642454644352,0.00503245052212097,0.3441526684323187,colmax,5,False,0.02705630341991467,48,45.471019729236936
adaln,RMSE U500,168,5.759247759977977,5.760368625322978,0.0011208653450012207,0.00024130741755167646,0.002088321993748347,0.019462009479611395,0.002405419370828763,0.0005178548334035923,0.004481617884514527,0.002382140144355133,0.16374124732431158,colmax,7,True,-0.01872693524932832,48,49.832095314256186
head,RMSE U500,168,5.759247759977977,5.759716749191284,0.00046898921330769855,-0.0024301163852214814,0.0035018722216288213,0.008143237326353397,0.0010064685677286704,-0.005215121559828186,0.00751515007011297,0.0009831893412550403,0.06851213583427058,colmax,8,False,0.05643104093243306,48,42.87199853126991
embed,RMSE MSLP,168,453.0964190165202,454.4825019836426,1.3860829671223958,-0.5455977916717529,2.8930248419443765,0.305913467630354,0.022595573413450414,-0.00889419699134569,0.0471613581247605,0.02257557008840835,-0.4319480689100735,share,1,False,-0.12244015061343629,48,61.39424822945853
b0-5_attn,RMSE MSLP,168,453.0964190165202,453.0047067006429,-0.09171231587727864,-0.4016262531280517,0.15741494496663402,-0.020241236087530135,-0.0014950709412617819,-0.006547209440257527,0.002566138557168888,0.0014750676162197144,0.02858050973723786,share,6,False,0.09415455869011945,48,39.73897548343406
b0-5_mlp,RMSE MSLP,168,453.0964190165202,452.64392789204913,-0.4524911244710286,-0.8262649218241374,-0.09375012715657587,-0.09986640932920957,-0.00737639568802018,-0.013469561449698953,-0.0015282908245272918,0.007356392362978113,0.14101079953387047,share,2,True,-0.2059773322562251,48,72.90334936253794
b6-11_attn,RMSE MSLP,168,453.0964190165202,453.3700205485026,0.2736015319824219,-0.16065212885538738,0.8612706025441487,0.060384836537948045,0.00446018286681349,-0.002618910308893838,0.014040215189308015,0.004440179541771422,-0.0852630442721608,share,4,False,-0.06510512998553977,48,54.68534257602157
b6-11_mlp,RMSE MSLP,168,453.0964190165202,453.0126705169678,-0.08374849955240886,-0.6698160489400228,0.533838033676147,-0.018483593345140815,-0.001365246824893472,-0.01091917155489807,0.008702492395432665,0.0013452434998514047,0.026098728224675447,share,7,False,-0.17286188553424142,48,68.06284164768006
b12-17_attn,RMSE MSLP,168,453.0964190165202,453.1162363688151,0.019817352294921875,-0.28365292549133303,0.23032457033793124,0.004373760520539298,0.00032305745706532186,-0.004624038137619964,0.0037546928008188925,0.00030305413202325455,-0.0061757248719919045,share,11,False,0.1201675435952814,48,37.70146541818121
b12-17_mlp,RMSE MSLP,168,453.0964190165202,453.0458564758301,-0.050562540690104164,-0.37961150805155436,0.342705901463826,-0.011159333547560131,-0.0008242577300446235,-0.006188330642701054,0.005586704792877522,0.0008042544050025562,0.015756915226813353,share,8,False,-0.017020823150740577,48,49.662292611028185
b18-23_attn,RMSE MSLP,168,453.0964190165202,453.46378898620605,0.3673699696858724,0.12069144248962402,0.6401952584584554,0.08107986606543403,0.005988772185237583,0.001967481322428455,0.010436300931878872,0.005968768860195515,-0.11448430775453891,share,3,True,0.1225308257081864,48,37.521036751427445
b18-23_mlp,RMSE MSLP,168,453.0964190165202,453.34836260477704,0.25194358825683594,-0.1527727444966634,0.7833509604136148,0.055604850906502065,0.004107120554496192,-0.0024904625810496946,0.012769988921564845,0.004087117229454124,-0.0785137318639348,share,5,False,-0.08800172912167187,48,57.263357470562134
adaln,RMSE MSLP,168,453.0964190165202,453.14592997233075,0.049510955810546875,-0.04236043294270833,0.16077561378478997,0.010927245004057663,0.0008071150597210418,-0.0006905490472692528,0.0026209233289322875,0.0007871117346789745,-0.015429207529082374,share,9,False,0.02589112233285397,48,45.5771817400058
head,RMSE MSLP,168,453.0964190165202,453.06244405110675,-0.03397496541341146,-0.27473475138346354,0.29324671427408827,-0.0074983963649848905,-0.0005538512797772432,-0.004478656322427004,0.004780433652099105,0.0005338479547351758,0.010587692836365204,share,10,False,-0.25943055317930674,48,81.62997651622473
embed,RMSE T2M,168,1.7416061510642369,1.7459009687105815,0.0042948176463445025,-0.001014736791451772,0.008030878317852813,0.2466009690951128,0.022078896390860178,-0.0052165820128653815,0.04128532219718249,0.02204974897072351,1.0,colmax,1,False,-0.20838201475477797,48,73.27061510642885
b0-5_attn,RMSE T2M,168,1.7416061510642369,1.7418802976608276,0.0002741465965906779,-0.00041343284149964653,0.0009492923195163405,0.01574102137978533,0.001409339068722593,-0.002125384969445432,0.004880143580736186,0.0013801916485859278,0.06383195263808591,colmax,10,False,0.07879303522683723,48,40.988338694468986
b0-5_mlp,RMSE T2M,168,1.7416061510642369,1.738097794353962,-0.0035083567102750144,-0.005090616022547086,-0.001716185361146929,-0.2014437482395877,-0.01803584009539289,-0.026169954811267493,-0.008822604798721783,0.018006692675256224,-0.8168814136407218,colmax,2,True,0.19317386802548928,48,32.45767894570516
b6-11_attn,RMSE T2M,168,1.7416061510642369,1.7414556716879208,-0.00015047937631607056,-0.0013906467705965043,0.00198159801463286,-0.008640264403299085,-0.0007735878056363182,-0.007149068596758217,0.010187044213775143,0.0007444403854996529,-0.035037430854404215,colmax,11,False,-0.1106147508513669,48,59.93972588582541
b6-11_mlp,RMSE T2M,168,1.7416061510642369,1.7420225689808528,0.000416417916615804,-0.0008413008724649746,0.0021973040575782427,0.023909993448366328,0.002140730711601603,-0.004324978689724905,0.011295950753061426,0.002111583291464938,0.09695822987274783,colmax,7,False,0.004761746618764945,48,47.545038734864484
b12-17_attn,RMSE T2M,168,1.7416061510642369,1.7419679487744968,0.00036179771025975543,-0.0005939008047183354,0.0010108144953846928,0.020773796075460173,0.001859937910536106,-0.00305313878576087,0.005196418183895127,0.0018307904903994408,0.08424052894718277,colmax,9,False,0.2181059457238901,48,30.810878755664874
b12-17_mlp,RMSE T2M,168,1.7416061510642369,1.7422945474584897,0.0006883963942527771,-0.0005837788184483846,0.0020047485828399653,0.0395265252038827,0.003538923865017954,-0.003001103448168791,0.010306057182176556,0.003509776444881289,0.16028536038979438,colmax,6,False,-0.0030611644354750244,48,48.29477413791308
b18-23_attn,RMSE T2M,168,1.7416061510642369,1.742446891963482,0.0008407408992449442,0.00010172314941883088,0.0017188981796304383,0.0482738820560088,0.004322099966639367,0.0005229406837521877,0.00883655091777892,0.004292952546502702,0.19575706548577998,colmax,5,True,0.2750320254879449,48,27.292226454673983
b18-23_mlp,RMSE T2M,168,1.7416061510642369,1.7436738510926564,0.0020677000284194946,0.00022324590633312862,0.004240826889872549,0.11872374400813827,0.01062967940762501,0.0011476676407456133,0.0218013394800975,0.010600531987488344,0.481440703350793,colmax,3,True,0.08126147902576769,48,40.78518458504357
adaln,RMSE T2M,168,1.7416061510642369,1.741998975475629,0.0003928244113922119,0.0001802779734134674,0.0006057653576135633,0.022555295360674407,0.002019440682495878,0.0009267771123968497,0.003114132349555267,0.0019902932623592127,0.09146474745593938,colmax,8,True,-0.283018361170925,48,85.89464220698953
head,RMSE T2M,168,1.7416061510642369,1.742675207555294,0.0010690564910570781,0.0002686994771162669,0.0019719211384654043,0.0613833667505029,0.005495829961981218,0.0013813363928449523,0.010137297108337433,0.005466682541844552,0.24891778396388878,colmax,4,True,-0.3701478580348139,48,104.41672386867299
embed,SpecDiv> Z500,168,0.00878874362873224,0.008253190870163962,-0.000535552758568277,-0.0006545612251405449,-0.0004415291121404153,-6.093621354677397,-0.17680446147286022,-0.21609326636907886,-0.14576400858296376,0.17678220549457524,1.0513214900118841,share,1,True,0.06510195170440045,48,42.132216776411504
b0-5_attn,SpecDiv> Z500,168,0.00878874362873224,0.008784427210533371,-4.316418198868632e-06,-2.1359017167317992e-05,8.99676039504508e-06,-0.049113028906172196,-0.0014249987194218275,-0.007051349222722357,0.00297014131884732,0.0014027427411368362,0.008473382201373624,share,10,False,-0.1271520767115228,48,61.984795104188954
b0-5_mlp,SpecDiv> Z500,168,0.00878874362873224,0.008646921681550642,-0.00014182194718159735,-0.0001733737963756236,-0.00011609610980182579,-1.6136771439998747,-0.046820322732551094,-0.05723667782730599,-0.03832733534503675,0.04679806675426611,0.2784048040867948,share,2,True,-0.1872204863268113,48,70.11321322082526
b6-11_attn,SpecDiv> Z500,168,0.00878874362873224,0.008839146728860214,5.0403100127975144e-05,1.8509585788706318e-05,9.288727499855059e-05,0.5734960792711813,0.016639804075536623,0.006110653516577322,0.03066529743531603,0.016617548097251633,-0.0989442430833925,share,5,True,0.10225025724069434,48,39.09455894373798
b6-11_mlp,SpecDiv> Z500,168,0.00878874362873224,0.008764083565135175,-2.4660063597063225e-05,-7.380710206537818e-05,3.1533580962180454e-05,-0.28058690341636916,-0.008141138654240347,-0.024366273396532162,0.010410324120510281,0.008118882675955355,0.04840915183400573,share,7,False,0.08644875300673767,48,40.36127772646507
b12-17_attn,SpecDiv> Z500,168,0.00878874362873224,0.008769447944359854,-1.9295684372385342e-05,-3.172829237882979e-05,-8.383131595716514e-06,-0.21954997423412964,-0.006370171807778932,-0.010474605083706765,-0.002767561259882516,0.006347915829493941,0.03787856064714668,share,8,True,-0.1687912688288545,48,67.49445572442337
b12-17_mlp,SpecDiv> Z500,168,0.00878874362873224,0.008703522393867994,-8.522123486424486e-05,-0.00011450696329120546,-6.254130057641307e-05,-0.9696634520733867,-0.028134472832341908,-0.03780270319905952,-0.020647043248896414,0.028112216854056918,0.16729428461474033,share,3,True,0.20817788238922139,48,31.4584981229387
b18-23_attn,SpecDiv> Z500,168,0.00878874362873224,0.00883629676536657,4.755313663432995e-05,3.322625222305457e-05,6.485368066933005e-05,0.5410686514835727,0.01569893269984188,0.010969133361880814,0.02141043977801097,0.01567667672155689,-0.09334959751639268,share,6,True,0.004820424094326779,48,47.539459288486825
b18-23_mlp,SpecDiv> Z500,168,0.00878874362873224,0.008841208182275295,5.246455354305605e-05,3.484484332147986e-05,7.342755343415773e-05,0.5969516891076269,0.017320361042284658,0.011503486183191816,0.024240971285261013,0.017298105063999664,-0.10299099709830371,share,4,True,-0.24163823218080863,48,78.58866002180679
adaln,SpecDiv> Z500,168,0.00878874362873224,0.008785061441206684,-3.6821875255554914e-06,-8.330344765757521e-06,1.6467005480080823e-06,-0.04189663143111435,-0.001215617270347649,-0.002750134504265181,0.0005436327214072508,0.0011933612920626577,0.007228350174535871,share,11,False,0.03656235073944705,48,44.61382099351476
head,SpecDiv> Z500,168,0.00878874362873224,0.00878067099256441,-8.072636167829236e-06,-3.1196091974076505e-05,7.771246115832272e-06,-0.0918519928313542,-0.0026650559958555794,-0.010298907350005247,0.0025655567308736273,0.0026428000175705885,0.015847058480241344,share,9,False,-0.1091424038920817,48,59.76133067666022
embed,SpecDiv< Z500,168,0.007262560602005881,0.006902830723750715,-0.0003597298782551661,-0.00044485050299651147,-0.0002907186530743881,-4.953210003587586,-0.13916848654869243,-0.17209905260784378,-0.11247015442831355,0.13915086326850373,1.0981747654044556,share,1,True,0.005931598125817848,48,47.43392431340317
b0-5_attn,SpecDiv< Z500,168,0.007262560602005881,0.0072584278920354945,-4.13270997038732e-06,-1.7771711524498337e-05,6.067426390169809e-06,-0.05690430960735649,-0.0015988190770062486,-0.006875331591139165,0.0023473016810868757,0.0015811957968175543,0.01261623811796782,share,10,False,-0.12391558751423976,48,61.57848197254664
b0-5_mlp,SpecDiv< Z500,168,0.007262560602005881,0.007154520824163531,-0.0001080397778423503,-0.00013216780547130232,-8.80689149198588e-05,-1.487626524073483,-0.04179728534728938,-0.051131681213468914,-0.03407116934748606,0.04177966206710069,0.3298212488266358,share,2,True,-0.21940217335507434,48,74.98266370099438
b6-11_attn,SpecDiv< Z500,168,0.007262560602005881,0.007305980247717041,4.3419645711158715e-05,1.8637423393859836e-05,7.713933931275578e-05,0.5978558815628532,0.01679773281388701,0.007210249033167207,0.029842850856851514,0.016780109533698316,-0.13255045556425513,share,5,True,0.05506418762766472,48,42.98972472552417
b6-11_mlp,SpecDiv< Z500,168,0.007262560602005881,0.0072460354276699945,-1.6525174335887034e-05,-5.511993355563997e-05,2.8473474837179894e-05,-0.22753922812462132,-0.006393084481704891,-0.021324216294765722,0.011015516473340634,0.006375461201516196,0.050447656829627985,share,7,False,0.05932666229335502,48,42.62360404690268
b12-17_attn,SpecDiv< Z500,168,0.007262560602005881,0.007248462745337747,-1.4097856668134531e-05,-2.533997394493781e-05,-4.459524643607445e-06,-0.1941168885288307,-0.0054540295223767625,-0.009803260825053945,-0.0017252536775308358,0.005436406242188069,0.04303759952975755,share,8,True,-0.12218289084861574,48,61.36218831825513
b12-17_mlp,SpecDiv< Z500,168,0.007262560602005881,0.007199941227251354,-6.261937475452821e-05,-8.505706258195762e-05,-4.5482869851790995e-05,-0.8622217174646786,-0.0242255207031526,-0.032905975803911316,-0.017595931124395007,0.024207897422963903,0.1911629290132231,share,3,True,0.11668070208165299,48,37.969068706069905
b18-23_attn,SpecDiv< Z500,168,0.007262560602005881,0.007297454178721334,3.489357671545198e-05,2.274440691204897e-05,4.9145541440035836e-05,0.48045832079961653,0.013499257513204375,0.008799115332733741,0.019012906728793834,0.013481634233015682,-0.10652227612973804,share,6,True,-0.044601353654079356,48,52.48161609519524
b18-23_mlp,SpecDiv< Z500,168,0.007262560602005881,0.007306230424243647,4.36698222377648e-05,3.127054890986377e-05,5.9828111989190786e-05,0.6013006242688484,0.016894518459679493,0.01209761887569901,0.02314566651785141,0.0168768951794908,-0.13331418847892967,share,4,True,-0.28377213204171925,48,86.03555529563933
adaln,SpecDiv< Z500,168,0.007262560602005881,0.007259738107677549,-2.822494328332444e-06,-6.198782648425549e-06,1.1975174857070658e-06,-0.0388636251455566,-0.001091936721718926,-0.0023981193995060938,0.0004632828857858554,0.0010743134415302316,0.008616443154252714,share,11,False,-0.024938991238407395,48,50.455377804438996
head,SpecDiv< Z500,168,0.007262560602005881,0.007268064407981001,5.503805975119273e-06,-1.5523299225606024e-05,2.035415066832986e-05,0.0757832708975833,0.0021292541824165247,-0.006005489646700078,0.007874398304736432,0.00211163090222783,-0.01680188719623388,share,9,False,-0.028985847922775546,48,50.865706328413175
embed,SpecRes Z500,168,0.0019478330044269871,0.0018585217706762098,-8.931123375077732e-05,-0.00010652664241206367,-7.440706989048826e-05,-4.5851586633860775,-0.12843740755527042,-0.1531946790159944,-0.1070039093535079,0.1284208027903153,0.7644512885077427,share,1,True,0.11096882889765015,48,38.41106528187224
b0-5_attn,SpecRes Z500,168,0.0019478330044269871,0.001954936310842944,7.103306415956467e-06,4.265603941651837e-06,1.0370334833472345e-05,0.3646773824969721,0.010215179242535406,0.006134313556255588,0.01491345338715257,0.010198574477580297,-0.06080009775137583,share,4,True,0.07620949385295409,48,41.20196351019813
b0-5_mlp,SpecRes Z500,168,0.0019478330044269871,0.001915863496833481,-3.196950759350633e-05,-3.887281145580346e-05,-2.4672892929326434e-05,-1.6412858556584067,-0.04597496310023539,-0.055902521083746194,-0.035481789598543846,0.045958358335280274,0.2736400589987513,share,2,True,-0.006658693973790917,48,48.64351962171103
b6-11_attn,SpecRes Z500,168,0.0019478330044269871,0.0019479883133802407,1.5530895325355232e-07,-4.345101024227915e-06,5.6148981154062e-06,0.00797342240841848,0.00022334793159024441,-0.006248637351432025,0.008074717225854797,0.00020674316663513422,-0.0013293526966917924,share,11,False,-0.059007711588243805,48,54.01996465032946
b6-11_mlp,SpecRes Z500,168,0.0019478330044269871,0.0019420922471908852,-5.740757236101975e-06,-1.2814833826269022e-05,1.6639529955379321e-06,-0.2947253292789742,-0.008255713708609246,-0.01842885789138765,0.0023929107242778224,0.008239108943654136,0.049137483403201856,share,5,False,0.16665459706444619,48,34.28656557095531
b12-17_attn,SpecRes Z500,168,0.0019478330044269871,0.0019427101930583983,-5.122811368588979e-06,-6.423305785574485e-06,-3.858816853608006e-06,-0.2630005424975334,-0.007367053213174416,-0.009237278541421742,-0.00554931795356241,0.007350448448219306,0.04384823260227187,share,6,True,-0.22194140191206257,48,75.38402304905821
b12-17_mlp,SpecRes Z500,168,0.0019478330044269871,0.001947428301112571,-4.047033144161105e-07,-4.832856696642315e-06,4.13377868729488e-06,-0.020777105300932408,-0.0005819989529836535,-0.006950072898275962,0.005944737248675195,0.0005653941880285432,0.003464020786366722,share,9,False,0.09805378809008232,48,39.427411153491086
b18-23_attn,SpecRes Z500,168,0.0019478330044269871,0.0019443136200910278,-3.51938433595933e-06,-7.653631473658607e-06,2.39463588513889e-07,-0.180682036291641,-0.005061184145799678,-0.011006595067348733,0.00034436969708010834,0.005044579380844567,0.030123846434432,share,8,False,0.24094294990110857,48,29.3605265315785
b18-23_mlp,SpecRes Z500,168,0.0019478330044269871,0.0019336249182136573,-1.4208086213329807e-05,-2.3321933804254512e-05,-5.838553533976679e-06,-0.7294304070748373,-0.020432477337107402,-0.03353899158254551,-0.008396353384493476,0.020415872572152292,0.12161280677543583,share,3,True,0.410406924803282,48,20.065462748199213
adaln,SpecRes Z500,168,0.0019478330044269871,0.0019475925861722014,-2.404182547858606e-07,-1.646090489278625e-06,7.145894111696764e-07,-0.012342857639204381,-0.0003457425911260538,-0.0023672228695697886,0.0010276424093881877,0.00032913782617094363,0.0020578379329603013,share,10,False,0.17758341692114382,48,33.52288714373819
head,SpecRes Z500,168,0.0019478330044269871,0.001952785714820493,4.952710393505792e-06,-9.726869999819125e-07,1.0414803121724004e-05,0.2542677109510617,0.0071224330534834955,-0.0013988094374444008,0.014977402695896877,0.007105828288528386,-0.04239226895561993,share,7,False,0.48139022902741707,48,16.80399162820674
embed,SpecResLog Z500,168,1.381732456204019,1.3002582212779894,-0.08147423492602977,-0.08833135000285944,-0.07461293842232278,-5.896527548456149,-0.7112073630386827,-0.7710646999780535,-0.6513135254609705,0.7111383989981811,0.8219201775737379,share,1,True,-0.030771921576077773,48,51.04789402728322
b0-5_attn,SpecResLog Z500,168,1.381732456204019,1.381728396562463,-4.059641556040476e-06,-0.001083034312017298,0.0010909122389749803,-0.00029380807679609515,-3.5437546220288224e-05,-0.009454055970326754,0.00952282420930281,0.0,4.095406740125753e-05,share,11,False,-0.012516741750330596,48,49.21683805572725
b0-5_mlp,SpecResLog Z500,168,1.381732456204019,1.3702147839408856,-0.011517672263133568,-0.013556889944829892,-0.009628670996002573,-0.8335674689712097,-0.10054041410814105,-0.1183412149549097,-0.0840508869442137,0.10047145006763937,0.11619142223729459,share,2,True,-0.12572841866018045,48,61.80569659244806
b6-11_attn,SpecResLog Z500,168,1.381732456204019,1.384022128547648,0.0022896723436289603,-0.0005565642053233905,0.004897532549588361,0.16571025261426442,0.019987077279257696,-0.004858377144494131,0.0427516896986048,0.01991811323875603,-0.023098442114489186,share,7,False,0.039067199864162135,48,44.39055954470523
b6-11_mlp,SpecResLog Z500,168,1.381732456204019,1.3787312471401483,-0.00300120906387083,-0.005236555363562197,-0.0010696107214323819,-0.2172062363010519,-0.026198245202072243,-0.04571109793060838,-0.009336878356188042,0.02612928116157058,0.030276495249721383,share,5,True,-0.023034774663264264,48,50.26347705151038
b12-17_attn,SpecResLog Z500,168,1.381732456204019,1.380143066800743,-0.001589389403276011,-0.002187712320876427,-0.0010685750950020425,-0.11502873773715064,-0.013874146193233123,-0.019097044755687156,-0.009327838134536578,0.013805182152731459,0.016033918229001708,share,9,True,-0.08615778435303165,48,57.05095776521482
b12-17_mlp,SpecResLog Z500,168,1.381732456204019,1.3731803272649206,-0.008552128939098444,-0.009547635081281982,-0.0076291858864933875,-0.618942466083006,-0.0746535033641635,-0.08334350577920879,-0.06659692087186932,0.07458453932366182,0.08627472651494128,share,3,True,-0.031326077589494405,48,51.104557043414474
b18-23_attn,SpecResLog Z500,168,1.381732456204019,1.3845160009520978,0.002783544748078917,0.002036487498803147,0.0035212565892319284,0.20145323615875999,0.02429820325381054,0.017776968451437374,0.03073785983610539,0.024229239213308877,-0.02808067600392447,share,6,True,0.14775213745852606,48,35.64175231472306
b18-23_mlp,SpecResLog Z500,168,1.381732456204019,1.38155169822686,-0.00018075797715905173,-0.002842777820753573,0.0028386183267642066,-0.013081980983181161,-0.0015778780175132864,-0.024815262388638473,0.024778953207528168,0.0015089139770116217,0.0018235044344917445,share,10,False,0.42294848318147954,48,19.465548566705476
adaln,SpecResLog Z500,168,1.381732456204019,1.3794430253779302,-0.0022894308260888916,-0.0028066347530471287,-0.0017324171386702409,-0.16569277328684584,-0.019984969017020487,-0.02449976122561477,-0.015122668239785364,0.019916004976518825,0.023096005661546723,share,8,True,0.01653192298028717,48,46.43874592599652
head,SpecResLog Z500,168,1.381732456204019,1.3758168331902114,-0.005915623013807571,-0.007124139780035543,-0.004676626198661197,-0.4281308575510585,-0.05163883586265969,-0.06218825707879477,-0.040823347278893266,0.051569871822158025,0.05967739276572968,share,4,True,0.025389322614458726,48,45.62297605676895
embed,SpecDivW1 Z500,168,0.18304460631306596,0.17336591405616775,-0.009678692256898228,-0.010866443742465025,-0.008777553786094641,-5.287614014883622,-0.21404652501962762,-0.2403139247183085,-0.19411763864558934,0.2140280268423573,0.9688506245029561,share,1,True,-0.011704195630324866,48,49.13690939043074
b0-5_attn,SpecDivW1 Z500,168,0.18304460631306596,0.18311944784934772,7.484153628176896e-05,-0.00010924441426248818,0.00021952743306751163,0.0408870481295502,0.0016551379404408184,-0.002415965569524577,0.004854900119495953,0.0016366397631704937,-0.007491742400805518,share,10,False,-0.01764394517158143,48,49.72424115283503
b0-5_mlp,SpecDivW1 Z500,168,0.18304460631306596,0.18092633057363372,-0.0021182757394322613,-0.002378115513438241,-0.001903304228040772,-1.1572456474403399,-0.046846159483550295,-0.052592576376620244,-0.04209201462903543,0.04682766130627997,0.21204236259869624,share,2,True,-0.2697381006296824,48,83.45968601508287
b6-11_attn,SpecDivW1 Z500,168,0.18304460631306596,0.18331046399334316,0.0002658576802771629,-0.00015636106863886653,0.0006744651505898477,0.1452420181245109,0.005879504286599023,-0.0034579613135907955,0.014915953302234929,0.005861006109328699,-0.026612725431150668,share,9,False,0.1454578819759018,48,35.80927968682802
b6-11_mlp,SpecDivW1 Z500,168,0.18304460631306596,0.1827088873225197,-0.0003357189905463023,-0.0007138473864101719,7.185927770474324e-05,-0.1834082944635437,-0.007424503373202853,-0.015786900585307795,0.001589184600032937,0.007406005195932529,0.03360594024636599,share,8,False,-0.11931608985001631,48,61.00619268001711
b12-17_attn,SpecDivW1 Z500,168,0.18304460631306596,0.18270850370436795,-0.0003361026086980302,-0.00046878592268446436,-0.00022581540651066048,-0.183617870784559,-0.007432987177639685,-0.010367309453114738,-0.004993960111197047,0.0074144890003693615,0.0336443409596036,share,7,True,0.024351977470042398,48,45.717786572836054
b12-17_mlp,SpecDivW1 Z500,168,0.18304460631306596,0.18178853621236604,-0.0012560701006999171,-0.0015559850947782594,-0.0009943810353405251,-0.686209840322543,-0.027778281724398262,-0.03441097140806886,-0.021990967323954353,0.027759783547127936,0.1257343729071726,share,3,True,0.29559068211727996,48,26.09747640598564
b18-23_attn,SpecDivW1 Z500,168,0.18304460631306596,0.18360034118640622,0.0005557348733402449,0.0004024145619313889,0.0007472001454123074,0.30360625452670104,0.012290205671734389,0.008899491409835746,0.016524504589519835,0.012271707494464065,-0.0556298376684123,share,5,True,0.18858754754204782,48,32.76813542134462
b18-23_mlp,SpecDivW1 Z500,168,0.18304460631306596,0.18403983270566995,0.000995226392603954,0.0006866606741885075,0.0012760152830234778,0.5437070300240326,0.02200966259598432,0.015185660136360944,0.028219374059387868,0.021991164418713995,-0.09962355310025887,share,4,True,0.05900899259215373,48,42.650788304468705
adaln,SpecDivW1 Z500,168,0.18304460631306596,0.1829904647595201,-5.4141553545886526e-05,-0.00013749929549367978,1.1265639763262462e-05,-0.029578338655489696,-0.0011973530191954904,-0.0030408288239656316,0.00024914223734416504,0.0011788548419251659,0.00541964519298632,share,11,False,0.09207071682648194,48,39.906395181964534
head,SpecDivW1 Z500,168,0.18304460631306596,0.18346193085591755,0.00041732454285156015,0.00019019017569033882,0.0006074895221530701,0.22799062548600807,0.009229229097465704,0.004206099865441517,0.013434771738921924,0.00921073092019538,-0.04177477010636151,share,6,True,0.0036102652598936527,48,47.654661299364015
embed,|RQE| Z500,168,0.005690679697484787,0.005288887427013833,-0.00040179227047095384,-0.0005476710461759164,-0.00028523459322968856,-7.060532165402689,-0.08889770343055488,-0.12117380501964628,-0.06310897979034388,0.08883522670051924,0.6849040932098314,share,1,True,0.03852483963565986,48,44.43880968093085
b0-5_attn,|RQE| Z500,168,0.005690679697484787,0.0057148270207108,2.414732322601291e-05,6.907590037978177e-06,5.320653266001799e-05,0.4243310906548781,0.005342665194309729,0.0015283243002566205,0.011772099436941123,0.005280188464274089,-0.0411620673990857,share,6,True,0.3235816866566087,48,24.530468627514587
b0-5_mlp,|RQE| Z500,168,0.005690679697484787,0.005411208272562362,-0.00027947142492242466,-0.0003352802507833985,-0.0002235766001225178,-4.911037692842697,-0.06183386211224869,-0.07418172645613232,-0.04946697025407355,0.06177138538221305,0.47639324330503796,share,2,True,-0.048584570508578416,48,52.902294648844126
b6-11_attn,|RQE| Z500,168,0.005690679697484787,0.005631500451272586,-5.9179246212200574e-05,-8.237500196628389e-05,-3.7803604997558694e-05,-1.0399328262730567,-0.013093579607316795,-0.01822570774272639,-0.008364157084803257,0.013031102877281155,0.10087826706148323,share,5,True,-0.09387806328444367,48,57.94600584108325
b6-11_mlp,|RQE| Z500,168,0.005690679697484787,0.005669579339155462,-2.1100358329325292e-05,-5.065952988540327e-05,1.5007173139262378e-05,-0.3707880156855674,-0.004668515386919074,-0.011208567696947466,0.0033203805177769853,0.004606038656883434,0.03596814286897485,share,8,False,-0.15632347268310928,48,65.78768626561747
b12-17_attn,|RQE| Z500,168,0.005690679697484787,0.005684021826406631,-6.657871078156556e-06,-2.1736666773601125e-05,4.740329404739893e-06,-0.11699606078864809,-0.0014730732572109482,-0.004809300472961888,0.0010488116087742651,0.0014105965271753083,0.011349155990850322,share,11,False,-0.04498276952662255,48,52.521746557824166
b12-17_mlp,|RQE| Z500,168,0.005690679697484787,0.005713923390430864,2.3243692946077015e-05,1.6918006925455608e-06,4.802826360901235e-05,0.4084519632400055,0.0051427343779641265,0.0003743158026739468,0.010626392413159047,0.005080257647928486,-0.03962171900773659,share,7,True,-0.016477055080991777,48,49.608297290822705
b18-23_attn,|RQE| Z500,168,0.005690679697484787,0.005708571077169229,1.7891379684442654e-05,-3.4581162253743965e-06,3.590008191167726e-05,0.31439793900806673,0.003958519568549085,-0.0007651182295552565,0.007942997089456519,0.0038960428385134455,-0.030498046079091626,share,9,False,0.04600592302286551,48,43.77768298153456
b18-23_mlp,|RQE| Z500,168,0.005690679697484787,0.005865698335886312,0.0001750186384015251,0.00012968028019410364,0.0002244720731444734,3.075531354872798,0.03872338059963517,0.028692137546533717,0.04966509625346762,0.03866090386959953,-0.298340686565999,share,3,True,0.27288139400286915,48,27.41943848994906
adaln,|RQE| Z500,168,0.005690679697484787,0.00570014687643076,9.467178945972895e-06,3.331281883826402e-06,1.4527807464522378e-05,0.1663628854415629,0.0020946407587099985,0.0007370557641760018,0.003214319473999626,0.0020321640286743584,-0.0161379650326437,share,10,True,-0.1337753665298571,48,62.82575614990166
head,|RQE| Z500,168,0.005690679697484787,0.005612344277324155,-7.833542016063196e-05,-0.00012206437680409483,-2.991326458262245e-05,-1.3765564805071577,-0.017331938569612668,-0.0270070968658676,-0.006618396417603386,0.017269461839577026,0.13353230973916252,share,4,True,-0.14664900002438205,48,64.49767094987048
embed,SpecDiv> T850,168,0.008269234055963656,0.007662893583377202,-0.000606340472586453,-0.0007257470851376032,-0.0005291522531479133,-7.332486521519713,-0.2712963026891304,-0.32472267609873606,-0.23675980134772062,0.2712769197568109,0.7217683822510462,share,1,True,0.3965079387676457,48,20.74289600151905
b0-5_attn,SpecDiv> T850,168,0.008269234055963656,0.00827325634115065,4.022285186996062e-06,-4.405404615681618e-06,1.0518539541711408e-05,0.04864156897452004,0.0017997002491660324,-0.0019711202502875036,0.004706334174235497,0.0017803173168465288,-0.0047880001478155625,share,11,False,0.03991961818267436,48,44.31482733998816
b0-5_mlp,SpecDiv> T850,168,0.008269234055963656,0.00813638768158853,-0.00013284637437512478,-0.00015304377351033812,-0.00011724682772182861,-1.6065136562354023,-0.05943975674242766,-0.0684767251736233,-0.05246001594991041,0.05942037381010816,0.15813609194128028,share,2,True,-0.035352806902028446,48,51.51824945625487
b6-11_attn,SpecDiv> T850,168,0.008269234055963656,0.008286455170794701,1.722111483104527e-05,-5.964169637688125e-06,4.629023169400163e-05,0.20825525936861883,0.007705282746372148,-0.002668562044709713,0.02071174410580889,0.007685899814052644,-0.020499466478201823,share,9,False,0.1523874336201338,48,35.30531659688756
b6-11_mlp,SpecDiv> T850,168,0.008269234055963656,0.008224095479818061,-4.513857614559432e-05,-7.019064796622842e-05,-1.6702668411502003e-05,-0.5458616341019035,-0.020196456233103382,-0.031405561953275346,-0.00747331308060907,0.020177073300783877,0.05373152305460861,share,4,True,0.05207464305884459,48,43.24827846899313
b12-17_attn,SpecDiv> T850,168,0.008269234055963656,0.008252179948613048,-1.7054107350607712e-05,-2.5064827544459454e-05,-9.148908914842956e-06,-0.20623563482652338,-0.0076305582079113305,-0.011214813042820545,-0.004093517214262193,0.007611175275591827,0.02030066609388136,share,10,True,0.10432575173262972,48,38.930871483691284
b12-17_mlp,SpecDiv> T850,168,0.008269234055963656,0.008172132414377605,-9.710164158605039e-05,-0.00011113303626189009,-8.552857446678294e-05,-1.174251943153333,-0.04344640930032014,-0.049724508271495944,-0.038268245443242734,0.04342702636800064,0.11558670075663091,share,3,True,0.14290823553267307,48,35.996244856226326
b18-23_attn,SpecDiv> T850,168,0.008269234055963656,0.008287221484351903,1.798742838824789e-05,1.2086618031995992e-05,2.593364115455188e-05,0.2175223033537865,0.008048156171731337,0.005407943115043757,0.01160354830098107,0.008028773239411832,-0.021411661724083778,share,8,True,-0.11113507903826599,48,60.002912181673146
b18-23_mlp,SpecDiv> T850,168,0.008269234055963656,0.008306787717932215,3.755366196855903e-05,1.0321332714132343e-05,6.727692307322284e-05,0.45413712702297804,0.016802720756950343,0.00461809747289997,0.0301018673686903,0.01678333782463084,-0.04470268285247083,share,6,True,0.12089119459568672,48,37.64613627340329
adaln,SpecDiv> T850,168,0.008269234055963656,0.008248502970673144,-2.0731085290511448e-05,-2.552262327905434e-05,-1.4916327684962509e-05,-0.25070139689129345,-0.009275756846739034,-0.011419645634075186,-0.006674046568865405,0.00925637391441953,0.024677623495283758,share,7,True,0.2643309073964297,48,27.929489217097256
head,SpecDiv> T850,168,0.008269234055963656,0.008230002839506293,-3.9231216457361974e-05,-5.421121531981043e-05,-2.928209578385577e-05,-0.4744238244057074,-0.01755331279384741,-0.024255847903096924,-0.013101755004514165,0.017533929861527905,0.04669959027373594,share,5,True,0.1432106937119737,48,35.974022048630985
embed,SpecDiv< T850,168,0.006892132689245045,0.006442936195526272,-0.0004491964937187731,-0.0005410097859567031,-0.00038816512654496667,-6.517525328839505,-0.24345725526146997,-0.2932185789523888,-0.2103792385254526,0.24342708017054243,0.7288736965817177,share,1,True,0.40973800726880877,48,20.097759658184998
b0-5_attn,SpecDiv< T850,168,0.006892132689245045,0.006896024870608623,3.892181363577644e-06,-3.1208968721330165e-06,9.807941872471315e-06,0.05647281529636349,0.0021094995286176626,-0.0016914757730039172,0.005315746319094912,0.0020793244376901446,-0.006315518170570142,share,11,False,0.1284242348979222,48,37.07438694693065
b0-5_mlp,SpecDiv< T850,168,0.006892132689245045,0.006791546072539252,-0.00010058661670579265,-0.00011860883132612797,-8.736054890808495e-05,-1.459441093796045,-0.054516324062318385,-0.0642840737365777,-0.0473480086169446,0.05448614897139087,0.16321351606742387,share,2,True,-0.010946547236703864,48,49.06249923276398
b6-11_attn,SpecDiv< T850,168,0.006892132689245045,0.006906829007978861,1.4696318733816346e-05,-5.279812952115511e-06,3.768573127066096e-05,0.21323325299220497,0.00796516774154223,-0.002861573470831125,0.020425058578975776,0.007934992650614713,-0.023846491037764296,share,9,False,0.1567004450302575,48,34.994694445275144
b6-11_mlp,SpecDiv< T850,168,0.006892132689245045,0.0068625752270842595,-2.9557462160785992e-05,-5.091813339580161e-05,-6.378857748738203e-06,-0.42885799640667793,-0.016019667808593527,-0.02759680712766252,-0.0034572380259571454,0.015989492717666007,0.04796042936210916,share,5,True,0.10795039427784937,48,38.64647848478072
b12-17_attn,SpecDiv< T850,168,0.006892132689245045,0.00687957302822421,-1.2559661020835241e-05,-1.8806442676577716e-05,-6.491986035446953e-06,-0.18223185169423967,-0.006807133719662043,-0.010192788633248481,-0.0035185517328975824,0.006776958628734525,0.02037951472034588,share,10,True,0.12522643687466312,48,37.31616113343527
b12-17_mlp,SpecDiv< T850,168,0.006892132689245045,0.006820089615454587,-7.204307379045834e-05,-8.367846118441473e-05,-6.231920621454872e-05,-1.0452943528333294,-0.03904618413296291,-0.0453523764529101,-0.03377600472671163,0.039016009042035386,0.1168982889248369,share,3,True,0.13798400066248742,48,36.35970975348753
b18-23_attn,SpecDiv< T850,168,0.006892132689245045,0.006906862661708146,1.4729972463101149e-05,9.568362778130299e-06,2.1725466649513688e-05,0.21372154494481518,0.007983407520070245,0.005185898313730004,0.011774852550555773,0.007953232429142726,-0.023901098138243874,share,8,True,-0.11439180360080982,48,60.4000807471386
b18-23_mlp,SpecDiv< T850,168,0.006892132689245045,0.006925012256639699,3.2879567394653954e-05,9.102262022982662e-06,5.9935865768541895e-05,0.47705940783701795,0.017820195268706818,0.0049332792213944675,0.03248427264186206,0.0177900201777793,-0.053350932529657856,share,4,True,0.15835702648086566,48,34.876002653216325
adaln,SpecDiv< T850,168,0.006892132689245045,0.006875328215149541,-1.680447409550349e-05,-2.0701089427651215e-05,-1.2161248499372354e-05,-0.24382110521067507,-0.009107753948687538,-0.011219656616762169,-0.006591200558354061,0.009077578857760019,0.02726721896624959,share,7,True,0.2511669272520561,48,28.728370858431546
head,SpecDiv< T850,168,0.006892132689245045,0.006871312342506523,-2.082034673852225e-05,-3.2927438587648795e-05,-1.2309547309996562e-05,-0.30208859401403776,-0.011284292155953852,-0.017846140683276134,-0.006671576122050499,0.011254117065026333,0.03378344066265271,share,6,True,0.14533490050673284,48,35.81827879123087
embed,SpecRes T850,168,0.0021629182616986022,0.002029177767932803,-0.00013374049376579933,-0.00018428501443850108,-9.538529445004923e-05,-6.183335548740018,-0.17648339589216294,-0.24318173385165062,-0.12587003538507505,0.17647247048518697,0.6771192546868667,share,1,True,0.5939396109983701,48,12.228128680402161
b0-5_attn,SpecRes T850,168,0.0021629182616986022,0.0021656234227217888,2.7051610231865197e-06,5.638944154876905e-07,5.0673153054958655e-06,0.12506996085289318,0.0035697191655588304,0.000744112710875478,0.006686808071280927,0.003558793758582851,-0.013696050943520834,share,10,True,0.11579950910585779,48,38.03696203176257
b0-5_mlp,SpecRes T850,168,0.0021629182616986022,0.00212488599451414,-3.80322671844624e-05,-4.764876375702443e-05,-2.995773405321719e-05,-1.75837745965465,-0.050187220618056604,-0.06287710925180932,-0.03953210048861121,0.05017629521108062,0.19255484771195353,share,2,True,0.435076208628223,48,18.895402085834576
b6-11_attn,SpecRes T850,168,0.0021629182616986022,0.0021594292326578093,-3.489029040792957e-06,-1.1186286004279585e-05,3.582738342326281e-06,-0.16131118325539134,-0.004604108121238151,-0.014761376198545817,0.00472776652338406,0.004593182714262171,0.017664722756442416,share,9,False,0.28935393961468914,48,26.455893801114588
b6-11_mlp,SpecRes T850,168,0.0021629182616986022,0.0021479579154402018,-1.4960346258400628e-05,-2.1018457361302962e-05,-9.749693769360118e-06,-0.6916741387467797,-0.019741610316084634,-0.02773586837531149,-0.012865655097239892,0.019730684909108655,0.07574324143056334,share,5,True,-0.0398674967790257,48,51.986199485953264
b12-17_attn,SpecRes T850,168,0.0021629182616986022,0.0021655064386626086,2.588176964006076e-06,-4.720530644893491e-07,6.438041358099629e-06,0.11966133948924661,0.0034153474906226783,-0.0006229192484384768,0.008495612434041804,0.0034044220836466988,-0.013103768406406688,share,11,False,0.4606725557161505,48,17.7231489866203
b12-17_mlp,SpecRes T850,168,0.0021629182616986022,0.0021507525258736373,-1.216573582496494e-05,-1.4730945864963967e-05,-1.003038863321611e-05,-0.5624685888689495,-0.016053854083091547,-0.019438894516907185,-0.013236058864924067,0.016042928676115568,0.06159431405227952,share,7,True,-0.11731595227644047,48,60.75918767036043
b18-23_attn,SpecRes T850,168,0.0021629182616986022,0.002147437226085458,-1.548103561314444e-05,-2.142438670489355e-05,-9.899147971736966e-06,-0.7157476030086654,-0.020428709809608307,-0.02827153103836847,-0.013062874237256002,0.020417784402632325,0.07837945711872221,share,4,True,0.5930176859610492,48,12.262984426368316
b18-23_mlp,SpecRes T850,168,0.0021629182616986022,0.0021759236151410732,1.3005353442470854e-05,7.278488131608659e-07,2.7832850021998942e-05,0.6012873289190954,0.017161809977495637,0.0009604662479237731,0.036728112413293344,0.017150884570519657,-0.06584524239402123,share,6,True,0.7885198369175288,48,5.675669689777501
adaln,SpecRes T850,168,0.0021629182616986022,0.0021575080281763803,-5.410233522222067e-06,-8.219312530854949e-06,-3.2225203540292578e-06,-0.2501358288950436,-0.007139321515018496,-0.010846170419293278,-0.004252424373478232,0.007128396108042516,0.027391653695133293,share,8,True,0.7336648910547421,48,7.374023258667186
head,SpecRes T850,168,0.0021629182616986022,0.0021459608299968145,-1.6957431701788057e-05,-2.257015621580649e-05,-1.2935317045048581e-05,-0.7840070520497107,-0.022376955909716275,-0.029783483690118948,-0.0170693902405476,0.022366030502740292,0.08585435264973167,share,3,True,0.29887331465496764,48,25.91021042379442
embed,SpecResLog T850,168,0.7590641326435484,0.7168320004579218,-0.04223213218562668,-0.04577813288898764,-0.038413363496872785,-5.563710676006689,-0.6594876134344753,-0.7148611742771455,-0.5998545682040066,0.6594586201521011,0.8562806747313964,share,1,True,0.10642627147693662,48,38.76583562305726
b0-5_attn,SpecResLog T850,168,0.7590641326435484,0.7590653000393383,1.1673957897214333e-06,-0.0004842223068414839,0.0005309066132386201,0.00015379409189784953,1.822979384306022e-05,-0.007561508192553687,0.00829051997143729,0.0,-2.366961843431318e-05,share,11,False,-0.01814683933679915,48,49.77429441196279
b0-5_mlp,SpecResLog T850,168,0.7590641326435484,0.7522196645492691,-0.006844468094279192,-0.007593135428896983,-0.005815805139471531,-0.9016982623645201,-0.1068816963558577,-0.11857271947525103,-0.09081832370602866,0.10685270307348357,0.13877551178771802,share,2,True,0.06787571247793679,48,41.89810225877147
b6-11_attn,SpecResLog T850,168,0.7590641326435484,0.7601224816012131,0.0010583489576646333,-4.50913473103402e-05,0.002398409371365351,0.13942813421822253,0.016526942689118133,-0.000704136482939928,0.037453029020849196,0.016497949406743997,-0.02145863144174317,share,10,False,0.08368251564052186,48,40.58683111931376
b6-11_mlp,SpecResLog T850,168,0.7590641326435484,0.7552421261190162,-0.0038220065245320733,-0.004941426991425152,-0.002533039623479832,-0.5035156266996036,-0.059683606556159195,-0.07716422839396157,-0.03955538519062077,0.05965461327378506,0.0774933719015011,share,4,True,-0.0745044980952461,48,55.72821888644868
b12-17_attn,SpecResLog T850,168,0.7590641326435484,0.757993959962142,-0.0010701726814064995,-0.0013470044017185523,-0.0008435625076898505,-0.14098580546540534,-0.01671157933777604,-0.0210345221091498,-0.013172885104023207,0.016682586055401905,0.02169836421438704,share,9,True,-0.23977913918871982,48,78.27909197013126
b12-17_mlp,SpecResLog T850,168,0.7590641326435484,0.7529330599412166,-0.006131072702331805,-0.006552130063351323,-0.00557389983523699,-0.8077147158803929,-0.09574147207348872,-0.1023166104756243,-0.0870407841050072,0.0957124787911146,0.12431101151380383,share,3,True,-0.057834679148577275,48,53.89294582955573
b18-23_attn,SpecResLog T850,168,0.7590641326435484,0.7612913466998327,0.0022272140562841444,0.001858999424576793,0.002676873111176209,0.2934157945953204,0.034779680934188,0.02902972287786752,0.041801457046900956,0.03475068765181386,-0.04515804095572774,share,6,True,0.19022519277802363,48,32.657005567100235
b18-23_mlp,SpecResLog T850,168,0.7590641326435484,0.760865152352958,0.0018010197094095366,0.0007515239095558014,0.0028482962965972365,0.23726845097228216,0.02812432449979846,0.01173563076032855,0.044478363506270414,0.028095331217424323,-0.03651670640732195,share,7,True,0.15716958721463795,48,34.961046557641176
adaln,SpecResLog T850,168,0.7590641326435484,0.7575786834431267,-0.0014854492004217391,-0.0017296192585964968,-0.0012392159822992425,-0.1956948216283717,-0.023196445392773518,-0.027009350889234153,-0.019351322047967284,0.023167452110399382,0.030118333548151768,share,8,True,0.1751511782326332,48,33.69161702614216
head,SpecResLog T850,168,0.7590641326435484,0.755421334459462,-0.0036427981840863274,-0.004451480888770886,-0.0030421665700423057,-0.47990650953296476,-0.056885128841876485,-0.06951333867494916,-0.047505798715750364,0.05685613555950235,0.0738598201310176,share,5,True,0.2699214463106382,48,27.595226995258756
embed,SpecDivW1 T850,168,0.346634542313177,0.32926038844901434,-0.017374153864162595,-0.01953385314815155,-0.015704148009145158,-5.012239619346826,-0.2838743728065149,-0.31916145984893146,-0.2565883323821726,0.2838616886865658,0.7326227274403917,share,1,True,0.08616395144819393,48,40.38444681578889
b0-5_attn,SpecDivW1 T850,168,0.346634542313177,0.3466744795022319,3.993718905496065e-05,-0.00010030373044422371,0.00013788132681879486,0.011521410644320107,0.0006525293020465948,-0.0016388515258138655,0.0022528277047868784,0.0006398451820975042,-0.0016840470390963734,share,11,False,-0.2130275837096564,48,73.98648645466884
b0-5_mlp,SpecDivW1 T850,168,0.346634542313177,0.3431585016851888,-0.003476040627988196,-0.0038897417647857525,-0.0030849808239732483,-1.002796952892152,-0.05679464225049174,-0.06355405923597088,-0.05040515948992034,0.05678195813054265,0.1465755619226564,share,2,True,-0.038013311160703445,48,51.793480631037255
b6-11_attn,SpecDivW1 T850,168,0.346634542313177,0.3471865137660865,0.0005519714529094987,9.921322265021417e-05,0.0010677356918829474,0.15923729044025975,0.009018600343179183,0.0016210338399291091,0.01744561503404246,0.009005916223230093,-0.023275195699395484,share,6,True,0.14931855218840506,48,35.52775635371711
b6-11_mlp,SpecDivW1 T850,168,0.346634542313177,0.34515255083278995,-0.0014819914803869579,-0.001990161504838029,-0.0009933263167365548,-0.4275371607507049,-0.024214094412230137,-0.03251702807437956,-0.016229848507180008,0.024201410292281046,0.06249171320187613,share,4,True,-0.09357686582926536,48,57.91080079595294
b12-17_attn,SpecDivW1 T850,168,0.346634542313177,0.34618978451494486,-0.00044475779823208855,-0.0006078083340407367,-0.000290767044341831,-0.1283074085069858,-0.007266848331783547,-0.009930912950430637,-0.00475081048496975,0.007254164211834457,0.018754275675161407,share,8,True,0.03191703126970587,48,45.030735118189035
b12-17_mlp,SpecDivW1 T850,168,0.346634542313177,0.34398395211190125,-0.0026505902012756827,-0.0029782123135162456,-0.002386918856113925,-0.7646641859716712,-0.04330769928924504,-0.04866068064056554,-0.038999602427662906,0.04329501516929595,0.11176847159106029,share,3,True,0.09556645696396113,48,39.62590291969658
b18-23_attn,SpecDivW1 T850,168,0.346634542313177,0.34681339538404027,0.00017885307086332064,-1.682577942620778e-05,0.0004240019669834423,0.05159701328949804,0.0029222604860528224,-0.0002749145436916913,0.006927721107295179,0.002909576366103732,-0.007541767248720698,share,10,False,0.22909891373150912,48,30.106000198589996
b18-23_mlp,SpecDivW1 T850,168,0.346634542313177,0.34634100800288364,-0.0002935343102933678,-0.000742210868209096,0.00012870326822672645,-0.08468120584132835,-0.004796024536400577,-0.012126901047977517,0.0021028684235018763,0.004783340416451487,0.012377575833954225,share,9,False,0.07054245766467412,48,41.6741640769843
adaln,SpecDivW1 T850,168,0.346634542313177,0.34611893310518155,-0.0005156092079954244,-0.0006208004890316955,-0.0004057748434148488,-0.14874720925232615,-0.008424481656909724,-0.010143190329709,-0.006629910157101277,0.008411797536960633,0.021741894725253993,share,7,True,0.21585754119591155,48,30.956618474870723
head,SpecDivW1 T850,168,0.346634542313177,0.34535576595043754,-0.0012787763627394738,-0.0016350437730012234,-0.0010180537065741801,-0.3689119826910171,-0.02089378514606363,-0.026714798844351725,-0.016633866586919534,0.02088110102611454,0.05392266201745486,share,5,True,0.27391040360605456,48,27.35851793678195
embed,|RQE| T850,168,0.003757897910872998,0.0035282676938853306,-0.00022963021698766775,-0.00036820339979234024,-9.309901303519542e-05,-6.1106028538790795,-0.06332560044487007,-0.10154021401697631,-0.02567410760925752,0.06322845079135894,-1.0,colmax,1,True,-0.15241033599715112,48,65.26235332628754
b0-5_attn,|RQE| T850,168,0.003757897910872998,0.003767179484687707,9.281573814708585e-06,-1.3065083173084228e-05,2.9280744456627872e-05,0.24698845032095032,0.0025595988306772797,-0.003602985041128799,0.008074811531830506,0.0024624491771661466,0.040419653547629796,colmax,10,False,0.018720518499726894,48,46.23585591598716
b0-5_mlp,|RQE| T850,168,0.003757897910872998,0.003582204539270606,-0.0001756933716023923,-0.00023733704838377887,-0.00010563649474685614,-4.675309861240401,-0.04845132490338887,-0.06545092929787692,-0.02913159490284019,0.048354175249877736,-0.7651143386404929,colmax,2,True,-0.019525252254562878,48,49.91175164964544
b6-11_attn,|RQE| T850,168,0.003757897910872998,0.003746656777972627,-1.1241132900371062e-05,-6.570005433938301e-05,3.57824405985714e-05,-0.29913353600815706,-0.003099990497482355,-0.018118240033390114,0.009867797740264828,0.003002840843971222,-0.0489531954802567,colmax,9,False,0.10498663063431228,48,38.878879199553445
b6-11_mlp,|RQE| T850,168,0.003757897910872998,0.003776736395593616,1.8838484720618e-05,-2.1108210876263908e-05,4.737784045119039e-05,0.501303791838284,0.005195127941148585,-0.005821055023120654,0.013065485168765975,0.0050979782876374525,0.08203835265125284,colmax,6,False,-0.16305325374766697,48,66.70263840545087
b12-17_attn,|RQE| T850,168,0.003757897910872998,0.0037707303123776605,1.2832401504662508e-05,-7.4689233012274295e-06,3.215882614616322e-05,0.3414781829898463,0.003538817935603175,-0.002059720445033195,0.008868506079133922,0.003441668282092042,0.055882895870588624,colmax,8,False,-0.11234282333139138,48,60.14986069316706
b12-17_mlp,|RQE| T850,168,0.003757897910872998,0.003743846167102068,-1.405174377093014e-05,-5.099742383360232e-05,1.1391477194896035e-05,-0.37392563885977875,-0.0038750784773216597,-0.014063665173376688,0.003141451254908568,0.003777928823810527,-0.06119292118983098,colmax,7,False,-0.0656679051052364,48,54.74719291411343
b18-23_attn,|RQE| T850,168,0.003757897910872998,0.003822671926172916,6.477401529991766e-05,3.0512546368299807e-05,9.253846984241439e-05,1.723676822419851,0.0178628643298838,0.008414508095762914,0.02551952545224092,0.017765714676372665,0.282079667691976,colmax,4,True,-0.011537867148958464,48,49.1205641667883
b18-23_mlp,|RQE| T850,168,0.003757897910872998,0.003722800961744118,-3.509694912888032e-05,-8.771449408868648e-05,4.204176605071547e-05,-0.9339516389556984,-0.009678758338188423,-0.024189207669399995,0.011593944881684672,0.009581608684677289,-0.15284116171333495,colmax,5,False,-0.10746659376614602,48,59.558999281699606
adaln,|RQE| T850,168,0.003757897910872998,0.0037619329589991444,4.035048126146042e-06,-4.779372405513034e-06,1.4599977157558872e-05,0.10737513955531215,0.0011127535773128182,-0.0013180174251414397,0.00402626593360514,0.0010156039238016852,0.017571938828776803,colmax,11,False,0.11943959270945013,48,37.75719549783402
head,|RQE| T850,168,0.003757897910872998,0.003687356987787401,-7.054092308559727e-05,-0.00015145831567148584,-1.3175595889454903e-05,-1.8771378243537726,-0.01945321643175012,-0.04176797334464309,-0.003633461361766263,0.019356066778238985,-0.30719355671464466,colmax,3,True,0.009309958398274061,48,47.11448807296753
embed,SpecDiv> Q700,168,0.07217507452393572,0.06358613500682016,-0.008588939517115554,-0.00922851092958202,-0.008037368068471551,-11.900146378466388,-1.0943975174884635,-1.1758913229419863,-1.0241166146004392,1.0943609493919217,0.8127058081581058,share,1,True,0.45023657716948146,48,18.196096217190494
b0-5_attn,SpecDiv> Q700,168,0.07217507452393572,0.0721513736837854,-2.3700840150316555e-05,-6.537313262621562e-05,2.8512066152567644e-05,-0.03283798500610698,-0.0030199468247749653,-0.008329805316943403,0.003632990353891331,0.0029833787282332754,0.0022426296529397195,share,11,False,0.021069213023114545,48,46.01909172814007
b0-5_mlp,SpecDiv> Q700,168,0.07217507452393572,0.0710016768425703,-0.0011733976813654106,-0.0013130705376776556,-0.0010169182554818689,-1.6257658050304773,-0.1495136281905369,-0.16731065969879677,-0.12957511367617697,0.1494770600939952,0.11102966891600403,share,3,True,0.29464290923207753,48,26.151721154478636
b6-11_attn,SpecDiv> Q700,168,0.07217507452393572,0.07268203678540885,0.0005069622614731392,0.0003628128829101721,0.0006267044111154971,0.7024062875127522,0.06459682703678729,0.046229399750514384,0.07985429986520674,0.0645602589402456,-0.04796997040148623,share,6,True,0.0614984711943335,48,42.438189601899886
b6-11_mlp,SpecDiv> Q700,168,0.07217507452393572,0.07143137433255713,-0.0007437001913785934,-0.0008751173329073935,-0.0006006410423045358,-1.0304113938004416,-0.0947618319559157,-0.11150692524222273,-0.07653332105667492,0.094725263859374,0.0703706742674395,share,5,True,0.10120336521039164,48,39.177358000226064
b12-17_attn,SpecDiv> Q700,168,0.07217507452393572,0.07178860165489216,-0.0003864728690435489,-0.00042580997299713396,-0.00034201796903895836,-0.5354658399630489,-0.0492441409809748,-0.0542564511534007,-0.04357972430784861,0.04920757288443311,0.03656897859640539,share,7,True,0.16230179434521272,48,34.59472752004309
b12-17_mlp,SpecDiv> Q700,168,0.07217507452393572,0.07088859837191801,-0.0012864761520177126,-0.0014151163127583762,-0.001183081315442299,-1.7824382731895527,-0.16392201904212733,-0.1803132711033805,-0.15074751103170658,0.16388545094558565,0.12172942174272142,share,2,True,0.13949412483929338,48,36.247911338322346
b18-23_attn,SpecDiv> Q700,168,0.07217507452393572,0.0724242222495377,0.000249147725601991,0.0001810918659127007,0.00032777194088945785,0.34519912482995097,0.03174625363740903,0.02307461684848036,0.0417645039526679,0.031709685540867345,-0.02357494813912961,share,10,True,0.30283109288874394,48,25.685683834226687
b18-23_mlp,SpecDiv> Q700,168,0.07217507452393572,0.07316099270246923,0.0009859181785335143,0.0008565024783213933,0.0011010200949385762,1.36600922830575,0.12562510248019357,0.10913503164502938,0.1402913195749634,0.12558853438365186,-0.09328991413504995,share,4,True,-0.07780546653808876,48,56.09951102140752
adaln,SpecDiv> Q700,168,0.07217507452393572,0.07181454317954679,-0.00036053134438892204,-0.0003907100976600001,-0.00032710485005130375,-0.49952334204983395,-0.04593868748170231,-0.04978404610775262,-0.04167950363851266,0.04590211938516062,0.03411433006648162,share,8,True,0.22657903677564584,48,30.26646071855165
head,SpecDiv> Q700,168,0.07217507452393572,0.07186369760893285,-0.00031137691500286263,-0.000409948400920257,-0.00024390427667337166,-0.4314189033495205,-0.039675459595830395,-0.05223537916077499,-0.031078136522470295,0.0396388914992887,0.0294632214890907,share,9,True,0.26153419248305626,48,28.09781849118559
embed,SpecDiv< Q700,168,0.05114476281839112,0.04601856367662549,-0.0051261991417656345,-0.005610883559954042,-0.004717672625944639,-10.022920939076693,-0.7830839759498253,-0.8571249155972024,-0.7206770035629027,0.7830537251335257,0.8148022992201454,share,1,True,0.4513878299635016,48,18.143588927856822
b0-5_attn,SpecDiv< Q700,168,0.05114476281839112,0.051127121706182756,-1.7641112208366394e-05,-4.559378721751273e-05,1.5980243915691965e-05,-0.0344925095674172,-0.0026948762438336314,-0.0069649584781059865,0.0024411601258701532,0.0026646254275339573,0.002804030508894085,share,11,False,0.10390067435134337,48,38.96434582432881
b0-5_mlp,SpecDiv< Q700,168,0.05114476281839112,0.050446554009492196,-0.0006982088088989258,-0.0007928184505241613,-0.0006028168078046292,-1.3651618864245807,-0.10665916695687351,-0.12111184276563255,-0.0920869770311808,0.10662891614057385,0.11097932934198396,share,3,True,0.27376919323017324,48,27.366872201196784
b6-11_attn,SpecDiv< Q700,168,0.05114476281839112,0.05148613437389334,0.00034137155550221604,0.00026588265124397975,0.00040709924457284306,0.667461410886556,0.0521483047314422,0.04061653437843276,0.062188940817556555,0.05211805391514252,-0.054260538972303526,share,6,True,0.006953820737617707,48,47.33704329129782
b6-11_mlp,SpecDiv< Q700,168,0.05114476281839112,0.05067019358587762,-0.0004745692325135072,-0.0005543561923938493,-0.0003858016279991717,-0.9278940919105348,-0.07249573244868776,-0.08468407863738603,-0.05893549283328237,0.07246548163238808,0.07543212643470575,share,5,True,0.07604161699189822,48,41.215880207654465
b12-17_attn,SpecDiv< Q700,168,0.05114476281839112,0.050886441487818956,-0.00025832133057216805,-0.00028737330188353857,-0.00022871602753487727,-0.505078753594842,-0.03946145848470257,-0.04389947046483262,-0.03493891892459177,0.039431207668402884,0.04105982000834114,share,7,True,0.13294869709751966,48,36.734640011450324
b12-17_mlp,SpecDiv< Q700,168,0.05114476281839112,0.05034817840593556,-0.0007965844124555588,-0.000884072754221658,-0.0007298399034577112,-1.5575092513071844,-0.12168713536760872,-0.13505195335941556,-0.11149116871991993,0.12165688455130906,0.126615996148788,share,2,True,0.197509223311101,48,32.166397161068176
b18-23_attn,SpecDiv< Q700,168,0.05114476281839112,0.05129796786544224,0.00015320504705111185,0.00010956422581026951,0.0002051088958978653,0.2995517793192716,0.023403776182413818,0.016737154994688447,0.03133266680838644,0.023373525366114145,-0.024351731397305846,share,10,True,0.2865921957877549,48,26.615717640989654
b18-23_mlp,SpecDiv< Q700,168,0.05114476281839112,0.05182344699278474,0.0006786841743936142,0.0006034217270401617,0.0007416574362044533,1.3269866492558384,0.10367656171767861,0.09217938517744843,0.11329642838176923,0.10364631090137895,-0.10787591555597927,share,4,True,-0.12450623671854405,48,61.652408762091525
adaln,SpecDiv< Q700,168,0.05114476281839112,0.05092411721125245,-0.00022064560713867346,-0.00024069569578083854,-0.00019814705204529068,-0.43141388282933163,-0.03370607238143755,-0.03676894658859236,-0.030269167671258063,0.03367582156513788,0.03507131561562646,share,8,True,0.23468055506012714,48,29.752905078613583
head,SpecDiv< Q700,168,0.05114476281839112,0.05092998128384352,-0.0002147815345476071,-0.00028207221766933803,-0.00016612190132339795,-0.41994824633417577,-0.032810270023223086,-0.043089670847513965,-0.02537696944326368,0.032780019206923416,0.03413922934705653,share,9,True,0.1615427537254178,48,34.64870121405266
embed,SpecRes Q700,168,0.006896034135327985,0.006207007652847096,-0.0006890264824808886,-0.0007742387640367573,-0.0006040680333777951,-9.991633871866235,-0.6835321860166932,-0.7680649849268837,-0.59925119549956,0.6835027668025032,0.8184380933337791,share,1,True,0.722421575836939,48,7.7354838947327975
b0-5_attn,SpecRes Q700,168,0.006896034135327985,0.0068896516362049924,-6.382499122992158e-06,-9.658682635442044e-06,-2.9780795254434167e-06,-0.09255318343473655,-0.0063316050815354005,-0.009581664310019165,-0.002954332322363758,0.0063021858673454,0.007581247667169465,share,10,True,0.1313384938170596,48,36.8552405178953
b0-5_mlp,SpecRes Q700,168,0.006896034135327985,0.006818355284243201,-7.767885108478367e-05,-9.341020728849495e-05,-6.548291518508148e-05,-1.1264278795668863,-0.07705944000595083,-0.09266535439143787,-0.06496075448659688,0.07703002079176083,0.09226834147982445,share,4,True,0.4531835199380758,48,18.061855700160173
b6-11_attn,SpecRes Q700,168,0.006896034135327985,0.006939568450131143,4.3534314803158246e-05,3.339377047571664e-05,5.044560918274025e-05,0.6312949435695869,0.04318717222159456,0.03312748858421333,0.05004335594688643,0.043157753007404556,-0.05171084495011063,share,7,True,0.12619376520714642,48,37.24288001393992
b6-11_mlp,SpecRes Q700,168,0.006896034135327985,0.006820684686924021,-7.534944840396444e-05,-8.703394026573126e-05,-6.068373671344794e-05,-1.092649005577765,-0.07474861197971792,-0.08633993171537012,-0.06019984465917104,0.07471919276552792,0.08950143492808801,share,5,True,0.2909166183384865,48,26.365763548353513
b12-17_attn,SpecRes Q700,168,0.006896034135327985,0.006858421324674661,-3.7612810653323926e-05,-4.296969879457417e-05,-3.1610647420166066e-05,-0.5454266889520699,-0.037312886139774126,-0.0426270584604835,-0.0313585841500778,0.037283466925584124,0.04467717543336185,share,8,True,0.3029604529589867,48,25.67836819758166
b12-17_mlp,SpecRes Q700,168,0.006896034135327985,0.006806253872734184,-8.978026259380083e-05,-0.00010269436267359804,-8.132950024446473e-05,-1.3019115165608264,-0.08906435487201404,-0.10187547793102793,-0.08068097889297902,0.08903493565782404,0.10664261650975722,share,3,True,0.29494617784079524,48,26.13435526723686
b18-23_attn,SpecRes Q700,168,0.006896034135327985,0.006894145607172201,-1.8885281557838123e-06,-1.0549223710161945e-05,7.223439267060407e-06,-0.027385713567005008,-0.001873469034207677,-0.01046510421112316,0.007165839569757857,0.0018440498200176759,0.0022432278327846893,share,11,False,0.4623353463630016,48,17.64841658157494
b18-23_mlp,SpecRes Q700,168,0.006896034135327985,0.007005853073981901,0.00010981893865391612,9.21651017658102e-05,0.00012552959330302353,1.5924941277671472,0.10894324254979049,0.09143017733891323,0.12452862045484883,0.10891382333560048,-0.13044491764704175,share,2,True,0.4440324093022772,48,18.480502363783486
adaln,SpecRes Q700,168,0.006896034135327985,0.006871470861369744,-2.4563273958240945e-05,-2.9194431893605117e-05,-2.0038233196828516e-05,-0.35619420490401443,-0.02436740643690577,-0.028961635523646032,-0.01987844834588106,0.024337987222715768,0.029176700193051863,share,9,True,0.6797362402735032,48,9.151829970858277
head,SpecRes Q700,168,0.006896034135327985,0.006848803178096811,-4.723095723117391e-05,-6.094464333727956e-05,-3.620118732214906e-05,-0.6849002818766868,-0.04685433762668287,-0.06045867081385198,-0.03591251909159338,0.046824918412492866,0.056101783553266296,share,6,True,0.45405746844443723,48,18.02214980038004
embed,SpecResLog Q700,168,1.2574621677391933,1.162928360581324,-0.09453380715786903,-0.09812576320355482,-0.09088882018962252,-7.517825154758534,-1.0351098840411992,-1.0744404612993625,-0.9951986379857791,1.0350788029653726,0.8162070623253598,share,1,True,-0.07065415061609677,48,55.298465327673064
b0-5_attn,SpecResLog Q700,168,1.2574621677391933,1.2574511416802057,-1.1026058987576026e-05,-0.00048779251433183626,0.0005145316935023206,-0.0008768501566452622,-0.00012073122815207812,-0.005341145862273276,0.005633929888249246,8.96501523256297e-05,9.519924655363288e-05,share,11,False,-0.05434732498069354,48,53.517187584796986
b0-5_mlp,SpecResLog Q700,168,1.2574621677391933,1.2445483727031952,-0.012913795035998182,-0.014089012524457899,-0.011391179992503058,-1.02697284795582,-0.14140123289355114,-0.1542694254986711,-0.1247291667989357,0.1413701518177247,0.11149800295466582,share,3,True,0.049797056250842554,48,43.446246137178534
b6-11_attn,SpecResLog Q700,168,1.2574621677391933,1.26241018477417,0.004948017034976794,0.002599646132450729,0.006858481480854649,0.3934923182518401,0.05417893866006613,0.02846515429359001,0.0750978108655938,0.05414785758423968,-0.04272129272980487,share,7,True,0.2436175057049644,48,29.19415299286968
b6-11_mlp,SpecResLog Q700,168,1.2574621677391933,1.2491356549932184,-0.008326512745974943,-0.009745217833739599,-0.006892341362142478,-0.6621680524150705,-0.09117220497171367,-0.10670649585700881,-0.07546856392047674,0.09114112389588723,0.07189130229841967,share,5,True,-0.012556058794608473,48,49.22070893747243
b12-17_attn,SpecResLog Q700,168,1.2574621677391933,1.25372730572078,-0.0037348620184131653,-0.004108672203168509,-0.003323684273415313,-0.29701585576352724,-0.04089534429025398,-0.0449884262111942,-0.03639310153984529,0.04086426321442753,0.032246884452128206,share,9,True,0.0553154796777609,48,42.96805822398575
b12-17_mlp,SpecResLog Q700,168,1.2574621677391933,1.2440212426112387,-0.013440925127954459,-0.014692585211445612,-0.012483917444798442,-1.0688930031286799,-0.14717311053990773,-0.16087832101257912,-0.13669423381082527,0.14714202946408128,0.11604925627614082,share,2,True,0.031151474973133954,48,45.09980379216471
b18-23_attn,SpecResLog Q700,168,1.2574621677391933,1.2631024444202776,0.005640276681084554,0.005131086595576067,0.006314549045546314,0.4485444433867364,0.061758923255549096,0.056183481979969994,0.06914195383448946,0.06172784217972265,-0.048698278414644865,share,6,True,0.19380547618095242,48,32.41511110093843
b18-23_mlp,SpecResLog Q700,168,1.2574621677391933,1.266850320953422,0.009388153214228956,0.007601041091250947,0.010919479036730047,0.7465952817577035,0.10279677162174498,0.08322856128514897,0.11956421749337204,0.10276569054591854,-0.08105753048588983,share,4,True,0.11601046690872609,48,38.02069859247247
adaln,SpecResLog Q700,168,1.2574621677391933,1.253618935138045,-0.003843232601148277,-0.00414846872847265,-0.0035057258355469315,-0.3056340540294801,-0.04208196169942156,-0.045424183300972885,-0.03838638866044185,0.04205088062359511,0.033182558552601056,share,8,True,0.1901095767043858,48,32.66484118701086
head,SpecResLog Q700,168,1.2574621677391933,1.2537504700216073,-0.0037116977175859767,-0.004460972728844753,-0.003163612783367734,-0.29517370882491706,-0.040641703847072795,-0.04884598539815683,-0.034640378503685856,0.040610622771246344,0.032046883346730996,share,10,True,0.035463479005298615,48,44.71210616932706
embed,SpecDivW1 Q700,168,3.3082486046224506,3.142811208327385,-0.16543739629506574,-0.17610758630424805,-0.15511785089381105,-5.000754661058674,-0.7876634744132986,-0.8384652829735153,-0.7385311188083981,0.7876358675211802,0.8068497131162777,share,1,True,0.2956681458826468,48,26.093046359955085
b0-5_attn,SpecDivW1 Q700,168,3.3082486046224506,3.307354256166389,-0.0008943484560610763,-0.0017262821420692051,-7.139926361717065e-05,-0.027033895058897563,-0.004258079660422263,-0.008218996552718452,-0.0003399388125702085,0.00423047276830374,0.004361799758452725,share,11,True,0.020194188036581535,48,46.09973231150939
b0-5_mlp,SpecDivW1 Q700,168,3.3082486046224506,3.2881380381091474,-0.020110566513303063,-0.022705445949764157,-0.017409332660674903,-0.607891634419601,-0.0957483558556251,-0.10810282829280725,-0.08288751973747728,0.09572074896350657,0.09808063464033347,share,4,True,0.2758976440439824,48,27.241145281627865
b6-11_attn,SpecDivW1 Q700,168,3.3082486046224506,3.3193089194380185,0.011060314815568443,0.008486920950871897,0.012943134258964565,0.33432538292661607,0.052659230565969425,0.04040705301788018,0.061623516378551055,0.0526316236738509,-0.05394192628612639,share,6,True,0.07066907330248409,48,41.663559351618815
b6-11_mlp,SpecDivW1 Q700,168,3.3082486046224506,3.2926327708472787,-0.015615833775172274,-0.018131264503078993,-0.012950410952027841,-0.47202721564978667,-0.0743484977560638,-0.08632470719334973,-0.0616581614193267,0.07432089086394528,0.076159509782765,share,5,True,0.17586713900479467,48,33.64187671852998
b12-17_attn,SpecDivW1 Q700,168,3.3082486046224506,3.299344587520731,-0.008904017101719258,-0.009975045926364043,-0.0077897276983996885,-0.26914594898576,-0.04239288820809856,-0.04749216022342865,-0.037087648385808206,0.04236528131598004,0.04342551203653637,share,8,True,0.32146514033508766,48,24.64663824250181
b12-17_mlp,SpecDivW1 Q700,168,3.3082486046224506,3.284537514167097,-0.023711090455353478,-0.025899146433457483,-0.02173072500681509,-0.7167263796990091,-0.11289079922946513,-0.12330834576078462,-0.1034620874343296,0.11286319233734661,0.11564064087090971,share,2,True,0.16684737302029337,48,34.272970929789636
b18-23_attn,SpecDivW1 Q700,168,3.3082486046224506,3.313142382860947,0.004893778238496627,0.003276064385194929,0.006686713545016024,0.14792655641594754,0.023299752393754355,0.015597659983973455,0.03183609112101866,0.02327214550163583,-0.02386729757728576,share,10,True,0.47463461191249867,48,17.100872598870215
b18-23_mlp,SpecDivW1 Q700,168,3.3082486046224506,3.3291806777560775,0.0209320731336267,0.017752658594036037,0.024205555312562313,0.6327237047536077,0.09965962847782933,0.08452212777401276,0.11524499432759001,0.0996320215857108,-0.10208717968864318,share,3,True,0.2725024462448412,48,27.441898193041833
adaln,SpecDivW1 Q700,168,3.3082486046224506,3.3020725593966844,-0.006176045225766212,-0.006733888923747476,-0.005573089899948626,-0.1866862489456425,-0.029404749770023858,-0.03206069767038736,-0.02653402103827793,0.029377142877905334,0.030121003051298927,share,9,True,0.2835022073462966,48,26.795352474293505
head,SpecDivW1 Q700,168,3.3082486046224506,3.2972937236098705,-0.010954881012579762,-0.013042434454298212,-0.008991404265629038,-0.33113838534604245,-0.052157250013552155,-0.0620962942305847,-0.042808946963167074,0.05212964312143364,0.053427718279960415,share,7,True,0.35171660052700027,48,23.020804185264883
embed,|RQE| Q700,168,0.3065831493586302,0.27869736682623625,-0.027885782532393932,-0.030083291558548806,-0.026812169258482756,-9.095667061523374,-0.44936857552975945,-0.4847805816174448,-0.43206771380902903,0.44932233943992783,0.8420913696243745,share,1,True,-0.05087692638927231,48,53.1459974677355
b0-5_attn,|RQE| Q700,168,0.3065831493586302,0.30643667591114837,-0.00014647344748179117,-0.00047531769766161837,0.00013134746501843088,-0.0477760919959928,-0.0023603628254421083,-0.007659560439954053,0.002116613481662627,0.002314126735610517,0.004423186828637891,share,11,False,-0.12203935302993152,48,61.344308690037266
b0-5_mlp,|RQE| Q700,168,0.3065831493586302,0.30391949446250993,-0.00266365489612023,-0.0033631244441494346,-0.0019393239015092453,-0.8688197318386798,-0.042923766079791655,-0.05419544669550305,-0.0312514528900047,0.04287752998996006,0.08043671706450747,share,5,True,0.21640847457775594,48,30.9208575954092
b6-11_attn,|RQE| Q700,168,0.3065831493586302,0.30715167118857306,0.0005685218299428622,-0.0002614732909326752,0.0014024087926372878,0.1854380552656615,0.009161508900896677,-0.0042135407227321476,0.022599274046756566,0.009115272811065087,-0.01716815104190806,share,9,False,0.43297725526542113,48,18.99338712268572
b6-11_mlp,|RQE| Q700,168,0.3065831493586302,0.3044953638066848,-0.0020877855519453683,-0.003011739448023339,-0.001195619526940088,-0.6809850953364531,-0.03364385483532499,-0.04853301369803256,-0.019266945192321572,0.0335976187454934,0.06304668670772734,share,6,True,-0.11611650621017901,48,60.61159946361423
b12-17_attn,|RQE| Q700,168,0.3065831493586302,0.3055557453384002,-0.0010274040202299755,-0.0014669750429069004,-0.0005893093533813958,-0.33511431478843423,-0.01655621751076812,-0.0236397341406144,-0.009496491782783313,0.016509981420936532,0.031025417972331,share,8,True,0.28136771248713655,48,26.91994613604229
b12-17_mlp,|RQE| Q700,168,0.3065831493586302,0.30379896766195696,-0.0027841816966732344,-0.0034364268028487764,-0.002303275846255323,-0.9081326558546102,-0.044866008748246304,-0.055376685790135945,-0.037116397392883256,0.04481977265841471,0.08407637029769971,share,4,True,-0.14504528194424446,48,64.28664860556907
b18-23_attn,|RQE| Q700,168,0.3065831493586302,0.31216133416940767,0.005578184810777505,0.005227801413275302,0.006167714235683282,1.8194688202685074,0.08989028583110151,0.08424399320718332,0.09939032398118905,0.0898440497412699,-0.1684493265293443,share,2,True,0.41469960034112713,48,19.85892918669905
b18-23_mlp,|RQE| Q700,168,0.3065831493586302,0.3060773788020015,-0.0005057705566287041,-0.0017551669618114827,0.0007196294066185752,-0.16497010931186942,-0.00815029645709652,-0.02828383519558388,0.01159654892186932,0.008104060367264928,0.01527319594680152,share,10,False,0.37456032035985537,48,21.840514510754623
adaln,|RQE| Q700,168,0.3065831493586302,0.3053808255741994,-0.0012023237844308217,-0.0013906704106678564,-0.001000347811107834,-0.392168906525383,-0.019374981702865827,-0.022410114571726595,-0.016120217189158778,0.019328745613034236,0.0363076231117834,share,7,True,0.29626522514520787,48,26.058917988211917
head,|RQE| Q700,168,0.3065831493586302,0.3027704516425729,-0.0038126977160573006,-0.004575976030901074,-0.0031199260692422594,-1.24360967784219,-0.061440145694313886,-0.07374007985164507,-0.05027639916021383,0.061393909604482294,0.1151353682812641,share,3,True,0.31294235147415866,48,25.11821413347825
embed,Vag/Vg 850hPa,168,0.3023090126613776,0.30647367238998413,0.004164659728606542,0.004021693967903654,0.004360783301914732,1.377616794134901,0.4867752708541924,0.4700650948916753,0.5096986575746554,0.48674768556108094,0.5326793903876682,share,1,True,-0.28714311213105825,48,86.66938684844345
b0-5_attn,Vag/Vg 850hPa,168,0.3023090126613776,0.30237996267775696,7.095001637935638e-05,3.76629022260507e-05,0.00011147928113738695,0.023469368562567112,0.008292805580955895,0.004402129015801965,0.013029961823180907,0.008265220287844433,0.009074837786470502,share,9,True,-0.06128083637318615,48,54.26700776949796
b0-5_mlp,Vag/Vg 850hPa,168,0.3023090126613776,0.302310719465216,1.706803838411967e-06,-8.752864475051561e-05,7.873008338113625e-05,0.0005645891346030733,0.00019949526609127052,-0.010230554842997576,0.009202158197699522,0.0001719099729798087,0.00021830816618980347,share,11,False,0.208483396744089,48,31.43841037340223
b6-11_attn,Vag/Vg 850hPa,168,0.3023090126613776,0.30262430881460506,0.0003152961532274882,0.0002481225878000259,0.0003928205153594414,0.10429598193311485,0.036852559485801746,0.029001154416476816,0.045913790134579496,0.03682497419269028,0.04032784756438924,share,4,True,-0.09581281067096853,48,58.1727053125344
b6-11_mlp,Vag/Vg 850hPa,168,0.3023090126613776,0.30231807567179203,9.063010414441427e-06,-4.224216875930627e-05,7.518629233042398e-05,0.002997929282575868,0.0010593060746214172,-0.004937364509767483,0.008787951525132226,0.0010317207815099554,0.0011592012738714302,share,10,False,-0.24980545668775503,48,79.96680655146142
b12-17_attn,Vag/Vg 850hPa,168,0.3023090126613776,0.30222162045538425,-8.739220599333446e-05,-0.00011330731213092804,-6.324707840879759e-05,-0.028908237046582606,-0.010214607558631059,-0.01324362640564334,-0.00739246798764995,0.010187022265519598,-0.01117787047364343,share,8,True,0.143040960506361,48,35.98649157548345
b12-17_mlp,Vag/Vg 850hPa,168,0.3023090126613776,0.30221235131223995,-9.66613491376241e-05,-0.00017182589508593082,-3.9972054461638144e-05,-0.0319743524305365,-0.011298006913842617,-0.020083416670442708,-0.004672028186003257,0.011270421620731157,-0.012363437084428287,share,7,True,0.1760113526795766,48,33.63186501666091
b18-23_attn,Vag/Vg 850hPa,168,0.3023090126613776,0.30202644256254035,-0.0002825700988372167,-0.0003390902808556954,-0.00021889829076826578,-0.09347061682005793,-0.033027460911627574,-0.03963367335241652,-0.02558534951759299,0.03299987561851611,-0.03614203267472086,share,5,True,0.5838756190220341,48,12.6108199703682
b18-23_mlp,Vag/Vg 850hPa,168,0.3023090126613776,0.3055554951230685,0.0032464824616909027,0.003099055386458834,0.0033888824904958403,1.073895360614787,0.3794565420934717,0.3622249171459653,0.39610059397483893,0.3794289568003602,0.4152402384087178,share,2,True,0.3366341752565089,48,23.822194716498974
adaln,Vag/Vg 850hPa,168,0.3023090126613776,0.3024309774239858,0.00012196476260821025,0.00011171277922888597,0.00013452274724841116,0.04034440175451383,0.014255529676404874,0.013057253631909637,0.01572333659773093,0.014227944383293412,0.01559986160421703,share,6,True,-0.06321555535023264,48,54.47821742587882
head,Vag/Vg 850hPa,168,0.3023090126613776,0.30301734805107117,0.0007083353896935781,0.0006192469503730535,0.0008014037118603786,0.23430839307692056,0.08279191426020019,0.07237904694180933,0.09366995969078035,0.08276432896708874,0.09059939782841107,share,3,True,0.14149746807572364,48,36.10005513357095
embed,|Vag| 850hPa,168,2.559359888235728,2.625385284423828,0.06602539618810017,0.06336994096636772,0.06951967564721902,2.5797620917476443,0.672588569092773,0.645537935079359,0.7081841513551418,0.6725559311463671,0.6164281971807776,share,1,True,0.1298166280545337,48,36.96954073450431
b0-5_attn,|Vag| 850hPa,168,2.559359888235728,2.559452404578527,9.251634279886882e-05,-0.00036288450161616007,0.000605075806379318,0.0036148235042725526,0.0009424469706098122,-0.0036966376845754775,0.006163795967931948,0.0009098090242038692,0.0008637537325606239,share,11,False,-0.12272893421569128,48,61.43025906613356
b0-5_mlp,|Vag| 850hPa,168,2.559359888235728,2.565653453270594,0.006293565034866333,0.005567507073283196,0.00686379497249921,0.24590387087783683,0.06411138964215665,0.05671517070742451,0.06992021715322098,0.06407875169575071,0.05875816234756412,share,4,True,-0.08167640712763549,48,56.538313885335185
b6-11_attn,|Vag| 850hPa,168,2.559359888235728,2.560511897007624,0.0011520087718963623,0.00032172786692778266,0.0019776762773593263,0.045011597516693494,0.011735301508296669,0.003277382615588571,0.020146224548631606,0.011702663561890725,0.010755417330225787,share,8,True,0.16550850296201428,48,34.36748145210983
b6-11_mlp,|Vag| 850hPa,168,2.559359888235728,2.5601092875003815,0.0007493992646535238,4.111478726069153e-07,0.0015423455586036042,0.029280730236423125,0.007633992496713455,4.188287769366885e-06,0.01571159057270083,0.007601354550307512,0.006996562903809276,share,9,True,-0.0387586475789341,48,51.87085944461926
b12-17_attn,|Vag| 850hPa,168,2.559359888235728,2.5594913959503174,0.00013150771458943686,-0.00018207579851150515,0.0004474684596061706,0.005138304901703001,0.0013396449046421878,-0.0018547726762349784,0.004558278909879594,0.0013070069582362446,0.0012277860959559262,share,10,False,0.2154139612571892,48,30.98543464212009
b12-17_mlp,|Vag| 850hPa,168,2.559359888235728,2.5619125962257385,0.0025527079900105796,0.002078114201625188,0.002881534770131111,0.09974009523804277,0.026003966858775884,0.021169367212890235,0.02935366479758981,0.02597132891236994,0.023832665535671444,share,6,True,-0.0765046095833043,48,55.95287404378194
b18-23_attn,|Vag| 850hPa,168,2.559359888235728,2.5563317934672036,-0.00302809476852417,-0.0037005937347809473,-0.0024175888548294707,-0.11831453569476548,-0.03084664454926895,-0.037697267847952555,-0.024627533076695914,0.030814006602863007,-0.02827098520902655,share,5,True,0.513310053253022,48,15.437099220769543
b18-23_mlp,|Vag| 850hPa,168,2.559359888235728,2.586849475900332,0.027489587664604187,0.025723656266927717,0.02926493485768636,1.0740805851870208,0.2800313742853208,0.26204215588676033,0.2981165096601422,0.27999873633891487,0.2566490766228674,share,2,True,0.36246597688664234,48,22.460475071361902
adaln,|Vag| 850hPa,168,2.559359888235728,2.5608306477467218,0.0014707595109939575,0.0013319792846838634,0.0016374909629424414,0.057465912385139886,0.014982356670164136,0.013568628026017045,0.01668081930974164,0.014949718723758193,0.013731347120820274,share,7,True,0.08601591139390494,48,40.39649492499947
head,|Vag| 850hPa,168,2.559359888235728,2.570268447200457,0.010908558964729309,0.010251127059261005,0.011702423791090648,0.4262221587073879,0.11112348412191395,0.10442634620069452,0.1192104391186594,0.111090846175508,0.1018448010112847,share,3,True,0.1522968359423754,48,35.31186635732532
embed,Vag/Vg 500hPa,168,0.1801840222130219,0.18412045699854693,0.003936434785525004,0.003709893844400843,0.004193878546357155,2.1846747215306186,0.6958459587514665,0.6558001795218286,0.7413544481184353,0.6957614437808629,0.5008838603669844,share,1,True,0.16414338830209968,48,34.46406839969754
b0-5_attn,Vag/Vg 500hPa,168,0.1801840222130219,0.18008853464076915,-9.54875722527504e-05,-0.00011335012968629598,-6.831103625396888e-05,-0.05299447258417873,-0.016879395921251945,-0.020036971006403753,-0.012075383209761351,0.016794880950648305,-0.012150127313909024,share,7,True,0.050276511494033595,48,43.404500576175515
b0-5_mlp,Vag/Vg 500hPa,168,0.1801840222130219,0.1802596009025971,7.557868957519531e-05,5.861154446999233e-06,0.00014424147860457497,0.04194527830322418,0.013360090684600822,0.0010360798178493528,0.025497653445297263,0.013275575713997184,0.009616860905483767,share,9,True,0.33109022131762733,48,24.121332170084578
b6-11_attn,Vag/Vg 500hPa,168,0.1801840222130219,0.18027001153677702,8.598932375510533e-05,1.6914835820595425e-05,0.00014514533492426078,0.04772305707186665,0.015200384787469877,0.002990045762217825,0.025657428673800498,0.015115869816866237,0.010941541465689299,share,8,True,0.26902403788266477,48,27.6486852370217
b6-11_mlp,Vag/Vg 500hPa,168,0.1801840222130219,0.18025742874791226,7.340653489033382e-05,1.0228025106092294e-05,0.0001349592348560691,0.04073975815877237,0.01297611758670982,0.0018080141864038647,0.023856825601712792,0.012891602616106182,0.00934046937783331,share,10,True,0.10752768528758871,48,38.67954876005826
b12-17_attn,Vag/Vg 500hPa,168,0.1801840222130219,0.18004909126708904,-0.00013493094593286514,-0.0001521502543861667,-0.0001215042779222131,-0.07488507819707983,-0.023851824951642002,-0.026895692525362475,-0.02147838472368107,0.023767309981038362,-0.017169021402397892,share,6,True,0.018416638720385157,48,46.26397443842
b12-17_mlp,Vag/Vg 500hPa,168,0.1801840222130219,0.17974790868659815,-0.00043611352642377216,-0.0004951838947211703,-0.00038234770763665436,-0.24203784612388024,-0.07709205193357702,-0.08753395667764943,-0.06758783561591997,0.07700753696297338,-0.05549240329768708,share,4,True,0.481429103704046,48,16.802291084986337
b18-23_attn,Vag/Vg 500hPa,168,0.1801840222130219,0.1804066440090537,0.00022262179603179297,0.00018989660311490296,0.00024527840626736483,0.12355246225361713,0.039352989580406804,0.03356813742832347,0.043358012279983205,0.039268474609803164,0.028327070223103937,share,5,True,0.22516404016492442,48,30.356854145896282
b18-23_mlp,Vag/Vg 500hPa,168,0.1801840222130219,0.18266017393519482,0.002476151722172896,0.00236165050106744,0.0025908809077615537,1.3742349026072216,0.43771083810796413,0.41747038797493513,0.45799158566061715,0.43762632313736044,0.3150730295385554,share,2,True,0.10129186194538171,48,39.17035267147111
adaln,Vag/Vg 500hPa,168,0.1801840222130219,0.1802491331472993,6.511093427737553e-05,5.863304249942303e-05,7.399081562956173e-05,0.03613579799012277,0.011509699247158101,0.010364598398163236,0.013079401246498394,0.011425184276554461,0.008284912081581266,share,11,True,-0.007428532249521646,48,48.71847632047121
head,Vag/Vg 500hPa,168,0.1801840222130219,0.18185981456190348,0.0016757923488815625,0.0015382706886157393,0.0018115449929609893,0.9300449220188697,0.2962308274390326,0.2719210403472588,0.3202279044692054,0.296146312468429,0.21323288371696097,share,3,True,0.5234459281924113,48,15.015035994027873
embed,|Vag| 500hPa,168,2.6670693457126617,2.74535625676314,0.07828691105047862,0.07397463781138261,0.08349727367361387,2.935315918062856,0.6350916852134346,0.6001089679013107,0.6773600278328848,0.6350271920128931,0.5546459864138163,share,1,True,0.3735885243900632,48,21.88992576407002
b0-5_attn,|Vag| 500hPa,168,2.6670693457126617,2.6652655005455017,-0.0018038451671600342,-0.002158085877696673,-0.0013112658013900126,-0.06763398072343832,-0.014633443211689624,-0.017507171741875934,-0.010637461567880275,0.014568950011148251,-0.01277985641089049,share,7,True,-0.02484273354791964,48,50.445659282504536
b0-5_mlp,|Vag| 500hPa,168,2.6670693457126617,2.6731237520774207,0.006054406364758809,0.004943048333128293,0.007050496091445287,0.2270059597247189,0.049115530164197334,0.04009979259436772,0.0571961696307003,0.04905103696365597,0.042894171519508535,share,4,True,0.14947699694057923,48,35.516242826530096
b6-11_attn,|Vag| 500hPa,168,2.6670693457126617,2.6674405684073768,0.0003712226947148641,-0.0009176226953665416,0.00153273877998193,0.013918749256055449,0.0030114925165960296,-0.007444086580637519,0.01243413032534966,0.002946999316054657,0.0026300332319480627,share,11,False,0.21661177633856243,48,30.90766953523622
b6-11_mlp,|Vag| 500hPa,168,2.6670693457126617,2.667941763997078,0.0008724182844161987,-0.0002620516965786616,0.001997068151831627,0.0327107461910812,0.0070773720795247776,-0.002125857967315525,0.01620093781979757,0.0070128788789834045,0.0061808965692038715,share,10,False,-0.04435667720232558,48,52.45588946193558
b12-17_attn,|Vag| 500hPa,168,2.6670693457126617,2.665606086452802,-0.001463259259859721,-0.0017940556009610495,-0.0011750169098377233,-0.05486393753547967,-0.011870487374949145,-0.014554026716500372,-0.00953216137167491,0.011805994174407773,-0.010366878251726398,share,8,True,0.04961038524496782,48,43.462509660281825
b12-17_mlp,|Vag| 500hPa,168,2.6670693457126617,2.662654936313629,-0.004414409399032593,-0.005102964242299398,-0.003690437103311221,-0.16551535887616856,-0.03581128271424492,-0.04139708818165216,-0.02993815808628434,0.035746789513703546,-0.0312751444999807,share,5,True,0.2726801447883647,48,27.431364583725742
b18-23_attn,|Vag| 500hPa,168,2.6670693457126617,2.669461006919543,0.002391661206881205,0.0018281993766625722,0.002788542086879412,0.08967375410488754,0.019402019136486228,0.014831013351416235,0.022621660115097954,0.019337525935944858,0.0169444070721216,share,6,True,0.2223858610140587,48,30.534939794183288
b18-23_mlp,|Vag| 500hPa,168,2.6670693457126617,2.702039524912834,0.034970179200172424,0.03369659533103307,0.03640657390157381,1.311183725177124,0.28369071844120897,0.2733589463114998,0.29534327081942774,0.2836262252406676,0.2477562248565557,share,2,True,-0.10965322716073947,48,59.823157143437456
adaln,|Vag| 500hPa,168,2.6670693457126617,2.668283229072889,0.001213883360226949,0.0011082004755735397,0.0013574566692113874,0.04551375322048816,0.009847460048615196,0.008990122335169413,0.011012178563256843,0.009782966848073824,0.008600103448841821,share,9,True,-0.10045477169957637,48,58.720592783733395
head,|Vag| 500hPa,168,2.6670693457126617,2.6935518284638724,0.02648248275121053,0.024643390998244287,0.02842541659871737,0.9929431641431206,0.2148354606590291,0.19991608441872308,0.23059724145883237,0.2147709674584877,0.1876227145909628,share,3,True,0.443027190488683,48,18.526812961500383
embed,Vag/Vg 250hPa,168,0.21449742807696262,0.21766966115683317,0.003172233079870542,0.0029478217319895824,0.0033742476797973112,1.478914273383423,0.42205887955639115,0.3922014259388144,0.44893649338626906,0.42197134285734605,0.3276310876975389,share,2,True,0.13350385149749122,48,36.69313965997801
b0-5_attn,Vag/Vg 250hPa,168,0.21449742807696262,0.2146344700207313,0.00013704194376866022,8.903872997810444e-05,0.00018612556935598452,0.06388978413274446,0.018233139804970166,0.01184641407661521,0.024763612030168993,0.018145603105925136,0.01415381529876217,share,8,True,0.46347686636051094,48,17.597210455905827
b0-5_mlp,Vag/Vg 250hPa,168,0.21449742807696262,0.21495022686819235,0.0004527987912297249,0.00037956015827755136,0.0005311638039226333,0.21109753869275238,0.060243918299567385,0.050499673603242104,0.0706702169418289,0.060156381600522356,0.046765466705485516,share,5,True,0.04704531480695989,48,43.68657616093645
b6-11_attn,Vag/Vg 250hPa,168,0.21449742807696262,0.21471196661392847,0.00021453853696584702,0.0001650413575892647,0.0002600837343682845,0.10001916521295987,0.02854389707617828,0.02195840239691134,0.03460358894019223,0.02845636037713325,0.022157733195956587,share,6,True,-0.11125414524989524,48,60.01738144476974
b6-11_mlp,Vag/Vg 250hPa,168,0.21449742807696262,0.21452827689548334,3.08488185207049e-05,-5.3264029944936434e-05,9.027039632201194e-05,0.014381906019701183,0.004104369840635576,-0.0070866661538424415,0.012010284669982245,0.004016833141590546,0.003186093742687721,share,10,False,0.03792284046377254,48,44.49242454005979
b12-17_attn,Vag/Vg 250hPa,168,0.21449742807696262,0.21467224322259426,0.00017481514563163122,0.00013239762435356776,0.00020585997651020687,0.08149987960177629,0.023258784155225018,0.017615222962391906,0.02738923302412213,0.023171247456179985,0.01805506558541795,share,7,True,0.30998246629943593,48,25.28342361038618
b12-17_mlp,Vag/Vg 250hPa,168,0.21449742807696262,0.21450128592550755,3.857848544915517e-06,-4.952411788205306e-05,5.198336051156123e-05,0.0017985523553836291,0.0005132785622523503,-0.006589078790254264,0.006916275803410021,0.0004257418632073202,0.00039844207002425564,share,11,False,0.1182152537435978,48,37.85109144112285
b18-23_attn,Vag/Vg 250hPa,168,0.21449742807696262,0.21525919375320277,0.0007617656762401263,0.0005960596647734443,0.0009178307140246033,0.35513977163716914,0.1013513066989217,0.07930447351406619,0.12211542879424085,0.10126376999987667,0.07867584467891277,share,4,True,0.6220374792698088,48,11.18482231570644
b18-23_mlp,Vag/Vg 250hPa,168,0.21449742807696262,0.21890353877097368,0.004406110694011052,0.004264540884954234,0.0045466736114273465,2.054155489654692,0.5862236777354422,0.5673881150623578,0.6049252756124556,0.5861361410363971,0.4550670782531248,share,1,True,0.13860991839141432,48,36.31333545348456
adaln,Vag/Vg 250hPa,168,0.21449742807696262,0.21441289347906908,-8.453459789355595e-05,-0.00010336809791624546,-6.493326121320327e-05,-0.039410541492937885,-0.011247148860877625,-0.013752906072773918,-0.008639232611087158,0.011159612161832594,-0.008730809356880576,share,9,True,0.3377730890431443,48,23.76104885520232
head,Vag/Vg 250hPa,168,0.21449742807696262,0.21597766410559416,0.0014802360286315281,0.0013248468361174066,0.0016224474490930635,0.6900950010926997,0.19694226243574783,0.1762680601194543,0.21586319014468147,0.1968547257367028,0.1528801093422254,share,3,True,0.37012632931718564,48,22.066531783125743
embed,|Vag| 250hPa,168,5.349811464548111,5.457793255647023,0.10798179109891255,0.1025835670530796,0.1130485805372397,2.0184223652456055,0.3673091462736615,0.3489466330620352,0.38454425678628107,0.3672505126374859,0.39197909120391483,share,1,True,0.06079561577006291,48,42.498111580439335
b0-5_attn,|Vag| 250hPa,168,5.349811464548111,5.352137058973312,0.002325594425201416,0.0011343799531459808,0.0034132445851961764,0.04347058659193058,0.007910705075423788,0.003858688839105601,0.011610438592032498,0.007852071439248199,0.008442019529610507,share,9,True,0.248550891523542,48,28.889136559628874
b0-5_mlp,|Vag| 250hPa,168,5.349811464548111,5.368120630582173,0.018309166034062702,0.016406137744585672,0.020477145661910376,0.3422394631174025,0.06228016850353966,0.05580685768669886,0.06965473358659133,0.06222153486736407,0.06646315262690396,share,4,True,0.01913406108186442,48,46.19761704175694
b6-11_attn,|Vag| 250hPa,168,5.349811464548111,5.353692432244618,0.003880967696507772,0.0023381327589352924,0.0053599168856938665,0.07254400874172845,0.013201438101856826,0.007953355272393254,0.018232208183865024,0.013142804465681238,0.014088099254395376,share,7,True,-0.17903453161942837,48,68.93549083053232
b6-11_mlp,|Vag| 250hPa,168,5.349811464548111,5.3495946029822035,-0.00021686156590779623,-0.002515574296315511,0.001751480251550672,-0.004053630064253379,-0.0007376728596786926,-0.008556937588868375,0.005957807417020461,0.000679039223503103,-0.0007872179064313734,share,11,False,0.030654986535235525,48,45.144651948683894
b12-17_attn,|Vag| 250hPa,168,5.349811464548111,5.355222533146541,0.005411068598429362,0.004383345693349838,0.006125316768884658,0.10114503350795047,0.018406205037817,0.014910319120117596,0.020835780274971048,0.01834757140164141,0.019642439063744542,share,6,True,0.19423157711416808,48,32.3864190494625
b12-17_mlp,|Vag| 250hPa,168,5.349811464548111,5.353105525175731,0.0032940606276194253,0.00186392143368721,0.004568782200415929,0.06157339654767943,0.011205024334114399,0.006340285557050026,0.01554109699854734,0.01114639069793881,0.011957598388066216,share,8,True,0.08739961305900307,48,40.2840115511343
b18-23_attn,|Vag| 250hPa,168,5.349811464548111,5.367629875739415,0.017818411191304524,0.014174243062734604,0.02098649417360624,0.33306615213232776,0.06061082462168042,0.04821488017067026,0.07138732539751426,0.060552190985504836,0.06468168896242313,share,5,True,0.5220975167623854,48,15.070860403345996
b18-23_mlp,|Vag| 250hPa,168,5.349811464548111,5.456540882587433,0.1067294180393219,0.10394384587804475,0.10950331538915634,1.9950126980472414,0.3630490939569426,0.3535737359171306,0.3724847391435015,0.36299046032076704,0.3874329168095956,share,2,True,0.02055418642282989,48,46.066538824843796
adaln,|Vag| 250hPa,168,5.349811464548111,5.348120748996735,-0.0016907155513763428,-0.0022136713067690533,-0.0011683652798334758,-0.03160327354674646,-0.00575111117761318,-0.007529989172665521,-0.003974292786811753,0.0056924775414375905,-0.006137378705876075,share,10,True,0.3052400130559887,48,25.54969127496557
head,|Vag| 250hPa,168,5.349811464548111,5.388463854789734,0.038652390241622925,0.03518508474032084,0.04226725300153096,0.7225000450532293,0.13147935699716226,0.11968502565117976,0.14377561677138678,0.13142072336098667,0.14031003417874405,share,3,True,0.39939487301928417,48,20.601080260408445
embed,div/vort 850hPa,168,0.25753160441915196,0.26630282277862233,0.008771218359470367,0.008417403038280705,0.009098363054605822,3.4058803692282185,1.033743642240351,0.9920442655041496,1.072299716759211,1.0337286136844974,0.7260053753553856,share,1,True,0.07316819106998673,48,41.45475723081635
b0-5_attn,div/vort 850hPa,168,0.25753160441915196,0.25757996924221516,4.836482306321462e-05,1.1599102678398292e-05,9.651471239825088e-05,0.01878015056532528,0.005700100750050939,0.0013670277215868199,0.011374870198804664,0.005685072194197427,0.00400322054279882,share,8,True,-0.20708627911274807,48,73.07244139069537
b0-5_mlp,div/vort 850hPa,168,0.25753160441915196,0.25792138868321973,0.0003897842640678088,0.00030230469225595393,0.0004656807519495487,0.15135395321554623,0.04593854448856316,0.035628522838175955,0.05488342632831455,0.045923515932709644,0.032262960439997504,share,4,True,-0.012522172171847906,48,49.21737267877836
b6-11_attn,div/vort 850hPa,168,0.25753160441915196,0.2575816996395588,5.009522040685018e-05,-2.0052577989796795e-05,0.00014168381070097286,0.019452067065647005,0.005904039037666534,-0.0023633233329665875,0.016698334543498936,0.005889010481813021,0.0041464478256567,share,7,False,-0.00658193674104671,48,48.636052383693944
b6-11_mlp,div/vort 850hPa,168,0.25753160441915196,0.2578012266506751,0.0002696222315231959,0.0002050133344406883,0.00034411489032208913,0.10469481294589597,0.03177668782385549,0.024162120057555303,0.04055611951407115,0.03176165926800197,0.022316989656266443,share,6,True,-0.28825265619180374,48,86.8793231687428
b12-17_attn,div/vort 850hPa,168,0.25753160441915196,0.25756309274584055,3.1488326688607536e-05,2.7155581240852674e-06,5.978920186559359e-05,0.012226975698624519,0.0037110987533436257,0.0003200457257886333,0.007046536156114392,0.003696070197490113,0.002606330557509449,share,10,True,-0.14414163071336805,48,64.1680916435007
b12-17_mlp,div/vort 850hPa,168,0.25753160441915196,0.25783987001826364,0.00030826559911171597,0.00024891796832283335,0.00035434788248191277,0.11970010430641773,0.03633105346865304,0.0293365592609248,0.04176214245783832,0.03631602491279953,0.025515552437548484,share,5,True,-0.21391126970539506,48,74.1236182383912
b18-23_attn,div/vort 850hPa,168,0.25753160441915196,0.2575249643996358,-6.640019516150157e-06,-4.037619413187106e-05,2.332359241942564e-05,-0.0025783319026518505,-0.0007825683591334682,-0.004758590228986635,0.0027488331027301404,0.0007675398032799553,-0.0005496032208552573,share,11,False,-0.03227064605452649,48,51.20128970833006
b18-23_mlp,div/vort 850hPa,168,0.25753160441915196,0.2597541393091281,0.0022225348899761834,0.0021149384789168834,0.002311475590492288,0.8630144230215883,0.2619398147452995,0.2492588961656887,0.27242203966855155,0.2619247861894459,0.1839621602049629,share,2,True,0.011336867337153288,48,46.92386078317078
adaln,div/vort 850hPa,168,0.25753160441915196,0.25757745498170453,4.585056255261103e-05,2.9768763730923335e-05,5.961464873204628e-05,0.017803858542342555,0.005403779223068754,0.0035084373667394744,0.007025963963672867,0.005388750667215241,0.003795111866109553,share,9,True,-0.04043837448296068,48,52.04568487018481
head,div/vort 850hPa,168,0.25753160441915196,0.25807365278402966,0.0005420483648777008,0.0004932321918507417,0.000587897514924407,0.2104783861772074,0.06388383323898188,0.05813053803676655,0.06928744598928267,0.06386880468312836,0.04486606198543787,share,3,True,0.07047667533290497,48,41.67967468337897
embed,div/vort 500hPa,168,0.21315989612291256,0.22133668791502714,0.008176791792114576,0.007858257018961012,0.008479093015193938,3.835989762070283,1.069316854399759,1.0276605899007674,1.1088501825268322,1.0692946309990379,0.5095215745103774,share,1,True,-0.039558423406863004,48,51.954023586244226
b0-5_attn,div/vort 500hPa,168,0.21315989612291256,0.2132790262500445,0.00011913012713193893,7.416389416903257e-05,0.00017395920585840926,0.05588768304861903,0.015579197324287615,0.009698755213425557,0.022749449360051383,0.015556973923566376,0.007423372331239178,share,8,True,-0.06922335973070849,48,55.13967481202082
b0-5_mlp,div/vort 500hPa,168,0.21315989612291256,0.21352388647695383,0.0003639903540412585,0.00027329155709594484,0.0004340743025143941,0.1707593035377414,0.047600700899661515,0.035739600028665254,0.056765902757617545,0.04757847749894028,0.022681382015443275,share,6,True,-0.06430327210083563,48,54.59734499183315
b6-11_attn,div/vort 500hPa,168,0.21315989612291256,0.21323240579416355,7.250967125097911e-05,-3.518820740282535e-05,0.00015303702869762952,0.03401656342015127,0.009482424836893924,-0.004601724515994411,0.020013359553981636,0.009460201436172684,0.004518305321001016,share,9,False,0.012092813087054191,48,46.85296087340426
b6-11_mlp,div/vort 500hPa,168,0.21315989612291256,0.21369451253364483,0.0005346164107322693,0.00042339650293191273,0.0006637313480799396,0.2508053439958509,0.06991425893784203,0.05536951755523767,0.0867992160421403,0.0698920355371208,0.03331362743247108,share,5,True,0.018358075510138225,48,46.26939532237674
b12-17_attn,div/vort 500hPa,168,0.21315989612291256,0.21313140572359165,-2.8490399320920307e-05,-6.28766758988301e-05,8.656123342613314e-06,-0.01336574085422341,-0.003725821196990636,-0.008222673512622567,0.0011320012566476143,0.0037035977962693975,-0.001775326251357397,share,10,False,-0.079836346755264,48,56.32926758352069
b12-17_mlp,div/vort 500hPa,168,0.21315989612291256,0.2137447064742446,0.0005848103513320287,0.0005227375697965423,0.0006289711222052574,0.27435289750507974,0.07647835253795347,0.06836080800668877,0.08225346064863921,0.07645612913723225,0.03644136949751098,share,4,True,0.010509568249868335,48,47.00157446927025
b18-23_attn,div/vort 500hPa,168,0.21315989612291256,0.21351575230558714,0.0003558561826745669,0.00031581362709403037,0.00042709263507276777,0.16694330835542004,0.0465369577152787,0.04130040765211098,0.055852877838193205,0.04651473431455746,0.022174516253483826,share,7,True,0.09881877223470246,48,39.36654526274771
b18-23_mlp,div/vort 500hPa,168,0.21315989612291256,0.21795157777766386,0.004791681654751301,0.0045797308363641305,0.004983846944135924,2.247928311988065,0.6266303563318,0.5989125682105725,0.6517606993800047,0.6266081329310786,0.2985847314390273,share,2,True,0.1638204365221735,48,34.48695158410803
adaln,div/vort 500hPa,168,0.21315989612291256,0.21315814399470887,-1.7521282037099202e-06,-1.462035191555818e-05,1.0623635413746033e-05,-0.000821978353141815,-0.00022913390323855504,-0.0019119709927845866,0.0013893019036967562,0.00020691050251731634,-0.00010918061065945854,share,11,False,-0.008052370238755033,48,48.77930277741229
head,div/vort 500hPa,168,0.21315989612291256,0.21469725078592697,0.001537354663014412,0.001459599759740134,0.0016296757695575554,0.7212213418080953,0.2010469746749224,0.19087860660376887,0.21312023247006673,0.20102475127420116,0.09579739687579876,share,3,True,0.005403702022340011,48,47.484032739186084
embed,div/vort 250hPa,168,0.2577426802987854,0.26227185564736527,0.004529175348579884,0.004037871995630363,0.0049189105086649455,1.7572469345509585,0.4473145206998507,0.39879197367332586,0.4858058978084873,0.44730307289273336,0.36026988432639895,share,2,True,0.3889686526203494,48,21.116030674192572
b0-5_attn,div/vort 250hPa,168,0.2577426802987854,0.2578544160351157,0.00011173573633035024,7.721010285119216e-05,0.00015000939213981226,0.04335166228613042,0.011035346060807071,0.007625494155552244,0.014815363544389072,0.011023898253689752,0.008887936037954944,share,8,True,-0.05763934263090365,48,53.87182502717692
b0-5_mlp,div/vort 250hPa,168,0.2577426802987854,0.25777079227070016,2.811197191476822e-05,-6.598431306580703e-05,0.00011419936393698047,0.01090699137689564,0.0027764200489444617,-0.006516802530508117,0.011278661083350471,0.002764972241827142,0.0022361458964259597,share,9,False,0.13875658191899287,48,36.30247651190226
b6-11_attn,div/vort 250hPa,168,0.2577426802987854,0.25785888141642016,0.00011620111763477325,-1.6152470683058086e-06,0.0002471471050133307,0.04508415816118168,0.011476360096299503,-0.00015952649490543527,0.0244089663819391,0.011464912289182184,0.009243131472488553,share,7,False,0.3701795118788244,48,22.063812199587186
b6-11_mlp,div/vort 250hPa,168,0.2577426802987854,0.25815400419135887,0.0004113238925735156,0.0003041488894571861,0.0005071224256729086,0.15958703156834284,0.040623543073157714,0.030038628279558974,0.050084884624117976,0.04061209526604039,0.03271845309425006,share,4,True,0.030360493922913137,48,45.17127409892937
b12-17_attn,div/vort 250hPa,168,0.2577426802987854,0.25774335705985624,6.767610708872477e-07,-3.966571142276128e-05,4.3496706833442015e-05,0.0002625723726092705,6.683889025121668e-05,-0.003917500941723168,0.004295861182615431,5.5391083133897226e-05,5.383245601246305e-05,share,11,False,0.2662804863295844,48,27.812587366219077
b12-17_mlp,div/vort 250hPa,168,0.2577426802987854,0.25797664870818454,0.00023396840939919153,0.00017979015440990528,0.0002779619302600622,0.0907759666066816,0.02310740010146019,0.01775659817887938,0.027452328081329542,0.023095952294342872,0.018610843101207784,share,6,True,0.003818339748050782,48,47.63483371313492
b18-23_attn,div/vort 250hPa,168,0.2577426802987854,0.25804507701347273,0.0003023967146873474,0.00025980283195773757,0.00034693097695708274,0.11732504462854089,0.02986557840689319,0.025658882756676188,0.034263911579874504,0.02985413059977587,0.02405392174874684,share,5,True,-0.08241493034896086,48,56.62245210300681
b18-23_mlp,div/vort 250hPa,168,0.2577426802987854,0.2635647167141239,0.005822036415338516,0.005691616524321337,0.005991674688023825,2.258856161730523,0.57500123713267,0.5621205896526894,0.5917552059677191,0.5749897893255528,0.4631095562585712,share,1,True,-0.03795119329525497,48,51.7870371346582
adaln,div/vort 250hPa,168,0.2577426802987854,0.25773277568320435,-9.904615581035614e-06,-2.4805101566016672e-05,4.62050860126813e-06,-0.0038428309853664115,-0.000978208620855536,-0.002449823922448244,0.00045633485817983175,0.0009667608137382165,-0.00078785527939341,share,10,False,0.0840895818308709,48,40.553567536245346
head,div/vort 250hPa,168,0.2577426802987854,0.25924628010640544,0.0015035998076200485,0.0013624796488632758,0.001622654901196559,0.583372457319454,0.14849988695642727,0.13456244993598482,0.16025811401132606,0.14848843914930993,0.11960272832764586,share,3,True,0.25091358863292523,48,28.743910108862647
embed,HypsRel 600-500,168,0.0027139749684353467,0.002712490645857841,-1.4843225775063383e-06,-4.8036488158235945e-06,2.176281952989513e-06,-0.05469183005626893,-0.010271207499994288,-0.03324026360046073,0.015059424316782416,0.010223301181480307,-0.008743344760744776,share,10,False,0.3129651151205467,48,25.116946440108574
b0-5_attn,HypsRel 600-500,168,0.0027139749684353467,0.0027148932556583885,9.182872230414915e-07,-9.472093837343574e-08,1.8092451391269553e-06,0.03383550820186451,0.006354359056033707,-0.0006554494470212796,0.01251960491872909,0.0063064527375197256,0.005409135387489186,share,11,False,0.7490454015268515,48,6.8870829288911395
b0-5_mlp,HypsRel 600-500,168,0.0027139749684353467,0.002723265880643788,9.290912208440562e-06,8.89143477794525e-06,9.744339174187963e-06,0.34233595801353073,0.06429120502730863,0.061526903222322855,0.06742882654022027,0.06424329870879464,0.054727759188761375,share,5,True,-0.0032162816125561058,48,48.30975930797194
b6-11_attn,HypsRel 600-500,168,0.0027139749684353467,0.0027097374263067215,-4.237542128625599e-06,-5.22795120716588e-06,-3.1159658664953516e-06,-0.1561378486504102,-0.029322921548631604,-0.036176349037860725,-0.021561844078017867,0.029275015230117624,-0.024961078090584857,share,7,True,0.45089875792474143,48,18.165884749471644
b6-11_mlp,HypsRel 600-500,168,0.0027139749684353467,0.002718112179745227,4.137211309879412e-06,2.9622705676728534e-06,5.401356722856291e-06,0.1524410268332204,0.028628652881157936,0.02049830416432093,0.03737627960571071,0.028580746562643956,0.024370083281424537,share,8,True,0.6375663639220283,48,10.623578326362706
b12-17_attn,HypsRel 600-500,168,0.0027139749684353467,0.0027162574355624573,2.2824671271099678e-06,1.0824681091526934e-06,3.230684795688805e-06,0.08410052243134171,0.015794203921527434,0.007490457081042617,0.022355675515859808,0.015746297603013455,0.013444784374913884,share,9,True,0.6813566212457938,48,9.09675079452759
b12-17_mlp,HypsRel 600-500,168,0.0027139749684353467,0.002704313729817883,-9.661238617464349e-06,-1.243747854016502e-05,-6.603959267433138e-06,-0.35598112472769855,-0.06685378774851286,-0.08606479804233488,-0.045698042315890315,0.06680588142999887,-0.05690915258475971,share,4,True,0.6789504915987622,48,9.178577021997269
b18-23_attn,HypsRel 600-500,168,0.0027139749684353467,0.0027373309136977213,2.335594526237346e-05,2.183002795408273e-05,2.4825431795283072e-05,0.8605807177300004,0.16161834616257595,0.15105931166508987,0.17178689127985006,0.16157043984406197,0.13757729265634833,share,2,True,0.584034883399112,48,12.604725947699931
b18-23_mlp,HypsRel 600-500,168,0.0027139749684353467,0.0026943582773328784,-1.9616691102468933e-05,-2.155680612537038e-05,-1.694304362959464e-05,-0.7228029488340599,-0.13574347505732107,-0.1491686727037483,-0.11724238345372727,0.13569556873880706,-0.11555136058232465,share,3,True,0.5153966295718622,48,15.349751561162192
adaln,HypsRel 600-500,168,0.0027139749684353467,0.0027194795931377515,5.504624702404414e-06,5.1479431643949865e-06,5.851452623013311e-06,0.20282518322480786,0.038090872822924914,0.035622709807802765,0.04049085082861574,0.038042966504410934,0.032424779007599776,share,6,True,0.4454751281634067,48,18.414148628054075
head,HypsRel 600-500,168,0.0027139749684353467,0.0029065870712296324,0.00019261210279428504,0.00018584783424615856,0.0002001103115330182,7.097047873854534,1.332836207432736,1.286028857806475,1.3847222724976391,1.3327883011142219,1.1345741453664948,share,1,True,0.3381329960636883,48,23.741747854957527
embed,|DryAir Md err|,168,63586980735765.336,66528449406016.0,2941468670250.6665,-7380156680677.866,13218926588770.13,4.625897685681746,0.06348210546663778,-0.15927685700054672,0.2852878564885533,0.06346747585783306,0.5319618606700561,colmax,2,False,0.2988692662198033,48,25.91044079393456
b0-5_attn,|DryAir Md err|,168,63586980735765.336,63524323336256.0,-62657399509.333336,-295433050660.26666,144978500527.46643,-0.09853809503820467,-0.0013522576949894188,-0.006375968668314033,0.0031288929078055814,0.0013376280861847015,-0.011331532157672646,colmax,9,False,0.11820184897645698,48,37.85212060583994
b0-5_mlp,|DryAir Md err|,168,63586980735765.336,62622560391573.336,-964420344192.0,-1569714458241.6,-273491656658.66678,-1.5166946645880752,-0.020813899744494067,-0.033877219158723035,-0.005902434510978977,0.02079927013568935,-0.1744145181463763,colmax,3,True,0.08899010287468052,48,40.15507114948275
b6-11_attn,|DryAir Md err|,168,63586980735765.336,63527040377130.664,-59940358634.666664,-553456434101.8666,460736843003.1997,-0.09426514349493624,-0.001293619138982614,-0.011944570437274062,0.009943517384940344,0.0012789895301778967,-0.010840157854141101,colmax,10,False,0.06113041835952676,48,42.469558066587986
b6-11_mlp,|DryAir Md err|,168,63586980735765.336,63838739708096.0,251758972330.66666,-91279745861.86667,540139438641.5998,0.3959284894762451,0.005433404678182668,-0.0019699786410701785,0.01165716608078457,0.005418775069377951,0.045530374916415366,colmax,7,False,-0.20437454308964467,48,72.65978930940177
b12-17_attn,|DryAir Md err|,168,63586980735765.336,63564308262570.664,-22672473194.666668,-383843172413.3333,265497970510.39966,-0.03565584170269345,-0.000489312141614853,-0.008284015736844659,0.005729916601043784,0.0004746825328101357,-0.004100295593357126,colmax,11,False,-0.021223735275752,48,50.081659169622604
b12-17_mlp,|DryAir Md err|,168,63586980735765.336,64067850007808.0,480869272042.6667,-403340349901.3333,1459547693913.0652,0.7562385672012187,0.01037801087334936,-0.008704799371262733,0.031499625195967586,0.010363381264544643,0.08696475855140527,colmax,5,False,0.13719903211405543,48,36.41794029804597
b18-23_attn,|DryAir Md err|,168,63586980735765.336,63941072113152.0,354091377386.6667,-190499683927.46664,879235438652.7991,0.5568614412722122,0.007641919287269459,-0.004111320697974332,0.0189754585561525,0.007627289678464742,0.06403709475708347,colmax,6,False,-0.11358889908693716,48,60.30189276861894
b18-23_mlp,|DryAir Md err|,168,63586980735765.336,69116453594112.0,5529472858346.667,-356018727505.06665,11922815748897.592,8.695919816234555,0.11933582115581762,-0.007683514917617266,0.2573154881728883,0.1193211915470129,1.0,colmax,1,False,0.1373522154130361,48,36.40657054080388
adaln,|DryAir Md err|,168,63586980735765.336,63658640811562.664,71660075797.33333,-180798449032.0,373171018676.2666,0.1126961446638198,0.0015465513998236477,-0.003901950860716076,0.008053691750754096,0.0015319217910189304,0.012959657752757278,colmax,8,False,-0.018900362694136447,48,49.84938894037266
head,|DryAir Md err|,168,63586980735765.336,62654506319765.336,-932474416000.0,-1953557781557.3333,224792055473.59863,-1.4664549334004113,-0.020124450013743966,-0.04216123815230884,0.004851410833629988,0.02010982040493925,-0.16863712688135218,colmax,4,False,0.4063974058235458,48,20.25951157367584
embed,neg-q fraction,168,0.00819436097056799,0.007134217525162967,-0.0010601434454050225,-0.0013127632835676197,-0.000833977118539527,-12.937475529974597,-0.6201897512832826,-0.7679737471928441,-0.48788120509991467,0.6200378092445217,-1.3651880976960054,share,2,True,0.7369756703137871,48,7.268477066611685
b0-5_attn,neg-q fraction,168,0.00819436097056799,0.008182867992824564,-1.1492977743425096e-05,-2.5972904950322118e-05,2.9339656369605413e-07,-0.14025471644103643,-0.006723455244753187,-0.0151942923677565,0.00017163860480834091,0.006571513205992299,-0.014799956072373506,share,9,False,0.42870738605224706,48,19.193605168699907
b0-5_mlp,neg-q fraction,168,0.00819436097056799,0.008151421186388083,-4.293978417990729e-05,-5.746617498516571e-05,-2.968492632741497e-05,-0.5240162635516767,-0.025120010113839235,-0.03361802869764993,-0.017365845306743843,0.024968068075078346,-0.05529523625706033,share,8,True,0.15831840242775966,48,34.878766148228564
b6-11_attn,neg-q fraction,168,0.00819436097056799,0.008249429539622119,5.50685690541286e-05,3.8096784101071536e-05,7.355513046907921e-05,0.6720300613058243,0.032215416030005564,0.02228682840868747,0.04303015621984953,0.03206347399124468,0.07091394599070051,share,6,True,0.06907122830005913,48,41.79757144212977
b6-11_mlp,neg-q fraction,168,0.00819436097056799,0.008072535223618615,-0.00012182574694937405,-0.00015791985715623013,-9.13973882234132e-05,-1.4867022259202443,-0.07126873257379522,-0.09238398573034264,-0.05346797522156496,0.07111679053503432,-0.15687976985479643,share,5,True,0.6409276379062165,48,10.503493866733605
b12-17_attn,neg-q fraction,168,0.00819436097056799,0.0081904484492649,-3.912521303088094e-06,-1.5753990980253244e-05,6.504402851229921e-06,-0.04774650905837382,-0.0022888464993769926,-0.009216171443695131,0.0038051114724473945,0.0021369044606161054,-0.0050383064085420095,share,10,False,0.3173551436629168,48,24.873287406060612
b12-17_mlp,neg-q fraction,168,0.00819436097056799,0.00805835237770225,-0.00013600859286574027,-0.00018814409128632784,-8.832365441170018e-05,-1.659782786653501,-0.07956577550650872,-0.11006532907035797,-0.051669824021876115,0.07941383346774783,-0.17514357417335477,share,4,True,0.7892914029808936,48,5.652524032735827
b18-23_attn,neg-q fraction,168,0.00819436097056799,0.008239110338763567,4.474936819557721e-05,-4.192247009389879e-05,0.00012759798261564962,0.5460995476804754,0.026178626724137444,-0.02452487577356366,0.07464552221271833,0.02602668468537656,0.05762550823174551,share,7,False,0.8658732688413937,48,3.4504396429939765
b18-23_mlp,neg-q fraction,168,0.00819436097056799,0.009963549074503439,0.0017691881039354485,0.0015601414094514134,0.001996619780159866,21.59031204861381,1.0349847795680858,0.9126913125655006,1.1680335620917315,1.0348328375293248,2.2782525822770086,share,1,True,0.7350383987289124,48,7.330187545318602
adaln,neg-q fraction,168,0.00819436097056799,0.008197735511203064,3.3745406350741782e-06,-2.8866629691037815e-06,9.781283855166596e-06,0.04118125436741985,0.001974124847192184,-0.0016887137270024523,0.005722104897841799,0.0018221828084312964,0.0043455277020882305,share,11,False,0.3035313465675542,48,25.646100074836134
head,neg-q fraction,168,0.00819436097056799,0.008382063637933848,0.00018770266736585958,7.276900641954853e-05,0.00029344563745326013,2.290632155942833,0.10980709364699873,0.04257026932353431,0.1716673132264404,0.10965515160823783,0.24171205180235308,share,3,True,0.4274633979749381,48,19.25216221739191
embed,|neg-q mass|,168,672058997973.3334,537559924096.0,-134499073877.33333,-164528595782.4,-102973888137.60005,-20.012986104334566,-0.5680572935179622,-0.6948870808709094,-0.4349105648996179,0.5680489930666919,-0.7179420431153092,colmax,2,True,0.7098324433059261,48,8.145852405505863
b0-5_attn,|neg-q mass|,168,672058997973.3334,668091455658.6666,-3967542314.6666665,-6480791607.466666,-1723533632.0000002,-0.5903562524467673,-0.016756928387797333,-0.027371645278011555,-0.007279350125295563,0.016748627936527028,-0.02117832750384664,colmax,9,True,0.6590724884748754,48,9.863656149376139
b0-5_mlp,|neg-q mass|,168,672058997973.3334,659172272554.6666,-12886725418.666666,-15837917811.2,-9815271543.466667,-1.9174991269409352,-0.054427128400254335,-0.06689149945371042,-0.04145483256792291,0.054418827948984026,-0.0687879976376754,colmax,6,True,0.6828060594403933,48,9.04757209629029
b6-11_attn,|neg-q mass|,168,672058997973.3334,673654910208.0,1595912234.6666667,-105941242.66666666,3868164092.8,0.23746609144127417,0.006740340721927683,-0.00044744319679139715,0.016337204131556787,0.006732040270657378,0.008518813233125158,colmax,11,False,0.29507789256222827,48,26.126815499931187
b6-11_mlp,|neg-q mass|,168,672058997973.3334,655643295658.6666,-16415702314.666666,-19921297749.333332,-12879147990.4,-2.442598397487422,-0.06933177425868962,-0.08413766843608642,-0.05439512510633638,0.06932347380741932,-0.08762530863010404,colmax,5,True,0.5132022982266325,48,15.441616572024307
b12-17_attn,|neg-q mass|,168,672058997973.3334,666442039850.6666,-5616958122.666667,-7086852804.266667,-4169663449.6000004,-0.8357834862125516,-0.02372324163269564,-0.02993134679294136,-0.01761058768494405,0.023714941181425336,-0.029982737236973995,colmax,7,True,0.2345735011496065,48,29.759647287591225
b12-17_mlp,|neg-q mass|,168,672058997973.3334,654960962944.0,-17098035029.333334,-22505789218.13333,-11905304075.733337,-2.544127090165344,-0.0722136087873483,-0.09505327689764187,-0.050282092038324226,0.07220530833607798,-0.09126752956984807,colmax,4,True,0.8127012526916871,48,4.959636816849565
b18-23_attn,|neg-q mass|,168,672058997973.3334,667622468010.6666,-4436529962.666667,-7239123511.466666,-922333049.6000006,-0.6601399543857761,-0.018737699305664095,-0.030574462639917272,-0.003895476755146953,0.018729398854393793,-0.0236817347058029,colmax,8,True,0.6258117101483566,48,11.047428063634705
b18-23_mlp,|neg-q mass|,168,672058997973.3334,859398735445.3334,187339737472.0,155481886324.26666,218167438405.33334,27.875489806243685,0.791230014964768,0.6566782728703613,0.9214309141437601,0.7912217145134977,1.0,colmax,1,True,0.7955308011335696,48,5.466083644676257
adaln,|neg-q mass|,168,672058997973.3334,670091062442.6666,-1967935530.6666667,-2866750976.0,-1145533082.666667,-0.2928218410290152,-0.008311582371101644,-0.012107732445070601,-0.0048381628498676225,0.00830328191983134,-0.010504634826665093,colmax,10,True,0.5917500473361211,48,12.310976689249129
head,|neg-q mass|,168,672058997973.3334,697913318485.3334,25854320512.0,20301884224.0,35260364138.66666,3.8470313752165364,0.10919581014503743,0.08574507669932745,0.148922267221978,0.10918750969376713,0.1380076691730403,colmax,3,True,0.3419352717315577,48,23.53847284759645
embed,EffRes Z500,168,313.96456001268035,313.96456001268035,0.0,0.0,0.0,0.0,nan,nan,nan,0.0,0.0,colmax,1,False,0.0,48,48.0
b0-5_attn,EffRes Z500,168,313.96456001268035,313.96456001268035,0.0,0.0,0.0,0.0,nan,nan,nan,0.0,0.0,colmax,2,False,0.0,48,48.0
b0-5_mlp,EffRes Z500,168,313.96456001268035,313.96456001268035,0.0,0.0,0.0,0.0,nan,nan,nan,0.0,0.0,colmax,3,False,0.0,48,48.0
b6-11_attn,EffRes Z500,168,313.96456001268035,313.96456001268035,0.0,0.0,0.0,0.0,nan,nan,nan,0.0,0.0,colmax,4,False,0.0,48,48.0
b6-11_mlp,EffRes Z500,168,313.96456001268035,313.96456001268035,0.0,0.0,0.0,0.0,nan,nan,nan,0.0,0.0,colmax,5,False,0.0,48,48.0
b12-17_attn,EffRes Z500,168,313.96456001268035,313.96456001268035,0.0,0.0,0.0,0.0,nan,nan,nan,0.0,0.0,colmax,6,False,0.0,48,48.0
b12-17_mlp,EffRes Z500,168,313.96456001268035,313.96456001268035,0.0,0.0,0.0,0.0,nan,nan,nan,0.0,0.0,colmax,7,False,0.0,48,48.0
b18-23_attn,EffRes Z500,168,313.96456001268035,313.96456001268035,0.0,0.0,0.0,0.0,nan,nan,nan,0.0,0.0,colmax,8,False,0.0,48,48.0
b18-23_mlp,EffRes Z500,168,313.96456001268035,313.96456001268035,0.0,0.0,0.0,0.0,nan,nan,nan,0.0,0.0,colmax,9,False,0.0,48,48.0
adaln,EffRes Z500,168,313.96456001268035,313.96456001268035,0.0,0.0,0.0,0.0,nan,nan,nan,0.0,0.0,colmax,10,False,0.0,48,48.0
head,EffRes Z500,168,313.96456001268035,313.96456001268035,0.0,0.0,0.0,0.0,nan,nan,nan,0.0,0.0,colmax,11,False,0.0,48,48.0
embed,DKE<1000km 500hPa,168,0.5554717183113098,0.5636290907859802,0.008157397309939066,0.006330719900627931,0.010176712088286877,1.4685531537753302,0.5316529833198728,0.41260048932892657,0.6632604906387164,0.5316108302641981,0.7198315149084541,share,1,True,0.040287775123917464,48,44.28215720266887
b0-5_attn,DKE<1000km 500hPa,168,0.5554717183113098,0.5556603670120239,0.00018865366776784262,7.66158724824588e-06,0.000347716516504685,0.033962785953087056,0.012295378228151898,0.000499338889933981,0.02266219436487034,0.012253225172477202,0.016647326383980768,share,8,True,-0.15828081268243704,48,66.05228898955967
b0-5_mlp,DKE<1000km 500hPa,168,0.5554717183113098,0.5561928153038025,0.0007211218277613322,0.00021650490040580432,0.0010520159266889093,0.12982152200982414,0.04699863896530688,0.0141105639250735,0.06856444337248507,0.04695648590963218,0.06363380352683477,share,3,True,0.00038687317416672085,48,47.96287453812527
b6-11_attn,DKE<1000km 500hPa,168,0.5554717183113098,0.5553150773048401,-0.00015661120414733887,-0.0005922054251035054,0.00023179265360037462,-0.028194271901762324,-0.010207031819426273,-0.03859659754599399,0.01510693314497753,0.010164878763751578,-0.013819809928303983,share,10,False,-0.1895643260015114,48,70.45480533496239
b6-11_mlp,DKE<1000km 500hPa,168,0.5554717183113098,0.5553028583526611,-0.0001688512663046519,-0.0007178260944783688,0.00038896333426237075,-0.03039781565482029,-0.011004769788377151,-0.046783841724772915,0.025350428476822468,0.010962616732702456,-0.014899907188558442,share,9,False,-0.14200910736195366,48,63.8892995528552
b12-17_attn,DKE<1000km 500hPa,168,0.5554717183113098,0.5554320812225342,-3.9630879958470665e-05,-0.00015548796703418097,8.02597651878992e-05,-0.007134635170827345,-0.002582916432897158,-0.010133825582253248,0.0052308772003429385,0.0025407633772224617,-0.0034971395009659187,share,11,False,-0.12452015152722819,48,61.65415156895605
b12-17_mlp,DKE<1000km 500hPa,168,0.5554717183113098,0.5559266805648804,0.00045497963825861615,0.0002579971527059873,0.0007208378985524176,0.08190869676706243,0.029652997499002125,0.016814794071271674,0.04698013406659523,0.029610844443327428,0.040148673629168435,share,5,True,-0.15955575971437233,48,66.2253053782296
b18-23_attn,DKE<1000km 500hPa,168,0.5554717183113098,0.5551121830940247,-0.00035948678851127625,-0.0005200287016729514,-0.0001969368507464727,-0.06471738925423792,-0.023429314070951855,-0.03389252725492782,-0.01283522920937203,0.023387161015277158,-0.03172211794175562,share,6,True,-0.025601283350386455,48,50.5222972481817
b18-23_mlp,DKE<1000km 500hPa,168,0.5554717183113098,0.5570945739746094,0.0016228544215361278,0.001248000655323267,0.0020347657613456246,0.29215788912982615,0.10576846534767761,0.08133761865188927,0.13261451493339294,0.10572631229200291,0.14320520533024766,share,2,True,0.02057238154967965,48,46.06486177318418
adaln,DKE<1000km 500hPa,168,0.5554717183113098,0.5560045838356018,0.0005328506231307983,0.0004274706666668256,0.0006564900279045103,0.09592758981304653,0.03472818751958745,0.02786011843976867,0.04278630408622166,0.03468603446391276,0.04702022675796595,share,4,True,0.14802263966543233,48,35.622044272556536
head,DKE<1000km 500hPa,168,0.5554717183113098,0.5552054643630981,-0.000266246497631073,-0.0006902933741609256,0.0001417759805917729,-0.04793160353993704,-0.01735243967969543,-0.044989414858026405,0.009240155919937591,0.017310286624020732,-0.02349433433815142,share,7,False,0.26153389123207915,48,28.097836663144612
embed,DKEpert<1000km 500hPa,168,0.0,0.03707690164446831,0.03707690129522234,0.03482758180665163,0.039597359825468935,nan,nan,nan,nan,0.0,0.2804565578381165,share,1,True,0.022871556193784923,48,45.853426091176416
b0-5_attn,DKEpert<1000km 500hPa,168,0.0,0.0004665542219299823,0.00046655425588445115,0.00036384001676500094,0.0006062736884662927,nan,nan,nan,nan,0.0,0.0035291029206623004,share,9,True,0.13834208419994146,48,36.33317307026515
b0-5_mlp,DKEpert<1000km 500hPa,168,0.0,0.0022576635237783194,0.0022576634534440623,0.001998959069290625,0.002498166602345009,nan,nan,nan,nan,0.0,0.017077385077793068,share,7,True,0.24189744721370682,48,29.301068792260942
b6-11_attn,DKEpert<1000km 500hPa,168,0.0,0.001761023886501789,0.001761023801615617,0.0015431961209590858,0.0020290197771222055,nan,nan,nan,nan,0.0,0.013320710642443896,share,8,True,0.3098733883593648,48,25.289526188665747
b6-11_mlp,DKEpert<1000km 500hPa,168,0.0,0.0032698370050638914,0.003269836903200485,0.0030043821992876475,0.003525453402956676,nan,nan,nan,nan,0.0,0.024733652773777606,share,5,True,0.1157408489380646,48,38.0414854321866
b12-17_attn,DKEpert<1000km 500hPa,168,0.0,0.0004256835673004389,0.0004256835624498005,0.00039031312254943863,0.0004663318992091566,nan,nan,nan,nan,0.0,0.0032199494154685946,share,10,True,0.1103320594811001,48,38.46062155934181
b12-17_mlp,DKEpert<1000km 500hPa,168,0.0,0.0022845270577818155,0.002284527101437561,0.0021713508303340253,0.0024156725134162117,nan,nan,nan,nan,0.0,0.01728058669346321,share,6,True,0.3592572586956402,48,22.62680694611318
b18-23_attn,DKEpert<1000km 500hPa,168,0.0,0.0034739170223474503,0.0034739171096589416,0.003382448990426686,0.003572121972805083,nan,nan,nan,nan,0.0,0.026277353305019308,share,4,True,0.5474977941177804,48,14.03562962409846
b18-23_mlp,DKEpert<1000km 500hPa,168,0.0,0.033596549183130264,0.03359654964879155,0.03197892747314957,0.03535227348135474,nan,nan,nan,nan,0.0,0.25413053250357814,share,2,True,0.7855894059950895,48,5.763759841809907
adaln,DKEpert<1000km 500hPa,168,0.0,0.00011339222692186013,0.00011339222328388132,0.00010560127474263936,0.0001225130646503203,nan,nan,nan,nan,0.0,0.000857719807127096,share,11,True,0.32175037259477596,48,24.63096117880333
head,DKEpert<1000km 500hPa,168,0.0,0.028905563056468964,0.028905564453452826,0.02728852502380808,0.03088812723484201,nan,nan,nan,nan,0.0,0.2186470504758125,share,3,True,0.8811936864852986,48,3.0314279117958507
