group,metric,lead,fp32_mean,group_mean,mean_delta,ci_lo,ci_hi,rel_pct,svr,svr_ci_lo,svr_ci_hi,distortion,share,norm,rank,significant,lag1_autocorr,n,n_eff
encoder_io,RMSE Z500,24,39.31072394053141,39.23027070363363,-0.08045323689778645,-0.2226861317952474,0.06306241353352822,-0.2046597692260634,-0.05712796019961657,-0.15812420935117752,0.04477914362864227,0.04679294688813294,-0.027440883168719187,share,7,False,0.6322007833444676,12,2.704073325355661
enc0_attn,RMSE Z500,24,39.31072394053141,39.636908213297524,0.3261842727661133,0.2697782834370931,0.3772027651468913,0.8297590073883128,0.23161581647731178,0.1915632438567449,0.2678428536302907,0.22128080316582815,0.11125449845877877,share,3,True,0.3130052320231353,12,6.278678115409914
enc0_mlp,RMSE Z500,24,39.31072394053141,39.30686124165853,-0.0038626988728841147,-0.029146822293599446,0.013089815775553385,-0.009826069035837498,-0.002742812048116598,-0.020696476215736434,0.009294771764076795,0.0,-0.001317484200435851,share,19,False,-0.2657064975964059,12,20.684478238524214
enc1_attn,RMSE Z500,24,39.31072394053141,39.368581771850586,0.05785783131917318,0.03842581907908122,0.07965784072875977,0.14718078305222645,0.04108349163175552,0.02728527462203098,0.05656316799933738,0.03074847832027189,0.01973407224922451,share,10,True,-0.14573550488334325,12,16.094343306077125
enc1_mlp,RMSE Z500,24,39.31072394053141,39.32550621032715,0.014782269795735678,-0.04433282216389974,0.07137004534403482,0.0376036570023438,0.010496543745327127,-0.03147969923613634,0.05067819850478918,0.0001615304338434901,0.005041916945475064,share,17,False,-0.0767694769794457,12,13.99567432138038
enc2_attn,RMSE Z500,24,39.31072394053141,39.36030260721842,0.04957866668701172,0.039470903078715,0.05730268160502116,0.12611995332880024,0.03520465063256627,0.02802736430590767,0.04068929281517842,0.024869637321082626,0.016910225774354023,share,12,True,-0.32742505718073184,12,23.683755775078268
enc2_mlp,RMSE Z500,24,39.31072394053141,39.366838137308754,0.05611419677734375,0.038387235005696616,0.07458603382110596,0.14274526427504197,0.0398453775601631,0.027257876974731154,0.052961796639615755,0.02951036424867946,0.019139355695904567,share,11,True,0.03201443596698314,12,11.255488647803976
downsample,RMSE Z500,24,39.31072394053141,39.60247993469238,0.29175599416097003,0.22827028433481852,0.3593145449956258,0.7421791432850067,0.20716910176781264,0.1620893853506777,0.2551408472443725,0.19683408845632902,0.09951174692593345,share,4,True,-0.2981718528858383,12,22.19640562819445
dec0_attn,RMSE Z500,24,39.31072394053141,39.32435162862142,0.01362768809000651,0.0033299207687377927,0.022277235984802246,0.03466659151488088,0.00967670230357258,0.0023644987881098313,0.015818543787294952,0.0,0.004648113751006871,share,18,True,-0.2079351618906575,12,18.300549709147504
dec0_mlp,RMSE Z500,24,39.31072394053141,39.38017145792643,0.06944751739501953,0.04809643427530924,0.09095451831817628,0.17666303347676462,0.049313056412451345,0.034152152094441564,0.06458467431282472,0.0389780431009677,0.023687066980480394,share,9,True,0.06559174003727596,12,10.522697106455091
dec1_attn,RMSE Z500,24,39.31072394053141,39.447333017985024,0.13660907745361328,0.11027851899464924,0.15891075134277344,0.34751096840717854,0.0970029080320456,0.07830619483965494,0.11283880460316073,0.08666789472056197,0.04659444266927005,share,6,True,-0.006222024171444567,12,12.150263523389285
dec1_mlp,RMSE Z500,24,39.31072394053141,39.326660792032875,0.015936851501464844,-0.0010273456573486328,0.032140652338663735,0.040540722489806696,0.011316385187081671,-0.0007294941022550254,0.0228223248484787,0.0009813718755980352,0.005435720139943256,share,16,False,-0.3685439684433785,12,26.00739687423187
dec2_attn,RMSE Z500,24,39.31072394053141,39.34079202016195,0.030068079630533855,0.011470532417297364,0.046438264846801754,0.07648823683842693,0.021350639485075838,0.008144956557015852,0.03297472479917505,0.011015626173592202,0.01025558065858163,share,14,True,0.03444529919952951,12,11.200840120373293
dec2_mlp,RMSE Z500,24,39.31072394053141,39.3547560373942,0.04403209686279297,0.028387920061747233,0.05770651499430338,0.11201039423594429,0.03126616123946789,0.020157597505962032,0.04097604545161368,0.02093114792798425,0.015018409106655502,share,13,True,-0.19098987678212417,12,17.665883418786986
upsample,RMSE Z500,24,39.31072394053141,39.28340148925781,-0.02732245127360026,-0.06598807175954183,-0.002041228612264032,-0.069503811008246,-0.019401033060947533,-0.046856585048503714,-0.0014494286546592207,0.009066019749463895,-0.009319105385833342,share,15,True,0.44916717143024426,12,4.56123632466321
decoder_io,RMSE Z500,24,39.31072394053141,39.8888324101766,0.5781084696451823,0.46026514371236166,0.7190261681874593,1.4706126260094696,0.4105012914136694,0.3268235042510022,0.5105636504207097,0.40016627810218575,0.19718046887951823,share,2,True,0.28901426528533153,12,6.618878507669149
decoder_heads,RMSE Z500,24,39.31072394053141,41.47448984781901,2.1637659072875977,1.9891868034998577,2.2666203101476032,5.5042636980201785,1.536439519392589,1.4124749844970994,1.6094740231554001,1.5261045060811054,0.7380144013567995,share,1,True,-0.09158094673539059,12,14.419525123070207
film,RMSE Z500,24,39.31072394053141,39.38845570882162,0.07773176829020183,0.0636929194132487,0.08901760578155518,0.19773680181467304,0.05519550904794789,0.04522685109438486,0.06320931806155533,0.04486049573646426,0.026512648271185546,share,8,True,-0.25872966162113187,12,20.376851949164926
cond_embed,RMSE Z500,24,39.31072394053141,39.480889638264976,0.1701656977335612,0.1002522071202596,0.20785126686096192,0.4328734774535949,0.12083067856938311,0.07118674548254855,0.14759031902916034,0.11049566525789947,0.05803989013845023,share,5,True,-0.1825044347951298,12,17.357957426943877
encoder_io,RMSE T850,24,0.6190969695647558,0.6266578833262125,0.007560913761456807,0.006564249470829964,0.008470070362091063,1.2212810162473193,0.45292380130677506,0.393220306017807,0.5073852958474923,0.4497694886038791,0.8961526755127284,share,1,True,-0.1173867526720497,12,15.191977995637746
enc0_attn,RMSE T850,24,0.6190969695647558,0.6186739752689997,-0.00042299429575602215,-0.0006746500730514526,-0.00017522138853867878,-0.06832440095020982,-0.025338760685452672,-0.04041377606976995,-0.010496342091845079,0.022184447982556702,-0.0501351399880726,share,8,True,0.2723766222863808,12,6.862339640344468
enc0_mlp,RMSE T850,24,0.6190969695647558,0.6194727768500646,0.0003758072853088379,0.00012478729089101157,0.0005094808836778003,0.060702491497098096,0.022512102318710064,0.007475172436597317,0.030519594034362198,0.019357789615814094,0.04454232845816783,share,9,True,-0.4983040584322243,12,35.837739976530706
enc1_attn,RMSE T850,24,0.6190969695647558,0.6195753713448843,0.000478401780128479,0.0001895774155855179,0.0007495959599812822,0.0772741272606794,0.028657852693980437,0.011356315707053253,0.04490328316792072,0.025503539991084467,0.05670227815818708,share,6,True,0.2756457037971446,12,6.814001355204283
enc1_mlp,RMSE T850,24,0.6190969695647558,0.6183084398508072,-0.0007885297139485677,-0.0010149716089169183,-0.000527032713095348,-0.12736772310530423,-0.04723554410917077,-0.060800164349517724,-0.031571006806745426,0.044081231406274804,-0.09346000168373063,share,5,True,-0.24793861233511694,12,19.9122885360714
enc2_attn,RMSE T850,24,0.6190969695647558,0.6189697881539663,-0.00012718141078948975,-0.00020938639839490253,-7.141480843226128e-05,-0.02054305174178161,-0.007618588155836257,-0.012542939450837148,-0.004277983789422658,0.004464275452940286,-0.015074098865601206,share,14,True,-0.5138050428385657,12,37.36291429289985
enc2_mlp,RMSE T850,24,0.6190969695647558,0.6191471467415491,5.0177176793416343e-05,-3.1600395838419594e-05,0.00013065834840138754,0.008104897820561527,0.003005779244298296,-0.0018929684767596275,0.007826868246017292,0.0,0.005947219165799781,share,17,False,-0.16391157473808468,12,16.705097780156084
downsample,RMSE T850,24,0.6190969695647558,0.6220671087503433,0.002970139185587565,0.0022195279598236084,0.003490323821703593,0.4797534686166634,0.17792118423624662,0.13295708328199302,0.20908196852823113,0.17476687153335063,0.3520339289383254,share,2,True,-0.1264687914793661,12,15.474690962266964
dec0_attn,RMSE T850,24,0.6190969695647558,0.6191739141941071,7.694462935129802e-05,-3.488361835479736e-05,0.00018837129076321906,0.01242852624612142,0.004609238395706286,-0.0020896443904877184,0.011284064831484373,0.001454925692810316,0.009119815095763652,share,15,False,-0.0492312353876999,12,13.242730822974188
dec0_mlp,RMSE T850,24,0.6190969695647558,0.6191474546988806,5.048513412475586e-05,-3.182130555311838e-05,0.00013527410725752508,0.008154640808571307,0.0030242269094286163,-0.0019062017010607723,0.008103367504307261,0.0,0.005983719619994949,share,16,False,-0.061543185161684624,12,13.573899214675004
dec1_attn,RMSE T850,24,0.6190969695647558,0.6191117862860361,1.4816721280415853e-05,-7.715510825316112e-05,0.00012619607150554654,0.002393279568277077,0.0008875707271571785,-0.0046218467797368885,0.0075595630659938805,0.0,0.0017561428203900957,share,18,False,-0.18170356695468845,12,17.329224753777034
dec1_mlp,RMSE T850,24,0.6190969695647558,0.6194237321615219,0.000326762596766154,0.00020837299525737764,0.00045521433154741914,0.05278051950341126,0.01957416287521359,0.012482233243124028,0.027268847649712415,0.01641985017231762,0.03872933676908576,share,10,True,-0.330939298227482,12,23.871184686856786
dec2_attn,RMSE T850,24,0.6190969695647558,0.6189513852198919,-0.0001455843448638916,-0.0002349956581989924,-7.03159719705582e-05,-0.02351559642849518,-0.008720984918865873,-0.014077019016490907,-0.004212159842350796,0.0055666722159699025,-0.017255295362264063,share,11,True,0.38987115663425886,12,5.267787654590159
dec2_mlp,RMSE T850,24,0.6190969695647558,0.6192377954721451,0.0001408259073893229,2.2293875614802044e-05,0.00025614102681477863,0.02274698703311823,0.008435938738303828,0.0013354770610914926,0.015343696700650814,0.005281626035407858,0.016691304473248403,share,13,True,0.5282851900097288,12,3.7038752694104295
upsample,RMSE T850,24,0.6190969695647558,0.6189538240432739,-0.00014314552148183188,-0.0002496113379796346,-1.5477339426676433e-05,-0.02312166405570804,-0.008574891312753177,-0.01495254669129083,-0.000927143944291575,0.005420578609857206,-0.01696623531371846,share,12,True,-0.12206905794432298,12,15.337002092446989
decoder_io,RMSE T850,24,0.6190969695647558,0.6170779913663864,-0.0020189781983693442,-0.0023864385982354484,-0.0016399720062812177,-0.3261166340046452,-0.12094348768035099,-0.1429555838882829,-0.09823976024009975,0.11778917497745502,-0.23929815513752725,share,4,True,0.1640371450386222,12,8.617898752022807
decoder_heads,RMSE T850,24,0.6190969695647558,0.6213680406411489,0.0022710710763931274,0.0018578205257654189,0.0027734595040480293,0.3668360835282008,0.13604468684743387,0.1112896087989896,0.16613941925212536,0.1328903741445379,0.2691773091982911,share,3,True,-0.03211066605750371,12,12.796223244077895
film,RMSE T850,24,0.6190969695647558,0.6190952708323797,-1.6987323760986328e-06,-0.00012216543157895406,8.937381207942962e-05,-0.00027438874031202157,-0.00010175970120273384,-0.007318114371451518,0.0053537876480809375,0.0,-0.00020134121507657147,share,19,False,0.1917493731273029,12,8.138462449550888
cond_embed,RMSE T850,24,0.6190969695647558,0.6186397224664688,-0.0004572470982869466,-0.0008958109964927038,-4.3238575259844786e-05,-0.07385710490691068,-0.02739061711672183,-0.053662048607430526,-0.0025901340086181136,0.02423630441382586,-0.0541949324417803,share,7,True,0.02637984752425356,12,11.383155912395168
encoder_io,RMSE Q700,24,0.0006135621709593883,0.0006167937390273437,3.231568067955474e-06,2.2659831302007663e-06,4.174855227271715e-06,0.5266895876097569,0.39519160478641424,0.2771092828038557,0.5105471097380555,0.38701045669624323,1.1856822569457268,share,1,True,0.4334371773754978,12,4.742973029304269
enc0_attn,RMSE Q700,24,0.0006135621709593883,0.0006131984603901705,-3.637105692178011e-07,-4.5507549657486383e-07,-2.630662493174897e-07,-0.05927851918397934,-0.04447851956214572,-0.0556516254674394,-0.03217062770975311,0.03629737147197473,-0.13344765126919161,share,4,True,-0.17556440396307835,12,17.11082456333579
enc0_mlp,RMSE Q700,24,0.0006135621709593883,0.0006134553210965047,-1.0684986288348834e-07,-2.134899356557677e-07,3.070745151489969e-08,-0.017414675796653824,-0.013066773744564643,-0.02610789205221025,0.0037552441377946616,0.00488562565439365,-0.03920387375847207,share,9,False,0.49648446817066233,12,4.037587098607285
enc1_attn,RMSE Q700,24,0.0006135621709593883,0.0006132735870778561,-2.885838815321525e-07,-4.430843546288088e-07,-1.2820819392800339e-07,-0.04703417113882888,-0.03529120379331436,-0.0541852170461304,-0.015678704839174558,0.02711005570314337,-0.10588320616426988,share,6,True,0.2690529556292388,12,6.911740360038797
enc1_mlp,RMSE Q700,24,0.0006135621709593883,0.0006131898068512479,-3.7236410814026993e-07,-5.685886814414213e-07,-1.02624593030972e-07,-0.0606888960507503,-0.04553676926072496,-0.0695332633436959,-0.01255006138122952,0.037355621170553965,-0.13662268807621514,share,3,True,-0.01773192934144079,12,12.43324863843865
enc2_attn,RMSE Q700,24,0.0006135621709593883,0.0006135732886226227,1.1117663234472275e-08,-8.599308785051107e-08,1.4341931091621517e-07,0.0018119864230039296,0.0013595898593854257,-0.010516178422843239,0.01753888714285987,0.0,0.004079139216198383,share,19,False,0.14411575143499727,12,8.976898508650201
enc2_mlp,RMSE Q700,24,0.0006135621709593883,0.0006135920945477361,2.9923588347931705e-08,-7.304103443554292e-08,1.1987916271512706e-07,0.0048770262842544685,0.0036593847480578937,-0.008932259202605682,0.014660139504292038,0.0,0.010979149138188406,share,16,False,-0.1600465774664503,12,16.573012926846413
downsample,RMSE Q700,24,0.0006135621709593883,0.0006135300597331176,-3.2111226270596184e-08,-2.68384125471736e-07,1.75880268216133e-07,-0.005233573350910128,-0.003926913119167329,-0.03282095596131973,0.02150856921004712,0.0,-0.01178180698570388,share,15,False,-0.5537816300224297,12,41.785324887467965
dec0_attn,RMSE Q700,24,0.0006135621709593883,0.000613580045561927,1.787460253884395e-08,-8.38748140571018e-08,9.627219696994865e-08,0.0029132504226742936,0.0021859025444307565,-0.01025713265862264,0.01177322068321415,0.0,0.006558301924821571,share,17,False,-0.15228307807153416,12,16.311337640167135
dec0_mlp,RMSE Q700,24,0.0006135621709593883,0.000613653362961486,9.119200209776561e-08,-4.138200893066823e-09,2.1242340153548864e-07,0.014862715860590698,0.011151958707000875,-0.000506064615527134,0.02597746455642824,0.002970810616829883,0.03345890805607749,share,11,False,0.28726511572143476,12,6.644178038297451
dec1_attn,RMSE Q700,24,0.0006135621709593883,0.0006137229647720233,1.6079381263504425e-07,1.1534211807884278e-08,3.114691935479641e-07,0.026206604684187285,0.01966363187119,0.00141052998991541,0.03808987087733724,0.011482483781019006,0.05899624165696343,share,8,True,0.28150460662254617,12,6.727985741114819
dec1_mlp,RMSE Q700,24,0.0006135621709593883,0.0006135492779624959,-1.289299689233303e-08,-1.581177154245476e-07,1.4560658504099895e-07,-0.0021013350402898975,-0.0015766971405961874,-0.019336369338282956,0.01780637102477234,0.0,-0.004730520085800743,share,18,False,0.09391245427831403,12,9.939598462505392
dec2_attn,RMSE Q700,24,0.0006135621709593883,0.0006136255202970157,6.334933762749036e-08,-2.3501343093812466e-08,1.692395017016679e-07,0.010324844103155026,0.007747052165608054,-0.0028740021242244277,0.02069646340856737,0.0,0.02324326272406234,share,12,False,0.20074077878538854,12,7.987661303780524
dec2_mlp,RMSE Q700,24,0.0006135621709593883,0.0006134690775070339,-9.30934523542722e-08,-1.8382233974989503e-07,6.845220923423709e-09,-0.015172619297683862,-0.011384488909827701,-0.022479812869086506,0.0008371087301765692,0.0032033408196567087,-0.03415656188362974,share,10,False,0.4316858995308935,12,4.763453497630902
upsample,RMSE Q700,24,0.0006135621709593883,0.0006136122732035195,5.010224413126707e-08,-1.3846741542996217e-07,3.002508795664956e-07,0.008165797453406452,0.0061270522066282996,-0.01693331502344447,0.03671797234012361,0.0,0.018382822410171508,share,13,False,0.29350948215253475,12,6.55417399806107
decoder_io,RMSE Q700,24,0.0006135621709593883,0.0006132937463310858,-2.6842462830245495e-07,-8.086356198570381e-07,2.3745451471768283e-07,-0.04374856224964723,-0.03282590909191566,-0.09888883711520906,0.02903854375390903,0.024644761001744668,-0.09848665180889447,share,7,False,0.18274594841606392,12,8.291762598841158
decoder_heads,RMSE Q700,24,0.0006135621709593883,0.0006138765262827898,3.1435532340159017e-07,1.5896706221004327e-07,4.662550054490564e-07,0.05123446950943091,0.03844281850662796,0.019440236783474226,0.0570187784903096,0.030261670416456967,0.11533890714841562,share,5,True,0.00999291538904127,12,11.762542919180172
film,RMSE Q700,24,0.0006135621709593883,0.0006135261889236668,-3.598203572134177e-08,-1.7018440606382986e-07,8.894154840769864e-08,-0.005864448204992648,-0.00440027817492194,-0.020812016682829275,0.010876748534548049,0.0,-0.013202030848935255,share,14,False,0.33117302292906925,12,6.029211519920371
cond_embed,RMSE Q700,24,0.0006135621709593883,0.0006144289800431579,8.668090837697188e-07,6.730372357803087e-07,1.0618293648197625e-06,0.14127485767487008,0.10600292664580087,0.08230637872879774,0.1298521466570707,0.09782177855562986,0.31803759944792803,share,2,True,-0.4506835128688852,12,31.69066023367238
encoder_io,RMSE U500,24,1.5035564402739208,1.5055930117766063,0.002036571502685547,-0.00018718043963114419,0.00380172034104665,0.13545028627688366,0.05826823955299344,-0.005355409658673871,0.10877081961202197,0.05456263782039712,0.36761410274054585,share,2,False,0.48879009657827727,12,4.120472627511285
enc0_attn,RMSE U500,24,1.5035564402739208,1.5035817821820576,2.5341908137003582e-05,-0.0003498494625091553,0.0004131443798542017,0.001685464373548009,0.0007250559934231166,-0.010009524468985455,0.011820452001598356,0.0,0.004574375517497524,share,18,False,-0.3650594367831696,12,25.798813606123428
enc0_mlp,RMSE U500,24,1.5035564402739208,1.5033389031887054,-0.00021753708521525064,-0.0006911210715770722,0.00020002896587053906,-0.014468168895317246,-0.006223942039976247,-0.01977362842682978,0.005723018163375402,0.002518340307379922,-0.03926682676682116,share,9,False,0.030513884210674955,12,11.289351427208445
enc1_attn,RMSE U500,24,1.5035564402739208,1.5037108063697815,0.00015436609586079916,-7.619584600130717e-05,0.0003352959950764974,0.01026673104686888,0.004416560204547945,-0.0021800353200919177,0.00959313598197453,0.0007109584719516206,0.027864061609719337,share,10,False,-0.5049750506304421,12,36.48240483750435
enc1_mlp,RMSE U500,24,1.5035564402739208,1.5046871999899547,0.0011307597160339355,0.0007169802983601888,0.0018286349872748057,0.07520567141649379,0.032352106431744285,0.02051348539667685,0.05231897890793838,0.028646504699147958,0.20410931699516785,share,4,True,-0.00472076380590272,12,12.113835722902161
enc2_attn,RMSE U500,24,1.5035564402739208,1.5035293300946553,-2.7110179265340168e-05,-0.00018198763330777487,0.00019276564319928484,-0.0018030702765239183,-0.0007756479051555017,-0.005206838551593472,0.005515207622571288,0.0,-0.004893559697079867,share,17,False,-0.4120737358093037,12,28.821445582188684
enc2_mlp,RMSE U500,24,1.5035564402739208,1.503472367922465,-8.407235145568848e-05,-0.0003084080914656321,0.00013158097863197324,-0.005591566049916424,-0.0024053896010740243,-0.008823847593813479,0.003764656420574955,0.0,-0.015175593886547059,share,13,False,0.6157170962276267,12,2.8540855673528216
downsample,RMSE U500,24,1.5035564402739208,1.506610671679179,0.0030542314052581787,0.0024252362549304963,0.003621560086806615,0.20313380485415986,0.08738445320342758,0.06938830622374383,0.10361626410628905,0.08367885147083126,0.5513081844292812,share,1,True,-0.22334929888663835,12,18.901922789221697
dec0_attn,RMSE U500,24,1.5035564402739208,1.503541757663091,-1.4682610829671225e-05,-0.00028239761789639793,0.000282628337542216,-0.000976525419092104,-0.0004200834019127269,-0.008079663310167951,0.008086264417752134,0.0,-0.0026503045922623837,share,19,False,-0.23480029100845282,12,19.364361117739417
dec0_mlp,RMSE U500,24,1.5035564402739208,1.5035018424193065,-5.459785461425781e-05,-0.0003226600587368011,0.00020753368735313416,-0.0036312474312112336,-0.0015620963307931982,-0.009231609875649808,0.00593773535280367,0.0,-0.009855259836991922,share,15,False,-0.3479369768564724,12,24.806258211512308
dec1_attn,RMSE U500,24,1.5035564402739208,1.5040869017442067,0.0005304614702860514,0.00032629519701004027,0.0007385532061258952,0.03528044947813272,0.01517700507126914,0.009335614624529994,0.021130706719811952,0.011471403338672815,0.09575166753560674,share,6,True,-0.15983889562663833,12,16.565949881601004
dec1_mlp,RMSE U500,24,1.5035564402739208,1.5031000276406605,-0.00045641263326009113,-0.0006986168523629506,-0.00021159599224726381,-0.03035553711418648,-0.013058397711419704,-0.019988089814457145,-0.0060539617432821356,0.009352795978823379,-0.08238538172320903,share,7,True,-0.32731430455224164,12,23.67788071370379
dec2_attn,RMSE U500,24,1.5035564402739208,1.503436416387558,-0.00012002388636271159,-0.00033961832523345944,0.00014593104521433498,-0.007982665841319892,-0.0034339970648914523,-0.009716801941495658,0.004175225416615535,0.0,-0.021665074481538645,share,12,False,-0.30541931174088177,12,22.553220965807544
dec2_mlp,RMSE U500,24,1.5035564402739208,1.5034172236919403,-0.00013921658198038736,-0.00036346912384033203,6.693477431933076e-05,-0.009259152383732573,-0.003983118264144082,-0.010399195879014108,0.0019150672879991277,0.0002775165315477578,-0.025129478048690826,share,11,False,0.10279849197081949,12,9.762815396228389
upsample,RMSE U500,24,1.5035564402739208,1.5034922262032826,-6.421407063802083e-05,-0.0005476762851079305,0.0004611206551392868,-0.004270812117057753,-0.0018372253788659447,-0.015669537227679536,0.013193098676407167,0.0,-0.011591047959664444,share,14,False,0.07062250756348504,12,10.416864796368822
decoder_io,RMSE U500,24,1.5035564402739208,1.501938929160436,-0.0016175111134847004,-0.0023879607518514,-0.0010408967733383184,-0.10757900868623323,-0.046278524920864574,-0.06832181877657734,-0.029781042530957876,0.04257292318826825,-0.29197103851862677,share,3,True,-0.2123340476068088,12,18.469769484233787
decoder_heads,RMSE U500,24,1.5035564402739208,1.5041531026363373,0.0005966623624165853,0.0001069188117980957,0.0009837714334328966,0.03968340305920835,0.017071075294778217,0.00305904846962537,0.02814663245217301,0.01336547356218189,0.10770134940491427,share,5,True,-0.2220292208558719,12,18.849487722923485
film,RMSE U500,24,1.5035564402739208,1.5032111008961995,-0.0003453393777211507,-0.0005466143290201823,-8.601645628611249e-05,-0.02296816856826712,-0.00988048667164555,-0.015639153658217782,-0.0024610122815573268,0.006174884939049226,-0.06233595300461248,share,8,True,-0.25813103054606634,12,20.350726325250726
cond_embed,RMSE U500,24,1.5035564402739208,1.5036035279432933,4.7087669372558594e-05,-0.0006064144273598989,0.0006311083833376564,0.0031317526972236623,0.0013472228180421689,-0.017350091109103436,0.018056608577567305,0.0,0.008499623658541068,share,16,False,-0.44730521432436815,12,31.423604893723805
encoder_io,RMSE MSLP,24,43.2245896657308,43.40659236907959,0.18200270334879556,0.1467582941055298,0.2198085308074951,0.42106288285505794,0.19293898499684403,0.1555767897047372,0.23301651045463045,0.18403353847023918,0.23498380854268675,share,2,True,-0.05167035328470531,12,13.307655500519457
enc0_attn,RMSE MSLP,24,43.2245896657308,43.30519803365072,0.08060836791992188,0.03775521914164225,0.12951146761576324,0.18648729471648307,0.08545200924250344,0.04002387615947508,0.13729362612460536,0.07654656271589859,0.10407351619350946,share,5,True,-0.02634393178301368,12,12.649361086970009
enc0_mlp,RMSE MSLP,24,43.2245896657308,43.171173731486,-0.053415934244791664,-0.07847827275594076,-0.0400819222132365,-0.12357765489013015,-0.05662562119254625,-0.08319391971238481,-0.04249038748465097,0.0477201746659414,-0.06896534740834076,share,7,True,-0.4856181017566734,12,34.65794049511222
enc1_attn,RMSE MSLP,24,43.2245896657308,43.245485623677574,0.020895957946777344,-0.0013025760650634763,0.04563204447428385,0.04834275607558635,0.022151566117463595,-0.0013808459943196406,0.04837400863945703,0.013246119590858746,0.026978784881406297,share,14,False,0.05164465246401324,12,10.821396888927998
enc1_mlp,RMSE MSLP,24,43.2245896657308,43.18733755747477,-0.03725210825602213,-0.07663801511128744,0.015697169303894008,-0.08618267644436715,-0.03949053406165809,-0.08124308362281503,0.016640389714502386,0.03058508753505324,-0.04809622117243389,share,8,False,-0.12401921040849094,12,15.397861100574794
enc2_attn,RMSE MSLP,24,43.2245896657308,43.23607571919759,0.011486053466796875,-0.004911049207051595,0.02584478060404459,0.026572961260296745,0.01217623396096625,-0.005206147116739302,0.027397756436915492,0.0032707874343614034,0.014829651093590317,share,17,False,-0.47070216169637474,12,33.3430909087384
enc2_mlp,RMSE MSLP,24,43.2245896657308,43.24781449635824,0.023224830627441406,-0.0011568148930867514,0.04533990224202474,0.053730598270674744,0.024620377420409425,-0.001226326242383627,0.04806431199907931,0.015714930893804577,0.029985593912504566,share,11,False,0.24695651302401267,12,7.246862059204651
downsample,RMSE MSLP,24,43.2245896657308,43.31845919291178,0.09386952718098958,0.04051721890767416,0.14549517631530753,0.21716695961005492,0.0995100125613252,0.04295184053370998,0.15423777297645325,0.09060456603472035,0.12119500753138762,share,4,True,-0.1889575001596929,12,17.591544222066734
dec0_attn,RMSE MSLP,24,43.2245896657308,43.22380701700846,-0.0007826487223307291,-0.014172728856404622,0.008651566505432107,-0.0018106562222642139,-0.0008296769625788473,-0.01502434782493183,0.009171426739699633,0.0,-0.0010104782738962516,share,19,False,-0.539466109763711,12,40.11342858543195
dec0_mlp,RMSE MSLP,24,43.2245896657308,43.24820327758789,0.023613611857096355,-0.006150960922241211,0.046667091051737455,0.05463004285224629,0.02503251995706009,-0.00652056335019446,0.049471249682605946,0.01612707343045524,0.030487549610707296,share,10,False,0.0876147974318024,12,10.066636144222644
dec1_attn,RMSE MSLP,24,43.2245896657308,43.2469425201416,0.022352854410807293,-0.0034125566482543944,0.049680813153584795,0.05171328307259566,0.023696005402394082,-0.0036176122873110726,0.05266606202711627,0.014790558875789235,0.02885978485267621,share,13,False,0.19121357521996477,12,8.147520561598919
dec1_mlp,RMSE MSLP,24,43.2245896657308,43.21083895365397,-0.013750712076822916,-0.03526756763458252,0.0068394819895426185,-0.031812244333980846,-0.014576972661783354,-0.03738674523797357,0.007250456661831122,0.005671526135178506,-0.017753553296367287,share,16,False,-0.33785883072400374,12,24.24604708727336
dec2_attn,RMSE MSLP,24,43.2245896657308,43.255990982055664,0.03140131632486979,0.016417829195658366,0.04331747690836588,0.07264688124908979,0.03328817642710744,0.01740435302651146,0.04592036202510423,0.0243827299005026,0.04054225990880249,share,9,True,-0.4219474994331355,12,29.51872014473514
dec2_mlp,RMSE MSLP,24,43.2245896657308,43.23389498392741,0.009305318196614584,-0.006232484181722005,0.020410561561584464,0.021527834662111323,0.009864461433228278,-0.0066069852255207576,0.021637002959020976,0.00095901490662343,0.012014102369411486,share,18,False,-0.5411705946714612,12,40.307022438579565
upsample,RMSE MSLP,24,43.2245896657308,43.244510332743324,0.01992066701253255,-0.004098574320475261,0.04765739440917968,0.046086422489109255,0.021117671348498564,-0.0043448517784439806,0.050521058949766676,0.012212224821893715,0.025719586122546143,share,15,False,-0.42173281677094593,12,29.503306250207007
decoder_io,RMSE MSLP,24,43.2245896657308,43.16529178619385,-0.05929787953694662,-0.11162930329640706,-0.010237860679626473,-0.13718552332252446,-0.06286100414892172,-0.11833694817509513,-0.010853039057781134,0.05395555762231688,-0.07655953079660328,share,6,True,0.12826206770461462,12,9.27165371147028
decoder_heads,RMSE MSLP,24,43.2245896657308,43.820414543151855,0.5958248774210612,0.5367535432179769,0.6811858256657918,1.378439638244713,0.6316271405330711,0.5690062945025011,0.7221173058420111,0.6227216940064664,0.7692698863519765,share,1,True,0.033778511352876246,12,11.215804678114162
film,RMSE MSLP,24,43.2245896657308,43.2472562789917,0.02266661326090495,0.004793477058410644,0.03465080261230466,0.052439163532130496,0.02402861757220128,0.00508151022615856,0.03673291968928491,0.015123171045596432,0.029264879107889694,share,12,True,-0.06404670360891035,12,13.642305115587263
cond_embed,RMSE MSLP,24,43.2245896657308,43.33815860748291,0.11356894175211589,0.08482615947723388,0.1492212772369384,0.26274151502739496,0.12039313672625153,0.08992324185071635,0.15818776996324263,0.11148769019964667,0.14662893448308414,share,3,True,-0.09403633016583714,12,14.49112850672391
encoder_io,RMSE T2M,24,0.6403933713833491,0.6464171260595322,0.0060237546761830645,0.004967212428649267,0.007126983627676963,0.940633514549162,0.4770543340636656,0.3933809301150937,0.5644251154229367,0.47378379082835903,0.39859662823318553,share,2,True,-0.049484441363437104,12,13.249455184538002
enc0_attn,RMSE T2M,24,0.6403933713833491,0.6353007256984711,-0.005092645684878032,-0.005655604600906372,-0.00459551028907299,-0.7952371015142032,-0.403314681028995,-0.44789850046190666,-0.3639437889634623,0.4000441377936884,-0.3369844072177443,share,3,True,-0.26182529640035923,12,20.512628627025848
enc0_mlp,RMSE T2M,24,0.6403933713833491,0.6392489969730377,-0.001144374410311381,-0.0012967626253763834,-0.0009758070111274721,-0.17869866576528654,-0.09062931702532782,-0.10269777969769048,-0.07727953558743582,0.08735877379002129,-0.07572416306892013,share,6,True,-0.06895119434633266,12,13.777381222405593
enc1_attn,RMSE T2M,24,0.6403933713833491,0.6403144945700964,-7.887681325276692e-05,-0.00016214003165562947,3.374827404816944e-05,-0.01231693155761134,-0.006246689588495335,-0.012840762777469273,0.0026727118329541812,0.002976146353188791,-0.0052193413408152655,share,17,False,0.012227131390138837,12,11.710093570639309
enc1_mlp,RMSE T2M,24,0.6403933713833491,0.6389917880296707,-0.0014015833536783855,-0.0017643777032693227,-0.0008910145610570911,-0.21886287652396338,-0.11099911091456297,-0.13973079507999983,-0.0705643541140124,0.10772856767925643,-0.09274388300918693,share,5,True,0.09131293191605164,12,9.991858886765378
enc2_attn,RMSE T2M,24,0.6403933713833491,0.6402348627646764,-0.0001585086186726888,-0.0002901750306288401,-3.8755809267362084e-05,-0.024751758177990756,-0.012553171168014052,-0.022980560039384007,-0.003069286147100387,0.009282627932707508,-0.010488641112600552,share,11,True,0.09006306914707145,12,10.01707468062283
enc2_mlp,RMSE T2M,24,0.6403933713833491,0.6402753194173177,-0.00011805196603139241,-0.00022236096362272898,8.824964364369692e-06,-0.01843428918953078,-0.009349185859557218,-0.017609990300935054,0.0006988975687581637,0.006078642624250674,-0.007811592295160983,share,12,False,-0.008226602595682666,12,12.199076182939695
downsample,RMSE T2M,24,0.6403933713833491,0.639276792605718,-0.0011165787776311238,-0.0014495058606068293,-0.0006379430492719015,-0.17435826595443055,-0.0884280276715986,-0.11479435837372681,-0.05052222623611081,0.08515748443629206,-0.07388490399189226,share,7,True,-0.2740289933738358,12,21.059171483357463
dec0_attn,RMSE T2M,24,0.6403933713833491,0.6402831574281057,-0.00011021395524342854,-0.0001786946008602778,-4.9091378847758016e-05,-0.017210352287899123,-0.008728450584327644,-0.014151810356956453,-0.003887816868950557,0.0054579073490211,-0.007292944899959063,share,13,True,-0.2946243966187724,12,22.024425972426137
dec0_mlp,RMSE T2M,24,0.6403933713833491,0.6403020272652308,-9.134411811828613e-05,-0.0001909267157316208,2.1470586458841782e-05,-0.014263751344110365,-0.007234044177105114,-0.015120538953625725,0.001700374081563584,0.0039635009417985706,-0.00604431279959652,share,16,False,0.040706478515533454,12,11.061257420280178
dec1_attn,RMSE T2M,24,0.6403933713833491,0.6401721686124802,-0.00022120277086893717,-0.00032650095721085867,-9.748153388500216e-05,-0.0345417021402181,-0.017518266633126653,-0.02585741038379598,-0.007720099959396335,0.014247723397820109,-0.01463716292643999,share,10,True,0.31688431611288925,12,6.224835474418857
dec1_mlp,RMSE T2M,24,0.6403933713833491,0.6402875781059265,-0.00010579327742258708,-0.0001489821821451187,-4.0858983993530273e-05,-0.016520045670375568,-0.00837835274215127,-0.011798720152333011,-0.003235848145778503,0.005107809506844725,-0.007000425139674077,share,15,True,-0.011904420998203234,12,12.289148246413072
dec2_attn,RMSE T2M,24,0.6403933713833491,0.6403263161579767,-6.705522537231445e-05,-0.00014331402877966563,-1.3071546951929739e-05,-0.010470943074795538,-0.005310472886945027,-0.011349827846041358,-0.0010352078498465846,0.002039929651638483,-0.004437097487468897,share,19,True,-0.3013140767760704,12,22.350198282595105
dec2_mlp,RMSE T2M,24,0.6403933713833491,0.6402837584416071,-0.00010961294174194336,-0.00019480921328067778,-5.811825394630457e-06,-0.017116501612932437,-0.008680853012526137,-0.01542801533377984,-0.00046027048616238735,0.005410309777219594,-0.007253175359515824,share,14,True,-0.30326597010212814,12,22.446430015077556
upsample,RMSE T2M,24,0.6403933713833491,0.6398591697216034,-0.0005342016617457072,-0.000619081159432729,-0.0004319783300161362,-0.08341773753712482,-0.04230637396430005,-0.04902844921826746,-0.034210744898124305,0.039035830728993505,-0.03534854797628092,share,9,True,-0.4190456958019006,12,29.31133864844601
decoder_io,RMSE T2M,24,0.6403933713833491,0.6421277622381846,0.0017343908548355103,0.0014037440220514934,0.0019849446912606557,0.27083210606770597,0.13735597127337612,0.11117022615203119,0.157198710562791,0.13408542803806958,0.11476601952421496,share,4,True,0.11036868302740625,12,9.61444245218111
decoder_heads,RMSE T2M,24,0.6403933713833491,0.6581032772858938,0.01770990590254466,0.016623052333792052,0.01914898542066415,2.76547301923012,1.4025450604874312,1.3164711359439882,1.5165136993324921,1.3992745172521248,1.171878530676531,share,1,True,0.04795387439840103,12,10.90177133395082
film,RMSE T2M,24,0.6403933713833491,0.6404708574215571,7.748603820800781e-05,1.350181798140208e-05,0.00013127190371354418,0.012099756441985954,0.006136546447136475,0.001069283384204481,0.010396145589218428,0.0028660032118299314,0.005127312652186281,share,18,True,0.3412422448454818,12,5.893859287711987
cond_embed,RMSE T2M,24,0.6403933713833491,0.6412590692440668,0.0008656978607177734,0.0004898457477490108,0.001287809635202089,0.13518220197184921,0.06855938507554628,0.038793584657467364,0.10198874305940181,0.06528884184023974,0.057283914584887345,share,8,True,0.056771722964415086,12,10.710675804871206
encoder_io,SpecDiv> Z500,24,4.366336588645936e-05,6.655019205936696e-05,2.2886826172907604e-05,1.9979002066368896e-05,2.6668364921533793e-05,52.41654120853092,3.848001515557329,3.3591040387118722,4.483798140476759,3.8354010210484657,3.0703921503732934,share,17,True,-0.1252348995285499,12,15.435936786990387
enc0_attn,SpecDiv> Z500,24,4.366336588645936e-05,6.888408188387984e-05,2.5220715997420484e-05,2.292752689451542e-05,2.9043040509198666e-05,57.76173111116427,4.240402432749616,3.8548445980034454,4.883056438296502,4.227801938240753,3.383496158018669,share,3,True,0.019001356425483434,12,11.552471101892051
enc0_mlp,SpecDiv> Z500,24,4.366336588645936e-05,6.654906610492617e-05,2.288570021846681e-05,2.0460779978748178e-05,2.656426759510092e-05,52.413962491984606,3.847812206897321,3.4401061891626004,4.466296077637074,3.8352117123884577,3.070241097464053,share,18,True,-0.037534141764225586,12,12.935949462137431
enc1_attn,SpecDiv> Z500,24,4.366336588645936e-05,6.67000058456324e-05,2.3036639959173044e-05,2.086413409188026e-05,2.6289931986411824e-05,52.75965215113441,3.87318996555234,3.507922811131611,4.420171559102626,3.8605894710434767,3.0904904842310312,share,15,True,3.5430940719299636e-05,12,11.999149687550105
enc1_mlp,SpecDiv> Z500,24,4.366336588645936e-05,6.72940498892179e-05,2.3630684002758546e-05,2.1352564404727065e-05,2.7256101297249795e-05,54.120161199223446,3.9730676140631123,3.590043441134188,4.582615269921319,3.9604671195542496,3.1701847220699166,share,5,True,-0.0046474870021461405,12,12.1120604877116
enc2_attn,SpecDiv> Z500,24,4.366336588645936e-05,6.694572130072629e-05,2.328235541426693e-05,2.1049742971020655e-05,2.6861012505226725e-05,53.32240183867072,3.9145025283539217,3.5391295517621053,4.516188310630469,3.901902033845059,3.1234545483107743,share,11,True,0.05040733189425143,12,10.848279206809814
enc2_mlp,SpecDiv> Z500,24,4.366336588645936e-05,6.7269475342376e-05,2.360610945591664e-05,2.122464769627186e-05,2.7327699391814046e-05,54.06387935666965,3.9689358531637473,3.568536584557307,4.594653180914866,3.9563353586548846,3.1668879130168692,share,6,True,0.06294070741378498,12,10.578869952580717
downsample,SpecDiv> Z500,24,4.366336588645936e-05,6.682048994359017e-05,2.315712405713081e-05,2.0134910137888558e-05,2.720633926098041e-05,53.035590791025506,3.8934471645208393,3.3853171313863584,4.574248693029653,3.880846670011976,3.106654080957791,share,13,True,0.1612135433146747,12,8.668033143578565
dec0_attn,SpecDiv> Z500,24,4.366336588645936e-05,6.69208475301275e-05,2.3257481643668143e-05,2.1036032160282046e-05,2.6764906325145904e-05,53.26543469907029,3.9103204584487874,3.5368243295306305,4.50002981299469,3.8977199639399243,3.120117596764076,share,12,True,-0.011187682251748711,12,12.27154230304636
dec0_mlp,SpecDiv> Z500,24,4.366336588645936e-05,6.702356495225104e-05,2.3360199065791676e-05,2.108089715496438e-05,2.695155733742164e-05,53.50068321928432,3.9275905155995416,3.544367558383282,4.531411769264692,3.914990021090679,3.133897697342985,share,10,True,0.014866425234293172,12,11.648432348581572
dec1_attn,SpecDiv> Z500,24,4.366336588645936e-05,6.719842955741721e-05,2.353506367095785e-05,2.1184875852971647e-05,2.7259548611861344e-05,53.90116678626559,3.9569908029357252,3.5618496760213874,4.583194872866246,3.9443903084268626,3.157356734739612,share,7,True,0.06977400744699633,12,10.434644918393307
dec1_mlp,SpecDiv> Z500,24,4.366336588645936e-05,6.673239901526055e-05,2.306903312880119e-05,2.0739075656213874e-05,2.6778435407474415e-05,52.833840590276694,3.878636284971254,3.4868965208831564,4.5023044809154795,3.8660357904623908,3.094836204035104,share,14,True,0.040719302224870434,12,11.060973260217546
dec2_attn,SpecDiv> Z500,24,4.366336588645936e-05,6.730110969025797e-05,2.363774380379861e-05,2.144678328477312e-05,2.7118233166826633e-05,54.13632990472001,3.9742545905751223,3.605884623763543,4.559435263623924,3.9616540960662596,3.171131832758522,share,4,True,0.004653162632746336,12,11.888841336154996
dec2_mlp,SpecDiv> Z500,24,4.366336588645936e-05,6.714950935323334e-05,2.3486143466773985e-05,2.1088762377985403e-05,2.7131388393778857e-05,53.789127315210884,3.9487657647229684,3.5456899518805907,4.561647074596193,3.9361652702141057,3.1507938234042427,share,9,True,0.0009622768334306504,12,11.976927558074019
upsample,SpecDiv> Z500,24,4.366336588645936e-05,6.657597623416223e-05,2.2912610347702866e-05,2.0835669636198874e-05,2.6294026914304897e-05,52.47559340084773,3.8523366532885275,3.503137033157243,4.420860046384331,3.839736158779665,3.073851237592164,share,16,True,-0.12227453492164943,12,15.343401729671395
decoder_io,SpecDiv> Z500,24,4.366336588645936e-05,7.394358605476252e-05,3.0280220168303156e-05,2.6165658925947356e-05,3.6058387195225805e-05,69.3492577897974,5.091065585885792,4.399277315339972,6.062558763173162,5.07846509137693,4.062256147442119,share,1,True,0.2814991452203793,12,6.72806555471617
decoder_heads,SpecDiv> Z500,24,4.366336588645936e-05,6.560980909853242e-05,2.1946443212073063e-05,1.992827676531306e-05,2.463264233180477e-05,50.26282964337152,3.6898933081913317,3.3505755064520772,4.14152859417311,3.677292813682469,2.9442346639888735,share,19,True,0.19367591979309645,12,8.105959751755734
film,SpecDiv> Z500,24,4.366336588645936e-05,6.716708594467491e-05,2.350372005821555e-05,2.1251774645255257e-05,2.7027592617893486e-05,53.82938209421091,3.9517209473242825,3.573097485226187,4.544195711969594,3.9391204528154193,3.1531518186974647,share,8,True,-0.0012490130413720059,12,12.030013800621326
cond_embed,SpecDiv> Z500,24,4.366336588645936e-05,7.001067145514146e-05,2.6347305568682106e-05,2.343827551006446e-05,3.068633388920716e-05,60.34190226469184,4.429817878337153,3.940717642690962,5.159346185463951,4.41721738382829,3.5346342734638236,share,2,True,0.08805323851231082,12,10.05774418981103
encoder_io,SpecDiv< Z500,24,4.8734949965970977e-05,6.860646105148287e-05,1.9871511085511884e-05,1.6291379176891498e-05,2.3500147566816543e-05,40.77466192001244,3.28251693814228,2.6911253937217747,3.8819208114052337,3.2673076479931247,1.1428461323038543,share,19,True,0.00940784500049886,12,11.776316103416196
enc0_attn,SpecDiv< Z500,24,4.8734949965970977e-05,7.102894839287426e-05,2.2293998426903272e-05,1.9520455775060935e-05,2.5619321885036085e-05,45.745401282795996,3.6826805541015166,3.224527135664692,4.231981034027331,3.6674712639523612,1.2821677106554223,share,4,True,0.06241158455186227,12,10.5901151201429
enc0_mlp,SpecDiv< Z500,24,4.8734949965970977e-05,6.873825956669559e-05,2.0003309600724606e-05,1.7310143440833296e-05,2.3106034154807277e-05,41.04510133834518,3.304288350328603,2.8594120900868623,3.816818366759609,3.2890790601794473,1.1504261005662615,share,18,True,-0.03776801611122545,12,12.942010244770858
enc1_attn,SpecDiv< Z500,24,4.8734949965970977e-05,6.881815716042183e-05,2.0083207194450854e-05,1.7457330583662647e-05,2.290825162466111e-05,41.20904445059221,3.3174864007231917,2.883725504770578,3.784147247664556,3.3022771105740363,1.1550211540364026,share,17,True,0.009606316644652804,12,11.77164207902553
enc1_mlp,SpecDiv< Z500,24,4.8734949965970977e-05,6.943020283263952e-05,2.069525286666855e-05,1.814326159319535e-05,2.3650987562480925e-05,42.46491046183272,3.4185884395830373,2.9970324469300866,3.9068376301910304,3.4033791494338814,1.1902209949683429,share,8,True,0.029911748484369855,12,11.302967497281859
enc2_attn,SpecDiv< Z500,24,4.8734949965970977e-05,6.916258553246735e-05,2.0427635566496367e-05,1.7741531758019845e-05,2.348661246666475e-05,41.915782371295954,3.3743815185806594,2.9306718675636723,3.8796849877018165,3.359172228431504,1.1748298455422497,share,13,True,0.08456280917768072,12,10.128732238381735
enc2_mlp,SpecDiv< Z500,24,4.8734949965970977e-05,6.942463429974548e-05,2.0689684333774494e-05,1.8093665047066074e-05,2.3607567641192873e-05,42.45348430278681,3.4176685898812864,2.9888397381802525,3.899665220077501,3.402459299732131,1.189900738685205,share,9,True,0.015406635284671684,12,11.63585106302909
downsample,SpecDiv< Z500,24,4.8734949965970977e-05,6.963181234217093e-05,2.089686237619996e-05,1.7590728778789828e-05,2.3830290115256495e-05,42.87859614258582,3.4518917262369597,2.9057611634146676,3.9364560957423027,3.4366824360878043,1.2018159183343688,share,5,True,0.039927941519864354,12,11.078522118488111
dec0_attn,SpecDiv< Z500,24,4.8734949965970977e-05,6.912673355448835e-05,2.039178358851738e-05,1.7728381544657167e-05,2.3440428530345038e-05,41.842217141406486,3.3684592349417604,2.928499622185984,3.87205599800963,3.353249944792605,1.172767934186218,share,14,True,0.005369911338229178,12,11.871810494163332
dec0_mlp,SpecDiv< Z500,24,4.8734949965970977e-05,6.922313241375377e-05,2.0488182447782794e-05,1.7848099363012202e-05,2.3524152413756377e-05,42.04001945644471,3.3843830812458804,2.948275459305606,3.885886102033533,3.369173791096725,1.1783120049413758,share,12,True,0.04592378759395912,12,10.946222549550718
dec1_attn,SpecDiv< Z500,24,4.8734949965970977e-05,6.950706392672146e-05,2.0772113960750478e-05,1.8065304190410342e-05,2.380364112847625e-05,42.62262293334565,3.4312848994608176,2.984154891016287,3.932054027368435,3.416075609311662,1.1946414139147519,share,6,True,0.04511221314557175,12,10.964041275304746
dec1_mlp,SpecDiv< Z500,24,4.8734949965970977e-05,6.886284700158285e-05,2.012789703561187e-05,1.7512326284456018e-05,2.3159813277591935e-05,41.30074422907197,3.324868585195357,2.8928100841265416,3.8257019831438597,3.3096592950462016,1.1575913467059162,share,16,True,0.01623613785657011,12,11.616558303683666
dec2_attn,SpecDiv< Z500,24,4.8734949965970977e-05,6.943282884700845e-05,2.0697878881037468e-05,1.8061133838879567e-05,2.3725479396337806e-05,42.470298821461185,3.4190222232348533,2.983466002814536,3.9191427188849026,3.403812933085698,1.1903720217499487,share,7,True,0.043764504059285295,12,10.99369245329003
dec2_mlp,SpecDiv< Z500,24,4.8734949965970977e-05,6.936519912414951e-05,2.0630249158178533e-05,1.7950980198596273e-05,2.361588176048219e-05,42.33152834379339,3.4078506666355075,2.9652700443656808,3.90103860518523,3.392641376486352,1.18648251546804,share,10,True,-0.011023096368502678,12,12.26750302446157
upsample,SpecDiv< Z500,24,4.8734949965970977e-05,6.898276296851691e-05,2.024781300254593e-05,1.7490779324210356e-05,2.3352200817801833e-05,41.546801662223714,3.34467715390062,2.889250804630005,3.857481919592022,3.3294678637514648,1.1644879283711114,share,15,True,-0.05546290629241046,12,13.40927207611598
decoder_io,SpecDiv< Z500,24,4.8734949965970977e-05,7.775279694518152e-05,2.9017846979210542e-05,2.433324531618079e-05,3.470331547911579e-05,59.54217045359062,4.793373478634262,4.0195377979367795,5.73253943193814,4.778164188485107,1.668868262975462,share,1,True,0.3144846958382937,12,6.258105306197078
decoder_heads,SpecDiv< Z500,24,4.8734949965970977e-05,7.393219281463341e-05,2.5197242848662427e-05,2.209243146656566e-05,2.850612051664332e-05,51.70261355814733,4.1622590294867985,3.6493842960247735,4.708842877320444,4.1470497393376435,1.4491384882808482,share,2,True,-0.14590510261933934,12,16.09992200351885
film,SpecDiv< Z500,24,4.8734949965970977e-05,6.93081489468265e-05,2.0573198980855523e-05,1.785559535013211e-05,2.3609024306855032e-05,42.21446619976155,3.398426714295852,2.949513699547292,3.899905842428195,3.3832174241466966,1.1832014577658714,share,11,True,0.0020613295356101415,12,11.950629859274612
cond_embed,SpecDiv< Z500,24,4.8734949965970977e-05,7.252246086864034e-05,2.3787510902669357e-05,2.1082321734411383e-05,2.7593986449877168e-05,48.80996270495591,3.9293895224297146,3.4825272165147902,4.558170112117425,3.9141802322805592,1.368062283500528,share,3,True,-0.04134620398547139,12,13.035106625328874
encoder_io,SpecRes Z500,24,7.768430426343305e-05,7.631833038127904e-05,-1.3659738821540184e-06,-9.127434123001876e-06,6.671860963554836e-06,-1.7583653417579734,-0.03742958161364268,-0.250104372340792,0.18281825715178282,0.035895324416886795,-0.0939390855496242,share,5,False,-0.027219258210672906,12,12.671541046191503
enc0_attn,SpecRes Z500,24,7.768430426343305e-05,7.91541187936673e-05,1.4698145302342407e-06,-4.1507982890228345e-06,8.215125183141924e-06,1.8920353914093049,0.04027495959847152,-0.11373763828906862,0.22510584025502725,0.03874070240171564,0.10108028762601685,share,4,False,-0.11313047945545412,12,15.061477978478488
enc0_mlp,SpecRes Z500,24,7.768430426343305e-05,7.823374441310686e-05,5.494401496738041e-07,-5.3211662778570215e-06,7.115506355148679e-06,0.7072730519805044,0.01505542323517785,-0.14580734674278026,0.19497475707401624,0.013521166038421968,0.037785426133635364,share,8,False,-0.05203243272513181,12,13.317321845717823
enc1_attn,SpecRes Z500,24,7.768430426343305e-05,7.693500750368305e-05,-7.492967597499955e-07,-7.020653761931802e-06,6.23338100164498e-06,-0.9645407355507446,-0.020531771938182782,-0.19237566427622552,0.17080329717731285,0.018997514741426903,-0.05152972054283723,share,7,False,-0.034185943828588,12,12.849503738989378
enc1_mlp,SpecRes Z500,24,7.768430426343305e-05,7.685173447195363e-05,-8.325697914794242e-07,-7.452296343520478e-06,6.440229340872363e-06,-1.0717348882421864,-0.022813568668012693,-0.2042032705332499,0.17647122897008546,0.021279311471256813,-0.05725647165704729,share,6,False,-0.0019407109981754082,12,12.04666763234356
enc2_attn,SpecRes Z500,24,7.768430426343305e-05,7.752726620916899e-05,-1.5703805426407294e-07,-6.394452456485548e-06,6.57443193858853e-06,-0.20214901292228302,-0.004303060801759909,-0.17521687875698133,0.1801485665455734,0.00276880360500403,-0.010799629046198654,share,15,False,-0.015109046131688869,12,12.3681799550867
enc2_mlp,SpecRes Z500,24,7.768430426343305e-05,7.762877885397756e-05,-5.552540945548875e-08,-6.237736545244844e-06,6.615687232169875e-06,-0.0714757118338836,-0.0015214733400084205,-0.17092264512149594,0.18127901889043285,0.0,-0.003818525564187139,share,18,False,-0.041551852413496966,12,13.040478256893833
downsample,SpecRes Z500,24,7.768430426343305e-05,7.736993332703908e-05,-3.143709363939706e-07,-6.860257515957831e-06,6.613992013626555e-06,-0.4046775463521128,-0.008614200296538796,-0.18798058435731993,0.18123256754780534,0.007079943099782916,-0.02161953363387871,share,12,False,0.07140070417704777,12,10.400582626492309
dec0_attn,SpecRes Z500,24,7.768430426343305e-05,7.78013682065648e-05,1.1706394313174921e-07,-5.963002877251711e-06,6.8293221526497885e-06,0.15069188588569576,0.0032077146354768924,-0.16339456103254635,0.18713291243561364,0.0016734574387210128,0.008050578354608536,share,16,False,-0.006508929780541818,12,12.157237764299682
dec0_mlp,SpecRes Z500,24,7.768430426343305e-05,7.772753057603647e-05,4.322631260341344e-08,-5.984557530306726e-06,6.625620960676308e-06,0.05564356019309887,0.0011844610036722985,-0.1639851884641662,0.1815512168487664,0.0,0.0029727071144607744,share,19,False,-0.038797474888774865,12,12.968723419887864
dec1_attn,SpecRes Z500,24,7.768430426343305e-05,7.718572305748239e-05,-4.985812059506619e-07,-6.811032619680191e-06,6.245071851177865e-06,-0.6418043009820069,-0.013661817537631746,-0.1866317538293587,0.17112364269229,0.012127560340875868,-0.03428781704477207,share,10,False,-0.023074258151632467,12,12.566862118497777
dec1_mlp,SpecRes Z500,24,7.768430426343305e-05,7.730916543854012e-05,-3.751388248929288e-07,-6.4818132045729724e-06,6.373560582536201e-06,-0.48290169867622956,-0.010279324843776687,-0.17761068459257376,0.1746444123934108,0.008745067647020807,-0.025798588556489598,share,11,False,-0.01995459033700638,12,12.488661202191475
dec2_attn,SpecRes Z500,24,7.768430426343305e-05,7.78739034406802e-05,1.8959917724714614e-07,-5.894551270557713e-06,6.7920942266634154e-06,0.2440636870534384,0.005195280796629018,-0.16151889193461474,0.18611281555658965,0.003661023599873139,0.013038882781178825,share,14,False,-0.031034231892721115,12,12.768676861392324
dec2_mlp,SpecRes Z500,24,7.768430426343305e-05,7.821687965285189e-05,5.325753894188286e-07,-5.076434608023798e-06,6.82776845906119e-06,0.6855636984439318,0.014593305380213662,-0.13910135907409887,0.18709033907331382,0.013059048183457782,0.036625623463127636,share,9,False,-0.07325307782473581,12,13.897037719496387
upsample,SpecRes Z500,24,7.768430426343305e-05,7.73990277593839e-05,-2.852765040491552e-07,-6.468740639320458e-06,6.510390517178162e-06,-0.36722540898578704,-0.007816972440149894,-0.17725247814777184,0.17839374264985358,0.006282715243394015,-0.019618686908502447,share,13,False,-0.058856043680462954,12,13.500880963901684
decoder_io,SpecRes Z500,24,7.768430426343305e-05,9.265337030228693e-05,1.4969066038853876e-05,9.605067335390534e-06,2.2064317151186207e-05,19.269099698817794,0.41017320045517086,0.26319218575952025,0.6045929357428971,0.40863894325841493,1.029434305877392,share,1,True,-0.042342346398157135,12,13.061147801339743
decoder_heads,SpecRes Z500,24,7.768430426343305e-05,7.501886663400607e-05,-2.6654376294269846e-06,-5.9203973705734825e-06,6.100306639685475e-07,-3.4311147595379037,-0.07303669315359765,-0.16222711097348033,0.016715687482859835,0.07150243595684178,-0.1833042174299031,share,3,False,-0.36512562063766857,12,25.802754025301237
film,SpecRes Z500,24,7.768430426343305e-05,7.760820972180227e-05,-7.609454163078529e-08,-6.19290545576708e-06,6.666975237597701e-06,-0.0979535600560227,-0.0020850961307041045,-0.16969421100254312,0.18268438147462412,0.0005508389339482254,-0.005233080770798946,share,17,False,0.018591503265667657,12,11.561947967418254
cond_embed,SpecRes Z500,24,7.768430426343305e-05,8.261385937657906e-05,4.929555113146004e-06,6.253792245540051e-07,1.0433349219359419e-05,6.34562561882453,0.13507665690905477,0.017136259360983452,0.28588825980613913,0.1335423997122989,0.33900933652199666,share,2,True,-0.2720451940125376,12,20.96907967719819
encoder_io,SpecResLog Z500,24,0.6745217907662173,1.0237562941391596,0.3492345033729422,0.30561058088821696,0.38925395343497177,51.775125452393794,12.863093926845046,11.256326534279609,14.337100475673505,12.853794822267803,3.9050147255599463,share,16,True,0.329376406016941,12,6.053577520537214
enc0_attn,SpecResLog Z500,24,0.6745217907662173,1.038665247105601,0.3641434563393839,0.32836900826091003,0.3937337283376552,53.98542512996329,13.412224269082339,12.094570711458218,14.502100682662803,13.402925164505094,4.071721280365797,share,3,True,0.4532276850440117,12,4.514962002855835
enc0_mlp,SpecResLog Z500,24,0.6745217907662173,1.0283111307295143,0.3537893399632969,0.31698256920739254,0.3852886104413359,52.45039445818539,13.030858824978829,11.675182496310173,14.191047955413712,13.021559720401584,3.955945271614442,share,7,True,0.3881942728616094,12,5.288646459062711
enc1_attn,SpecResLog Z500,24,0.6745217907662173,1.0240092943018875,0.3494875035356703,0.3152265381768263,0.380078920671148,51.81263353088607,12.872412493095654,11.610503915395425,13.999163338640642,12.86311338851841,3.9078436824685006,share,15,True,0.30620302610651573,12,6.37386648194987
enc1_mlp,SpecResLog Z500,24,0.6745217907662173,1.0225799105960551,0.348058119829838,0.3115033175392221,0.3825250749960145,51.60072285203185,12.819765069407426,11.473369307247252,14.089260716008637,12.810465964830183,3.891860827493286,share,18,True,0.27262485275422826,12,6.858660467033112
enc2_attn,SpecResLog Z500,24,0.6745217907662173,1.0263514918133598,0.35182970104714245,0.3165996272089759,0.3841415509956822,52.15987175855126,12.958680906709747,11.661077879364845,14.148799170581126,12.949381802132502,3.9340332934151068,share,12,True,0.17162170416589112,12,8.484427622554364
enc2_mlp,SpecResLog Z500,24,0.6745217907662173,1.0279908130408508,0.35346902227463356,0.31857385036145036,0.38327840106804245,52.40290634244943,13.019060802515662,11.733792967930171,14.117007413223398,13.009761697938417,3.9523635943202255,share,8,True,0.20602861334391206,12,7.900025367935562
downsample,SpecResLog Z500,24,0.6745217907662173,1.027193047316036,0.35267125654981885,0.3139977514206712,0.38492025350405495,52.28463503739514,12.98967729272267,11.565244929505344,14.177480539144451,12.980378188145426,3.943443264648155,share,9,True,0.2227070903480939,12,7.628576778079706
dec0_attn,SpecResLog Z500,24,0.6745217907662173,1.0303227248187699,0.35580093405255236,0.3234788662950075,0.38771445475792016,52.74861967741372,13.104950369379145,11.914455760571368,14.280397269398318,13.095651264801901,3.978438193890232,share,5,True,0.1691204315703719,12,8.528252994230037
dec0_mlp,SpecResLog Z500,24,0.6745217907662173,1.0227916711011875,0.34826988033497025,0.3114995802735365,0.37943725028164366,51.632117020171584,12.827564686115412,11.47323165532833,13.975529171882911,12.818265581538167,3.894228657369335,share,17,True,0.3143360999673566,12,6.260169526345715
dec1_attn,SpecResLog Z500,24,0.6745217907662173,1.0265662303016045,0.3520444395353873,0.32286364627204034,0.3809141610717237,52.19170742215539,12.96659020924808,11.8917958204318,14.029927125209085,12.957291104670837,3.9364344220282352,share,10,True,0.21656034723078543,12,7.72775132333581
dec1_mlp,SpecResLog Z500,24,0.6745217907662173,1.0264872931522546,0.3519655023860373,0.31743503632400394,0.38426755581608674,52.18000473879799,12.963682776114759,11.691847880066845,14.153440212128983,12.954383671537514,3.935551775188853,share,11,True,0.20192039743814796,12,7.968044515389851
dec2_attn,SpecResLog Z500,24,0.6745217907662173,1.0249547509141206,0.3504329601479031,0.3113111742256283,0.38659206038739674,51.952800479556295,12.907235791164574,11.466292235920388,14.239056954877368,12.897936686587329,3.9184154385736076,share,13,True,0.2708937469630954,12,6.88434816628059
dec2_mlp,SpecResLog Z500,24,0.6745217907662173,1.0247867087730023,0.35026491800678494,0.31220770892326316,0.37979323339019516,51.927887697876216,12.901046420343551,11.499313629605643,13.988640832149704,12.891747315766306,3.916536451734555,share,14,True,0.14985971886754726,12,8.872111272526947
upsample,SpecResLog Z500,24,0.6745217907662173,1.0202374322564551,0.34571564149023776,0.30800082715980776,0.3771075514992365,51.25344299070383,12.733486312260396,11.344364692029819,13.88972111463217,12.724187207683151,3.8656680764274625,share,19,True,0.18725833690493357,12,8.21464011157475
decoder_io,SpecResLog Z500,24,0.6745217907662173,1.0449812328844763,0.37045944211825904,0.3388736479704415,0.40027909553017565,54.921790102205414,13.644856261424545,12.481480269209086,14.743181309490707,13.635557156847302,4.142344363808948,share,2,True,0.22156432469983697,12,7.646939186683669
decoder_heads,SpecResLog Z500,24,0.6745217907662173,1.0785691914060536,0.4040474006398362,0.38282603932265385,0.42194668005032115,59.90131173981228,14.88197648036422,14.100345910526366,15.541247285671911,14.872677375786974,4.51791284676663,share,1,True,-0.2583925675848735,12,20.36213520924588
film,SpecResLog Z500,24,0.6745217907662173,1.0295306859060902,0.3550088951398729,0.3167061701237907,0.38889804391016636,52.63119739046585,13.075777790985216,11.665002095063084,14.323991525661937,13.06647868640797,3.9695818993736305,share,6,True,0.3204631629135586,12,6.175440765075784
cond_embed,SpecResLog Z500,24,0.6745217907662173,1.0307803019807273,0.3562585112145101,0.3226747152215083,0.38725880317031725,52.816456946457016,13.121803967623864,11.884837063993878,14.263614594397293,13.112504863046619,3.9835546572930953,share,4,True,0.08032705373006198,12,10.215494758864759
encoder_io,SpecDivW1 Z500,24,0.00920945599348297,0.010610471585727201,0.0014010155922442324,0.0008816240231773626,0.0017964865317721583,15.212794254466875,0.6800884753070782,0.42796264441021464,0.872060092026187,0.6760746693572637,0.917229379416281,colmax,2,True,-0.36874147299316756,12,26.019288410721515
enc0_attn,SpecDivW1 Z500,24,0.00920945599348297,0.010540869790252852,0.0013314137967698843,0.000955082119663039,0.0016733384297185024,14.457029793204432,0.6463019998211346,0.4636210661397531,0.8122808822684476,0.6422881938713201,0.8716618553839959,colmax,3,True,-0.5104354462846634,12,37.02315704407615
enc0_mlp,SpecDivW1 Z500,24,0.00920945599348297,0.010009096455176218,0.0007996404616932481,0.0004530627752959277,0.0011392322362143048,8.682819726367226,0.3881657459041373,0.21992815338752295,0.553012199747593,0.3841519399543228,0.5235157470732752,colmax,18,True,-0.462909865650624,12,32.6852371047055
enc1_attn,SpecDivW1 Z500,24,0.00920945599348297,0.010283635474190915,0.0010741794807079448,0.0007088562169664117,0.0014702120925429666,11.663875493493677,0.5214339435513321,0.34409677271071426,0.7136782102431247,0.5174201376015176,0.703253399837747,colmax,10,True,-0.4319146871585817,12,30.247175657399247
enc1_mlp,SpecDivW1 Z500,24,0.00920945599348297,0.010458224836535709,0.001248768843052738,0.0008427619810333332,0.0016549652410652082,13.559637441521232,0.6061840447630584,0.4090980242479823,0.8033620708527001,0.6021702388132439,0.8175551202202299,colmax,4,True,-0.4050824245700342,12,28.34172293977773
enc2_attn,SpecDivW1 Z500,24,0.00920945599348297,0.010261136957812332,0.001051680964329363,0.0006964503557437031,0.0014096622137913007,11.419577498101738,0.5105125935069182,0.338074653263558,0.6842857645428699,0.5064987875571038,0.6885238705377504,colmax,11,True,-0.5110458494113949,12,37.084356827953485
enc2_mlp,SpecDivW1 Z500,24,0.00920945599348297,0.010320248434070924,0.0011107924405879524,0.0007630010474254993,0.0014782987329303072,12.061433828165308,0.5392068021826819,0.3703800456425275,0.7176036704320249,0.5351929962328674,0.7272234988539458,colmax,8,True,-0.4954598748967099,12,35.5680700223529
downsample,SpecDivW1 Z500,24,0.00920945599348297,0.010366384662639316,0.0011569286691563464,0.0007343201878972959,0.0015402013063444036,12.562399668069881,0.5616024967896469,0.35645762955022176,0.7476527484036269,0.5575886908398324,0.7574283763247304,colmax,6,True,-0.36469547159768095,12,25.777158712146825
dec0_attn,SpecDivW1 Z500,24,0.00920945599348297,0.010230490917150262,0.0010210349236672914,0.0006736109045717591,0.0013725937142378493,11.086810386952521,0.49563622868739404,0.3269878048299183,0.666291775408998,0.49162242273757956,0.6684602473963329,colmax,14,True,-0.5003464593578592,12,36.03328316087958
dec0_mlp,SpecDivW1 Z500,24,0.00920945599348297,0.010333651389180595,0.0011241953956976256,0.0007551216504209554,0.001503705366019701,12.206968538566855,0.5457129362725571,0.36655518664393805,0.7299366940301234,0.5416991303227426,0.7359982650061891,colmax,7,True,-0.423076321590989,12,29.599956628899463
dec1_attn,SpecDivW1 Z500,24,0.00920945599348297,0.01043933120880589,0.0012298752153229201,0.0008621899989249631,0.001609435359653286,13.354482785880467,0.5970125990297469,0.4185288765092282,0.7812607125225293,0.5929987930799324,0.8051856715620725,colmax,5,True,-0.500182090029146,12,36.01748701121879
dec1_mlp,SpecDivW1 Z500,24,0.00920945599348297,0.010251223336709666,0.0010417673432266958,0.000699848057254532,0.0013915601413351244,11.311931388389258,0.505700270576461,0.33972398368703083,0.6754985598002741,0.5016864646266466,0.6820335326841925,colmax,13,True,-0.4678368207993759,12,33.09894885258881
dec2_attn,SpecDivW1 Z500,24,0.00920945599348297,0.010285644846137722,0.0010761888526547513,0.0007331690076624139,0.0014262737023434649,11.685694067231676,0.5224093436191068,0.3558988174891151,0.6923494020816396,0.5183955376692924,0.7045689133794868,colmax,9,True,-0.4788508635082875,12,34.052076688765
dec2_mlp,SpecDivW1 Z500,24,0.00920945599348297,0.010155367332278531,0.0009459113387955614,0.0005973931067699625,0.0012901760905622952,10.271088101891484,0.4591693366857308,0.28998975414066447,0.6262841721144808,0.45515553073591625,0.6192776690489742,colmax,16,True,-0.4543070546235915,12,31.980777474492108
upsample,SpecDivW1 Z500,24,0.00920945599348297,0.01011461869233105,0.0009051626988480804,0.0004941530229168199,0.0013454846616167938,9.828622879447112,0.43938891413645165,0.23987440095905702,0.6531323542247267,0.4353751081866371,0.5925999861323875,colmax,17,True,-0.32259822508935615,12,23.42949087071088
decoder_io,SpecDivW1 Z500,24,0.00920945599348297,0.00928310506317064,7.364906968766998e-05,-0.00039821403690230893,0.00042943808851206614,0.7997114024952985,0.035751124961741786,-0.19330318570470054,0.20846013168713146,0.03173731901192726,0.04821722959984856,colmax,19,False,0.06164611473773398,12,10.606403081811203
decoder_heads,SpecDivW1 Z500,24,0.00920945599348297,0.010736898990496247,0.001527442997013277,0.001168281766922657,0.0017496835930615722,16.585594177269158,0.7414595417123274,0.5671135781742118,0.8493407594193415,0.7374457357625129,1.0,colmax,1,True,-0.7618917622140833,12,88.79449675142452
film,SpecDivW1 Z500,24,0.00920945599348297,0.010253136259616274,0.001043680266133304,0.0006934616531369791,0.0013951615430000503,11.33270267941841,0.5066288518357539,0.33662386127365784,0.6772467714410485,0.5026150458859394,0.6832859021083534,colmax,12,True,-0.5242233520446375,12,38.44383767706835
cond_embed,SpecDivW1 Z500,24,0.00920945599348297,0.010165347208114331,0.0009558912146313611,0.0006619723404257106,0.0012229039153809594,10.37945363230785,0.46401382134278646,0.321338150829872,0.5936285533598183,0.460000015392972,0.625811383141948,colmax,15,True,-0.5295015357462843,12,39.00973079278327
encoder_io,|RQE| Z500,24,0.002150436038694655,0.0020874214630263546,-6.30145756683002e-05,-9.839243527191381e-05,-3.580358995047088e-05,-2.9303162025944713,-0.0965482745198859,-0.15075273856190818,-0.054856750119709835,0.0923438397454117,-0.11805790421557777,share,5,True,-0.4200058046719541,12,29.379724475389885
enc0_attn,|RQE| Z500,24,0.002150436038694655,0.002215835372529303,6.539933383464813e-05,5.046278238296509e-05,7.515842686795318e-05,3.041212696302581,0.10020210037947867,0.0773169463552971,0.11515457103014802,0.09599766560500446,0.12252575229983696,share,4,True,-0.08030650248571274,12,14.09565041491137
enc0_mlp,|RQE| Z500,24,0.002150436038694655,0.002143221538669119,-7.2145000255356235e-06,-2.0021268574055282e-05,4.655883822124443e-06,-0.33549010041307376,-0.011053752589808187,-0.03067574309631778,0.0071335487801641815,0.006849317815333982,-0.013516376869081012,share,14,False,0.16200168404473342,12,8.654014817310777
enc1_attn,|RQE| Z500,24,0.002150436038694655,0.002153444210610663,3.0081719160079956e-06,-1.3240254096065959e-05,1.4203713605335597e-05,0.13988660261822985,0.004608994107626045,-0.020286158775533695,0.021762330791344854,0.00040455933315183996,0.005635814700926681,share,16,False,0.19960567562035897,12,8.006574233311076
enc1_mlp,|RQE| Z500,24,0.002150436038694655,0.0021628178268050155,1.2381788110360503e-05,4.549292498268187e-07,2.1366229096505166e-05,0.5757803481509928,0.018970853407293792,0.0006970234050389861,0.03273643487060555,0.014766418632819587,0.02319729902562638,share,11,True,0.14302836971844204,12,8.99685417774174
enc2_attn,|RQE| Z500,24,0.002150436038694655,0.0021520649703840413,1.6289316893865664e-06,-6.0943420976400375e-06,6.9033623731229405e-06,0.07574890208663684,0.0024957804167227214,-0.009337493867423509,0.010577040604366313,0.0,0.003051806019794563,share,18,False,0.23563898153080812,12,7.423148960764321
enc2_mlp,|RQE| Z500,24,0.002150436038694655,0.0021649529808200896,1.4516942125434676e-05,7.654221068757276e-06,1.9036885108410686e-05,0.6750697004802181,0.02224224631605094,0.011727474622256808,0.029167512277242347,0.018037811541576732,0.027197513349436212,share,9,True,-0.18165790880052626,12,17.32758837422419
downsample,|RQE| Z500,24,0.002150436038694655,0.0022282921030030898,7.785606430843472e-05,6.058034826613342e-05,9.92093419578547e-05,3.6204780289905507,0.11928777731451179,0.09281865398406985,0.15200436852426033,0.11508334254003759,0.1458634559583473,share,3,True,-0.3412877243510049,12,24.434724062723802
dec0_attn,|RQE| Z500,24,0.002150436038694655,0.0021475007330688336,-2.935305625821153e-06,-1.3998447684571147e-05,8.864633127814155e-06,-0.1364981600477141,-0.004497351451723119,-0.021447831006852727,0.013582016916965818,0.00029291667724891396,-0.005499299594442353,share,17,False,0.32668529455462686,12,6.090198254633469
dec0_mlp,|RQE| Z500,24,0.002150436038694655,0.0021543181113277874,3.8820726331323385e-06,-3.32716687504823e-06,9.60095057962462e-06,0.18052490579951455,0.005947947920219768,-0.005097744726816037,0.014710171454503106,0.0017435131457455633,0.007273069035531223,share,15,False,0.00010232599538080193,12,11.997544427379774
dec1_attn,|RQE| Z500,24,0.002150436038694655,0.0021797424221100905,2.930638341543575e-05,2.162768093209403e-05,3.341236927857001e-05,1.3628112107545005,0.044902004356460454,0.03313702034354495,0.0511930226817347,0.04069756958198625,0.05490555430185981,share,7,True,0.08124602090781237,12,10.1966134773376
dec1_mlp,|RQE| Z500,24,0.002150436038694655,0.0021594926656689495,9.056626974294582e-06,1.107644735990713e-06,1.5415445280571777e-05,0.42115305042004797,0.013876181789132785,0.0016970865376268053,0.02361889494629475,0.00967174701465858,0.016967604534475305,share,13,True,0.054966390756490915,12,10.749539900309221
dec2_attn,|RQE| Z500,24,0.002150436038694655,0.0021514686037941524,1.032565099497636e-06,-5.251883218685786e-06,6.802322604926299e-06,0.04801654552461917,0.0015820526858852091,-0.008046713912875501,0.010422231733976944,0.0,0.001934512298464371,share,19,False,0.30377266359063204,12,6.408117204960583
dec2_mlp,|RQE| Z500,24,0.002150436038694655,0.0021628178074024618,1.2381768707806865e-05,4.21935910708271e-06,1.8938055048541474e-05,0.5757794458896239,0.01897082367951962,0.006464724026913231,0.029016089028733996,0.014766388905045414,0.023197262674912362,share,12,True,0.40085417572962,12,5.132404225800202
upsample,|RQE| Z500,24,0.002150436038694655,0.002115751306215922,-3.468473247873286e-05,-5.431149644815984e-05,-1.0390571939448515e-05,-1.6129162576621894,-0.053142483901389016,-0.08321378368498013,-0.015919995991231586,0.048938049126914816,-0.06498189952546322,share,6,True,0.4770614752761531,12,4.2484774003823595
decoder_io,|RQE| Z500,24,0.002150436038694655,0.002269918826641515,0.00011948278794686,8.438024087809026e-05,0.00016131578789403036,5.556212126141066,0.18306648721746335,0.1292838454270546,0.24716124497874695,0.17886205244298914,0.22385118657454717,share,2,True,0.33895076407061575,12,5.9244828443402335
decoder_heads,|RQE| Z500,24,0.002150436038694655,0.002622897271066904,0.0004724612323722492,0.0004478343287094806,0.0004959396392223425,21.97048523512654,0.7238851690947201,0.6861528662077887,0.7598577936155054,0.7196807343202458,0.8851568438797902,share,1,True,-0.040796773987242,12,13.020766558265084
film,|RQE| Z500,24,0.002150436038694655,0.002163381791130329,1.294575243567427e-05,4.595686186803505e-06,2.0037755894009022e-05,0.6020059282271202,0.019834935755264075,0.0070413165028096955,0.03070100427242043,0.015630500980789868,0.02425388705455108,share,10,True,0.2221163415451589,12,7.638064874949687
cond_embed,|RQE| Z500,24,0.002150436038694655,0.002124837269851317,-2.5598768843337893e-05,-6.449657400177481e-05,2.719762414926621e-06,-1.190398988052521,-0.03922135371770818,-0.0988189298471787,0.0041671052368491895,0.03501691894323397,-0.047959332711396845,share,8,False,0.40277886689639825,12,5.108897607717176
encoder_io,SpecDiv> T850,24,0.0002900191248045303,0.0002866208936514643,-3.3982311530659595e-06,-8.530731247446965e-06,1.1646014778913571e-06,-1.1717265733273037,-0.13165459692302411,-0.33049840733405733,0.045119102039133344,0.12536602435442476,-0.44195442451846717,colmax,3,False,0.29120939188213457,12,6.587225395732554
enc0_attn,SpecDiv> T850,24,0.0002900191248045303,0.00028991028617989895,-1.0883862463136514e-07,-1.631348095543217e-06,2.227509685326367e-06,-0.03752808533048335,-0.004216636423502463,-0.06320184422007637,0.08629839365082265,0.0,-0.014154926356595258,colmax,19,False,-0.19992458110785905,12,17.997172058145015
enc0_mlp,SpecDiv> T850,24,0.0002900191248045303,0.0002879202923698661,-2.09883243466417e-06,-3.5938618869598336e-06,-6.600445582687798e-09,-0.7236875968365052,-0.08131316727685747,-0.13923374155929055,-0.00025571509516564376,0.0750245947082581,-0.27296209087654494,colmax,8,True,-0.2524298835826431,12,20.104012015645058
enc1_attn,SpecDiv> T850,24,0.0002900191248045303,0.0002926760377401176,2.656912935587267e-06,9.229435818269849e-07,4.543583054328337e-06,0.9161164586569926,0.10293437551436656,0.035756768676108164,0.17602793002005923,0.0966458029457672,0.34554283524348295,colmax,5,True,-0.37795342080372774,12,26.582319721152842
enc1_mlp,SpecDiv> T850,24,0.0002900191248045303,0.000290753678806747,7.345540022167066e-07,-1.7281899999943562e-06,2.872549339372199e-06,0.2532777804607844,0.028458161532885454,-0.0669537025609281,0.11128858173033337,0.0221695889642861,0.09553187429128375,colmax,18,False,-0.21402247606814978,12,18.535224315245134
enc2_attn,SpecDiv> T850,24,0.0002900191248045303,0.0002884312319414069,-1.5878928631233673e-06,-2.745830533967819e-06,2.3301739323263368e-07,-0.5475131559663832,-0.061518297442138686,-0.10637922963018889,0.009027582174455082,0.05522972487353933,-0.20651222501021183,colmax,12,False,-0.4617531317392081,12,32.58920509384459
enc2_mlp,SpecDiv> T850,24,0.0002900191248045303,0.00028826035365151864,-1.7587711530116696e-06,-3.1343783120973966e-06,1.977219653781473e-07,-0.6064328185932779,-0.06813848052116288,-0.12143238487798119,0.007660163326794989,0.06184990795256352,-0.22873567387776406,colmax,10,False,-0.3579386741817234,12,25.379606954854573
downsample,SpecDiv> T850,24,0.0002900191248045303,0.00029348233025909093,3.4632054545606175e-06,2.1337088279930567e-06,5.331596912583336e-06,1.1941300274231155,0.13417183753684064,0.0826643518487783,0.20655723841766996,0.1278832649682413,0.45040460896211604,colmax,2,True,-0.39911112193393206,12,27.940829121755176
dec0_attn,SpecDiv> T850,24,0.0002900191248045303,0.00028927568928338587,-7.434355211444199e-07,-1.9375533762892395e-06,1.0169301579783982e-06,-0.2563401712371511,-0.028802250190138018,-0.07506487854484484,0.039398005614397526,0.022513677621538664,-0.09668695362807517,colmax,17,False,-0.42963620734497926,12,30.078407341183002
dec0_mlp,SpecDiv> T850,24,0.0002900191248045303,0.00028880512157532695,-1.2140032292033236e-06,-2.732876358398547e-06,7.086697830042469e-07,-0.41859419789006963,-0.047033029421736615,-0.10587735771912013,0.027455352632140426,0.04074445685313727,-0.15788628682367375,colmax,15,False,-0.4051616213575384,12,28.347094037161373
dec1_attn,SpecDiv> T850,24,0.0002900191248045303,0.00028900913215087104,-1.0099926536592345e-06,-2.70153450401267e-06,1.3321284617025714e-06,-0.34825036257176434,-0.0391292321573691,-0.10466310859358025,0.05160944849702402,0.03284065958876974,-0.13135384319372181,colmax,16,False,-0.32620124426407504,12,23.618943780605722
dec1_mlp,SpecDiv> T850,24,0.0002900191248045303,0.0002872138041614865,-2.8053206430437663e-06,-4.047091291189038e-06,-1.153865620532694e-06,-0.9672881555430255,-0.1086840011358689,-0.1567927985627033,-0.04470317242472126,0.10239542856726955,-0.364843889229721,colmax,4,True,-0.514442415124038,12,37.42771104302884
dec2_attn,SpecDiv> T850,24,0.0002900191248045303,0.0002880355920448589,-1.98353275967141e-06,-3.135615164258828e-06,-4.0610775613458966e-07,-0.683931710023706,-0.07684621622120842,-0.1214803031229245,-0.015733465598117127,0.07055764365260907,-0.25796687742185787,colmax,9,True,-0.4110633480380354,12,28.751411752091123
dec2_mlp,SpecDiv> T850,24,0.0002900191248045303,0.00028850097927109647,-1.518145533433805e-06,-2.8003529829826825e-06,7.557768791836346e-07,-0.523463938613365,-0.05881613971268232,-0.10849154357382151,0.02928038026574209,0.05252756714408297,-0.19744128793554014,colmax,13,False,-0.4303134117691416,12,30.128427271793697
upsample,SpecDiv> T850,24,0.0002900191248045303,0.00029142864029078436,1.4095154862540464e-06,1.3768658391200015e-08,3.1983347071218298e-06,0.48600777179920274,0.0546075840167942,0.000533426682593027,0.12391018966180074,0.048319011448194844,0.18331348796424363,colmax,14,True,-0.39730682258824573,12,27.821257149561898
decoder_io,SpecDiv> T850,24,0.0002900191248045303,0.0002916375669883564,1.6184421838261187e-06,-1.701941194672448e-06,5.286240957502742e-06,0.5580467098219578,0.06270184215179278,-0.06593676883019914,0.20480005366029788,0.056413269583193426,0.21048529418722567,colmax,11,False,-0.23329869169773435,12,19.302933411114253
decoder_heads,SpecDiv> T850,24,0.0002900191248045303,0.0002823300261904175,-7.689098614112785e-06,-9.115404645854142e-06,-5.911734297114891e-06,-2.6512384723921754,-0.2978917952150129,-0.3531498801538104,-0.22903297655324958,0.29160322264641353,-1.0,colmax,1,True,-0.3573533824598239,12,25.345563401334793
film,SpecDiv> T850,24,0.0002900191248045303,0.00028747908557609964,-2.5400392284306386e-06,-4.048956422290455e-06,-3.879475722593879e-07,-0.8758178379245152,-0.09840644315381392,-0.15686505765053613,-0.015029902014462557,0.09211787058521456,-0.33034291220671563,colmax,7,True,-0.3617773308301279,12,25.604430490092888
cond_embed,SpecDiv> T850,24,0.0002900191248045303,0.00028747174170954776,-2.5473830949825547e-06,-5.378681635193061e-06,1.886656355054582e-06,-0.8783500387084691,-0.09869095993539798,-0.2083813992522921,0.07309302127163204,0.09240238736679862,-0.3312980133076999,colmax,6,False,0.03969585451763803,12,11.08367384145692
encoder_io,SpecDiv< T850,24,0.00027710467353851226,0.0002680781374995907,-9.026536038921526e-06,-1.2885513569926843e-05,-5.375302619844057e-06,-3.257446337391711,-0.37258498054337497,-0.5318705649699257,-0.2218743727819466,0.3682052217442492,-0.7390460414357434,colmax,2,True,0.09012777092590804,12,10.015767912797434
enc0_attn,SpecDiv< T850,24,0.00027710467353851226,0.0002717439516951951,-5.360721843317151e-06,-7.270552123372909e-06,-1.8923147460251802e-06,-1.9345476115082965,-0.22127252747659806,-0.3001038836765275,-0.07810837399747103,0.21689276867747231,-0.4389081526355943,colmax,14,True,-0.142250435555382,12,15.980194913348276
enc0_mlp,SpecDiv< T850,24,0.00027710467353851226,0.0002698358803172596,-7.26879322125266e-06,-9.581403719494118e-06,-3.7802200192042337e-06,-2.6231218436099155,-0.3000312821260075,-0.3954880480189675,-0.15603473981954716,0.2956515233268817,-0.5951311591753837,colmax,6,True,-0.033648063686435754,12,12.835672282662474
enc1_attn,SpecDiv< T850,24,0.00027710467353851226,0.00027422506051758927,-2.8796130209229887e-06,-4.593723133439198e-06,-1.3848154291433145e-07,-1.0391787998923003,-0.11886071874601735,-0.1896134061742015,-0.005716051290315055,0.1144809599468916,-0.23576780669832972,colmax,17,True,-0.3534464323804379,12,25.11989416184277
enc1_mlp,SpecDiv< T850,24,0.00027710467353851226,0.0002722084997609879,-4.896173777524382e-06,-6.726035280735232e-06,-1.9478379423768903e-06,-1.766904078160164,-0.20209754924479995,-0.2776280638997155,-0.08040018438223072,0.1977177904456742,-0.40087336192513734,colmax,15,True,-0.26143707517110804,12,20.495538556258083
enc2_attn,SpecDiv< T850,24,0.00027710467353851226,0.00027054840757045895,-6.5562659680532915e-06,-8.277056622318923e-06,-3.570968874555547e-06,-2.3659889544021335,-0.2706205589399258,-0.3416489966123892,-0.14739755792369721,0.26624080014080004,-0.536793116362341,colmax,10,True,-0.2331654646150716,12,19.29749495170129
enc2_mlp,SpecDiv< T850,24,0.00027710467353851226,0.00027027549610162777,-6.829177436884493e-06,-8.67863370028014e-06,-3.6738501269913595e-06,-2.4644757339090377,-0.2818854244283137,-0.3582247447325641,-0.1516441492264729,0.27750566562918794,-0.5591376945961649,colmax,8,True,-0.17738088286321863,12,17.175106072825912
downsample,SpecDiv< T850,24,0.00027710467353851226,0.0002755657405941747,-1.538932944337527e-06,-3.099385927877544e-06,1.2928951036883516e-06,-0.555361598447976,-0.0635219644225852,-0.12793220352251944,0.05336635171844985,0.059142205623459454,-0.12599986258777407,colmax,19,False,-0.24603159587330753,12,19.831572607871745
dec0_attn,SpecDiv< T850,24,0.00027710467353851226,0.0002711761917453259,-5.928481793186317e-06,-7.379994652486251e-06,-3.1146496136595194e-06,-2.1394376780016207,-0.24470774437078388,-0.3046213023634399,-0.12856223701992925,0.2403279855716581,-0.48539339809711873,colmax,13,True,-0.292363789264305,12,21.915731891459263
dec0_mlp,SpecDiv< T850,24,0.00027710467353851226,0.00027072806551586837,-6.376608022643874e-06,-8.338914449268487e-06,-3.199289979723597e-06,-2.3011549899960992,-0.26320488455429203,-0.3442022791951076,-0.13205590602066103,0.25882512575516625,-0.5220836538625743,colmax,11,True,-0.2358536692539525,12,19.407596993325146
dec1_attn,SpecDiv< T850,24,0.00027710467353851226,0.00027093791383473825,-6.166759703774005e-06,-8.22981855890248e-06,-2.5470552524590563e-06,-2.2254260908078636,-0.2545430533195793,-0.3396991685872163,-0.10513385506781212,0.2501632945204536,-0.5049023598762655,colmax,12,True,-0.17051048145899114,12,16.933457823811516
dec1_mlp,SpecDiv< T850,24,0.00027710467353851226,0.00026937048096442595,-7.734192574086288e-06,-9.237951113997648e-06,-5.101486082518629e-06,-2.791072584710984,-0.3192413986172871,-0.3813114821929739,-0.2105721491169716,0.3148616398181614,-0.6332356488617223,colmax,3,True,-0.38139076303824665,12,26.796704876044142
dec2_attn,SpecDiv< T850,24,0.00027710467353851226,0.00026994842968027416,-7.156243858238061e-06,-8.610096483607776e-06,-4.67729017448922e-06,-2.58250565277582,-0.2953856238083375,-0.35539575945734214,-0.19306277193637597,0.2910058650092117,-0.5859161999880063,colmax,7,True,-0.3345456907532829,12,24.065586572228515
dec2_mlp,SpecDiv< T850,24,0.00027710467353851226,0.00027047628827858716,-6.628385259925078e-06,-8.2133618586037e-06,-3.2810277237634485e-06,-2.3920149650611573,-0.2735974002047242,-0.3390198914720316,-0.13542976456855046,0.26921764140559845,-0.5426978706267864,colmax,9,True,-0.28343542340942274,12,21.49314323377843
upsample,SpecDiv< T850,24,0.00027710467353851226,0.00027323620694611844,-3.8684665923938155e-06,-5.577757110586391e-06,-9.578049381768036e-07,-1.3960308005617856,-0.15967726089441878,-0.23023101171507646,-0.03953495922646206,0.15529750209529303,-0.316730017939047,colmax,16,True,-0.2632504885424731,12,20.575522109977786
decoder_io,SpecDiv< T850,24,0.00027710467353851226,0.00027500886790221557,-2.0958056362966695e-06,-5.993700506223832e-06,2.300883352290839e-06,-0.7563227315996143,-0.08650779200961199,-0.24739975300215356,0.0949727088386259,0.08212803321048624,-0.171593715733819,colmax,18,False,-0.14162595784928916,12,15.959838976335385
decoder_heads,SpecDiv< T850,24,0.00027710467353851226,0.00026489090669201687,-1.221376684649537e-05,-1.4724734016150858e-05,-9.029653362328342e-06,-4.407636540564477,-0.5041431245874138,-0.6077873852447857,-0.37271365314556343,0.49976336578828806,-1.0,colmax,1,True,-0.013625563954554302,12,12.331530829428589
film,SpecDiv< T850,24,0.00027710467353851226,0.00026951887654528645,-7.585796993225813e-06,-9.562456822701885e-06,-4.358078149380164e-06,-2.737520409294552,-0.31311612925933874,-0.3947059839866241,-0.17988677555729551,0.30873637046021296,-0.6210857869292379,colmax,4,True,-0.17001647375747628,12,16.916236577190965
cond_embed,SpecDiv< T850,24,0.00027710467353851226,0.000269737725223725,-7.366948314787199e-06,-1.1239487018125752e-05,-1.7053763561610487e-06,-2.6585435101885184,-0.30408279352053447,-0.46392813742825684,-0.07039218740606859,0.29970303472140875,-0.6031675900953585,colmax,5,True,0.15505874481185103,12,8.778163974603205
encoder_io,SpecRes T850,24,0.0001518311758748799,0.0001473383578437885,-4.4928180310913985e-06,-2.0427422577995456e-05,7.3319611980574885e-06,-2.9590879509448125,-0.11795921874683199,-0.5363232589516648,0.1925011003828375,0.11299637747432575,-0.8333121252659607,colmax,2,False,0.6312624741877682,12,2.712531171263525
enc0_attn,SpecRes T850,24,0.0001518311758748799,0.00015456073348711166,2.7295576122317775e-06,8.333138339366997e-07,4.781330342969643e-06,1.7977583302661995,0.0716647060342023,0.021878706892168965,0.12553412756185311,0.06670186476169607,0.5062687692099123,colmax,6,True,-0.3450148584303863,12,24.642052585324503
enc0_mlp,SpecRes T850,24,0.0001518311758748799,0.00015335089877529148,1.5197229004115798e-06,1.03547828681864e-07,3.3934262319235107e-06,1.0009294149601684,0.03990041991544274,0.0027186547262134145,0.08909461821570046,0.03493757864293651,0.2818728715905033,colmax,10,True,-0.5010553181468335,12,36.10152482407441
enc1_attn,SpecRes T850,24,0.0001518311758748799,0.0001540490914824962,2.2179156076163054e-06,-2.0540564946713857e-07,4.251376943405679e-06,1.460777468682737,0.058231513163970884,-0.0053929381892734805,0.11162016787058843,0.053268671891464656,0.4113712052999213,colmax,8,False,-0.46716919111797883,12,33.04244048942383
enc1_mlp,SpecRes T850,24,0.0001518311758748799,0.00015400073546819235,2.1695595933124423e-06,-1.5385334184732831e-06,5.400988660160994e-06,1.4289289276797275,0.05696192298036652,-0.040394291245068506,0.141803295482752,0.051999081707860294,0.4024023014248728,colmax,9,False,0.16703131358404927,12,8.56500088784595
enc2_attn,SpecRes T850,24,0.0001518311758748799,0.00015284888346892936,1.0177075940494735e-06,-5.143989407467113e-07,2.5615320964789123e-06,0.6702889496740377,0.026719976610677862,-0.013505576400996595,0.06725318559634322,0.021757135338171633,0.18876083389708553,colmax,13,False,-0.5251805616615781,12,38.545529652251275
enc2_mlp,SpecRes T850,24,0.0001518311758748799,0.00015235909146819418,5.27915593314295e-07,-1.3991345137280102e-06,2.3871491976024107e-06,0.34769907449662146,0.01386045696057208,-0.03673436427181381,0.06267475166647336,0.00889761568806585,0.09791593204564096,colmax,16,False,-0.38623293756041505,12,27.10278258433328
downsample,SpecRes T850,24,0.0001518311758748799,0.00015722269472462358,5.391518849743686e-06,1.681405259053766e-06,9.799560575629585e-06,3.5509959128464472,0.1415546650172455,0.04414540036615208,0.2572880765622099,0.13659182374473927,1.0,colmax,1,True,0.17210160978936323,12,8.47604047256023
dec0_attn,SpecRes T850,24,0.0001518311758748799,0.00015299390512761116,1.1627292527312723e-06,-7.244915347352314e-07,2.779197097879659e-06,0.76580402281113,0.030527529340633217,-0.019021570612175687,0.07296799383831491,0.02556468806812699,0.21565894233802943,colmax,11,False,-0.3951773331094762,12,27.681052503186248
dec0_mlp,SpecRes T850,24,0.0001518311758748799,0.00015261201709411884,7.808412192389369e-07,-1.3667584804958702e-06,2.632552271582729e-06,0.514282534360669,0.020501035107441008,-0.03588432949191488,0.06911782474098144,0.015538193834934778,0.1448276897475854,colmax,14,False,-0.34180444960714484,12,24.463327632153078
dec1_attn,SpecRes T850,24,0.0001518311758748799,0.00015240807230535816,5.768964304782761e-07,-9.831480080417048e-07,2.4900364223867655e-06,0.3799591402451374,0.015146451907495284,-0.0258126125159206,0.06537606219599063,0.010183610634989054,0.10700072587258078,colmax,15,False,-0.45104582851348163,12,31.719496538317877
dec1_mlp,SpecRes T850,24,0.0001518311758748799,0.00015152238393056905,-3.0879194431084517e-07,-2.8356713604201407e-06,1.4027483378716471e-06,-0.20337848438012,-0.008107351834450814,-0.07445072913773688,0.03682924545100288,0.003144510561944584,-0.05727364642813504,colmax,17,False,-0.3371658172897176,12,24.20815073517435
dec2_attn,SpecRes T850,24,0.0001518311758748799,0.00015165013852917278,-1.8103734570710608e-07,-2.010128415956084e-06,1.4463847492152125e-06,-0.1192359504982654,-0.004753146848109224,-0.05277604743528571,0.03797492216334281,0.0,-0.03357817170864805,colmax,19,False,-0.25304535429426517,12,20.130464865540013
dec2_mlp,SpecRes T850,24,0.0001518311758748799,0.0001529210270139932,1.089851139113307e-06,-1.109148342948174e-06,3.0017813666442314e-06,0.717804583171657,0.02861410990396181,-0.02912075919903828,0.07881195775296866,0.023651268631455582,0.20214176551847146,colmax,12,False,-0.40654700482203876,12,28.441282115027526
upsample,SpecRes T850,24,0.0001518311758748799,0.00015417047416121932,2.339298286339423e-06,3.731330859106192e-08,4.445899063891067e-06,1.5407232887843652,0.06141842299483677,0.0009796632536198922,0.11672735832491883,0.05645558172233054,0.4338848386759575,colmax,7,True,-0.2580447346306889,12,20.346963651580676
decoder_io,SpecRes T850,24,0.0001518311758748799,0.000156245304121209,4.414128246329104e-06,2.3788709313521395e-06,6.6933375668061975e-06,2.9072607920567455,0.11589321352033902,0.06245740526768698,0.17573399695368577,0.11093037224783278,0.8187170200729156,colmax,3,True,-0.4514745285624795,12,31.753665508190913
decoder_heads,SpecRes T850,24,0.0001518311758748799,0.0001481596021524941,-3.6715737223858014e-06,-5.859861183428923e-06,-3.4102615700248886e-07,-2.4181948807479756,-0.0963973979954,-0.15385102231577566,-0.0089536631071782,0.09143455672289376,-0.6809906122391373,colmax,4,True,-0.07449215289256327,12,13.931708818038777
film,SpecRes T850,24,0.0001518311758748799,0.00015212162088573677,2.904450108568805e-07,-1.4141105111775687e-06,2.071201129183463e-06,0.1912947121586074,0.007625651947730928,-0.0371275600226498,0.05437951534544741,0.002662810675224698,0.05387072158167236,colmax,18,False,-0.4286849518334728,12,30.00834561774831
cond_embed,SpecRes T850,24,0.0001518311758748799,0.00015545589515871447,3.6247192838345654e-06,-1.3047955841708847e-07,9.935242648377118e-06,2.3873353169717935,0.09516723177720961,-0.003425748976878221,0.26085041787861574,0.09020439050470339,0.6723002153663779,colmax,5,False,0.3894897778881299,12,5.272527212454441
encoder_io,SpecResLog T850,24,0.4194161802669161,0.4118145009879253,-0.0076016792789908305,-0.008947387916530587,-0.00667558989027429,-1.8124430188060765,-0.1569966007361177,-0.18478936519263417,-0.13787018397079637,0.1545933916385892,-2.1638077499257626,share,16,True,-0.7046060607416681,12,69.24743540865677
enc0_attn,SpecResLog T850,24,0.4194161802669161,0.41077729888495457,-0.008638881381961547,-0.010189347935699082,-0.006683856594876354,-2.0597396544081277,-0.1784178155054381,-0.21043942146355626,-0.13804091526242038,0.17601460640790959,-2.4590459290541617,share,10,True,-0.5179579644895357,12,37.78818906236031
enc0_mlp,SpecResLog T850,24,0.4194161802669161,0.4109400112645693,-0.008476169002346828,-0.010114096213988611,-0.0062251591991548064,-2.0209446848122554,-0.1750573355957165,-0.2088852563804889,-0.12856749113443572,0.172654126498188,-2.4127300697423584,share,13,True,-0.40871003771378295,12,28.589222768477622
enc1_attn,SpecResLog T850,24,0.4194161802669161,0.41215184654779485,-0.0072643337191212005,-0.009253939470182845,-0.004931143726052383,-1.7320108429050556,-0.15002944200326657,-0.19112053888563552,-0.10184233960923354,0.14762623290573806,-2.0677827914844937,share,17,True,-0.33312919020161463,12,23.988979645481717
enc1_mlp,SpecResLog T850,24,0.4194161802669161,0.4137733698835843,-0.00564281038333186,-0.00738729949334499,-0.0038625554294753604,-1.345396446017123,-0.11654030856444923,-0.1525690398804586,-0.0797729094225837,0.11413709946692073,-1.6062183618506973,share,19,True,-0.4051230155404012,12,28.344475626002247
enc2_attn,SpecResLog T850,24,0.4194161802669161,0.41036207763963434,-0.00905410262728186,-0.011102073731083281,-0.006462382389148276,-2.1587394700699996,-0.18699333174023522,-0.2292898414852902,-0.13346683417139915,0.18459012264270672,-2.5772380962824,share,7,True,-0.24360382234044392,12,19.729404125574632
enc2_mlp,SpecResLog T850,24,0.4194161802669161,0.4104531052356581,-0.008963075031258072,-0.010818767862995843,-0.006612356443130296,-2.137036064167572,-0.18511334935418375,-0.22343875824092743,-0.1365642309188344,0.18271014025665525,-2.5513272138964846,share,8,True,-0.35421691251624465,12,25.16418169685145
downsample,SpecResLog T850,24,0.4194161802669161,0.4103294476713886,-0.009086732595527502,-0.010444391930626393,-0.007047713939993656,-2.166519324491657,-0.18766723469097552,-0.2157068155185003,-0.14555561882195658,0.185264025593447,-2.586526172716365,share,6,True,-0.5851771679979758,12,45.85602466520668
dec0_attn,SpecResLog T850,24,0.4194161802669161,0.4107000776441115,-0.008716102622804625,-0.010452956545300757,-0.006530961085112591,-2.0781512571254894,-0.18001265683878595,-0.21588369951230493,-0.13488318202746688,0.17760944774125745,-2.4810268510666096,share,9,True,-0.42422023996205255,12,29.682604470880065
dec0_mlp,SpecResLog T850,24,0.4194161802669161,0.4108428118576844,-0.008573368409231721,-0.01053603843080618,-0.006171854799655941,-2.0441196149790013,-0.1770647836758624,-0.21759958006032382,-0.12746660155221795,0.1746615745783339,-2.44039774976235,share,11,True,-0.29020379929773044,12,21.81252249061702
dec1_attn,SpecResLog T850,24,0.4194161802669161,0.4111697132280902,-0.008246467038825927,-0.010383409474090471,-0.005588491498660929,-1.966177612312878,-0.17031332757700662,-0.21444735191456504,-0.11541846693760206,0.16791011847947812,-2.3473457157597637,share,14,True,-0.2892720228548529,12,21.76819369965317
dec1_mlp,SpecResLog T850,24,0.4194161802669161,0.4098975061304336,-0.009518674136482544,-0.011425079557804255,-0.00705262436854226,-2.2695057044353573,-0.19658807325280245,-0.2359608433721107,-0.14565703333340788,0.19418486415527395,-2.709477749536569,share,4,True,-0.36372479661038915,12,25.71952744998623
dec2_attn,SpecResLog T850,24,0.4194161802669161,0.41089099712232474,-0.008525183144591367,-0.010449384892655508,-0.006273041608577228,-2.032630963155963,-0.176069618992315,-0.21580993458435485,-0.12955640098428317,0.1736664098947865,-2.4266818791981732,share,12,True,-0.3544399941739456,12,25.17702426328247
dec2_mlp,SpecResLog T850,24,0.4194161802669161,0.4102322745894682,-0.009183905677447918,-0.011260693848412783,-0.006480810842745065,-2.1896879780849865,-0.18967413908468245,-0.23256580437653201,-0.13384743488675888,0.18727092998715394,-2.614186359370738,share,5,True,-0.29042541080545864,12,21.82308268288341
upsample,SpecResLog T850,24,0.4194161802669161,0.4124993258842593,-0.006916854382656809,-0.009044656208072271,-0.004249752749466543,-1.6491625044734632,-0.1428529915574128,-0.18679823593960962,-0.08776965077692568,0.1404497824598843,-1.968873267208888,share,18,True,-0.2518436432972255,12,20.078855957023773
decoder_io,SpecResLog T850,24,0.4194161802669161,0.40623929359334915,-0.013176886673566998,-0.016679873162680187,-0.008136876149894497,-3.141721109848752,-0.27214071261234585,-0.34448748640156157,-0.16804995965494296,0.26973750351481734,-3.7507830122429144,share,1,True,0.5322021550608036,12,3.6637294372214146
decoder_heads,SpecResLog T850,24,0.4194161802669161,0.41152000080098033,-0.007896179465935816,-0.00975610540880572,-0.0057484105044558415,-1.882659715443189,-0.1630788789498668,-0.2014917137899942,-0.11872125562171423,0.1606756698523383,-2.247636830774691,share,15,True,-0.28046460981122656,12,21.354856935811718
film,SpecResLog T850,24,0.4194161802669161,0.409897332065565,-0.00951884820135108,-0.011637606461220655,-0.0068869290801531055,-2.2695472061409965,-0.19659166819434953,-0.2403501368659264,-0.1422349477546354,0.19418845909682103,-2.7095272968665345,share,3,True,-0.192004037823422,12,17.70311873260956
cond_embed,SpecResLog T850,24,0.4194161802669161,0.40812076586920215,-0.011295414397713949,-0.013742113806584329,-0.008446400250705421,-2.6931279547979186,-0.23328288385540966,-0.283814283052603,-0.1744425250197461,0.23087967475788115,-3.2152244675654336,share,2,True,-0.16336784908237514,12,16.686442391290612
encoder_io,SpecDivW1 T850,24,0.13756748412787514,0.13924825696216805,0.0016807728342928794,0.00038939283959872677,0.00291219982086429,1.2217806009525665,0.2541960962354462,0.0588908493215114,0.44043419242476534,0.24809621836985546,1.8680695439708612,share,4,True,0.6648032054762599,12,2.4161183262103227
enc0_attn,SpecDivW1 T850,24,0.13756748412787514,0.1379686187478079,0.00040113461993271257,7.428003060921933e-05,0.000835417845602838,0.2915911579511333,0.06066664832471758,0.011233935618109125,0.12634661314419116,0.054566770459126814,0.4458350059208841,share,12,True,-0.14794041031915797,12,16.16704405497007
enc0_mlp,SpecDivW1 T850,24,0.13756748412787514,0.13703713537864617,-0.0005303487492290248,-0.0009241486204779581,-6.116667493867693e-05,-0.3855189709917511,-0.08020868671053154,-0.13976604504421405,-0.009250702814729594,0.07410880884494077,-0.589448095485546,share,11,True,-0.04980645507080006,12,13.258012041944852
enc1_attn,SpecDivW1 T850,24,0.13756748412787514,0.13926942876506562,0.0017019446371904408,0.0012162496219324229,0.0022658731423141508,1.237170722413159,0.25739806948074234,0.18394270756590905,0.3426852788130173,0.2512981916151516,1.8916006240650534,share,3,True,-0.026320712732871863,12,12.648773280740047
enc1_mlp,SpecDivW1 T850,24,0.13756748412787514,0.13901001773838598,0.0014425336105108194,0.0011016764513684873,0.0017916796489475014,1.0486007065230034,0.21816536119501428,0.1666149330466813,0.2709693797844832,0.21206548332942352,1.6032821622103977,share,5,True,-0.20125078234504945,12,18.04697778667208
enc2_attn,SpecDivW1 T850,24,0.13756748412787514,0.13718364402138614,-0.00038384010648901887,-0.0006453056384910321,-3.179560891935367e-05,-0.27901950008202686,-0.05805106713850219,-0.09759449393537677,-0.004808692465647187,0.05195118927291142,-0.4266132805438489,share,13,True,-0.3706456961620516,12,26.13432251697087
enc2_mlp,SpecDivW1 T850,24,0.13756748412787514,0.1371995247047038,-0.0003679594231713289,-0.0006017480157621096,-5.194084838853381e-05,-0.26747557789840376,-0.055649310266576955,-0.09100694240367521,-0.007855410693305967,0.049549432400986186,-0.40896293527532623,share,14,True,-0.4582205595962225,12,32.29846946963007
downsample,SpecDivW1 T850,24,0.13756748412787514,0.13900888398899078,0.001441399861115625,0.00101969916031308,0.002203904118283957,1.0477765659912623,0.2179938956260286,0.154216882018561,0.33331323062506396,0.21189401776043784,1.6020220735937531,share,6,True,-0.21310452200570743,12,18.499603404982427
dec0_attn,SpecDivW1 T850,24,0.13756748412787514,0.1375344299802291,-3.3054147646065464e-05,-0.00032480435510599646,0.000318773401695832,-0.02402758751867567,-0.0049990308770993565,-0.049122640147234144,0.04821053306044473,0.0,-0.03673753243727841,share,19,False,-0.28742342403335847,12,21.680590703452385
dec0_mlp,SpecDivW1 T850,24,0.13756748412787514,0.13730027378544638,-0.0002672103424287882,-0.00047956047416378427,3.150293845593229e-05,-0.19423946299723285,-0.04041225829766051,-0.07252758847244177,0.0047644296790485255,0.03431238043206974,-0.29698689337470735,share,16,False,-0.5201215913691346,12,38.012668976864525
dec1_attn,SpecDivW1 T850,24,0.13756748412787514,0.13736468796422488,-0.00020279616365028938,-0.000479743796405097,0.00018434344309242796,-0.14741576829433128,-0.03067041070610588,-0.07255531369333067,0.02787966502350724,0.02457053284051511,-0.22539472867469176,share,17,False,-0.32432758611457957,12,23.520171471836775
dec1_mlp,SpecDivW1 T850,24,0.13756748412787514,0.13693644622491405,-0.0006310379029611143,-0.0010507600851083919,-0.00016323262289710743,-0.4587115239924983,-0.09543667546054956,-0.15891446260014674,-0.02468691465743141,0.08933679759495879,-0.7013575324168311,share,10,True,0.04295163877642151,12,11.011613489726633
dec2_attn,SpecDivW1 T850,24,0.13756748412787514,0.13720335566297995,-0.00036412846489524445,-0.000678865239236056,5.142712044024084e-05,-0.2646907931795647,-0.05506992522491472,-0.10266996834009857,0.007777715697100212,0.048970047359323955,-0.4047050746449292,share,15,False,-0.09148680017170042,12,14.41678734501136
dec2_mlp,SpecDivW1 T850,24,0.13756748412787514,0.1375066632069523,-6.0820920922886185e-05,-0.0003913032436263733,0.0003222089098520844,-0.0442116982137657,-0.00919841179759835,-0.05917977429468574,0.04873011116409239,0.0030985339320075836,-0.06759849260658957,share,18,False,-0.31601589043608347,12,23.088534462155167
upsample,SpecDivW1 T850,24,0.13756748412787514,0.1384536523060754,0.0008861681782002193,0.0005887493892199603,0.0012898880379643616,0.6441697933332025,0.13402197305345115,0.089041060961507,0.19507960691742413,0.12792209518786038,0.9849182178318753,share,9,True,-0.2961865557820035,12,22.099945372123827
decoder_io,SpecDivW1 T850,24,0.13756748412787514,0.13508431485772504,-0.002483169270150126,-0.0028227173920930913,-0.0018040942001622297,-1.8050553776515308,-0.375548629704943,-0.4269010821726148,-0.2728469270597083,0.3694487518393523,-2.7598809258738233,share,1,True,-0.3109497442359213,12,22.830550891221595
decoder_heads,SpecDivW1 T850,24,0.13756748412787514,0.13626188998747082,-0.0013055941404043192,-0.0017636719229519465,-0.0008151341374561363,-0.9490572199392052,-0.1974549605915516,-0.26673355774640434,-0.12327895324222714,0.19135508272596086,-1.4510828594526968,share,7,True,-0.06042022651693343,12,13.54333402796749
film,SpecDivW1 T850,24,0.13756748412787514,0.13654319685439156,-0.0010242872734835852,-0.0013128937610759077,-0.0006381622310151361,-0.7445707682866863,-0.15491077737029038,-0.1985589379053556,-0.09651414193471168,0.14881089950469964,-1.1384285971498604,share,8,True,-0.31767773018274953,12,23.173994843269636
cond_embed,SpecDivW1 T850,24,0.13756748412787514,0.1354847405100468,-0.002082743617828372,-0.002318818218923955,-0.0017349654773306843,-1.5139795795730104,-0.3149892039598543,-0.3506925666002221,-0.26239206300967516,0.30888932609426356,-2.3148338912805757,share,2,True,-0.26358698313956497,12,20.59040708204711
encoder_io,|RQE| T850,24,0.002044703646485383,0.002261248941067606,0.0002165452945822229,7.111759017182824e-05,0.00035998438640187186,10.590546701202399,0.20753513314768962,0.06815848191912112,0.3450059153080994,0.1962044700063163,0.36612204555881783,share,2,True,0.27365054785750115,12,6.843473227701367
enc0_attn,|RQE| T850,24,0.002044703646485383,0.0020498082206662125,5.1045741808290286e-06,-4.737829124981848e-05,4.6570266325337194e-05,0.2496486074939623,0.004892179644560977,-0.04540694362263136,0.04463253953958535,0.0,0.008630513742621292,share,15,False,0.48453750830435305,12,4.166651139325494
enc0_mlp,|RQE| T850,24,0.002044703646485383,0.002087696271094804,4.2992624609420695e-05,-2.9836291408476724e-06,7.504128734581172e-05,2.1026335373011245,0.04120375873278036,-0.0028594843042134698,0.07191891927706465,0.029873095591407023,0.07268940060005202,share,6,False,0.45154091399242496,12,4.534153304703368
enc1_attn,|RQE| T850,24,0.002044703646485383,0.002054667813354172,9.964166868788501e-06,-2.172634740418289e-05,3.0559531660401214e-05,0.487315943604629,0.009549571150042357,-0.020822343011604825,0.02928799022998054,0.0,0.016846827188410927,share,11,False,0.06816024270326636,12,10.468538933130064
enc1_mlp,|RQE| T850,24,0.002044703646485383,0.002090661262627691,4.595761614230772e-05,3.603366834189122e-06,8.670555398566648e-05,2.247641912377069,0.044045380915089354,0.003453435537152514,0.08309785130993431,0.03271471777371602,0.07770243386489162,share,5,True,-0.19644047640170595,12,17.867109150208762
enc2_attn,|RQE| T850,24,0.002044703646485383,0.00205222173826769,7.518091782306631e-06,-9.242658658574024e-06,2.1968092308573732e-05,0.36768613364725933,0.0072052739916041875,-0.00885808393595673,0.02105402923234364,0.0,0.01271114732530886,share,13,False,0.047464572083778175,12,10.912469442527778
enc2_mlp,|RQE| T850,24,0.002044703646485383,0.0020477419699697443,3.0383234843611717e-06,-1.4213720957438151e-05,1.6756111047773926e-05,0.14859480930567665,0.002911902888904487,-0.013622306950225453,0.01605891157342523,0.0,0.005137018614557456,share,16,False,0.08533925081386737,12,10.112901548527828
downsample,|RQE| T850,24,0.002044703646485383,0.0020658808110359437,2.1177164550560217e-05,-3.3652048659860154e-05,7.218661873290937e-05,1.0357082595789076,0.020296010925429046,-0.03225183171396397,0.06918302962490566,0.008965347784055716,0.035805104051534996,share,9,False,0.3287997483843392,12,6.0614122099143355
dec0_attn,|RQE| T850,24,0.002044703646485383,0.002046447218162939,1.7435716775556405e-06,-1.3832920861508075e-05,1.2588597746798751e-05,0.08527258610570021,0.0016710239811590733,-0.013257351439351982,0.012064802952957176,0.0,0.0029479284248437147,share,18,False,0.02649644959545979,12,11.38049976642233
dec0_mlp,|RQE| T850,24,0.002044703646485383,0.00204276607837528,-1.9375681101034084e-06,-1.6280302952509372e-05,1.328391954302786e-05,-0.09476033915398309,-0.00185694848040369,-0.015602901219591457,0.012731193334883052,0.0,-0.0032759261809368776,share,17,False,0.33506510515411614,12,5.976651406246969
dec1_attn,|RQE| T850,24,0.002044703646485383,0.002053058473393321,8.354826907937726e-06,-8.518196652100112e-06,2.42602848932923e-05,0.40860820697897904,0.00800719368255024,-0.008163765829141821,0.023250846735062853,0.0,0.014125849853839906,share,12,False,0.5088160787453426,12,3.906511295901103
dec1_mlp,|RQE| T850,24,0.002044703646485383,0.0020186580513836816,-2.6045595101701718e-05,-3.539514558118147e-05,-1.708599374978803e-05,-1.2738078276757212,-0.02496187256237074,-0.03392240069286362,-0.016375068295360472,0.013631209420997407,-0.04403636003649555,share,8,True,0.45632936960575804,12,4.479788501757007
dec2_attn,|RQE| T850,24,0.002044703646485383,0.0020448360204075775,1.3237392219404379e-07,-1.7194555402966218e-05,1.4533531308795014e-05,0.0064739906157833555,0.00012686601951256664,-0.016479112842671166,0.013928810418605619,0.0,0.00022381004060065038,share,19,False,0.3128440187635187,12,6.280922681587125
dec2_mlp,|RQE| T850,24,0.002044703646485383,0.0020375942355409884,-7.109410944394767e-06,-3.546059924701695e-05,1.9500341780561314e-05,-0.347698844114405,-0.006813597819306926,-0.033985130918798,0.018688958518641868,0.0,-0.012020173805677986,share,14,False,0.1901226383522441,12,8.16598897171524
upsample,|RQE| T850,24,0.002044703646485383,0.0020839836894689747,3.9280042983591557e-05,9.987730542585875e-06,5.608324621183177e-05,1.9210628910018113,0.03764565268607723,0.009572154370741848,0.05374969699703039,0.0263149895447039,0.06641238598389498,share,7,True,-0.0587519569693109,12,13.498060981591319
decoder_io,|RQE| T850,24,0.002044703646485383,0.0021302886307239532,8.558498423856993e-05,6.283960428845602e-05,0.000113034156189921,4.185691378096818,0.08202390697827093,0.06022493200839781,0.10833095542607006,0.07069324383689761,0.14470205671749925,share,3,True,-0.15292159618150392,12,16.332678405932413
decoder_heads,|RQE| T850,24,0.002044703646485383,0.002429186114265273,0.0003844824677798897,0.0003213634995821243,0.00044507532875286414,18.803823646559835,0.36848466413272174,0.3079919921753814,0.4265563368240481,0.3571540009913484,0.650060338908106,share,1,True,0.4324255320786606,12,4.754797692814414
film,|RQE| T850,24,0.002044703646485383,0.002031358288756261,-1.3345357729122043e-05,-2.1229479655933874e-05,-2.2751182162513376e-06,-0.6526793137998859,-0.012790075159842621,-0.020346149268911894,-0.0021804535759938773,0.0014594120184692897,-0.022563545792702974,share,10,True,-0.3236231087012983,12,23.483175591522556
cond_embed,|RQE| T850,24,0.002044703646485383,0.001989211314745868,-5.5492331739515066e-05,-6.901085507706738e-05,-3.854468838350538e-05,-2.713954750112574,-0.053183369689259775,-0.06613940526709029,-0.036940895211969645,0.04185270654788644,-0.09382317010626778,share,4,True,-0.10734844138320866,12,14.886190662333252
encoder_io,SpecDiv> Q700,24,0.0044261550065129995,0.004612416766273479,0.00018626175976047912,0.00010646978529014935,0.000271547592516678,4.208206885804917,0.44779360442063354,0.25596498700686543,0.652830056911065,0.4437293322334187,0.38175086180537665,share,1,True,0.5963156622288907,12,3.0346203873546385
enc0_attn,SpecDiv> Q700,24,0.0044261550065129995,0.004487158226159711,6.1003219646712146e-05,5.3903555575137337e-05,6.935103253150979e-05,1.3782440867287096,0.14665839967362376,0.12959003218437432,0.16672745316865947,0.14259412748640896,0.12502851741002546,share,6,True,0.24533139006491494,12,7.271978680910756
enc0_mlp,SpecDiv> Q700,24,0.0044261550065129995,0.004501834744587541,7.567973807454109e-05,6.477994999537865e-05,8.931799384299665e-05,1.7098302694591547,0.18194235219074062,0.15573807173260645,0.21473020792892644,0.17787808000352584,0.15510862384374008,share,2,True,0.11451316806304508,12,9.53406589328192
enc1_attn,SpecDiv> Q700,24,0.0044261550065129995,0.004491853876970708,6.569887045770884e-05,5.89124004667004e-05,7.412277821761866e-05,1.4843327981291718,0.1579472568414117,0.14163184211283825,0.1781992507233966,0.1538829846541969,0.13465243992713383,share,5,True,0.04639719488363767,12,10.93584130132236
enc1_mlp,SpecDiv> Q700,24,0.0044261550065129995,0.004449847193124394,2.369218661139409e-05,3.1989281220982475e-07,4.1522300064874166e-05,0.5352769294462464,0.05695860305929252,0.0007690572428387638,0.0998241422919824,0.05289433087207771,0.04855807584221352,share,9,True,0.42964966503069946,12,4.787329502493632
enc2_attn,SpecDiv> Q700,24,0.0044261550065129995,0.004424965629975001,-1.1893765379985173e-06,-3.040263739724954e-06,1.6834227911507077e-06,-0.026871551860438082,-0.002859391040053388,-0.007309125931975948,0.004047132167024468,0.0,-0.002437674372753179,share,17,False,-0.12309888033609485,12,15.36910634713138
enc2_mlp,SpecDiv> Q700,24,0.0044261550065129995,0.004425531718879938,-6.23287633061409e-07,-2.6256796748687825e-06,1.5914139415447904e-06,-0.01408192058670005,-0.0014984515133878472,-0.00631242058045326,0.0038259328480842224,0.0,-0.0012774527169710135,share,18,False,-0.4098654078029095,12,28.66868866413543
downsample,SpecDiv> Q700,24,0.0044261550065129995,0.004500161157920957,7.400615140795708e-05,5.524662944177787e-05,9.690284593186029e-05,1.672018971298079,0.17791886714097155,0.13281892838142254,0.23296502037908925,0.17385459495375674,0.15167854161378577,share,3,True,0.09337112803967615,12,9.950460721447815
dec0_attn,SpecDiv> Q700,24,0.0044261550065129995,0.004431732930243015,5.577923730015755e-06,3.1028913023571175e-06,9.506513985494772e-06,0.1260218795276702,0.013409937581708128,0.007459689429514029,0.022854697435018567,0.009345665394493318,0.011432175846273653,share,12,True,0.31960878116116664,12,6.187208468620238
dec0_mlp,SpecDiv> Q700,24,0.0044261550065129995,0.004429346260925134,3.1912544121344886e-06,-2.810459894438585e-07,8.098587083319822e-06,0.07209992436863646,0.007672123991905727,-0.0006756652400517672,0.01946988746062323,0.0036078518046909194,0.006540602449150929,share,15,False,0.12102528899474062,12,9.408972871184352
dec1_attn,SpecDiv> Q700,24,0.0044261550065129995,0.004432264987068872,6.109980555872123e-06,3.399637838204702e-06,1.1018084478564559e-05,0.1380426249618779,0.014689060275025322,0.008173100497128783,0.026488677916562432,0.010624788087810515,0.012522647406626635,share,11,True,0.25747945585304305,12,7.085798887838682
dec1_mlp,SpecDiv> Q700,24,0.0044261550065129995,0.00442107580602169,-5.079200491309166e-06,-7.837389906247457e-06,-4.318513674661571e-07,-0.11475423892374359,-0.012210952470883784,-0.01884194093238182,-0.0010382178320462818,0.008146680283668975,-0.010410022794442532,share,13,True,-0.08285236004031868,12,14.16808783486055
dec2_attn,SpecDiv> Q700,24,0.0044261550065129995,0.004439163176963727,1.3008170450727144e-05,1.0070131005098422e-05,1.9773510090696304e-05,0.2938932421387384,0.031273061848764,0.02420969427948993,0.04753767690666583,0.02720878966154919,0.02666076110556526,share,10,True,-0.06750473882372454,12,13.737396209097868
dec2_mlp,SpecDiv> Q700,24,0.0044261550065129995,0.004450767727879186,2.4612721366186936e-05,2.0308256110486886e-05,3.167255199514329e-05,0.5560745461912157,0.05917166910340822,0.04882326471577671,0.07614427264803729,0.055107396916193416,0.050444748320857914,share,8,True,-0.248258954095007,12,19.925887419260572
upsample,SpecDiv> Q700,24,0.0044261550065129995,0.004427674148852627,1.5191423396269481e-06,-2.9410866166775423e-06,7.04419314085195e-06,0.034321941671531166,0.003652184027276021,-0.007070693301131169,0.016935009316101635,0.0,0.0031135424582232124,share,16,False,-0.13062812535092114,12,15.606138063400747
decoder_io,SpecDiv> Q700,24,0.0044261550065129995,0.004426385159604251,2.3015309125185013e-07,-2.4646422631728155e-05,2.0417789346538478e-05,0.005199842547610385,0.0005533131568860243,-0.05925269062489307,0.04908659457284706,0.0,0.00047170788596408175,share,19,False,0.19497279588286093,12,8.084139222825153
decoder_heads,SpecDiv> Q700,24,0.0044261550065129995,0.004399751584666471,-2.6403421846528847e-05,-3.5921994519109525e-05,-1.8226508594428502e-05,-0.5965317935697402,-0.06347670854661552,-0.08636039638181994,-0.04381851642547694,0.05941243635940071,-0.05411485995560728,share,7,True,0.49116037528074125,12,4.094848279133968
film,SpecDiv> Q700,24,0.0044261550065129995,0.0044302565123264985,4.1015058134992915e-06,2.06857124188294e-06,6.713170053747786e-06,0.09266520958854824,0.009860467731759961,0.0049730710887451205,0.0161391936773391,0.005796195544545154,0.008406198787215245,share,14,True,0.04815231294926295,12,10.89743551914649
cond_embed,SpecDiv> Q700,24,0.0044261550065129995,0.0043558740289881825,-7.028097752481699e-05,-8.06439764952908e-05,-5.667907050034655e-05,-1.5878562188039036,-0.1689631424534673,-0.1938769232937383,-0.13626267306396728,0.1648988702662525,-0.14404365003919567,share,4,True,0.32645522789913806,12,6.093335904003033
encoder_io,SpecDiv< Q700,24,0.0035469171901543937,0.003724955798437198,0.0001780386082828045,9.911895419160525e-05,0.00026151513156946743,5.019531010676194,0.8034421446539881,0.44729817818540685,1.1801500820198,0.794712349514176,0.4057014197575576,share,1,True,0.5911713951128665,12,3.0832274095133596
enc0_attn,SpecDiv< Q700,24,0.0035469171901543937,0.0035962325055152178,4.9315315360824265e-05,4.244447239519408e-05,5.7494027229646843e-05,1.3903712073604295,0.22254725039667267,0.19154091496678685,0.25945565957697797,0.21381745525686063,0.11237615060379269,share,6,True,0.2463391951198104,12,7.256395124196414
enc0_mlp,SpecDiv< Q700,24,0.0035469171901543937,0.0036108161245162287,6.389893436183532e-05,5.3420624074836574e-05,7.699557560651253e-05,1.8015344293688984,0.28835934722219386,0.24107344575096046,0.347461098414683,0.2796295520823818,0.14560823992969493,share,2,True,0.13857819586642237,12,9.078921137899318
enc1_attn,SpecDiv< Q700,24,0.0035469171901543937,0.0035984349281837544,5.151773802936077e-05,4.580741030319283e-05,5.8894665562547745e-05,1.452465204780218,0.23248621368845906,0.20671698307471575,0.2657763777454943,0.22375641854864703,0.1173948710495972,share,5,True,-0.024015382942391833,12,12.590551511308691
enc1_mlp,SpecDiv< Q700,24,0.0035469171901543937,0.0035624822679286203,1.5565077774226665e-05,-7.2769248314822715e-06,3.312861954327672e-05,0.4388339772192182,0.07024116616754428,-0.03283887775512711,0.14950088293768704,0.06151137102773225,0.035468566130386125,share,9,False,0.45776595905153195,12,4.463548110023882
enc2_attn,SpecDiv< Q700,24,0.0035469171901543937,0.0035461557175343237,-7.614726200699806e-07,-2.5084203419586024e-06,1.8113564389447366e-06,-0.021468576209889876,-0.0034363287877004042,-0.011319851568574412,0.008174182645411799,0.0,-0.0017351883731767848,share,18,False,-0.12575874339541684,12,15.452376353424754
enc2_mlp,SpecDiv< Q700,24,0.0035469171901543937,0.0035464970084528127,-4.201817015806834e-07,-2.2462918423116207e-06,1.5968883720536996e-06,-0.01184639164249542,-0.0018961712334107925,-0.010136933515222924,0.007206343785713343,0.0,-0.0009574794733098011,share,19,False,-0.2944781359499801,12,22.017372420223758
downsample,SpecDiv< Q700,24,0.0035469171901543937,0.0036092119989916682,6.229480883727471e-05,4.473680164664983e-05,8.390489189575116e-05,1.7563085208246174,0.2811203440409291,0.20188560339030653,0.37864105399319875,0.2723905489011171,0.14195287546093982,share,3,True,0.06074344268524895,12,10.625640691442337
dec0_attn,SpecDiv< Q700,24,0.0035469171901543937,0.003551575510452191,4.658320297797521e-06,2.410890495715042e-06,8.319816940153632e-06,0.13133434044437753,0.02102179345618444,0.010879724623135533,0.037545179834857334,0.012291998316372404,0.010615041179719408,share,12,True,0.3589868308403861,12,5.660215283439208
dec0_mlp,SpecDiv< Q700,24,0.0035469171901543937,0.0035500392550602555,3.1220649058620134e-06,-8.754432201385498e-08,7.865484803915024e-06,0.08802192829672781,0.014089070611753352,-0.0003950648598609852,0.03549489653144628,0.0053592754719413134,0.0071143342284022935,share,16,False,0.18781007040909878,12,8.205250483971781
dec1_attn,SpecDiv< Q700,24,0.0035469171901543937,0.0035520242527127266,5.107062558333079e-06,2.953715738840401e-06,9.001197759062045e-06,0.1439859541268505,0.023046851097776835,0.013329354406896787,0.04062007505983164,0.014317055957964798,0.0116376023756332,share,11,True,0.11973439950549035,12,9.433654276048989
dec1_mlp,SpecDiv< Q700,24,0.0035469171901543937,0.00354266589662681,-4.2512935275832815e-06,-6.82742199084411e-06,3.2586879873027266e-07,-0.11985883232301307,-0.019184987022194254,-0.03081038781244727,0.0014705615206325792,0.010455191882382215,-0.009687538206359,share,14,False,-0.08651629425160014,12,14.27304663342326
dec2_attn,SpecDiv< Q700,24,0.0035469171901543937,0.003557671676389873,1.0754486235479513e-05,7.747529889456927e-06,1.7046176556808252e-05,0.30320657796387346,0.04853221202426121,0.03496259654124329,0.07692498151410972,0.03980241688444917,0.024506540331783483,share,10,True,-0.019452061186819015,12,12.476110804994105
dec2_mlp,SpecDiv< Q700,24,0.0035469171901543937,0.0035665559892853103,1.9638799130916595e-05,1.5393086747887234e-05,2.617334636549155e-05,0.5536864290328057,0.08862481595626165,0.06946501519447054,0.1181135358194845,0.07989502081644961,0.0447514658005551,share,7,True,-0.23660314382974137,12,19.438431801253493
upsample,SpecDiv< Q700,24,0.0035469171901543937,0.0035484261655559144,1.508975401520729e-06,-3.0500872526317834e-06,6.963111809454857e-06,0.04254329381326901,0.0068096153105293745,-0.01376425409787341,0.031422720833491555,0.0,0.003438543295079878,share,17,False,-0.10809073444686305,12,14.908566742061904
decoder_io,SpecDiv< Q700,24,0.0035469171901543937,0.0035511953368162117,4.2781466618180275e-06,-1.882002979982644e-05,2.4150587463130487e-05,0.1206159160888615,0.01930616826466934,-0.08492992194595209,0.10898534858916517,0.010576373124857303,0.009748729173807317,share,13,False,0.1773745941358975,12,8.38433657353899
decoder_heads,SpecDiv< Q700,24,0.0035469171901543937,0.0035293552403648696,-1.756194978952408e-05,-2.632577864763637e-05,-1.0490840456138058e-05,-0.49513278286487494,-0.07925253257870848,-0.11880142324380315,-0.04734244688047509,0.07052273743889645,-0.04001889271119967,share,8,True,0.5436876151897513,12,3.547186985140061
film,SpecDiv< Q700,24,0.0035469171901543937,0.0035505300232519708,3.612833097577095e-06,1.9227979161466164e-06,5.814615481843551e-06,0.10185839995378725,0.016303780400167306,0.008677089179618484,0.026239854254813746,0.007573985260355268,0.008232661056897773,share,15,True,0.006769922262353623,12,11.838614433443368
cond_embed,SpecDiv< Q700,24,0.0035469171901543937,0.0034917932158956924,-5.5123974258701004e-05,-6.529090654415389e-05,-4.216151331396154e-05,-1.5541376159475973,-0.24876022413021484,-0.29464095729681467,-0.190263993891816,0.2400304289904028,-0.1256124996433935,share,4,True,0.39415031139453105,12,5.214786529003064
encoder_io,SpecRes Q700,24,0.0003574626098270528,0.0004956117166633097,0.0001381491068362569,0.00010687773162014005,0.00016083121730237808,38.647148831341006,1.9987133858646728,1.5462854428238868,2.326873580646327,1.9955627700587841,0.5870293930645355,share,1,True,0.4581899778918194,12,4.458760767714258
enc0_attn,SpecRes Q700,24,0.0003574626098270528,0.00037960436384310015,2.2141754016047344e-05,1.888752746405468e-05,2.5101707281767932e-05,6.194145459509722,0.3203424267581445,0.27326093402136375,0.36316643300193246,0.31719181095225585,0.09408573619538782,share,7,True,0.5689624833896597,12,3.296732875440897
enc0_mlp,SpecRes Q700,24,0.0003574626098270528,0.0003881858574459329,3.072324761888012e-05,2.5006105291443723e-05,3.544794405267263e-05,8.594814331419057,0.4444977436290926,0.3617832827076437,0.512853697732806,0.44134712782320396,0.13055060445710587,share,4,True,0.3838958826520364,12,5.342345114870541
enc1_attn,SpecRes Q700,24,0.0003574626098270528,0.00036645279518173385,8.990185354681065e-06,7.637528445532856e-06,1.1088987412222195e-05,2.515000200728878,0.13006818662319225,0.11049821955853865,0.1604332310505865,0.1269175708173036,0.03820149961990948,share,9,True,-0.16305098927926218,12,16.67558201584159
enc1_mlp,SpecRes Q700,24,0.0003574626098270528,0.00032701626817773405,-3.0446341649318736e-05,-3.7291043130001834e-05,-2.2939986562657098e-05,-8.517350014327164,-0.4404915239678669,-0.53951928306807,-0.33189109408201495,0.43734090816197824,-0.12937396316734182,share,5,True,0.6585773301364477,12,2.4702327494284333
enc2_attn,SpecRes Q700,24,0.0003574626098270528,0.0003563700920494739,-1.0925177775789052e-06,-1.5591383695815845e-06,-3.965272602120725e-07,-0.3056313436830459,-0.015806326630328913,-0.02255729914628791,-0.005736876343221586,0.012655710824440246,-0.004642375637249085,share,18,True,-0.4857557166905154,12,34.67042644702814
enc2_mlp,SpecRes Q700,24,0.0003574626098270528,0.00035773739000433125,2.7478017727844417e-07,-2.441673435290189e-07,8.866378266247916e-07,0.07686962768256743,0.003975464127666414,-0.0035325638296084035,0.012827697066397824,0.000824848321777749,0.001167608277664208,share,19,False,-0.33658691120087425,12,24.176554857311444
downsample,SpecRes Q700,24,0.0003574626098270528,0.0004045099073361295,4.704729750907669e-05,3.820440664033716e-05,5.46146742029426e-05,13.16145974871024,0.6806708016694195,0.5527336419305657,0.7901540798482447,0.6775201858635309,0.19991549083856697,share,2,True,0.4655933237241165,12,4.375620447707336
dec0_attn,SpecRes Q700,24,0.0003574626098270528,0.0003594082105943623,1.945600767309467e-06,1.497775338066276e-06,2.628584297781344e-06,0.5442809160518314,0.02814855909115028,0.02166951119531511,0.03802982691792851,0.024997943285261615,0.008267334213990177,share,15,True,-0.2138732478916294,12,18.529427901585404
dec0_mlp,SpecRes Q700,24,0.0003574626098270528,0.00036008962100216496,2.627011175112178e-06,1.3057990145171063e-06,4.023860249920592e-06,0.7349051629156896,0.03800706729675922,0.01889203650558291,0.058216397691934325,0.03485645149087055,0.011162813940792885,share,13,True,0.03387861287587229,12,11.213556892564762
dec1_attn,SpecRes Q700,24,0.0003574626098270528,0.00035524215612288873,-2.220453704164053e-06,-3.0634754693892322e-06,-1.2006737961201002e-06,-0.6211708981922195,-0.0321250758896744,-0.044321744585679446,-0.01737110607024477,0.028974460083785732,-0.009435251664915077,share,14,True,-0.13317853683274863,12,15.687362415216581
dec1_mlp,SpecRes Q700,24,0.0003574626098270528,0.00035928806391893886,1.8254540918860584e-06,8.441462341579608e-07,3.0614778855427473e-06,0.5106699390935594,0.02641030124833605,0.012212937285498018,0.044292843945893993,0.023259685442447383,0.007756801561498104,share,16,True,-0.12486569228504538,12,15.424361938987298
dec2_attn,SpecRes Q700,24,0.0003574626098270528,0.0003601588481008851,2.6962382738323263e-06,1.9908279379402905e-06,3.8561049223062576e-06,0.7542714118091449,0.03900863098432279,0.028802896664622657,0.05578934748124932,0.03585801517843412,0.011456976839677745,share,12,True,-0.08253239400912242,12,14.158961736942931
dec2_mlp,SpecRes Q700,24,0.0003574626098270528,0.0003664288524305448,8.966242603491992e-06,7.170138208797046e-06,1.0882666780768583e-05,2.5083022271420305,0.12972178773295007,0.10373611197796942,0.15744822581016057,0.1265711719270614,0.03809976100559129,share,10,True,0.1517055155641821,12,8.838660296111545
upsample,SpecRes Q700,24,0.0003574626098270528,0.0003512452312861569,-6.217378540895879e-06,-9.372080906662935e-06,-1.7851164557214363e-06,-1.7393087752321748,-0.08995177746176344,-0.1355933743658322,-0.02582670447234003,0.08680116165587479,-0.02641916429934311,share,11,True,0.2618407344905181,12,7.0198329662342545
decoder_io,SpecRes Q700,24,0.0003574626098270528,0.00039957410626811907,4.2111496441066265e-05,3.106157176565224e-05,5.226121690308597e-05,11.780671679603248,0.6092606283391604,0.4493925490780787,0.7561047347890709,0.6061100125332718,0.17894206312994124,share,3,True,0.42251607665872026,12,4.871514068489439
decoder_heads,SpecRes Q700,24,0.0003574626098270528,0.0003465062812513982,-1.0956328575654576e-05,-1.4561723097964811e-05,-6.331030029590088e-06,-3.0650278587054056,-0.15851394978650127,-0.2106760698181988,-0.09159606425433607,0.1553633339806126,-0.0465561237511682,share,8,True,0.3425199408620522,12,5.8768294380709465
film,SpecRes Q700,24,0.0003574626098270528,0.00035913256215280853,1.6699523257557303e-06,4.5388175446229676e-07,2.532956508124092e-06,0.46716839183927095,0.024160533091248586,0.006566669586353404,0.036646303364098055,0.02100991728535992,0.0070960364687483865,share,17,True,0.21952443672106545,12,7.679802451953144
cond_embed,SpecRes Q700,24,0.0003574626098270528,0.0003321915476893385,-2.5271062137714278e-05,-3.016233737677491e-05,-2.041240077232942e-05,-7.0695679612312174,-0.3656166248655856,-0.4363826074922149,-0.29532249317866544,0.36246600905969695,-0.10738293289425166,share,6,True,0.4382570569067064,12,4.68686406560547
encoder_io,SpecResLog Q700,24,0.8901691547605727,0.8895342183340378,-0.0006349364265349489,-0.0016809519404370967,0.0005510375125933517,-0.07132761488525477,-0.020177941929410404,-0.05341975861327042,0.01751167906795688,0.01485910262275685,-0.11058928111690287,share,10,False,0.2719831659436891,12,6.868174235776391
enc0_attn,SpecResLog Q700,24,0.8901691547605727,0.8934573644653384,0.0032882097047654732,0.002932017141175262,0.0035891113178477727,0.36939155745627894,0.10449755550578635,0.09317794528428096,0.11406004872794259,0.0991787161991328,0.5727199326019787,share,3,True,0.3386912427128149,12,5.927957720381265
enc0_mlp,SpecResLog Q700,24,0.8901691547605727,0.8924514639168496,0.002282309156276715,0.0019698749814164632,0.002695443198944575,0.2563905010717411,0.07253057108667611,0.06260157918508073,0.08565975122760443,0.06721173178002256,0.3975184259888643,share,4,True,0.24021040279973918,12,7.351555144047086
enc1_attn,SpecResLog Q700,24,0.8901691547605727,0.89486725497416,0.004698100213587159,0.0044263985953869045,0.005002054692034505,0.5277761185570172,0.14930312599271595,0.14066859307720714,0.15896263765243515,0.14398428668606242,0.8182859000091933,share,2,True,0.5946767108494873,12,3.0500724295491564
enc1_mlp,SpecResLog Q700,24,0.8901691547605727,0.8920572668540793,0.0018881120935062001,0.0014561268930721153,0.002368713614760463,0.21210711283453115,0.06000319809480733,0.04627493818649997,0.07527645882104642,0.054684358788153774,0.328859631236621,share,6,True,0.5299479912762232,12,3.686807745654238
enc2_attn,SpecResLog Q700,24,0.8901691547605727,0.8902178263733062,4.867161273341969e-05,-0.0001109862123252726,0.0003163141857509612,0.005467681335971568,0.0015467579655262338,-0.0035270827970700722,0.010052296584027086,0.0,0.00847731904808726,share,17,False,-0.020581099901636264,12,12.504325981038004
enc2_mlp,SpecResLog Q700,24,0.8901691547605727,0.8901447142318594,-2.4440528713430092e-05,-0.0001502297904299917,0.00011763231450097508,-0.002745604987852429,-0.0007767070032428436,-0.004774222836618138,0.0037382923893281585,0.0,-0.004256899411623981,share,19,False,-0.6009914067550829,12,48.14908051182863
downsample,SpecResLog Q700,24,0.8901691547605727,0.8916669957228285,0.001497840962255581,0.0009172195590225735,0.002141446985303123,0.16826475667520213,0.04760058911854183,0.029148749740944644,0.06805404621399365,0.042281749811888265,0.2608846308397729,share,7,True,-0.019960412465929767,12,12.488806682174621
dec0_attn,SpecResLog Q700,24,0.8901691547605727,0.890194675093792,2.552033321906455e-05,-0.00014948286471126008,0.0002567740621066269,0.00286690828171065,0.0008110226161124866,-0.004750485934546856,0.008160143122425108,0.0,0.004444973050234688,share,18,False,-0.25238039003616436,12,20.101886681598604
dec0_mlp,SpecResLog Q700,24,0.8901691547605727,0.8903087911565423,0.00013963639596938546,5.373500948748872e-06,0.00025909428284631665,0.015686501292773193,0.004437570395006041,0.0001707670021283908,0.008233878503468484,0.0,0.024320999713755658,share,16,True,-0.29880994083674994,12,22.227524601018843
dec1_attn,SpecResLog Q700,24,0.8901691547605727,0.8907754289114557,0.000606274150882898,0.00034949268961726316,0.0009846280395406177,0.06810774644802949,0.019267070053893588,0.01110669179013062,0.03129095539902248,0.013948230747240033,0.10559706405852255,share,11,True,0.42015914222598477,12,4.899514488483269
dec1_mlp,SpecResLog Q700,24,0.8901691547605727,0.8899123417855042,-0.00025681297506871537,-0.00044209449043753924,-3.888683943044253e-05,-0.02884990719969284,-0.008161379755663507,-0.014049527767753511,-0.0012358030742194096,0.0028425404490099514,-0.04473008809611755,share,15,True,-0.2825966223028138,12,21.453982440169565
dec2_attn,SpecResLog Q700,24,0.8901691547605727,0.8908536042241827,0.0006844494636098486,0.0005458666445779521,0.0008920020954902205,0.07688982031667271,0.021751439912977552,0.01734735163267524,0.028347352162387485,0.016432600606323993,0.11921315422796358,share,9,True,-0.224938481869568,12,18.965283965964026
dec2_mlp,SpecResLog Q700,24,0.8901691547605727,0.8907649332093998,0.0005957784488270316,0.0003936164540884908,0.000967731931315055,0.06692867817771973,0.018933522224944117,0.012508921556764441,0.030754006066206603,0.013614682918290563,0.10376898789740223,share,12,True,-0.30796133294551736,12,22.68014309395595
upsample,SpecResLog Q700,24,0.8901691547605727,0.8905191789057381,0.00035002414516519903,1.0011017378401547e-05,0.0006369162638506834,0.039321082211542645,0.011123581164776892,0.0003181448076905791,0.020240860106281414,0.005804741858123337,0.06096503046552985,share,14,True,0.46846234974574935,12,4.343626381810454
decoder_io,SpecResLog Q700,24,0.8901691547605727,0.8891603979337327,-0.0010087568268401514,-0.0017425603429134945,-0.000211387164609727,-0.11332192555149534,-0.032057755425938694,-0.055377640876092635,-0.006717771660062429,0.02673891611928514,-0.17569899542671763,share,8,True,0.36379755307713796,12,5.597919827505756
decoder_heads,SpecResLog Q700,24,0.8901691547605727,0.8881582512245725,-0.0020109035360003913,-0.002445473520042353,-0.0015807244109731485,-0.22590128238506094,-0.06390544482775634,-0.07771584778434408,-0.05023458103527474,0.058586605521102786,-0.35024668163290607,share,5,True,-0.00735536761281472,12,12.177836878322733
film,SpecResLog Q700,24,0.8901691547605727,0.8906821470920391,0.0005129923314663073,0.00032556440510285813,0.0007574326399684787,0.05762863481877059,0.0163026234469637,0.010346263635083671,0.024070806439836123,0.010983784140310145,0.08934981642956691,share,13,True,-0.3772787185192589,12,26.54051678293614
cond_embed,SpecResLog Q700,24,0.8901691547605727,0.8832705380307765,-0.006898616729796192,-0.007212626257655592,-0.006410164425713742,-0.7749781817200464,-0.21923437048138028,-0.22921342626340005,-0.20371161605248492,0.21391553117472675,-1.2015581922314031,share,1,True,-0.32455779435184806,12,23.532277668330906
encoder_io,SpecDivW1 Q700,24,1.7787012755652067,1.8407631927979604,0.062061917232753804,0.05349678201295133,0.07061017544886364,3.4891703337331212,0.5043176208781777,0.43471698961906174,0.5737811089304877,0.5011514788760145,0.37916078795509844,share,1,True,0.4239793880160228,12,4.854176543551169
enc0_attn,SpecDivW1 Q700,24,1.7787012755652067,1.8046957335873444,0.02599445802213816,0.024848409311762177,0.026838728190886528,1.461429098816948,0.21123200523402016,0.20191916759061124,0.21809257838203894,0.2080658632318569,0.15881042071542692,share,5,True,-0.34617407854904625,12,24.70701820255125
enc0_mlp,SpecDivW1 Q700,24,1.7787012755652067,1.8107267735563628,0.03202549799115625,0.030469070686260726,0.03411383612316879,1.800498961298586,0.26024047716358517,0.2475928866527898,0.2772103963231227,0.2570743351614219,0.19565642819962276,share,3,True,-0.031100553292701658,12,12.770372283276085
enc1_attn,SpecDivW1 Q700,24,1.7787012755652067,1.7988512553538254,0.020149979788618877,0.018167423427067786,0.022630934810727414,1.1328478854447295,0.16373954142648603,0.14762920916323025,0.18389988113309141,0.16057339942432275,0.12310419262877542,share,6,True,0.5068786618578774,12,3.9269625401753685
enc1_mlp,SpecDivW1 Q700,24,1.7787012755652067,1.7809331104916744,0.0022318349264675943,-0.00039716297789258077,0.005215585244504025,0.12547553415108437,0.01813597984876525,-0.003227362238270819,0.04238205423353285,0.014969837846602002,0.013635161900196001,share,13,False,0.22538889914491347,12,7.5856189139198165
enc2_attn,SpecDivW1 Q700,24,1.7787012755652067,1.7783043878459939,-0.0003968877192130349,-0.0008742297695816462,0.0003082332519746058,-0.02231334314902981,-0.0032251254752350585,-0.007104026062275907,0.0025047157297509023,5.898347307180852e-05,-0.002424743982403054,share,18,False,-0.12051929034852607,12,15.288830484424006
enc2_mlp,SpecDivW1 Q700,24,1.7787012755652067,1.778703899427957,2.623862750165499e-06,-0.00047886227223078586,0.0008501744002369501,0.00014751565011003495,2.1321613618729343e-05,-0.0038912539706764783,0.006908551169166089,0.0,1.6030214859584318e-05,share,19,False,-0.4046333061020038,12,28.31129091697545
downsample,SpecDivW1 Q700,24,1.7787012755652067,1.8250664514830657,0.046365175917859026,0.042325568167265036,0.049625593684476145,2.6066870561570745,0.37676527334467114,0.34393925924619867,0.4032595584787034,0.37359913134250794,0.28326318970716935,share,2,True,0.23349078122884656,12,7.456975573088891
dec0_attn,SpecDivW1 Q700,24,1.7787012755652067,1.781899348524712,0.003198072959505397,0.002547599561803228,0.0038805586153713816,0.17979820464732985,0.025987668738686655,0.02070189590083798,0.03153357446633257,0.022821526736523406,0.01953829203690805,share,10,True,-0.05163819503855716,12,13.306797336672323
dec0_mlp,SpecDivW1 Q700,24,1.7787012755652067,1.779976389360704,0.001275113795497144,0.0004432385723915064,0.0023076415675991452,0.07168791145618082,0.010361625685561005,0.0036017743614267955,0.018751987645605483,0.007195483683397754,0.007790174280628823,share,16,True,-0.2643590151838994,12,20.62460968783523
dec1_attn,SpecDivW1 Q700,24,1.7787012755652067,1.77927889815283,0.0005776225876232277,-0.0005183865994280539,0.002262943539089901,0.0324744011576469,0.004693784242326043,-0.004212430233797417,0.018388769678761394,0.0015276422401627936,0.00352892474530742,share,17,False,0.5344289914092847,12,3.640997487904202
dec1_mlp,SpecDivW1 Q700,24,1.7787012755652067,1.7759931859211873,-0.00270808964401927,-0.003677321970584802,-0.0015211704682841357,-0.1522509530533022,-0.022006044725860447,-0.029882065364710136,-0.012361092046803962,0.018839902723697198,-0.01654479025242687,share,12,True,-0.01209958022774636,12,12.293946555395591
dec2_attn,SpecDivW1 Q700,24,1.7787012755652067,1.7851724611350122,0.006471185569805249,0.005895208189585838,0.007446692931093864,0.36381519812813656,0.052585112680067436,0.04790469745888575,0.060512124501973956,0.049418970677904184,0.03953503096672138,share,9,True,-0.1947802993006369,12,17.80553006732835
dec2_mlp,SpecDivW1 Q700,24,1.7787012755652067,1.792545273230983,0.013843997665776486,0.012839863104002208,0.015300720328774145,0.778320556462038,0.1124968785618299,0.10433724096416483,0.12433426516603528,0.10933073655966666,0.08457845483113902,share,7,True,0.18729292898608293,12,8.214051152899033
upsample,SpecDivW1 Q700,24,1.7787012755652067,1.7770943761955038,-0.001606899369703189,-0.004624823628650489,0.0006029636622467314,-0.09034116024865248,-0.01305772852746588,-0.037581501722464654,0.004899706827938288,0.009891586525302629,-0.00981718352167925,share,15,False,0.26404229828042614,12,6.9867064042469496
decoder_io,SpecDivW1 Q700,24,1.7787012755652067,1.7809052370914902,0.0022039615262831416,-0.005674062913553056,0.009595750629320669,0.12390846942991046,0.017909479484393816,-0.04610766210370918,0.07797545328434172,0.014743337482230567,0.013464872278989338,share,14,False,0.7121486174959587,12,2.0174747418248864
decoder_heads,SpecDivW1 Q700,24,1.7787012755652067,1.7700166191456594,-0.008684656419546985,-0.010834109178442575,-0.0064330336943975806,-0.4882582892839786,-0.07057186530710062,-0.08803840436825879,-0.05227508901506404,0.06740572330493738,-0.05305799946213855,share,8,True,0.22910609213606783,12,7.526386008135648
film,SpecDivW1 Q700,24,1.7787012755652067,1.7818708070975353,0.003169531532328925,0.0025938905955478872,0.003610102668259599,0.17819358291750048,0.025755739960268097,0.021078058691918776,0.029335838626361063,0.02258959795810485,0.019363921174709114,share,11,True,0.03340947311972426,12,11.224095215178574
cond_embed,SpecDivW1 Q700,24,1.7787012755652067,1.7478864866383195,-0.03081478892688701,-0.03227042667675543,-0.02963969306416897,-1.732431935041773,-0.25040220689910053,-0.2622307774558392,-0.2408533309343569,0.24723606489693728,-0.18825972788385434,share,4,True,-0.16746060744336405,12,16.82746475971385
encoder_io,|RQE| Q700,24,0.09026958731313546,0.08669538826992114,-0.003574199043214321,-0.00502823491115123,-0.0025568392903854453,-3.9594720100090965,-0.14573215953817253,-0.2050181099059066,-0.10425096836376059,0.13803207758968666,0.42486624183090604,share,2,True,0.39899386713663054,12,5.155185997435168
enc0_attn,|RQE| Q700,24,0.09026958731313546,0.08969420924161871,-0.0005753780715167522,-0.0011059028950209419,-0.00027040667676677316,-0.6373996920145738,-0.023460106138251627,-0.045091393954932224,-0.011025392957221342,0.01576002418976577,0.06839538479015206,share,11,True,0.03851567863554169,12,11.109906276554732
enc0_mlp,|RQE| Q700,24,0.09026958731313546,0.08835009563093384,-0.001919491682201624,-0.002132319825856636,-0.0017264359436618788,-2.1263990889236197,-0.07826415504023976,-0.08694187684877461,-0.0703926209291086,0.0705640730917539,0.22817062155253506,share,5,True,-0.4032113968419748,12,28.215245185647383
enc1_attn,|RQE| Q700,24,0.09026958731313546,0.09097167445967595,0.0007020871465404829,0.0004178303604324659,0.0009424077734972039,0.777767094586373,0.02862646282768945,0.017036354162211387,0.038425145980062074,0.020926380879203597,-0.08345733513491764,share,8,True,-0.48772439009194757,12,34.84978073484256
enc1_mlp,|RQE| Q700,24,0.09026958731313546,0.08958881146584947,-0.000680775847285986,-0.001530900892491142,-5.485186508546293e-05,-0.7541585904502344,-0.027757529221762164,-0.06241999687320488,-0.0022364956895103926,0.02005744727327631,0.08092405382816391,share,9,True,0.01330473010086449,12,11.684879076416664
enc2_attn,|RQE| Q700,24,0.09026958731313546,0.09030421062683065,3.462331369519234e-05,-0.00012770119744042556,0.000246292197455962,0.03835545805154487,0.0014117093687737873,-0.005206808869230577,0.010042164238391325,0.0,-0.004115684938514162,share,19,False,-0.5298960892804279,12,39.05254275222687
enc2_mlp,|RQE| Q700,24,0.09026958731313546,0.09021632109458248,-5.326621855298678e-05,-0.00031750534350673357,0.0002568499456780647,-0.05900793405448062,-0.002171843528103581,-0.01294576457961718,0.010472639270605434,0.0,0.006331773306278663,share,18,False,-0.274835595430324,12,21.09594327681042
downsample,|RQE| Q700,24,0.09026958731313546,0.08695958772053321,-0.003309999592602253,-0.00461041391051064,-0.0022056177491322168,-3.666793757592157,-0.1349598561434881,-0.18798213737400352,-0.08993048059452664,0.12725977419500226,0.39346076431883326,share,3,True,0.3041089451172125,12,6.403370431481009
dec0_attn,|RQE| Q700,24,0.09026958731313546,0.08991515853752692,-0.0003544287756085396,-0.0005634621484205127,-0.00013050644968946775,-0.3926336501119302,-0.014451257539773683,-0.022974253731961432,-0.0053211884724254175,0.006751175591287829,0.04213106770743997,share,14,True,-0.293227674754303,12,21.957186979069704
dec0_mlp,|RQE| Q700,24,0.09026958731313546,0.09041414099435012,0.00014455368121465048,-0.0001990286245321234,0.0004678437175850072,0.16013552904945644,0.0058939415174982974,-0.008115068834245452,0.019075567551133082,0.0,-0.017183144681628935,share,17,False,0.012517456929635906,12,11.703295025428744
dec1_attn,|RQE| Q700,24,0.09026958731313546,0.09059420259048541,0.0003246152773499489,-2.7660590906937916e-05,0.0006981441052630541,0.3596064710298204,0.013235660581663413,-0.0011278156583425301,0.028465691725252165,0.005535578633177558,-0.03858712714682465,share,15,False,-0.13890595900341962,12,15.871520249081959
dec1_mlp,|RQE| Q700,24,0.09026958731313546,0.08950223509843151,-0.0007673522147039572,-0.0010004042958219846,-0.0005270022278030714,-0.8500672679959144,-0.031287539955983795,-0.040789859959866955,-0.021487659699584414,0.02358745800749794,0.09121541572813394,share,7,True,-0.663538909754805,12,59.33068487209048
dec2_attn,|RQE| Q700,24,0.09026958731313546,0.09090434418370326,0.0006347568705677986,0.0002901076572015882,0.0009705233698089911,0.7031790988097636,0.025881180205998583,0.011828668429312258,0.03957151374461036,0.01818109825751273,-0.07545376259514491,share,10,True,-0.13928302204427392,12,15.883730209437699
dec2_mlp,|RQE| Q700,24,0.09026958731313546,0.08947558825214703,-0.0007939990609884262,-0.0010620358555267254,-0.00042923958972096465,-0.8795864527818534,-0.0323740218242194,-0.043302786683556166,-0.01750154695163808,0.02467393987573354,0.09438293530402939,share,6,True,-0.44173192947250545,12,30.990099679752348
upsample,|RQE| Q700,24,0.09026958731313546,0.08988876345877846,-0.00038082385435700417,-0.0008950295547644297,0.0002163168042898174,-0.4218739286310984,-0.015527473995736518,-0.03649337607930418,0.008819966278431183,0.007827392047250662,0.045268659591692094,share,13,False,0.007924951943086659,12,11.811296618595053
decoder_io,|RQE| Q700,24,0.09026958731313546,0.08766099639857809,-0.0026085909145573774,-0.003573939510776351,-0.0012820533748405685,-2.889778265528629,-0.10636105676650412,-0.14572157752463655,-0.05227364360511214,0.09866097481801828,0.3100840789620741,share,4,True,0.03624422020562537,12,11.16056343864345
decoder_heads,|RQE| Q700,24,0.09026958731313546,0.09627195758124192,0.006002370268106461,0.005235789343714714,0.006776067529184123,6.649382640118743,0.24473689655856748,0.21348080471206787,0.2762831454726227,0.2370368146100816,-0.7135037716294976,share,1,True,0.270764447487469,12,6.886269636715395
film,|RQE| Q700,24,0.09026958731313546,0.09074699599295855,0.0004774086798230807,0.00026722995874782404,0.0007398314230764905,0.5288699040652546,0.01946556334767438,0.010895867440721583,0.030165424386151416,0.011765481399188527,-0.05674973026445521,share,12,True,-0.0664737173851143,12,13.708970863438337
cond_embed,|RQE| Q700,24,0.09026958731313546,0.09043897331381838,0.0001693860006829103,-0.0007563600006202857,0.0008059109405924873,0.18764459407056835,0.006906439002584303,-0.030839350284073766,0.03285970936368485,0.0,-0.020134970844879172,share,16,False,-0.3277412795834726,12,23.70054098387857
encoder_io,Vag/Vg 850hPa,24,0.36188407242298126,0.3617331385612488,-0.0001509338617324829,-0.00024104565382003783,-6.107489267985026e-05,-0.0417077935267808,-0.021767714030281965,-0.034763656083330055,-0.008808234169755062,0.02024038513687478,-0.006545568162780377,share,10,True,0.1380026887622493,12,9.089581102926605
enc0_attn,Vag/Vg 850hPa,24,0.36188407242298126,0.36169226715962094,-0.0001918052633603414,-0.0002151790385444959,-0.00016710447768370312,-0.05300185279670267,-0.027662196371354635,-0.03103316726003811,-0.02409984374378232,0.026134867477947448,-0.008318043485366956,share,7,True,-0.003482422406679021,12,12.083870209256263
enc0_mlp,Vag/Vg 850hPa,24,0.36188407242298126,0.3617036094268163,-0.00018046299616495767,-0.00022049043327569963,-0.0001437907417615255,-0.04986762610376147,-0.026026412154809764,-0.03179917775154537,-0.020737531730385683,0.024499083261402578,-0.00782616192747348,share,8,True,0.6270039531343762,12,2.7510397585480306
enc1_attn,Vag/Vg 850hPa,24,0.36188407242298126,0.3617045631011327,-0.00017950932184855142,-0.0002039788911739985,-0.00015026461333036422,-0.04960409576654023,-0.02588887303960214,-0.02941787959523219,-0.021671194881660676,0.02436154414619495,-0.007784803810935032,share,9,True,-0.2622845449310068,12,20.532868648868757
enc1_mlp,Vag/Vg 850hPa,24,0.36188407242298126,0.3615633894999822,-0.00032068292299906415,-0.00033493340015411377,-0.00029450437674919766,-0.08861482099832238,-0.04624896018768106,-0.048304167070653346,-0.04247348461212328,0.044721631294273874,-0.013907097499767226,share,5,True,-0.5465557155411532,12,40.92822254589068
enc2_attn,Vag/Vg 850hPa,24,0.36188407242298126,0.36175234367450076,-0.0001317287484804789,-0.00015388056635856628,-0.00011255281666914622,-0.03640081410560404,-0.018997948462832554,-0.02219268840578678,-0.01623239144903859,0.017470619569425368,-0.005712697550301674,share,13,True,0.005685911015281517,12,11.86430965883872
enc2_mlp,Vag/Vg 850hPa,24,0.36188407242298126,0.3617440139253934,-0.00014005849758783975,-0.00017905595401922862,-0.00011656663070122402,-0.03870258689477084,-0.020199266672224166,-0.02582348823366164,-0.016811264572790374,0.018671937778816976,-0.006073934849442185,share,11,True,0.22925729358766292,12,7.523984218108259
downsample,Vag/Vg 850hPa,24,0.36188407242298126,0.3618166148662567,-6.745755672454834e-05,-0.00011555546273787815,-1.3465868930021935e-05,-0.018640653696883867,-0.009728743352264434,-0.016665433711444577,-0.001942050515857788,0.008201414458857248,-0.002925440524524313,share,18,True,-0.014296828782291125,12,12.348100625821363
dec0_attn,Vag/Vg 850hPa,24,0.36188407242298126,0.36176059891780216,-0.0001234735051790873,-0.00014162355413039525,-9.876713156700135e-05,-0.03411962962403266,-0.01780737549681654,-0.020424979463698034,-0.014244216975991058,0.016280046603409353,-0.00535469135401573,share,14,True,0.22374486289557935,12,7.611931153044513
dec0_mlp,Vag/Vg 850hPa,24,0.36188407242298126,0.36177705476681393,-0.00010701765616734822,-0.0001327623302737872,-8.369113008181255e-05,-0.02957235875312652,-0.015434109409926617,-0.019147011851560508,-0.012069952796417167,0.01390678051651943,-0.004641048436870524,share,16,True,0.01425525000615648,12,11.662682544511672
dec1_attn,Vag/Vg 850hPa,24,0.36188407242298126,0.36169222990671795,-0.00019184251626332602,-0.00021033560236295064,-0.00017050082484881086,-0.053012146950500376,-0.027667568993042433,-0.030334645851299063,-0.024589665663058858,0.026140240099635247,-0.008319659036794238,share,6,True,-0.13451289605769032,12,15.730049229710712
dec1_mlp,Vag/Vg 850hPa,24,0.36188407242298126,0.3617682059605916,-0.0001158664623896281,-0.00015697628259658813,-8.697472512722022e-05,-0.03201756341854134,-0.01671028614816821,-0.022639153268042785,-0.01254351358071864,0.015182957254761025,-0.005024795752564513,share,15,True,0.05893102719030987,12,10.664365651538084
dec2_attn,Vag/Vg 850hPa,24,0.36188407242298126,0.36175113419691723,-0.00013293822606404623,-0.00016853461662928262,-0.00010688019295533498,-0.03673503096556953,-0.019172379580296394,-0.02430609869037688,-0.015414284435898642,0.017645050686889208,-0.005765149119974135,share,12,True,0.17443136103486198,12,8.435421597437722
dec2_mlp,Vag/Vg 850hPa,24,0.36188407242298126,0.3618012269337972,-8.284548918406169e-05,-0.00011744157721598943,-5.720804135004679e-05,-0.0228928254922558,-0.011947994284104153,-0.016937449547497787,-0.00825055603856164,0.010420665390696969,-0.0035927709674207363,share,17,True,0.010084590037889862,12,11.760386245571494
upsample,Vag/Vg 850hPa,24,0.36188407242298126,0.36273451646169025,0.0008504440387090048,0.0007151231790582339,0.0009580201158920923,0.23500455077088322,0.12265122233595904,0.10313521882688056,0.13816586734498573,0.12112389344255187,0.03688131583001836,share,3,True,0.46649020789406304,12,4.365605355432228
decoder_io,Vag/Vg 850hPa,24,0.36188407242298126,0.3625083193182945,0.0006242468953132629,0.0003860096757610639,0.0008134247114260982,0.17249913518813945,0.09002902162242939,0.05567039853377293,0.1173122869861435,0.08850169272902221,0.027071795266983605,share,4,True,0.2835237122262914,12,6.69852482769612
decoder_heads,Vag/Vg 850hPa,24,0.36188407242298126,0.3812419002254804,0.019357827802499134,0.018356315481166046,0.02028041910380125,5.349179275255063,2.7917900927963686,2.6473517702202045,2.9248464088744996,2.7902627639029616,0.8394934039997067,share,1,True,0.6308029605784831,12,2.7166767415523037
film,Vag/Vg 850hPa,24,0.36188407242298126,0.3618655080596606,-1.8564363320668537e-05,-3.072122732798258e-05,-7.670062283674885e-06,-0.0051299199758562284,-0.002677356474419286,-0.0044306220185373335,-0.0011061780336701903,0.0011500275810120992,-0.0008050831279294322,share,19,True,-0.6551018984226106,12,57.5857700875596
cond_embed,Vag/Vg 850hPa,24,0.36188407242298126,0.36337923755248386,0.0014951651295026143,0.001395861307779948,0.0015989611546198526,0.4131613528862412,0.21563303683800214,0.2013114182922289,0.230602521924368,0.21410570794459496,0.06484101816143677,share,2,True,0.24867695154599762,12,7.220343556662429
encoder_io,|Vag| 850hPa,24,3.8793203632036843,3.877915064493815,-0.0014052987098693848,-0.0027431334058443707,0.0003912647565205892,-0.03622538430182234,-0.008820846406993927,-0.01721823145279646,0.0024559094073734484,0.008186073701792541,-0.00486863987196202,share,17,False,0.6157540908335327,12,2.853745465449459
enc0_attn,|Vag| 850hPa,24,3.8793203632036843,3.8764963348706565,-0.0028240283330281577,-0.0031579722960789996,-0.0024577061335245773,-0.07279698680765752,-0.01772599661530733,-0.01982211211440155,-0.015426647847248188,0.017091223910105948,-0.009783810975681633,share,7,True,0.009161257153176327,12,11.782125829625604
enc0_mlp,|Vag| 850hPa,24,3.8793203632036843,3.877384841442108,-0.0019355217615763347,-0.0025727808475494384,-0.0014259244004885359,-0.04989332100373144,-0.012148975912634266,-0.016148954336689423,-0.008950310732060172,0.011514203207432882,-0.006705591028640851,share,11,True,0.5589866255648622,12,3.3946157115390023
enc1_attn,|Vag| 850hPa,24,3.8793203632036843,3.877536098162333,-0.0017842650413513184,-0.002042617897192637,-0.0014048372705777487,-0.045994268951734814,-0.011199560469668031,-0.012821202078089011,-0.008817950022695635,0.010564787764466647,-0.006181564005903341,share,12,True,-0.4779062495409484,12,33.96875557100227
enc1_mlp,|Vag| 850hPa,24,3.8793203632036843,3.8747521241505942,-0.004568239053090413,-0.004914681613445282,-0.004176826775074006,-0.11775874703263214,-0.028674142198200116,-0.030848709492878733,-0.026217306820819575,0.02803936949299873,-0.015826607284509072,share,5,True,-0.028436052675016196,12,12.702439881676781
enc2_attn,|Vag| 850hPa,24,3.8793203632036843,3.877371291319529,-0.0019490718841552734,-0.0022372514009475707,-0.0016854425271352132,-0.05024261215038344,-0.012234027972545336,-0.014042886998327012,-0.010579266568213971,0.011599255267343952,-0.0067525352594968845,share,10,True,-0.135237106297748,12,15.753272226159465
enc2_mlp,|Vag| 850hPa,24,3.8793203632036843,3.8771051168441772,-0.0022152463595072427,-0.0027329211433728537,-0.0019078299403190613,-0.05710398090653723,-0.01390476469780721,-0.017154130633449994,-0.011975158559551348,0.013269991992605826,-0.007674693413130725,share,8,True,0.06838021557675134,12,10.463912800036182
downsample,|Vag| 850hPa,24,3.8793203632036843,3.877655565738678,-0.0016647974650065105,-0.002435624599456787,-0.0010256007313728342,-0.042914668270182775,-0.010449680651126593,-0.015288045414132112,-0.006437539907213925,0.00981490794592521,-0.005767670076083211,share,14,True,0.07085367951620253,12,10.412025526067094
dec0_attn,|Vag| 850hPa,24,3.8793203632036843,3.8777888218561807,-0.0015315413475036621,-0.0017503157258033752,-0.0012308463454246523,-0.03947963055670038,-0.009613252255490898,-0.010986465776014743,-0.007725835430824355,0.008978479550289515,-0.005306005917210166,share,16,True,-0.04461326172317634,12,13.120717127900921
dec0_mlp,|Vag| 850hPa,24,3.8793203632036843,3.8775479594866433,-0.0017724037170410156,-0.002089451253414154,-0.0014748300115267445,-0.045688511159137676,-0.01112510873980453,-0.01311516793677284,-0.0092572838192612,0.010490336034603144,-0.006140470595608543,share,13,True,-0.10253855851785589,12,14.742095972796738
dec1_attn,|Vag| 850hPa,24,3.8793203632036843,3.8758334716161094,-0.003486891587575277,-0.0037796398003896075,-0.003201179703076681,-0.08988408435274664,-0.021886688513860133,-0.023724224550164607,-0.02009331844092443,0.02125191580865875,-0.012080292462558234,share,6,True,-0.11502604657750026,12,15.119442224467418
dec1_mlp,|Vag| 850hPa,24,3.8793203632036843,3.8777841528256736,-0.0015362103780110676,-0.0020924871166547137,-0.00118729571501414,-0.039599987476734426,-0.00964255905032829,-0.01313422358890541,-0.007452474743106516,0.009007786345126906,-0.005322181715232407,share,15,True,-0.09783958391527825,12,14.602807629442882
dec2_attn,|Vag| 850hPa,24,3.8793203632036843,3.8772780696551004,-0.0020422935485839844,-0.0025284444292386376,-0.0017017424106597903,-0.05264565329421218,-0.012819166191171051,-0.015870661377755335,-0.010681578459637787,0.012184393485969667,-0.0070755005544771024,share,9,True,0.2171094347755496,12,7.718851332728272
dec2_mlp,|Vag| 850hPa,24,3.8793203632036843,3.8779918352762857,-0.0013285279273986816,-0.001738816996415456,-0.0009856129686037704,-0.03424640924219867,-0.008338967874008042,-0.010914289999367336,-0.006186542798152317,0.007704195168806658,-0.004602668452566547,share,18,True,-0.016799063679561268,12,12.410066257481747
upsample,|Vag| 850hPa,24,3.8793203632036843,3.890641192595164,0.011320829391479492,0.009613017241160074,0.012563661237557729,0.2918250706711507,0.07105912540921959,0.060339448116293194,0.07886019200594035,0.07042435270401821,0.039220872382469796,share,3,True,0.42286444105450455,12,4.8673833624046905
decoder_io,|Vag| 850hPa,24,3.8793203632036843,3.888573090235392,0.009252727031707764,0.005852071940898896,0.01190786212682724,0.23851412529555882,0.05807796123296866,0.036732566102011026,0.0747438406644277,0.05744318852776728,0.03205595752318039,share,4,True,0.3727849092274166,12,5.482709664623901
decoder_heads,|Vag| 850hPa,24,3.8793203632036843,4.117239316304524,0.23791895310084024,0.2249544064203898,0.2485841582218806,6.133006063576509,1.4933811067188423,1.4120046177194427,1.5603249782324835,1.4927463340136409,0.824267248825607,share,1,True,0.7590483256529788,12,1.643741135475017
film,|Vag| 850hPa,24,3.8793203632036843,3.878825585047404,-0.0004947781562805176,-0.0007135103146235147,-0.00029695679744084683,-0.012754248423863393,-0.003105647284406692,-0.004478595796679347,-0.0018639526823318422,0.002470874579205308,-0.0017141527580759523,share,19,True,-0.4711639232697641,12,33.38268294476176
cond_embed,|Vag| 850hPa,24,3.8793203632036843,3.8977400263150535,0.018419663111368816,0.01746135006348292,0.01951487312714259,0.47481675620513036,0.11561742569952091,0.10960224035433165,0.12249189250483077,0.11498265299431952,0.06381469336185001,share,2,True,0.23151107602879625,12,7.488253469381555
encoder_io,Vag/Vg 500hPa,24,0.24617121616999307,0.24617513517538706,3.919005393981934e-06,-7.89760301510493e-05,8.948395649592082e-05,0.0015919836018828749,0.0013536986703355674,-0.027279816243179676,0.030909452972662125,0.0,7.337801967930597e-05,share,19,False,0.627049156142212,12,2.750629942186137
enc0_attn,Vag/Vg 500hPa,24,0.24617121616999307,0.24592341110110283,-0.0002478050688902537,-0.0003037850062052409,-0.0002035981665054957,-0.10066370583274545,-0.08559656303976411,-0.10493309338114488,-0.07032666188836574,0.0825485106027747,-0.004639811225976749,share,6,True,-0.11565251899746869,12,15.138653657714553
enc0_mlp,Vag/Vg 500hPa,24,0.24617121616999307,0.24611844246586165,-5.27737041314443e-05,-0.0001167767991622289,7.228304942448934e-06,-0.02143780452991771,-0.018229036689033994,-0.0403369176257586,0.0024967933967120844,0.015180984252044576,-0.0009881154810997541,share,18,False,0.01731245966917439,12,11.591571863579352
enc1_attn,Vag/Vg 500hPa,24,0.24617121616999307,0.24603147928913435,-0.00013973688085873923,-0.0001891082463165124,-9.907276059190433e-05,-0.056764102250786375,-0.04826776459807724,-0.06532156908517232,-0.03422160747359083,0.04521971216108782,-0.002616382107899867,share,13,True,-0.004656774933703511,12,12.112285486648526
enc1_mlp,Vag/Vg 500hPa,24,0.24617121616999307,0.24606295054157576,-0.00010826562841733296,-0.00017547734702626864,-4.532809058825175e-05,-0.0439798080790121,-0.03739699808952697,-0.06061319836615869,-0.015657180786837522,0.03434894565253755,-0.002027125919448558,share,15,True,-0.05254157130275957,12,13.330926690894614
enc2_attn,Vag/Vg 500hPa,24,0.24617121616999307,0.24601292361815771,-0.00015829255183537802,-0.00021173308293024698,-0.00010266055663426717,-0.0643018116813744,-0.05467724470923832,-0.07313661605795868,-0.03546090016235312,0.05162919227224891,-0.00296381168586814,share,12,True,0.14407965099771983,12,8.977560416418799
enc2_mlp,Vag/Vg 500hPa,24,0.24617121616999307,0.24600891644755998,-0.0001622997224330902,-0.00022086268290877342,-0.00010581761598587039,-0.06592960986999163,-0.05606139731037041,-0.07629015276158381,-0.0365514082420303,0.05301334487338099,-0.003038840478486999,share,11,True,0.06478162948305305,12,10.53983289667751
downsample,Vag/Vg 500hPa,24,0.24617121616999307,0.24596977358063063,-0.00020144258936246237,-0.00026282882317900657,-0.00015397472307085991,-0.08183027751845552,-0.06958208472682091,-0.09078605224928744,-0.053185784894908765,0.06653403228983149,-0.0037717371630025514,share,8,True,-0.11553903735403077,12,15.135171605766716
dec0_attn,Vag/Vg 500hPa,24,0.24617121616999307,0.2460035358866056,-0.00016768028338750204,-0.0002191518433392048,-0.00011337051788965861,-0.0681153085223866,-0.05791994494616382,-0.0756991963791203,-0.03916032357550591,0.05487189250917441,-0.003139584128445945,share,10,True,0.05223363518280943,12,10.808622721730778
dec0_mlp,Vag/Vg 500hPa,24,0.24617121616999307,0.24600007881720862,-0.0001711373527844747,-0.0002275467850267887,-0.00011516387263933821,-0.06951964386701333,-0.059114082176269726,-0.07859896819813285,-0.03977978226362335,0.05606602973928031,-0.0032043130279349147,share,9,True,0.09095416854504322,12,9.99909097190373
dec1_attn,Vag/Vg 500hPa,24,0.24617121616999307,0.2459106557071209,-0.0002605604628721873,-0.0003117700107395649,-0.0002134429290890694,-0.10584521900085092,-0.09000251764739622,-0.10769126514516866,-0.07372722929753998,0.0869544652104068,-0.004878638544780878,share,5,True,-0.03126506120399104,12,12.774578719983376
dec1_mlp,Vag/Vg 500hPa,24,0.24617121616999307,0.246058971931537,-0.00011224423845609029,-0.00017295653621355692,-5.324352532625201e-05,-0.04559600435925061,-0.0387712853327954,-0.05974246257932473,-0.018391321825891246,0.03572323289580598,-0.0021016199546362944,share,14,True,0.16829181869728163,12,8.54281269106335
dec2_attn,Vag/Vg 500hPa,24,0.24617121616999307,0.24596481770277023,-0.00020639846722284952,-0.00026399297639727597,-0.00015575991322596877,-0.08384346083756658,-0.07129393878046768,-0.09118817281438239,-0.053802423377463035,0.06824588634347827,-0.0038645292024639295,share,7,True,0.006343267925981373,12,11.848721171914521
dec2_mlp,Vag/Vg 500hPa,24,0.24617121616999307,0.24606731285651526,-0.00010390331347783406,-0.000151430598149697,-5.4828356951475143e-05,-0.04220774268185921,-0.035890171908003254,-0.05230699597355784,-0.01893875267838887,0.032842119471013835,-0.0019454475344253001,share,16,True,0.04328489708245372,12,11.004262850076714
upsample,Vag/Vg 500hPa,24,0.24617121616999307,0.24729149788618088,0.001120281716187795,0.0010183607848982016,0.001222888504465421,0.4550823340021144,0.3869665175591378,0.35176109799580835,0.42240884511299104,0.3839184651221484,0.020975743984182338,share,4,True,-0.1862396219527193,12,17.492711426416445
decoder_io,Vag/Vg 500hPa,24,0.24617121616999307,0.24858267232775688,0.002411456157763799,0.00217953793083628,0.002581161540001631,0.9795849390038243,0.8329626183598001,0.7528536713549131,0.891582070794573,0.8299145659228108,0.045151220682650414,share,2,True,-0.23249942190360062,12,19.270334752745374
decoder_heads,Vag/Vg 500hPa,24,0.24617121616999307,0.2924148067831993,0.04624359061320623,0.04420810546725988,0.048736986704170704,18.785133100724824,15.973411830656998,15.270316718875154,16.83467805349549,15.970363778220008,0.8658480305406944,share,1,True,0.36940772473161504,12,5.525824899741725
film,Vag/Vg 500hPa,24,0.24617121616999307,0.24607655157645544,-9.466459353764851e-05,-0.00015375294412175815,-3.647680083910624e-05,-0.038454777536736075,-0.0326989431034099,-0.05310917824645441,-0.01259977770630776,0.02965089066642048,-0.0017724651306185713,share,17,True,0.10959181003547394,12,9.629575653800755
cond_embed,Vag/Vg 500hPa,24,0.24617121616999307,0.24843649566173553,0.002265279491742452,0.002055885797987382,0.0025321741898854575,0.9202048586290315,0.7824704300277684,0.7101418832877793,0.8746609124778838,0.779422377590779,0.04241426239919387,share,3,True,0.5359282807331729,12,3.625729600176148
encoder_io,|Vag| 500hPa,24,4.240131159623464,4.24070547024409,0.0005743106206258138,-0.0012090161442756652,0.002469011147816975,0.01354464281894559,0.005033090120366899,-0.010595463487140713,0.02163769077021802,0.0038356722570249227,0.0005607852802031476,share,18,False,0.691414366359227,12,2.1893083547942487
enc0_attn,|Vag| 500hPa,24,4.240131159623464,4.235215763250987,-0.004915396372477214,-0.005962081253528595,-0.004108270009358724,-0.1159255737012087,-0.043077094574786236,-0.05224993440180636,-0.036003675455925616,0.04187967671144426,-0.0047996360036760095,share,6,True,-0.18230029497066663,12,17.350628173626465
enc0_mlp,|Vag| 500hPa,24,4.240131159623464,4.239993075529735,-0.00013808409372965494,-0.0013904174168904622,0.001122638086477915,-0.0032565995845731627,-0.001210128566268247,-0.01218521112583949,0.009838471480194014,1.2710702926270637e-05,-0.00013483213510730906,share,19,False,0.08878725964275296,12,10.042873653641715
enc1_attn,|Vag| 500hPa,24,4.240131159623464,4.23790830373764,-0.002222855885823568,-0.003123159209887187,-0.001398724317550661,-0.052424224679431,-0.019480458128646256,-0.027370452850910686,-0.012258010370955585,0.01828304026530428,-0.0021705063706195307,share,14,True,-0.03773997522776035,12,12.941283418357356
enc1_mlp,|Vag| 500hPa,24,4.240131159623464,4.237490216890971,-0.0026409427324930825,-0.003946953515211742,-0.0013354321320851656,-0.06228445850075086,-0.023144448836557436,-0.03458994493487297,-0.011703336189559304,0.02194703097321546,-0.002578747035232927,share,13,True,-0.03519141492390042,12,12.87540054186706
enc2_attn,|Vag| 500hPa,24,4.240131159623464,4.237357437610626,-0.002773722012837728,-0.003846891721089681,-0.0016801555951436362,-0.06541594843221886,-0.024308087571574804,-0.03371303266939345,-0.014724391684384793,0.023110669708232827,-0.0027083992883152504,share,11,True,0.1556093136731754,12,8.768264599490395
enc2_mlp,|Vag| 500hPa,24,4.240131159623464,4.237164258956909,-0.002966900666554769,-0.004155470430850983,-0.0018153851230939245,-0.06997190782226272,-0.026001048729823173,-0.0364173261295471,-0.015909503671982753,0.024803630866481196,-0.0028970284753150155,share,10,True,0.06424035049561062,12,10.55129679007504
downsample,|Vag| 500hPa,24,4.240131159623464,4.236019551753998,-0.0041116078694661455,-0.005438939730326334,-0.0030838876962661745,-0.09696888409063432,-0.036032927484577856,-0.047665275268890014,-0.02702628880427963,0.03483550962123588,-0.004014777175201002,share,7,True,-0.049287456921428725,12,13.244223582328955
dec0_attn,|Vag| 500hPa,24,4.240131159623464,4.237425406773885,-0.0027057528495788574,-0.003777875006198883,-0.0015818124016125999,-0.06381295171584117,-0.02371242572622176,-0.033108190388262494,-0.013862540731276822,0.02251500786287978,-0.0026420308373509187,share,12,True,0.09054530534932556,12,10.00733878938874
dec0_mlp,|Vag| 500hPa,24,4.240131159623464,4.237006803353627,-0.0031243562698364258,-0.004329455892244975,-0.0019479990005493164,-0.07368536849963571,-0.02738094353380531,-0.037942083770064645,-0.017071692864508856,0.026183525670463333,-0.003050775909951767,share,9,True,0.10851428153253256,12,9.650600628094525
dec1_attn,|Vag| 500hPa,24,4.240131159623464,4.234876771767934,-0.005254387855529785,-0.006319458285967508,-0.004221233725547791,-0.12392040853746587,-0.04604791667517023,-0.055381882073702655,-0.036993656388703035,0.04485049881182826,-0.0051306440452876505,share,5,True,-0.008546683414912977,12,12.206888613439126
dec1_mlp,|Vag| 500hPa,24,4.240131159623464,4.238219857215881,-0.0019113024075826008,-0.0031753594676653544,-0.0007342050472895308,-0.04507649258077031,-0.016750094668552387,-0.027827920625784167,-0.006434358058379173,0.01555267680521041,-0.0018662901532644639,share,15,True,0.18762842320908993,12,8.208340867381414
dec2_attn,|Vag| 500hPa,24,4.240131159623464,4.236422459284465,-0.00370870033899943,-0.004850613574186961,-0.002698202431201935,-0.08746664193587761,-0.032501963859347095,-0.04250935709904689,-0.02364625607033743,0.031304545996005115,-0.0036213583452958053,share,8,True,0.02066850398876712,12,11.514000781064691
dec2_mlp,|Vag| 500hPa,24,4.240131159623464,4.238357901573181,-0.0017732580502827962,-0.0027176032463709513,-0.0008223240574200958,-0.041820830147156735,-0.015540314340720476,-0.023816279133898118,-0.0072066072618178515,0.0143428964773785,-0.0017314968187715743,share,16,True,0.0652402266425654,12,10.530129260742843
upsample,|Vag| 500hPa,24,4.240131159623464,4.261718014876048,0.02158685525258382,0.019493698080380758,0.0232851227124532,0.5091081959479007,0.18918087877806947,0.17083706219966363,0.20406399754173624,0.1879834609147275,0.021078472583936907,share,4,True,-0.25052471111954216,12,20.022403348148313
decoder_io,|Vag| 500hPa,24,4.240131159623464,4.286085605621338,0.04595444599787394,0.04155248800913493,0.04920513083537419,1.0837977474723879,0.40273130921172706,0.36415383829668435,0.431219359323391,0.4015338913483851,0.04487219276463408,share,2,True,-0.1590547193125877,12,16.539312308622183
decoder_heads,|Vag| 500hPa,24,4.240131159623464,5.129482348759969,0.8893511891365051,0.8355637858311336,0.944188945988814,20.97461506864052,7.794013418560667,7.322636365004768,8.27459546305722,7.792816000697324,0.8684064648768932,share,1,True,0.6188071122842926,12,2.8257317489380744
film,|Vag| 500hPa,24,4.240131159623464,4.238414903481801,-0.0017162561416625977,-0.0028983434041341145,-0.0005702753861745206,-0.04047648709562575,-0.015040766303796218,-0.02540023295561235,-0.004997726507156966,0.013843348440454243,-0.0016758373373869887,share,17,True,0.12887631408995487,12,9.260079337697531
cond_embed,|Vag| 500hPa,24,4.240131159623464,4.282512267430623,0.042381107807159424,0.03927967647711436,0.0460300808151563,0.9995235102803517,0.3714156195857592,0.3442355835118372,0.40339415060442985,0.3702182017224172,0.041383008712357866,share,3,True,0.40535127700743495,12,5.077580810333606
encoder_io,Vag/Vg 250hPa,24,0.2796304573615392,0.2799209877848625,0.0002905304233233134,0.00015884364644686382,0.0004513585940003395,0.10389798953398037,0.056315171358916775,0.03078957124905176,0.0874894142743955,0.05470066479212044,0.00732533583679147,share,5,True,0.2726797216452757,12,6.857847415824025
enc0_attn,Vag/Vg 250hPa,24,0.2796304573615392,0.27946406851212185,-0.00016638884941736856,-0.00023773318777481716,-8.601465572913492e-05,-0.05950312100739493,-0.03225210103633303,-0.046081181633572686,-0.016672712005014204,0.0306375944695367,-0.004195272176790799,share,8,True,0.5155054766066056,12,3.836300409642077
enc0_mlp,Vag/Vg 250hPa,24,0.2796304573615392,0.2796742270390193,4.376967748006185e-05,-1.8266774713993072e-05,0.00011327310154835376,0.015652686010333726,0.008484126582747487,-0.0035407532761155096,0.021956372248674052,0.006869620015951157,0.0011035938451536794,share,17,False,0.4795464674419586,12,4.221187051660816
enc1_attn,Vag/Vg 250hPa,24,0.2796304573615392,0.2795656199256579,-6.48374358812968e-05,-0.0001435916249950727,2.298299223184577e-05,-0.023186828964581397,-0.012567810525180925,-0.027833184816944263,0.004454924654953298,0.010953303958384597,-0.0016347891804032628,share,16,False,0.5510035705987627,12,3.47385219154256
enc1_mlp,Vag/Vg 250hPa,24,0.2796304573615392,0.27948661396900815,-0.00014384339253107706,-0.00021246764808893203,-5.7988738020261164e-05,-0.05144053115254873,-0.02788198635645436,-0.041183817768505965,-0.011240288301456828,0.026267479789658026,-0.0036268186516940503,share,10,True,0.5628800453136488,12,3.3562649110306646
enc2_attn,Vag/Vg 250hPa,24,0.2796304573615392,0.2795250068108241,-0.00010545055071512859,-0.00018868725746870043,-7.724637786547365e-06,-0.037710681343552536,-0.020440082541049606,-0.036574328829476636,-0.0014973106625424829,0.01882557597425328,-0.00265879452253888,share,12,True,0.5669241187079299,12,3.316631937346246
enc2_mlp,Vag/Vg 250hPa,24,0.2796304573615392,0.27951978892087936,-0.0001106684406598409,-0.00019250915696223577,-1.1997359494368265e-05,-0.03957667619759878,-0.021451495951759575,-0.0373151494376354,-0.002325516715431916,0.019836989384963245,-0.002790356634923576,share,11,True,0.5405035991204061,12,3.5793209530334593
downsample,Vag/Vg 250hPa,24,0.2796304573615392,0.2794806510210037,-0.00014980634053548178,-0.00022586484750111897,-5.306682238976161e-05,-0.05357296982202282,-0.029037818626380413,-0.04378067345059502,-0.010286245282570444,0.027423312059584082,-0.0037771664060184938,share,9,True,0.22422904948088085,12,7.604174570254563
dec0_attn,Vag/Vg 250hPa,24,0.2796304573615392,0.27952728420495987,-0.00010317315657933553,-0.00018294652303059897,-1.829098910093309e-05,-0.03689625141439479,-0.01999864222804578,-0.03546156948431178,-0.0035454468890400354,0.01838413566124945,-0.0026013730770097195,share,13,True,0.422345088521354,12,4.873542288496244
dec0_mlp,Vag/Vg 250hPa,24,0.2796304573615392,0.2795419742663701,-8.848309516906738e-05,-0.00017183522383371988,8.918096621831206e-06,-0.03164286752020937,-0.017151183720502013,-0.033307802897202594,0.001728645605196764,0.015536677153705682,-0.0022309828367643716,share,15,False,0.5575420969489423,12,3.408893311463891
dec1_attn,Vag/Vg 250hPa,24,0.2796304573615392,0.27944349745909375,-0.00018695990244547525,-0.0002683535218238831,-9.375574688116717e-05,-0.06685963475135738,-0.03623950573928908,-0.052016495874730326,-0.018173211917364374,0.034624999172492746,-0.004713943750747218,share,7,True,0.5137605682290063,12,3.8545548772474083
dec1_mlp,Vag/Vg 250hPa,24,0.2796304573615392,0.27961648007233936,-1.3977289199829102e-05,-0.00010568251212437947,8.226434389750159e-05,-0.004998485977426134,-0.002709297798893716,-0.020485044945885544,0.015945767642245097,0.0010947912320973864,-0.00035241864278965653,share,19,False,0.5162273498514592,12,3.828760774135367
dec2_attn,Vag/Vg 250hPa,24,0.2796304573615392,0.2794273520509402,-0.0002031053105990092,-0.000281921774148941,-0.00010556609680255265,-0.0726334722316785,-0.0393690624185016,-0.0546465077199144,-0.020462479499133056,0.037754555851705264,-0.005121028611581539,share,6,True,0.5283127612647062,12,3.703591966437269
dec2_mlp,Vag/Vg 250hPa,24,0.2796304573615392,0.2795405015349388,-8.995582660039265e-05,-0.0001655879740913709,1.8355126182237978e-06,-0.032169538128705044,-0.017436651665552468,-0.03209686279758068,0.00035578789458374957,0.015822145098756138,-0.002268115788998605,share,14,False,0.4713404730717321,12,4.311656234056392
upsample,Vag/Vg 250hPa,24,0.2796304573615392,0.281210554142793,0.0015800967812538147,0.0015003389989336332,0.0016372228662172954,0.5650660504448839,0.30627918405969223,0.2908192775645648,0.3173522593919867,0.30466467749289594,0.03984002585655756,share,3,True,-0.4811425285835454,12,34.25547731727022
decoder_io,Vag/Vg 250hPa,24,0.2796304573615392,0.2819640686114629,0.002333611249923706,0.00174821304778258,0.0029548526431123416,0.8345340031778221,0.45233719732787775,0.33886612022111773,0.5727559648789001,0.4507226907610814,0.058838884832320845,share,2,True,0.4603760094771087,12,4.434123708039588
decoder_heads,Vag/Vg 250hPa,24,0.2796304573615392,0.31540021548668545,0.03576975812514623,0.03432474285364151,0.03744903734574715,12.791796166502305,6.933456521498047,6.653360958010428,7.2589608042711085,6.9318420149312505,0.9018865840976128,share,1,True,0.16682130477311388,12,8.56870225271277
film,Vag/Vg 250hPa,24,0.2796304573615392,0.27960067987442017,-2.97774871190389e-05,-0.00010754745453596115,6.346864004929858e-05,-0.010648871156599031,-0.005771940406669449,-0.020846537385408336,0.012302489010991107,0.004157433839873119,-0.0007507994895252278,share,18,False,0.5539224622235105,12,3.444786071023361
cond_embed,Vag/Vg 250hPa,24,0.2796304573615392,0.2809375350673993,0.001307077705860138,0.0011125455300013225,0.001575721055269241,0.46743037871950904,0.2533583372885508,0.21565105454342895,0.3054310120995161,0.2517438307217545,0.03295621522415662,share,4,True,0.5629819223665601,12,3.3552639711026506
encoder_io,|Vag| 250hPa,24,7.755388617515564,7.759605447451274,0.004216829935709636,-0.00011557042598724359,0.009491270780563353,0.054372903070078464,0.01978373841916159,-0.0005422118301144931,0.04452937900055422,0.01885118832191008,0.0033790428321460874,share,10,False,0.39825190437704566,12,5.164289156246541
enc0_attn,|Vag| 250hPa,24,7.755388617515564,7.749760270118713,-0.005628347396850586,-0.007929016153017679,-0.0029203206300735494,-0.07257337671176077,-0.026406033520230736,-0.0371998832972168,-0.013701017192132396,0.02547348342297923,-0.004510124244542368,share,7,True,0.5566866824382263,12,3.417360648585357
enc0_mlp,|Vag| 250hPa,24,7.755388617515564,7.757189393043518,0.0018007755279541016,-0.0003069500128428141,0.004267767071723933,0.023219668501034824,0.008448543702219797,-0.0014400909817148188,0.02002271580029672,0.007515993604968289,0.0014430028558914095,share,17,False,0.5284522623872409,12,3.702158706949189
enc1_attn,|Vag| 250hPa,24,7.755388617515564,7.753341436386108,-0.0020471811294555664,-0.004544313748677572,0.0007254133621851582,-0.026396886480092085,-0.009604583675242988,-0.021320166065295007,0.0034033594956493192,0.00867203357799148,-0.0016404533327302512,share,16,False,0.5624559952738569,12,3.3604325962430956
enc1_mlp,|Vag| 250hPa,24,7.755388617515564,7.751025319099426,-0.004363298416137695,-0.006719177961349488,-0.0014967779318491622,-0.056261505790737236,-0.020470911994482262,-0.03152378948304997,-0.007022304320246252,0.019538361897230752,-0.003496411394898542,share,9,True,0.6211244948588298,12,2.8045385015849504
enc2_attn,|Vag| 250hPa,24,7.755388617515564,7.752271890640259,-0.0031167268753051758,-0.005838050444920857,8.526841799417723e-05,-0.040187887790252584,-0.014622479484611189,-0.02738987927924282,0.0004000465047753097,0.013689929387359679,-0.002497504942888978,share,12,False,0.6017383802466052,12,2.9837203728020407
enc2_mlp,|Vag| 250hPa,24,7.755388617515564,7.751964886983235,-0.0034237305323282876,-0.006146352489789327,-0.00021071930726369395,-0.044146472874302956,-0.016062822144114038,-0.02883631347335598,-0.0009886136548853499,0.015130272046862528,-0.002743514035625132,share,11,True,0.5611638017984487,12,3.373146605341595
downsample,|Vag| 250hPa,24,7.755388617515564,7.7501494487126665,-0.005239168802897136,-0.007852054635683696,-0.0020984013875325522,-0.06755520659615252,-0.024580157775062356,-0.036838809563988086,-0.009844889355814977,0.023647607677810847,-0.004198266484477924,share,8,True,0.36972493900855075,12,5.521766098069254
dec0_attn,|Vag| 250hPa,24,7.755388617515564,7.7527302503585815,-0.002658367156982422,-0.005329984426498412,0.0002747098604838048,-0.03427767824527185,-0.01247203260687816,-0.025006229627400015,0.001288832631108081,0.01153948250962665,-0.002130210756413242,share,15,False,0.4915185128539172,12,4.09098364731502
dec0_mlp,|Vag| 250hPa,24,7.755388617515564,7.752533038457234,-0.002855579058329264,-0.005562941233317058,0.00030159652233123675,-0.03682057984663634,-0.013397274726877207,-0.02609917304682384,0.0014149744706092584,0.012464724629625697,-0.0022882411896580687,share,13,False,0.5727996831303431,12,3.2594130437722377
dec1_attn,|Vag| 250hPa,24,7.755388617515564,7.749282876650493,-0.006105740865071614,-0.008834108710289001,-0.002943519751230877,-0.07872901238349014,-0.028645779405717046,-0.041446228222477,-0.013809858514056318,0.027713229308465537,-0.004892670612667161,share,6,True,0.5587362300734872,12,3.397088703627882
dec1_mlp,|Vag| 250hPa,24,7.755388617515564,7.754869818687439,-0.000518798828125,-0.0034759432077407838,0.0026340673367182413,-0.006689527162485341,-0.00243400385224815,-0.0163077838637646,0.012358027229599817,0.0015014537549966418,-0.0004157254355116784,share,19,False,0.5526702990601822,12,3.4572416401131596
dec2_attn,|Vag| 250hPa,24,7.755388617515564,7.749039212862651,-0.006349404652913411,-0.009029807647069295,-0.0030534346898396826,-0.08187087670337068,-0.02978895584735198,-0.04236437209671361,-0.014325536980332638,0.02885640575010047,-0.00508792401114737,share,5,True,0.5812246437951876,12,3.178109001891236
dec2_mlp,|Vag| 250hPa,24,7.755388617515564,7.752565224965413,-0.0028233925501505532,-0.005429226160049438,0.00032471021016438397,-0.03640555863021376,-0.013246268054058503,-0.025471833535257688,0.0015234149723522318,0.012313717956806993,-0.002262449400230644,share,14,False,0.5412589686419598,12,3.571685542986313
upsample,|Vag| 250hPa,24,7.755388617515564,7.804654637972514,0.04926602045694987,0.0458774079879125,0.05128532747427623,0.635248894500044,0.23113715196800716,0.21523909022175777,0.24061096106816932,0.23020460187075564,0.0394779955159382,share,3,True,-0.31104377378721976,12,22.835304605531988
decoder_io,|Vag| 250hPa,24,7.755388617515564,7.831260323524475,0.07587170600891113,0.05744212567806244,0.09448351363341013,0.9783095309699207,0.35596075914387715,0.2694962817996947,0.4432801766126019,0.35502820904662563,0.06079774339037036,share,2,True,0.46331087905543394,12,4.401162831162701
decoder_heads,|Vag| 250hPa,24,7.755388617515564,8.889757871627808,1.1343692541122437,1.0883798042933146,1.1785394837458927,14.626852502919943,5.322022689141097,5.106257941894837,5.529252357472351,5.321090139043845,0.9089961785404145,share,1,True,0.17109301432841598,12,8.493675315588169
film,|Vag| 250hPa,24,7.755388617515564,7.754194498062134,-0.0011941194534301758,-0.003762837251027425,0.001884878675142924,-0.015397287129277496,-0.005602347561573925,-0.01765377997765421,0.008843123206155115,0.004669797464322416,-0.0009568753877574639,share,18,False,0.5963504980918086,12,3.03429229902099
cond_embed,|Vag| 250hPa,24,7.755388617515564,7.795373638470967,0.03998502095540365,0.03489360908667247,0.04653619527816772,0.5155772705586588,0.18759428464673827,0.16370734537460913,0.21832986590467238,0.18666173454948676,0.03204091711368256,share,4,True,0.4514791598033067,12,4.534856761741102
encoder_io,div/vort 850hPa,24,0.41485905398925144,0.41436214248339337,-0.0004969115058581034,-0.0006336748600006103,-0.00040304865688085557,-0.1197783924636192,-0.06704381637842083,-0.08549607013856114,-0.054379743324368755,0.06443474928202116,-0.09770358749370835,share,4,True,-0.11914287838638753,12,15.246189434258312
enc0_attn,div/vort 850hPa,24,0.41485905398925144,0.4149433299899101,8.427600065867107e-05,3.017683823903402e-05,0.00012568508585294086,0.02031436938600708,0.011370605523634355,0.0040714903517586,0.016957562298500782,0.008761538427234683,0.016570490936318925,share,12,True,0.17349011143060347,12,8.451812730438407
enc0_mlp,div/vort 850hPa,24,0.41485905398925144,0.41486210624376935,3.0522545178731284e-06,-3.5297125577926636e-05,3.94658495982488e-05,0.0007357328925385366,0.00041181334910551725,-0.004762324836584348,0.0053247734103362325,0.0,0.0006001394872616244,share,19,False,-0.25128125999350054,12,20.054760643217858
enc1_attn,div/vort 850hPa,24,0.41485905398925144,0.4146776149670283,-0.0001814390222231547,-0.0002367268626888593,-0.00010436065495014193,-0.04373510002456294,-0.02447994129015604,-0.031939434138366724,-0.014080447937156477,0.021870874193756364,-0.03567484989493286,share,6,True,0.3906244743064846,12,5.258433490442479
enc1_mlp,div/vort 850hPa,24,0.41485905398925144,0.41447607924540836,-0.0003829747438430786,-0.0004231596365571022,-0.0003143897900978725,-0.09231442345549028,-0.05167135013194906,-0.0570931375861419,-0.04241779695194051,0.04906228303554938,-0.07530114708923193,share,5,True,-0.4833643196510203,12,34.45439893696145
enc2_attn,div/vort 850hPa,24,0.41485905398925144,0.4148719583948453,1.290440559387207e-05,-1.0654330253601074e-05,4.073058565457659e-05,0.0031105517572255783,0.0017410758030531063,-0.0014374933015969642,0.005495412912396427,0.0,0.002537286229301383,share,18,False,-0.07978369563130228,12,14.080824569246124
enc2_mlp,div/vort 850hPa,24,0.41485905398925144,0.41489939391613007,4.0339926878611244e-05,1.266182710727056e-05,6.714003781477603e-05,0.009723766780718833,0.005442704824671209,0.0017083468617399402,0.009058603622230193,0.0028336377282715355,0.007931705200643256,share,15,True,0.08014075355860895,12,10.219326435865053
downsample,div/vort 850hPa,24,0.41485905398925144,0.41496990869442624,0.00011085470517476399,3.152843564748764e-05,0.0002024556199709574,0.026721052393287315,0.014956631937082073,0.004253849277647086,0.027315522482564927,0.012347564840682399,0.021796441133775313,share,8,True,0.08699893825461326,12,10.079138401493413
dec0_attn,div/vort 850hPa,24,0.41485905398925144,0.41487320015827817,1.4146169026692709e-05,-1.324322074651718e-05,4.5668333768844584e-05,0.003409873519853136,0.0019086158148942443,-0.0017867890952839606,0.00616161901548153,0.0,0.0027814438726136794,share,17,False,-0.1437923737600219,12,16.0305842467155
dec0_mlp,div/vort 850hPa,24,0.41485905398925144,0.414905180533727,4.612654447555542e-05,1.4225517710049947e-05,7.006525993347168e-05,0.011118606194563252,0.006223441279850913,0.001919321621650893,0.009453277628124371,0.003614374183451239,0.009069479818478558,share,14,True,0.03514580164864661,12,11.185139679623777
dec1_attn,div/vort 850hPa,24,0.41485905398925144,0.4148363371690114,-2.2716820240020752e-05,-8.351355791091919e-05,2.587828785181044e-05,-0.005475792325508538,-0.0030649769766217787,-0.011267735956363895,0.0034915254697687223,0.0004559098802221052,-0.004466619926755148,share,16,False,0.3663038747509109,12,5.5656385402371855
dec1_mlp,div/vort 850hPa,24,0.41485905398925144,0.4150341401497523,0.00017508616050084433,0.00013033195088307063,0.0002097487449645996,0.04220376988696037,0.02362280658957678,0.0175845221538121,0.028299518480110305,0.021013739493177103,0.03442573939174715,share,7,True,-0.23028863911411027,12,19.18051937336289
dec2_attn,div/vort 850hPa,24,0.41485905398925144,0.4147985950112343,-6.0458978017171226e-05,-9.195121626059214e-05,-2.4759334822495787e-05,-0.014573377978810524,-0.008157188096521328,-0.012406153582823246,-0.003340555165098676,0.005548121000121654,-0.011887547337589082,share,13,True,0.4063052237344257,12,5.065996481381406
dec2_mlp,div/vort 850hPa,24,0.41485905398925144,0.4149501125017802,9.105851252873738e-05,4.719694455464681e-05,0.00013402098168929414,0.021949264853478794,0.01228570906831065,0.006367860770057974,0.018082250020989746,0.009676641971910977,0.017904079984090687,share,11,True,0.6197620788010896,12,2.8169909112604024
upsample,div/vort 850hPa,24,0.41485905398925144,0.4149623438715935,0.00010328988234202068,4.3781536320845285e-05,0.0001522376512487729,0.02489758421536024,0.01393597818494586,0.0059070503444895155,0.02054006199469924,0.011326911088546188,0.020309032770716808,share,10,True,0.043849275105422365,12,10.991825134501479
decoder_io,div/vort 850hPa,24,0.41485905398925144,0.4173041681448619,0.0024451141556104026,0.0023105993866920473,0.0025542059292395906,0.5893843058499942,0.3298973409559823,0.3117484686492839,0.34461611633825345,0.3272882738595826,0.48076251408637005,share,1,True,0.16872379827496697,12,8.535219728924774
decoder_heads,div/vort 850hPa,24,0.41485905398925144,0.4172690063714981,0.002409952382246653,0.002278307142357032,0.0025512101128697395,0.5809087108194323,0.3251532779806886,0.30739156551035335,0.34421191768268616,0.3225442108842889,0.473848946258339,share,2,True,0.023636216241700467,12,11.445829308498334
film,div/vort 850hPa,24,0.41485905398925144,0.4149648919701576,0.00010583798090616862,7.548810293277105e-05,0.00013756460199753438,0.025511792472271987,0.014279770289243876,0.010184933236835213,0.0185603589527808,0.011670703192844203,0.020810044254793637,share,9,True,-0.14321401397668906,12,16.011662645643487
cond_embed,div/vort 850hPa,24,0.41485905398925144,0.41535671055316925,0.0004976565639177958,0.0004165713985761007,0.0005716086054841675,0.11995798552119573,0.06714434038552551,0.056204245676318154,0.07712202662771321,0.06453527328912584,0.09785008207969573,share,3,True,0.18824948000949807,12,8.197778668338369
encoder_io,div/vort 500hPa,24,0.2616232559084892,0.2628423944115639,0.001219138503074646,0.0010090846568346025,0.001331823815902074,0.4659901119421422,0.27097289151592,0.22428508865664143,0.2960189916687872,0.2655222455001209,0.1237902255110336,share,3,True,-0.05129292784714795,12,13.29758732117179
enc0_attn,div/vort 500hPa,24,0.2616232559084892,0.26153672983249027,-8.652607599894206e-05,-0.00014216620475053786,-4.110448062419901e-05,-0.03307277699701407,-0.01923179437432959,-0.03159869652212834,-0.00913612353387984,0.013781148358530435,-0.008785779821965024,share,12,True,0.26286758308152613,12,7.004367774994702
enc0_mlp,div/vort 500hPa,24,0.2616232559084892,0.26160354912281036,-1.9706785678863525e-05,-8.66912305355072e-05,2.974544962247211e-05,-0.0075325053235162625,-0.004380146049377305,-0.019268502592638802,0.006611398518966212,0.0,-0.0020010092677179236,share,15,False,0.1346200318256436,12,9.15245573567316
enc1_attn,div/vort 500hPa,24,0.2616232559084892,0.2617581362525622,0.0001348803440729777,8.962824940681457e-05,0.0001763227085272471,0.05155518136360027,0.02997929829132721,0.01992130167493163,0.03919052187183813,0.02452865227552805,0.013695628648993123,share,10,True,-0.1959675674592605,12,17.849542168541745
enc1_mlp,div/vort 500hPa,24,0.2616232559084892,0.26192111770311993,0.00029786179463068646,0.00019855418552954993,0.0003580370297034581,0.11385142104296446,0.06620451372804878,0.04413182065847388,0.0795794152705692,0.06075386771224962,0.0302446183394769,share,6,True,-0.08771891596887005,12,14.307681283876146
enc2_attn,div/vort 500hPa,24,0.2616232559084892,0.26162976026535034,6.504356861114502e-06,-3.091264516115189e-05,4.428612689177193e-05,0.002486153930975311,0.001445696597771791,-0.006870826261821427,0.009843294939532904,0.0,0.0006604465371333639,share,18,False,0.26972073011538644,12,6.901794253464689
enc2_mlp,div/vort 500hPa,24,0.2616232559084892,0.26161495596170425,-8.299946784973145e-06,-4.317859808603922e-05,1.7555678884188307e-05,-0.003172480502985677,-0.0018447949712689293,-0.009597129075548055,0.0039020284059408587,0.0,-0.0008427691206948079,share,17,False,0.20389675104400104,12,7.935264364811652
downsample,div/vort 500hPa,24,0.2616232559084892,0.26113422711690265,-0.000489028791586558,-0.0005658790469169617,-0.00042212152232726414,-0.18692099442322163,-0.10869441442178143,-0.12577560400614582,-0.09382321138053436,0.10324376840598228,-0.049655543024205245,share,5,True,0.13971390812403933,12,9.057916226980002
dec0_attn,div/vort 500hPa,24,0.2616232559084892,0.2616210803389549,-2.175569534301758e-06,-3.073811531066894e-05,2.9322939614454895e-05,-0.0008315658050913983,-0.0004835548757724662,-0.006832034231119473,0.006517488960472159,0.0,-0.00022090537095411484,share,19,False,0.2690228847483174,12,6.912188494346869
dec0_mlp,div/vort 500hPa,24,0.2616232559084892,0.2616377795735995,1.4523665110270182e-05,-1.5529183049996693e-05,4.4916756451129886e-05,0.00555136624220833,0.0032281151980792034,-0.0034516075272211866,0.00998346237312939,0.0,0.001474719873675415,share,16,False,0.21699692630503278,12,7.720674293621467
dec1_attn,div/vort 500hPa,24,0.2616232559084892,0.26143549879391986,-0.0001877571145693461,-0.000218518761297067,-0.0001631128912170728,-0.07176621738666072,-0.04173200018638609,-0.04856926464861053,-0.036254430210466156,0.03628135417058693,-0.019064688298518304,share,8,True,-0.26283654075756696,12,20.557229606394603
dec1_mlp,div/vort 500hPa,24,0.2616232559084892,0.2617846702535947,0.0001614143451054891,0.00011890660971403122,0.00020966560890277224,0.06169724650240908,0.0358769013652462,0.02642888217647672,0.046601510946087804,0.030426255349447037,0.016389867214374132,share,9,True,-0.006664535798456734,12,12.161021996019773
dec2_attn,div/vort 500hPa,24,0.2616232559084892,0.26157992829879123,-4.33276096979777e-05,-6.184279918670654e-05,-3.051428745190303e-05,-0.016561069675370473,-0.009630249272518772,-0.013745544146786911,-0.006782284935253044,0.004179603256719614,-0.004399446463088456,share,13,True,-0.05005275443840092,12,13.264560860757532
dec2_mlp,div/vort 500hPa,24,0.2616232559084892,0.26159703234831494,-2.6223560174306233e-05,-6.528416027625401e-05,-5.766749382019043e-06,-0.010023405634657619,-0.005828602663563322,-0.014510441295743547,-0.0012817516227667425,0.0003779566477641636,-0.002662716680256277,share,14,True,0.15007754047995878,12,8.868158150435791
upsample,div/vort 500hPa,24,0.2616232559084892,0.2618808224797249,0.00025756657123565674,0.00018954773743947348,0.000330778087178866,0.0984494174041426,0.05724826046388409,0.04212999455331754,0.07352068243838769,0.051797614448084936,0.026153077650286814,share,7,True,-0.14761870369447644,12,16.15641322026094
decoder_io,div/vort 500hPa,24,0.2616232559084892,0.2643076752622922,0.002684419353802999,0.0026293101410071055,0.0027262311428785323,1.026062971535664,0.5966548283946359,0.5844059307486273,0.6059481624634699,0.5912041823788367,0.2725735232997639,share,2,True,-0.51969864889149,12,37.96862895473701
decoder_heads,div/vort 500hPa,24,0.2616232559084892,0.2675171916683515,0.005893935759862264,0.0057292473812898,0.006180100639661153,2.2528332733248484,1.310020814887815,1.273416207594794,1.3736255035543192,1.304570168872016,0.5984649283250648,share,1,True,-0.1593151734488101,12,16.54815412627008
film,div/vort 500hPa,24,0.2616232559084892,0.2617580716808637,0.00013481577237447104,8.979160338640213e-05,0.00017471003035704293,0.051530500186736834,0.029964946205973238,0.01995760969086078,0.03883207854012254,0.024514300190174077,0.01368907209688718,share,11,True,0.20349848419688243,12,7.941861427449707
cond_embed,div/vort 500hPa,24,0.2616232559084892,0.262116106847922,0.0004928509394327799,0.00043306599060694375,0.0005452755838632583,0.18838193023833083,0.10954394747408032,0.09625579324745902,0.12119615717149722,0.10409330145828116,0.05004364047386093,share,4,True,-0.27995025666313444,12,21.331030560164958
encoder_io,div/vort 250hPa,24,0.26181500777602196,0.2626735096176465,0.0008585018416245779,0.0007068741756180922,0.0010178761246303718,0.32790398415930794,0.15826722577840377,0.13031423967334305,0.18764832248521726,0.15515983072387182,0.07920250240026633,share,3,True,0.027192764234408636,12,11.364650565746318
enc0_attn,div/vort 250hPa,24,0.26181500777602196,0.2617177665233612,-9.724125266075134e-05,-0.00012907550359765688,-6.339472408095998e-05,-0.03714120649032446,-0.01792669804960537,-0.023795431622713817,-0.011686995441144855,0.014819302995073409,-0.008971152039340683,share,11,True,-0.40652240314551646,12,28.439605685544738
enc0_mlp,div/vort 250hPa,24,0.26181500777602196,0.2618127229313056,-2.284844716389974e-06,-5.679546544949214e-05,6.7974751194318e-05,-0.0008726943255845049,-0.0004212175409119499,-0.010470403577089966,0.012531336303418773,0.0,-0.00021079211524073678,share,19,False,0.1395478370924924,12,9.060985084430483
enc1_attn,div/vort 250hPa,24,0.26181500777602196,0.26195547729730606,0.0001404695212841034,9.104240064819653e-05,0.00017503403748075165,0.053652203698067814,0.025895950785598195,0.016783922270369536,0.03226801642783876,0.022788555731066237,0.012959247210949666,share,10,True,0.35723505157993074,12,5.683009270989627
enc1_mlp,div/vort 250hPa,24,0.26181500777602196,0.2617206747333209,-9.43330427010854e-05,-0.00015806956216692927,-3.851139917969704e-05,-0.03603041838678157,-0.017390561375248963,-0.029140567755598173,-0.007099684605779475,0.014283166320717001,-0.008702850336137527,share,12,True,-0.12853115567990117,12,15.53971086450518
enc2_attn,div/vort 250hPa,24,0.26181500777602196,0.2617727257311344,-4.2282044887542725e-05,-6.848685443401338e-05,-3.3912559350331626e-06,-0.016149587927256737,-0.0077948137326368985,-0.012625743974001458,-0.0006251875566470299,0.004687418678104937,-0.0039007997412755908,share,15,True,0.22402338549462006,12,7.607468520956201
enc2_mlp,div/vort 250hPa,24,0.26181500777602196,0.26178446784615517,-3.053992986679077e-05,-6.781270106633504e-05,6.557100762923521e-06,-0.011664697958383322,-0.005630121848472008,-0.012501461907174771,0.0012088199425798998,0.0025227267939400473,-0.0028175115664297173,share,17,False,-0.16465963203330145,12,16.730803538704087
downsample,div/vort 250hPa,24,0.26181500777602196,0.2613009673853715,-0.0005140403906504313,-0.0005938293722768625,-0.00041988017037510874,-0.19633725164074003,-0.09476478980212541,-0.10947411266834414,-0.07740608872647234,0.09165739474759345,-0.04742364349187793,share,5,True,-0.050055781202852416,12,13.264641360089158
dec0_attn,div/vort 250hPa,24,0.26181500777602196,0.2617451337476571,-6.98740283648173e-05,-9.656576439738273e-05,-3.5978853702545166e-05,-0.026688320489478314,-0.012881473384301859,-0.01780216989100886,-0.006632802733903715,0.009774078329769897,-0.006446343654671879,share,13,True,0.07323683016820506,12,10.362259033021214
dec0_mlp,div/vort 250hPa,24,0.26181500777602196,0.2617947943508625,-2.0213425159454346e-05,-5.6121870875358576e-05,2.191467210650443e-05,-0.007720499039056832,-0.0037264017016112607,-0.010346224525422743,0.00404003135459381,0.0006190066470793,-0.0018648228542873441,share,18,False,0.00929732137571748,12,11.778919741198683
dec1_attn,div/vort 250hPa,24,0.26181500777602196,0.2615715314944585,-0.00024347628156344095,-0.0002825704092780749,-0.00019497560958067577,-0.09299554048931012,-0.04488553635827649,-0.05209264860618176,-0.03594430125437168,0.04177814130374453,-0.02246230565847662,share,7,True,0.20501571401416466,12,7.916752720220449
dec1_mlp,div/vort 250hPa,24,0.26181500777602196,0.26200736314058304,0.00019235536456108093,0.0001500468080242475,0.00023177865271766977,0.0734699535351455,0.03546125172552478,0.027661550495877846,0.04272904562541766,0.03235385667099282,0.017746061201829526,share,8,True,-0.43521214264236036,12,30.493831422445968
dec2_attn,div/vort 250hPa,24,0.26181500777602196,0.2617556465168794,-5.936125914255778e-05,-9.042449916402499e-05,-2.5868384788433718e-05,-0.02267297801100091,-0.010943414850953723,-0.016670010396262046,-0.004768909392303924,0.007836019796421763,-0.005476470802700098,share,14,True,-0.06597327613909146,12,13.69519627960236
dec2_mlp,div/vort 250hPa,24,0.26181500777602196,0.2617785135904948,-3.649418552716573e-05,-6.551668047904968e-05,-1.0463440169890735e-05,-0.01393892039924077,-0.006727805603185487,-0.01207818406307358,-0.0019289645839933938,0.0036204105486535255,-0.0033668312363097897,share,16,True,-0.14210032585753934,12,15.975299121065547
upsample,div/vort 250hPa,24,0.26181500777602196,0.2625136859714985,0.000698678195476532,0.0006405309153099855,0.0007346392919619878,0.2668594903750661,0.12880328771418945,0.11808367329716728,0.13543281685524802,0.1256958926596575,0.06445770850010898,share,4,True,-0.07918068820119192,12,14.06374528909078
decoder_io,div/vort 250hPa,24,0.26181500777602196,0.26445187876621884,0.0026368709901968637,0.0025074897333979603,0.0028510442003607753,1.0071504351853884,0.48611457322476925,0.46226277514063635,0.5255980060669789,0.4830071781702373,0.24326887934806352,share,2,True,0.43295126587221894,12,4.748650544923807
decoder_heads,div/vort 250hPa,24,0.26181500777602196,0.2686904196937879,0.006875411917765935,0.0064058438564340275,0.007349732952813308,2.626057221153543,1.2675014980159325,1.1809353070331492,1.3549439130528433,1.2643941029614005,0.6343024586752225,share,1,True,0.2559603606953441,12,7.108883330292964
film,div/vort 250hPa,24,0.26181500777602196,0.26196425904830295,0.00014925127228101095,0.00012881308794021606,0.00017731903741757072,0.05700638536683609,0.027514891247190212,0.023747054559217502,0.03268926258407278,0.024407496192658255,0.01376942212344015,share,9,True,-0.4559697354781388,12,32.11519278452861
cond_embed,div/vort 250hPa,24,0.26181500777602196,0.2621050886809826,0.0002900809049606323,0.00021914712463816008,0.000364676893999179,0.11079613327926233,0.05347722957999736,0.04040038794577551,0.06722920967707652,0.05036983452546539,0.02676189200472667,share,6,True,0.05837576538763332,12,10.676256188849832
encoder_io,HypsRel 600-500,24,0.0011465393823305132,0.0011602377056583295,1.3698323327816122e-05,1.0469218177552958e-05,1.8114880757401676e-05,1.1947538426436104,0.3156090420136704,0.24121053654355287,0.4173664196132602,0.3136653972413685,0.19468888537620707,share,4,True,0.46225436809779624,12,4.413013032213333
enc0_attn,HypsRel 600-500,24,0.0011465393823305132,0.001147426732051771,8.873497212577198e-07,6.130995204179778e-07,1.360745613542398e-06,0.0773937411076145,0.02044451636563135,0.01412579829425064,0.03135154640731409,0.018500871593329502,0.012611552818274412,share,17,True,0.19001211918847563,12,8.167861833513689
enc0_mlp,HypsRel 600-500,24,0.0011465393823305132,0.0011463150972625886,-2.2428506792456426e-07,-7.112381912564164e-07,3.3116964381545825e-07,-0.019561915742368242,-0.005167522603434413,-0.01638691092435765,0.007630140676878629,0.0032238778311325642,-0.00318767551588533,share,19,False,0.2326104659314453,12,7.4708715067285665
enc1_attn,HypsRel 600-500,24,0.0011465393823305132,0.001147236176307511,6.967939769979802e-07,4.0329782339010966e-07,1.141764151482824e-06,0.0607736627050387,0.01605411657313306,0.009291972210050285,0.02630621875622605,0.014110471800831212,0.00990325892243476,share,18,True,0.22223083057661885,12,7.63622533451998
enc1_mlp,HypsRel 600-500,24,0.0011465393823305132,0.001138159889995469,-8.379492335044134e-06,-9.547361074599951e-06,-6.680648353572881e-06,-0.7308508075851315,-0.19306330308716693,-0.21997097092856305,-0.1539219783650331,0.19111965831486508,-0.11909443102539916,share,5,True,0.5244126649269998,12,3.743768437629255
enc2_attn,HypsRel 600-500,24,0.0011465393823305132,0.0011446321038436765,-1.9072784868366846e-06,-2.1990101049378237e-06,-1.5243854533434412e-06,-0.16635089175566345,-0.043943650743114446,-0.05066514025030345,-0.03512180440451027,0.0420000059708126,-0.027107399483718583,share,15,True,0.5265013730358014,12,3.722226277641955
enc2_mlp,HypsRel 600-500,24,0.0011465393823305132,0.001144544074751374,-1.9953075791390488e-06,-2.244640608225271e-06,-1.6363625707643321e-06,-0.1740286997454276,-0.04597183892542036,-0.05171646595524641,-0.03770175451306812,0.04402819415311852,-0.02835852237305973,share,13,True,0.603183338719761,12,2.970215458430009
downsample,HypsRel 600-500,24,0.0011465393823305132,0.0011432890832929468,-3.2502990375664806e-06,-3.653665133984855e-06,-2.9322727201068723e-06,-0.28348777963123784,-0.07488681212694484,-0.08418035734593428,-0.06755949337511302,0.072943167354643,-0.04619522270132176,share,7,True,-0.3235725140025825,12,23.48052155895337
dec0_attn,HypsRel 600-500,24,0.0011465393823305132,0.0011443274318368062,-2.2119504937066826e-06,-2.5215775127006596e-06,-1.8154110995974898e-06,-0.19292407463671782,-0.050963286498197216,-0.05809708561416661,-0.041827028337218616,0.04901964172589537,-0.03143758296700687,share,11,True,0.5650521891382086,12,3.334951873531789
dec0_mlp,HypsRel 600-500,24,0.0011465393823305132,0.0011446241542463485,-1.9152280841645947e-06,-2.2049676951770073e-06,-1.547968355365132e-06,-0.16704424755751576,-0.04412680927551391,-0.0508024029869977,-0.03566515390333939,0.042183164503212064,-0.02722038398597644,share,14,True,0.5819206965498587,12,3.17143056054806
dec1_attn,HypsRel 600-500,24,0.0011465393823305132,0.0011439806603398151,-2.558721990698038e-06,-2.776122322634449e-06,-2.2905471540788042e-06,-0.2231691322715014,-0.05895289349928531,-0.06396179195013268,-0.05277415167431318,0.05700924872698346,-0.03636610995632046,share,9,True,-0.05771094860690124,12,13.469891605466417
dec1_mlp,HypsRel 600-500,24,0.0011465393823305132,0.0011450749501425198,-1.4644321879934308e-06,-1.8923555454685294e-06,-9.235171323411015e-07,-0.12772628751894705,-0.03374048260403232,-0.04359982653072593,-0.021277812652408405,0.03179683783173047,-0.020813399097576644,share,16,True,0.44424603533471163,12,4.6176672206947575
dec2_attn,HypsRel 600-500,24,0.0011465393823305132,0.001143424011975825,-3.115370354688147e-06,-3.328847466174484e-06,-2.8212322363869397e-06,-0.2717194370031747,-0.07177805849890602,-0.0766965660443685,-0.06500112328463498,0.06983441372660418,-0.04427753436485799,share,8,True,0.5090643899809962,12,3.9038939354352094
dec2_mlp,HypsRel 600-500,24,0.0011465393823305132,0.001143183235132261,-3.356147198252199e-06,-3.996983589192748e-06,-2.7059367021406483e-06,-0.29271974866055855,-0.07732555121883737,-0.09209040634687655,-0.06234471693174685,0.07538190644653553,-0.04769960100586785,share,6,True,0.6714351771279786,12,2.3589176106961673
upsample,HypsRel 600-500,24,0.0011465393823305132,0.0011444631323115652,-2.076250018947565e-06,-2.7170127435991324e-06,-1.2380003078580816e-06,-0.18108841710498208,-0.04783675080367486,-0.0625999086621769,-0.02852349749858109,0.04589310603137301,-0.029508925455891843,share,12,True,0.2633781569369594,12,6.996687467026995
decoder_io,HypsRel 600-500,24,0.0011465393823305132,0.001184146600602409,3.760721827189603e-05,3.610248828368666e-05,3.973226988499124e-05,3.2800633673353388,0.8664694099817521,0.8318004670240657,0.9154305483479838,0.8645257652094502,0.5344966119019503,share,2,True,0.04285621637275515,12,11.013719075747945
decoder_heads,HypsRel 600-500,24,0.0011465393823305132,0.0011868091324931404,4.0269750162627366e-05,3.873997231617264e-05,4.173406531997509e-05,3.512286693613006,0.927814081096223,0.8925680360833341,0.961551867316976,0.9258704363239212,0.5723381311652959,share,1,True,-0.03578562117738398,12,12.890730243315751
film,HypsRel 600-500,24,0.0011465393823305132,0.0011443180566622962,-2.2213256682169177e-06,-2.4962879099813603e-06,-1.8614788456993463e-06,-0.19374176783197278,-0.051179290294798944,-0.05751441377206338,-0.042888428106153245,0.049235645522497096,-0.031570828637438576,share,10,True,0.42559682245023306,12,4.835054359022905
cond_embed,HypsRel 600-500,24,0.0011465393823305132,0.001127389424458434,-1.914995787207906e-05,-2.0074109039367187e-05,-1.8185852812963795e-05,-1.670239868529758,-0.4412145715918488,-0.46250699239428,-0.41900161407682035,0.43927092681954694,-0.272170824406346,share,3,True,0.07458614600157343,12,10.334179618173541
encoder_io,LapseW1 mean,24,0.020742630275587242,0.021364967261130612,0.0006223369855433702,-0.00023009435972198844,0.0011062503675930194,3.0002799899288632,0.18654139325205674,-0.06896926173285974,0.3315912273416065,0.1793802797173061,0.5807075803756674,share,2,False,-0.17646225353639092,12,17.14256219955854
enc0_attn,LapseW1 mean,24,0.020742630275587242,0.02087495382875204,0.00013232355316480002,5.136804344753424e-05,0.00019434156517187753,0.6379304427970084,0.03966310944202142,0.015397231107787726,0.058252598151939644,0.03250199590727078,0.1234721576413314,share,8,True,-0.321234582822972,12,23.358312890800374
enc0_mlp,LapseW1 mean,24,0.020742630275587242,0.020620832530160744,-0.00012179774542649587,-0.0002683802236181994,-2.4304220763345562e-05,-0.5871856356126834,-0.03650806822445313,-0.08044519608829923,-0.007285029346506827,0.029346954689702488,-0.11365044290285535,share,9,True,-0.40554889897996904,12,28.3733796754988
enc1_attn,LapseW1 mean,24,0.020742630275587242,0.020888397470116615,0.00014576719452937445,7.557908538728953e-05,0.00021968774575119215,0.7027420948679454,0.043692751981005515,0.02265433071851171,0.06584994805836598,0.03653163844625488,0.136016526093809,share,7,True,0.4578768697708971,12,4.462295614698627
enc1_mlp,LapseW1 mean,24,0.020742630275587242,0.02058213436976075,-0.00016049590582648912,-0.00034395355420807996,3.1726989739884756e-05,-0.7737490554193727,-0.0481075857286289,-0.10309780184436858,0.009509955228845004,0.04094647219387826,-0.14976000349927193,share,6,False,-0.18914456500517576,12,17.59837100944288
enc2_attn,LapseW1 mean,24,0.020742630275587242,0.020765576356401045,2.2946080813805263e-05,8.382570619384446e-06,4.524627001956105e-05,0.11062281161522386,0.006877935883794944,0.0025126200735256766,0.013562270032108649,0.0,0.021411170118477187,share,17,True,-0.3931316685841307,12,27.547293469748535
enc2_mlp,LapseW1 mean,24,0.020742630275587242,0.02078115629653136,3.85260209441185e-05,2.1319498773664237e-05,5.186514851326744e-05,0.18573353732029432,0.011547919841368558,0.00639037868077614,0.015546235061768643,0.0043868063066179195,0.03594893590395846,share,15,True,0.04625965261929994,12,10.938856468292792
downsample,LapseW1 mean,24,0.020742630275587242,0.02148135720441739,0.0007387269288301468,0.00032627574789027375,0.0010634340190639096,3.5613946689276985,0.22142850856995247,0.09779899637921634,0.3187573101968425,0.21426739503520184,0.6893119601830361,share,1,True,0.10248198088530552,12,9.76906327369426
dec0_attn,LapseW1 mean,24,0.020742630275587242,0.0208171548632284,7.45245876411597e-05,4.750993102788925e-05,0.00011097965762019156,0.35928224459012026,0.02233825199699323,0.014240787440125482,0.03326541799059449,0.015177138462242593,0.06953948419087855,share,11,True,-0.12884727282536404,12,15.549704261201068
dec0_mlp,LapseW1 mean,24,0.020742630275587242,0.02083427474523584,9.164446964859962e-05,5.7720812037587166e-05,0.0001436937522764007,0.44181701371045184,0.02746982334204244,0.01730143145474556,0.043071251386179545,0.0203087098072918,0.08551418196362491,share,10,True,-0.027143498683795796,12,12.669619792363768
dec1_attn,LapseW1 mean,24,0.020742630275587242,0.02080355033588906,6.0920060301820435e-05,1.6039410062755148e-05,0.00013032167529066405,0.29369496294555986,0.018260384951697427,0.004807707029391864,0.039063059796192096,0.011099271416946785,0.056844991758479554,share,12,True,0.04143112278363468,12,11.045211032152134
dec1_mlp,LapseW1 mean,24,0.020742630275587242,0.02075022008890907,7.589813321828842e-06,-5.334848538041115e-05,6.105985570078081e-05,0.03659040932124009,0.002274996319463173,-0.015990855472071807,0.018302287697473538,0.0,0.007082115047001461,share,19,False,-0.3455085269662207,12,24.669690880390313
dec2_attn,LapseW1 mean,24,0.020742630275587242,0.020758648868650198,1.6018593062957127e-05,-7.299240678548813e-06,4.652359057217833e-05,0.07722546682910313,0.004801467271453872,-0.0021878990924342127,0.013945138415395677,0.0,0.014947076318291586,share,18,False,-0.40347725915127136,12,28.23316858943711
dec2_mlp,LapseW1 mean,24,0.020742630275587242,0.020955936051905155,0.00021330577631791434,4.5172544196248056e-05,0.00033939707403381664,1.028344879525533,0.06393699495188102,0.013540171204433392,0.10173202706353929,0.056775881417130365,0.19903731277931105,share,5,True,-0.15525986078033638,12,16.41110406114976
upsample,LapseW1 mean,24,0.020742630275587242,0.0207869834266603,4.435315107305845e-05,-7.64509003298978e-05,0.00017926969255010284,0.213826069711416,0.013294563537893234,-0.022915651478533895,0.053734904068036535,0.006133450003142594,0.04138627727417507,share,14,False,-0.05792884700145495,12,13.47578271939409
decoder_io,LapseW1 mean,24,0.020742630275587242,0.020290177082642913,-0.000452453192944328,-0.0007045547458498429,-8.948003329957544e-05,-2.181272032201416,-0.13561985058542647,-0.211185622847767,-0.026821047869056786,0.12845873705067584,-0.42218766522214884,share,3,True,0.061102754769783156,12,10.617979165653038
decoder_heads,LapseW1 mean,24,0.020742630275587242,0.020803282658259075,6.065238267183304e-05,-0.00011074024951085448,0.00020283387663463733,0.2924044919376355,0.018180150353400714,-0.03319365699404599,0.06079811231708358,0.011019036818650076,0.05659521963752011,share,13,False,-0.4332892622672954,12,30.34964753979987
film,LapseW1 mean,24,0.020742630275587242,0.020766937794784706,2.430751919746399e-05,-6.548573728650809e-05,9.298722337310512e-05,0.11718629158652263,0.007286018030307235,-0.019628916415593733,0.027872304885614766,0.00012490449555659544,0.022681539079297888,share,16,False,-0.13104083066645078,12,15.619249381310828
cond_embed,LapseW1 mean,24,0.020742630275587242,0.02048847855379184,-0.00025415172179539997,-0.00037938574872290094,-7.39313118780654e-05,-1.2252627483531846,-0.07618029682058655,-0.11371836768620375,-0.02216042151286467,0.06901918328583591,-0.23715098867738943,share,4,True,0.07481486505637698,12,10.329426936927538
encoder_io,|DryAir Md err|,24,62214032938325.336,64413056193877.336,2199023255552.0,366503875925.3333,3848290697216.0,3.5346097201767304,0.08217768884658704,0.013696281474431173,0.1438109554815273,0.08046565366228314,-0.07017543859649122,share,10,True,0.5534393707774893,12,3.4495891191351165
enc0_attn,|DryAir Md err|,24,62214032938325.336,54838142435328.0,-7375890502997.333,-7697726719044.267,-7192638565034.667,-11.855670103092782,-0.27563766467292733,-0.28766471184266224,-0.2687895239357118,0.2739256294886234,0.23538011695906433,share,3,True,-0.4259259259259256,12,29.806451612903203
enc0_mlp,|DryAir Md err|,24,62214032938325.336,59969196698282.664,-2244836240042.6665,-2611340115968.0,-2061584302080.0,-3.608247422680412,-0.08388972403089093,-0.09758600550532211,-0.07704158329367534,0.08217768884658704,0.07163742690058479,share,9,True,-0.1492537313432835,12,16.210526315789473
enc1_attn,|DryAir Md err|,24,62214032938325.336,60564765496661.336,-1649267441664.0,-1832519379626.6667,-1511828488192.0,-2.6509572901325478,-0.06163326663494028,-0.06848140737215587,-0.05649716108202859,0.05992123145063638,0.05263157894736842,share,11,True,-0.36851386559504445,12,26.005585067382373
enc1_mlp,|DryAir Md err|,24,62214032938325.336,59602692822357.336,-2611340115968.0,-3206908914346.6665,-2199023255552.0,-4.197349042709868,-0.09758600550532211,-0.11984246290127276,-0.08217768884658704,0.09587397032101821,0.08333333333333333,share,8,True,0.14392925652945754,12,8.980318374593448
enc2_attn,|DryAir Md err|,24,62214032938325.336,63038666659157.336,824633720832.0,503942829397.3333,1191137596757.3333,1.3254786450662739,0.03081663331747014,0.018832387027342863,0.04451291479190131,0.029104598133166244,-0.02631578947368421,share,14,True,0.21186440677966104,12,7.804195804195803
enc2_mlp,|DryAir Md err|,24,62214032938325.336,62992853674666.664,778820736341.3334,549755813888.0,962072674304.0,1.2518409425625923,0.029104598133166244,0.02054442221164676,0.03595273887038183,0.02739256294886235,-0.024853801169590645,share,15,True,-0.2222222222222222,12,18.857142857142858
downsample,|DryAir Md err|,24,62214032938325.336,57632734489258.664,-4581298449066.667,-5405932169898.667,-3939916666197.3335,-7.363770250368188,-0.17120351843038967,-0.2020201517478598,-0.14723502585013512,0.16949148324608576,0.14619883040935674,share,6,True,0.1576329406628013,12,8.7319601550547
dec0_attn,|DryAir Md err|,24,62214032938325.336,62443097860778.664,229064922453.33334,-45812984490.666664,366503875925.3333,0.36818851251840945,0.008560175921519484,-0.0017120351843038966,0.013696281474431173,0.006848140737215587,-0.007309941520467837,share,18,False,-0.017376201171422887,12,12.424403346032637
dec0_mlp,|DryAir Md err|,24,62214032938325.336,62305658907306.664,91625968981.33333,-183251937962.66666,320690891434.6667,0.14727540500736375,0.003424070368607793,-0.006848140737215586,0.011984246290127277,0.0017120351843038966,-0.0029239766081871343,share,19,False,0.34565056491014173,12,5.83523941938273
dec1_attn,|DryAir Md err|,24,62214032938325.336,63634235457536.0,1420202519210.6667,1007885658794.6666,1786706395136.0,2.2827687776141388,0.0530730907134208,0.037664774054685726,0.06676937218785196,0.0513610555291169,-0.04532163742690059,share,12,True,0.1490711984999859,12,8.886434218636708
dec1_mlp,|DryAir Md err|,24,62214032938325.336,62901227705685.336,687194767360.0,412316860416.0,870446705322.6666,1.1045655375552281,0.02568052776455845,0.01540831665873507,0.032528668501774036,0.023968492580254554,-0.021929824561403508,share,16,True,-0.1785714285714285,12,17.21739130434782
dec2_attn,|DryAir Md err|,24,62214032938325.336,67711591077205.336,5497558138880.0,5222680231936.0,5726623061333.333,8.836524300441825,0.2054442221164676,0.19517201101064421,0.21400439803798707,0.2037321869321637,-0.17543859649122806,share,4,True,0.16666666666666669,12,8.571428571428571
dec2_mlp,|DryAir Md err|,24,62214032938325.336,62580536814250.664,366503875925.3333,0.0,687194767360.0,0.589101620029455,0.013696281474431173,0.0,0.02568052776455845,0.011984246290127275,-0.011695906432748537,share,17,False,0.12318840579710146,12,9.36774193548387
upsample,|DryAir Md err|,24,62214032938325.336,58274116272128.0,-3939916666197.3335,-4398046511104.0,-3665038759253.3335,-6.332842415316643,-0.14723502585013512,-0.16435537769317407,-0.13696281474431174,0.14552299066583124,0.12573099415204678,share,7,True,0.26803133402626733,12,6.926977083283053
decoder_io,|DryAir Md err|,24,62214032938325.336,33855795538602.668,-28358237399722.668,-30007504841386.668,-27212912787456.0,-45.58173784977909,-1.0597497790841122,-1.1213830457190523,-1.0169488994765146,1.058037743899808,0.9049707602339182,share,1,True,0.19632082289599423,12,8.061508201371925
decoder_heads,|DryAir Md err|,24,62214032938325.336,74217034874880.0,12003001936554.666,10949303293269.334,13423204455765.334,19.29307805596465,0.4485532182876209,0.40917640904863134,0.5016263090010418,0.44684118310331705,-0.3830409356725146,share,2,True,0.7426343154246102,12,1.7722526106414704
film,|DryAir Md err|,24,62214032938325.336,63588422473045.336,1374389534720.0,1099511627776.0,1649267441664.0,2.2091310751104563,0.0513610555291169,0.04108884442329352,0.06163326663494028,0.049649020344813,-0.043859649122807015,share,13,True,0.18918918918918923,12,8.181818181818182
cond_embed,|DryAir Md err|,24,62214032938325.336,67116022278826.664,4901989340501.333,4398046511104.0,5176867247445.333,7.879234167893961,0.18318776472051693,0.16435537769317407,0.1934599758263403,0.18147572953621302,-0.15643274853801167,share,5,True,-0.3733354783293163,12,26.29800342935667
encoder_io,neg-q fraction,24,0.00025207616287540685,0.0002338989283240759,-1.8177234551330912e-05,-4.323089819232943e-05,-1.89114848770563e-06,-7.211008904604492,-0.08092654031751205,-0.19246750740021942,-0.00841954830392536,0.07955574787476964,-0.0169025770882287,share,3,True,0.4148696387123479,12,4.962693483084455
enc0_attn,neg-q fraction,24,0.00025207616287540685,0.00023504891707185985,-1.7027245803546975e-05,-3.485267962446414e-05,-5.316996345072768e-06,-6.754802044476929,-0.07580669601449579,-0.1551669906023199,-0.023671704178790533,0.07443590357175338,-0.01583322996586402,share,4,True,0.449944247625909,12,4.55236057475783
enc0_mlp,neg-q fraction,24,0.00025207616287540685,0.0002372314262781098,-1.4844736597297015e-05,-3.095275010309706e-05,-3.7714683003287064e-06,-5.888988640561897,-0.066089985874999,-0.13780418424389831,-0.016790886457501455,0.06471919343225659,-0.013803766683083871,share,6,True,0.43542826739052926,12,4.7197487643389495
enc1_attn,neg-q fraction,24,0.00025207616287540685,0.00023701503475119048,-1.5061128124216339e-05,-3.0376205487906796e-05,-4.833659892256044e-06,-5.9748323492454025,-0.06705337871554098,-0.1352373602908772,-0.021519850615733995,0.06568258627279858,-0.01400498400548045,share,5,True,0.44618381406863505,12,4.595400782753453
enc1_mlp,neg-q fraction,24,0.00025207616287540685,0.00023950666885260338,-1.256949402280346e-05,-2.5312873016976786e-05,-3.956949058192549e-06,-4.986387399516295,-0.05596041916797803,-0.11269498850200224,-0.017616662016869584,0.05458962672523563,-0.01168807285181395,share,18,True,0.5223335841785595,12,3.7652700100879875
enc2_attn,neg-q fraction,24,0.00025207616287540685,0.00023853598183147065,-1.3540181043936173e-05,-2.7495063803447314e-05,-4.086322106407657e-06,-5.3714642786865365,-0.0602819974657962,-0.12241028101050323,-0.018192641447228684,0.058911205023053796,-0.012590691572879937,share,11,True,0.48731853419464216,12,4.136422325292674
enc2_mlp,neg-q fraction,24,0.00025207616287540685,0.00023856689343422963,-1.3509269441177215e-05,-2.753804353687883e-05,-4.018469019229089e-06,-5.359201475886641,-0.060144376472906026,-0.12260163031177121,-0.01789055393332674,0.058773584030163625,-0.012561947610365809,share,13,True,0.49455673418133117,12,4.0582729655601915
downsample,neg-q fraction,24,0.00025207616287540685,0.00023793007380845665,-1.4146089066950177e-05,-2.7254859450446626e-05,-4.6678116765027285e-06,-5.611831323353702,-0.06297954972077091,-0.12134087151354932,-0.020781480745397176,0.0616087572780285,-0.013154110999440652,share,8,True,0.401878535585098,12,5.1198854899245525
dec0_attn,neg-q fraction,24,0.00025207616287540685,0.0002381402861525809,-1.3935876722825924e-05,-2.8027547640855723e-05,-4.259133218435337e-06,-5.528438930464829,-0.06204366710925647,-0.12478094276407013,-0.018962010703334708,0.06067287466651407,-0.012958639551821723,share,9,True,0.5052669192398507,12,3.944016103216985
dec0_mlp,neg-q fraction,24,0.00025207616287540685,0.00023930263728288992,-1.2773525592516913e-05,-2.601987390373021e-05,-3.62880183502057e-06,-5.067327845207822,-0.05686878446446105,-0.11584261448464538,-0.016155723643041842,0.05549799202171865,-0.011877796944649703,share,17,True,0.5127687547236357,12,3.864949566852011
dec1_attn,neg-q fraction,24,0.00025207616287540685,0.00023907387958388426,-1.3002283291522568e-05,-2.6121417374724842e-05,-4.011666643085244e-06,-5.158077282360561,-0.05788723251821998,-0.11629469435280251,-0.017860269196355052,0.05651644007547758,-0.012090513275676295,share,16,True,0.5280623062072648,12,3.7061658431777746
dec1_mlp,neg-q fraction,24,0.00025207616287540685,0.00023866582243196413,-1.3410340443442692e-05,-2.7203998259513657e-05,-3.922945330714372e-06,-5.319955798466749,-0.05970393645431432,-0.12111443331652817,-0.01746527463090955,0.05833314401157192,-0.012469955893707977,share,14,True,0.4813096715721639,12,4.201878959264467
dec2_attn,neg-q fraction,24,0.00025207616287540685,0.00023855453074853963,-1.3521632126867189e-05,-2.8317055044150644e-05,-3.7464280391456384e-06,-5.3641058212832675,-0.0601994161644002,-0.12606985348802013,-0.016679405159261605,0.05882862372165779,-0.01257344337707896,share,12,True,0.5035267316377062,12,3.962469768567509
dec2_mlp,neg-q fraction,24,0.00025207616287540685,0.00023885129652020018,-1.3224866355206663e-05,-2.6846042627918604e-05,-3.9809087904056206e-06,-5.246377207726416,-0.0588781905886767,-0.11952078546155034,-0.017723332711438795,0.0575073981459343,-0.012297487960512447,share,15,True,0.4911090857469887,12,4.095401892060042
upsample,neg-q fraction,24,0.00025207616287540685,0.00023817119548160312,-1.3904967393803721e-05,-2.819465032265119e-05,-4.340124926708693e-06,-5.516177029668807,-0.06190605623922897,-0.1255248976202006,-0.01932259243684642,0.06053526379648657,-0.0129298977036012,share,10,True,0.4727926989125898,12,4.295572362437682
decoder_io,neg-q fraction,24,0.00025207616287540685,0.0011555958725087596,0.0009035197096333528,0.0004197243398114855,0.0015575547387925324,358.4312373399358,4.022543913532582,1.8686472142985198,6.934361550415094,4.02117312108984,0.8401614392819494,share,1,True,0.5377862117449008,12,3.60685082015893
decoder_heads,neg-q fraction,24,0.00025207616287540685,0.00045203189051790105,0.00019995572764249422,5.202737830245496e-05,0.00040689671178218605,79.32353672859021,0.890219313013869,0.23163015891764427,1.8115375613444546,0.8888485205711267,0.18593406445661229,share,2,True,0.6915455865378051,12,2.1882076315320242
film,neg-q fraction,24,0.00025207616287540685,0.00023725615293794058,-1.4820009937466239e-05,-2.9798601084015293e-05,-4.5058232406821315e-06,-5.879179438633114,-0.0659799007557218,-0.13266581807156444,-0.020060294932154398,0.0646091083129794,-0.013780773951557858,share,7,True,0.4787295002021564,12,4.230148919541385
cond_embed,neg-q fraction,24,0.00025207616287540685,0.0002519463245486501,-1.2983832675672602e-07,-7.487284619855927e-06,5.923519277454638e-06,-0.051507578215914424,-0.0005780508886192019,-0.03333400572823075,0.026371994060746376,0.0,-0.00012073356487835512,share,19,False,-0.14958431737821795,12,16.221492724604275
encoder_io,|neg-q mass|,24,3984658912.0,4221702048.0,237043136.0,-192686803.73333332,599319773.3333333,5.948894026691537,0.09277474329155927,-0.07541441213480682,0.2345637973695871,0.08858218484776603,0.012468142044945176,share,3,False,0.11598988075145739,12,9.505571344284483
enc0_attn,|neg-q mass|,24,3984658912.0,3826930885.3333335,-157728026.66666666,-300923578.53333336,-69964218.66666669,-3.9583821388490947,-0.061732127876861255,-0.11777648667627894,-0.027382832238578386,0.057539569433068025,-0.008296276678304241,share,4,True,-0.08846126184864217,12,14.329105934294244
enc0_mlp,|neg-q mass|,24,3984658912.0,3849487757.3333335,-135171154.66666666,-396326312.6666667,36796070.06666658,-3.392289218522367,-0.052903743117133126,-0.15511553102866582,0.014401370198600561,0.0487111846733399,-0.007109816319521075,share,6,False,0.4737121620835675,12,4.2854053983433635
enc1_attn,|neg-q mass|,24,3984658912.0,3861733018.6666665,-122925893.33333333,-241414758.53333333,-52730003.20000002,-3.084979067170237,-0.04811115137240504,-0.0944857236858517,-0.02063764677262412,0.04391859292861182,-0.006465732460955035,share,9,True,-0.16317546172051772,12,16.679847330175313
enc1_mlp,|neg-q mass|,24,3984658912.0,3840285802.6666665,-144373109.33333334,-285572432.8,-44204156.53333341,-3.6232237820543807,-0.05650523521847188,-0.111768303403504,-0.017300772104195877,0.05231267677467866,-0.007593826444476334,share,5,True,-0.12028373347597324,12,15.28152350169657
enc2_attn,|neg-q mass|,24,3984658912.0,3909598357.3333335,-75060554.66666667,-191234813.86666667,4893873.599999958,-1.8837385162533749,-0.029377453437512958,-0.07484612743601704,0.0019153807809112644,0.02518489499371973,-0.003948081658674869,share,12,False,-0.14659313436780208,12,16.122576658931568
enc2_mlp,|neg-q mass|,24,3984658912.0,3902165048.0,-82493864.0,-203222417.53333333,938463.7999999868,-2.070286712661041,-0.03228672715386621,-0.07953787625280603,0.00036729913214369553,0.02809416871007299,-0.004339063478253971,share,10,False,-0.07177548135608734,12,13.85581345670845
downsample,|neg-q mass|,24,3984658912.0,3850454069.3333335,-134204842.66666667,-268093082.93333334,-42546309.8666667,-3.368038410075755,-0.05252554466240313,-0.10492717640802182,-0.01665191847564461,0.04833298621860991,-0.007058989640972008,share,7,True,0.13127766229120516,12,9.21495084716178
dec0_attn,|neg-q mass|,24,3984658912.0,3918890426.6666665,-65768485.333333336,-184872446.53333333,24454802.13333329,-1.6505424124325485,-0.025740691953529845,-0.07235600261723045,0.009571203066457373,0.021548133509736618,-0.0034593316265310184,share,14,False,0.10205176794683611,12,9.77756136148931
dec0_mlp,|neg-q mass|,24,3984658912.0,3921180216.0,-63478696.0,-177479875.93333334,13526985.59999995,-1.5930772847038608,-0.024844506469417153,-0.0694626733639433,0.005294237317838278,0.020651948025623926,-0.0033388918654699753,share,15,False,0.11265054154100537,12,9.570114877902578
dec1_attn,|neg-q mass|,24,3984658912.0,3902258869.3333335,-82400042.66666667,-216196397.6,13817863.466666648,-2.0679321489353786,-0.03225000704350085,-0.08461567639697391,0.00540808207987011,0.02805744859970763,-0.004334128605510615,share,11,False,0.16159287627118213,12,8.66128373397241
dec1_mlp,|neg-q mass|,24,3984658912.0,3925557325.3333335,-59101586.666666664,-172139108.93333334,31664516.19999997,-1.483228250445208,-0.023131378632806485,-0.06737238593454888,0.012392965312045217,0.01893882018901326,-0.003108661951053659,share,16,False,-0.1035801766748446,12,14.773169641625115
dec2_attn,|neg-q mass|,24,3984658912.0,3946651461.3333335,-38007450.666666664,-173078542.26666665,68429662.13333318,-0.9538445198459854,-0.014875484429832225,-0.06774006452592363,0.026782232318881063,0.010682925986039,-0.0019991394885960595,share,17,False,-0.005824924989696058,12,12.14061728488944
dec2_mlp,|neg-q mass|,24,3984658912.0,3979223018.6666665,-5435893.333333333,-69357659.2,55224822.39999986,-0.1364205432229812,-0.0021275182950680266,-0.027145434945576547,0.02161407753853686,0.0,-0.00028592049263628756,share,19,False,-0.5207865644586502,12,38.08206828109501
upsample,|neg-q mass|,24,3984658912.0,3856029338.6666665,-128629573.33333333,-276233287.7333333,-21319126.933333386,-3.2281200517805657,-0.05034347691764758,-0.1081131172599886,-0.008343951914474216,0.04615091847385436,-0.006765738162950612,share,8,True,0.23246373435458467,12,7.473189620924866
decoder_io,|neg-q mass|,24,3984658912.0,16004112640.0,12019453728.0,5594044344.533334,20697055332.533333,301.6432270225894,4.704214401382097,2.189415972060372,8.100483430015784,4.700021842938304,0.632206689939125,share,1,True,0.3518609335523342,12,5.753305391357324
decoder_heads,|neg-q mass|,24,3984658912.0,6172842842.666667,2188183930.6666665,484223026.6666667,4752630444.666665,54.91521304563462,0.8564188183973195,0.18951684386618078,1.8601005576622096,0.8522262599535263,0.11509545700584413,share,2,True,0.2614152592449249,12,7.026248354064026
film,|neg-q mass|,24,3984658912.0,3914108298.6666665,-70550613.33333333,-208019205.86666664,27692393.59999998,-1.7705558967887218,-0.02761233736404018,-0.08141525947409849,0.010838342551158354,0.023419778920246954,-0.0037108649642485446,share,13,False,0.004501941213399721,12,11.89243765025374
cond_embed,|neg-q mass|,24,3984658912.0,3997813098.6666665,13154186.666666666,-152415882.66666666,159748375.99999994,0.33012076961097403,0.005148330012007821,-0.05965304301389438,0.06252285902361451,0.0009557715682145943,0.0006918920775909912,share,18,False,-0.16462635006811252,12,16.72965888013926
encoder_io,EffRes Z500,24,55.636112936486484,55.661924182072475,0.02581124558599394,0.006452811396498485,0.03871686837899091,0.046392970722918314,1816304937547.6667,454076234386.9167,2724457406321.5,1816304937547.6667,1.0,colmax,1,True,0.08333333333333343,12,10.153846153846152
enc0_attn,EffRes Z500,24,55.636112936486484,55.642565747882976,0.006452811396498485,0.0,0.01290562279299697,0.011598242680729579,454076234386.9167,0.0,908152468773.8334,454076234386.9167,0.25,colmax,19,False,0.0,12,12.0
enc0_mlp,EffRes Z500,24,55.636112936486484,55.655471370675976,0.019358434189495455,0.0,0.03871686837899091,0.03479472804218873,1362228703160.75,0.0,2724457406321.5,1362228703160.75,0.75,colmax,3,False,0.3888888888888886,12,5.280000000000004
enc1_attn,EffRes Z500,24,55.636112936486484,55.655471370675976,0.019358434189495455,0.0,0.03871686837899091,0.03479472804218873,1362228703160.75,0.0,2724457406321.5,1362228703160.75,0.75,colmax,4,False,0.3888888888888886,12,5.280000000000004
enc1_mlp,EffRes Z500,24,55.636112936486484,55.655471370675976,0.019358434189495455,0.0,0.03871686837899091,0.03479472804218873,1362228703160.75,0.0,2724457406321.5,1362228703160.75,0.75,colmax,5,False,0.3888888888888886,12,5.280000000000004
enc2_attn,EffRes Z500,24,55.636112936486484,55.655471370675976,0.019358434189495455,0.0,0.03871686837899091,0.03479472804218873,1362228703160.75,0.0,2724457406321.5,1362228703160.75,0.75,colmax,6,False,0.3888888888888886,12,5.280000000000004
enc2_mlp,EffRes Z500,24,55.636112936486484,55.655471370675976,0.019358434189495455,0.0,0.03226405698249243,0.03479472804218873,1362228703160.75,0.0,2270381171934.5835,1362228703160.75,0.75,colmax,7,False,-0.22222222222222227,12,18.85714285714286
downsample,EffRes Z500,24,55.636112936486484,55.649018559279476,0.01290562279299697,0.0,0.019358434189495455,0.023196485361459157,908152468773.8334,0.0,1362228703160.75,908152468773.8334,0.5,colmax,14,False,-0.1,12,14.666666666666668
dec0_attn,EffRes Z500,24,55.636112936486484,55.655471370675976,0.019358434189495455,0.0,0.03871686837899091,0.03479472804218873,1362228703160.75,0.0,2724457406321.5,1362228703160.75,0.75,colmax,8,False,0.3888888888888886,12,5.280000000000004
dec0_mlp,EffRes Z500,24,55.636112936486484,55.649018559279476,0.01290562279299697,0.0,0.019358434189495455,0.023196485361459157,908152468773.8334,0.0,1362228703160.75,908152468773.8334,0.5,colmax,15,False,-0.1,12,14.666666666666668
dec1_attn,EffRes Z500,24,55.636112936486484,55.649018559279476,0.01290562279299697,0.0,0.019358434189495455,0.023196485361459157,908152468773.8334,0.0,1362228703160.75,908152468773.8334,0.5,colmax,16,False,-0.1,12,14.666666666666668
dec1_mlp,EffRes Z500,24,55.636112936486484,55.655471370675976,0.019358434189495455,0.0,0.03871686837899091,0.03479472804218873,1362228703160.75,0.0,2724457406321.5,1362228703160.75,0.75,colmax,9,False,0.3888888888888886,12,5.280000000000004
dec2_attn,EffRes Z500,24,55.636112936486484,55.655471370675976,0.019358434189495455,0.0,0.03871686837899091,0.03479472804218873,1362228703160.75,0.0,2724457406321.5,1362228703160.75,0.75,colmax,10,False,0.3888888888888886,12,5.280000000000004
dec2_mlp,EffRes Z500,24,55.636112936486484,55.655471370675976,0.019358434189495455,0.0,0.03871686837899091,0.03479472804218873,1362228703160.75,0.0,2724457406321.5,1362228703160.75,0.75,colmax,11,False,0.3888888888888886,12,5.280000000000004
upsample,EffRes Z500,24,55.636112936486484,55.655471370675976,0.019358434189495455,0.0,0.03871686837899091,0.03479472804218873,1362228703160.75,0.0,2724457406321.5,1362228703160.75,0.75,colmax,12,False,0.3888888888888886,12,5.280000000000004
decoder_io,EffRes Z500,24,55.636112936486484,55.661924182072475,0.02581124558599394,0.006452811396498485,0.03871686837899091,0.046392970722918314,1816304937547.6667,454076234386.9167,2724457406321.5,1816304937547.6667,1.0,colmax,2,True,0.08333333333333343,12,10.153846153846152
decoder_heads,EffRes Z500,24,55.636112936486484,55.649018559279476,0.01290562279299697,0.0,0.02581124558599394,0.023196485361459157,908152468773.8334,0.0,1816304937547.6667,908152468773.8334,0.5,colmax,17,False,-0.22222222222222227,12,18.85714285714286
film,EffRes Z500,24,55.636112936486484,55.655471370675976,0.019358434189495455,0.0,0.03871686837899091,0.03479472804218873,1362228703160.75,0.0,2724457406321.5,1362228703160.75,0.75,colmax,13,False,0.3888888888888886,12,5.280000000000004
cond_embed,EffRes Z500,24,55.636112936486484,55.64901855927948,0.01290562279299697,0.0,0.03226405698249243,0.023196485361459157,908152468773.8334,0.0,2270381171934.5835,908152468773.8334,0.5,colmax,18,False,0.6708203932499373,12,2.3642010218209317
encoder_io,DKE<1000km 500hPa,24,0.14625154435634613,0.14691226184368134,0.0006607199708620707,0.00043469555675983433,0.0008544178990026313,0.45176955315601375,0.06742762478062587,0.044361439320147494,0.08719483599781616,0.06514593160231855,0.5753775806560185,share,1,True,0.6012853436619872,12,2.987959575720767
enc0_attn,DKE<1000km 500hPa,24,0.14625154435634613,0.14629577100276947,4.421547055244446e-05,2.785430600245794e-06,8.313469588756558e-05,0.03023248010499544,0.004512265845421844,0.0002842580482633155,0.008484040634104599,0.0022305726671145065,0.03850434616171728,share,8,True,-0.22489024807629274,12,18.963357047741386
enc0_mlp,DKE<1000km 500hPa,24,0.14625154435634613,0.14624188840389252,-9.662161270777384e-06,-5.151843652129173e-05,2.947337925434109e-05,-0.00660653600968825,-0.0009860404005736898,-0.005257546252930383,0.0030078097303247084,0.0,-0.008414140969031992,share,16,False,-0.05722231830281285,12,13.456690867771957
enc1_attn,DKE<1000km 500hPa,24,0.14625154435634613,0.14630715548992157,5.5590023597081505e-05,1.1223057905832926e-05,0.00010718405246734619,0.03800986988121243,0.005673058811525816,0.001145332623105643,0.010938319395439995,0.003391365633218478,0.048409696537804296,share,5,True,-0.01676462376795567,12,12.409211242960792
enc1_mlp,DKE<1000km 500hPa,24,0.14625154435634613,0.1462773233652115,2.5776525338490803e-05,-4.848713676134745e-05,0.00013775254289309183,0.017624787879335392,0.0026305393439286276,-0.004948196828325519,0.014057887129782948,0.00034884616562128956,0.022447081125198057,share,13,False,0.008740177885735478,12,11.792053222567871
enc2_attn,DKE<1000km 500hPa,24,0.14625154435634613,0.14628346264362335,3.192822138468424e-05,1.584490140279134e-06,7.214965298771849e-05,0.02183103121463877,0.0032583306489590937,0.0001616999808677584,0.00736299785726292,0.0009766374706517559,0.027804188741260834,share,12,True,-0.1966900823505864,12,17.87638951380936
enc2_mlp,DKE<1000km 500hPa,24,0.14625154435634613,0.14627498388290405,2.3429592450459797e-05,-1.3097375631332396e-05,6.158212199807162e-05,0.01602006444297621,0.002391030751577481,-0.0013366100142669238,0.006284562898655784,0.00010933757327014273,0.020403291582533817,share,14,False,0.050225946487800696,12,10.852225352326869
downsample,DKE<1000km 500hPa,24,0.14625154435634613,0.1465388983488083,0.00028732667366663617,0.00016159238293766975,0.0003799846706291039,0.19646060161132572,0.029322187909927234,0.01649078436347578,0.03877809801955807,0.02704049473161989,0.2502139085285229,share,2,True,0.12237818071354972,12,9.383166932862189
dec0_attn,DKE<1000km 500hPa,24,0.14625154435634613,0.14625132083892822,-2.3593505223592123e-07,-4.0580891072750086e-05,4.087273652354876e-05,-0.00016132140365515585,-2.4077583358051802e-05,-0.004141350673791056,0.004171134010784352,0.0,-0.00020546032439481795,share,19,False,-0.22549983583766017,12,18.987727453818145
dec0_mlp,DKE<1000km 500hPa,24,0.14625154435634613,0.14628668129444122,3.513197104136149e-05,-1.2509990483522415e-05,8.75782842437426e-05,0.02402160606427194,0.00358527888613685,-0.0012766663360145954,0.008937516571828917,0.001303585707829512,0.030594123672516786,share,10,False,-0.2641889540693354,12,20.617069467398995
dec1_attn,DKE<1000km 500hPa,24,0.14625154435634613,0.14630170166492462,5.0144890944163e-05,1.1812523007392884e-05,9.387147923310597e-05,0.03428674169685527,0.0051173735324465675,0.0012054885642638915,0.00957974809066807,0.002835680354139229,0.04366788852479757,share,7,True,-0.42324465807737954,12,29.61209832924257
dec1_mlp,DKE<1000km 500hPa,24,0.14625154435634613,0.14629316329956055,4.162391026814779e-05,4.075467586517334e-06,8.413198714454965e-05,0.028460491844846444,0.004247792600852086,0.0004159085714796106,0.008585815945338467,0.001966099422544748,0.03624752670375946,share,9,True,-0.47612618727023964,12,33.81255908735482
dec2_attn,DKE<1000km 500hPa,24,0.14625154435634613,0.1462433785200119,-8.186946312586466e-06,-5.915847917397817e-05,5.35046992202599e-05,-0.005597852706833907,-0.0008354921425243974,-0.0060372259236102024,0.005460247823774436,0.0,-0.007129473256500182,share,17,False,0.057453674088880066,12,10.696029706151247
dec2_mlp,DKE<1000km 500hPa,24,0.14625154435634613,0.14625458419322968,3.0249357223510742e-06,-2.131126821041107e-05,3.3136519292990366e-05,0.002068310206862945,0.0003086999634748115,-0.002174852070259057,0.0033816395567830533,0.0,0.0026342176327672447,share,18,False,-0.3472317908000195,12,24.766496379187817
upsample,DKE<1000km 500hPa,24,0.14625154435634613,0.14631105959415436,5.95127542813619e-05,-1.3809092342853546e-05,0.00015257479002078365,0.0406920504819842,0.0060733803158841615,-0.0014092419453283313,0.015570523287015662,0.0037916871375768234,0.05182574477340024,share,4,False,-0.29305088079795066,12,21.948694959956075
decoder_io,DKE<1000km 500hPa,24,0.14625154435634613,0.1465190201997757,0.0002674696346124013,0.00016185153896609942,0.00037476504221558557,0.18288328284369626,0.027295742460039827,0.016517231687932756,0.038245425841204196,0.025014049281732488,0.23292171880537796,share,3,True,0.36956661299850047,12,5.523791666806846
decoder_heads,DKE<1000km 500hPa,24,0.14625154435634613,0.1462678164243698,1.6277035077412922e-05,-5.1474819580713906e-05,5.829045549035071e-05,0.011129478732167276,0.0016610998034597,-0.005253095068112217,0.0059486425935740845,0.0,0.01417459964298565,share,15,False,0.022537012450504587,12,11.471033036236141
film,DKE<1000km 500hPa,24,0.14625154435634613,0.1462169587612152,-3.458559513092041e-05,-5.5056717246770856e-05,-9.995140135288244e-06,-0.02364801965580737,-0.0035295202720445197,-0.005618633968827398,-0.0010200214741392776,0.0012478270937371816,-0.030118320816023524,share,11,True,-0.2307551060691998,12,19.199427112686166
cond_embed,DKE<1000km 500hPa,24,0.14625154435634613,0.146304652094841,5.30928373336792e-05,-3.619858374198278e-05,0.00012459103018045423,0.03630241018252549,0.005418216600299278,-0.003694128571533685,0.01271473181456632,0.0031365234219919392,0.046235061209604404,share,6,False,-0.124039844407004,12,15.398506480871607
encoder_io,DKEpert<1000km 500hPa,24,0.0,0.002306112088263035,0.0023061119912502668,0.0022425230068620293,0.002405125574538639,nan,nan,nan,nan,0.0,0.38439877687780244,share,1,True,0.030039816803068844,12,11.300070160868849
enc0_attn,DKEpert<1000km 500hPa,24,0.0,0.0002496922097634524,0.0002496922218900484,0.00023974422923250433,0.0002635656201164238,nan,nan,nan,nan,0.0,0.04162043519768475,share,11,True,0.4017233460565479,12,5.121780890301158
enc0_mlp,DKEpert<1000km 500hPa,24,0.0,0.0002644405176397413,0.00026444053582963534,0.0002556305790373396,0.00027762783950796197,nan,nan,nan,nan,0.0,0.044078786683170695,share,10,True,0.09634136111808994,12,9.890992031463544
enc1_attn,DKEpert<1000km 500hPa,24,0.0,0.0003099800378549844,0.000309980033004346,0.0002945762251329142,0.00033354618347705884,nan,nan,nan,nan,0.0,0.05166962662503247,share,8,True,0.09385636113504815,12,9.940723528906686
enc1_mlp,DKEpert<1000km 500hPa,24,0.0,0.0005743707879446447,0.0005743708121978367,0.0005548191159808388,0.0006071436425069502,nan,nan,nan,nan,0.0,0.09574011952622374,share,6,True,-0.10729690187323533,12,14.884638409300084
enc2_attn,DKEpert<1000km 500hPa,24,0.0,0.0001662072609178722,0.00016620727304446822,0.00015930481564889004,0.0001768321126291994,nan,nan,nan,nan,0.0,0.02770458360604179,share,19,True,0.295546659685719,12,6.5249985560705746
enc2_mlp,DKEpert<1000km 500hPa,24,0.0,0.0001734420657157898,0.000173442068141109,0.00016442278147223987,0.00018525729325726085,nan,nan,nan,nan,0.0,0.028910529543039618,share,18,True,0.35624556477541686,12,5.6959104039350015
downsample,DKEpert<1000km 500hPa,24,0.0,0.0008212581160478294,0.0008212580093337843,0.000784586633744766,0.0008746132189116906,nan,nan,nan,nan,0.0,0.1368929936996914,share,5,True,-0.2404602816215047,12,19.598084233483462
dec0_attn,DKEpert<1000km 500hPa,24,0.0,0.00017483964620623738,0.00017483965226953538,0.00016903781752262146,0.00018444394784940718,nan,nan,nan,nan,0.0,0.029143488580410423,share,17,True,0.1000504351890167,12,9.817181496661277
dec0_mlp,DKEpert<1000km 500hPa,24,0.0,0.00018460855062585324,0.00018460854941319363,0.0001766435904452616,0.00019650560958931843,nan,nan,nan,nan,0.0,0.030771836261578943,share,14,True,0.18356070924281065,12,8.277793790023775
dec1_attn,DKEpert<1000km 500hPa,24,0.0,0.00020392729493323714,0.00020392730584717356,0.00019488458492560314,0.00021718720921247344,nan,nan,nan,nan,0.0,0.033992020871952515,share,12,True,0.12967873889847903,12,9.244978039864492
dec1_mlp,DKEpert<1000km 500hPa,24,0.0,0.0002728743420448154,0.0002728743384068366,0.0002615584076011146,0.00029105136157644057,nan,nan,nan,nan,0.0,0.04548459152153303,share,9,True,0.20902660048810837,12,7.850679869500569
dec2_attn,DKEpert<1000km 500hPa,24,0.0,0.00017843401292338967,0.00017843399473349564,0.00017071064542809232,0.00019081334782337459,nan,nan,nan,nan,0.0,0.029742618567188385,share,16,True,0.06163298335422208,12,10.606682701372149
dec2_mlp,DKEpert<1000km 500hPa,24,0.0,0.00018381670815870166,0.00018381669845742485,0.00017534742943704865,0.0001964923759563438,nan,nan,nan,nan,0.0,0.030639845039980892,share,15,True,0.237377768133674,12,7.39585518511375
upsample,DKEpert<1000km 500hPa,24,0.0,0.000435517868027091,0.000435517868027091,0.00041977198579843387,0.00045804243472957745,nan,nan,nan,nan,0.0,0.07259514560144092,share,7,True,0.05195453182401278,12,10.814674279111419
decoder_io,DKEpert<1000km 500hPa,24,0.0,0.0010362373432144523,0.0010362372850067914,0.0010107514444825938,0.0010767487800573388,nan,nan,nan,nan,0.0,0.17272723372633358,share,2,True,-0.2538322242374188,12,20.16434799194065
decoder_heads,DKEpert<1000km 500hPa,24,0.0,0.0009013475500978529,0.0009013476471106211,0.0008618301265717795,0.0009703115307881186,nan,nan,nan,nan,0.0,0.15024289124101217,share,4,True,0.14658385550012157,12,8.931744228625636
film,DKEpert<1000km 500hPa,24,0.0,0.00018616423767525703,0.000186164225548661,0.0001789637970129358,0.00019657551050234663,nan,nan,nan,nan,0.0,0.031031147173607738,share,13,True,0.09247038843235966,12,9.968558831547645
cond_embed,DKEpert<1000km 500hPa,24,0.0,0.0009089164086617529,0.0009089163359021768,0.0008817851992110567,0.0009496267729749282,nan,nan,nan,nan,0.0,0.1515044929000302,share,3,True,0.3137576907582199,12,6.2682089466198905
encoder_io,RMSE Z500,72,128.01566632588705,127.08593686421712,-0.9297294616699219,-1.7587285836537678,-0.3450724283854167,-0.7262622523895843,-0.17083734470074569,-0.3231655375759006,-0.06340689396775515,0.14297000358673648,-0.5444491449107214,share,2,True,0.07122931748295766,12,10.404166510670409
enc0_attn,RMSE Z500,72,128.01566632588705,128.55772018432617,0.5420538584391276,0.33820980389912925,0.7361896673838294,0.42342775224028545,0.09960213769520292,0.06214588999482534,0.1352744999024563,0.07173479658119371,0.31742649005944457,share,4,True,0.02382061930218385,12,11.441606417692517
enc0_mlp,RMSE Z500,72,128.01566632588705,127.78684743245442,-0.2288188934326172,-0.286798890431722,-0.15432961781819665,-0.17874288358591772,-0.042045362423149144,-0.05269915919032189,-0.02835799359244352,0.014178021309139938,-0.13399623869619304,share,8,True,-0.45173827852889575,12,31.77471390051239
enc1_attn,RMSE Z500,72,128.01566632588705,128.243527730306,0.2278614044189453,0.10240723292032879,0.35804100036621067,0.17799493683756085,0.041869424274021294,0.018817280156784934,0.06578986287763562,0.014002083160012089,0.13343553357040439,share,9,True,-0.19399426846814616,12,17.776463195102608
enc1_mlp,RMSE Z500,72,128.01566632588705,127.55393155415852,-0.4617347717285156,-0.7092793146769205,-0.059311882654825905,-0.36068614489189643,-0.08484354385890112,-0.13032973544038207,-0.010898530120528802,0.056976202744891916,-0.27039166984297186,share,6,True,0.25524301713896913,12,7.119803633484732
enc2_attn,RMSE Z500,72,128.01566632588705,128.07744471232095,0.06177838643391927,0.006757736206054688,0.11900086402893062,0.048258457895810354,0.01135174901235334,0.001241730801513895,0.0218663519506867,0.0,0.036177394666506574,share,17,True,0.057517468922991075,12,10.694660566167622
enc2_mlp,RMSE Z500,72,128.01566632588705,128.04248555501303,0.026819229125976562,-0.06145668029785156,0.1501566886901855,0.02094995862280118,0.0049280205475830865,-0.011292635663443186,0.027591219857454663,0.0,0.015705328234490903,share,18,False,-0.28066104257147484,12,21.36396527972654
downsample,RMSE Z500,72,128.01566632588705,128.17209498087564,0.15642865498860678,-0.1278032620747884,0.46149444580078125,0.12219493088477884,0.028743690670362237,-0.023483788389080704,0.08479938408441884,0.0008763495563530304,0.09160454837594237,share,12,False,-0.06865651930587695,12,13.769225315361616
dec0_attn,RMSE Z500,72,128.01566632588705,128.03435516357422,0.01868883768717448,-0.07241668701171876,0.11933175722757963,0.01459886764140153,0.0034340650023991855,-0.013306531664475967,0.021927153417959984,0.0,0.010944174749374397,share,19,False,-0.10766889948976412,12,14.895846156518331
dec0_mlp,RMSE Z500,72,128.01566632588705,128.1839427947998,0.1682764689127604,0.08827055295308431,0.27304557164510074,0.13144990276766766,0.030920720822419007,0.016219671962084438,0.05017199342953263,0.003053379708409799,0.09854262275779614,share,10,True,-0.1158253402282148,12,15.143958192824314
dec1_attn,RMSE Z500,72,128.01566632588705,128.11518732706705,0.09952100118001302,0.019976313908894854,0.18613155682881663,0.07774126717167903,0.018286936452476667,0.0036706381434600255,0.034201584702432695,0.0,0.0582794524934112,share,15,True,-0.37745688577531883,12,26.551546795099878
dec1_mlp,RMSE Z500,72,128.01566632588705,127.86511039733887,-0.1505559285481771,-0.26599726676940916,-0.021408557891845738,-0.11760742483260582,-0.027664579990751375,-0.04887687077369927,-0.003933812291530442,0.0,-0.08816548247493977,share,13,True,0.1293770563110244,12,9.250653062134218
dec2_attn,RMSE Z500,72,128.01566632588705,128.1280721028646,0.11240577697753906,-0.01900841395060221,0.259333324432373,0.08780626637632757,0.020654507853688504,-0.0034927869882286095,0.047652374550837484,0.0,0.06582477127112243,share,14,False,0.33666244945847834,12,5.955168868343023
dec2_mlp,RMSE Z500,72,128.01566632588705,127.93897565205891,-0.076690673828125,-0.18423647880554198,0.048264185587565095,-0.05990725668911101,-0.014091874701459409,-0.03385336502042382,0.008868521058925985,0.0,-0.044910023302212526,share,16,False,0.4226013653888331,12,4.870502576412325
upsample,RMSE Z500,72,128.01566632588705,127.78553326924641,-0.230133056640625,-0.34781700770060225,-0.0875108559926351,-0.17976944794770638,-0.04228683928519913,-0.06391120910657491,-0.016080078008304313,0.014419498171189917,-0.1347658120660504,share,7,True,0.09875701785907721,12,9.842863899758187
decoder_io,RMSE Z500,72,128.01566632588705,128.48267555236816,0.4670092264811198,-0.10027243296305338,1.1111161708831783,0.3648063083874932,0.08581272240150714,-0.01842501168385396,0.20416706591915365,0.05794538128749794,0.2734803881188967,share,5,False,-0.003897453014302133,12,12.093904862131222
decoder_heads,RMSE Z500,72,128.01566632588705,130.46101315816244,2.4453468322753906,1.8476773738861085,2.8238922119140617,1.9101934180855002,0.4493313129477034,0.33950983531423734,0.5188888457272398,0.4214639718336942,1.4319939796800238,share,1,True,-0.11967499508284268,12,15.262658524914341
film,RMSE Z500,72,128.01566632588705,128.17914390563965,0.16347757975260416,0.04104868570963542,0.2653438250223795,0.12770122942331322,0.030038927230375833,0.00754267640125535,0.04875680116465553,0.002171586116366627,0.09573239547396291,share,11,True,-0.21747242021087607,12,18.669845536265363
cond_embed,RMSE Z500,72,128.01566632588705,128.63177426656088,0.6161079406738281,0.22035789489746094,1.0117764314015705,0.4812754238261853,0.11320953995015955,0.04049065798185204,0.1859134362172191,0.08534219883615034,0.36079252653785526,share,3,True,0.3129096104204418,12,6.28000938489156
encoder_io,RMSE T850,72,1.1567243834336598,1.1687007347742717,0.011976351340611776,0.00764262874921163,0.01408641537030538,1.0353677602144749,0.324682587791269,0.20719402840224502,0.3818870760432975,0.3146866820962103,0.9633264747597835,share,1,True,-0.3893951227088469,12,27.305287089208992
enc0_attn,RMSE T850,72,1.1567243834336598,1.1546723047892253,-0.002052078644434611,-0.003169853240251541,-0.0006791216631730468,-0.17740428695236382,-0.0556324865292566,-0.08593570142464074,-0.01841119826506959,0.04563658083419789,-0.16506042869414092,share,6,True,0.04562071183491622,12,10.952873569119916
enc0_mlp,RMSE T850,72,1.1567243834336598,1.1568163832028706,9.199976921081543e-05,-0.00038113246361414594,0.00031591951847076367,0.00795347366480857,0.0024941421885541653,-0.010332618930264393,0.008564675824349981,0.0,0.007400067919854572,share,18,False,-0.583612242993547,12,45.638582297769275
enc1_attn,RMSE T850,72,1.1567243834336598,1.1574220061302185,0.0006976226965586344,-0.00024554754296938575,0.0016685371597607928,0.06031019199991164,0.01891276700045527,-0.006656869810318664,0.045234558293223454,0.008916861305396564,0.05611378573283526,share,11,False,0.22575150813732647,12,7.579824981386988
enc1_mlp,RMSE T850,72,1.1567243834336598,1.1551591753959656,-0.0015652080376942952,-0.002771178881327311,0.0005572912593682601,-0.13531382757300217,-0.0424332738458488,-0.07512751628877182,0.015108338349390729,0.0324373681507901,-0.1258986396052658,share,7,False,0.167019826590697,12,8.56520330945277
enc2_attn,RMSE T850,72,1.1567243834336598,1.1567874153455098,6.303191184997559e-05,-0.00022559364636739096,0.00030937840541203805,0.005449172919037941,0.001708814618980259,-0.006115913503927929,0.008387344226892536,0.0,0.005070017379492199,share,19,False,0.24019032854898364,12,7.351868376590129
enc2_mlp,RMSE T850,72,1.1567243834336598,1.1570761303106945,0.0003517468770345052,-0.00023674145340919496,0.0009087493022282917,0.030408875447958297,0.009535966592411823,-0.006418133999602345,0.024636474558028434,0.0,0.028293014243193033,share,15,False,-0.12938390080152518,12,15.566685272757296
downsample,RMSE T850,72,1.1567243834336598,1.160380611817042,0.0036562283833821616,0.0021163026491800943,0.004847705364227295,0.31608466422475595,0.09912148193639818,0.05737361915521521,0.13142279127780943,0.08912557624133947,0.29409137218082665,share,3,True,-0.23028172710408135,12,19.180239374731954
dec0_attn,RMSE T850,72,1.1567243834336598,1.157418469587962,0.0006940861543019613,0.0004267749687035879,0.0009720727801322937,0.060004454323130334,0.018816890246419502,0.01157000135536609,0.026353193622882153,0.008820984551360794,0.055829321400747124,share,12,True,-0.41538126441018736,12,29.05239626948797
dec0_mlp,RMSE T850,72,1.1567243834336598,1.1576082805792491,0.0008838971455891927,0.0003746628761291504,0.0013613005479176838,0.07641380766655947,0.02396272490754729,0.01015722641322564,0.03690527875220202,0.013966819212488582,0.07109690565133144,share,9,True,-0.15741157648541998,12,16.483657418282473
dec1_attn,RMSE T850,72,1.1567243834336598,1.15690416097641,0.00017977754275004068,-0.00033152302106221514,0.0006961561739444733,0.015541951507616959,0.004873824769060007,-0.008987691604024113,0.01887300911895378,0.0,0.014460536566851116,share,16,False,-0.00506589875622451,12,12.122200626149409
dec1_mlp,RMSE T850,72,1.1567243834336598,1.1568261682987213,0.00010178486506144206,-0.000494010994831721,0.0007014257212479908,0.008799405158150158,0.002759419162501456,-0.013392790812289999,0.019015868175634325,0.0,0.008187139175772589,share,17,False,0.08380714869806188,12,10.144161005793631
dec2_attn,RMSE T850,72,1.1567243834336598,1.1576520601908367,0.0009276767571767172,0.0006128966808319092,0.0011952072381973267,0.08019859963727662,0.025149603713827195,0.016615818517814008,0.03240243777158099,0.015153698018768489,0.07461835034659103,share,8,True,-0.29965072499845613,12,22.2686154703981
dec2_mlp,RMSE T850,72,1.1567243834336598,1.15734467903773,0.0006202956040700277,6.138011813163758e-05,0.001150755087534586,0.05362518616826605,0.016816405614459632,0.001664033980560883,0.031197326223030786,0.006820499919400927,0.049893925168301406,share,13,True,0.25664894467907917,12,7.098412569095881
upsample,RMSE T850,72,1.1567243834336598,1.155849665403366,-0.0008747180302937826,-0.0013413275281588235,-0.0003605484962463379,-0.07562026380884615,-0.023713876253813992,-0.03636380401111601,-0.009774581210601974,0.013717970558755286,-0.07035857687928246,share,10,True,-0.4921761237994098,12,35.26047971505777
decoder_io,RMSE T850,72,1.1567243834336598,1.1545912424723308,-0.002133140961329142,-0.0047926818331082656,-8.973255753517321e-05,-0.18441220673476721,-0.0578301110037844,-0.12993108633654243,-0.002432677379032262,0.047834205308725695,-0.17158073473301505,share,5,True,-0.16583596914904153,12,16.771319683392246
decoder_heads,RMSE T850,72,1.1567243834336598,1.1604022185007732,0.0036778350671132407,0.0018277833859125772,0.005120481799046198,0.317952584019698,0.09970724581288078,0.04955177272126259,0.1388178447650223,0.08971134011782206,0.29582932140074714,share,2,True,0.027243221514909155,12,11.36350291472979
film,RMSE T850,72,1.1567243834336598,1.1572120587031047,0.0004876752694447835,8.262321352958679e-05,0.0008087913195292153,0.042160023288966356,0.013221027338118188,0.0022399408649150807,0.0219265827412213,0.0032251216430594816,0.0392265127149963,share,14,True,-0.10793109852530706,12,14.903751448262827
cond_embed,RMSE T850,72,1.1567243834336598,1.1592500110467274,0.002525627613067627,0.0013996596137682597,0.0039352610707283015,0.21834307716160253,0.06847054548468134,0.03794520488758413,0.10668614436398431,0.05847463978962263,0.2031506821950099,share,4,True,-0.02264337997195548,12,12.556031553059245
encoder_io,RMSE Q700,72,0.0010541601416965325,0.0010587261737479519,4.566032051419218e-06,1.4259310167593261e-06,6.98645890224725e-06,0.4331440614014099,0.28099032957316283,0.08775076956002986,0.4299416577423348,0.2689645263876053,1.0,colmax,1,True,0.30300304739344197,12,6.4189899233237915
enc0_attn,RMSE Q700,72,0.0010541601416965325,0.0010516897212558736,-2.470420440658927e-06,-2.774135888709376e-06,-2.148581067255388e-06,-0.23434963464688668,-0.1520278977431333,-0.17071832805179282,-0.13222213409892675,0.1400020945575758,-0.5410431667668799,colmax,6,True,0.023539009928467563,12,11.448055977541388
enc0_mlp,RMSE Q700,72,0.0010541601416965325,0.0010522427037358284,-1.917437960704168e-06,-2.2114438858504096e-06,-1.661452552070842e-06,-0.18189247390992253,-0.11799775350829893,-0.13609066675835535,-0.10224459550857752,0.10597195032274143,-0.4199352827819481,colmax,7,True,-0.25963158315780926,12,20.416293637111742
enc1_attn,RMSE Q700,72,0.0010541601416965325,0.001053094194503501,-1.0659471930315096e-06,-1.4475372154265642e-06,-4.061638416411981e-07,-0.10111814617805673,-0.06559762386784262,-0.08908039949165582,-0.024995030792214604,0.05357182068228512,-0.23345153538731533,colmax,8,True,0.017251197947935833,12,11.59299261422777
enc1_mlp,RMSE Q700,72,0.0010541601416965325,0.0010534789859472464,-6.811557492862145e-07,-1.5810039864542583e-06,3.2376459178825e-07,-0.06461596510279582,-0.04191783507588334,-0.09729384862118634,0.019924240199414293,0.029892031890325844,-0.14917892419841797,colmax,10,False,0.08480817251775977,12,10.123727132602411
enc2_attn,RMSE Q700,72,0.0010541601416965325,0.001054022218643998,-1.3792305253446102e-07,-4.6662898967042565e-07,1.754320692270994e-07,-0.013083690710644016,-0.008487685489493876,-0.028716012528893796,0.010795963408645533,0.0,-0.030206325969961523,colmax,16,False,0.12368602091053782,12,9.358279406690917
enc2_mlp,RMSE Q700,72,0.0010541601416965325,0.0010540740137609343,-8.612793559829394e-08,-2.2563860208416978e-07,1.3864046195521944e-07,-0.0081702895216359,-0.0053002512327302975,-0.01388563734333662,0.00853183434944661,0.0,-0.018862753180088516,colmax,17,False,-0.14052426361078496,12,15.923999461378115
downsample,RMSE Q700,72,0.0010541601416965325,0.0010508245807917167,-3.335560904815793e-06,-4.21558894837896e-06,-2.0582325911770263e-06,-0.3164188032614898,-0.20526801989141247,-0.259424312972531,-0.1266621538395238,0.19324221670585498,-0.7305163142205783,colmax,3,True,0.04393855111962876,12,10.9898589090899
dec0_attn,RMSE Q700,72,0.0010541601416965325,0.0010538157463694613,-3.4439532707134884e-07,-5.877715011592954e-07,-1.430356254180275e-07,-0.03267011466750106,-0.02119384081571588,-0.03617103558726192,-0.008802309548927195,0.00916803763015838,-0.07542551677102301,colmax,13,True,0.13859719004436488,12,9.078569497492657
dec0_mlp,RMSE Q700,72,0.0010541601416965325,0.0010541933685696374,3.322687310477098e-08,-1.6140426547887425e-07,3.47061480473106e-07,0.003151975851723694,0.00204475788151625,-0.0099327024516454,0.021357913979157536,0.0,0.00727696887157053,colmax,19,False,0.004018996019283228,12,11.903930199682254
dec1_attn,RMSE Q700,72,0.0010541601416965325,0.001054656837368384,4.966956718514363e-07,2.741794257114331e-07,7.578280929010357e-07,0.04711766762989822,0.030566294533065832,0.016872804729631697,0.04663619597630212,0.018540491347508334,0.1087805924833692,colmax,12,True,-0.4790342041285594,12,34.06828354221264
dec1_mlp,RMSE Q700,72,0.0010541601416965325,0.0010536215365088235,-5.386051877091328e-07,-8.316902191533397e-07,-1.1429947335273039e-07,-0.05109329848521102,-0.0331453760069783,-0.05118161812071272,-0.007033907411455862,0.021119572821420803,-0.11795913424254721,colmax,11,True,0.12387210422116736,12,9.354743044033262
dec2_attn,RMSE Q700,72,0.0010541601416965325,0.0010543343087192625,1.7416702272991338e-07,-2.0571775773229697e-07,5.71942655369639e-07,0.01652187517255342,0.010718113356747806,-0.012659722904547567,0.03519693979793957,0.0,0.038144064861695096,colmax,15,False,0.3289159306014213,12,6.059833167278257
dec2_mlp,RMSE Q700,72,0.0010541601416965325,0.0010532770635715376,-8.830781249950329e-07,-1.1969221911082665e-06,-4.1362921668527045e-07,-0.08377077543207377,-0.05434399289949772,-0.07365773108149945,-0.025454444604995255,0.04231818971394022,-0.19340164831312426,colmax,9,True,0.342092359272145,12,5.882524875572561
upsample,RMSE Q700,72,0.0010541601416965325,0.0010543781972955912,2.180555990586678e-07,-1.1826850823126734e-07,5.491213717808325e-07,0.02068524415158933,0.013418984789150584,-0.007278158964236976,0.03379253441385818,0.0013931816035930866,0.04775603775950096,colmax,14,False,0.11955813575109185,12,9.437028800562306
decoder_io,RMSE Q700,72,0.0010541601416965325,0.0010507366290160765,-3.4235126804560423e-06,-6.1119314826404056e-06,-9.614329125421756e-07,-0.3247621063481254,-0.21068050892902598,-0.3761238691046673,-0.05916589018987339,0.1986547057434685,-0.7497785039401865,colmax,2,True,0.4342092710087508,12,4.733959600693143
decoder_heads,RMSE Q700,72,0.0010541601416965325,0.0010567197459749877,2.559604278455178e-06,1.7895945347845554e-06,3.692509684090813e-06,0.24280981391838913,0.15751620700000304,0.11013036099366501,0.22723439113010122,0.14549040381444556,0.5605751886169085,colmax,5,True,0.10168986208517893,12,9.784715305063232
film,RMSE Q700,72,0.0010541601416965325,0.0010540958222312231,-6.431946530938148e-08,-4.2358563708451885e-07,3.0622031772509206e-07,-0.006101489021000902,-0.003958173650935106,-0.026067155557929586,0.01884457818749382,0.0,-0.014086512005405142,colmax,18,False,0.3922739507764398,12,5.237986810437516
cond_embed,RMSE Q700,72,0.0010541601416965325,0.0010569567093625665,2.7965676660339036e-06,1.8711490459584941e-06,4.133261245442554e-06,0.26528869337947025,0.17209876350041645,0.1151491669755066,0.2543579253255341,0.16007296031485896,0.6124721934802608,colmax,4,True,-0.09400302773395221,12,14.490154751811195
encoder_io,RMSE U500,72,3.018864929676056,3.019194940725962,0.0003300110499064128,-0.00996816505988439,0.008037156860033668,0.01093162687281359,0.003262818950757007,-0.09855523889544958,0.07946336257698428,0.0,0.012340881752657823,share,16,False,0.24020793553503272,12,7.351593641953487
enc0_attn,RMSE U500,72,3.018864929676056,3.0173516273498535,-0.0015133023262023926,-0.004039103786150614,-6.531129280726243e-05,-0.050128189284864094,-0.014962018725003549,-0.0399346154659487,-0.0006457326926792542,0.0007578540344383245,-0.05659048407312994,share,7,True,-0.2373679877477444,12,19.46996141575752
enc0_mlp,RMSE U500,72,3.018864929676056,3.0176354249318442,-0.0012295047442118328,-0.0026330436269442242,9.491095940271817e-05,-0.04072738505540779,-0.012156112289566277,-0.02603289994865301,0.0009383845694304437,0.0,-0.045977771553264546,share,8,False,0.09847556423131748,12,9.848460522464627
enc1_attn,RMSE U500,72,3.018864929676056,3.019442319869995,0.000577390193939209,-0.0010720729827880858,0.002360179523626963,0.019126069148153863,0.00570865632317576,-0.010599584607326157,0.023335092806930455,0.0,0.021591713703431003,share,14,False,-0.23350661119240626,12,19.31142466517022
enc1_mlp,RMSE U500,72,3.018864929676056,3.0186697244644165,-0.0001952052116394043,-0.0037936458985010782,0.005513822038968402,-0.006466179050294612,-0.0019299937502220105,-0.037507773553646644,0.05451515349243507,0.0,-0.007299769007818369,share,17,False,0.09578452938062962,12,9.90211611544244
enc2_attn,RMSE U500,72,3.018864929676056,3.0186768968900046,-0.00018803278605143228,-0.000875490407148997,0.0006027877330780026,-0.006228592216996254,-0.0018590799849466774,-0.008655972860489986,0.005959761769578688,0.0,-0.007031553576589622,share,18,False,-0.09834204068337428,12,14.617632276201283
enc2_mlp,RMSE U500,72,3.018864929676056,3.0183308521906533,-0.0005340774854024252,-0.0015714118878046672,0.0011252154906590773,-0.0176913342545516,-0.005280423613202836,-0.015536547907798647,0.011125004534390408,0.0,-0.019972019409584284,share,15,False,0.05918541810093845,12,10.658922214989222
downsample,RMSE U500,72,3.018864929676056,3.021115024884542,0.0022500952084859214,-0.0016031463940938313,0.008178140223026277,0.07453447772263767,0.022246689283093427,-0.01585030694266298,0.08085726495887177,0.008042524592528202,0.08414311856533721,share,4,False,-0.048224043295015874,12,13.21601836117733
dec0_attn,RMSE U500,72,3.018864929676056,3.0179054141044617,-0.0009595155715942383,-0.002415796120961507,0.0007841388384501139,-0.03178398484019623,-0.00948672958506074,-0.023884974054274245,0.007752779983716243,0.0,-0.03588142946194201,share,10,False,-0.020948905612065336,12,12.513531660984336
dec0_mlp,RMSE U500,72,3.018864929676056,3.0194586912790933,0.0005937616030375162,-0.0007837474346160889,0.0021863306562105804,0.019668372612524628,0.005870520430064609,-0.007748910174364652,0.021616249212648757,0.0,0.022203928427343707,share,13,False,-0.016827463353118837,12,12.41077136049001
dec1_attn,RMSE U500,72,3.018864929676056,3.0197354356447854,0.0008705059687296549,-0.00010377168655395508,0.002049687504768371,0.028835538820316347,0.008606691722364088,-0.0010259905707287085,0.020265258498418925,0.0,0.03255288339018361,share,12,False,-0.2839887069525638,12,21.519024396742275
dec1_mlp,RMSE U500,72,3.018864929676056,3.017769455909729,-0.0010954737663269043,-0.00256411482890447,0.0006461019317309061,-0.0362876045085083,-0.01083094813292529,-0.025351400985024995,0.006388009212328335,0.0,-0.0409656349907462,share,9,False,0.33963825104339507,12,5.9152842054989705
dec2_attn,RMSE U500,72,3.018864929676056,3.019776920477549,0.0009119908014933268,-0.0005133271217346191,0.002357727289199829,0.030209725268867504,0.009016852226228063,-0.005075264786461678,0.02331084756737614,0.0,0.03410422361291387,share,11,False,0.816217683418958,12,1.2142750393339137
dec2_mlp,RMSE U500,72,3.018864929676056,3.018776257832845,-8.867184321085612e-05,-0.0009413982431093851,0.0007731586694717395,-0.002937257720250876,-0.000876698433306955,-0.0093076035747825,0.007644219062997636,0.0,-0.0033159154281825324,share,19,False,-0.43626406457780786,12,30.573124209344513
upsample,RMSE U500,72,3.018864929676056,3.020524283250173,0.0016593535741170247,0.00043634325265884405,0.0032651255528132117,0.054966141671501816,0.016406027280513165,0.004314125342814964,0.032282293375755465,0.002201862589947942,0.062052122951142444,share,5,True,-0.14752935063048722,12,16.15346196112488
decoder_io,RMSE U500,72,3.018864929676056,3.0223382910092673,0.003473361333211263,-0.0004658728837966919,0.007849634687105814,0.11505520830254495,0.03434112034746177,-0.00460608477906038,0.07760933102352677,0.020136955656896546,0.12988759470196512,share,3,False,-0.1564186298662857,12,16.45013041977896
decoder_heads,RMSE U500,72,3.018864929676056,3.0246642231941223,0.005799293518066406,0.0023108889659245813,0.010313570002714791,0.19210178835953118,0.05733760974705366,0.02284775710768547,0.10197025725156758,0.04313344505648843,0.21686666423960183,share,1,True,0.788461678578618,12,1.4193537873699522
film,RMSE U500,72,3.018864929676056,3.0204057693481445,0.001540839672088623,-0.00026185115178426106,0.0029350911577542623,0.05104036477226443,0.015234280438775326,-0.0025889220999161288,0.029019243611496527,0.0010301157482101011,0.0576202530140802,share,6,False,-0.00244462893660786,12,12.058814875023975
cond_embed,RMSE U500,72,3.018864929676056,3.0240734616915383,0.005208532015482585,0.0005315090219179789,0.009916650752226506,0.17253279417312306,0.051496751307450475,0.005255029217064418,0.09804591698241383,0.037292586616885254,0.1947749256463732,share,2,True,0.14327535678270437,12,8.992318130199617
encoder_io,RMSE MSLP,72,127.44974772135417,127.94579378763835,0.4960460662841797,0.13224484125773112,0.8737385431925453,0.38920913940818047,0.06378133161208745,0.017003969283399235,0.11234482350213781,0.04981395956875391,0.1690643687990427,share,4,True,-0.13144083091808847,12,15.631968960006022
enc0_attn,RMSE MSLP,72,127.44974772135417,127.88866933186848,0.43892161051432294,0.13908133506774903,0.6974285761515299,0.34438797907544366,0.05643630036547345,0.017883001914435023,0.08967498447166981,0.042468928322139915,0.149594987396496,share,6,True,0.14172978107845255,12,9.02073572726651
enc0_mlp,RMSE MSLP,72,127.44974772135417,127.2313626607259,-0.21838506062825522,-0.32506895065307617,-0.08159362475077311,-0.17134993558850714,-0.028079831527334096,-0.04179718769611053,-0.010491263597038348,0.014112459484000556,-0.0744308541882578,share,8,True,0.17386731568135072,12,8.445240854218365
enc1_attn,RMSE MSLP,72,127.44974772135417,127.69379234313965,0.24404462178548178,0.057615009943644206,0.40850464502970374,0.19148301675656607,0.03137912385203548,0.007408106433695724,0.05252530359708765,0.017411751808701935,0.08317624661360903,share,7,True,-0.0625732470648818,12,13.60200028946806
enc1_mlp,RMSE MSLP,72,127.44974772135417,127.35167249043782,-0.09807523091634114,-0.3680540720621745,0.32740592956542913,-0.07695207928599819,-0.012610459493944598,-0.04732419107206085,0.04209767516513895,0.0,-0.03342638544419476,share,12,False,0.5289233451620002,12,3.697320651125927
enc2_attn,RMSE MSLP,72,127.44974772135417,127.46310869852702,0.013360977172851562,-0.10908509890238444,0.12659630775451658,0.010483329635193099,0.0017179471296018109,-0.014026102291565003,0.01627768393819076,0.0,0.0045537407224846066,share,17,False,0.667202827439613,12,2.3953690606785476
enc2_mlp,RMSE MSLP,72,127.44974772135417,127.44821675618489,-0.0015309651692708333,-0.1256358782450358,0.1588892141977946,-0.0012012304430904105,-0.0001968506632444045,-0.016154192437707545,0.020429888167942393,0.0,-0.0005217895626810817,share,19,False,-0.0084212573732495,12,12.203826653668054
downsample,RMSE MSLP,72,127.44974772135417,127.89750417073567,0.44775644938151044,0.11746848424275716,0.7232596079508463,0.35131999661580265,0.05757227910984399,0.015104033388633515,0.09299632439764903,0.04360490706651045,0.15260611188279843,share,5,True,-0.2180042468603285,12,18.690703758481135
dec0_attn,RMSE MSLP,72,127.44974772135417,127.44544792175293,-0.0042997996012369795,-0.15672411918640136,0.10552035967508949,-0.0033737215475998536,-0.0005528658785389982,-0.020151501436791022,0.01356775007345375,0.0,-0.0014654745898721579,share,18,False,0.12867843621953354,12,9.263806616512591
dec0_mlp,RMSE MSLP,72,127.44974772135417,127.63641866048177,0.18667093912760416,0.11741897265116374,0.27512613932291663,0.14646630728193075,0.02400204714861425,0.01509766721529458,0.03537556835952268,0.01003467510528071,0.06362192272411422,share,9,True,-0.1001041074129053,12,14.669751687612248
dec1_attn,RMSE MSLP,72,127.44974772135417,127.43624877929688,-0.013498942057291666,-0.09163602193196614,0.10547221501668272,-0.010591580053029733,-0.0017356865789058123,-0.01178250952827212,0.013561559659635543,0.0,-0.004600762456330867,share,16,False,-0.2321584742566682,12,19.256449664878556
dec1_mlp,RMSE MSLP,72,127.44974772135417,127.31351979573567,-0.1362279256184896,-0.23513992627461752,-0.04470481872558596,-0.10688756004156816,-0.01751611208972262,-0.030234162978668273,-0.005748121115350919,0.0035487400463890782,-0.046429736717836394,share,11,True,-0.04156127779527762,12,13.04072450744911
dec2_attn,RMSE MSLP,72,127.44974772135417,127.58919016520183,0.13944244384765625,0.031558020909627275,0.24689575831095353,0.1094097448921766,0.017929433083644426,0.004057713050192816,0.03174572142545171,0.003962061040310883,0.04752532144745248,share,10,True,0.009691160997828196,12,11.76964454782587
dec2_mlp,RMSE MSLP,72,127.44974772135417,127.43596776326497,-0.013779958089192709,-0.17975829442342123,0.1646159331003824,-0.010812071687517261,-0.0017718194664282489,-0.023113223077300186,0.02116622654899491,0.0,-0.004696539444165185,share,15,False,0.7672320245033225,12,1.5805596929159083
upsample,RMSE MSLP,72,127.44974772135417,127.40833600362141,-0.0414117177327474,-0.1459177335103353,0.11660866737365722,-0.03249258509580312,-0.005324695992701117,-0.018762022283178664,0.014993478606363932,0.0,-0.014114104304498448,share,14,False,-0.5501407672268102,12,41.350022077017876
decoder_io,RMSE MSLP,72,127.44974772135417,126.94364802042644,-0.5060997009277344,-0.9561611334482828,-0.19037458101908428,-0.397097452114405,-0.06507402245007905,-0.12294267502993667,-0.02447825939523568,0.05110665040674551,-0.17249088804932342,share,3,True,-0.32579255004815705,12,23.597352123169607
decoder_heads,RMSE MSLP,72,127.44974772135417,128.84133529663086,1.3915875752766926,1.0660477797190349,1.8570555051167803,1.0918715808831156,0.1789295685194191,0.1370718398432703,0.2387791800893946,0.16496219647608557,0.47428634361543714,share,1,True,-0.25205281074188657,12,20.087826981214445
film,RMSE MSLP,72,127.44974772135417,127.53717231750488,0.08742459615071614,-0.12697003682454427,0.2630441029866536,0.06859534656895061,0.0112410067071214,-0.0163257378173941,0.03382206674245511,0.0,0.02979639426727056,share,13,False,0.38048789867320926,12,5.385157829392396
cond_embed,RMSE MSLP,72,127.44974772135417,128.33536593119302,0.8856182098388672,0.5293342272440593,1.4087479909261067,0.694876392988326,0.11387230453527242,0.06806150512267081,0.18113604536810254,0.09990493249193888,0.30183987701974735,share,2,True,0.09879118292612407,12,9.84218473257772
encoder_io,RMSE T2M,72,1.1017859776814778,1.1179347336292267,0.01614875594774882,0.010365314036607742,0.02076752136150994,1.465689006292415,0.9045099820239311,0.5805728963432283,1.1632122272551626,0.8929852886979657,0.6992375793307745,share,2,True,0.5763366883219307,12,3.2251737701727263
enc0_attn,RMSE T2M,72,1.1017859776814778,1.089047114054362,-0.012738863627115885,-0.01386397381623586,-0.01182141900062561,-1.1562012845655076,-0.7135180782748874,-0.7765367653012225,-0.662130972958558,0.7019933849489222,-0.5515899921251265,share,3,True,-0.3497951680746242,12,24.911445165566665
enc0_mlp,RMSE T2M,72,1.1017859776814778,1.0979374647140503,-0.0038485129674275718,-0.0046014028290907545,-0.002688206235567729,-0.3492976898767687,-0.21555953946235973,-0.25772974733734455,-0.15056945449404383,0.20403484613639436,-0.16663976470226408,share,6,True,0.02233907996495567,12,11.475577203624736
enc1_attn,RMSE T2M,72,1.1017859776814778,1.1022688547770183,0.00048287709554036457,-0.00027780905365943904,0.001216634859641392,0.04382675994447648,0.027046489179735834,-0.015560397528121276,0.06814508675371554,0.015521795853770465,0.02090847198957071,share,14,False,0.10813462488689225,12,9.65801831383952
enc1_mlp,RMSE T2M,72,1.1017859776814778,1.0967397789160411,-0.0050461987654368086,-0.005744605014721552,-0.0037895162900288904,-0.45800172335245004,-0.2826432679633573,-0.3217617874350698,-0.21225506921177106,0.271118574637392,-0.21849929622955616,share,4,True,-0.16309105296804874,12,16.676954745333525
enc2_attn,RMSE T2M,72,1.1017859776814778,1.101550946633021,-0.0002350310484568278,-0.00047744413216908773,9.798184037208556e-05,-0.021331824257866384,-0.01316435334725498,-0.026742182791231937,0.005488073072649377,0.0016396600212896136,-0.010176792684357583,share,18,False,0.38641419601063187,12,5.310844096273199
enc2_mlp,RMSE T2M,72,1.1017859776814778,1.1014585395654042,-0.0003274381160736084,-0.000645801176627477,0.00011604775985081975,-0.02971884945955171,-0.018340177128317824,-0.03617205019088684,0.006499965540145216,0.0068154838023524586,-0.01417799837986011,share,17,False,-0.15266094267485186,12,16.323962872385945
downsample,RMSE T2M,72,1.1017859776814778,1.099366307258606,-0.0024196704228719077,-0.003595112760861715,-0.0016884312033653263,-0.21961347048214344,-0.13552846162126847,-0.20136630891089455,-0.09457093056245683,0.12400376829530309,-0.10477119691087305,share,8,True,-0.12664881494669314,12,15.480354307339844
dec0_attn,RMSE T2M,72,1.1017859776814778,1.1016221344470978,-0.00016384323438008627,-0.00036639918883641563,0.00011320908864339192,-0.014870695189356707,-0.0091770438207987,-0.020522430630590394,0.006340968373359726,0.0,-0.007094375998271679,share,19,False,-0.12299721665604518,12,15.365933672969147
dec0_mlp,RMSE T2M,72,1.1017859776814778,1.1022505164146423,0.0004645387331644694,0.0001168176531791687,0.0008016228675842285,0.04216233847357657,0.0260193368791723,0.006543088131311895,0.04489979834326867,0.014494643553206931,0.020114424933679757,share,15,True,-0.16997761238609724,12,16.914882728637863
dec1_attn,RMSE T2M,72,1.1017859776814778,1.1010150412718456,-0.0007709364096323649,-0.0009157188236713409,-0.0006318591535091402,-0.06997152126174905,-0.04318101532244485,-0.05129044115954974,-0.03539114179639828,0.03165632199647948,-0.03338137690813518,share,11,True,-0.24345573582212343,12,19.723193389193668
dec1_mlp,RMSE T2M,72,1.1017859776814778,1.1009434858957927,-0.0008424917856852213,-0.0010356031358242034,-0.0006938149531682333,-0.07646601089061804,-0.0471889124085549,-0.05800529630883778,-0.038861355812713064,0.035664219082589536,-0.03647970894691229,share,10,True,0.17524138295022124,12,8.421336712763244
dec2_attn,RMSE T2M,72,1.1017859776814778,1.102125883102417,0.0003399054209391276,9.506195783615112e-05,0.0006019738813241322,0.030850403601469054,0.0190384848949523,0.00532452716802146,0.03371723409141435,0.007513791568986933,0.014717829937359107,share,16,True,-0.4712720417587149,12,33.391963155932814
dec2_mlp,RMSE T2M,72,1.1017859776814778,1.101202478011449,-0.0005834996700286865,-0.0007879291971524556,-0.0002981225649515788,-0.05295943875203085,-0.03268247274008689,-0.044132800462059675,-0.016698180140797245,0.021157779414121527,-0.025265407324955046,share,13,True,-0.6613413313594203,12,58.86781536211416
upsample,RMSE T2M,72,1.1017859776814778,1.099428613980611,-0.0023573637008666992,-0.0030081525444984438,-0.0017494298517704012,-0.21395840468285612,-0.13203859204968962,-0.1684900070787701,-0.09798753346059214,0.12051389872372427,-0.10207332955738006,share,9,True,-0.2735602678596914,12,21.037840495437692
decoder_io,RMSE T2M,72,1.1017859776814778,1.1066575447718303,0.004871567090352376,0.0031208197275797525,0.006845748921235403,0.442151850634709,0.27286195144569403,0.1748006227121538,0.383438096019413,0.26133725811972863,0.21093778312256423,share,5,True,-0.06257732816188777,12,13.602111748524756
decoder_heads,RMSE T2M,72,1.1017859776814778,1.1314498881498973,0.029663910468419392,0.026061912377675373,0.03333805824319521,2.692347794336798,1.6615089862875707,1.4597570223065135,1.867302135213016,1.6499842929616055,1.2844407963397269,share,1,True,-0.28051313970980857,12,21.357106744548545
film,RMSE T2M,72,1.1017859776814778,1.1023786465326946,0.0005926688512166342,0.00039503971735636395,0.0007764282325903574,0.05379164948748082,0.033196048890368667,0.0221266188430171,0.043488618502596006,0.021671355564403298,0.025662430852900524,share,12,True,-0.4739149254813716,12,33.61999790995814
cond_embed,RMSE T2M,72,1.1017859776814778,1.1049067676067352,0.0031207899252573648,0.0016002240280310314,0.004701107740402222,0.28324828854915535,0.17479895345056023,0.0896303474714648,0.2633143315511276,0.16327426012459487,0.13512951709701385,share,7,True,-0.032590694678207785,12,12.80852713321463
encoder_io,SpecDiv> Z500,72,0.0004235241819211903,0.0004195462679490447,-3.977913972145568e-06,-1.553763043678676e-05,2.8022515834891108e-06,-0.9392412858460537,-0.029121713533465224,-0.11374866971416647,0.020514864935365397,0.021484821538601276,-0.08459848522712439,colmax,19,False,0.09339296718445401,12,9.95002228869397
enc0_attn,SpecDiv> Z500,72,0.0004235241819211903,0.00046490697422996163,4.1382792308771364e-05,3.194461896782741e-05,5.4972074152222673e-05,9.7710577282862,0.3029572361970695,0.233861780076406,0.40244233711720256,0.29532034420220554,0.8800898079508891,colmax,3,True,0.2778181091611455,12,6.782015865900803
enc0_mlp,SpecDiv> Z500,72,0.0004235241819211903,0.00044232455305367086,1.8800371132480603e-05,1.2535564383142627e-05,2.6530298540213453e-05,4.439031331622758,0.1376347066016676,0.09177099291297354,0.19422434961022683,0.12999781460680362,0.39982838509143453,colmax,16,True,0.021747353797534872,12,11.48917265192716
enc1_attn,SpecDiv> Z500,72,0.0004235241819211903,0.00044461764870599535,2.109346678480506e-05,1.2656446233449968e-05,2.9640028697031084e-05,4.980463379710901,0.15442211707847306,0.09265595086849887,0.21699021921609343,0.1467852250836091,0.44859575915380523,colmax,13,True,0.05446349134315065,12,10.76038971195614
enc1_mlp,SpecDiv> Z500,72,0.0004235241819211903,0.00044671249876652536,2.3188316845335066e-05,1.498307695631714e-05,3.427111587370744e-05,5.475086862844107,0.16975820121339782,0.1096888665836046,0.2508937161373531,0.16212130921853388,0.4931470348072605,colmax,11,True,0.2662784900646178,12,6.953176720845419
enc2_attn,SpecDiv> Z500,72,0.0004235241819211903,0.0004459140933856058,2.238991146441549e-05,1.637336875622471e-05,2.989961570468343e-05,5.286572153412912,0.16391319477295532,0.11986698501661742,0.21889061689356853,0.15627630277809137,0.4761673096809903,colmax,12,True,-0.01053158064697658,12,12.255448208941026
enc2_mlp,SpecDiv> Z500,72,0.0004235241819211903,0.0004471019371218669,2.357775520067662e-05,1.679713974832945e-05,3.148675568809267e-05,5.567038721076849,0.17260922119588465,0.12296934910047674,0.23050983145124856,0.1649723292010207,0.501429238792046,colmax,9,True,0.0749680943942851,12,10.326244030082899
downsample,SpecDiv> Z500,72,0.0004235241819211903,0.0004435314452469659,2.0007263325775664e-05,6.274104574307179e-06,3.3309005872676297e-05,4.7239955071794775,0.14647018393099687,0.04593178167536582,0.24385025264520557,0.13883329193613292,0.42549541864222135,colmax,15,True,0.3801571074564841,12,5.389324643069094
dec0_attn,SpecDiv> Z500,72,0.0004235241819211903,0.00044698309163019684,2.3458909709006548e-05,1.742990261845989e-05,3.094380729938469e-05,5.538977633482992,0.1717391711175284,0.12760171148125815,0.2265349874626336,0.16410227912266445,0.49890174608059906,colmax,10,True,0.03243420954324654,12,11.246033285372931
dec0_mlp,SpecDiv> Z500,72,0.0004235241819211903,0.0004483160810195841,2.4791899098393817e-05,1.8502290974235317e-05,3.247966318061419e-05,5.853715125765147,0.18149778716923426,0.13545250632302577,0.23777875877469368,0.1738608951743703,0.5272504946849256,colmax,6,True,-0.058349586253136534,12,13.487165565512864
dec1_attn,SpecDiv> Z500,72,0.0004235241819211903,0.0004478238333831541,2.429965146196385e-05,1.7449346038726314e-05,3.290878375992179e-05,5.737488554192059,0.17789411580881345,0.1277440538544403,0.24092028638675766,0.1702572238139495,0.5167818408401703,colmax,7,True,0.20795397468453058,12,7.868306659835978
dec1_mlp,SpecDiv> Z500,72,0.0004235241819211903,0.00044356311749046046,2.0038935569270205e-05,1.2830455186000714e-05,2.8234304045326996e-05,4.731473768125729,0.14670205169095063,0.09392984439760099,0.20669911918212855,0.13906515969608665,0.4261689937477025,colmax,14,True,0.16829048883563255,12,8.542836074887001
dec2_attn,SpecDiv> Z500,72,0.0004235241819211903,0.00044835930020781234,2.4835118286622066e-05,1.7908595449019534e-05,3.434906763383574e-05,5.863919782328605,0.1818141883854358,0.13110615013420435,0.25146438932027804,0.17417729639057186,0.5281696392120465,colmax,5,True,0.12874353875505296,12,9.26258018404321
dec2_mlp,SpecDiv> Z500,72,0.0004235241819211903,0.00044948372669750825,2.5959544776317973e-05,1.934835345309693e-05,3.442961224209284e-05,6.129412648543536,0.19004594662647747,0.1416464032532633,0.2520540443567501,0.18240905463161353,0.5520828707307812,colmax,4,True,0.14533124550793805,12,8.95463656835481
upsample,SpecDiv> Z500,72,0.0004235241819211903,0.0004390439341174594,1.551975219626911e-05,7.969314295526904e-06,2.406234856001295e-05,3.664431184511924,0.11361778578794708,0.05834215862825879,0.1761568567379375,0.10598089379308313,0.3300593064853383,colmax,17,True,-0.028922242248051178,12,12.714807654085448
decoder_io,SpecDiv> Z500,72,0.0004235241819211903,0.00046824859843278926,4.4724416511598974e-05,1.8466376665552768e-05,7.80796850449405e-05,10.560062074547925,0.3274207674480361,0.13518958303797507,0.571609702116187,0.31978387545317216,0.9511562884572623,colmax,2,True,0.6447569708101919,12,2.591821421603597
decoder_heads,SpecDiv> Z500,72,0.0004235241819211903,0.0004389900301854747,1.5465848264284432e-05,7.008879038039595e-06,2.3493208451933832e-05,3.6517037100758345,0.11322316315996236,0.05131095568323899,0.17199026708719503,0.10558627116509842,0.32891292900567903,colmax,18,True,-0.2384901614459916,12,19.516336079875682
film,SpecDiv> Z500,72,0.0004235241819211903,0.00044766476639779285,2.4140584476602573e-05,1.874063794578736e-05,3.088581209643356e-05,5.699930607762716,0.1767296101878373,0.1371974088713742,0.22611041325150577,0.16909271819297333,0.5133989557135844,colmax,8,True,-0.09351315556748652,12,14.475839277099142
cond_embed,SpecDiv> Z500,72,0.0004235241819211903,0.0004705452835575367,4.702110163634643e-05,3.684323989242936e-05,6.147566728031961e-05,11.102341647423607,0.34423445591586166,0.2697238515727265,0.4500541701887201,0.3365975639209977,1.0,colmax,1,True,0.5471287488098259,12,3.5126068327944284
encoder_io,SpecDiv< Z500,72,0.00042913509605568834,0.00042257800184112665,-6.5570942145617055e-06,-1.774705403173963e-05,-5.732078837657744e-07,-1.5279790151935742,-0.04612104560105335,-0.12482856910375094,-0.004031808310354084,0.03884671608382385,-0.24457079906523782,share,19,True,0.057658258171593466,12,10.691639586391112
enc0_attn,SpecDiv< Z500,72,0.00042913509605568834,0.00047004628140712157,4.091118535143323e-05,3.094548155786469e-05,5.449169290538218e-05,9.533404684785847,0.2877595751173329,0.21766317813571842,0.3832816444495326,0.2804852456001034,1.5259322139806841,share,3,True,0.2188171916554165,12,7.691222083438802
enc0_mlp,SpecDiv< Z500,72,0.00042913509605568834,0.00044676228571916,1.7627189663471654e-05,1.0506185693278288e-05,2.5801196837467918e-05,4.107608495666874,0.12398547156482098,0.07389801848153121,0.18147949944961297,0.11671114204759146,0.6574704770439125,share,16,True,-0.04266141896301886,12,13.069500462420933
enc1_attn,SpecDiv< Z500,72,0.00042913509605568834,0.0004486037748089681,1.946867875327977e-05,1.0822438980540028e-05,2.8284355175856024e-05,4.5367248990404985,0.1369380690883201,0.07612246910035714,0.19894544628702454,0.1296637395710906,0.7261555444574807,share,13,True,-0.022686612549719588,12,12.557117817257947
enc1_mlp,SpecDiv< Z500,72,0.00042913509605568834,0.0004510495564318262,2.1914460376137868e-05,1.3472782029566588e-05,3.360645987413591e-05,5.1066576883504435,0.1541411169730906,0.0947643535422691,0.23637986852513088,0.14686678745586107,0.8173799109631649,share,11,True,0.19035364159799414,12,8.162075505377647
enc2_attn,SpecDiv< Z500,72,0.00042913509605568834,0.00045041428529657423,2.12791892408859e-05,1.491058164901915e-05,2.905772829156678e-05,4.958622456300923,0.14967277047092775,0.10487749507174174,0.20438516936696943,0.14239844095369825,0.7936851516555102,share,12,True,-0.11374834680514753,12,15.080344407237261
enc2_mlp,SpecDiv< Z500,72,0.00042913509605568834,0.000451191961474251,2.2056865418562666e-05,1.4684890084026847e-05,3.0321587382786673e-05,5.139841886924199,0.15514276026821183,0.10329003412941351,0.21327485447321812,0.14786843075098233,0.822691427601039,share,10,True,-0.014103946820745459,12,12.343337132354202
downsample,SpecDiv< Z500,72,0.00042913509605568834,0.0004483510080414514,1.921591198576304e-05,5.638235355339324e-06,3.2549528896197423e-05,4.477823455220128,0.13516016759268798,0.03965801030517267,0.22894566669188401,0.12788583807545847,0.7167276838402855,share,14,True,0.27524368100632274,12,6.819932501889422
dec0_attn,SpecDiv< Z500,72,0.00042913509605568834,0.0004514701140578836,2.2335018002195284e-05,1.592912782750015e-05,3.0171748282252035e-05,5.204658907528946,0.15709921957381118,0.11204170732908246,0.21222092177644036,0.14982489005658167,0.8330661450315154,share,9,True,-0.04896822419507689,12,13.235749856714472
dec0_mlp,SpecDiv< Z500,72,0.00042913509605568834,0.0004525869808276184,2.3451884771930054e-05,1.6875112487468867e-05,3.14466005571982e-05,5.464918853639212,0.16495499555196397,0.11869553907415986,0.2211879303298364,0.15768066603473446,0.8747237740643327,share,6,True,-0.12963461380705724,12,15.574625991249697
dec1_attn,SpecDiv< Z500,72,0.00042913509605568834,0.00045156197059744346,2.2426874541755144e-05,1.525991838207119e-05,3.138503210114625e-05,5.226063947667621,0.15774531668804617,0.10733464680206702,0.22075487241176467,0.15047098717081664,0.836492270468242,share,8,True,0.10408484071825569,12,9.737459944098992
dec1_mlp,SpecDiv< Z500,72,0.00042913509605568834,0.00044757607975043356,1.8440983694745228e-05,1.1077171287373251e-05,2.6770989279611964e-05,4.297244355971333,0.12970950577846424,0.07791419573338706,0.18830078948817194,0.12243517626123473,0.687823900372969,share,15,True,0.0915451129058954,12,9.987181030115698
dec2_attn,SpecDiv< Z500,72,0.00042913509605568834,0.0004527430913488691,2.3607995293180768e-05,1.6006715062151972e-05,3.4049516216327895e-05,5.501296796782425,0.16605303993470577,0.11258743753675425,0.2394962217592651,0.15877871041747627,0.8805464866372265,share,5,True,0.05305314771465376,12,10.790872475985694
dec2_mlp,SpecDiv< Z500,72,0.00042913509605568834,0.0004539557970322979,2.4820700976609562e-05,1.7838044489811484e-05,3.377402247982293e-05,5.7838897831345415,0.17458292410227902,0.1254685744062023,0.23755846415377987,0.1673085945850495,0.9257787783082042,share,4,True,0.07196127453576716,12,10.388868488177103
upsample,SpecDiv< Z500,72,0.00042913509605568834,0.0004434104703250341,1.4275374269345775e-05,6.0803971185426535e-06,2.330511318480906e-05,3.3265455099233545,0.10040959701119823,0.04276807128286232,0.16392263901703522,0.09313526749396872,0.5324522689114057,share,18,True,-0.11373260104429735,12,15.079863287625642
decoder_io,SpecDiv< Z500,72,0.00042913509605568834,0.00047550183565666276,4.636673960097445e-05,1.9986586266895756e-05,7.990522244654126e-05,10.804695310904494,0.3261326498496333,0.14058090771027631,0.5620343840774871,0.3188583203324038,1.7294170532241042,share,1,True,0.657950893865291,12,2.4757001481794227
decoder_heads,SpecDiv< Z500,72,0.00042913509605568834,0.000445477160004278,1.6342063948589686e-05,7.395620559691452e-06,2.530999657513649e-05,3.8081396974506596,0.11494620207140263,0.05201904104475596,0.17802451329920407,0.10767187255417313,0.6095370155587969,share,17,True,-0.2189467278242726,12,18.727737601232782
film,SpecDiv< Z500,72,0.00042913509605568834,0.00045211448256547254,2.2979386509784188e-05,1.733738912056045e-05,2.9931018313315388e-05,5.354814071604664,0.1616315548354263,0.12194708327612822,0.21052768426732987,0.1543572253181968,0.857100224097135,share,7,True,-0.1700372570725339,12,16.91696067626672
cond_embed,SpecDiv< Z500,72,0.00042913509605568834,0.0004753646183720169,4.622952231632856e-05,3.568281442009417e-05,6.062433282446969e-05,10.77271999918865,0.32516749601238154,0.2509844539656493,0.42641717920133604,0.31789316649515204,1.724299032977136,share,2,True,0.5439120098723872,12,3.544927331696663
encoder_io,SpecRes Z500,72,0.00028221423356929637,0.00026341440085767925,-1.8799832711617153e-05,-2.9053423304503667e-05,-9.691057296853024e-06,-6.661546610830649,-0.3366666135417449,-0.5202874826475345,-0.17354704649868513,0.33017853425545735,-0.8648878859169103,share,2,True,0.08637967881506771,12,10.091723978284643
enc0_attn,SpecRes Z500,72,0.00028221423356929637,0.00028811193866810453,5.897705098808122e-06,6.574444948152329e-07,1.3865656410416702e-05,2.0897971814593,0.10561585487176472,0.011773488363241302,0.2483055918547495,0.09912777558547718,0.2713244193666427,share,4,True,-0.017637768800506177,12,12.430906683673372
enc0_mlp,SpecRes Z500,72,0.00028221423356929637,0.0002828263332048664,6.120996355699996e-07,-3.837041731458157e-06,6.858731164053704e-06,0.21689183703758916,0.010961454530930323,-0.06871358195384977,0.12282586923065031,0.004473375244642777,0.02815969524300675,share,12,False,-0.08809531971627277,12,14.318540214677606
enc1_attn,SpecRes Z500,72,0.00028221423356929637,0.00028116769559953053,-1.0465379697658743e-06,-6.360760986960183e-06,5.1182014127941e-06,-0.3708310373044674,-0.018741357948691143,-0.11390824024221462,0.09165653564593562,0.012253278662403598,-0.04814606736597514,share,8,False,-0.0927433431817044,12,14.453374378278818
enc1_mlp,SpecRes Z500,72,0.00028221423356929637,0.0002786868190014502,-3.527414567846184e-06,-1.1112320832277569e-05,4.383856442776335e-06,-1.249906683739268,-0.06316879172976635,-0.19899897411749157,0.07850591680694338,0.056680712443478797,-0.16227900402814638,share,5,False,0.12474348182523365,12,9.338198787382881
enc2_attn,SpecRes Z500,72,0.00028221423356929637,0.0002822682041975592,5.397062826280793e-08,-4.049612653034274e-06,6.005042754016659e-06,0.019123992287779383,0.0009665037411067977,-0.07252029307741503,0.10753805308697753,0.0,0.0024829232948962838,share,18,False,-0.22673276383260643,12,19.037135517280063
enc2_mlp,SpecRes Z500,72,0.00028221423356929637,0.00028236750707340735,1.532735041109845e-07,-4.169880973374044e-06,6.129002091862877e-06,0.05431104667275718,0.0027448154654501223,-0.07467405309997756,0.1097579116958137,0.0,0.007051360454697532,share,16,False,-0.0732861685548592,12,13.897962440653114
downsample,SpecRes Z500,72,0.00028221423356929637,0.0002821113303070888,-1.02903262207595e-07,-5.22199071989841e-06,5.695386789739132e-06,-0.03646281794724843,-0.0018427872918476177,-0.09351519019252953,0.1019927471017866,0.0,-0.004734073237241302,share,17,False,-0.012656273030632048,12,12.307644181492424
dec0_attn,SpecRes Z500,72,0.00028221423356929637,0.0002826136339232714,3.9940035397497314e-07,-3.291941159962638e-06,6.207952401382494e-06,0.14152381647217743,0.0071524447415448195,-0.058951943844609375,0.11117175051830584,0.0006643654552572749,0.018374446894435473,share,15,False,-0.1797632257569247,12,17.259843930001185
dec0_mlp,SpecRes Z500,72,0.00028221423356929637,0.00028323670752191293,1.022473952616565e-06,-2.675875657587312e-06,6.473519882395825e-06,0.36230417569123113,0.018310420541633145,-0.04791946873772032,0.11592752179941523,0.011822341255345599,0.047039000232017424,share,9,False,-0.2223773009217106,12,18.863296594154242
dec1_attn,SpecRes Z500,72,0.00028221423356929637,0.0002815557703191492,-6.584632501471788e-07,-4.496284115399854e-06,4.804412553009259e-06,-0.23332035447655627,-0.011791732190880358,-0.08051926683995461,0.08603721794181544,0.005303652904592812,-0.030292657233160204,share,11,False,-0.22636333591517394,12,19.022314626712806
dec1_mlp,SpecRes Z500,72,0.00028221423356929637,0.0002814958885816547,-7.183449876417095e-07,-5.004461945645744e-06,5.298971943072189e-06,-0.25453889357615384,-0.012864091827507423,-0.08961969405174328,0.09489376669955357,0.006376012541219877,-0.03304752160568584,share,10,False,-0.10331075055236905,12,14.765125169933986
dec2_attn,SpecRes Z500,72,0.00028221423356929637,0.0002826832260325318,4.689924632354329e-07,-4.875550075666979e-06,7.288518402977673e-06,0.16618313587655176,0.008398697307370482,-0.08731114570576434,0.1305224810298913,0.0019106180210829373,0.021576037737187193,share,14,False,-0.08449285370504717,12,14.21497832881778
dec2_mlp,SpecRes Z500,72,0.00028221423356929637,0.0002843055638853305,2.0913303160341457e-06,-1.9951789302770823e-06,8.045498058587933e-06,0.7410435290892687,0.037451455345202285,-0.03572958037286951,0.144078440866535,0.03096337605891474,0.09621182717604762,share,7,False,-0.15169928702857788,12,16.291854094915184
upsample,SpecRes Z500,72,0.00028221423356929637,0.00028216628985925735,-4.794371003905932e-08,-4.3220480620220774e-06,5.764334203680234e-06,-0.01698840963217646,-0.0008585739430278693,-0.07739905492384927,0.10322745449094693,0.0,-0.00220565441484338,share,19,False,-0.21150601555561865,12,18.437771845414638
decoder_io,SpecRes Z500,72,0.00028221423356929637,0.0003201822255505249,3.79679919812285e-05,2.304522043535447e-05,5.4209233561171755e-05,13.453606326310839,0.6799292035934704,0.4126928383516673,0.9707766747549588,0.673441124307183,1.7467206661292791,share,1,True,0.7514226667103473,12,1.7031457090129993
decoder_heads,SpecRes Z500,72,0.00028221423356929637,0.0002790599258635969,-3.154307705699466e-06,-6.90828196638904e-06,2.846663240537349e-07,-1.11769972258502,-0.05648720973406586,-0.12371322291493099,0.00509779255904368,0.04999913044777832,-0.14511419143788537,share,6,False,-0.28925944503644296,12,21.76759611139763
film,SpecRes Z500,72,0.00028221423356929637,0.0002817440029806069,-4.7023058868944645e-07,-4.592522418533917e-06,5.240282674397642e-06,-0.16662185416455388,-0.008420869605929554,-0.08224269832501924,0.09384276174440354,0.0019327903196420086,-0.021632997802888198,share,13,False,-0.12513356345961063,12,15.432758873350618
cond_embed,SpecRes Z500,72,0.00028221423356929637,0.00029320974317670334,1.0995509607406953e-05,5.419507942860946e-06,1.8927997780338035e-05,3.8961569968819654,0.19690712361519683,0.09705232031443085,0.3389617882022056,0.1904190443289093,0.5058493447685174,share,3,True,-0.12430607417840556,12,15.406836215613456
encoder_io,SpecResLog Z500,72,0.6687594246675012,1.0466678056501102,0.3779083809826089,0.35584428998137957,0.39912960533927827,56.50886806873791,7.471065801633774,7.0348694005515595,7.8905991370619875,7.462541477325229,4.423972979184147,share,18,True,-0.029982057465626925,12,12.741810380635869
enc0_attn,SpecResLog Z500,72,0.6687594246675012,1.046877644957248,0.3781182202897468,0.3581367861245577,0.39708400125216536,56.54024546685716,7.475214223183251,7.0801909398387854,7.850158534238694,7.466689898874706,4.426429456657166,share,16,True,-0.38020272589753773,12,26.7223387433492
enc0_mlp,SpecResLog Z500,72,0.6687594246675012,1.0473856576676164,0.3786262330001154,0.3570380487233029,0.40695859312258165,56.616208913745574,7.485257388612293,7.058469433154688,8.04537443666546,7.476733064303749,4.432376492015072,share,15,True,0.009035317862995697,12,11.785094114276248
enc1_attn,SpecResLog Z500,72,0.6687594246675012,1.0468626682158317,0.37810324354833075,0.3534122676017416,0.395025253525819,56.538005985682965,7.474918140253514,6.986789495093847,7.809458088028676,7.466393815944969,4.426254131888848,share,17,True,-0.27599743320417347,12,21.149053747440867
enc1_mlp,SpecResLog Z500,72,0.6687594246675012,1.0579331173837347,0.38917369271623353,0.36290069676538084,0.4127222511338583,58.1933769247029,7.693775562711286,7.17437114769274,8.159319166201223,7.685251238402742,4.555850008696057,share,9,True,0.08662045915741104,12,10.086828752157048
enc2_attn,SpecResLog Z500,72,0.6687594246675012,1.0547177499953246,0.3859583253278236,0.3695236887125335,0.4024221783351162,57.71258110040352,7.63020930553335,7.305304493262403,7.955691711734787,7.6216849812248055,4.518209408062936,share,12,True,-0.23620701696476518,12,19.422126849904366
enc2_mlp,SpecResLog Z500,72,0.6687594246675012,1.0666580154791931,0.3978985908116919,0.36998567813423755,0.42318785062816183,59.4980161976068,7.866262575606399,7.314437800547717,8.366219003331548,7.857738251297855,4.657987763143527,share,2,True,-0.19619551606363095,12,17.858007114451343
downsample,SpecResLog Z500,72,0.6687594246675012,1.060797518332295,0.39203809366479375,0.3636548467025041,0.427055784415312,58.62169252563584,7.750403383225117,7.189280326975548,8.442686182400253,7.741879058916573,4.589382031365231,share,7,True,-0.01596162438991906,12,12.389292729687048
dec0_attn,SpecResLog Z500,72,0.6687594246675012,1.0575108428580837,0.38875141819058245,0.36550784798937,0.41107837441219214,58.130233960271255,7.685427399700744,7.225913265648916,8.12682051897512,7.676903075392199,4.5509066647923815,share,10,True,-0.23887568417607635,12,19.5322996533356
dec0_mlp,SpecResLog Z500,72,0.6687594246675012,1.0549925770430095,0.3862331523755083,0.36321384775420185,0.3999988038866759,57.75367615455119,7.635642503262341,7.180561991190958,7.907782771691649,7.627118178953796,4.5214266625460064,share,11,True,-0.21567191200489294,12,18.599439657132002
dec1_attn,SpecResLog Z500,72,0.6687594246675012,1.0653053659815097,0.39654594131400867,0.3759475278010607,0.4114510431597251,59.29575370263625,7.839521349657765,7.432300683197928,8.134187999759195,7.830997025349221,4.642153012899306,share,3,True,-0.4205559897384704,12,29.419014736501808
dec1_mlp,SpecResLog Z500,72,0.6687594246675012,1.059027283103356,0.39026785843585476,0.3663974803370309,0.41089398582432535,58.35698818448669,7.715406689461974,7.243500866620756,8.123175245828646,7.70688236515343,4.568658826446454,share,8,True,-0.3468165848801197,12,24.743125199520293
dec2_attn,SpecResLog Z500,72,0.6687594246675012,1.0628993776883455,0.3941399530208443,0.37043689915897776,0.41599043541425273,58.93598482246524,7.791956125490327,7.323358221836468,8.22392958777273,7.783431801181783,4.613987384051604,share,4,True,-0.12957912607603103,12,15.572868159520258
dec2_mlp,SpecResLog Z500,72,0.6687594246675012,1.061569631670017,0.3928102070025157,0.372578014313584,0.4109647000533955,58.73714709857226,7.765667690244297,7.365687032241111,8.124573231914907,7.757143365935752,4.598420752692522,share,6,True,-0.2980019316201299,12,22.18812825993839
upsample,SpecResLog Z500,72,0.6687594246675012,1.0482300201079897,0.3794705954404885,0.35773968602451306,0.4075992209371185,56.74246693856412,7.5019500254256215,7.072340463039211,8.058039338524257,7.4934257011170775,4.442260995267252,share,14,True,-0.07204332571044218,12,13.863276449166511
decoder_io,SpecResLog Z500,72,0.6687594246675012,1.0517145537501071,0.38295512908260587,0.37480705923275404,0.393290199558729,57.26351135507457,7.5708375691751835,7.409754171537192,7.775156910786165,7.562313244866639,4.4830525824707514,share,13,True,-0.14164158116253556,12,15.960347884168128
decoder_heads,SpecResLog Z500,72,0.6687594246675012,1.07181628067392,0.403056856006419,0.37360016379512134,0.43407216486664135,60.26933470235785,7.968238982141445,7.385894432817451,8.581396628315424,7.9597146578329,4.718372837911131,share,1,True,0.09241276618044258,12,9.969717622318345
film,SpecResLog Z500,72,0.6687594246675012,1.06225141702285,0.3934919923553488,0.37589600159702646,0.4091147714744829,58.839094873464866,7.779146256716843,7.431282035080499,8.088001039190726,7.770621932408298,4.606402052209338,share,5,True,-0.5388617683790994,12,40.04513170734079
cond_embed,SpecResLog Z500,72,0.6687594246675012,1.0380196743803751,0.36926024971287424,0.34322653351121124,0.3969473182086975,55.21570778557115,7.300096431731581,6.785422461554046,7.847456376617683,7.291572107423036,4.322733893249442,share,19,True,0.01148417695829514,12,11.727509086866865
encoder_io,SpecDivW1 Z500,72,0.01798381383301542,0.018567244808011557,0.0005834309749961367,-5.476529496670631e-05,0.0010618434367810588,3.2442004816856493,0.13347619946190117,-0.012529097267443416,0.24292646849276003,0.126531839573863,0.6254272905088384,colmax,7,False,0.1019532544387631,12,9.779508253481644
enc0_attn,SpecDivW1 Z500,72,0.01798381383301542,0.018916665635055372,0.0009328518020399556,0.0006203636647303007,0.0011840963883407816,5.187174482018871,0.21341601411941413,0.14192558811778191,0.2708952600834015,0.20647165423137592,1.0,colmax,1,True,-0.5205044715020176,12,38.052604401087734
enc0_mlp,SpecDivW1 Z500,72,0.01798381383301542,0.018147660379926173,0.00016384654691075327,-0.0001380005012623683,0.00048043524764258453,0.9110778638619863,0.0374844931343391,-0.03157148526860472,0.1099130380304099,0.030540133246300904,0.17564048925290648,colmax,18,False,0.10833877927931206,12,9.654028938341217
enc1_attn,SpecDivW1 Z500,72,0.01798381383301542,0.018390916335862432,0.0004071025028470128,0.00020155870460369682,0.0005662802665544825,2.2637161762631095,0.09313611583925054,0.0461122069481203,0.12955249386693118,0.08619175595121235,0.43640640663046704,colmax,16,True,-0.5455059121750911,12,40.805967432618964
enc1_mlp,SpecDivW1 Z500,72,0.01798381383301542,0.018711219978277335,0.0007274061452619147,0.0005248724770733747,0.0009385982387326681,4.044782447238822,0.16641455784111378,0.12007930062741667,0.21473067268754512,0.15947019795307557,0.7797660289353857,colmax,4,True,-0.6789120464995576,12,62.74587488679151
enc2_attn,SpecDivW1 Z500,72,0.01798381383301542,0.018413966443545076,0.00043015261052965786,0.00022746263657638774,0.0006283428882414116,2.391887585824349,0.09840947447552693,0.05203845793412136,0.14375105929528867,0.09146511458748875,0.46111569875193714,colmax,14,True,-0.480953072556202,12,34.23859372060092
enc2_mlp,SpecDivW1 Z500,72,0.01798381383301542,0.018507234462113772,0.0005234206290983531,0.00033805584227794604,0.0006871163147188465,2.91050960579583,0.11974714968204798,0.07733975562996277,0.15719712906491898,0.11280278979400978,0.5610973017940679,colmax,10,True,-0.6586220334022557,12,58.30330703293428
downsample,SpecDivW1 Z500,72,0.01798381383301542,0.01861447007016757,0.0006306562371521528,0.00024654889390246217,0.000989423279415774,3.506799186245847,0.1442803027428741,0.05640497462421165,0.22635832627231137,0.13733594285483589,0.6760519042499966,colmax,5,True,-0.23483649527363154,12,19.36584514519244
dec0_attn,SpecDivW1 Z500,72,0.01798381383301542,0.018480032212882847,0.0004962183798674279,0.0003282698722355555,0.0006470506734960576,2.7592499815386766,0.11352387220833592,0.075100940508234,0.14803098988374616,0.10657951232029773,0.5319369901867586,colmax,11,True,-0.5853054557671619,12,45.87392270713053
dec0_mlp,SpecDivW1 Z500,72,0.01798381383301542,0.018520089595480845,0.0005362757624654267,0.0003498662660965663,0.0007192901769702701,2.9819912919745075,0.12268812199745209,0.08004172133439624,0.16455780245967522,0.1157437621094139,0.5748777686795498,colmax,9,True,-0.5282679824142091,12,38.87634314674279
dec1_attn,SpecDivW1 Z500,72,0.01798381383301542,0.018606610943785875,0.000622797110770453,0.00042118183546128063,0.0008154856635840497,3.4630980755989405,0.14248230715217547,0.0963571580684961,0.1865652180904283,0.13553794726413726,0.6676270651013628,colmax,6,True,-0.603462447575473,12,48.52390209516896
dec1_mlp,SpecDivW1 Z500,72,0.01798381383301542,0.018379075448506515,0.00039526161549109504,0.0001857601085218932,0.0005726547227012393,2.1978742616066103,0.0904271807462263,0.04249783497918808,0.13101082949971324,0.08348282085818812,0.42371319284235603,colmax,17,True,-0.4054440648807133,12,28.366260905603173
dec2_attn,SpecDivW1 Z500,72,0.01798381383301542,0.01852776344175131,0.0005439496087358899,0.00036943821904508674,0.0006973796538128061,3.024662142227501,0.12444372956601338,0.08451935452079497,0.1595451557463264,0.11749936967797517,0.5831039909515999,colmax,8,True,-0.6860943785741777,12,64.45610133067125
dec2_mlp,SpecDivW1 Z500,72,0.01798381383301542,0.018416531272316617,0.000432717439301197,0.0002753700096450058,0.0005664515527879877,2.406149459280971,0.09899625099471646,0.06299861321803463,0.12959168039704055,0.09205189110667826,0.4638651480920471,colmax,13,True,-0.5829988591798083,12,45.553799380008535
upsample,SpecDivW1 Z500,72,0.01798381383301542,0.01796397854994277,-1.9835283072649253e-05,-0.000279688098175297,0.00024336520271627332,-0.11029519798650736,-0.004537877338113108,-0.06398649708204632,0.05567661596996699,0.0,-0.021263059179682728,colmax,19,False,0.2300788751860765,12,7.510943959889947
decoder_io,SpecDivW1 Z500,72,0.01798381383301542,0.01757068733956285,-0.00041312649345256504,-0.0019111279237559414,0.0009326415847617136,-2.2972129120583453,-0.09451427264970894,-0.4372241154151033,0.21336792102089266,0.08756991276167075,-0.4428640139292674,colmax,15,False,0.20390219264854328,12,7.935174257969268
decoder_heads,SpecDivW1 Z500,72,0.01798381383301542,0.018900288969010588,0.0009164751359951673,0.00038574040284820486,0.0016235747368729926,5.096111116945978,0.20966939243288202,0.08824893630548505,0.3714382586930669,0.20272503254484384,0.9824445147568179,colmax,2,True,0.05078337997717229,12,10.840102401049956
film,SpecDivW1 Z500,72,0.01798381383301542,0.018417116499426,0.00043330266641058225,0.00020822107466927304,0.0006628375865955048,2.4094036472681206,0.09913013811029742,0.047636410965172606,0.15164268904278289,0.09218577822225922,0.46449250080563514,colmax,12,True,-0.40806308121564905,12,28.54486084309173
cond_embed,SpecDivW1 Z500,72,0.01798381383301542,0.018840971473468054,0.0008571576404526335,0.0006118098835006474,0.0011763408873908616,4.766272874105428,0.1960988516046922,0.13996867074710195,0.2691209717166837,0.189154491716654,0.9188572488987057,colmax,3,True,-0.19889867550650936,12,17.958757108751996
encoder_io,|RQE| Z500,72,0.00513044740849485,0.004779415826002757,-0.00035103158249209326,-0.0005302694810476775,-0.00019417621660977602,-6.842124176360626,-0.22604330959013683,-0.34146177850923487,-0.12503785082401728,0.22075772810571984,-1.382144977042562,share,2,True,0.08770928362548795,12,10.064719278670331
enc0_attn,|RQE| Z500,72,0.00513044740849485,0.005152755630357812,2.2308221862961847e-05,-6.213944288901984e-06,4.794139288909112e-05,0.4348202035172317,0.014365158442940174,-0.004001407858233872,0.030871384956523962,0.009079576958523185,0.08783596215402721,share,11,False,0.2913014109264516,12,6.585900857012976
enc0_mlp,|RQE| Z500,72,0.00513044740849485,0.005085393883443127,-4.505352505172292e-05,-7.026290162078415e-05,-2.5881613934567824e-05,-0.8781597678425582,-0.02901177107510826,-0.04524509934693976,-0.016666208862946653,0.02372618959069127,-0.177392879883401,share,7,True,0.41975358483450653,12,4.904341891693521
enc1_attn,|RQE| Z500,72,0.00513044740849485,0.005130526241070281,7.883257543047269e-08,-4.0746476346006e-05,4.4998126880576214e-05,0.0015365633667727288,5.076345588995407e-05,-0.026238289734499546,0.028976097971673113,0.0,0.00031039386081738364,share,19,False,0.23067586765693748,12,7.50147933402902
enc1_mlp,|RQE| Z500,72,0.00513044740849485,0.005100061709526926,-3.038569896792372e-05,-4.95973916258663e-05,-2.5809014914557598e-06,-0.5922621664070065,-0.019566569794539183,-0.03193774893574278,-0.0016619459443308659,0.014280988310122195,-0.11964006458988372,share,9,True,-0.2336463448750797,12,19.317133857850333
enc2_attn,|RQE| Z500,72,0.00513044740849485,0.005136195065764089,5.747657269239426e-06,-1.823689672164619e-06,1.3683377377067993e-05,0.11203033208609872,0.0037011469518072548,-0.0011743468956122412,0.008811275289604242,0.0,0.022630714786526014,share,15,False,-0.47856583931227675,12,34.02690389203927
enc2_mlp,|RQE| Z500,72,0.00513044740849485,0.005144798390877743,1.4350982382893562e-05,3.082399780396372e-06,2.5508484880750375e-05,0.2797218495823895,0.009241172918599359,0.0019848807987423774,0.01642593610563419,0.003955591434182369,0.05650528102151437,share,13,True,-0.32998256095087786,12,23.819963184929055
downsample,|RQE| Z500,72,0.00513044740849485,0.0051616604323498905,3.121302385504047e-05,2.0521620172075927e-06,7.366455877975869e-05,0.6083879507927287,0.020099317458616872,0.0013214693985411528,0.0474355627714748,0.014813735974199884,0.12289755763080254,share,8,True,0.1885161283267427,12,8.193247216416406
dec0_attn,|RQE| Z500,72,0.00513044740849485,0.0051156515449595945,-1.4795863535255194e-05,-3.44766303896904e-05,1.324653082216772e-06,-0.2883932405340833,-0.009527649728862896,-0.022200884551398,0.0008529972278770649,0.004242068244445908,-0.05825694748340997,share,12,False,0.025075299803778737,12,11.412914158202927
dec0_mlp,|RQE| Z500,72,0.00513044740849485,0.005135748826432973,5.301417938123147e-06,-2.8318638214841487e-06,1.5793756271402025e-05,0.103332468223828,0.0034137955557912436,-0.0018235506502645462,0.010170232869368972,0.0,0.020873700657818406,share,16,False,-0.1932888769795385,12,17.750426534519544
dec1_attn,|RQE| Z500,72,0.00513044740849485,0.005191484834843625,6.103742634877563e-05,4.67130375909619e-05,7.531905963939302e-05,1.1897096196271613,0.03930444594982343,0.03008039773260954,0.04850096220754946,0.03401886446540644,0.24032758431776083,share,6,True,-0.29437872845042456,12,22.012580073294757
dec1_mlp,|RQE| Z500,72,0.00513044740849485,0.005117410949120919,-1.303645937393109e-05,-2.3759926746909818e-05,-3.387268710260607e-07,-0.2540998539882835,-0.008394698851027517,-0.015299969419736418,-0.00021811981255437837,0.0031091173666105286,-0.05132950349988559,share,14,True,-0.2348129112614289,12,19.36487841106227
dec2_attn,|RQE| Z500,72,0.00513044740849485,0.005129742009254794,-7.053992400566737e-07,-5.452743304582934e-06,6.034895098612948e-06,-0.013749273384786938,-0.00045423485166999026,-0.003511240026219431,0.0038861109061333315,0.0,-0.002777425351680236,share,17,False,-0.23030890364749707,12,19.18134029837924
dec2_mlp,|RQE| Z500,72,0.00513044740849485,0.005130095640197396,-3.5176829745372135e-07,-1.3598766236100346e-05,1.2844621960539363e-05,-0.006856483839426428,-0.00022651770989044238,-0.008756790783689577,0.008271167049363336,0.0,-0.0013850457043118791,share,18,False,-0.10592234984533229,12,14.843306054958658
upsample,|RQE| Z500,72,0.00513044740849485,0.005048921137737731,-8.152627075711887e-05,-0.00014930724476774532,-2.4316279450431547e-05,-1.5890674685044033,-0.052498034306915464,-0.09614492095977144,-0.015658227230930098,0.047212452822498474,-0.32099996480089316,share,5,True,0.3802984350701196,12,5.387544164520328
decoder_io,|RQE| Z500,72,0.00513044740849485,0.0052582504965054495,0.00012780308801059922,2.531178955299159e-05,0.00026642742256323496,2.491071008719171,0.08229753227519375,0.016299276098144654,0.17156329904623335,0.07701195079077676,0.5032094117866359,share,3,True,-0.08279869675803683,12,14.16655680183727
decoder_heads,|RQE| Z500,72,0.00513044740849485,0.005842733468549947,0.000712286060055097,0.0006486800673883409,0.0007931686729231539,13.883507681527227,0.458669551174643,0.4177111023932335,0.5107531083611396,0.453383969690226,2.80454138380772,share,1,True,0.4567344286794223,12,4.4752061374404315
film,|RQE| Z500,72,0.00513044740849485,0.005154642334673554,2.4194926178703707e-05,1.3945932247831177e-05,3.4254559917220215e-05,0.4715948581529641,0.015580082993946608,0.008980344897287357,0.022057884470883776,0.010294501509529617,0.09526463530831773,share,10,True,-0.3267938699781489,12,23.650299261566445
cond_embed,|RQE| Z500,72,0.00513044740849485,0.005031011435979356,-9.943597251549363e-05,-0.0001808770253167798,-2.2235226060729516e-05,-1.9381540165649171,-0.0640308093082261,-0.11647396835680676,-0.014318153519321499,0.05874522782380911,-0.3915172787984893,share,4,True,0.0492360744334849,12,10.873784637035419
encoder_io,SpecDiv> T850,72,0.0008107907730542744,0.0007987740779450784,-1.2016695109196007e-05,-4.289291003563752e-05,9.927738574333489e-06,-1.482095690843735,-0.035904151321607236,-0.1281578269690037,0.029662650571990374,0.03302141671462929,-0.2850422386881542,colmax,3,False,0.3413441993013344,12,5.892499190365063
enc0_attn,SpecDiv> T850,72,0.0008107907730542744,0.0008215966372517869,1.0805864197512468e-05,2.0727351511595774e-06,2.048138485406525e-05,1.3327561877408198,0.0322863632456914,0.00619303359539319,0.061195423067169255,0.029403628638713465,0.25632070164300014,colmax,5,True,0.016854792740316853,12,11.602189979674995
enc0_mlp,SpecDiv> T850,72,0.0008107907730542744,0.0008089844729208077,-1.8063001334667206e-06,-9.332039796087581e-06,6.154677248559892e-06,-0.22278252213728716,-0.005396964201463176,-0.027882788564850824,0.01838928767518114,0.0025142295944852355,-0.042846375738704576,colmax,15,False,0.15262789725403905,12,8.821984317034453
enc1_attn,SpecDiv> T850,72,0.0008107907730542744,0.0008179987174419997,7.207944387725244e-06,1.5148786284650366e-06,1.2815874409473807e-05,0.889001777927577,0.021536297930748766,0.0045262387882883184,0.0382919837721711,0.018653563323770824,0.1709761782209671,colmax,8,True,-0.16627065066109162,12,16.786320187756846
enc1_mlp,SpecDiv> T850,72,0.0008107907730542744,0.0008190641698699134,8.27339681563899e-06,2.0914205985415416e-06,1.7737097186909524e-05,1.0204108249126767,0.024719716071108688,0.006248863016396022,0.05299588743975896,0.021836981464130746,0.19624926225185443,colmax,6,True,0.23952906819050304,12,7.36219215498982
enc2_attn,SpecDiv> T850,72,0.0008107907730542744,0.0008114101801766083,6.194071223338445e-07,-3.749070917062151e-06,6.670854175657338e-06,0.07639543306598304,0.0018506991188398045,-0.011201683016707775,0.01993154986381288,0.0,0.014692658106496573,colmax,17,False,-0.17952191223980182,12,17.251238220775615
enc2_mlp,SpecDiv> T850,72,0.0008107907730542744,0.000810424081767754,-3.6669128652041155e-07,-3.3949479984585194e-06,3.7598215082349873e-06,-0.04522637636083029,-0.0010956206610807956,-0.010143614825707073,0.011233804232130046,0.0,-0.008698107446965982,colmax,19,False,-0.33263738519390096,12,23.962457991407195
downsample,SpecDiv> T850,72,0.0008107907730542744,0.0008181673135065163,7.376540452241898e-06,-5.396205354675961e-06,1.9127958391133383e-05,0.9097958064389704,0.022040038647944876,-0.016123083082010208,0.05715158005657425,0.019157304040966935,0.1749753642889454,colmax,7,False,0.2855220059386334,12,6.669458701701665
dec0_attn,SpecDiv> T850,72,0.0008107907730542744,0.0008160690316193117,5.278258565037201e-06,-2.685438933743474e-07,1.3235163169156271e-05,0.6510013113683861,0.015770675090910635,-0.0008023704102159939,0.03954475809475233,0.012887940483932695,0.12520302995802565,colmax,10,False,-0.07277007311596287,12,13.883547655382708
dec0_mlp,SpecDiv> T850,72,0.0008107907730542744,0.0008126921505512049,1.9013774969304602e-06,-2.2731412173015994e-06,7.461476464717027e-06,0.23450902009749217,0.005681041646554479,-0.006791818008174435,0.022293815199388476,0.0027983070395765385,0.04510166009800667,colmax,14,False,-0.32101369450288053,12,23.346810098663788
dec1_attn,SpecDiv> T850,72,0.0008107907730542744,0.0008147557212699515,3.964948215677093e-06,-3.6672299756901334e-07,9.954206082814684e-06,0.489022365257193,0.011846693240062708,-0.0010957154091190222,0.029741731668829346,0.008963958633084768,0.09405062751524008,colmax,11,False,-0.22245615760273738,12,18.866426677632823
dec1_mlp,SpecDiv> T850,72,0.0008107907730542744,0.0008078260604330959,-2.964712621178478e-06,-8.272286322608124e-06,2.168831997551024e-06,-0.36565692651019105,-0.008858133589027439,-0.02471639807814478,0.006480157108390317,0.005975398982049499,-0.07032452058811363,colmax,13,False,-0.45001412783456324,12,31.637484551204537
dec2_attn,SpecDiv> T850,72,0.0008107907730542744,0.0008113068688544445,5.160958001700541e-07,-3.2665548739411555e-06,5.8137339995785854e-06,0.06365338843533024,0.0015420197930769805,-0.009759994693096933,0.01737059843556339,0.0,0.01224205997749318,colmax,18,False,-0.1686921906501304,12,16.870172672586076
dec2_mlp,SpecDiv> T850,72,0.0008107907730542744,0.000814245354073743,3.4545810194686055e-06,-2.9021049461637934e-06,1.0692629439290612e-05,0.42607552210480765,0.010321789689149536,-0.008671070888576547,0.03194803412465447,0.007439055082171596,0.08194445299401626,colmax,12,False,-0.2460681818586935,12,19.833117295895548
upsample,SpecDiv> T850,72,0.0008107907730542744,0.0008162239270556407,5.433154001366347e-06,-1.1913209164049476e-06,1.3199200839153487e-05,0.6701055539765808,0.01623348030769042,-0.0035594950247565074,0.039437307841037446,0.01335074570071248,0.1288772300215731,colmax,9,False,0.10690227732303903,12,9.682130836375382
decoder_io,SpecDiv> T850,72,0.0008107907730542744,0.000824334851737755,1.354407868348062e-05,7.697794596121338e-07,2.833604582216746e-05,1.670477653866194,0.040467753083899195,0.002299989968209177,0.08466401683741864,0.03758501847692125,0.3212725690238574,colmax,2,True,-0.05792401266121545,12,13.475651988324424
decoder_heads,SpecDiv> T850,72,0.0008107907730542744,0.0007686331785710839,-4.215759448319053e-05,-6.0685789624888756e-05,-2.91358761387528e-05,-5.199565150992227,-0.12596081018325003,-0.18132038417915794,-0.08705379443078644,0.12307807557627208,-1.0,colmax,1,True,0.040720043277778874,12,11.0609568394698
film,SpecDiv> T850,72,0.0008107907730542744,0.0008125239740669107,1.7332010126362245e-06,-3.746445387757073e-06,9.808796554959059e-06,0.2137667410924278,0.005178554574529553,-0.011193838313932824,0.029307268978023746,0.002295819967551613,0.041112426690457934,colmax,16,False,-0.0418455344943048,12,13.048153365682294
cond_embed,SpecDiv> T850,72,0.0008107907730542744,0.000822704256279394,1.1913483225119611e-05,6.948746886337177e-07,2.7579370847282307e-05,1.4693659105469523,0.03559576910250348,0.002076185319137131,0.08240318117897215,0.03271303449552554,0.2825939992821428,colmax,4,True,0.009934637450316088,12,11.763914128730615
encoder_io,SpecDiv< T850,72,0.0007964121153539357,0.0007785763203476866,-1.78357950062491e-05,-4.8627876337074366e-05,3.998322730088421e-06,-2.2395182924009944,-0.05244480940462536,-0.14298660112184622,0.011756766291841737,0.049415055095182396,-0.39113119208921365,colmax,2,False,0.33895685178357915,12,5.924401348729357
enc0_attn,SpecDiv< T850,72,0.0007964121153539357,0.0008036746075958945,7.262492241958777e-06,-1.4155108753281336e-06,1.8362133414484546e-05,0.9119012759783587,0.021354810441511024,-0.004162202920629463,0.05399246777884252,0.018325056132068057,0.15926328190813757,colmax,5,False,-0.03131084718355842,12,12.775749713125771
enc0_mlp,SpecDiv< T850,72,0.0007964121153539357,0.0007908015735059356,-5.610541848000139e-06,-1.3040904862767396e-05,2.715168678453963e-06,-0.7044772097052721,-0.01649737495704274,-0.03834579673920122,0.007983748624215258,0.013467620647599775,-0.12303673150010108,colmax,7,False,0.054143174594930364,12,10.767305787681398
enc1_attn,SpecDiv< T850,72,0.0007964121153539357,0.0007985191865979383,2.1070712440026305e-06,-3.6080224769345177e-06,8.498944225721061e-06,0.26457046589079336,0.006195684002589589,-0.010609117847796393,0.02499050420249359,0.0031659296931466235,0.04620715180875863,colmax,12,False,-0.22900247907818097,12,19.128504760047935
enc1_mlp,SpecDiv< T850,72,0.0007964121153539357,0.0007995357033602583,3.1235880063225827e-06,-3.075042817120751e-06,1.343952098977752e-05,0.3922074948513836,0.009184674840272924,-0.009041931374433048,0.039517897382841234,0.00615492053082996,0.06849892029373883,colmax,11,False,0.18987621232180224,12,8.17016539322932
enc2_attn,SpecDiv< T850,72,0.0007964121153539357,0.0007931422854502065,-3.26982990372926e-06,-7.59918960587432e-06,3.389415360288692e-06,-0.4105700855989748,-0.009614688104821927,-0.022344843634391046,0.009966320116438294,0.006584933795378961,-0.07170594121128251,colmax,10,False,-0.20763742566713453,12,18.289164048676763
enc2_mlp,SpecDiv< T850,72,0.0007964121153539357,0.0007921789947431535,-4.2331206107822554e-06,-7.6192591222934425e-06,5.249576133792255e-07,-0.5315238843272748,-0.012447171743198612,-0.02240385653306336,0.0015435982511311883,0.009417417433755645,-0.09283048555853983,colmax,8,False,-0.3177256497275441,12,23.176465289096626
downsample,SpecDiv< T850,72,0.0007964121153539357,0.0007979539538306805,1.5418384767447908e-06,-1.1002479974801341e-05,1.3510178663030574e-05,0.19359806901726725,0.004533659700465674,-0.03235196216678275,0.039725660939522185,0.0015039053910227086,0.03381184417105679,colmax,15,False,0.2714343546008667,12,6.876318634267334
dec0_attn,SpecDiv< T850,72,0.0007964121153539357,0.000797443751556178,1.0316362022422254e-06,-4.59487813107747e-06,9.817545954623103e-06,0.1295354731995448,0.0030334484099278297,-0.013510892434983032,0.02886775309039838,3.6941004848646855e-06,0.02262333119684406,colmax,17,False,-0.11259486719355469,12,15.045144447270976
dec0_mlp,SpecDiv< T850,72,0.0007964121153539357,0.0007943091720032195,-2.1029433507161834e-06,-6.371086662208351e-06,4.000287481176199e-06,-0.2640521546789389,-0.006183546243853603,-0.018733699595829566,0.011762543494163806,0.0031537919344106382,-0.0461166289124493,colmax,13,False,-0.35083581227353144,12,24.97061614574559
dec1_attn,SpecDiv< T850,72,0.0007964121153539357,0.0007965026452438906,9.052988995487492e-08,-4.316493383763979e-06,6.5960637584794175e-06,0.011367216571616604,0.0002661963104219148,-0.012692323091205786,0.019395227771624824,0.0,0.0019852809345111523,colmax,19,False,-0.24352275573331417,12,19.726003897533136
dec1_mlp,SpecDiv< T850,72,0.0007964121153539357,0.0007893102374509908,-7.1018779029448824e-06,-1.2981151424658795e-05,-9.35214969407151e-07,-0.8917340364402564,-0.020882536096897716,-0.03817009626317654,-0.00274992905030171,0.01785278178745475,-0.15574107962541817,colmax,6,True,-0.43786792686860315,12,30.694592867306593
dec2_attn,SpecDiv< T850,72,0.0007964121153539357,0.0007930579013191164,-3.3542140348193548e-06,-7.163396124572803e-06,2.381066830518345e-06,-0.4211656214356683,-0.009862813275034098,-0.021063425785698097,0.0070013473502278925,0.0068330589655911335,-0.07355644833895006,colmax,9,False,-0.19506016521690428,12,17.815893018224394
dec2_mlp,SpecDiv< T850,72,0.0007964121153539357,0.0007961650941676149,-2.4702118632073205e-07,-6.461225226909543e-06,7.6064360352271845e-06,-0.031016753959217793,-0.0007263471592354715,-0.018998745243870723,0.022366151213119214,0.0,-0.005417066693302311,colmax,18,False,-0.27153732210497683,12,20.946094190234653
upsample,SpecDiv< T850,72,0.0007964121153539357,0.0007978810802645361,1.4689649106003344e-06,-4.977423244175346e-06,9.997713884028295e-06,0.18444783577250173,0.004319380477939157,-0.01463573747486265,0.0293975232921287,0.0012896261684961926,0.03221375870372063,colmax,16,False,-0.01348977358697574,12,12.328181662408708
decoder_io,SpecDiv< T850,72,0.0007964121153539357,0.0008089730351154382,1.2560919761502495e-05,-1.2337598794450363e-07,2.765784847724715e-05,1.5771884328907104,0.036934436766512715,-0.00036277778313721453,0.08132581650680676,0.033904682457069756,0.2754554825468718,colmax,3,False,-0.11140737972364144,12,15.00900215954509
decoder_heads,SpecDiv< T850,72,0.0007964121153539357,0.0007508115716821825,-4.560054367175326e-05,-6.591213223146042e-05,-3.08224144949539e-05,-5.725747109144339,-0.1340849578487802,-0.1938096513847726,-0.09063098409753294,0.13105520353933725,-1.0,colmax,1,True,0.10237716625569314,12,9.771133088249464
film,SpecDiv< T850,72,0.0007964121153539357,0.0007944416429381818,-1.970472415753951e-06,-7.4503468567854725e-06,6.275524598701529e-06,-0.24741868911402076,-0.005794025455275765,-0.021907182761719542,0.018452706558784004,0.0027642711458328003,-0.0432115991848259,colmax,14,False,-0.07731408523197558,12,14.011018067869738
cond_embed,SpecDiv< T850,72,0.0007964121153539357,0.0008061355886942086,9.723473340272903e-06,-1.8392152317877237e-06,2.613030374050138e-05,1.220909771814768,0.028591139666210533,-0.005408073609917329,0.07683418647026498,0.02556138535676757,0.2132315221999425,colmax,4,False,-0.0002641032481197775,12,12.00634015240972
encoder_io,SpecRes T850,72,0.00030181254442140926,0.000289628575652993,-1.2183968768416284e-05,-3.9847776876437516e-05,7.4387541493100135e-06,-4.0369325243831735,-0.08379818586293877,-0.2740627029160271,0.05116182704017332,0.08020951032956954,0.9388189921389313,share,3,False,0.6743643654258389,12,2.333797646186833
enc0_attn,SpecRes T850,72,0.00030181254442140926,0.00030536560916516464,3.5530647437553853e-06,-5.127303211338585e-07,8.80045869659322e-06,1.1772422350988756,0.02443706032406139,-0.0035264265334721645,0.0605272787179093,0.02084838479069216,-0.2737765275944962,share,5,False,0.22691431325896821,12,7.56126824884001
enc0_mlp,SpecRes T850,72,0.00030181254442140926,0.0003035985131039827,1.7859686825734873e-06,-1.2531796073744772e-06,6.138039422391251e-06,0.5917476644310078,0.012283430666338982,-0.008619045210509121,0.04221584757217375,0.00869475513296975,-0.13761536576749447,share,10,False,0.48558309542870887,12,4.155272683063274
enc1_attn,SpecRes T850,72,0.00030181254442140926,0.00030333756634111825,1.5250219197090094e-06,-4.402222384669585e-06,6.458962100926629e-06,0.5052877847183448,0.01048870632401025,-0.03027734694763849,0.04442307074999838,0.006900030790641018,-0.11750847107900872,share,11,False,0.30630279824614026,12,6.372463131995677
enc1_mlp,SpecRes T850,72,0.00030181254442140926,0.00030514399804815184,3.3314536267425865e-06,-4.15049028864208e-06,9.714316305083532e-06,1.1038154935306486,0.022912876379920677,-0.028545998700484205,0.06681255498413252,0.019324200846551447,-0.25670058711276583,share,6,False,0.3877617257450074,12,5.294035103263721
enc2_attn,SpecRes T850,72,0.00030181254442140926,0.00030182583213900216,1.3287717592902482e-08,-4.063640547731969e-06,3.5408423324649142e-06,0.0044026392668256205,9.138948479831162e-05,-0.02794866864578155,0.024352997740474735,0.0,-0.001023866843021871,share,19,False,0.04677152562364259,12,10.92763932960571
enc2_mlp,SpecRes T850,72,0.00030181254442140926,0.0003016802590233662,-1.3228539804307124e-07,-4.001902198069729e-06,2.991644820819295e-06,-0.0438303180196401,-0.000909824752744095,-0.027524048245138488,0.020575759302730024,0.0,0.010193069797374114,share,17,False,0.07075308071233682,12,10.414131168348906
downsample,SpecRes T850,72,0.00030181254442140926,0.00030186763494081487,5.509051940559099e-08,-1.2379297065005327e-05,1.107150337702477e-05,0.018253223871526763,0.00037889834356786656,-0.0851416033661328,0.0761469366348902,0.0,-0.004244924366421363,share,18,False,0.6188590708760145,12,2.8252559050818795
dec0_attn,SpecRes T850,72,0.00030181254442140926,0.0003036101140120688,1.7975695906595017e-06,-2.8455376044197084e-06,5.94026344818606e-06,0.5955914105908151,0.012363218711634264,-0.01957087165827814,0.04085559557541616,0.008774543178265032,-0.138509257818945,share,9,False,0.0808191054167806,12,10.205380974224385
dec0_mlp,SpecRes T850,72,0.00030181254442140926,0.00030230725557582144,4.947111544121677e-07,-2.8755908412373778e-06,3.529365312715526e-06,0.16391338383914936,0.0034024953653331155,-0.01977757004798169,0.024274061767115634,0.0,-0.03811928906031566,share,15,False,-0.0858603246997475,12,14.254193586026243
dec1_attn,SpecRes T850,72,0.00030181254442140926,0.00030293993222585414,1.1273878044448793e-06,-2.0603214579750783e-06,4.322836366554837e-06,0.37353908089080323,0.007753881725417654,-0.014170358095495876,0.029731350447865536,0.004165206192048422,-0.08686932004145645,share,12,False,-0.05481644753359046,12,13.391893391895353
dec1_mlp,SpecRes T850,72,0.00030181254442140926,0.00030107003537220106,-7.425090492082139e-07,-5.47938643649104e-06,3.3234879841377996e-06,-0.24601662950479525,-0.005106785193980069,-0.03768580269264967,0.022858090750360955,0.0015181096606108374,0.057213015765330194,share,13,False,0.22453970534676757,12,7.599201148976736
dec2_attn,SpecRes T850,72,0.00030181254442140926,0.00030211745494549785,3.0491052408857894e-07,-4.024164400107111e-06,3.794662598011197e-06,0.10102645821866307,0.0020970957210079922,-0.027677161912737728,0.026098707877483942,0.0,-0.023494461973625164,share,16,False,0.16902117963874583,12,8.529995878617484
dec2_mlp,SpecRes T850,72,0.00030181254442140926,0.0003040380058034013,2.2254613819920146e-06,-1.6337963946474095e-06,5.4949391445309925e-06,0.7373654353096366,0.015306147780219565,-0.011236829028630121,0.037792770195913664,0.011717472246850333,-0.17147987256023078,share,8,False,-0.20273323478706007,12,18.102847688113403
upsample,SpecRes T850,72,0.00030181254442140926,0.0003042219244283236,2.4093800069143376e-06,-1.0058538464363664e-06,6.736522967306276e-06,0.7983034673171877,0.01657109251274782,-0.006918002596421844,0.04633206259914469,0.012982416979378589,-0.1856514697932067,share,7,False,0.008169218309175955,12,11.805527449301573
decoder_io,SpecRes T850,72,0.00030181254442140926,0.00031413847318617627,1.2325928764767013e-05,3.173175400661421e-06,2.5227005350340428e-05,4.083968341473836,0.08477455000055358,0.021824279678853316,0.17350481795333428,0.08118587446718435,-0.9497575248314574,share,2,True,-0.07543972651698143,12,13.958285996419475
decoder_heads,SpecRes T850,72,0.00030181254442140926,0.0002877298065868672,-1.4082737834542058e-05,-2.386374729515713e-05,-4.011540416589317e-06,-4.666054507952748,-0.0968574283920616,-0.164128681650069,-0.027590337419236315,0.09326875285869238,1.0851260366534987,share,1,True,0.25847761778121514,12,7.070660980299112
film,SpecRes T850,72,0.00030181254442140926,0.00030231843326570623,5.05888844296957e-07,-4.71511812065728e-06,5.041802493603121e-06,0.16761690448181102,0.003479372625303769,-0.032429362890751094,0.03467621351249571,0.0,-0.03898057061409655,share,14,False,0.041768966763384235,12,11.037737507735812
cond_embed,SpecRes T850,72,0.00030181254442140926,0.0003100905820853465,8.278037663937235e-06,3.190187150418448e-06,1.507564781301577e-05,2.742774552266101,0.056934201977044914,0.02194128209367307,0.1036864064125069,0.053345526443675684,-0.6378528313936122,share,4,True,-0.13607077637335607,12,15.780053439159792
encoder_io,SpecResLog T850,72,0.43923770855184036,0.43066472928873695,-0.008572979263103478,-0.011344963074181282,-0.006684994049860897,-1.9517858089571707,-0.28182009074391634,-0.37294369027724983,-0.21975623315252604,0.2764809100213023,-1.0358625100352896,share,13,True,0.46783877358180864,12,4.3505695802239845
enc0_attn,SpecResLog T850,72,0.43923770855184036,0.4299123334083697,-0.009325375143470635,-0.010324494436153898,-0.007699801507423055,-2.1230816393738703,-0.3065536482124388,-0.33939776005344463,-0.25311606303204437,0.3012144674898247,-1.1267735762187383,share,5,True,-0.10999933034183725,12,14.966271844737012
enc0_mlp,SpecResLog T850,72,0.43923770855184036,0.4306189644099016,-0.008618744141938764,-0.010311823346826699,-0.006680817900076393,-1.96220496877525,-0.2833245225068337,-0.3389812225307908,-0.21961895031594036,0.27798534178421963,-1.0413922238963516,share,12,True,0.02361340780098185,12,11.446351735035353
enc1_attn,SpecResLog T850,72,0.43923770855184036,0.4330629363119863,-0.006174772239854039,-0.007414421852859021,-0.004438665036807201,-1.405792836004942,-0.20298367924999802,-0.2437347595577853,-0.1459125171150849,0.19764449852738397,-0.7460901134801016,share,17,True,-0.3129447572704625,12,22.93168890561499
enc1_mlp,SpecResLog T850,72,0.43923770855184036,0.4336761633089065,-0.005561545242933859,-0.006931295629730149,-0.0035074948821223638,-1.2661811895135742,-0.18282502930872865,-0.22785292060024473,-0.1153021015946922,0.17748584858611463,-0.6719946518259478,share,18,True,0.14363419402114366,12,8.98573138637396
enc2_attn,SpecResLog T850,72,0.43923770855184036,0.4303168012494914,-0.008920907302348869,-0.010321026936288133,-0.007223948125368747,-2.0309975962129836,-0.2932575512326511,-0.3392837727105579,-0.2374733046401621,0.2879183705100371,-1.0779022258661102,share,7,True,-0.13749029972352886,12,15.825774008462718
enc2_mlp,SpecResLog T850,72,0.43923770855184036,0.43077746483593654,-0.008460243715903806,-0.009666564145502208,-0.0067515986461444705,-1.926119627524033,-0.2781141279546893,-0.3177695759036666,-0.22194573026811845,0.27277494723207524,-1.0222408129206066,share,14,True,-0.15749406166063756,12,16.48644609829773
downsample,SpecResLog T850,72,0.43923770855184036,0.4305222648708888,-0.008715443680951557,-0.01004424439864198,-0.007777858856414241,-1.9842202778277471,-0.28650333258243565,-0.3301850828056983,-0.25568204721336646,0.28116415185982163,-1.053076309921399,share,9,True,-0.08202536932289868,12,14.144513364489733
dec0_attn,SpecResLog T850,72,0.43923770855184036,0.4305956267796128,-0.008642081772227592,-0.009894966191531636,-0.006907256868939119,-1.9675181806954591,-0.28409170190665467,-0.32527785084084493,-0.22706269289298128,0.27875252118404065,-1.0442120809783935,share,10,True,-0.2771256411117243,12,21.200790296269634
dec0_mlp,SpecResLog T850,72,0.43923770855184036,0.4313406749706199,-0.007897033581220453,-0.008928309750216726,-0.006325842161046192,-1.7978951778199657,-0.2595996854962228,-0.293500892370641,-0.20794981034543666,0.2542605047736088,-0.9541888270373218,share,15,True,-0.22588498308381907,12,19.003144849983777
dec1_attn,SpecResLog T850,72,0.43923770855184036,0.430604600724188,-0.008633107827652415,-0.009984405934473964,-0.0067620828530496075,-1.9654751082541686,-0.2837967008577904,-0.32821800918003524,-0.2222903782662887,0.27845752013517633,-1.0431277703242703,share,11,True,-0.09722289908573424,12,14.584635316618662
dec1_mlp,SpecResLog T850,72,0.43923770855184036,0.4286356397152627,-0.010602068836577647,-0.011612335403605432,-0.009262793186665317,-2.413742861816782,-0.3485224809135871,-0.3817330378107289,-0.30449638757940395,0.34318330019097304,-1.281034900421371,share,3,True,-0.10251302618630462,12,14.74133519511341
dec2_attn,SpecResLog T850,72,0.43923770855184036,0.43037332056429073,-0.008864387987549608,-0.010049773900568174,-0.007548150737037861,-2.0181300045424955,-0.29139958821458295,-0.33036685447302466,-0.24813083764426377,0.2860604074919689,-1.0710730667725603,share,8,True,-0.22671860659001677,12,19.03656728912851
dec2_mlp,SpecResLog T850,72,0.43923770855184036,0.42994784980015194,-0.009289858751688357,-0.011240210465645299,-0.00678438030491347,-2.1149957234584598,-0.3053861156140507,-0.3695001511367404,-0.2230233638148105,0.3000469348914367,-1.122482174407314,share,6,True,0.14679224905366015,12,8.927940540062895
upsample,SpecResLog T850,72,0.43923770855184036,0.43222997318536843,-0.0070077353664719415,-0.008365661784046862,-0.004725011363343916,-1.5954311822580833,-0.23036572891155455,-0.27500493011335336,-0.15532559805837776,0.2250265481889405,-0.8467360206525063,share,16,True,0.10296612883063191,12,9.759507724362193
decoder_io,SpecResLog T850,72,0.43923770855184036,0.42638687295448857,-0.012850835597351765,-0.01672133243576778,-0.007340672434936654,-2.9257131951900854,-0.42244633318636676,-0.5496814211004336,-0.24131039026756163,0.41710715246375274,-1.5527506143884828,share,2,True,0.7417247654593346,12,1.7794446493218599
decoder_heads,SpecResLog T850,72,0.43923770855184036,0.4351712506258125,-0.004066457926027893,-0.005375446895841227,-0.0022392251262983733,-0.9257989118090383,-0.13367692916880278,-0.17670740654826575,-0.07361018951782901,0.12833774844618875,-0.49134509543690097,share,19,True,-0.15400413671005891,12,16.368933042613094
film,SpecResLog T850,72,0.43923770855184036,0.4295021844223976,-0.009735524129442804,-0.010782236570152613,-0.008275402064483845,-2.2164590926267853,-0.3200365018270127,-0.3544451462399514,-0.27203781663073406,0.3146973211043987,-1.1763313722962432,share,4,True,-0.45802031155872386,12,32.282102285094055
cond_embed,SpecResLog T850,72,0.43923770855184036,0.4249912103027152,-0.014246498249125161,-0.016469128246161393,-0.011517669305983936,-3.2434597421281604,-0.4683260400070137,-0.5413906967886687,-0.3786210731828798,0.46298685928439964,-1.7213868111247317,share,1,True,0.012073785932422537,12,11.713686031190726
encoder_io,SpecDivW1 T850,72,0.1438583214895463,0.14632176883875506,0.0024634473492087723,-0.0002616520838976265,0.003990106068402751,1.71241213139539,0.2026328900391975,-0.0215224075976228,0.32820945999234674,0.19694001156897853,-0.6201055056708051,share,7,False,0.27475065348007977,12,6.827211372263118
enc0_attn,SpecDivW1 T850,72,0.1438583214895463,0.14517977117470623,0.0013214496851599647,0.0007015838318323222,0.0019706922768129246,0.9185771608325001,0.10869693189560366,0.05770935575084201,0.16210091583925584,0.10300405342538468,-0.33263882237947534,share,8,True,0.20757272967627682,12,7.874579319486505
enc0_mlp,SpecDivW1 T850,72,0.1438583214895463,0.14304063219538307,-0.0008176892941632492,-0.0012757474479791798,-0.0003294211227268741,-0.568399023217206,-0.06725970615269225,-0.10493765674642146,-0.02709680568555419,0.0615668276824733,0.20583091958574415,share,11,True,0.07932712157440285,12,10.236076088768582
enc1_attn,SpecDivW1 T850,72,0.1438583214895463,0.14672085207682287,0.0028625305872765614,0.0021332919589475596,0.0035221556531284787,1.989826210703127,0.23545981037985375,0.175475686573032,0.2897178132873648,0.2297669319096348,-0.7205637976762154,share,4,True,0.21355982983808044,12,7.776528037519342
enc1_mlp,SpecDivW1 T850,72,0.1438583214895463,0.1465298718241719,0.0026715503346256115,0.0016702024141162345,0.003431765146496301,1.857070419676587,0.21975057245053178,0.13738387476863229,0.2822826677394527,0.21405769398031282,-0.6724897415445538,share,5,True,0.15190116787587085,12,8.835120815318287
enc2_attn,SpecDivW1 T850,72,0.1438583214895463,0.14409526755032714,0.0002369460607808555,-0.0005414238839762915,0.000935921927206244,0.16470792813891796,0.019490193323940648,-0.04453526736895783,0.07698502873291338,0.013797314853721687,-0.059644691364891665,share,17,False,0.37754157732676574,12,5.42234165198411
enc2_mlp,SpecDivW1 T850,72,0.1438583214895463,0.14406288374991957,0.00020456226037327344,-0.00045455786886476325,0.0008858763753815036,0.1421970298660396,0.016826437157547024,-0.03739003177303934,0.0728684906615352,0.011133558687328063,-0.05149295516734883,share,18,False,0.38895754507787983,12,5.2791458493818135
downsample,SpecDivW1 T850,72,0.1438583214895463,0.14649219226430912,0.0026338707747628073,0.002173502666436712,0.0032575349868880746,1.8308782887851236,0.21665120922977643,0.1787832514258651,0.2679512225048935,0.21095833075955747,-0.6630049427199789,share,6,True,-0.07605513828018583,12,13.97557602661141
dec0_attn,SpecDivW1 T850,72,0.1438583214895463,0.14469015764588158,0.0008318361563353036,-2.7035741977487505e-05,0.0016729837610549249,0.5782329084075615,0.06842336794876445,-0.0022238472167923178,0.13761265675115344,0.0627304894785455,-0.20939200528285662,share,10,False,0.4117644614675955,12,5.000002943161547
dec0_mlp,SpecDivW1 T850,72,0.1438583214895463,0.14445946401462506,0.0006011425250787572,-0.00013145703036180899,0.0012731773843560775,0.41787122138946975,0.04944747336341227,-0.01081310627025965,0.10472625404698843,0.043754594893193305,-0.1513211920741545,share,12,False,0.31730719511758715,12,6.218984978562788
dec1_attn,SpecDivW1 T850,72,0.1438583214895463,0.14433160145188043,0.00047327996233411757,-0.00029452297265859795,0.0013318011983059412,0.3289903270340251,0.03893003298658171,-0.024226229617578678,0.10954840413255715,0.03323715451636275,-0.11913528838410965,share,13,False,0.4766399789102859,12,4.253115412540332
dec1_mlp,SpecDivW1 T850,72,0.1438583214895463,0.1438247076629012,-3.361382664506899e-05,-0.0009052835208760462,0.0007393054849899516,-0.02336592440188564,-0.002764932987325507,-0.0744648413934611,0.0608121813902216,0.0,0.008461361667001389,share,19,False,0.5116472163618773,12,3.8767202692711975
dec2_attn,SpecDivW1 T850,72,0.1438583214895463,0.1435773553578929,-0.0002809661316534017,-0.001119492198128525,0.0004907220874184914,-0.1953075280902805,-0.023111100498392455,-0.09208475251398286,0.04036474934672922,0.017418222028173492,0.07072554045097114,share,16,False,0.4331428362679457,12,4.746411727178931
dec2_mlp,SpecDivW1 T850,72,0.1438583214895463,0.1442436356711708,0.00038531418162452216,-0.0004321159485116606,0.0011236211874416462,0.2678428175964236,0.031694335265879586,-0.03554405313637829,0.09242438592962189,0.026001456795660623,-0.09699230856918853,share,15,False,0.46989641968727913,12,4.327681106336735
upsample,SpecDivW1 T850,72,0.1438583214895463,0.14496952931187979,0.0011112078223335063,0.00039011874959308894,0.002043262015995147,0.7724320781917743,0.09140331436185244,0.032089538960073875,0.16807019948747653,0.08571043589163348,-0.2797161826067816,share,9,True,0.46662776585183713,12,4.36407039250377
decoder_io,SpecDivW1 T850,72,0.1438583214895463,0.13979747412504526,-0.004060847364501074,-0.005230984394873715,-0.002420132659570057,-2.822810194400997,-0.33402834354921507,-0.4302789284389017,-0.1990700045789246,0.32833546507899614,1.0222072776285205,share,1,True,0.10656427597415462,12,9.688753668531186
decoder_heads,SpecDivW1 T850,72,0.1438583214895463,0.1399378773107477,-0.003920444178798593,-0.005096326391277953,-0.003056960405326559,-2.7252119572961084,-0.3224793639054075,-0.4192025234796961,-0.25145279515134494,0.31678648543518856,0.9868646150399359,share,2,True,-0.1806051998568481,12,17.289910060214066
film,SpecDivW1 T850,72,0.1438583214895463,0.14340300664610364,-0.00045531484344265547,-0.0011200280098065804,0.0001390443760202281,-0.31650226328807934,-0.03745229734021444,-0.09212882614473286,0.011437209634589976,0.03175941886999548,0.11461306097047959,share,14,False,0.3002346585790496,12,6.458206633430457
cond_embed,SpecDivW1 T850,72,0.1438583214895463,0.14085420356141445,-0.0030041179281318684,-0.003575280244328153,-0.002353502689937241,-2.088247587644881,-0.2471061936807555,-0.29408762027771856,-0.1935893015656217,0.24141331521053658,0.7562045389430684,share,3,True,0.21607256318345788,12,7.735664405726203
encoder_io,|RQE| T850,72,0.00412176109966822,0.004288704018108547,0.00016694291844032705,2.432332936829577e-05,0.00030688768601976323,4.050281285195425,0.10763092220982819,0.01568166170557778,0.19785568007159252,0.09895069988998824,0.16293044103450227,share,4,True,0.13548848787691403,12,9.13627769566747
enc0_attn,|RQE| T850,72,0.00412176109966822,0.004062544884315382,-5.921621535283824e-05,-0.00011342903793168564,8.594166138209306e-06,-1.4366726726982026,-0.03817769527300999,-0.07312961862664913,0.0055408042205191315,0.02949747295317005,-0.05779295206990571,share,8,False,0.11925068103715265,12,9.442917486331497
enc0_mlp,|RQE| T850,72,0.00412176109966822,0.004152701895994444,3.0940796326225005e-05,-6.251380594524865e-05,0.0001033618129440583,0.7506693274560619,0.019948054542298064,-0.04030370768400334,0.06663910845925042,0.011267832222458127,0.030197133478246336,share,13,False,0.19392412448218885,12,8.101779927102928
enc1_attn,|RQE| T850,72,0.00412176109966822,0.004161008255323395,3.924715565517545e-05,-1.7197926111596944e-05,8.857572174747473e-05,0.9521938488461799,0.025303304846615162,-0.011087793748791477,0.05710626545976875,0.01662308252677522,0.03830384924373536,share,10,False,0.23084684387299786,12,7.498770394926882
enc1_mlp,|RQE| T850,72,0.00412176109966822,0.004127556914075588,5.795814407368501e-06,-5.533049892013272e-05,5.7131922706806386e-05,0.14061500089937365,0.0037366595447716343,-0.035672508188674505,0.036833916562637445,0.0,0.0056565118566811986,share,18,False,-0.16103919442502249,12,16.60681910348806
enc2_attn,|RQE| T850,72,0.00412176109966822,0.00410232663853094,-1.9434461137279868e-05,-4.4205093824227035e-05,4.09640318442446e-06,-0.4715086747469241,-0.012529725695457902,-0.028499771413629634,0.0026410203954861313,0.0038495033756179636,-0.01896735335615174,share,15,False,-0.07021889770062403,12,13.812527207368804
enc2_mlp,|RQE| T850,72,0.00412176109966822,0.004117148307462533,-4.612792205686371e-06,-3.072627005167306e-05,2.821909414099829e-05,-0.11191313844117934,-0.002973945128662619,-0.01980974582585785,0.018193327124607892,0.0,-0.004501923624521024,share,19,False,0.5614068234518176,12,3.370753886513037
downsample,|RQE| T850,72,0.00412176109966822,0.003951159878245865,-0.00017060122142235437,-0.0002893105231729957,-4.097090277355168e-05,-4.13903710809651,-0.1099894919973769,-0.1865233859874553,-0.026414633759160103,0.10130926967753696,-0.16650081660878935,share,3,True,0.2075898898109759,12,7.8742968970672
dec0_attn,|RQE| T850,72,0.00412176109966822,0.004087354017732044,-3.440708193617562e-05,-6.502892235099959e-05,-1.1491072897721704e-05,-0.8347665258654903,-0.022182827483415643,-0.04192524575668777,-0.0074084889896317225,0.013502605163575704,-0.03358010682301073,share,12,True,-0.05540599620443235,12,13.407741213223037
dec0_mlp,|RQE| T850,72,0.00412176109966822,0.004130064606821786,8.303507153565684e-06,-1.3046367045414323e-05,4.019481881793277e-05,0.20145532341100686,0.005353411458621612,-0.008411213423753443,0.025914279310849844,0.0,0.008103932142214148,share,17,False,-0.1335763803094101,12,15.700075868858102
dec1_attn,|RQE| T850,72,0.00412176109966822,0.0041123407233196,-9.42037634861966e-06,-4.0151566887895264e-05,1.8504147495453555e-05,-0.22855221641491913,-0.006073475912834303,-0.02588639406024572,0.011929936760715269,0.0,-0.009193957356988615,share,16,False,-0.006781239481339354,12,12.163860927744816
dec1_mlp,|RQE| T850,72,0.00412176109966822,0.004052513308124617,-6.924779154360294e-05,-9.761285109561868e-05,-2.1471215101579826e-05,-1.6800534982286341,-0.04464522205831713,-0.06293265555140905,-0.013842855413928028,0.035964999738477194,-0.06758341906486681,share,7,True,0.25331368206255983,12,7.149236415023853
dec2_attn,|RQE| T850,72,0.00412176109966822,0.004096786365456258,-2.497473421196143e-05,-4.7658474068157374e-05,-7.071867003106115e-07,-0.6059238662321251,-0.016101633422322056,-0.030726224047068425,-0.00045593522288975383,0.007421411102482119,-0.02437446582275273,share,14,True,-0.12272732830481622,12,15.357514686538662
dec2_mlp,|RQE| T850,72,0.00412176109966822,0.0040677745613114285,-5.398653835679094e-05,-9.594496756714458e-05,-1.4304843110342821e-05,-1.3097929999178402,-0.03480603408963795,-0.06185734283982244,-0.00922257422128057,0.02612581176979801,-0.05268897049707518,share,9,True,0.09585443756904873,12,9.900718906828155
upsample,|RQE| T850,72,0.00412176109966822,0.00420591706642881,8.415596676059067e-05,4.156637029761138e-05,0.00012141585296679592,2.0417478045334745,0.05425677468996496,0.026798541740159356,0.07827885332183335,0.04557655237012503,0.08213327590106247,share,6,True,0.01861903703372361,12,11.5613110765035
decoder_io,|RQE| T850,72,0.00412176109966822,0.004652245736603315,0.000530484636935095,0.0003586166989407502,0.0007285114775489393,12.870339258085487,0.3420124149313889,0.23120624934225056,0.4696836673372539,0.333332192611549,0.5177344248283138,share,2,True,-0.20587719387372463,12,18.222025881704376
decoder_heads,|RQE| T850,72,0.00412176109966822,0.004809636845796679,0.0006878757461284598,0.000524063470462958,0.0008037066048321625,16.68887957101226,0.4434851242165378,0.3378725803369316,0.5181632373051867,0.4348049018966979,0.67134263460063,share,1,True,-0.297581564438911,12,22.16766813762355
film,|RQE| T850,72,0.00412176109966822,0.004083213357565303,-3.854774210291604e-05,-7.071936755285909e-05,6.277929060161114e-06,-0.9352250450910155,-0.024852381103703358,-0.045593971993072295,0.004047487013080738,0.01617215878386342,-0.037621246114475544,share,11,False,0.20037522768063554,12,7.993748160208862
cond_embed,|RQE| T850,72,0.00412176109966822,0.004016612986257921,-0.00010514811341029902,-0.00016147152443105975,-1.935166073963046e-05,-2.5510482259333975,-0.06779076657282328,-0.1041034219810523,-0.012476342879094045,0.059110544252983344,-0.10262087575765948,share,5,True,-0.15958792076904882,12,16.557419143668245
encoder_io,SpecDiv> Q700,72,0.006766928903137644,0.007217875875843068,0.00045094697270542383,0.00010263664104665319,0.0007470804829305654,6.66398271890121,0.8096696580980308,0.18428280728000213,1.3413736776125103,0.7979963224621859,0.3908161813523568,share,1,True,0.28404651454554475,12,6.690911682817178
enc0_attn,SpecDiv> Q700,72,0.006766928903137644,0.006833685911260545,6.675700812290113e-05,5.1582035181733464e-05,7.980646720776956e-05,0.9865185385935957,0.11986137442777585,0.09261490001592021,0.143291515253916,0.10818803879193101,0.057855403345047636,share,4,True,-0.5729322464461497,12,44.19717199503747
enc0_mlp,SpecDiv> Q700,72,0.006766928903137644,0.00685429972751687,8.737082437922557e-05,3.9258016234574214e-05,0.00012925209011882544,1.291144411739187,0.1568732240920969,0.07048727789779069,0.23207051371720305,0.14519988845625206,0.07572050376708436,share,2,True,0.13861984375293623,12,9.078150123306342
enc1_attn,SpecDiv> Q700,72,0.006766928903137644,0.006832902164508899,6.597326137125492e-05,4.588452090198795e-05,8.745665545575319e-05,0.9749365231348136,0.11845416692257023,0.08238508427680079,0.1570273327181497,0.10678083128672539,0.05717616403052679,share,5,True,0.014397638859316466,12,11.659361063761784
enc1_mlp,SpecDiv> Q700,72,0.006766928903137644,0.00681327023388197,4.6341330744326115e-05,-1.1347017910641928e-05,9.430268255528063e-05,0.6848207127289143,0.0832052806441093,-0.02037342895778393,0.16931928888263903,0.07153194500826447,0.040162021294053295,share,8,False,0.2992722868501387,12,6.471878637682525
enc2_attn,SpecDiv> Q700,72,0.006766928903137644,0.006758704315871,-8.224587266643843e-06,-1.574016253774365e-05,-1.8353147121767267e-06,-0.12154091441437077,-0.014767143729182957,-0.028261265274459282,-0.0032952846464303206,0.0030938080933381163,-0.007127893041314798,share,14,True,0.16139616683567776,12,8.664783202608659
enc2_mlp,SpecDiv> Q700,72,0.006766928903137644,0.006772489286959171,5.5603838215271635e-06,-7.049112658326824e-07,1.7500082806994512e-05,0.08216997549581115,0.009983599713864031,-0.0012656593749195233,0.0314211801401368,0.0,0.004818943475649445,share,17,False,-0.4990654708244674,12,35.91045256852348
downsample,SpecDiv> Q700,72,0.006766928903137644,0.006845035939477384,7.810703633973996e-05,8.724897634238005e-06,0.00014844968003065634,1.154246445585143,0.14024020835274384,0.015665444746357064,0.26653954666572244,0.12856687271689898,0.06769198049143436,share,3,True,-0.2867166399871299,12,21.647217004427183
dec0_attn,SpecDiv> Q700,72,0.006766928903137644,0.0067721236652384205,5.194762100776036e-06,-5.05358912050724e-06,1.3717366770530731e-05,0.07676690822578856,0.009327130480114104,-0.00907365615699988,0.02462936073496191,0.0,0.004502074989170493,share,18,False,-0.3022761597287449,12,22.397563354965033
dec0_mlp,SpecDiv> Q700,72,0.006766928903137644,0.0067771013515690965,1.0172448431452116e-05,-2.9851304134353996e-06,2.1366176467078426e-05,0.15032592446383505,0.018264504125840915,-0.005359764379221439,0.03836270302730765,0.006591168489996075,0.008816019824088889,share,13,False,-0.05736655363907603,12,13.460586076860531
dec1_attn,SpecDiv> Q700,72,0.006766928903137644,0.006772761427176495,5.832524038851261e-06,-2.047837673065563e-06,1.6748241614550337e-05,0.08619159625198479,0.010472224075601265,-0.0036768669687342126,0.030071258668044012,0.0,0.005054795597882187,share,16,False,-0.24650570911633476,12,19.851601651624787
dec1_mlp,SpecDiv> Q700,72,0.006766928903137644,0.006756417414483924,-1.0511488653719425e-05,-2.1181934668372073e-05,6.617048832898338e-06,-0.15533617693021023,-0.018873246611011057,-0.038031899178529206,0.011880828546221509,0.007199910975166218,-0.009109851278808333,share,12,False,0.03007551030309676,12,11.299262782141156
dec2_attn,SpecDiv> Q700,72,0.006766928903137644,0.006771243293769658,4.31439063201348e-06,-1.9400700693950057e-05,2.7228379622101784e-05,0.06375699661944154,0.007746434501968852,-0.034833715821380964,0.048888215585365165,0.0,0.003739095223436255,share,19,False,0.09979644435143364,12,9.822220032865406
dec2_mlp,SpecDiv> Q700,72,0.006766928903137644,0.006796242591614525,2.931368847688039e-05,1.2593901677367587e-05,4.895513411611318e-05,0.4331904309396308,0.052632361592927626,0.022612193189941746,0.08789833195715753,0.04095902595708278,0.025404902317352193,share,10,True,-0.12127636280973447,12,15.312341428233827
upsample,SpecDiv> Q700,72,0.006766928903137644,0.006760253027702372,-6.675875435272853e-06,-2.5091188338895638e-05,1.0706336858371887e-05,-0.09865443439456603,-0.011986450976162414,-0.04505091532546523,0.01922309412921367,0.00031311534031757397,-0.005785691672669607,share,15,False,-0.1417280760342221,12,15.963165670274167
decoder_io,SpecDiv> Q700,72,0.006766928903137644,0.0068194436219831305,5.251471884548664e-05,-4.3173186713829634e-05,0.0001644472319943209,0.7760495137038749,0.09428952188690005,-0.07751691760091607,0.29526295144016146,0.08261618625105521,0.04551222898970996,share,7,False,-0.15478534693470278,12,16.395153719780428
decoder_heads,SpecDiv> Q700,72,0.006766928903137644,0.006800322288957735,3.339338582009077e-05,7.40177056286484e-06,6.0781137047645936e-05,0.4934791882416136,0.059957407225684045,0.013289786612825757,0.10913177253841919,0.0482840715898392,0.02894059904723881,share,9,True,-0.30542671698766266,12,22.55358935764551
film,SpecDiv> Q700,72,0.006766928903137644,0.006778273809080322,1.1344905942678452e-05,2.8477428713813423e-06,2.01906475316112e-05,0.1676522112921583,0.020369636945679618,0.005113086763149487,0.03625205550360016,0.008696301309834778,0.009832137893551324,share,11,True,-0.3735413758838837,12,26.310590797376456
cond_embed,SpecDiv> Q700,72,0.006766928903137644,0.006712379865348339,-5.4549037789305053e-05,-0.0001133860011274616,8.4179812499011e-06,-0.8061121754066624,-0.09794211614609197,-0.20358314906782954,0.015114380211030697,0.08626878051024713,-0.04727528497943323,share,6,False,0.41506950260492764,12,4.960297678537805
encoder_io,SpecDiv< Q700,72,0.0059945825875426335,0.006360470084473491,0.0003658874969308575,2.1857830385367077e-05,0.0006581255719841766,6.103635934405337,0.7453848308258204,0.044528701692955475,1.34073129650635,0.7329233526417352,0.3806344317615515,share,1,True,0.2937580691518952,12,6.550608937057962
enc0_attn,SpecDiv< Q700,72,0.0059945825875426335,0.006035951431840658,4.1368844298024975e-05,2.2316795851414404e-05,5.73737973657747e-05,0.6901038344853859,0.08427647642294303,0.045463704662814346,0.11688171528693797,0.07181499823885791,0.04303619739426752,share,4,True,-0.39381268939956243,12,27.591722855807788
enc0_mlp,SpecDiv< Q700,72,0.0059945825875426335,0.006049331782075266,5.474919453263283e-05,6.557913729920983e-06,9.689255093689999e-05,0.9133112061281357,0.11153488284478945,0.013359760738343033,0.19738919283713968,0.09907340466070434,0.056955836767139945,share,2,True,0.14838969264997118,12,8.898829163660206
enc1_attn,SpecDiv< Q700,72,0.0059945825875426335,0.006038873068367441,4.429048082480828e-05,2.169577443661789e-05,6.619912358776977e-05,0.7388417821926168,0.09022842494952096,0.04419856183587925,0.13486064145452872,0.07776694676543586,0.04607558919779806,share,3,True,0.028257203967378897,12,11.340463754982252
enc1_mlp,SpecDiv< Q700,72,0.0059945825875426335,0.006032485165633261,3.790257809062799e-05,-1.568652029770116e-05,8.137196127790956e-05,0.6322805222400888,0.07721501006437514,-0.031956528650000114,0.16577069755013144,0.06475353188029002,0.03943022485010009,share,6,False,0.21028311822367496,12,7.830070864100502
enc2_attn,SpecDiv< Q700,72,0.0059945825875426335,0.005986864717366795,-7.71787017583847e-06,-1.5580793842673302e-05,-6.124299640456888e-07,-0.12874741590643873,-0.01572282027565462,-0.031741143056188345,-0.001247640351124444,0.0032613420915695067,-0.008028935542842128,share,13,True,0.2313958163900737,12,7.490077585579058
enc2_mlp,SpecDiv< Q700,72,0.0059945825875426335,0.005998682773982485,4.10018643985192e-06,-2.5336019461974504e-06,1.6357779774504396e-05,0.06839819753876665,0.008352886615310843,-0.005161445728229492,0.033324016295121155,0.0,0.004265442653112516,share,16,False,-0.43854496004578825,12,30.74607634113903
downsample,SpecDiv< Q700,72,0.0059945825875426335,0.00602757550465564,3.2992917113006115e-05,-4.217003103500853e-05,0.00010830496612470594,0.550378890126042,0.06721306452670521,-0.08590865146422144,0.2206385283171227,0.0547515863426201,0.03432268214357214,share,8,False,-0.2351107275635726,12,19.37709059973086
dec0_attn,SpecDiv< Q700,72,0.0059945825875426335,0.005996063468046486,1.480880503853162e-06,-9.324099907341104e-06,1.022189389914274e-05,0.02470364670478618,0.003016844994969689,-0.018995026313648154,0.020824009343428918,0.0,0.0015405667420153113,share,18,False,-0.22769160905853075,12,19.07566909993457
dec0_mlp,SpecDiv< Q700,72,0.0059945825875426335,0.006001597309174637,7.014721632003784e-06,-7.230207362833123e-06,1.897050824481993e-05,0.11701768270873615,0.014290368325839336,-0.014729355162959812,0.03864665832354764,0.0018288901417542254,0.007297446905838893,share,15,False,-0.04926833192827536,12,13.243715767538106
dec1_attn,SpecDiv< Q700,72,0.0059945825875426335,0.0060016180311019225,7.035443559288979e-06,-1.0379318458338578e-06,1.656725847472747e-05,0.11736336027648302,0.014332582969393496,-0.002114471414861715,0.03375076562882931,0.0018711047853083845,0.007319004021300247,share,14,False,-0.22435004315104262,12,18.94179247749707
dec1_mlp,SpecDiv< Q700,72,0.0059945825875426335,0.005983374120357136,-1.1208467185497284e-05,-2.2690714104101062e-05,5.214824341237545e-06,-0.1869766079925172,-0.02283385326626081,-0.04622544972341203,0.010623623359598598,0.010372375082175698,-0.011660219531568119,share,11,False,-0.013854225094799383,12,12.337172668317875
dec2_attn,SpecDiv< Q700,72,0.0059945825875426335,0.005994929272371034,3.466848284006119e-07,-2.3110880283638836e-05,2.293889604819315e-05,0.005783302228933488,0.0007062652163162099,-0.047081410911702315,0.046731045180930665,0.0,0.0003606578081118598,share,19,False,0.12164573740560852,12,9.397130305610158
dec2_mlp,SpecDiv< Q700,72,0.0059945825875426335,0.006010396988131106,1.5814400588472683e-05,-2.7164302688712874e-06,3.648926989020157e-05,0.26381153912762256,0.032217045966667815,-0.005533902998591368,0.07433582314840718,0.019755567782582705,0.016451793056979924,share,10,False,-0.02171201971608612,12,12.532653455514028
upsample,SpecDiv< Q700,72,0.0059945825875426335,0.005991400607551138,-3.1819799914956093e-06,-1.8964436215658982e-05,1.2918397745427974e-05,-0.053080926737219286,-0.006482319394751835,-0.03863428840528897,0.026317318298078207,0.0,-0.003310228297220102,share,17,False,-0.14233225733070992,12,15.98286423283872
decoder_io,SpecDiv< Q700,72,0.0059945825875426335,0.006032331186967592,3.774859942495823e-05,-5.731705944829931e-05,0.00014873109757900218,0.6297118919239473,0.07690132522238469,-0.11676612898411659,0.3029945131697488,0.06443984703829957,0.039270040141952796,share,7,False,-0.17053148757667258,12,16.93419055761741
decoder_heads,SpecDiv< Q700,72,0.0059945825875426335,0.006032568868249655,3.7986280707021557e-05,1.2274488108232618e-05,6.657976870580264e-05,0.6336768265727292,0.07738552876502368,0.025005547658157504,0.13563609046355352,0.06492405058093857,0.039517301063677124,share,5,True,-0.28219871637443317,12,21.43543756118349
film,SpecDiv< Q700,72,0.0059945825875426335,0.006002975511364639,8.39292382200559e-06,-8.505177296077211e-07,1.7463506083004173e-05,0.14000847764524854,0.01709803739038898,-0.001732671980638391,0.03557659837107144,0.00463655920630387,0.008731196929669295,share,12,False,-0.148163866483567,12,16.174432916958445
cond_embed,SpecDiv< Q700,72,0.0059945825875426335,0.005969360509576897,-2.522207796573639e-05,-8.592530017873892e-05,3.955042629968367e-05,-0.42074786021216043,-0.051382336032976754,-0.17504674490008693,0.0805720011308551,0.03892085784889165,-0.02623864273817431,share,9,False,0.4355468297979002,12,4.718367873362083
encoder_io,SpecRes Q700,72,0.0004671776478062384,0.0006997080684717124,0.000232530420665474,0.00012263744617181752,0.00031316431620022437,49.77344737219017,4.552108205651108,2.400799531696356,6.130629486724297,4.54230650474457,0.6380210252302514,share,1,True,0.4260045108158981,12,4.830241291640963
enc0_attn,SpecRes Q700,72,0.0004671776478062384,0.0004942797192294771,2.7102071423238765e-05,1.3828958435624372e-05,3.905358134943526e-05,5.801234616104607,0.5305609535423067,0.27072120280114703,0.7645284759389912,0.5207592526357682,0.07436313642675896,share,5,True,0.034309171018121754,12,11.203893644659082
enc0_mlp,SpecRes Q700,72,0.0004671776478062384,0.0004967296869532826,2.9552039147044223e-05,9.699131320909752e-06,4.545331824677606e-05,6.325653482313202,0.5785224983036246,0.1898740609819769,0.8898122764887003,0.5687207973970859,0.08108540061245084,share,4,True,0.13601630789537542,12,9.126457281641724
enc1_attn,SpecRes Q700,72,0.0004671776478062384,0.0004781221820546004,1.0944534248361984e-05,3.538590074943689e-06,1.857699317042716e-05,2.3426921856717815,0.21425456512923055,0.06927284985116122,0.3636706234195626,0.20445286422269193,0.0300298040223015,share,8,True,0.05193499086221702,12,10.815098089215983
enc1_mlp,SpecRes Q700,72,0.0004671776478062384,0.0004451715382553327,-2.2006109550905723e-05,-3.68896024156129e-05,-6.4861850963401e-06,-4.710437165442628,-0.43080037258973997,-0.7221655617305299,-0.12697614495308773,0.4209986716832014,-0.06038074733110738,share,6,True,0.38878518307758675,12,5.281290362570926
enc2_attn,SpecRes Q700,72,0.0004671776478062384,0.0004682247696716028,1.0471218653644125e-06,5.269351580257838e-07,1.7930468554065242e-06,0.22413783499306147,0.02049887503751367,0.010315492699108107,0.03510139998136109,0.010697174130975042,0.0028731112435475535,share,18,True,-0.6821037637264818,12,63.49633264405931
enc2_mlp,SpecRes Q700,72,0.0004671776478062384,0.00046909812226658687,1.920474460348487e-06,1.0320634222201383e-06,3.2022944651544094e-06,0.4110801253798432,0.0375959735705831,0.020204084951961822,0.06268939294059828,0.027794272664044474,0.005269431331235654,share,16,True,-0.2544560530576232,12,20.19126129107311
downsample,SpecRes Q700,72,0.0004671776478062384,0.0005100285949689957,4.2850947162757315e-05,1.5062476025680856e-05,6.487040009233167e-05,9.17230252003189,0.838867222797195,0.29486903484583754,1.2699288106866569,0.8290655218906564,0.11757517645487645,share,3,True,0.01720987329399615,12,11.59395109121544
dec0_attn,SpecRes Q700,72,0.0004671776478062384,0.0004700584540842101,2.8808062779717147e-06,1.3735580068896525e-06,4.281028426097085e-06,0.6166404346396571,0.05639581203748019,0.026889319067182806,0.08380711896228774,0.046594111130941564,0.007904406527546292,share,14,True,-0.3714230822066086,12,26.181484748519868
dec0_mlp,SpecRes Q700,72,0.0004671776478062384,0.0004725354689677867,5.357821161548297e-06,1.1971330119801375e-06,8.994475016758466e-06,1.1468487815518198,0.10488684277994978,0.023435553040737033,0.17607942828355025,0.09508514187341113,0.014700883182115806,share,11,True,-0.04072170588273601,12,13.018808563874579
dec1_attn,SpecRes Q700,72,0.0004671776478062384,0.00046589251966603723,-1.2851281402011712e-06,-3.459413831781906e-06,9.692618429350357e-07,-0.275083396270315,-0.02515818074719335,-0.06772286415398704,0.01897465620206574,0.015356479840654726,-0.0035261570129913825,share,17,False,0.23525858075124403,12,7.429130365080307
dec1_mlp,SpecRes Q700,72,0.0004671776478062384,0.00047211333488424617,4.935687078007807e-06,1.5217665350064635e-07,8.738412422341446e-06,1.0564904166936684,0.09662297769051206,0.002979070829211608,0.17106664486420173,0.08682127678397343,0.01354262431863315,share,12,True,0.1188863814356005,12,9.449899112371458
dec2_attn,SpecRes Q700,72,0.0004671776478062384,0.00046927197399782017,2.0943261915817857e-06,-1.6886069109508147e-06,6.949456292204559e-06,0.4482933208419265,0.040999364361555234,-0.03305684199710259,0.1360453265513539,0.031197663455016608,0.0057464487446221724,share,15,False,0.48942412591063633,12,4.113610342739924
dec2_mlp,SpecRes Q700,72,0.0004671776478062384,0.0004772775646415539,1.0099916835315526e-05,3.240792587651716e-06,1.5694169875738824e-05,2.161900699389723,0.19771999797211934,0.06344304753263236,0.3072353254588196,0.18791829706558072,0.027712328028162737,share,10,True,-0.09386351755562693,12,14.486076286497315
upsample,SpecRes Q700,72,0.0004671776478062384,0.00046625778486486524,-9.198629413731396e-07,-6.320907959889155e-06,7.770876375919517e-06,-0.19689789220280765,-0.018007603613821543,-0.12374061384755881,0.1521257735426093,0.008205902707282916,-0.0025239359875864472,share,19,False,0.17675960875242647,12,8.39498961512135
decoder_io,SpecRes Q700,72,0.0004671776478062384,0.0005261984842945822,5.9020836488343775e-05,3.701277661699957e-05,7.916430574065696e-05,12.633488944835525,1.1554154218363477,0.7245768689962722,1.5497520054597502,1.1456137209298092,0.16194240090596174,share,2,True,-0.2790233484876078,12,21.288179235284826
decoder_heads,SpecRes Q700,72,0.0004671776478062384,0.00045650384466474253,-1.0673803141495833e-05,-2.2031066873751114e-05,6.003190659005954e-06,-2.284741830354603,-0.20895462506305149,-0.43128894709018795,0.11752085331778103,0.19915292415651287,-0.029286967287778236,share,9,False,0.254288973678753,12,7.134346632745614
film,SpecRes Q700,72,0.0004671776478062384,0.00047174806240946054,4.5704146032221615e-06,1.9544824075031404e-06,6.972783012315631e-06,0.978303355197708,0.08947225812009368,0.038261726700246766,0.136501979722688,0.07967055721355507,0.012540383329328768,share,13,True,-0.3953677362064825,12,27.69354835519664
cond_embed,SpecRes Q700,72,0.0004671776478062384,0.00044620683426425484,-2.0970813541983564e-05,-3.7748536245392944e-05,-3.4679352514407014e-06,-4.488830670828925,-0.41053300523193365,-0.7389803927683924,-0.06788968286201495,0.400731304325395,-0.057540084078794344,share,7,True,0.053340228375442555,12,10.784660979876362
encoder_io,SpecResLog Q700,72,0.8879164233392172,0.8913748596299603,0.0034584362907432073,-0.0004889013751947675,0.0068263951086251886,0.38950020518113065,0.10466434358147188,-0.014795860674895604,0.20659052329065344,0.0975045367772576,0.226578106519592,share,5,False,0.5066908874098265,12,3.928947470611399
enc0_attn,SpecResLog Q700,72,0.8879164233392172,0.8916167101931153,0.0037002868538980236,0.003020205648233123,0.004371009259629299,0.416738192540941,0.11198358508525809,0.09140195599365601,0.1322819842517102,0.10482377828104382,0.24242285196336,share,4,True,-0.36916358417708994,12,26.04472823385221
enc0_mlp,SpecResLog Q700,72,0.8879164233392172,0.8921734552608213,0.004257031921603945,0.003464041970109201,0.0050669178675504445,0.47944061059197235,0.12883263250291055,0.10483399098909951,0.1533426057342329,0.12167282569869625,0.27889778822069994,share,3,True,0.23945974048202792,12,7.363275156211496
enc1_attn,SpecResLog Q700,72,0.8879164233392172,0.8940873921124238,0.006170968773206646,0.005711380500703413,0.006871439180176276,0.6949943272813084,0.18675503655747167,0.17284629260054413,0.20795371398864324,0.17959522975325737,0.4042886155708889,share,2,True,-0.29102036918699026,12,21.851466187369063
enc1_mlp,SpecResLog Q700,72,0.8879164233392172,0.8900825170271901,0.0021660936879730197,0.0015792232902126393,0.0031168065121628397,0.24395242964725422,0.0655535493293548,0.04779280436105943,0.09432543503523007,0.05839374252514051,0.14191078426935477,share,8,True,-0.40705530780127175,12,28.475950481999227
enc2_attn,SpecResLog Q700,72,0.8879164233392172,0.8875321560886108,-0.00038426725060612216,-0.0008183897193771813,0.00011429641684435572,-0.04327741220969823,-0.01162926714949078,-0.024767327072556942,0.0034590081866617286,0.004469460345276499,-0.025175119250531106,share,13,False,0.16601385707005872,12,8.582945781027702
enc2_mlp,SpecResLog Q700,72,0.8879164233392172,0.8881704648585121,0.0002540415192949508,-3.249914056658078e-05,0.0006104669478592764,0.028610972003374854,0.007688182352993968,-0.0009835373354910605,0.018474858868123063,0.000528375548779688,0.01664343118688499,share,15,False,0.06647513817599769,12,10.5040407796542
downsample,SpecResLog Q700,72,0.8879164233392172,0.8907781778050129,0.0028617544657957295,0.0014454100316249237,0.0038590876873033178,0.3222999812339807,0.08660667060878227,0.043743148477541245,0.11678945212784109,0.079446863804568,0.1874867291670252,share,6,True,-0.4084008102527006,12,28.568006880218274
dec0_attn,SpecResLog Q700,72,0.8879164233392172,0.8882749065940471,0.000358483254829937,6.820019074492863e-05,0.0007762657249438152,0.04037353577511012,0.010848953514671175,0.002063975622611561,0.023492508092025605,0.003689146710456894,0.023485890810176706,share,14,True,0.13094599666421985,12,9.22117242626011
dec0_mlp,SpecResLog Q700,72,0.8879164233392172,0.8883128731658946,0.00039644982667734935,0.00016290511856799686,0.0006272141125210628,0.04464945306298166,0.011997954388587594,0.004930077025451629,0.018981686477140554,0.004838147584373314,0.025973255976697706,share,12,True,-0.4166318511205744,12,29.140401727624113
dec1_attn,SpecResLog Q700,72,0.8879164233392172,0.8881555958983237,0.00023917255910641902,-9.494647129661855e-05,0.0007697397490317633,0.026936381940876226,0.007238195761644245,-0.002873411350741436,0.02329500930134624,7.838895742996514e-05,0.015669297051625633,share,16,False,0.3278992334100139,12,6.073660558089612
dec1_mlp,SpecResLog Q700,72,0.8879164233392172,0.8868591909631518,-0.0010572323760654572,-0.0017500632828556786,-0.0001841162267984974,-0.11906890651819321,-0.031995538836481374,-0.052963018349186604,-0.005571999135025552,0.024835732032267098,-0.06926416732362095,share,9,True,0.099084442115664,12,9.836356771461167
dec2_attn,SpecResLog Q700,72,0.8879164233392172,0.8886887433386258,0.0007723199994086327,0.00045502511376196986,0.0011090876702694844,0.08698115938706741,0.023373096676468263,0.01377064685923322,0.033564860886338276,0.016213289872253983,0.05059824394093882,share,11,True,-0.23063245244671066,12,19.194453257514958
dec2_mlp,SpecResLog Q700,72,0.8879164233392172,0.8880326767442969,0.00011625340507967485,-0.0004153765965406855,0.0008200739638127758,0.013092831940474394,0.0035182334757308305,-0.01257074445245717,0.024818298183042358,0.0,0.007616296552841042,share,18,False,0.27256188372533985,12,6.859593633074726
upsample,SpecResLog Q700,72,0.8879164233392172,0.8878164895838894,-9.99337553278153e-05,-0.000713639487332926,0.0005034122739797247,-0.01125486055905927,-0.003024343958861677,-0.02159721973061635,0.015235011079420864,0.0,-0.0065471210558869985,share,19,False,0.23465429298444168,12,7.438639736137404
decoder_io,SpecResLog Q700,72,0.8879164233392172,0.8877879558669916,-0.00012846747222572397,-0.0020208940639021423,0.001445019007609417,-0.014468419419768364,-0.0038878737445780364,-0.06115930231594833,0.043731314727121405,0.0,-0.008416496404508759,share,17,False,-0.0865752553728095,12,14.274742545753424
decoder_heads,SpecResLog Q700,72,0.8879164233392172,0.8905738165817909,0.0026573932425738946,0.0009416720505249931,0.0037595849640496533,0.2992841637707462,0.08042198727681796,0.02849828036474741,0.11377815270278341,0.07326218047260369,0.17409808322678713,share,7,True,0.3542898295044059,12,5.721465137770881
film,SpecResLog Q700,72,0.8879164233392172,0.8888605845814211,0.0009441612422038578,0.0006628634513223449,0.0013651567651970693,0.10633447218524451,0.028573611986097258,0.02006055979764572,0.041314404749220233,0.02141380518188298,0.06185635603013057,share,10,True,-0.09327148844135245,12,14.468782765796673
cond_embed,SpecResLog Q700,72,0.8879164233392172,0.8790311455565125,-0.008885277782704612,-0.010114234801791851,-0.007430347043656138,-1.0006885275631516,-0.2688994934372395,-0.30609201886755955,-0.22486821514924482,0.26173968663302527,-0.5821155130988916,share,1,True,0.09416308121610747,12,9.934573019339313
encoder_io,SpecDivW1 Q700,72,1.6342236080663215,1.784530635045656,0.15030702697933437,0.12130562264129333,0.17768389966027476,9.19745781650919,0.6002079127708531,0.4843991397881206,0.7095295854846632,0.5954511916905139,0.4405026346388614,share,1,True,0.19271484524837476,12,8.122160879956319
enc0_attn,SpecDivW1 Q700,72,1.6342236080663215,1.6743984503552654,0.040174842288944225,0.035177585882737394,0.04469447818463824,2.4583442614980147,0.16042668610204586,0.14047157889629586,0.17847455307111112,0.15566996502170663,0.1177398304665679,share,5,True,-0.5249601033283027,12,38.52207228940716
enc0_mlp,SpecDivW1 Q700,72,1.6342236080663215,1.6914160233090916,0.057192415242769946,0.047641736590296954,0.06475614857259938,3.4996688923397876,0.2283814727032457,0.19024358244789458,0.25858506787698593,0.2236247516229065,0.1676129859135845,share,3,True,-0.12861498476754535,12,15.542360243132764
enc1_attn,SpecDivW1 Q700,72,1.6342236080663215,1.6640641030590793,0.029840494992757722,0.023749080574847835,0.03689313696075751,1.8259738046537084,0.11915944035081413,0.0948351275953057,0.1473221390629327,0.11440271927047492,0.08745310799770394,share,6,True,0.23291202759467483,12,7.466109067669915
enc1_mlp,SpecDivW1 Q700,72,1.6342236080663215,1.640753105744723,0.006529497678401275,-0.0027294696062551494,0.016111451176328794,0.39954738422407426,0.026073672347562225,-0.010899352400650751,0.06433644970958918,0.021316951267223005,0.019135904608102893,share,11,False,0.3434222476230199,12,5.86482250272714
enc2_attn,SpecDivW1 Q700,72,1.6342236080663215,1.6342482470336523,2.4638967330403716e-05,-0.0009669835104417213,0.0014194948119269943,0.0015076864150529268,9.838863459287313e-05,-0.0038613707299649776,0.005668344556990644,0.0,7.22090659494976e-05,share,19,False,-0.12325701055078872,12,15.374042665658854
enc2_mlp,SpecDivW1 Q700,72,1.6342236080663215,1.636344621140725,0.0021210130744035993,0.0013558669510023056,0.003371453743484016,0.129787200719323,0.008469656116094328,0.005414264981556474,0.013462931541172991,0.003712935035755108,0.006216022405304543,share,15,True,-0.6220346947290544,12,51.49789164588937
downsample,SpecDivW1 Q700,72,1.6342236080663215,1.716310263843275,0.08208665577695357,0.06626455961487243,0.09652234524279786,5.022975764869886,0.3277894674678035,0.2646084738446104,0.3854342444142191,0.32303274638746426,0.24057017735712977,share,2,True,-0.1935202429707232,12,17.758961450446865
dec0_attn,SpecDivW1 Q700,72,1.6342236080663215,1.6407217256905244,0.006498117624202808,0.005788202705974946,0.007935094155737732,0.3976272030417943,0.02594836512000534,0.02311352392942668,0.0316865178998608,0.02119164403966612,0.019043939536160945,share,12,True,-0.7262324989238975,12,75.66562833668277
dec0_mlp,SpecDivW1 Q700,72,1.6342236080663215,1.639155299812043,0.004931691745721408,0.0038015873289724187,0.006553488385343568,0.30177582317249607,0.01969329357792211,0.015180546390904088,0.02616947234061053,0.014936572497582888,0.01445323782177989,share,14,True,-0.41509637353014717,12,29.032400747539235
dec1_attn,SpecDivW1 Q700,72,1.6342236080663215,1.632804215354807,-0.0014193927115146259,-0.003420105439599833,0.0018885891865689794,-0.08685425326795444,-0.005667936848338346,-0.013657208106715408,0.007541538120556539,0.0009112157679991268,-0.004159793734030511,share,16,False,0.031476063676371825,12,11.267626700380767
dec1_mlp,SpecDivW1 Q700,72,1.6342236080663215,1.6333218894396435,-0.0009017186266778906,-0.0030944804170302937,0.0014349447663620544,-0.055177187639875065,-0.0036007541743164717,-0.012356918166383499,0.00573003950958356,0.0,-0.0026426537650109916,share,17,False,-0.18012794464717863,12,17.272860128976966
dec2_attn,SpecDivW1 Q700,72,1.6342236080663215,1.641730454890823,0.007506846824501405,0.004458874274271311,0.011265634683982543,0.45935248930737244,0.02997643526436044,0.01780523289730155,0.04498607427476931,0.02521971418402122,0.022000207644835443,share,9,True,-0.039840470052826774,12,12.995846264547778
dec2_mlp,SpecDivW1 Q700,72,1.6342236080663215,1.6578575770075634,0.023633968941241718,0.02055981302859062,0.02748240264691542,1.4461894213611546,0.09437546237052635,0.08209970427095208,0.10974307630275451,0.08961874129018714,0.06926373167517562,share,8,True,-0.43346577854318935,12,30.362842509822908
upsample,SpecDivW1 Q700,72,1.6342236080663215,1.6291160571341763,-0.00510755093214547,-0.01423567755540486,0.0014521743756789167,-0.3125368466674477,-0.020395536695535493,-0.05684608686713756,0.0057988410024595585,0.015638815615196273,-0.014968625801317912,share,13,False,0.3294041768154588,12,6.053200387478216
decoder_io,SpecDivW1 Q700,72,1.6342236080663215,1.6601040722023273,0.02588046413600555,0.01635001493575962,0.03661230636396982,1.583655015645524,0.10334619526968972,0.06528908551769701,0.14620072278767562,0.0985894741893505,0.07584750271957974,share,7,True,-0.3286271554835373,12,23.747647817488545
decoder_heads,SpecDivW1 Q700,72,1.6342236080663215,1.6334456944017994,-0.000777913664522271,-0.00876658887403779,0.0075909397489661145,-0.04760142129158992,-0.003106374640508544,-0.035006853078997056,0.030312236189214737,0.0,-0.002279820349255831,share,18,False,0.04429547348166425,12,10.982001367854624
film,SpecDivW1 Q700,72,1.6342236080663215,1.641388428846307,0.007164820779985166,0.0049741780135204965,0.009164970267320376,0.4384235269041834,0.02861065255667248,0.019862950277476286,0.03659767467499443,0.02385393147633326,0.020997836852515626,share,10,True,-0.510855128987533,12,37.06521855237506
cond_embed,SpecDivW1 Q700,72,1.6342236080663215,1.5866808922498385,-0.04754271581648297,-0.05548910799436677,-0.04042384794894172,-2.909192816810265,-0.18984817144705018,-0.22157980475120717,-0.16142101863897892,0.18509145036671093,-0.13933275107574852,share,4,True,-0.2828714341335195,12,21.466802387102884
encoder_io,|RQE| Q700,72,0.1727076123158137,0.16537504270672798,-0.007332569609085719,-0.009205808180073898,-0.005488102883100509,-4.245655133994534,-0.29140009422934104,-0.36584356019025316,-0.218100036212982,0.2836842033284983,0.5303372260847843,share,2,True,-0.4798025260968993,12,34.13632553792558
enc0_attn,|RQE| Q700,72,0.1727076123158137,0.1723135064045588,-0.0003941059112548828,-0.0011895472339044015,0.00017156523341933867,-0.22819255386046303,-0.01566197196869606,-0.047273219966501696,0.006818090771743499,0.007946081067853368,0.028504200696512935,share,17,False,-0.3241347176678565,12,23.510035250198833
enc0_mlp,|RQE| Q700,72,0.1727076123158137,0.169708621998628,-0.00299899031718572,-0.003849338491757711,-0.001997394487261772,-1.7364552013502201,-0.11918142037655546,-0.15297469495945068,-0.07937748604255256,0.11146552947571278,0.21690570845732687,share,4,True,-0.39786789455126825,12,27.858362945311292
enc1_attn,|RQE| Q700,72,0.1727076123158137,0.17518005209664503,0.002472439780831337,0.0015987642109394073,0.003312457570185263,1.4315754515268415,0.09825603076688098,0.06353571347498341,0.13163877051867967,0.09054013986603829,-0.17882228535587774,share,5,True,0.018074925957786283,12,11.573903440772042
enc1_mlp,|RQE| Q700,72,0.1727076123158137,0.17153743219872317,-0.001170180117090543,-0.0027032814143846434,0.00030473556059102156,-0.6775498204159919,-0.046503560765787655,-0.10742979622096385,0.012110348186974389,0.03878766986494496,0.08463473385215455,share,8,False,0.07841050119261868,12,10.254976164881834
enc2_attn,|RQE| Q700,72,0.1727076123158137,0.17331500413517156,0.000607391819357872,-1.2758715699116388e-05,0.0013592891395091998,0.3516879257453883,0.02413806384813628,-0.0005070379355636916,0.05401885075146107,0.01642217294729359,-0.04393036954271873,share,13,False,0.25568221484513454,12,7.113116134212319
enc2_mlp,|RQE| Q700,72,0.1727076123158137,0.173384557167689,0.0006769448518753052,0.00020246997786064943,0.0010384409222751855,0.3919600547991143,0.026902137196230087,0.008046261238911358,0.041268177287760326,0.019186246295387392,-0.04896087921362244,share,12,True,-0.039158649904956475,12,12.978109026662928
downsample,|RQE| Q700,72,0.1727076123158137,0.1691447546084722,-0.003562857707341512,-0.004467799685274562,-0.002188129583373666,-2.0629419048573605,-0.14158980098308313,-0.1775526614399451,-0.08695739703459814,0.13387391008224042,0.2576881194697436,share,3,True,0.2698771820857769,12,6.89946550624678
dec0_attn,|RQE| Q700,72,0.1727076123158137,0.17230973889430365,-0.0003978734215100606,-0.0012018924113363027,0.0006305644288659081,-0.23037399230701422,-0.015811694767373412,-0.04776382367825868,0.025058955289223247,0.00809580386653072,0.028776690566298994,share,16,False,0.24824169942529983,12,7.227045540178467
dec0_mlp,|RQE| Q700,72,0.1727076123158137,0.17262675675253072,-8.085556328296661e-05,-0.0005970355123281479,0.0006278737137715016,-0.04681644439337965,-0.0032132417441258663,-0.02372649887088871,0.024952024885032766,0.0,0.005847979280261882,share,19,False,0.0905728030181866,12,10.00678389703046
dec1_attn,|RQE| Q700,72,0.1727076123158137,0.17359121640523276,0.000883604089419047,0.000344852435713013,0.0014051091391593217,0.5116184964697941,0.03511488177338234,0.013704613473764162,0.05583976114542305,0.027398990872539643,-0.06390776586137295,share,10,True,0.0028658483407374793,12,11.931416190618618
dec1_mlp,|RQE| Q700,72,0.1727076123158137,0.17222226845721403,-0.0004853438585996628,-0.0013221860397607088,0.0002905183626959719,-0.28102053643829056,-0.019287815004760407,-0.052544354450803514,0.011545349417489645,0.011571924103917716,0.03510309883019645,share,15,False,0.27165179197346323,12,6.873091007684304
dec2_attn,|RQE| Q700,72,0.1727076123158137,0.17473447881639004,0.0020268665005763373,0.0012678425914297502,0.002689518469075362,1.1735826078528622,0.08054871903655662,0.050384717814723465,0.10688284968328238,0.07283282813571393,-0.14659564311914636,share,6,True,0.2918565447761122,12,6.577914163185485
dec2_mlp,|RQE| Q700,72,0.1727076123158137,0.17128564417362213,-0.001421968142191569,-0.0019580030813813208,-0.0007819277544816339,-0.8233384291083555,-0.05650974661219889,-0.07781205127720554,-0.031074211836209994,0.04879385571135619,0.10284561624568617,share,7,True,-0.11240341473462392,12,15.039310874347736
upsample,|RQE| Q700,72,0.1727076123158137,0.17237331594030061,-0.0003342963755130768,-0.0018248745705932378,0.001076161473368605,-0.19356203877208455,-0.013285110202613415,-0.07252145566660399,0.04276721142299516,0.0055692193017707215,0.024178401560637677,share,18,False,0.43708127840488475,12,4.700516777060271
decoder_io,|RQE| Q700,72,0.1727076123158137,0.17191206912199655,-0.0007955431938171387,-0.0033351853489875793,0.001964808131257693,-0.460630069022323,-0.031615296410494,-0.13254198415833093,0.07808248746546252,0.023899405509651306,0.05753865195044739,share,11,False,-0.10872430276235105,12,14.927694847266391
decoder_heads,|RQE| Q700,72,0.1727076123158137,0.18245345229903856,0.009745839983224869,0.008587528858333826,0.011040198306242626,5.642970713649607,0.38730470228838526,0.3412728213878738,0.4387431689381326,0.3795888113875426,-0.7048800104352663,share,1,True,0.3904999425651479,12,5.259979137953506
film,|RQE| Q700,72,0.1727076123158137,0.17385828432937464,0.001150672013560931,0.0005392468844850858,0.0017823008665194108,0.6662543695276202,0.04572829868034889,0.02142994902593575,0.0708295547314348,0.038012407779506194,-0.08322378597663083,share,9,True,-0.11059021809388363,12,14.984187141010523
cond_embed,|RQE| Q700,72,0.1727076123158137,0.1732992579539617,0.0005916456381479899,-0.001512641708056132,0.00228454473738869,0.342570677814771,0.0235123024939411,-0.0601131608374528,0.0907889849311933,0.015796411593098404,-0.04279150738259278,share,14,False,0.37400293457712214,12,5.467211601979947
encoder_io,Vag/Vg 850hPa,72,0.356603167951107,0.35659463703632355,-8.530914783477783e-06,-0.00013445826868216195,0.00016847501198450723,-0.0023922711714797315,-0.0011683207183475896,-0.018414248066193423,0.023072888666825456,0.0,-0.00035576863697500336,share,19,False,-0.09738187213298088,12,14.589317518710272
enc0_attn,Vag/Vg 850hPa,72,0.356603167951107,0.3564033657312393,-0.0001998022198677063,-0.00023333479960759482,-0.00014999819298585257,-0.056029289087835776,-0.027363193627884114,-0.03195552735106582,-0.020542462447225317,0.02336600621997595,-0.008332443264418048,share,7,True,-0.2040428272634243,12,18.152376059990438
enc0_mlp,Vag/Vg 850hPa,72,0.356603167951107,0.3564611151814461,-0.0001420527696609497,-0.00016421135514974595,-0.0001169713834921519,-0.03983497131478827,-0.019454325603506677,-0.022488974896449566,-0.01601939466706879,0.015457138195598512,-0.005924091556825689,share,13,True,-0.5454718952880943,12,40.8020154335934
enc1_attn,Vag/Vg 850hPa,72,0.356603167951107,0.3563792159159978,-0.00022395203510920206,-0.0002667964125672976,-0.00016555910309155782,-0.06280147100092716,-0.030670544622123402,-0.036538142074385285,-0.022673550863212093,0.02667335721421524,-0.009339574043441318,share,6,True,0.20758848277522254,12,7.874320053835177
enc1_mlp,Vag/Vg 850hPa,72,0.356603167951107,0.35632864385843277,-0.00027452409267425537,-0.00031966535995403924,-0.00019513871520757678,-0.07698307736623772,-0.03759645867968148,-0.043778618407449545,-0.026724520138249434,0.03359927127177331,-0.01144860366635893,share,5,True,0.08539566301062552,12,10.111752255790108
enc2_attn,Vag/Vg 850hPa,72,0.356603167951107,0.35646706571181613,-0.0001361022392908732,-0.0001711715633670489,-0.00010364924867947898,-0.038166301234186975,-0.018639392141742244,-0.023442185152404454,-0.01419490966055929,0.01464220473383408,-0.005675933870015759,share,14,True,0.060700192954247924,12,10.626563245129166
enc2_mlp,Vag/Vg 850hPa,72,0.356603167951107,0.3564486503601074,-0.00015451759099960327,-0.00018218265225489934,-0.00012488849461078644,-0.043330403340889216,-0.021161400329965642,-0.024950169185272514,-0.01710365411451693,0.017164212922057477,-0.006443917696266022,share,11,True,0.005294718593599824,12,11.873596027218595
downsample,Vag/Vg 850hPa,72,0.356603167951107,0.35657774408658344,-2.5423864523569744e-05,-8.795236547787984e-05,7.998968164126075e-05,-0.007129455598963033,-0.0034818338264117252,-0.012045199538799721,0.010954698843845994,0.0,-0.0010602630383444278,share,17,False,-0.1830388184335776,12,17.377160802160706
dec0_attn,Vag/Vg 850hPa,72,0.356603167951107,0.35647878299156827,-0.00012438495953877768,-0.0001589212566614151,-8.949637413024902e-05,-0.03488049762806139,-0.017034694281723634,-0.02176448850514411,-0.01225665368453384,0.01303750687381547,-0.005187282798910064,share,15,True,0.13219593222824128,12,9.1977444158153
dec0_mlp,Vag/Vg 850hPa,72,0.356603167951107,0.35643884042898816,-0.00016432752211888632,-0.00019893000523249306,-0.00014189550032218297,-0.046081341078107546,-0.022504884125445407,-0.027243742612954366,-0.019432787347469015,0.018507696717537245,-0.0068530257358733766,share,9,True,-0.011777854196521201,12,12.28603740759795
dec1_attn,Vag/Vg 850hPa,72,0.356603167951107,0.35641084611415863,-0.00019232183694839478,-0.0002276537319024404,-0.00015633963048458102,-0.05393161200821512,-0.026338744718520813,-0.031177497178367097,-0.02141093118732102,0.022341557310612648,-0.00802048543776049,share,8,True,-0.2600619304870798,12,20.435146924929143
dec1_mlp,Vag/Vg 850hPa,72,0.356603167951107,0.3564610679944356,-0.00014209995667139688,-0.00017756416151920953,-0.00010710724939902627,-0.03984820367352425,-0.01946078793062417,-0.02431766041558544,-0.014668487698465908,0.015463600522716009,-0.005926059418282028,share,12,True,-0.45000811582746886,12,31.63700754622637
dec2_attn,Vag/Vg 850hPa,72,0.356603167951107,0.35644106566905975,-0.00016210228204727173,-0.00021001199881235758,-0.00012172553688287737,-0.04545733089771574,-0.02220013438348341,-0.02876143714262267,-0.01667048262721867,0.018202946975575247,-0.006760225532458645,share,10,True,0.4333272646846359,12,4.744256940706795
dec2_mlp,Vag/Vg 850hPa,72,0.356603167951107,0.3565649365385373,-3.82314125696818e-05,-8.169598877429962e-05,-1.5273690223693848e-06,-0.010720996335883257,-0.005235845455092516,-0.011188379993639508,-0.00020917532511900076,0.001238658047184353,-0.0015943820662571184,share,16,True,0.3668938022474435,12,5.558057517372058
upsample,Vag/Vg 850hPa,72,0.356603167951107,0.3582045758763949,0.0016014079252878826,0.0014000159377853076,0.0017173067977031072,0.4490728263825878,0.21931505648883434,0.19173414195852453,0.23518756926297202,0.2153178690809262,0.06678424638868294,share,3,True,0.29242417193716685,12,6.569754822851453
decoder_io,Vag/Vg 850hPa,72,0.356603167951107,0.3569266200065613,0.00032345205545425415,8.058473467826843e-05,0.0005507186676065126,0.09070364049558917,0.044297211655566736,0.01103619219002244,0.07542169224238433,0.040300024247658564,0.01348906885327146,share,4,True,0.28458152469108794,12,6.683127180870397
decoder_heads,Vag/Vg 850hPa,72,0.356603167951107,0.37612205495436984,0.019518887003262837,0.018904158100485804,0.020303169762094817,5.4735596196215015,2.673138891173037,2.5889509076437136,2.780547512574441,2.6691417037651286,0.8140050628414547,share,1,True,0.248667225785844,12,7.220493262242621
film,Vag/Vg 850hPa,72,0.356603167951107,0.3566187620162964,1.5594065189361572e-05,-6.395454208056132e-06,3.197000672419865e-05,0.004372946342276925,0.0021356290510930174,-0.0008758664040328371,0.0043783371619105695,0.0,0.0006503264254922987,share,18,False,-0.21517190932159702,12,18.57994519443675
cond_embed,Vag/Vg 850hPa,72,0.356603167951107,0.3586621011296908,0.0020589331785837808,0.0019827433551351226,0.0021315336848298705,0.5773737766867164,0.2819737802200909,0.27153947727350536,0.2919165211526467,0.27797659281218273,0.08586463106934757,share,2,True,0.03880466826224902,12,11.103477230371029
encoder_io,|Vag| 850hPa,72,3.784082571665446,3.785616854826609,0.00153428316116333,0.00027771790822347003,0.004417323569456735,0.040545710409486735,0.02408588715734485,0.004359744256055401,0.0693451898088638,0.019123676024411736,0.004971714653271543,share,16,True,-0.31093549533036097,12,22.829830643368307
enc0_attn,|Vag| 850hPa,72,3.784082571665446,3.7825212677319846,-0.001561303933461507,-0.002299805482228597,-0.0009168773889541629,-0.04125977443389529,-0.0245100717465733,-0.03610341085070689,-0.014393565598886245,0.01954786061364019,-0.005059273177654813,share,15,True,-0.07446189595763732,12,13.930861079817303
enc0_mlp,|Vag| 850hPa,72,3.784082571665446,3.783730367819468,-0.0003522038459777832,-0.0007550527652104695,1.1384487152099501e-05,-0.009307509529919471,-0.00552905898033296,-0.011853167760057678,0.00017871894825581064,0.000566847847399849,-0.0011412867365751737,share,19,False,-0.4450043898054932,12,31.243585280951727
enc1_attn,|Vag| 850hPa,72,3.784082571665446,3.781817058722178,-0.0022655129432678223,-0.003009087840716044,-0.0013234684864679976,-0.05986954302296653,-0.03556507070290666,-0.04723805358267222,-0.020776420825214775,0.030602859569973547,-0.0073412028381258715,share,10,True,0.35201975555737736,12,5.75121990736435
enc1_mlp,|Vag| 850hPa,72,3.784082571665446,3.778749148050944,-0.005333423614501953,-0.006347566843032837,-0.004225394626458486,-0.14094363728840656,-0.0837265523032989,-0.09964704206821261,-0.06633220043356543,0.07876434117036579,-0.017282507562827305,share,5,True,0.25095896643058974,12,7.185281567212503
enc2_attn,|Vag| 850hPa,72,3.784082571665446,3.7818171183268228,-0.002265453338623047,-0.002736314634482066,-0.0018015921115875245,-0.05986796788173621,-0.03556413500160689,-0.042955933546943464,-0.028282226776417316,0.03060192386867378,-0.007341009694322085,share,11,True,-0.13351502129694845,12,15.698114323831705
enc2_mlp,|Vag| 850hPa,72,3.784082571665446,3.781274656454722,-0.002807915210723877,-0.0033146530389785767,-0.002319077650705973,-0.07420332821881476,-0.04407995253080139,-0.05203495748597954,-0.03640595427096542,0.03911774139786828,-0.00909881145258417,share,8,True,-0.07014245083716246,12,13.810405068612392
downsample,|Vag| 850hPa,72,3.784082571665446,3.782138764858246,-0.001943806807200114,-0.002855385839939117,-0.0006339276830355329,-0.05136798075589054,-0.030514778887621993,-0.04482516843846963,-0.00995169016124365,0.025552567754688883,-0.006298741347821522,share,14,True,-0.20914466675886295,12,18.346890248108426
dec0_attn,|Vag| 850hPa,72,3.784082571665446,3.7820746103922525,-0.0020079612731933594,-0.0025516351064046225,-0.001451656222343446,-0.053063357766784086,-0.03152190538660632,-0.04005674884222944,-0.022788771230540572,0.026559694253673206,-0.006506628461963861,share,13,True,-0.17185318061098281,12,16.980368502419065
dec0_mlp,|Vag| 850hPa,72,3.784082571665446,3.781146824359894,-0.0029357473055521646,-0.0034438764055569966,-0.0026414483785629273,-0.07758148111075934,-0.046086719918371884,-0.0540635657013888,-0.04146667915574251,0.041124508785438774,-0.009513040530438553,share,7,True,0.055605662525084816,12,10.735762844043741
dec1_attn,|Vag| 850hPa,72,3.784082571665446,3.7794743378957114,-0.0046082337697347,-0.005153571565945943,-0.00413179745276769,-0.12177941898626515,-0.07234218648944697,-0.0809031516063553,-0.06486286868253871,0.06737997535651387,-0.014932591283423353,share,6,True,-0.33566195889676276,12,24.126186542237214
dec1_mlp,|Vag| 850hPa,72,3.784082571665446,3.781967024008433,-0.0021155476570129395,-0.0027033746242523192,-0.001505897442499797,-0.05590648768749904,-0.03321084623268873,-0.042438826021137147,-0.023640275008351697,0.02824863509975562,-0.00685525302779872,share,12,True,-0.29260902754111684,12,21.927489796167837
dec2_attn,|Vag| 850hPa,72,3.784082571665446,3.7815852562586465,-0.0024973154067993164,-0.0030852948625882466,-0.002010087172190348,-0.06599526726765376,-0.039204013057706946,-0.0484343866819806,-0.03155527873296473,0.034241801924773836,-0.00809233909105206,share,9,True,0.3493443768998573,12,5.786415692590224
dec2_mlp,|Vag| 850hPa,72,3.784082571665446,3.782805601755778,-0.0012769699096679688,-0.002096394697825114,-0.0006641566753387452,-0.03374582571822555,-0.02004646464624358,-0.03291017421502974,-0.01042623887293215,0.01508425351331047,-0.0041379128523246775,share,17,True,0.22805089016914895,12,7.543164043221608
upsample,|Vag| 850hPa,72,3.784082571665446,3.8061021169026694,0.02201954523722331,0.01916412462790807,0.023579367995262144,0.5818991742437611,0.3456730121692002,0.3008472979049724,0.3701598317384742,0.3407108010362671,0.07135247162021399,share,3,True,0.3321130133010848,12,6.016489412205381
decoder_io,|Vag| 850hPa,72,3.784082571665446,3.7972574830055237,0.013174911340077719,0.00922569086154302,0.016956547896067303,0.348166592313,0.20682585579869636,0.14482916495752232,0.2661917366629517,0.20186364466576323,0.042692184482656194,share,4,True,0.3162219360599659,12,6.2340070032889825
decoder_heads,|Vag| 850hPa,72,3.784082571665446,4.017517507076263,0.23343493541081747,0.22249485552310944,0.24703242828448613,6.168864737750117,3.6645696538987815,3.4928272165589354,3.8780293901900014,3.659607442765848,0.7564261398055651,share,1,True,0.39713024091064003,12,5.178069228790697
film,|Vag| 850hPa,72,3.784082571665446,3.783145785331726,-0.0009367863337198893,-0.0012859503428141277,-0.000719506045182546,-0.024755969669752527,-0.014706105428030632,-0.020187443642075392,-0.011295138897408151,0.009743894295097522,-0.0030355767828464737,share,18,True,-0.1952341821668294,12,17.822340199065515
cond_embed,|Vag| 850hPa,72,3.784082571665446,3.8101099133491516,0.026027341683705647,0.0248041570186615,0.02732806106408437,0.6878111455229299,0.40858925566521104,0.3893871366818354,0.42900855049434744,0.40362704453227793,0.08433939660555881,share,2,True,0.40884772900606947,12,5.035197989020292
encoder_io,Vag/Vg 500hPa,72,0.24262005587418875,0.24247359111905098,-0.00014646475513776144,-0.00022536851465702055,-2.4969317018985937e-05,-0.06036795046066229,-0.0631988736060235,-0.09724548584531219,-0.010774146372807313,0.05193871600544542,-0.0026146130298621544,share,18,True,-0.23335921386164113,12,19.305404609230663
enc0_attn,Vag/Vg 500hPa,72,0.24262005587418875,0.24226671953996023,-0.0003533363342285156,-0.0004211470484733581,-0.0003014273631076019,-0.14563360516730697,-0.1524630161455574,-0.18172302996023298,-0.13006453193818815,0.14120285854497933,-0.006307577427270234,share,6,True,0.08672063932608996,12,10.084792661049635
enc0_mlp,Vag/Vg 500hPa,72,0.24262005587418875,0.24252784748872122,-9.22083854675293e-05,-0.00016840174794197083,-2.6458905388911643e-05,-0.03800526099760862,-0.0397874976344766,-0.07266458591493677,-0.011416896958280187,0.02852734003389852,-0.0016460563900113111,share,19,True,0.16349444577828287,12,8.627515745419789
enc1_attn,Vag/Vg 500hPa,72,0.24262005587418875,0.2423945665359497,-0.00022548933823903403,-0.00027844691649079326,-0.00017862211291988695,-0.09293928213253817,-0.09729762066970127,-0.12014857406982848,-0.077074626773157,0.08603746306912319,-0.004025319001149725,share,11,True,-0.169850254817256,12,16.91044674682974
enc1_mlp,Vag/Vg 500hPa,72,0.24262005587418875,0.24243366966644922,-0.00018638620773951212,-0.00024553776408235234,-0.00013150336841742197,-0.07682225901232302,-0.08042479826464755,-0.10594842495145398,-0.05674310349655097,0.06916464066406948,-0.003327270146896113,share,15,True,0.15565360707680448,12,8.7674686022115
enc2_attn,Vag/Vg 500hPa,72,0.24262005587418875,0.24240521465738615,-0.00021484121680259705,-0.0002752718826135,-0.0001579477451741696,-0.08855047701167933,-0.0927030048512403,-0.11877856143766202,-0.06815373141633833,0.08144284725066223,-0.0038352342464585618,share,13,True,-0.07404338007520501,12,13.91914079295556
enc2_mlp,Vag/Vg 500hPa,72,0.24262005587418875,0.24236584703127542,-0.00025420884291330975,-0.00031783928473790485,-0.00019048210233449936,-0.10477651651565457,-0.10968995590577882,-0.13714620124333873,-0.08219215809513182,0.09842979830520075,-0.004538004739516747,share,8,True,0.1689456026288754,12,8.531323224986442
downsample,Vag/Vg 500hPa,72,0.24262005587418875,0.24240054314335188,-0.00021951273083686829,-0.0002982579171657562,-0.0001223121459285419,-0.09047592131076632,-0.09471874184354936,-0.12869693047467276,-0.05277713292695411,0.08345858424297128,-0.003918627698021029,share,12,True,-0.17349963523247153,12,17.038099707010453
dec0_attn,Vag/Vg 500hPa,72,0.24262005587418875,0.24239054322242737,-0.0002295126517613729,-0.00029429377367099125,-0.00017176674058039983,-0.09459755951931166,-0.09903366209848419,-0.12698642064282858,-0.0741165648858588,0.08777350449790611,-0.004097141112543237,share,10,True,-0.10034079258820619,12,14.676768049809635
dec0_mlp,Vag/Vg 500hPa,72,0.24262005587418875,0.24237451578179994,-0.0002455400923887889,-0.0003083859259883563,-0.000185323723902305,-0.10120354292396763,-0.1059494296050586,-0.13306712007324306,-0.0799663413364061,0.09468927200448052,-0.004383254690245726,share,9,True,0.18556599166995894,12,8.243495654083492
dec1_attn,Vag/Vg 500hPa,72,0.24262005587418875,0.24222411091128984,-0.0003959449628988902,-0.00045449985191226006,-0.000336525837580363,-0.16319547923284977,-0.17084844501772659,-0.19611461247412246,-0.14520936353867728,0.1595882874171485,-0.007068204621173193,share,5,True,0.001683582413541631,12,11.959661934532617
dec1_mlp,Vag/Vg 500hPa,72,0.24262005587418875,0.24245625113447508,-0.00016380473971366882,-0.00024970993399620056,-7.789209485054016e-05,-0.0675149212720527,-0.07068099783797555,-0.10774869723402558,-0.033610083550390725,0.059420840237397465,-0.0029241574630408597,share,17,True,0.06378942706451508,12,10.56085592637168
dec2_attn,Vag/Vg 500hPa,72,0.24262005587418875,0.24232107400894165,-0.00029898186524709064,-0.00035913204774260524,-0.00024633544186751055,-0.1232304823976005,-0.1290093107688025,-0.15496384008432107,-0.10629261927639673,0.11774915316822444,-0.005337269569271216,share,7,True,-0.16420656477542114,12,16.715229132604
dec2_mlp,Vag/Vg 500hPa,72,0.24262005587418875,0.24244251723090807,-0.00017753864328066507,-0.00023655757928888003,-0.00012079564233620964,-0.07317558420344614,-0.07660711456709253,-0.1020735161845798,-0.052122768545811764,0.06534695696651445,-0.00316932800378538,share,16,True,-0.0035834294894573535,12,12.08631159927711
upsample,Vag/Vg 500hPa,72,0.24262005587418875,0.2449335219959418,0.002313466121753057,0.0021592754249771433,0.0024400460223356884,0.953534576281159,0.9982500764977107,0.9317174943239308,1.0528687260865512,0.9869899188971326,0.0412988002498678,share,4,True,-0.058051741716954666,12,13.47910651031562
decoder_io,Vag/Vg 500hPa,72,0.24262005587418875,0.24548300355672836,0.002862947682539622,0.0026859027333557602,0.0030152040533721444,1.1800127867517312,1.2353488630032257,1.1589547751864566,1.3010467923576685,1.2240887054026475,0.05110786077880007,share,3,True,-0.0505097019259673,12,13.276719571207979
decoder_heads,Vag/Vg 500hPa,72,0.24262005587418875,0.2895735452572505,0.04695348938306173,0.045393718499690296,0.04884913812081019,19.35268261887203,20.260216446549258,19.587182426727708,21.07818022811363,20.24895628894868,0.8381893993744595,share,1,True,-0.15374865386368577,12,16.36036847631091
film,Vag/Vg 500hPa,72,0.24262005587418875,0.24243038768569627,-0.00018966818849245706,-0.0002542936243116856,-0.00012925397604703903,-0.07817498343616323,-0.08184095798571954,-0.10972653869236837,-0.05577250095143714,0.07058080038514146,-0.003385858369245821,share,14,True,0.004776701964533632,12,11.885904154699585
cond_embed,Vag/Vg 500hPa,72,0.24262005587418875,0.2457191968957583,0.00309914102156957,0.0028410395917793114,0.0034673414813975486,1.2773639056355002,1.3372652111778989,1.225895621794391,1.4961420297030181,1.3260050535773207,0.05532426206396587,share,2,True,0.5109688159924202,12,3.8838486578801747
encoder_io,|Vag| 500hPa,72,4.138371249039968,4.139268537362416,0.0008972883224487305,-0.0016012569268544514,0.00486933887004852,0.021682161131795177,0.0062375959525638,-0.011131309163485488,0.033849731092663024,0.002783093164220841,0.000837023761683422,share,18,False,0.2257465817541221,12,7.579903674423842
enc0_attn,|Vag| 500hPa,72,4.138371249039968,4.1307856639226275,-0.007585585117340088,-0.009155599772930146,-0.00635317365328471,-0.18329880672498428,-0.052732008031289496,-0.06364613319726585,-0.044164767638473296,0.04927750524294654,-0.007076114589520439,share,6,True,0.14041765482058705,12,9.04492147990793
enc0_mlp,|Vag| 500hPa,72,4.138371249039968,4.13829751809438,-7.37309455871582e-05,-0.0017137924830118816,0.0012968758742014567,-0.0017816416447476175,-0.0005125485713645157,-0.011913612144640368,0.009015371649795276,0.0,-6.877895530771841e-05,share,19,False,0.15927989709453264,12,8.702506840798723
enc1_attn,|Vag| 500hPa,72,4.138371249039968,4.1344746351242065,-0.003896613915761312,-0.004851040244102479,-0.0030918031930923465,-0.09415815259844706,-0.027087729307928573,-0.03372252623299538,-0.021493001302776444,0.023633226519585614,-0.0036349056997616973,share,15,True,-0.2540876494675171,12,20.175362135869136
enc1_mlp,|Vag| 500hPa,72,4.138371249039968,4.132455805937449,-0.005915443102518718,-0.007730105022589365,-0.003976289927959443,-0.14294133480390386,-0.04112183679510718,-0.05373665364351332,-0.027641605647082516,0.037667334006764225,-0.0055181442952272255,share,7,True,0.33836264437805363,12,5.932359439958043
enc2_attn,|Vag| 500hPa,72,4.138371249039968,4.134345968564351,-0.004025280475616455,-0.005233075221379598,-0.0028216977914174426,-0.09726726369825453,-0.02798216869034749,-0.03637828332732413,-0.0196153346508188,0.02452766590200453,-0.0037549306295845976,share,14,True,0.03436772401550876,12,11.202580129656248
enc2_mlp,|Vag| 500hPa,72,4.138371249039968,4.133492171764374,-0.004879077275594075,-0.006246053179105123,-0.003462684154510499,-0.11789849150740014,-0.033917428662658816,-0.04342010818012233,-0.024071220060278467,0.030462925874315858,-0.004551383889201569,share,10,True,0.20093662221281514,12,7.984401804466761
downsample,|Vag| 500hPa,72,4.138371249039968,4.133789479732513,-0.004581769307454427,-0.006686929861704508,-0.002482211589813234,-0.11071431323415752,-0.03185066045411702,-0.046484909696157685,-0.017255359931323145,0.02839615766577406,-0.004274044011210543,share,11,True,-0.026726381698801115,12,12.659047105264001
dec0_attn,|Vag| 500hPa,72,4.138371249039968,4.134295562903087,-0.004075686136881511,-0.005284666518370311,-0.002881129582722982,-0.09848527093423533,-0.028332569047542798,-0.036736925758352953,-0.02002848111848859,0.02487806625919984,-0.00380195089625549,share,12,True,-0.0689536282282694,12,13.777448607988566
dec0_mlp,|Vag| 500hPa,72,4.138371249039968,4.133366445700328,-0.0050048033396403,-0.006384710470835368,-0.003644094367822013,-0.12093654818429667,-0.03479142687327447,-0.044383999206063396,-0.02533231260321668,0.03133692408493151,-0.004668665815686949,share,9,True,0.2399140650556588,12,7.35618013892169
dec1_attn,|Vag| 500hPa,72,4.138371249039968,4.129532873630524,-0.008838375409444174,-0.010076765716075898,-0.0074842760960261035,-0.21357135156722654,-0.061440914031663935,-0.07004971698951326,-0.052027747510455156,0.05798641124332097,-0.008244763747948945,share,5,True,0.1130526029335281,12,9.562323233193398
dec1_mlp,|Vag| 500hPa,72,4.138371249039968,4.135460118452708,-0.0029111305872599282,-0.004631344974040986,-0.0012074684103329976,-0.07034483887677456,-0.020237036317292262,-0.0321952910143388,-0.008393846081254557,0.016782533528949303,-0.002715610371758964,share,17,True,0.10264661971571078,12,9.765812882270284
dec2_attn,|Vag| 500hPa,72,4.138371249039968,4.132899423440297,-0.00547182559967041,-0.006780548890431722,-0.004315773646036784,-0.13222171889338785,-0.03803798217332682,-0.047135712409245696,-0.030001563102074948,0.034583479384983865,-0.005104321467388169,share,8,True,-0.07150009930234295,12,13.848144929220627
dec2_mlp,|Vag| 500hPa,72,4.138371249039968,4.135004897912343,-0.0033663511276245117,-0.004661202430725098,-0.0021057923634847007,-0.08134483169931767,-0.023401550698080132,-0.0324028483248568,-0.014638641331657857,0.019947047909737173,-0.0031402569424974296,share,16,True,0.07246920928427633,12,10.378264841763293
upsample,|Vag| 500hPa,72,4.138371249039968,4.182562589645386,0.044191340605417885,0.04022814283768336,0.04650784234205882,1.0678437952049258,0.3072008410256258,0.2796502469336769,0.3233042511504178,0.30374633823728286,0.041223318326973686,share,4,True,-0.01863036431379562,12,12.455617055258132
decoder_io,|Vag| 500hPa,72,4.138371249039968,4.1966463923454285,0.05827514330546061,0.0534770076473554,0.062459813058376314,1.408166155198847,0.4051059051177902,0.3717511507851223,0.43419608545399374,0.40165140232944724,0.05436121081912798,share,2,True,0.22640619341518595,12,7.569372797414658
decoder_heads,|Vag| 500hPa,72,4.138371249039968,5.02770213286082,0.8893308838208517,0.8404038056731223,0.9382526710629464,21.48987682115667,6.182278964995551,5.842157136827563,6.5223640128658955,6.178824462207208,0.8296007683745431,share,1,True,0.32358481536320105,12,6.132574294767979
film,|Vag| 500hPa,72,4.138371249039968,4.13431187470754,-0.0040593743324279785,-0.005347903569539388,-0.0028349841634432477,-0.09809111092606022,-0.028219175790444907,-0.03717652489784454,-0.01970769629010354,0.024764673002101948,-0.0037867346412547797,share,13,True,0.10442911572383447,12,9.730683896603525
cond_embed,|Vag| 500hPa,72,4.138371249039968,4.194554408391316,0.05618315935134888,0.05275969902674357,0.06059357623259226,1.3576152541747535,0.3905632544239923,0.36676470302164643,0.42122274012027994,0.3871087516356494,0.05240973074873844,share,3,True,0.15718075909221532,12,8.740061404777858
encoder_io,Vag/Vg 250hPa,72,0.27468056976795197,0.2749254231651624,0.00024485339721043903,4.44969783226649e-05,0.0004959190264344213,0.08914114217008116,0.0558541922515394,0.010150329994035904,0.11312547409688746,0.051868240939113505,0.0058380575731803806,share,7,True,0.11049066869926574,12,9.612068139313191
enc0_attn,Vag/Vg 250hPa,72,0.27468056976795197,0.2744878778855006,-0.00019269188245137533,-0.0002487819641828537,-0.00013720492521921793,-0.07015126064947366,-0.0439554834458768,-0.05675034863511495,-0.031298198670553556,0.039969532133450905,-0.004594366737206433,share,11,True,0.3259037326569341,12,6.100861630359245
enc0_mlp,Vag/Vg 250hPa,72,0.27468056976795197,0.2747400427858035,5.9473017851511635e-05,-2.8512751062711075e-06,0.00012352646638949711,0.021651701793743174,0.013566556195267459,-0.0006504123273847114,0.02817796722641568,0.009580604882841568,0.0014180195424019493,share,19,False,0.20204108706005283,12,7.966039645698885
enc1_attn,Vag/Vg 250hPa,72,0.27468056976795197,0.27451566606760025,-0.0001649037003517151,-0.00023228942106167476,-0.00010464408745368323,-0.06003471613992372,-0.03761664362172982,-0.05298818856422394,-0.023870655033638794,0.03363069230930393,-0.003931811065935067,share,14,True,0.366843259806219,12,5.5587067703743465
enc1_mlp,Vag/Vg 250hPa,72,0.27468056976795197,0.2744360143939654,-0.0002445553739865621,-0.0003357918933033943,-0.00013015040506919232,-0.08903264406112182,-0.05578620934163703,-0.07659842656361796,-0.029688972377633287,0.051800258029211135,-0.005830951783516196,share,8,True,0.3224019020859462,12,6.1487942221971945
enc2_attn,Vag/Vg 250hPa,72,0.27468056976795197,0.27450209359327954,-0.00017847617467244467,-0.00023367094496885935,-0.00011217929422855378,-0.06497590085211341,-0.04071269864353367,-0.05330333184094012,-0.025589532094989112,0.03672674733110778,-0.004255420570224817,share,13,True,0.15247734997930998,12,8.8247042776423
enc2_mlp,Vag/Vg 250hPa,72,0.27468056976795197,0.2744823793570201,-0.00019819041093190512,-0.00025686745842297876,-0.00012747583289941154,-0.0721530507597734,-0.04520976813357556,-0.05859475330697877,-0.02907886825057818,0.041223816821149666,-0.004725468556510643,share,10,True,0.2574276873464347,12,7.086584653346944
downsample,Vag/Vg 250hPa,72,0.27468056976795197,0.27454813321431476,-0.00013243655363718668,-0.00020499043166637422,-3.7723469237486545e-05,-0.04821475131971222,-0.030210472112115607,-0.04676093985406046,-0.008605205919911067,0.02622452079968972,-0.003157694496935998,share,17,True,-0.4026633298825263,12,28.178346986934688
dec0_attn,Vag/Vg 250hPa,72,0.27468056976795197,0.2745166669289271,-0.00016390283902486166,-0.000212461253007253,-0.00010576819380124413,-0.059670343324001965,-0.03738833434930769,-0.04846512977425062,-0.024127078071926805,0.033402383036881804,-0.003907947455646179,share,15,True,0.42106305402062405,12,4.888765021437033
dec0_mlp,Vag/Vg 250hPa,72,0.27468056976795197,0.2744887148340543,-0.0001918549338976542,-0.0002444460988044739,-0.000140408364435037,-0.06984656179347952,-0.04376456477390096,-0.05576128227467283,-0.03202894413647291,0.03977861346147508,-0.004574411311232847,share,12,True,0.15028986562272192,12,8.864306221638612
dec1_attn,Vag/Vg 250hPa,72,0.27468056976795197,0.27433757732311886,-0.0003429924448331197,-0.00042393567661444347,-0.00023965978374083843,-0.12486956945038998,-0.0782409644823904,-0.09670515113808702,-0.05466946257853452,0.0742550131699645,-0.008177994109596442,share,5,True,0.43082849419481317,12,4.773498778765795
dec1_mlp,Vag/Vg 250hPa,72,0.27468056976795197,0.27457791318496066,-0.00010265658299128215,-0.00020546565453211465,2.334738771120706e-05,-0.03737307778195074,-0.023417279840121118,-0.04686934426914228,0.005325837814176715,0.01943132852769523,-0.0024476484647423303,share,18,False,0.42308853970797344,12,4.864727197455296
dec2_attn,Vag/Vg 250hPa,72,0.27468056976795197,0.27434779703617096,-0.00033277273178100586,-0.0003907532120744387,-0.00025268153597911205,-0.12114898846399282,-0.07590971719698823,-0.08913580648160088,-0.05763989084808127,0.07192376588456235,-0.007934324739028772,share,6,True,0.31536015447853005,12,6.245953337027087
dec2_mlp,Vag/Vg 250hPa,72,0.27468056976795197,0.2744780257344246,-0.00020254403352737427,-0.0002662897109985352,-0.00012378736088673276,-0.07373802730148765,-0.04620288514239937,-0.060744089655967164,-0.02823748059879272,0.04221693382997348,-0.004829272300521609,share,9,True,0.3394497954599791,12,5.917804819073629
upsample,Vag/Vg 250hPa,72,0.27468056976795197,0.2778535981973012,0.0031730284293492637,0.0029436482737461725,0.0032861030971010527,1.1551703245809537,0.7238083764880596,0.6714838285924389,0.7496021547379867,0.7198224251756338,0.07565475040543712,share,2,True,-0.09273241719235356,12,14.453055807118307
decoder_io,Vag/Vg 250hPa,72,0.27468056976795197,0.2773596967260043,0.002679126958052317,0.002251513240238031,0.003213642537593841,0.9753609293571885,0.6111431325281049,0.5135989731400791,0.7330729741447048,0.607157181215679,0.06387862126955295,share,3,True,0.33396726199810367,12,5.991446029980695
decoder_heads,Vag/Vg 250hPa,72,0.27468056976795197,0.3107873499393463,0.03610678017139435,0.034278023367126785,0.03834996372461319,13.145007017386442,8.236418462039417,7.819255640160805,8.74811732701083,8.23243251072699,0.8608966174220639,share,1,True,0.2699343655504445,12,6.8986144883144105
film,Vag/Vg 250hPa,72,0.27468056976795197,0.2745429178078969,-0.00013765196005503336,-0.00019693380842606225,-6.0332256058852e-05,-0.050113468226500577,-0.03140017303540711,-0.044923121026593446,-0.013762559422379764,0.027414221722981223,-0.0032820458160592323,share,16,True,0.35959214993874206,12,5.652352583148812
cond_embed,Vag/Vg 250hPa,72,0.27468056976795197,0.27672747274239856,0.0020469029744466147,0.0018128032485644023,0.0023521479219198223,0.7451939451617646,0.46692475398546285,0.41352361173290064,0.5365550314258312,0.46293880267303694,0.04880445829086514,share,4,True,0.512741004378683,12,3.865240600030766
encoder_io,|Vag| 250hPa,72,7.5583391189575195,7.559301137924194,0.0009620189666748047,-0.004397159814834595,0.007155753175417581,0.012727914843909395,0.004799673922682065,-0.02193816757072451,0.03570125236918642,0.002946734131234083,0.0007366314793286063,share,19,False,-0.016390280090298772,12,12.39992154835892
enc0_attn,|Vag| 250hPa,72,7.5583391189575195,7.551015456517537,-0.007323662439982097,-0.009273024400075276,-0.005333311359087626,-0.09689512900543433,-0.03653897984278565,-0.04626467350355355,-0.026608784585855236,0.03468604005133767,-0.005607831533628174,share,8,True,0.2537334171337339,12,7.142825477898191
enc0_mlp,|Vag| 250hPa,72,7.5583391189575195,7.561808307965596,0.003469189008076986,0.0016462425390879314,0.005415328343709309,0.04589882715603097,0.01730836562659057,0.008213380046530005,0.027017981073598468,0.015455425835142587,0.0026564069104826095,share,17,True,0.08849121855695771,12,10.048868737606767
enc1_attn,|Vag| 250hPa,72,7.5583391189575195,7.55320143699646,-0.00513768196105957,-0.006634020805358886,-0.0037152767181396484,-0.06797368946007523,-0.0256327567186805,-0.0330982420981464,-0.01853613847265294,0.02377981692723252,-0.003933995476592847,share,13,True,0.3585770932332022,12,5.6655414842036915
enc1_mlp,|Vag| 250hPa,72,7.5583391189575195,7.5505253076553345,-0.007813811302185059,-0.011351091663042705,-0.0038972089687983255,-0.10338000424705442,-0.038984414697650724,-0.05663249949987367,-0.019443828975054946,0.03713147490620274,-0.005983145424479821,share,7,True,0.4504799089466752,12,4.546247798377692
enc2_attn,|Vag| 250hPa,72,7.5583391189575195,7.55297323067983,-0.005365888277689616,-0.00711560845375061,-0.0031986196835835775,-0.07099295484415502,-0.026771316294804545,-0.035500963621882105,-0.015958449901397078,0.024918376503356564,-0.004108736269066378,share,12,True,0.24475578135554768,12,7.28089056462452
enc2_mlp,|Vag| 250hPa,72,7.5583391189575195,7.5522100528081255,-0.006129066149393718,-0.008115808169047037,-0.003684511780738833,-0.08109011851586605,-0.0305789386557724,-0.0404911277010536,-0.01838264704172406,0.028725998864324417,-0.00469311231995383,share,11,True,0.33979711260852413,12,5.9131599658944545
downsample,|Vag| 250hPa,72,7.5583391189575195,7.5540939172108965,-0.004245201746622722,-0.006970227758089702,-0.0013649543126424157,-0.056165801504924256,-0.02118002329020305,-0.03477563495581963,-0.006809985922301261,0.019327083498755063,-0.003250610799776635,share,15,True,-0.247115893935613,12,19.87741620082429
dec0_attn,|Vag| 250hPa,72,7.5583391189575195,7.554187774658203,-0.004151344299316406,-0.005564680695533752,-0.0023540685574213694,-0.054924028069925745,-0.02071175274888231,-0.027763124998172812,-0.011744842730403778,0.018858812957434325,-0.0031787428297570487,share,16,True,0.41846833009441475,12,4.919658684521025
dec0_mlp,|Vag| 250hPa,72,7.5583391189575195,7.5519611438115435,-0.006377975145975749,-0.00804033080736796,-0.004670837521553041,-0.08438328904797049,-0.03182078737331393,-0.04011455848864392,-0.023303591536008954,0.029967847581865947,-0.0048837054462039075,share,10,True,0.20487706625857288,12,7.919044583133824
dec1_attn,|Vag| 250hPa,72,7.5583391189575195,7.546395897865295,-0.011943221092224121,-0.014611623684565226,-0.008593396345774332,-0.1580138295497832,-0.05958673250207535,-0.07289984043584666,-0.04287389519007977,0.05773379271062737,-0.009145092691387247,share,5,True,0.4738512800730536,12,4.283868206031211
dec1_mlp,|Vag| 250hPa,72,7.5583391189575195,7.55527941385905,-0.0030597050984700522,-0.0062156875928243,0.0008479605118433544,-0.040481183105370654,-0.01526538174500285,-0.031011107560524758,0.004230617167794844,0.01341244195355487,-0.00234285931054534,share,18,False,0.3992345122118306,12,5.152235590631738
dec2_attn,|Vag| 250hPa,72,7.5583391189575195,7.5478982130686445,-0.010440905888875326,-0.012466756502787273,-0.007738046844800316,-0.13813756864504625,-0.05209143006527895,-0.06219873844450083,-0.03860641311662926,0.050238490273830975,-0.007994748769909485,share,6,True,0.3800235289534961,12,5.391007831728606
dec2_mlp,|Vag| 250hPa,72,7.5583391189575195,7.551621317863464,-0.006717801094055176,-0.00886706511179606,-0.003977576891581218,-0.08887932902092022,-0.033516236005564116,-0.04423927454872923,-0.019844798016792734,0.031663296214116135,-0.005143914963395904,share,9,True,0.40071559207005336,12,5.134099267454787
upsample,|Vag| 250hPa,72,7.5583391189575195,7.657222827275594,0.09888370831807454,0.08839799563090006,0.1041713426510493,1.3082729785179714,0.493347400241846,0.4410324215472727,0.5197282944859366,0.491494460450398,0.07571664890518147,share,2,True,0.16761080622620392,12,8.554794347587105
decoder_io,|Vag| 250hPa,72,7.5583391189575195,7.642965277036031,0.08462615807851155,0.07153520584106444,0.10015842517217,1.1196396026510063,0.4222140915892193,0.35690113596805345,0.49970717635369627,0.4203611517977713,0.06479944177269316,share,3,True,0.35137027583614805,12,5.759751290333967
decoder_heads,|Vag| 250hPa,72,7.5583391189575195,8.684212525685629,1.1258734067281086,1.075942518313726,1.1738362540801366,14.895777881998423,5.617171196938365,5.368057622923071,5.8564658841198565,5.6153182571469165,0.8620971330757704,share,1,True,0.09401948449167655,12,9.937452065720128
film,|Vag| 250hPa,72,7.5583391189575195,7.553307056427002,-0.005032062530517578,-0.0070784678061803176,-0.002415439486503605,-0.06657630004846386,-0.02510580367091144,-0.03531566270392742,-0.012051032585417674,0.02325286387946346,-0.003853121190262593,share,14,True,0.4309233156311119,12,4.772387267597738
cond_embed,|Vag| 250hPa,72,7.5583391189575195,7.617889563242595,0.05955044428507487,0.05338702797889709,0.06618583103020986,0.7878773808350681,0.2971071511273259,0.2663568337800019,0.33021220812803703,0.29525421133587787,0.045598614359979556,share,4,True,0.29063862492469356,12,6.5954453373037385
encoder_io,div/vort 850hPa,72,0.4078478068113327,0.40717119971911114,-0.000676607092221578,-0.0009740572422742844,-0.000254782537619273,-0.1658969549233279,-0.10736993762139772,-0.15457193184196016,-0.04043112389109293,0.0999462080352653,-0.11865517198952592,share,4,True,-0.11648910164524878,12,15.164350824298957
enc0_attn,div/vort 850hPa,72,0.4078478068113327,0.4080795298020045,0.0002317229906717936,0.00013715792447328569,0.0003091160207986831,0.0568160443189503,0.03677183307698226,0.021765420381012392,0.049053236734415084,0.029348103490849837,0.040636776687946345,share,6,True,-0.07675320442191602,12,13.995216138251074
enc0_mlp,div/vort 850hPa,72,0.4078478068113327,0.4079538906613986,0.00010608385006586711,3.768329819043477e-05,0.00022454336285591118,0.02601064620041973,0.01683431417606209,0.005979915703795924,0.03563250687186512,0.009410584589929669,0.018603703123399085,share,10,True,0.022588976056628154,12,11.469840338539838
enc1_attn,div/vort 850hPa,72,0.4078478068113327,0.40775714566310245,-9.066114823023479e-05,-0.00012762254724899927,-2.6251313587029868e-05,-0.022229161642194132,-0.014386904810889539,-0.020252263233329335,-0.0041657882909038445,0.006963175224757117,-0.015899056128284763,share,11,True,-0.3625826525602252,12,25.651940438077887
enc1_mlp,div/vort 850hPa,72,0.4078478068113327,0.4075286661585172,-0.0003191406528155009,-0.0004916495953996977,-0.00020155409971872986,-0.07824993722796528,-0.05064403311638784,-0.07801926257722941,-0.03198436930816263,0.043220303530255424,-0.055967029438514636,share,5,True,0.12393884241305021,12,9.353475024026212
enc2_attn,div/vort 850hPa,72,0.4078478068113327,0.40784511466821033,-2.692143122355143e-06,-8.699080596367517e-05,5.6259520351886747e-05,-0.0006600852272329389,-0.0004272128424874471,-0.013804462763296237,0.008927753285822257,0.0,-0.0004721155141230155,share,19,False,-0.16163689499232267,12,16.627213980009557
enc2_mlp,div/vort 850hPa,72,0.4078478068113327,0.4078788956006368,3.1088789304097496e-05,-1.762242366870244e-05,9.754654020071023e-05,0.007622644718175212,0.004933441293595815,-0.0027964804859402586,0.01547953909579106,0.0,0.005451976020103237,share,17,False,-0.4391793533944189,12,30.79443017168184
downsample,div/vort 850hPa,72,0.4078478068113327,0.40803294628858566,0.0001851394772529602,2.5333588322003683e-05,0.00037112689266602166,0.04539425593591688,0.029379553292353987,0.004020155610442415,0.05889366483631888,0.021955823706221567,0.032467523276133246,share,8,True,0.2496877027131189,12,7.204798085069653
dec0_attn,div/vort 850hPa,72,0.4078478068113327,0.4078807011246681,3.28943133354187e-05,-4.573718955119451e-05,0.00010197305430968602,0.008065340253413539,0.005219957655669961,-0.007257977703079692,0.01618197711221865,0.0,0.00576860699682596,share,16,False,-0.13785314007158614,12,15.837484674006442
dec0_mlp,div/vort 850hPa,72,0.4078478068113327,0.40792230019966763,7.449338833491008e-05,2.1946243941783904e-05,0.00011754501610994334,0.018264996670527677,0.01182126310923522,0.0034826221453227732,0.018653072355466378,0.004397533523102798,0.013063749858044144,share,14,True,-0.5332275262169932,12,39.41691369563733
dec1_attn,div/vort 850hPa,72,0.4078478068113327,0.4079309180378914,8.31112265586853e-05,3.733572860558828e-05,0.00013451154033342994,0.020378000119326847,0.013188817134540978,0.00592476031882718,0.021345468974523857,0.005765087548408556,0.014575042140338296,share,12,True,-0.5419402827549736,12,40.39491510920587
dec1_mlp,div/vort 850hPa,72,0.4078478068113327,0.4080388695001602,0.00019106268882751465,0.00010144195208946865,0.0002419207245111465,0.04684656522277164,0.030319500367384025,0.01609769716169657,0.038390098771797596,0.022895770781251604,0.0335062645133873,share,7,True,-0.4477583356651959,12,31.45923451630349
dec2_attn,div/vort 850hPa,72,0.4078478068113327,0.4078263168533643,-2.1489957968393963e-05,-8.88125350077947e-05,4.110864053169883e-05,-0.005269112058345592,-0.0034102146919223987,-0.014093550678688864,0.00652347901807613,0.0,-0.003768649025559459,share,18,False,0.5137098051987907,12,3.8550865678300577
dec2_mlp,div/vort 850hPa,72,0.4078478068113327,0.4079797143737475,0.00013190756241480509,6.41842062274615e-05,0.00019025467336177823,0.032342349330279595,0.02093224695852009,0.010185311827421144,0.030191277398469545,0.013508517372387669,0.023132353599276494,share,9,True,-0.18611743441256354,12,17.48828370918292
upsample,div/vort 850hPa,72,0.4078478068113327,0.407911775012811,6.396820147832234e-05,-2.0047277212142943e-05,0.00012980177998542775,0.015684331363319932,0.01015103430253614,-0.0031812774777148726,0.020598082964843778,0.0027273047164037187,0.01121796983142667,share,15,False,0.029765895468974166,12,11.306268061120788
decoder_io,div/vort 850hPa,72,0.4078478068113327,0.4105937307079633,0.002745923896630605,0.002547144889831543,0.002919501811265945,0.6732717084098111,0.4357472466424893,0.4042032533769424,0.463292109948098,0.42832351705635685,0.4815469361325487,share,1,True,-0.4219122447439901,12,29.516188125056274
decoder_heads,div/vort 850hPa,72,0.4078478068113327,0.409862386683623,0.0020145798722902932,0.0017738635341326395,0.0021905129154523215,0.4939538324456953,0.3196911733675645,0.28149219716768964,0.34760976908879215,0.31226744378143206,0.3532926627304108,share,2,True,-0.2898807014641507,12,21.797138099871532
film,div/vort 850hPa,72,0.4078478068113327,0.4079275627930959,7.975598176320393e-05,1.444822798172633e-05,0.00013724447538455314,0.019555329324131548,0.012656377512584758,0.00229277132174911,0.021779155037433665,0.005232647926452336,0.013986639871352877,share,13,True,-0.12862360729555183,12,15.54263278296119
cond_embed,div/vort 850hPa,72,0.4078478068113327,0.4086066707968712,0.0007588639855384827,0.000585592972735564,0.0008758430679639181,0.1860654815019092,0.12042318167677293,0.09292702024109996,0.13898644671998672,0.11299945209064051,0.13308039149438608,share,3,True,0.08173003136616935,12,10.186681800531355
encoder_io,div/vort 500hPa,72,0.2535994586845239,0.2548256143927574,0.0012261557082335155,0.0008711137808859349,0.0017367220173279442,0.48350091699479747,0.20433251631189586,0.14516661272884107,0.2894157549094147,0.19621439239799662,0.11017763829026947,share,3,True,0.32510417174373485,12,6.111783595411862
enc0_attn,div/vort 500hPa,72,0.2535994586845239,0.2536606316765149,6.117299199104309e-05,-1.9844621419906616e-05,0.00012514929597576459,0.024121893756540665,0.010194163188185225,-0.0033070036723380244,0.020855483842448598,0.0020760392742859655,0.005496769895915304,share,12,False,-0.43973275798486217,12,30.83670041760455
enc0_mlp,div/vort 500hPa,72,0.2535994586845239,0.25365666796763736,5.7209283113479614e-05,-9.993718316157659e-05,0.0002027750636140505,0.022558913733584738,0.009533631574262257,-0.01665401544959313,0.03379141712210084,0.001415507660362996,0.005140606253673426,share,14,False,0.5327740783966709,12,3.657884836560351
enc1_attn,div/vort 500hPa,72,0.2535994586845239,0.25380539894104004,0.0002059402565161387,8.653386806448301e-05,0.0003258521668612955,0.08120689909371102,0.034318880172636235,0.01442042220990911,0.05430158074815407,0.026200756258736975,0.018504999764287062,share,9,True,-0.3035796413341388,12,22.461944860395832
enc1_mlp,div/vort 500hPa,72,0.2535994586845239,0.2541240118443966,0.0005245531598726908,0.00031401216983795166,0.0006700511400898296,0.20684317016828951,0.0874140750448071,0.052328506391724566,0.1116605620255654,0.07929595113090783,0.04713433043160015,share,5,True,0.154037991634843,12,8.796542378991283
enc2_attn,div/vort 500hPa,72,0.2535994586845239,0.2536102160811424,1.0757396618525187e-05,-6.392120073239009e-05,5.8425342043240835e-05,0.004241884692627565,0.0017926645900421942,-0.010652137981842376,0.009736281514586425,0.0,0.0009666183059966765,share,19,False,-0.20168609064712917,12,18.063361941739032
enc2_mlp,div/vort 500hPa,72,0.2535994586845239,0.2535666935145855,-3.276516993840536e-05,-8.548886204759279e-05,1.3286868731180828e-06,-0.012920047269960863,-0.005460146354940937,-0.014246277354114347,0.00022141880541904052,0.0,-0.002944152213093421,share,17,False,-0.4272593644625076,12,29.903784210242097
downsample,div/vort 500hPa,72,0.2535994586845239,0.2531660484770934,-0.00043341020743052167,-0.0006033562123775483,-0.0003251762439807256,-0.17090344343742517,-0.07222557272691296,-0.10054619676740109,-0.05418894169090202,0.0641074488130137,-0.03894457510162854,share,6,True,0.3228112320143507,12,6.14317827000401
dec0_attn,div/vort 500hPa,72,0.2535994586845239,0.25362853333353996,2.907464901606242e-05,-3.840317949652672e-05,8.033923804759977e-05,0.011464791434050773,0.004845140102879827,-0.006399691530374773,0.013388119109681731,0.0,0.002612536190304304,share,18,False,-0.3510383951811812,12,24.982157067212736
dec0_mlp,div/vort 500hPa,72,0.2535994586845239,0.25364550203084946,4.6043346325556435e-05,-3.946730867028236e-05,0.00011462268109122911,0.01815593241578408,0.0076728858748902826,-0.006577023161499863,0.019101277836506527,0.0,0.0041372780985860285,share,16,False,0.4275117261200042,12,4.812471351974333
dec1_attn,div/vort 500hPa,72,0.2535994586845239,0.25337182109554607,-0.00022763758897781372,-0.0002854033683737119,-0.00017957333475351336,-0.08976264782212862,-0.03793462857178286,-0.04756099737749236,-0.029924968832519484,0.029816504657883602,-0.020454638649278396,share,8,True,-0.4468793121828694,12,31.390168779828272
dec1_mlp,div/vort 500hPa,72,0.2535994586845239,0.25372705111900967,0.00012759243448575339,2.5428800533215205e-05,0.0002256173019607862,0.05031258155975702,0.02126262025758115,0.004237578282150445,0.03759795817414127,0.01314449634368189,0.011464965665412042,share,11,True,-0.1381587448700708,12,15.847355713299908
dec2_attn,div/vort 500hPa,72,0.2535994586845239,0.25354105109969777,-5.840758482615153e-05,-0.00012256214395165444,1.8774221340815207e-05,-0.02303143119039942,-0.00973332236606541,-0.020424348318943648,0.0031286270272247382,0.001615198452166149,-0.005248281039000309,share,13,False,0.025586958767157303,12,11.401233600756818
dec2_mlp,div/vort 500hPa,72,0.2535994586845239,0.253547007838885,-5.245084563891093e-05,-0.00011776061728596687,-5.5764491359393025e-06,-0.020682554257404565,-0.008740662544013879,-0.019624198697528877,-0.0009292864490051963,0.0006225386301146189,-0.004713031354841696,share,15,True,-0.1262665032727165,12,15.468329976927814
upsample,div/vort 500hPa,72,0.2535994586845239,0.2538936026394367,0.00029414395491282147,0.00018133999158938724,0.00039391790827115374,0.11598761150304136,0.04901757098358938,0.030219373070341598,0.06564438502947005,0.04089944706969012,0.02643064502496465,share,7,True,0.12389715558980591,12,9.35426705249123
decoder_io,div/vort 500hPa,72,0.2535994586845239,0.25668420145908993,0.0030847427745660148,0.0028316095160941285,0.003418462723493576,1.2163838166560976,0.5140564522674579,0.47187310204654154,0.5696691582638969,0.5059383283535586,0.27718312719376914,share,2,True,0.12469113766115497,12,9.339191886857988
decoder_heads,div/vort 500hPa,72,0.2535994586845239,0.259885477523009,0.006286018838485082,0.006039438086251418,0.006640802261730034,2.478719343918178,1.0475325753709435,1.0064411664742936,1.1066554005803364,1.0394144514570443,0.5648374877854672,share,1,True,-0.6161496832998239,12,50.52437201646573
film,div/vort 500hPa,72,0.2535994586845239,0.2537772444387277,0.0001777857542037964,0.00011844436327616374,0.00022418024018406866,0.07010494230784646,0.02962707776584567,0.019738141435597906,0.03735847925073816,0.021508953851946407,0.015975144419503193,share,10,True,0.009092515364885524,12,11.783745924744725
cond_embed,div/vort 500hPa,72,0.2535994586845239,0.2542364609738191,0.0006370022892951965,0.0005159799630443256,0.0007536758047839005,0.2511844041779377,0.10615314172100021,0.08598539606952363,0.12559618051833835,0.09803501780710096,0.057238576918710274,share,4,True,0.15218146084388778,12,8.830052223216448
encoder_io,div/vort 250hPa,72,0.2592812404036522,0.26107506826519966,0.00179382786154747,0.0014739508430163066,0.002084811062862476,0.691846374521665,0.6292680301158102,0.5170563816933247,0.7313438367265553,0.61608999281595,0.13802082922793357,share,3,True,0.20757958594518405,12,7.874466477681444
enc0_attn,div/vort 250hPa,72,0.2592812404036522,0.25931984061996144,3.860021630922953e-05,-0.00016649145012100539,0.0001977273883918921,0.014887392643268847,0.01354080990692108,-0.05840457108208277,0.06936202010262792,0.00036277260706076535,0.0029699805525272133,share,16,False,0.43481653780680013,12,4.7268771774023355
enc0_mlp,div/vort 250hPa,72,0.2592812404036522,0.2594567226866881,0.0001754822830359141,5.03311554590861e-05,0.0002981781338651975,0.0676802852233818,0.06155852126801886,0.017655978997822914,0.10459976174029106,0.04838048396815855,0.013501970138056561,share,10,True,-0.07293452676970462,12,13.888139180044817
enc1_attn,div/vort 250hPa,72,0.2592812404036522,0.2596308961510658,0.00034965574741363525,0.00024687287708123525,0.00045145445813735315,0.13485578319098093,0.1226579139003004,0.08660207168145853,0.1583685166502109,0.10947987660044009,0.026903237059051403,share,7,True,-0.24555177246573962,12,19.81132796671609
enc1_mlp,div/vort 250hPa,72,0.2592812404036522,0.2591906165083249,-9.062389532725017e-05,-0.00021163697044054665,7.787654176354404e-05,-0.03495196767269618,-0.03179051976860545,-0.07424144888345882,0.027318796345097443,0.01861248246874514,-0.006972790114956926,share,12,False,0.09579154015323053,12,9.901975987735723
enc2_attn,div/vort 250hPa,72,0.2592812404036522,0.2592252803345521,-5.596006910006205e-05,-0.00010185446590185165,-1.8228776752948812e-05,-0.021582768199096367,-0.019630580616226426,-0.03573016145555059,-0.006394585949207826,0.006452543316366112,-0.004305683564408521,share,14,True,-0.4446659408710704,12,31.21723043179677
enc2_mlp,div/vort 250hPa,72,0.2592812404036522,0.2592468510071437,-3.438939650853475e-05,-0.00010590733339389165,3.779949620366096e-05,-0.013263356984484076,-0.012063670244885714,-0.03715189204503777,0.013259920321969161,0.0,-0.002645991359874173,share,17,False,0.03016042358799943,12,11.297342288115814
downsample,div/vort 250hPa,72,0.2592812404036522,0.2587287786106269,-0.0005524617930253347,-0.0007598832870523135,-0.0003905620425939565,-0.2130743404980844,-0.19380150774968943,-0.2665641834489269,-0.13700768755430687,0.1806234704498291,-0.04250755405500756,share,6,True,-0.46328679342668305,12,32.716619054764244
dec0_attn,div/vort 250hPa,72,0.2592812404036522,0.259219894806544,-6.134559710820515e-05,-0.00014353124424815178,3.368385757009187e-05,-0.023659867182331273,-0.021519803475043113,-0.05035021769044787,0.01181616985341507,0.0083417661751828,-0.004720057238409181,share,13,False,0.1604795826435587,12,8.68110491468388
dec0_mlp,div/vort 250hPa,72,0.2592812404036522,0.2593030358354251,2.179543177286784e-05,-3.5062432289123535e-05,9.125365565220514e-05,0.008406096692123367,0.007645755042183652,-0.012299768651498268,0.03201143730903636,0.0,0.0016769856412403943,share,18,False,0.21624838246167943,12,7.73281144384681
dec1_attn,div/vort 250hPa,72,0.2592812404036522,0.259071900198857,-0.00020934020479520163,-0.0002929451564947764,-0.00011722718675931295,-0.08073866218369607,-0.07343575218074559,-0.10276405306828684,-0.041122853797361955,0.06025771488088528,-0.016107068730471137,share,8,True,-0.2704153761156779,12,20.89543010408245
dec1_mlp,div/vort 250hPa,72,0.2592812404036522,0.259472177674373,0.00019093727072079977,0.00012163463979959488,0.00027709923063715293,0.07364098938417077,0.06698007250178241,0.04266897165623698,0.09720536220193693,0.053802035201922095,0.014691108885257905,share,9,True,-0.01270415296196209,12,12.308823005790828
dec2_attn,div/vort 250hPa,72,0.2592812404036522,0.259234690417846,-4.6549985806147255e-05,-9.726025164127349e-05,-6.1366707086563185e-06,-0.017953472350594153,-0.016329558982813273,-0.034118528466870156,-0.002152720877561955,0.0031515216829529564,-0.0035816522751355205,share,15,True,-0.44031435883371445,12,30.88121444385862
dec2_mlp,div/vort 250hPa,72,0.2592812404036522,0.25929582739869755,1.4586995045344034e-05,-5.4053527613480885e-05,7.274150848388671e-05,0.005625935382997559,0.005117062698298276,-0.018961773072697675,0.025517446089738178,0.0,0.0011223535966072761,share,19,False,-0.016350437051181416,12,12.39893322175834
upsample,div/vort 250hPa,72,0.2592812404036522,0.26032055790225667,0.0010393174986044567,0.0008975825893382231,0.0011366566953559716,0.4008456211434481,0.36458864812565,0.31486857795366285,0.3987348702386463,0.3514106108257897,0.07996723992498471,share,4,True,0.16728650760331676,12,8.560504934882712
decoder_io,div/vort 250hPa,72,0.2592812404036522,0.2625150183836619,0.0032337779800097146,0.002969697055717309,0.003542845075329144,1.247208619865953,1.1343970862160384,1.0417584966485371,1.2428166544557115,1.121219048916178,0.24881357230951984,share,2,True,-0.16999520236273152,12,16.915495510772413
decoder_heads,div/vort 250hPa,72,0.2592812404036522,0.26661773522694904,0.0073364948232968645,0.006651808725049098,0.008072144351899624,2.829550958594351,2.5736146396055335,2.3334293456161914,2.8316777122351104,2.5604366023056735,0.564485099626199,share,1,True,-0.03135577077468034,12,12.776898757962122
film,div/vort 250hPa,72,0.2592812404036522,0.25940780465801555,0.0001265642543633779,6.491815050443014e-05,0.00018665011351307224,0.04881350234453566,0.04439826180289906,0.022773041696121193,0.06547615396604496,0.03122022450303875,0.009738115742487735,share,11,True,-0.04221164560501576,12,13.057727931094254
cond_embed,div/vort 250hPa,72,0.2592812404036522,0.25983932986855507,0.0005580894649028778,0.0003108938845495383,0.0008045963322122891,0.215244829912892,0.1957756737621767,0.10906039899323026,0.28224935059981776,0.1825976364623164,0.04294055877960313,share,5,True,0.017851958706078287,12,11.579067461352109
encoder_io,HypsRel 600-500,72,0.0011585352607845487,0.0011878102787311565,2.927501794660813e-05,2.509426689719148e-05,3.317381356922608e-05,2.526899174979221,0.463733077353797,0.3975075825195324,0.5254922364889877,0.46156503617921174,0.3304471156581334,share,3,True,0.040983356106759385,12,11.055123657076654
enc0_attn,HypsRel 600-500,72,0.0011585352607845487,0.0011599094923731342,1.3742315885858234e-06,6.866280443437392e-07,2.1900499373375994e-06,0.11861802010714868,0.02176861666605869,0.010876582094045599,0.03469164728958688,0.019600575491473423,0.01551189022403637,share,17,True,0.4833544310662777,12,4.179545156141889
enc0_mlp,HypsRel 600-500,72,0.0011585352607845487,0.0011580531936145532,-4.820671699952601e-07,-1.0509392249389057e-06,1.4524584545415445e-07,-0.041610055931211705,-0.007636220501755116,-0.016647480175129972,0.0023007775096210653,0.005468179327169849,-0.005441421288586071,share,19,False,-0.1184732302834374,12,15.225491981050926
enc1_attn,HypsRel 600-500,72,0.0011585352607845487,0.0011590531561115718,5.178953270232135e-07,1.0586496373861964e-07,1.0964576944041146e-06,0.044702595126237234,0.008203759061246004,0.0016769617531232376,0.017368518842297787,0.006035717886660737,0.0058458381593400515,share,18,True,-0.5881120799234688,12,46.268278408215174
enc1_mlp,HypsRel 600-500,72,0.0011585352607845487,0.001150790022342778,-7.745238441770824e-06,-9.612577065975991e-06,-5.491349186816484e-06,-0.6685371351171326,-0.12268901983226474,-0.15226873480438138,-0.08698612113136976,0.12052097865767947,-0.08742579450627462,share,5,True,0.47321333638838065,12,4.29091958862971
enc2_attn,HypsRel 600-500,72,0.0011585352607845487,0.0011566926946640413,-1.8425661205073343e-06,-2.2865560686411118e-06,-1.3107772175173902e-06,-0.15904273118623655,-0.029187304303248524,-0.03622035976841467,-0.02076346302889333,0.02701926312866326,-0.02079830185045507,share,15,True,0.3366195285143858,12,5.955745436904778
enc2_mlp,HypsRel 600-500,72,0.0011585352607845487,0.0011563847561958784,-2.150504588670243e-06,-2.4872896889397968e-06,-1.744259113761899e-06,-0.18562271356453514,-0.03406522628222873,-0.03940009546112201,-0.027630064924381356,0.031897185107643465,-0.024274213591660574,share,12,True,0.4303561918269863,12,4.779037373442575
downsample,HypsRel 600-500,72,0.0011585352607845487,0.0011526423510400642,-5.892909744484425e-06,-7.046227543701729e-06,-5.065024973929419e-06,-0.508651738445475,-0.09334707071271192,-0.11161628623201157,-0.08023290104613802,0.09117902953812665,-0.06651729578612278,share,6,True,-0.24217803323873854,12,19.669707467797352
dec0_attn,HypsRel 600-500,72,0.0011585352607845487,0.0011558858951124878,-2.6493656720608136e-06,-3.1267320259417046e-06,-2.0477393219487986e-06,-0.22868235104615542,-0.04196747200568735,-0.04952922888365353,-0.03243736550794215,0.03979943083110209,-0.029905199247114468,share,10,True,0.5661935959874792,12,3.323776103724961
dec0_mlp,HypsRel 600-500,72,0.0011585352607845487,0.001156311743493597,-2.223517290951556e-06,-2.643942738926449e-06,-1.6012166179306148e-06,-0.19192486980895274,-0.03522178936876829,-0.04188156963407244,-0.025364189736697837,0.033053748194183025,-0.02509835781316946,share,11,True,0.2525644946387842,12,7.160690010554023
dec1_attn,HypsRel 600-500,72,0.0011585352607845487,0.001155096854674964,-3.4384061095846306e-06,-3.7826257671385534e-06,-3.042012858570502e-06,-0.29678907720565845,-0.05446632515470483,-0.05991896198568055,-0.04818722867489017,0.052298283980119556,-0.03881163739833638,share,9,True,0.23186398690261947,12,7.482670372031285
dec1_mlp,HypsRel 600-500,72,0.0011585352607845487,0.0011568297654651022,-1.705495319446368e-06,-1.9892778081310548e-06,-1.3921109052039929e-06,-0.14721134325177324,-0.02701602418628051,-0.03151130159368911,-0.02205183529743402,0.024847983011695246,-0.019251090131092347,share,16,True,-0.009008474986092018,12,12.218168767551441
dec2_attn,HypsRel 600-500,72,0.0011585352607845487,0.0011549725205372051,-3.562740247343362e-06,-4.163885275725238e-06,-2.871359836954892e-06,-0.3075210887349867,-0.056435849218811084,-0.06595833130424947,-0.045483986920508944,0.05426780804422582,-0.040215081702799194,share,8,True,0.2284937943428834,12,7.536118220961391
dec2_mlp,HypsRel 600-500,72,0.0011585352607845487,0.0011547393606490604,-3.795900135488133e-06,-4.517784018163717e-06,-2.872587056692112e-06,-0.3276464915636307,-0.06012923559493692,-0.07156429039202687,-0.045503426785118706,0.05796119442035166,-0.042846916554792495,share,7,True,0.3364410259221177,12,5.9581437074190955
upsample,HypsRel 600-500,72,0.0011585352607845487,0.001156426324300655,-2.1089364838936656e-06,-2.745272468189792e-06,-1.3644790428692381e-06,-0.18203472568159165,-0.03340676365778342,-0.04348669067155284,-0.021614130747538193,0.03123872248319815,-0.023805006011605564,share,14,True,0.5508536663313895,12,3.4753478816431618
decoder_io,HypsRel 600-500,72,0.0011585352607845487,0.001202500584927425,4.396532414287634e-05,4.010935018385076e-05,4.835555828530779e-05,3.794906001661396,0.6964359543286105,0.6353551149085883,0.7659797815223809,0.6942679131540253,0.49626663179113967,share,1,True,0.4329890755922037,12,4.74820862823511
decoder_heads,HypsRel 600-500,72,0.0011585352607845487,0.0011988146475444858,4.02793867599373e-05,3.754029733837661e-05,4.250830973643227e-05,3.476751042748625,0.6380485918121764,0.5946598441460202,0.6733560103408252,0.6358805506375912,0.4546609399036026,share,2,True,0.43673583225505863,12,4.704532218932899
film,HypsRel 600-500,72,0.0011585352607845487,0.0011564153122709227,-2.119948513625849e-06,-2.6629277562406326e-06,-1.4310167254220085e-06,-0.18298523880837606,-0.03358120052559099,-0.04218230319873765,-0.02266812580730079,0.03141315935100573,-0.02392930630987278,share,13,True,0.211136037927611,12,7.81610591083284
cond_embed,HypsRel 600-500,72,0.0011585352607845487,0.0011381644911962387,-2.0370769588309644e-05,-2.1352934416457714e-05,-1.8651408829150575e-05,-1.758321069530051,-0.32268467559885733,-0.3382427298776435,-0.2954490148938713,0.3205166344242721,-0.22993878488717598,share,4,True,0.007845387871731058,12,11.813176394725428
encoder_io,LapseW1 mean,72,0.045595382961134114,0.045640130527317524,4.4747566183408104e-05,-0.0024742802760253347,0.0019020882047091892,0.0981405644109872,0.008673907125492437,-0.4796166394551151,0.3687024309773439,0.0,0.10506489748406081,colmax,17,False,0.7399489515530661,12,1.7935081248089322
enc0_attn,LapseW1 mean,72,0.045595382961134114,0.045669191516935825,7.380855580170949e-05,6.407809754212697e-06,0.00018453543695310748,0.16187725819656898,0.014307114614160541,0.0012420954126992091,0.03577050950509394,0.0050608723561560084,0.17329855029363678,colmax,14,True,-0.4864117234069677,12,34.73003862005521
enc0_mlp,LapseW1 mean,72,0.045595382961134114,0.0452216366926829,-0.00037374626845121384,-0.0006972508504986762,-0.00012001643578211467,-0.8197020052881194,-0.0724473015528436,-0.13515571094095882,-0.023264090235430177,0.06320105929483905,-0.87753629368198,colmax,3,True,-0.08541647053039977,12,14.24145223117943
enc1_attn,LapseW1 mean,72,0.045595382961134114,0.0458979249621431,0.0003025420010089874,0.00015315058020253975,0.000528173156393071,0.6635364840928669,0.05864500445804421,0.029686841591502502,0.10238154374595672,0.04939876220003967,0.7103524734808478,colmax,4,True,0.3786539232213676,12,5.408284701298724
enc1_mlp,LapseW1 mean,72,0.045595382961134114,0.04540328308939934,-0.00019209987173477808,-0.0004604101957132419,0.0002548363292589783,-0.4213143069738565,-0.037236806118503586,-0.08924631254531162,0.0493976955782098,0.02799056386049905,-0.4510402475922658,colmax,8,False,0.2058347087830299,12,7.903225396639669
enc2_attn,LapseW1 mean,72,0.045595382961134114,0.045591166553397976,-4.216407736142476e-06,-8.012199153502782e-05,8.43456635872523e-05,-0.009247444504932829,-0.0008173121406560078,-0.015530916484615647,0.016349636746615447,0.0,-0.009899900359565663,colmax,19,False,0.3777999158847237,12,5.419074949347004
enc2_mlp,LapseW1 mean,72,0.045595382961134114,0.04553581743190686,-5.9565529227256775e-05,-0.00019759933153788248,7.536603758732478e-05,-0.13063938793546473,-0.011546233962320044,-0.03830282618710329,0.014609018237314069,0.002299991704315512,-0.1398566839634297,colmax,15,False,0.18473707473509665,12,8.257659283066094
downsample,LapseW1 mean,72,0.045595382961134114,0.046008181447784104,0.0004127984866499901,-0.00032369523930052914,0.0011058909585699428,0.9053515067564253,0.08001721747435464,-0.06274536655577716,0.214366864696973,0.0707709752163501,0.9692288180253701,colmax,2,False,0.4128728240694637,12,4.986666875560234
dec0_attn,LapseW1 mean,72,0.045595382961134114,0.045778737403452396,0.00018335444231828055,0.0001311020382369558,0.0002819063762823741,0.40213379164853913,0.03554158447850798,0.025412933051356917,0.05464497702366885,0.026295342220503445,0.430506446014492,colmax,9,True,0.02630245598455518,12,11.384919192243633
dec0_mlp,LapseW1 mean,72,0.045595382961134114,0.045877231595416866,0.0002818486342827479,0.00020844363607466223,0.00039462869366010023,0.6181516986555372,0.05463378426426949,0.04040489560484653,0.0764951690072323,0.045387542006264964,0.6617655526909842,colmax,5,True,-0.41735268868496456,12,29.191299666056953
dec1_attn,LapseW1 mean,72,0.045595382961134114,0.045806385576725006,0.00021100261559089026,9.181909263134003e-05,0.00041594077677776413,0.4627718902388662,0.040900930418646744,0.017798292728745946,0.0806263217241355,0.03165468816064221,0.4954228814380877,colmax,7,True,0.19894590121610098,12,8.017583758914057
dec1_mlp,LapseW1 mean,72,0.045595382961134114,0.045437920528153576,-0.00015746243298053741,-0.00029806001887967186,-6.530837466319402e-05,-0.34534731973796495,-0.030522654882036638,-0.05777621314616689,-0.012659432113549281,0.021276412624032105,-0.36971338979381646,colmax,10,True,0.44243824938962645,12,4.638493890574309
dec2_attn,LapseW1 mean,72,0.045595382961134114,0.04568280000239611,8.741704126199086e-05,-9.907719989617663e-07,0.00021412442438304417,0.19172345001796753,0.01694499526485976,-0.000192052105500195,0.04150606454852773,0.007698753006855226,0.20525054794949898,colmax,12,False,0.23530575757340955,12,7.428388358801744
dec2_mlp,LapseW1 mean,72,0.045595382961134114,0.045852371801932655,0.00025698884079853695,0.00010884963752080997,0.00046405492660899937,0.5636290872205117,0.049814940286093054,0.021099508353799666,0.08995281035030141,0.04056869802808852,0.6033960842111095,colmax,6,True,-0.10435176162289027,12,14.796234248712805
upsample,LapseW1 mean,72,0.045595382961134114,0.045438360422849655,-0.0001570225382844607,-0.0004983515556280812,0.00013462062925100325,-0.3443825407022198,-0.03043738531177382,-0.09660089873145875,0.026094979792029852,0.02119114305376929,-0.36868054052202254,colmax,11,False,0.13063371339767058,12,9.227033756031856
decoder_io,LapseW1 mean,72,0.045595382961134114,0.045584154004851975,-1.1228956282138824e-05,-0.0005174545027936498,0.0005029282687852778,-0.024627397672502237,-0.0021766306464194125,-0.10030383061513223,0.0974880527881248,0.0,-0.026364990127068888,colmax,18,False,-0.18964717314724594,12,17.616728916972047
decoder_heads,LapseW1 mean,72,0.045595382961134114,0.0456535421932737,5.81592321395874e-05,-0.0005135625911255678,0.00043555814772844315,0.12755509080637137,0.011273636112432569,-0.09954941907437495,0.08442896996147396,0.0020273938544280346,0.1365547734473914,colmax,16,False,-0.2882915249047039,12,21.721672341735786
film,LapseW1 mean,72,0.045595382961134114,0.045677793522675834,8.241056154171626e-05,-0.000125408327827851,0.0003469748344893257,0.18074321606633664,0.01597453488403518,-0.024309259276439153,0.06725790352279444,0.006728292626030648,0.19349560073268884,colmax,13,False,0.40078230492518485,12,5.133283248664274
cond_embed,LapseW1 mean,72,0.045595382961134114,0.045169478903214134,-0.0004259040579199791,-0.0008973240231474241,4.423357701549892e-05,-0.9340947049025189,-0.08255761280125304,-0.1739380686393609,0.008574275018403528,0.0733113705432485,-1.0,colmax,1,False,0.12296047656596587,12,9.372078983039946
encoder_io,|DryAir Md err|,72,198461848813568.0,192231282922837.34,-6230565890730.667,-9896749974596.266,-1878332364117.3333,-3.1394275161588183,-0.14314920328275074,-0.22738093117026636,-0.043155274519064556,0.13683379725557057,0.0817922116974891,share,9,True,-0.06772818469183389,12,13.743564919493682
enc0_attn,|DryAir Md err|,72,198461848813568.0,173081455405738.66,-25380393407829.332,-26342466082133.332,-24693198640469.332,-12.788550323176361,-0.5831224898429699,-0.6052264109381005,-0.5673339747750195,0.5768070838157897,0.33318298000300706,share,3,True,0.07354070680462123,12,10.355929167731015
enc0_mlp,|DryAir Md err|,72,198461848813568.0,191956405015893.34,-6505443797674.667,-7330077518506.667,-5909874999296.0,-3.277931671283472,-0.1494646093099309,-0.16841082739147145,-0.13578122958437386,0.14314920328275074,0.0854006916253195,share,8,True,0.260858961963585,12,7.0346428300147545
enc1_attn,|DryAir Md err|,72,198461848813568.0,194292867224917.34,-4168981588650.6665,-4901989340501.333,-3619225774762.6665,-2.1006463527239148,-0.09578365807889938,-0.11262474081804653,-0.08315284602453903,0.08946825205171921,0.05472861223876108,share,11,True,0.5540540540540542,12,3.443478260869564
enc1_mlp,|DryAir Md err|,72,198461848813568.0,192506160829781.34,-5955687983786.667,-7192638565034.667,-4901989340501.333,-3.0009233610341646,-0.13683379725557057,-0.16525312437788137,-0.11262474081804653,0.13051839122839037,0.0781837317696587,share,10,True,0.32889487707265563,12,6.06011928713894
enc2_attn,|DryAir Md err|,72,198461848813568.0,200156929239722.66,1695080426154.6667,1466015503701.3333,2107397286570.6667,0.8541089566020315,0.03894500383427778,0.033682165478294286,0.04841811287504805,0.03262959780709759,-0.022252292888287478,share,14,True,0.22656249999999986,12,7.5668789808917225
enc2_mlp,|DryAir Md err|,72,198461848813568.0,199607173425834.66,1145324612266.6667,824633720832.0,1421347843822.9272,0.577100646352724,0.026314191779917416,0.01894621808154054,0.03265591199887737,0.01999878575273724,-0.015035333032626674,share,17,True,0.47380354147934284,12,4.284395663691916
downsample,|DryAir Md err|,72,198461848813568.0,184763766450858.66,-13698082362709.334,-15851292633770.666,-11040929262250.666,-6.9021237303785785,-0.3147177336878123,-0.364188414234057,-0.25366880875840386,0.30840232766063214,0.179822583070215,share,4,True,0.40940072342998046,12,5.028514035094667
dec0_attn,|DryAir Md err|,72,198461848813568.0,198599287767040.0,137438953472.0,-274877906944.0,595568798378.6666,0.06925207756232687,0.00315770301359009,-0.00631540602718018,0.013683379725557054,0.0,-0.0018042399639152007,share,19,False,0.22376528827673628,12,7.611603818078518
dec0_mlp,|DryAir Md err|,72,198461848813568.0,197133272263338.66,-1328576550229.3333,-1511828488192.0,-1191137596757.3333,-0.6694367497691597,-0.0305244624647042,-0.034734733149490986,-0.02736675945111411,0.02420905643752402,0.01744098631784694,share,16,True,-0.48361941016437077,12,34.477347275271356
dec1_attn,|DryAir Md err|,72,198461848813568.0,200385994162176.0,1924145348608.0,1557641472682.6667,2337607533636.2603,0.9695290858725761,0.044207842190261255,0.035787300820687686,0.0537072654228113,0.03789243616308108,-0.02525935949481281,share,13,True,0.10326086956521735,12,9.75369458128079
dec1_mlp,|DryAir Md err|,72,198461848813568.0,199836238348288.0,1374389534720.0,687194767360.0,2107397286570.6667,0.6925207756232687,0.0315770301359009,0.01578851506795045,0.04841811287504805,0.02526162410872072,-0.018042399639152006,share,15,True,0.2222222222222222,12,7.636363636363636
dec2_attn,|DryAir Md err|,72,198461848813568.0,209136274199893.34,10674425386325.334,10170482556928.0,11361620153685.334,5.378578024007387,0.24524826738883032,0.23367002300566664,0.26103678245678075,0.23893286136165015,-0.1401293038640806,share,5,True,0.31047303852772723,12,6.313997537075009
dec2_mlp,|DryAir Md err|,72,198461848813568.0,199103230596437.34,641381782869.3334,0.0,1099511627776.0,0.3231763619575254,0.014735947396753754,0.0,0.02526162410872072,0.008420541369573573,-0.008419786498270937,share,18,False,0.14917127071823205,12,8.884615384615385
upsample,|DryAir Md err|,72,198461848813568.0,190948519357098.66,-7513329456469.333,-8933531975680.0,-6138939921749.333,-3.7857802400738683,-0.17262109807625822,-0.20525069588335584,-0.14104406794035734,0.16630569204907805,0.09863178469403097,share,7,True,0.3828916707305482,12,5.354938573981996
decoder_io,|DryAir Md err|,72,198461848813568.0,148525695718741.34,-49936153094826.664,-52730745148757.336,-47782942823765.336,-25.16158818097876,-1.1472987616043993,-1.211505389547398,-1.0978280810581547,1.140983355577219,0.6555405202225228,share,1,True,0.22055120704661899,12,7.663247114451725
decoder_heads,|DryAir Md err|,72,198461848813568.0,236349186987349.34,37887338173781.336,36192257747626.664,40223800382805.336,19.090489381348107,0.8704734640796682,0.8315284602453903,0.9241544153106996,0.864158058052488,-0.49736881671929034,share,2,True,0.5530047600541388,12,3.453912709941304
film,|DryAir Md err|,72,198461848813568.0,200569246100138.66,2107397286570.6667,1924145348608.0,2290649224533.3335,1.061865189289012,0.04841811287504805,0.044207842190261255,0.05262838355983483,0.04210270684786786,-0.02766501278003308,share,12,True,-0.4404761904761905,12,30.893617021276594
cond_embed,|DryAir Md err|,72,198461848813568.0,208494892417024.0,10033043603456.0,7925646316885.333,11682311045120.0,5.055401662049862,0.23051231999207655,0.1820942071170285,0.26840475615515763,0.22419691396489638,-0.13170951736580966,share,6,True,0.09632619491973467,12,9.891294863895059
encoder_io,neg-q fraction,72,0.0004540289141724922,0.00044529890326809135,-8.730010904400842e-06,-4.0666139569604334e-05,2.028554297529202e-05,-1.922787433111404,-0.03534433650902705,-0.16464099956010328,0.08212808266088398,0.03322668086218756,-0.00847472241726217,share,19,False,-0.25958084650040364,12,20.414072335330378
enc0_attn,neg-q fraction,72,0.0004540289141724922,0.00043062109904212775,-2.3407815130364423e-05,-4.506745921162292e-05,-9.599769703072536e-06,-5.155578069962182,-0.09476891884426306,-0.18246018950325396,-0.03886564341214245,0.09265126319742356,-0.022723309030968822,share,4,True,0.49760057710095945,12,4.025634850154081
enc0_mlp,neg-q fraction,72,0.0004540289141724922,0.00043332294906880026,-2.07059651036919e-05,-4.105611189212747e-05,-7.554525395410872e-06,-4.560494818139578,-0.0838302043815471,-0.1662198421466018,-0.03058526394357555,0.08171254873470762,-0.020100468207530753,share,6,True,0.5612799662176201,12,3.3720027921339146
enc1_attn,neg-q fraction,72,0.0004540289141724922,0.00043127646030901207,-2.275245386348009e-05,-4.428427635995528e-05,-8.451329730026678e-06,-5.011234560897613,-0.09211562214104067,-0.17928939412160255,-0.03421606744800606,0.08999796649420118,-0.022087112251756302,share,5,True,0.5457917075341062,12,3.5260245497664933
enc1_mlp,neg-q fraction,72,0.0004540289141724922,0.00043643904249771975,-1.758987167477244e-05,-3.548425879671413e-05,-5.589186817663479e-06,-3.874174336855073,-0.07121438339903527,-0.14366162853842887,-0.02262839094459,0.06909672775219577,-0.017075497548784534,share,16,True,0.5952222555258474,12,3.0449255060628935
enc2_attn,neg-q fraction,72,0.0004540289141724922,0.0004359382483774728,-1.809066579501935e-05,-3.506952851874227e-05,-6.824336177165461e-06,-3.984474387053342,-0.07324189929810777,-0.14198255085277212,-0.027629018673375576,0.07112424365126828,-0.01756164713138702,share,15,True,0.5349549204847882,12,3.635638336805375
enc2_mlp,neg-q fraction,72,0.0004540289141724922,0.0004348562696160722,-1.9172644556419982e-05,-3.8730935924983595e-05,-6.504082088554242e-06,-4.22278052299022,-0.07762240029144402,-0.15680613090094833,-0.02633243744338414,0.07550474464460454,-0.018611985987163373,share,12,True,0.5639914751041867,12,3.345352185120586
downsample,neg-q fraction,72,0.0004540289141724922,0.00042892084381189005,-2.510807036060214e-05,-4.752898524505629e-05,-1.1333249200144293e-05,-5.530059777440346,-0.10165257496644055,-0.19242592785159232,-0.04588381135568045,0.09953491931960107,-0.024373844324973908,share,3,True,0.4272832426355839,12,4.815162739304798
dec0_attn,neg-q fraction,72,0.0004540289141724922,0.0004340710576305658,-1.995785654192635e-05,-4.0238447536466995e-05,-6.853710269183483e-06,-4.395723690483745,-0.08080141082769295,-0.16290944489116055,-0.027747942670642144,0.07868375518085347,-0.019374236308353603,share,10,True,0.5422599597329136,12,3.56157886907489
dec0_mlp,neg-q fraction,72,0.0004540289141724922,0.0004339474104616177,-2.0081503710874433e-05,-3.948322804300612e-05,-7.311690325195755e-06,-4.422957015298188,-0.08130200895930427,-0.15985186200754672,-0.029602121478822192,0.07918435331246479,-0.019494267708771107,share,9,True,0.5929839702462233,12,3.06606497508596
dec1_attn,neg-q fraction,72,0.0004540289141724922,0.00043451004040662156,-1.951887376587062e-05,-3.8939901878620736e-05,-7.147080432901021e-06,-4.2990376067668485,-0.07902414443839678,-0.15765215080460707,-0.028935681598083112,0.0769064887915573,-0.018948090543615088,share,11,True,0.526922601826486,12,3.717889021546669
dec1_mlp,neg-q fraction,72,0.0004540289141724922,0.00043582694801595306,-1.820196615653913e-05,-3.678725988720544e-05,-5.793220547426851e-06,-4.008988323951531,-0.0736925101248535,-0.1489369608969186,-0.023454442238559543,0.07157485447801402,-0.017669692777509356,share,14,True,0.5629101371284672,12,3.355969245995915
dec2_attn,neg-q fraction,72,0.0004540289141724922,0.0004356105688619512,-1.8418345310540946e-05,-3.7980964869651264e-05,-5.654714823322151e-06,-4.056645895363296,-0.0745685431237039,-0.15376979685257577,-0.022893687736097786,0.0724508874768644,-0.017879744435763643,share,13,True,0.5593069782835753,12,3.3914529558626545
dec2_mlp,neg-q fraction,72,0.0004540289141724922,0.0004366307182219013,-1.739819595059089e-05,-3.525191153433601e-05,-5.4706292521207975e-06,-3.831957703024407,-0.07043836474679406,-0.14272094702973753,-0.022148398589698533,0.06832070909995458,-0.016889426927068876,share,17,True,0.6075355866894345,12,2.929685040084058
upsample,neg-q fraction,72,0.0004540289141724922,0.00043347751720072364,-2.0551396971768554e-05,-4.043614438463313e-05,-7.548647243046013e-06,-4.526451142263768,-0.08320441958836702,-0.16370984067587094,-0.030561465646241216,0.08108676394152753,-0.019950420054447145,share,7,True,0.5489986570941434,12,3.4938804433975394
decoder_io,neg-q fraction,72,0.0004540289141724922,0.0014375903053102472,0.000983561391137755,0.00047847546589233997,0.001660232660318191,216.62968159866702,3.9820482661866112,1.9371565583368555,6.721620679761412,3.9799306105397716,0.9547994683519553,share,1,True,0.650131716890456,12,2.5442934975070477
decoder_heads,neg-q fraction,72,0.0004540289141724922,0.0006715065151752242,0.00021747760100273203,8.11483566849347e-05,0.00040316544150774305,47.899504682230244,0.8804801731853077,0.32853737036926783,1.6322562697231944,0.8783625175384682,0.21111798377492905,share,2,True,0.7366364969493041,12,1.8198178157375255
film,neg-q fraction,72,0.0004540289141724922,0.0004335084263971112,-2.0520487775380996e-05,-4.158552028457052e-05,-6.5887807011222435e-06,-4.519643382796755,-0.0830792805650246,-0.16836320583516004,-0.026675348385562007,0.08096162491818511,-0.019920414724282763,share,8,True,0.5527931813349564,12,3.456018411522705
cond_embed,neg-q fraction,72,0.0004540289141724922,0.00044487230386873006,-9.156610303762136e-06,-2.9106257597770004e-05,4.285405922625307e-06,-2.016746074520577,-0.0370714675390666,-0.117839642392132,0.017349901468129,0.03495381189222711,-0.00888884692782094,share,18,False,0.4654958506571774,12,4.376709623051882
encoder_io,|neg-q mass|,72,5574049712.0,6228889341.333333,654839629.3333334,-91122749.53333333,1559120424.4666662,11.748004828941026,0.19898091678935048,-0.027688746114782618,0.473757539324883,0.18841497737285956,0.034934384252292214,share,3,False,-0.29833340867664676,12,22.204279207216715
enc0_attn,|neg-q mass|,72,5574049712.0,5234616504.0,-339433208.0,-525499753.7333333,-212752143.9333336,-6.089526027535364,-0.10314087280476728,-0.1596794361344464,-0.06464730409161823,0.09257493338827638,-0.018108082628310512,share,5,True,0.5001710077697143,12,3.998176125054238
enc0_mlp,|neg-q mass|,72,5574049712.0,5319960066.666667,-254089645.33333334,-452695860.26666665,-132139102.53333342,-4.558438809512601,-0.07720820229920981,-0.13755709530638785,-0.04015205950894069,0.06664226288271892,-0.013555174285404958,share,7,True,0.19256699916741774,12,8.124655484140876
enc1_attn,|neg-q mass|,72,5574049712.0,5284685418.666667,-289364293.3333333,-547949281.4666667,-111447642.53333345,-5.191275792004155,-0.0879268294012491,-0.16650099581069008,-0.033864709910533315,0.0773608899847582,-0.015437006191105144,share,6,True,0.4911128570082452,12,4.09536118423214
enc1_mlp,|neg-q mass|,72,5574049712.0,5329658264.0,-244391448.0,-394929403.40000004,-144247296.8666667,-4.384450455722811,-0.07426128810808899,-0.12000406089595697,-0.04383128034590056,0.06369534869159808,-0.013037794858411295,share,8,True,0.25828800911375055,12,7.073534696483288
enc2_attn,|neg-q mass|,72,5574049712.0,5469172240.0,-104877472.0,-262598423.46666667,55561533.59999989,-1.881530976916411,-0.03186828437728327,-0.07979369712555609,0.016883041891043827,0.021302344960792363,-0.005595003329268602,share,14,False,-0.10981705200143857,12,14.96075009520266
enc2_mlp,|neg-q mass|,72,5574049712.0,5463444266.666667,-110605445.33333333,-297627417.6,50155043.199999996,-1.98429240943471,-0.033608798136922344,-0.09043767933835442,0.01524021459682521,0.023042858720431443,-0.0059005792480890116,share,13,False,0.14648254457537788,12,8.933593898622213
downsample,|neg-q mass|,72,5574049712.0,5064506720.0,-509542992.0,-779748536.4,-319128466.5333335,-9.141342799706987,-0.1548307816907312,-0.23693599423111203,-0.09697103229538749,0.14426484227424027,-0.027183099308929613,share,4,True,-0.200516404248426,12,18.01937766770338
dec0_attn,|neg-q mass|,72,5574049712.0,5435893210.666667,-138156501.33333334,-295441578.6666666,-6968934.800000004,-2.478566006254042,-0.041980518686235896,-0.08977348582375096,-0.002117594863586584,0.031414579269744995,-0.007370372971233538,share,12,True,0.0769270772894768,12,10.285631502929354
dec0_mlp,|neg-q mass|,72,5574049712.0,5432202149.333333,-141847562.66666666,-291305419.7333333,-28000186.40000002,-2.5447846717493836,-0.0431020921755803,-0.08851666406209457,-0.008508194236529081,0.0325361527590894,-0.007567283709590527,share,11,True,0.02724913884695357,12,11.363368332378501
dec1_attn,|neg-q mass|,72,5574049712.0,5419656922.666667,-154392789.33333334,-295588956.53333336,-49472541.466666795,-2.769849522528502,-0.04691411055633238,-0.08981826836547596,-0.015032828216212877,0.03634817113984148,-0.008236546456183326,share,10,True,0.5177062958262701,12,3.8133362601187026
dec1_mlp,|neg-q mass|,72,5574049712.0,5500745520.0,-73304192.0,-272561302.40000004,131133820.7999998,-1.3150975643828273,-0.02227436256952278,-0.08282103801210904,0.039846592533562375,0.011708423153031876,-0.003910632001974121,share,16,False,0.03503860692118435,12,11.18754086998761
dec2_attn,|neg-q mass|,72,5574049712.0,5525807917.333333,-48241794.666666664,-221495793.46666667,117948956.66666642,-0.865471195257016,-0.014658850961890468,-0.06730416742470427,0.03584021259644003,0.004092911545399566,-0.0025736032402639557,share,18,False,-0.13931467632855973,12,15.88475571724958
dec2_mlp,|neg-q mass|,72,5574049712.0,5490185970.666667,-83863741.33333333,-190499346.66666666,-1649208.600000015,-1.5045388122891812,-0.025483008951184404,-0.05788552333965489,-0.0005011319176558878,0.014917069534693501,-0.004473962835077879,share,15,True,0.49254883145641437,12,4.079875910378783
upsample,|neg-q mass|,72,5574049712.0,5377630157.333333,-196419554.66666666,-432859348.79999995,22768889.466666456,-3.52382136534965,-0.05968444992053842,-0.13152953212796784,0.006918601589468673,0.04911851050404751,-0.010478590314357083,share,9,False,0.12423457345481907,12,9.347857970820995
decoder_io,|neg-q mass|,72,5574049712.0,21079636338.666668,15505586626.666666,7130454839.400001,26836544846.933323,278.1745306879076,4.711559447725949,2.16667467500909,8.154607720576895,4.700993508309458,0.8271920284125719,share,1,True,0.5553667421951768,12,3.4304443761780883
decoder_heads,|neg-q mass|,72,5574049712.0,9159121578.666666,3585071866.6666665,1321257813.3333333,6768963460.799999,64.31718502525379,1.0893673119803182,0.4014801170170665,2.0568311611116434,1.0788013725638272,0.19125641233674284,share,2,True,0.6703037545452756,12,2.3686439874726695
film,|neg-q mass|,72,5574049712.0,5500910944.0,-73138768.0,-292106168.1333333,143687038.53333324,-1.3121298118770708,-0.02222409649260182,-0.0887599811180764,0.04366103909626962,0.011658157076110917,-0.003901806962496235,share,17,False,0.1777946166038481,12,8.377067157263475
cond_embed,|neg-q mass|,72,5574049712.0,5591739829.333333,17690117.333333332,-243494640.0,365417241.0666666,0.3173656183088834,0.005375355441883407,-0.07398878218445439,0.11103643454215606,0.0,0.0009437323715731078,share,19,False,-0.13859212355198397,12,15.861365859531174
encoder_io,EffRes Z500,72,55.636112936486484,55.655471370675976,0.019358434189495455,0.006452811396498485,0.03871686837899091,0.03479472804218873,1362228703160.75,454076234386.9167,2724457406321.5,1362228703160.75,0.37421548059995036,colmax,12,True,-0.375,12,26.4
enc0_attn,EffRes Z500,72,55.636112936486484,55.66839498041278,0.03228204392629763,0.01290562279299697,0.051676452003403504,0.058023543023486245,2271646890581.75,908152468773.8334,3636407031036.8335,2271646890581.75,0.6240401710373578,colmax,2,True,-0.39197328742304677,12,27.47195000410859
enc0_mlp,EffRes Z500,72,55.636112936486484,55.649018559279476,0.01290562279299697,0.0,0.03226405698249243,0.023196485361459157,908152468773.8334,0.0,2270381171934.5835,908152468773.8334,0.2494769870666336,colmax,17,False,-0.22222222222222227,12,18.85714285714286
enc1_attn,EffRes Z500,72,55.636112936486484,55.661924182072475,0.02581124558599394,0.01290562279299697,0.04516967977548939,0.046392970722918314,1816304937547.6667,908152468773.8334,3178533640708.4165,1816304937547.6667,0.4989539741332672,colmax,4,True,-0.17857142857142855,12,17.217391304347824
enc1_mlp,EffRes Z500,72,55.636112936486484,55.661924182072475,0.02581124558599394,0.006452811396498485,0.03871686837899091,0.046392970722918314,1816304937547.6667,454076234386.9167,2724457406321.5,1816304937547.6667,0.4989539741332672,colmax,5,True,-0.46291004988627593,12,32.6852524328899
enc2_attn,EffRes Z500,72,55.636112936486484,55.661924182072475,0.02581124558599394,0.012744302508084518,0.03871686837899091,0.046392970722918314,1816304937547.6667,896800562914.1611,2724457406321.5,1816304937547.6667,0.4989539741332672,colmax,6,True,-0.46291004988627593,12,32.6852524328899
enc2_mlp,EffRes Z500,72,55.636112936486484,55.661924182072475,0.02581124558599394,0.01290562279299697,0.04516967977548939,0.046392970722918314,1816304937547.6667,908152468773.8334,3178533640708.4165,1816304937547.6667,0.4989539741332672,colmax,7,True,-0.17857142857142855,12,17.217391304347824
downsample,EffRes Z500,72,55.636112936486484,55.655471370675976,0.019358434189495455,0.006452811396498485,0.03226405698249243,0.03479472804218873,1362228703160.75,454076234386.9167,2270381171934.5835,1362228703160.75,0.37421548059995036,colmax,13,True,-0.288675134594813,12,21.73985806939147
dec0_attn,EffRes Z500,72,55.636112936486484,55.661924182072475,0.02581124558599394,0.01290562279299697,0.04516967977548939,0.046392970722918314,1816304937547.6667,908152468773.8334,3178533640708.4165,1816304937547.6667,0.4989539741332672,colmax,8,True,-0.17857142857142855,12,17.217391304347824
dec0_mlp,EffRes Z500,72,55.636112936486484,55.655471370675976,0.019358434189495455,0.006452811396498485,0.04516967977548939,0.03479472804218873,1362228703160.75,454076234386.9167,3178533640708.4165,1362228703160.75,0.37421548059995036,colmax,14,True,0.08333333333333338,12,10.153846153846153
dec1_attn,EffRes Z500,72,55.636112936486484,55.668376993468975,0.03226405698249243,0.01290562279299697,0.05162249117198788,0.057991213403647886,2270381171934.5835,908152468773.8334,3632609875095.3335,2270381171934.5835,0.623692467666584,colmax,3,True,-0.31052950170405935,12,22.80932115198134
dec1_mlp,EffRes Z500,72,55.636112936486484,55.655471370675976,0.019358434189495455,0.006452811396498485,0.03871686837899091,0.03479472804218873,1362228703160.75,454076234386.9167,2724457406321.5,1362228703160.75,0.37421548059995036,colmax,15,True,-0.375,12,26.4
dec2_attn,EffRes Z500,72,55.636112936486484,55.661924182072475,0.02581124558599394,0.01290562279299697,0.04516967977548939,0.046392970722918314,1816304937547.6667,908152468773.8334,3178533640708.4165,1816304937547.6667,0.4989539741332672,colmax,9,True,-0.17857142857142855,12,17.217391304347824
dec2_mlp,EffRes Z500,72,55.636112936486484,55.661924182072475,0.02581124558599394,0.01290562279299697,0.04516967977548939,0.046392970722918314,1816304937547.6667,908152468773.8334,3178533640708.4165,1816304937547.6667,0.4989539741332672,colmax,10,True,-0.17857142857142855,12,17.217391304347824
upsample,EffRes Z500,72,55.636112936486484,55.655471370675976,0.019358434189495455,0.006452811396498485,0.03871686837899091,0.03479472804218873,1362228703160.75,454076234386.9167,2724457406321.5,1362228703160.75,0.37421548059995036,colmax,16,True,-0.375,12,26.4
decoder_io,EffRes Z500,72,55.636112936486484,55.687843650989414,0.05173071450293717,0.01290562279299697,0.09711684094032513,0.0929804613812477,3640225414984.9585,908152468773.8334,6833990135472.625,3640225414984.9585,1.0,colmax,1,True,-0.23712575404060912,12,19.459968831189983
decoder_heads,EffRes Z500,72,55.636112936486484,55.64901855927948,0.01290562279299697,0.0,0.02581124558599394,0.023196485361459157,908152468773.8334,0.0,1816304937547.6667,908152468773.8334,0.2494769870666336,colmax,18,False,-0.22222222222222215,12,18.85714285714285
film,EffRes Z500,72,55.636112936486484,55.661924182072475,0.02581124558599394,0.01290562279299697,0.04516967977548939,0.046392970722918314,1816304937547.6667,908152468773.8334,3178533640708.4165,1816304937547.6667,0.4989539741332672,colmax,11,True,-0.17857142857142855,12,17.217391304347824
cond_embed,EffRes Z500,72,55.636112936486484,55.642565747882976,0.006452811396498485,0.0,0.019358434189495455,0.011598242680729579,454076234386.9167,0.0,1362228703160.75,454076234386.9167,0.1247384935333168,colmax,19,False,-0.09999999999999999,12,14.666666666666668
encoder_io,DKE<1000km 500hPa,72,0.45675817131996155,0.45785319805145264,0.0010950540502866108,-0.0009185037886102993,0.0030024745191136993,0.23974483055425516,0.07868733431557283,-0.06600095645103753,0.21574890864761648,0.052899884786585666,0.18637062786021663,share,2,False,-0.08565150492305493,12,14.248197628389304
enc0_attn,DKE<1000km 500hPa,72,0.45675817131996155,0.45673200488090515,-2.6151537895202637e-05,-0.0006201436122258504,0.00033903593818346636,-0.005725467176508372,-0.0018791719045170333,-0.044561679604865706,0.02436211637759237,0.0,-0.00445081093098876,share,18,False,-0.422264056217322,12,29.541469348197374
enc0_mlp,DKE<1000km 500hPa,72,0.45675817131996155,0.45709428191185,0.00033611804246902466,-0.00023992955684661865,0.0008656013136108711,0.07358774949681544,0.024152445050848126,-0.01724062592785787,0.06219954159365061,0.0,0.05720496681757719,share,9,False,0.19353011534674952,12,8.10841594309283
enc1_attn,DKE<1000km 500hPa,72,0.45675817131996155,0.45649027824401855,-0.00026785582304000854,-0.0007341658075650533,0.0001915505776802692,-0.058642812097621795,-0.019247324541108793,-0.05275497618388217,0.013764256056879988,0.0,-0.04558720905412448,share,10,False,0.17708105049809691,12,8.389420074211621
enc1_mlp,DKE<1000km 500hPa,72,0.45675817131996155,0.45596301555633545,-0.0007951483130455017,-0.0016698464751243591,0.0005200058221817017,-0.17408519472322023,-0.05713699805292631,-0.11999021218121683,0.03736607518628542,0.03134954852393914,-0.13532874501080155,share,3,False,-0.08147151628394933,12,14.128748781860576
enc2_attn,DKE<1000km 500hPa,72,0.45675817131996155,0.4567161500453949,-4.201879103978475e-05,-0.00022429917007684707,0.00010430222998062766,-0.009199352246851393,-0.0030193456270202934,-0.016117472720111808,0.007494848713812169,0.0,-0.007151307705735882,share,16,False,-0.4197575662428415,12,29.362021465056124
enc2_mlp,DKE<1000km 500hPa,72,0.45675817131996155,0.45659545063972473,-0.00016266355911890665,-0.00042855975528558095,0.0002581346780061716,-0.035612623329512705,-0.011688520629644077,-0.030795032199123322,0.018548791907941058,0.0,-0.02768421306239039,share,13,False,-0.0911419207315853,12,14.40676311016435
downsample,DKE<1000km 500hPa,72,0.45675817131996155,0.4566257894039154,-0.00013237446546554565,-0.0007632380351424218,0.0009718556577960647,-0.02898130351140292,-0.009512036247166419,-0.054844020181372584,0.06983466344100961,0.0,-0.022529218749537692,share,15,False,-0.350575917482248,12,24.955820774238017
dec0_attn,DKE<1000km 500hPa,72,0.45675817131996155,0.4565209448337555,-0.000237161914507548,-0.0005067465205987295,8.143062392870582e-05,-0.05192286444002758,-0.01704175136276824,-0.03641330112350993,0.005851362977860952,0.0,-0.04036331804784812,share,12,False,-0.49934929206887124,12,35.93761322974405
dec0_mlp,DKE<1000km 500hPa,72,0.45675817131996155,0.45701730251312256,0.00025916844606399536,6.962784876426062e-05,0.0005222666387756663,0.056740847787704767,0.01862307541271368,0.005003250581059021,0.03752853075741356,0.0,0.04410867755967066,share,11,True,-0.4135814680451959,12,28.926401012595736
dec1_attn,DKE<1000km 500hPa,72,0.45675817131996155,0.4564044773578644,-0.0003536293903986613,-0.0007390126585960389,9.754722317059804e-05,-0.07742158321586204,-0.02541075854550621,-0.053103256515207475,0.007009453970944772,0.0,-0.060185277157026554,share,8,False,0.12544990301483416,12,9.324805249624394
dec1_mlp,DKE<1000km 500hPa,72,0.45675817131996155,0.45677223801612854,1.410891612370809e-05,-0.0004166026289264361,0.00048451845844586685,0.0030889248841162458,0.0010138248423135106,-0.02993582858353072,0.03481605854233154,0.0,0.0024012399714099858,share,19,False,0.15698060293250582,12,8.743649408787949
dec2_attn,DKE<1000km 500hPa,72,0.45675817131996155,0.45678845047950745,3.0294060707092285e-05,-0.00025464706122875215,0.00032931001236041367,0.006632407276262975,0.002176841300218307,-0.018298182116344403,0.023663240211099307,0.0,0.005155839671054216,share,17,False,0.23147485527871745,12,7.488826667571807
dec2_mlp,DKE<1000km 500hPa,72,0.45675817131996155,0.45689406991004944,0.00013595571120580038,1.3923210402329765e-05,0.00031528069327274957,0.02976536083984785,0.009769373938174356,0.001000480580284996,0.02265513497557971,0.0,0.02313872201283169,share,14,True,-0.6527816847549227,12,57.120777753500896
upsample,DKE<1000km 500hPa,72,0.45675817131996155,0.45741498470306396,0.0006568456689516703,0.00010549848278363546,0.0013812731330593423,0.1438060099059934,0.047198980482295295,0.007580807890175728,0.09925418820533274,0.02141153095330813,0.11179059124775292,share,4,True,-0.01994692348203715,12,12.488469629899802
decoder_io,DKE<1000km 500hPa,72,0.45675817131996155,0.4600495994091034,0.003291438023249308,0.0022775727634628614,0.0045054125910003965,0.7206084950393121,0.23651296851202852,0.1636596197418188,0.3237455782980305,0.21072551898304134,0.560179993668267,share,1,True,0.10680798249442768,12,9.68397805183053
decoder_heads,DKE<1000km 500hPa,72,0.45675817131996155,0.4572904109954834,0.0005322073896725973,-2.407282590866089e-05,0.0010938468078772225,0.116518422468173,0.038242843616189716,-0.001729801830055423,0.07860058545870807,0.012455394087202545,0.09057801789707849,share,5,False,0.28732637036326675,12,6.643290895398587
film,DKE<1000km 500hPa,72,0.45675817131996155,0.4572072923183441,0.0004491185148557027,7.626911004384358e-05,0.0006763331592082978,0.09832742248172816,0.03227232365061308,0.005480471907665535,0.048599293700070594,0.006484874121625915,0.07643686590209653,share,6,True,-0.5197535333878819,12,37.97433957048588
cond_embed,DKE<1000km 500hPa,72,0.45675817131996155,0.45720383524894714,0.00044567883014678955,-9.053157021601995e-05,0.0013171901926398266,0.09757435771064894,0.03202515811521365,-0.006505329969636859,0.09464937828257544,0.006237708586226478,0.07585145534754577,share,7,False,-0.3521041981849863,12,25.042993538106682
encoder_io,DKEpert<1000km 500hPa,72,0.0,0.03271050378680229,0.032710507356872164,0.029395835602190345,0.0355527313426137,nan,nan,nan,nan,0.0,0.47189489894572817,share,1,True,0.18742411075911597,12,8.211817986967509
enc0_attn,DKEpert<1000km 500hPa,72,0.0,0.003338935086503625,0.0033389348924780884,0.0029185096034780146,0.003779664630322562,nan,nan,nan,nan,0.0,0.04816881396800742,share,8,True,0.19058102484813202,12,8.158224849133127
enc0_mlp,DKEpert<1000km 500hPa,72,0.0,0.0027059856802225113,0.00270598580633911,0.0022514570676624617,0.0031813168815763974,nan,nan,nan,nan,0.0,0.039037636582628425,share,10,True,0.010167838496616125,12,11.758428139741646
enc1_attn,DKEpert<1000km 500hPa,72,0.0,0.003038851311430335,0.003038851253222674,0.0026024086012815437,0.00359803434742692,nan,nan,nan,nan,0.0,0.043839687027946384,share,9,True,0.2517066601559334,12,7.17382144232592
enc1_mlp,DKEpert<1000km 500hPa,72,0.0,0.006512243766337633,0.006512243960363169,0.005632836470613256,0.00713949941661364,nan,nan,nan,nan,0.0,0.09394824335978631,share,6,True,-0.10624099955815942,12,14.852876433283816
enc2_attn,DKEpert<1000km 500hPa,72,0.0,0.0013259616680443287,0.001325961483720069,0.0011375572619726883,0.0015453086748796825,nan,nan,nan,nan,0.0,0.019128852192338532,share,18,True,-0.22255435647493538,12,18.870325404590485
enc2_mlp,DKEpert<1000km 500hPa,72,0.0,0.0013267416507005692,0.0013267417622652526,0.0012235697653522949,0.0014599352792477778,nan,nan,nan,nan,0.0,0.019140108803592272,share,17,True,-0.6732508779566979,12,61.45084770210775
downsample,DKEpert<1000km 500hPa,72,0.0,0.01024900283664465,0.010249003923187653,0.009544160187942907,0.010924235766287893,nan,nan,nan,nan,0.0,0.14785624135575864,share,3,True,-0.12979457274368178,12,15.579694688494309
dec0_attn,DKEpert<1000km 500hPa,72,0.0,0.0014601844595745206,0.0014601845323340967,0.001194339370825522,0.0018645817092571328,nan,nan,nan,nan,0.0,0.021065207726995112,share,16,True,-0.13216622939379705,12,15.655065765918994
dec0_mlp,DKEpert<1000km 500hPa,72,0.0,0.0016144501278176904,0.0016144500599087526,0.0013304403376726743,0.0018965091568437249,nan,nan,nan,nan,0.0,0.023290704101949923,share,14,True,-0.15401650496201147,12,16.369347795517324
dec1_attn,DKEpert<1000km 500hPa,72,0.0,0.0020004904363304377,0.0020004904363304377,0.0015434978064149617,0.0024556857487671854,nan,nan,nan,nan,0.0,0.028859877408649176,share,12,True,0.054762890619888684,12,10.7539290711063
dec1_mlp,DKEpert<1000km 500hPa,72,0.0,0.0023233264219015837,0.002323326470407968,0.001994938614128235,0.002612217982095899,nan,nan,nan,nan,0.0,0.03351723952214295,share,11,True,0.13429540095952597,12,9.158509485005283
dec2_attn,DKEpert<1000km 500hPa,72,0.0,0.001530677080154419,0.001530677070453142,0.0011985351496453709,0.0019290325799374828,nan,nan,nan,nan,0.0,0.022082161355662266,share,15,True,-0.13726964230427482,12,15.81865711101419
dec2_mlp,DKEpert<1000km 500hPa,72,0.0,0.001634636428207159,0.0016346365252199273,0.0013948589737992735,0.0018994629897254828,nan,nan,nan,nan,0.0,0.02358192214709244,share,13,True,-0.24185646057369428,12,19.656274507280013
upsample,DKEpert<1000km 500hPa,72,0.0,0.004003156442195177,0.004003156267572194,0.0035501939860599426,0.004553831076191272,nan,nan,nan,nan,0.0,0.0577511379368154,share,7,True,-0.05269802736792377,12,13.33511033795914
decoder_io,DKEpert<1000km 500hPa,72,0.0,0.017484422773122787,0.017484421841800213,0.01573559870400156,0.01940814514722054,nan,nan,nan,nan,0.0,0.25223728229416714,share,2,True,-0.3244024195645824,12,23.52410591010728
decoder_heads,DKEpert<1000km 500hPa,72,0.0,0.007735671941190958,0.0077356722904369235,0.006900447129737586,0.008374701512123767,nan,nan,nan,nan,0.0,0.11159791115273186,share,5,True,0.1210352186834106,12,9.408783238930333
film,DKEpert<1000km 500hPa,72,0.0,0.0013017556630074978,0.0013017557018126051,0.0011862264065712225,0.0014615326464991083,nan,nan,nan,nan,0.0,0.018779649873875405,share,19,True,-0.1177281128772575,12,15.202498855844308
cond_embed,DKEpert<1000km 500hPa,72,0.0,0.009854928590357304,0.009854929250044128,0.009121437091380358,0.010649069212377071,nan,nan,nan,nan,0.0,0.14217116206208436,share,4,True,0.09817121169913892,12,9.854515711503803
encoder_io,RMSE Z500,120,285.1250394185384,284.6892598470052,-0.4357795715332031,-3.961400413513184,2.538359705607096,-0.15283805744381404,-0.014013524264334679,-0.12738821285311844,0.0816269684257657,0.004653591965099273,-0.30682834548103,colmax,9,False,0.09921470141162993,12,9.833769116423568
enc0_attn,RMSE Z500,120,285.1250394185384,286.13923899332684,1.0141995747884114,0.21686347325642905,1.7609288215637207,0.35570344044728247,0.03261398945382282,0.006973758622586815,0.05662683700828157,0.02325405715458742,0.7140884930081731,colmax,2,True,0.4296826986990633,12,4.786941621269355
enc0_mlp,RMSE Z500,120,285.1250394185384,284.74172592163086,-0.38331349690755206,-0.6297327677408854,-0.04597574869791674,-0.13443698164470277,-0.012326353369117677,-0.020250548665545123,-0.0014784590927069657,0.0029664210698822726,-0.2698874700411031,colmax,11,True,-0.4572147633756249,12,32.21638316704767
enc1_attn,RMSE Z500,120,285.1250394185384,285.0523490905762,-0.07269032796223958,-0.6022352854410807,0.6191579818725584,-0.025494193042630883,-0.002337529662295509,-0.01936630199454883,0.01991049137962287,0.0,-0.05118058421751434,colmax,18,False,-0.6204209949130186,12,51.22794379657628
enc1_mlp,RMSE Z500,120,285.1250394185384,284.62841924031574,-0.49662017822265625,-1.8192631085713704,0.4154044469197586,-0.17417627691886495,-0.01596999807309956,-0.05850271417147272,0.013358313874011018,0.006610065773864155,-0.3496656511007237,colmax,7,False,-0.2263814408402758,12,19.023040639133463
enc2_attn,RMSE Z500,120,285.1250394185384,285.472464243571,0.34742482503255206,0.1200619379679362,0.6254482269287109,0.12184998754969502,0.011172268122841422,0.003860875981444499,0.02011276910781667,0.0018123358236060167,0.2446185897808938,colmax,12,True,0.2318188995260566,12,7.483383482128763
enc2_mlp,RMSE Z500,120,285.1250394185384,285.5220527648926,0.3970133463541667,0.11607440312703451,0.7276002883911132,0.13924183830497824,0.012766904476096859,0.003732647354179446,0.0233977105907749,0.003406972176861454,0.2795334066880523,colmax,10,True,0.04084220137976969,12,11.058250297869288
downsample,RMSE Z500,120,285.1250394185384,286.11516698201496,0.9901275634765625,-0.3122784932454427,1.9460375467936188,0.34726082475806086,0.03183989691565475,-0.010042054580319988,0.06257944649711712,0.022479964616419348,0.6971396136074496,colmax,3,False,-0.260838862224248,12,20.469239484396653
dec0_attn,RMSE Z500,120,285.1250394185384,285.32709884643555,0.2020594278971354,-0.17947346369425457,0.65608647664388,0.07086695307756889,0.006497699480753073,-0.0057713943070688365,0.02109801459394555,0.0,0.1422681649174043,colmax,16,False,0.14952423473964396,12,8.87820271613131
dec0_mlp,RMSE Z500,120,285.1250394185384,285.58557510375977,0.4605356852213542,0.18258606592814128,0.831901454925537,0.16152060378861657,0.014809615734705727,0.005871487404081922,0.026751761637468344,0.005449683435470321,0.3242588950057612,colmax,8,True,-0.2805548228788249,12,21.359039386482277
dec1_attn,RMSE Z500,120,285.1250394185384,285.27507400512695,0.15003458658854166,-0.14947547912597656,0.46333700815836576,0.0526206280916297,0.004824717487904903,-0.004806738063202959,0.01489969890866437,0.0,0.1056379577544861,colmax,17,False,-0.2388800527717115,12,19.532480639088412
dec1_mlp,RMSE Z500,120,285.1250394185384,284.81932830810547,-0.3057111104329427,-0.681525707244873,0.13212811152140275,-0.10722001514015952,-0.009830864831171475,-0.021916073306607945,0.0042488923707265135,0.00047093253193607003,-0.21524835108559312,colmax,14,False,-0.18196022104640922,12,17.33842658690755
dec2_attn,RMSE Z500,120,285.1250394185384,285.39069112141925,0.2656517028808594,-0.1427821159362793,0.5283475240071611,0.09317024678807886,0.008542659700832502,-0.004591497116641791,0.0169902660228564,0.0,0.1870428946046679,colmax,15,False,-0.11532032748191419,12,15.12846326816598
dec2_mlp,RMSE Z500,120,285.1250394185384,285.447452545166,0.3224131266276042,-0.09729897181193033,0.897684383392333,0.11307780168487068,0.010367957720550679,-0.0031288788907293075,0.028867167508847515,0.0010080254213152742,0.22700808543288087,colmax,13,False,0.017837035643826306,12,11.579413166881823
upsample,RMSE Z500,120,285.1250394185384,285.06429926554364,-0.060740152994791664,-0.5367656071980794,0.35553181966145797,-0.021302988021907988,-0.001953243482288981,-0.017260969426047327,0.011432967736509172,0.0,-0.04276657710706058,colmax,19,False,-0.0021216559752277983,12,12.05102800728202
decoder_io,RMSE Z500,120,285.1250394185384,286.09441630045575,0.9693768819173177,-0.6236570358276367,2.899305979410807,0.3399830768613619,0.03117260960223418,-0.020055169115534673,0.09323405075932593,0.021812677302998774,0.6825292516117596,colmax,4,False,-0.44945170920896765,12,31.59290620177314
decoder_heads,RMSE Z500,120,285.1250394185384,286.5453109741211,1.4202715555826824,-0.42740097045898434,3.376833693186441,0.49812235308378133,0.04567219577567054,-0.013744090502119418,0.10859008541772718,0.03631226347643514,1.0,colmax,1,False,-0.29728545801775713,12,22.15327073252237
film,RMSE Z500,120,285.1250394185384,285.6289126078288,0.5038731892903646,0.145140012105306,0.8553187052408854,0.17672007702933562,0.01620323582270131,0.004667320852621851,0.027504798784995874,0.0068433035234659045,0.3547724287723589,colmax,6,True,0.11636924220823133,12,9.49826338150168
cond_embed,RMSE Z500,120,285.1250394185384,285.7965443929036,0.6715049743652344,-0.44966131846110025,2.292923355102539,0.23551245296963355,0.021593832906808632,-0.014459924715647752,0.07373438126055182,0.012233900607573227,0.47280041040443277,colmax,5,False,0.09510984570208818,12,9.91560973923425
encoder_io,RMSE T850,120,1.82734814286232,1.835548867781957,0.008200724919637045,-0.00598098412156105,0.020724917699893312,0.44877736908915455,0.06340198119843955,-0.04624057586852486,0.16022984007199198,0.05796758491534438,0.9635251786595406,share,1,False,0.05634094586310014,12,10.719937245630879
enc0_attn,RMSE T850,120,1.82734814286232,1.8259833256403606,-0.001364817221959432,-0.004120208323001862,0.0020872506002585084,-0.07468840720310749,-0.010551764227424936,-0.03185442423548331,0.016137088441673844,0.005117367944329759,-0.16035603809574941,share,11,False,0.4816732960894544,12,4.1979027787992385
enc0_mlp,RMSE T850,120,1.82734814286232,1.8265961011250813,-0.000752041737238566,-0.0024207962056001027,0.0013463266193866716,-0.04115481443292921,-0.005814234296612853,-0.01871581805471711,0.010408808470689488,0.0003798380135176746,-0.0883594019227621,share,16,False,0.019343533017903664,12,11.544564930867585
enc1_attn,RMSE T850,120,1.82734814286232,1.8279643853505452,0.0006162424882253011,-0.0008188386758168539,0.003251213580369949,0.03372332144984873,0.004764334255205014,-0.0063306591597018305,0.025135995209536927,0.0,0.07240398371893719,share,17,False,-0.4983250316548011,12,35.83973990004974
enc1_mlp,RMSE T850,120,1.82734814286232,1.8284335732460022,0.001085430383682251,-0.0016616148253281913,0.003028889000415802,0.059399211251669616,0.008391750418752363,-0.012846385282628048,0.023417144866873844,0.0029573541356571853,0.1275301286908941,share,13,False,-0.5650140705395484,12,43.174198461474724
enc2_attn,RMSE T850,120,1.82734814286232,1.8283784786860149,0.001030335823694865,5.841851234436035e-05,0.002351462841033934,0.05638421051398386,0.007965799750892242,0.00045164902585976175,0.018179783409033208,0.0025314034677970626,0.12105692098362177,share,14,True,-0.3316879497425137,12,23.911368036463376
enc2_mlp,RMSE T850,120,1.82734814286232,1.828849325577418,0.0015011827150980632,-0.00011623998483022053,0.0031707520286242156,0.08215088739175022,0.011606042052472884,-0.0008986821780919732,0.02451392559484169,0.0061716457693777056,0.17637798584146303,share,8,False,0.12810999597221834,12,9.274521177623749
downsample,RMSE T850,120,1.82734814286232,1.8330751458803813,0.00572700301806132,0.0014826402068138123,0.009041627744833629,0.31340514069150843,0.044276980539252254,0.011462684998903768,0.0699032241538231,0.038842584256157074,0.6728809538468811,share,2,True,-0.12056093415957544,12,15.290122684127876
dec0_attn,RMSE T850,120,1.82734814286232,1.8283766011397045,0.0010284582773844402,6.194909413655605e-06,0.002532261113325754,0.05628146346396175,0.007951283941980311,4.7894489087193094e-05,0.019577582844191393,0.002516887658885133,0.1208363230289383,share,15,True,0.09680925012036445,12,9.881653530334676
dec0_mlp,RMSE T850,120,1.82734814286232,1.8295093874136608,0.002161244551340739,0.0006966419517993928,0.0038107670843601214,0.11827218364396674,0.016709155318844683,0.00538592384976427,0.02946205187978993,0.011274759035749503,0.2539304223546264,share,5,True,-0.05150128024309893,12,13.303144327017298
dec1_attn,RMSE T850,120,1.82734814286232,1.8277869820594788,0.0004388391971588135,-0.0007679007947444915,0.0016454954942067463,0.0240150843107228,0.003392782321082028,-0.005936844879905062,0.012721762454925822,0.0,0.051560394963713674,share,18,False,-0.1953569174826383,12,17.826889115749225
dec1_mlp,RMSE T850,120,1.82734814286232,1.8272912800312042,-5.6862831115722656e-05,-0.0010843344032764434,0.0014645054936408962,-0.0031117678006695485,-0.0004396216413327341,-0.008383277103312105,0.01132248071758772,0.0,-0.006680966627556244,share,19,False,-0.2643556410449409,12,20.624460050357257
dec2_attn,RMSE T850,120,1.82734814286232,1.8286407192548115,0.0012925763924916585,0.0004379590352376302,0.002208711951971054,0.07073509213559019,0.009993251198813538,0.0033859775556344253,0.017076138393120905,0.004558854915718361,0.15186826917269053,share,12,True,0.2625183898132088,12,7.00962409232774
dec2_mlp,RMSE T850,120,1.82734814286232,1.8287543058395386,0.001406162977218628,-0.00019541929165522255,0.0035108367602030436,0.07695101684433507,0.01087141923637442,-0.001510838416939019,0.027143210928606002,0.005437022953279242,0.16521386183856723,share,10,False,0.29752842108336747,12,6.496704665598979
upsample,RMSE T850,120,1.82734814286232,1.8258830110232036,-0.0014651318391164143,-0.003284017244974772,0.00046795705954233717,-0.08017803530428867,-0.011327323160719476,-0.025389609048178764,0.003617900244371745,0.005892926877624299,-0.17214227167455146,share,9,False,-0.0817309147285645,12,14.13612979566412
decoder_io,RMSE T850,120,1.82734814286232,1.8257346351941426,-0.0016135076681772869,-0.006006588290135066,0.004131659617026645,-0.08829777043196171,-0.012474456080870722,-0.04643852849227941,0.03194295722928226,0.007040059797775543,-0.18957534601927198,share,7,False,-0.4393340830596232,12,30.806240356059032
decoder_heads,RMSE T850,120,1.82734814286232,1.8313931127389271,0.004044969876607259,0.0005080158511797587,0.007264779756466543,0.2213573747513324,0.031272735834706966,0.003927605395942713,0.05616594069962803,0.025838339551611786,0.47525436607413546,share,3,True,-0.39878316189791496,12,27.919041648538894
film,RMSE T850,120,1.82734814286232,1.8290460407733917,0.0016978979110717773,0.0007335613171259562,0.002834525456031163,0.09291595133110353,0.013126899449690003,0.005671357263179714,0.021914468712326968,0.007692503166594825,0.19949058213057355,share,6,True,0.16227397615160466,12,8.649176091394727
cond_embed,RMSE T850,120,1.82734814286232,1.8304520547389984,0.003103911876678467,-0.0001705261568228403,0.008162260055541992,0.16985881364765906,0.02399716663773808,-0.0013183829837816814,0.06310459912379938,0.0185627703546429,0.36468693619495957,share,4,False,0.02000836171408777,12,11.52921887784219
encoder_io,RMSE Q700,120,0.001374464724600936,0.0013777597438699256,3.295019268989563e-06,-1.7732718940048168e-06,7.707566449729103e-06,0.23973109022104902,0.08029671630914723,-0.0432130736083838,0.1878266031620464,0.07231290852245939,0.6134561998905471,share,4,False,-0.24274071301069233,12,19.693239571109906
enc0_attn,RMSE Q700,120,0.001374464724600936,0.0013717678957618773,-2.6968288390586772e-06,-3.635288157965988e-06,-1.3518697718003172e-06,-0.19620938906538166,-0.06571934260360994,-0.08858876931900635,-0.0329438751921015,0.057735534816922104,-0.5020870096069269,share,5,True,0.08187166849792046,12,10.183777151056926
enc0_mlp,RMSE Q700,120,0.001374464724600936,0.0013720985637822498,-2.366160818686088e-06,-2.8333937128384905e-06,-1.8441867723595351e-06,-0.17215144021779696,-0.05766125430220001,-0.06904730824887759,-0.04494120671004322,0.049677446515512175,-0.4405242900464723,share,6,True,-0.2646488735330557,12,20.637469551872446
enc1_attn,RMSE Q700,120,0.001374464724600936,0.00137295308134829,-1.5116432526459296e-06,-2.411954968313997e-06,-6.064093516518672e-07,-0.10998050554442727,-0.03683741414221491,-0.058777217378925335,-0.014777661586099245,0.02885360635552708,-0.28143292941735315,share,8,True,0.16254530322529243,12,8.644356769078946
enc1_mlp,RMSE Q700,120,0.001374464724600936,0.0013759866900121172,1.5219654111812513e-06,-2.429005689918995e-07,2.8306179350086795e-06,0.11073150033902404,0.03708895605075827,-0.0059192728440869025,0.06897966498893213,0.029105148264070436,0.2833546760393958,share,7,False,0.04462703580036169,12,10.974706931275165
enc2_attn,RMSE Q700,120,0.001374464724600936,0.001374745324331646,2.8059973071018857e-07,-1.50179403135553e-07,8.230153374218686e-07,0.020415200600485274,0.0068379681980337715,-0.003659739729762033,0.020056158605502285,0.0,0.05224116475184363,share,17,False,-0.28385136052866,12,21.51259595733753
enc2_mlp,RMSE Q700,120,0.001374464724600936,0.0013748635828960687,3.988582951327165e-07,4.649094383542739e-09,9.492148819845168e-07,0.029019172918280715,0.009719825214146055,0.0001132943337609852,0.02313153031074819,0.0017360174274582215,0.07425816787468188,share,14,True,-0.506189340819796,12,36.60162403104748
downsample,RMSE Q700,120,0.001374464724600936,0.0013729664109026392,-1.4983136982967455e-06,-3.78377929640313e-06,1.0363345306056222e-06,-0.10901070587546492,-0.03651258464753581,-0.09220736752561588,0.025254559385605974,0.028528776860847975,-0.2789512754148281,share,9,False,-0.07940293158687767,12,14.070037395806569
dec0_attn,RMSE Q700,120,0.001374464724600936,0.0013741585620058079,-3.0616259512801963e-07,-9.490031516179442e-07,6.635598159239935e-07,-0.022275042032592816,-0.007460912680187656,-0.023126370628272667,0.016170368044535897,0.0,-0.05700037748594361,share,15,False,0.012229781421840934,12,11.710031497283262
dec0_mlp,RMSE Q700,120,0.001374464724600936,0.0013746593322139233,1.9460761298735937e-07,-5.755478923674673e-07,1.1261525893739114e-06,0.014158792837980038,0.004742416057687646,-0.014025595015694734,0.027443346338153072,0.0,0.03623142597572892,share,19,False,-0.16992669399233573,12,16.913109030611814
dec1_attn,RMSE Q700,120,0.001374464724600936,0.001375261936724807,7.972121238708496e-07,4.688028032736232e-07,1.158820183870072e-06,0.05800164308344205,0.019427357026746757,0.01142431124869829,0.028239426832263458,0.011443549240058925,0.14842241580166995,share,12,True,-0.37156344081100817,12,26.190012419029877
dec1_mlp,RMSE Q700,120,0.001374464724600936,0.0013737070451801021,-7.576794208337864e-07,-1.6458143363706768e-06,3.1211942162675164e-07,-0.05512541771879755,-0.0184639798864139,-0.04010704523303418,0.0076060752933392855,0.010480172099726065,-0.14106234297758743,share,13,False,-0.013132911983623055,12,12.319384333953716
dec2_attn,RMSE Q700,120,0.001374464724600936,0.0013752748491242528,8.101245233168205e-07,2.7314696732598046e-07,1.278155590019499e-06,0.05894109239886336,0.01974202082399413,0.006656350921068812,0.031147525532443706,0.011758213037306297,0.15082640523206356,share,11,True,-0.09500378555116998,12,14.519447945554916
dec2_mlp,RMSE Q700,120,0.001374464724600936,0.0013742322917096317,-2.3243289130429426e-07,-8.564612168508271e-07,6.021478232772397e-07,-0.016910793499758905,-0.005664184762020852,-0.02087120521766992,0.014673811894487038,0.0,-0.04327361589992468,share,18,False,0.1933401769541096,12,8.111616505913492
upsample,RMSE Q700,120,0.001374464724600936,0.0013754973867132019,1.0326621122658253e-06,1.352081502166887e-07,1.9886567315552373e-06,0.07513194727974193,0.02516506578647154,0.003294903487457695,0.048461812321642185,0.017181257999783706,0.19225774523491726,share,10,True,-0.17896588985794562,12,17.231428638022784
decoder_io,RMSE Q700,120,0.001374464724600936,0.0013702170787534367,-4.2476458474993706e-06,-6.786375161027536e-06,-1.3382693092959644e-06,-0.3090400045539647,-0.10351138665813507,-0.16537798312772095,-0.03261244390438096,0.09552757887144724,-0.7908131841932727,share,3,True,0.425145002692866,12,4.84039164762258
decoder_heads,RMSE Q700,120,0.001374464724600936,0.001379081387616073,4.616663015137116e-06,2.481462918998053e-06,7.025368540780618e-06,0.3358880684607984,0.11250400988855994,0.06047106489290948,0.17120204121272342,0.1045202021018721,0.8595156259312976,share,2,True,0.32992059925643347,12,6.046190136026574
film,RMSE Q700,120,0.001374464724600936,0.0013747600023634732,2.9527776253720123e-07,-3.582778541992108e-07,9.87283177285765e-07,0.021483109551824444,0.007195658900689873,-0.008730915624449772,0.024059221124864288,0.0,0.05497387399916555,share,16,False,0.02277565920392152,12,11.46555648252367
cond_embed,RMSE Q700,120,0.001374464724600936,0.0013794401893392205,4.975464738284548e-06,3.53339394981352e-06,7.192560588009654e-06,0.3619929016169644,0.1212476917376914,0.08610569724638903,0.175276364089024,0.11326388395100358,0.9263161887285225,share,1,True,0.08009251140167777,12,10.220318858478405
encoder_io,RMSE U500,120,4.700242718060811,4.727152109146118,0.026909391085306805,-0.015394124388694762,0.058036683996518436,0.5725106701810683,0.07233289009031195,-0.04137966198915769,0.15600357033045334,0.06825843254636972,0.5753734485048253,share,1,False,0.13007454436375906,12,9.237537045409859
enc0_attn,RMSE U500,120,4.700242718060811,4.703920443852742,0.0036777257919311523,-0.0034081021944681804,0.010177503029505406,0.07824544417247625,0.009885788000432136,-0.009161035293125704,0.027357297149283973,0.005811330456489915,0.07863670214053975,share,11,False,0.21320993090520796,12,7.782231737991928
enc0_mlp,RMSE U500,120,4.700242718060811,4.697249452273051,-0.0029932657877604165,-0.005113626519838969,0.0010323832432428993,-0.06368321738489612,-0.008045948143188788,-0.01374551300138419,0.0027750633014265035,0.003971490599246568,-0.06400165849667301,share,15,False,-0.03588001915613781,12,12.893167320309653
enc1_attn,RMSE U500,120,4.700242718060811,4.696638027826945,-0.0036046902338663736,-0.008106406529744467,0.001655708750088997,-0.07669157637360413,-0.009689467207537316,-0.02179015536563221,0.004450572614671624,0.005615009663595096,-0.07707506439206793,share,12,False,-0.599008135922279,12,47.851588398682004
enc1_mlp,RMSE U500,120,4.700242718060811,4.703434586524963,0.003191868464152018,-0.00984644889831543,0.012151214480400076,0.0679085880371066,0.008579795435293419,-0.02646741814721382,0.03266266630442279,0.0045053378913511985,0.06824815766253925,share,14,False,-0.05295582164025232,12,13.3420067916655
enc2_attn,RMSE U500,120,4.700242718060811,4.702939589818318,0.0026968717575073242,0.0011405120293299358,0.004590135812759398,0.0573772870738041,0.007249236067997025,0.0030657152739976355,0.012338361287752075,0.003174778524054805,0.05766419605605753,share,16,True,-0.15376440140976355,12,16.360896232659268
enc2_mlp,RMSE U500,120,4.700242718060811,4.704163511594136,0.003920793533325195,0.000764171282450358,0.008700493971506754,0.08341683118319485,0.010539158125643025,0.0020541050969316004,0.023387072274409452,0.006464700581700804,0.08383394811845166,share,9,True,-0.0005740504865142683,12,12.013785125034076
downsample,RMSE U500,120,4.700242718060811,4.7095277309417725,0.0092850128809611,-0.0040269007285435995,0.020799636840820312,0.19754326399535038,0.02495826880944945,-0.010824376028389062,0.055909769223538915,0.02088381126550723,0.1985310579416034,share,3,False,-0.15966165544640398,12,16.559924886861214
dec0_attn,RMSE U500,120,4.700242718060811,4.700731039047241,0.0004883209864298502,-0.0030443271001180014,0.0041253040234247845,0.010389271697681984,0.0013126149205029607,-0.008183201798721892,0.011088885719098926,0.0,0.01044122213872152,share,19,False,0.3808324868654391,12,5.380819345061352
dec0_mlp,RMSE U500,120,4.700242718060811,4.704834421475728,0.004591703414916992,0.0021196136871973674,0.007507675886154172,0.09769077237805712,0.012342575028383035,0.00569755678914947,0.020180757453237018,0.008268117484440814,0.09817926462835273,share,8,True,-0.3077938733810164,12,22.67175322071442
dec1_attn,RMSE U500,120,4.700242718060811,4.701795021692912,0.001552303632100423,-0.0007483979066212973,0.0041204243898391715,0.03302603131824775,0.004172617940389629,-0.0020117060007729505,0.011075769182990391,9.816039644740956e-05,0.03319117445269397,share,18,False,0.0693864964965282,12,10.442774505408126
dec1_mlp,RMSE U500,120,4.700242718060811,4.698394854863484,-0.0018478631973266602,-0.0053622464338938395,0.0032718122005462582,-0.03931420797113722,-0.004967086959732214,-0.014413807458905867,0.008794685526253926,0.0008926294157899943,-0.03951079445983944,share,17,False,0.025174932519758435,12,11.410638749243358
dec2_attn,RMSE U500,120,4.700242718060811,4.704160451889038,0.0039177338282267255,-0.0005381385485331218,0.006972293059031163,0.08335173443645211,0.010530933587529368,-0.001446525354698954,0.01874163952344951,0.006456476043587148,0.0837685258623949,share,10,False,-0.017843840559724832,12,12.436032670891615
dec2_mlp,RMSE U500,120,4.700242718060811,4.703581730524699,0.0033390124638875327,8.88595978418986e-05,0.0076633979876836135,0.07103914976682559,0.008975320950032003,0.0002388560745871701,0.020599341048044253,0.004900863406089783,0.0713943734310872,share,13,True,-0.002434846071836183,12,12.058578936417296
upsample,RMSE U500,120,4.700242718060811,4.707274953524272,0.007032235463460286,0.002032966415087382,0.012075481812159217,0.1496143047344923,0.018902765701948893,0.005464647482867208,0.0324590956345869,0.014828308158006672,0.150362435050356,share,5,True,0.07749670225191559,12,10.2738500728969
decoder_io,RMSE U500,120,4.700242718060811,4.723730365435283,0.023487647374471027,0.01009298861026764,0.04149603446324663,0.4997113720153025,0.06313518617466132,0.027130120986940044,0.11154202971366096,0.059060728630719095,0.5022101252411383,share,2,True,-0.4713536368012382,12,33.39896927461964
decoder_heads,RMSE U500,120,4.700242718060811,4.708184003829956,0.007941285769144693,-0.007764646410942077,0.02395276725292205,0.1689548018154485,0.021346308019171305,-0.020871498491077986,0.06438543613164334,0.017271850475229084,0.16979964221672691,share,4,False,-0.17503140213205723,12,17.092016425868625
film,RMSE U500,120,4.700242718060811,4.705548246701558,0.00530552864074707,0.0014724145332972209,0.008963761727015176,0.11287775885190847,0.014261349089080829,0.003957874716181135,0.02409474037299797,0.010186891545138608,0.11344219200242657,share,7,True,0.03890370165530488,12,11.101274893679122
cond_embed,RMSE U500,120,4.700242718060811,4.706963221232097,0.006720503171284993,-0.000274317463239034,0.018659066160519915,0.14298204527739122,0.018064824124005553,-0.0007373698964580641,0.05015587968892005,0.013990366580063331,0.14369701168976765,share,6,False,-0.10840937562130909,12,14.918183461972262
encoder_io,RMSE MSLP,120,280.2954978942871,281.9206364949544,1.6251386006673176,-1.4827168782552083,4.459527428944905,0.5797947569176567,0.040402636372119646,-0.03686188418043297,0.11086849148076978,0.03463357965261682,0.41505368120511155,share,2,False,0.13199924236397265,12,9.201427617460597
enc0_attn,RMSE MSLP,120,280.2954978942871,281.2991091410319,1.0036112467447917,0.28498922983805336,1.7751029968261716,0.3580547152146203,0.024950819729806027,0.007085128750488893,0.044130907280387245,0.0191817630103032,0.25631816405642677,share,3,True,0.4347530215642844,12,4.727617673063514
enc0_mlp,RMSE MSLP,120,280.2954978942871,280.2030881245931,-0.09240976969401042,-0.6663411458333333,0.6780983289082841,-0.032968695675897934,-0.0022974030157460585,-0.016565934132529356,0.016858229935695083,0.0,-0.02360107321004262,share,18,False,0.0989340686449233,12,9.839344765781979
enc1_attn,RMSE MSLP,120,280.2954978942871,280.27333958943683,-0.022158304850260418,-0.7479578653971354,0.9491767883300781,-0.007905337408814671,-0.0005508785116051245,-0.018595010693179335,0.023597522461166993,0.0,-0.005659139468836209,share,19,False,-0.4543050713820805,12,31.980617633344607
enc1_mlp,RMSE MSLP,120,280.2954978942871,280.05048751831055,-0.2450103759765625,-2.0976593653361,0.8951768875122068,-0.08741145605876541,-0.006091212850345564,-0.05214999418230859,0.02225502874648991,0.00032215613084273523,-0.06257463728986778,share,14,False,-0.31698136135236116,12,23.13813334218733
enc2_attn,RMSE MSLP,120,280.2954978942871,280.6917432149251,0.3962453206380208,0.188155460357666,0.7405190785725908,0.14136699433804817,0.009851070916239463,0.004677740497418505,0.01841007471356604,0.004082014196736634,0.10119941703653962,share,9,True,-0.5201704989222055,12,38.01776661520629
enc2_mlp,RMSE MSLP,120,280.2954978942871,280.6344935099284,0.33899561564127606,-0.09417088826497395,0.878769747416178,0.12094222639606135,0.00842778368864865,-0.002341186255650402,0.021847130174064103,0.002658726969145821,0.08657807901832475,share,12,False,0.37139086839911656,12,5.500481119592281
downsample,RMSE MSLP,120,280.2954978942871,281.05153783162433,0.7560399373372396,-1.103897221883138,2.4110122044881175,0.2697296042986672,0.018795939410025553,-0.027444033407134392,0.05994027176923666,0.013026882690522722,0.19308947495373696,share,5,False,-0.0706917437729896,12,13.825661010954482
dec0_attn,RMSE MSLP,120,280.2954978942871,280.77876408894855,0.4832661946614583,-0.01567907333374023,1.1367866516113276,0.17241311340780835,0.012014500379122987,-0.000389798075250188,0.028261698847638225,0.006245443659620158,0.12342418856696971,share,7,False,0.19933489115599187,12,8.01109129483204
dec0_mlp,RMSE MSLP,120,280.2954978942871,280.8398208618164,0.5443229675292969,0.1683801015218099,1.0733856201171874,0.1941961150352073,0.013532435274781386,0.004186104502897669,0.026685483243613303,0.007763378555278558,0.1390178359831931,share,6,True,-0.3051747310421023,12,22.541058122418768
dec1_attn,RMSE MSLP,120,280.2954978942871,280.3930155436198,0.0975176493326823,-0.17675660451253256,0.45824060440063435,0.03479101521975244,0.002424390217692448,-0.004394353081982045,0.011392338169148681,0.0,0.024905604556669216,share,17,False,-0.3190655639057823,12,23.245684059778156
dec1_mlp,RMSE MSLP,120,280.2954978942871,280.05150477091473,-0.24399312337239584,-0.7489266713460286,0.4279450098673501,-0.08704853456633733,-0.006065922892278073,-0.018619096216993862,0.010639158170160996,0.0002968661727752444,-0.06231483517951149,share,15,False,0.004803863586319474,12,11.885258476554652
dec2_attn,RMSE MSLP,120,280.2954978942871,280.6678632100423,0.3723653157552083,-0.10432761510213216,0.737722365061442,0.13284741230329897,0.00925738915060511,-0.0025936930516640773,0.018340545506037805,0.0034883324311022804,0.09510056249592537,share,11,False,0.09543635971186995,12,9.90907740757543
dec2_mlp,RMSE MSLP,120,280.2954978942871,280.5417289733887,0.2462310791015625,-0.18920783996582033,0.8265727043151851,0.0878469618496791,0.0061215608000265535,-0.004703903749350515,0.020549457377883325,0.00035250408052372453,0.06288639982229535,share,13,False,-0.17263306880291346,12,17.007685822389938
upsample,RMSE MSLP,120,280.2954978942871,280.41052118937176,0.11502329508463542,-0.4723544120788574,0.546960608164469,0.04103644045257417,0.002859598783586385,-0.011743222111733717,0.013598009765116813,0.0,0.029376474123263274,share,16,False,0.14685934030941886,12,8.926716255826873
decoder_io,RMSE MSLP,120,280.2954978942871,280.70937220255536,0.4138743082682292,-0.9704075495402018,2.106966431935628,0.14765642380182684,0.010289345889549084,-0.0241253412728817,0.05238137754084639,0.004520289170046255,0.10570178760901439,share,8,False,-0.4482512027570077,12,31.498055854266422
decoder_heads,RMSE MSLP,120,280.2954978942871,282.4203351338704,2.1248372395833335,-0.2872576395670573,4.771008682250974,0.7580704133837752,0.05282566441137537,-0.00714152377635702,0.11861223949640959,0.047056607691872546,0.5426746481122495,share,1,False,-0.08019099463352372,12,14.092373373141486
film,RMSE MSLP,120,280.2954978942871,280.6904106140137,0.3949127197265625,-0.021022669474283856,0.777570343017578,0.14089156718296741,0.00981794107117105,-0.0005226454346675292,0.019331207695013515,0.004048884351668221,0.10085907627197287,share,10,False,0.10946993919998545,12,9.63195157617869
cond_embed,RMSE MSLP,120,280.2954978942871,281.29902267456055,1.0035247802734375,-0.21292079289754232,2.8028497695922847,0.3580238668877639,0.02494867008337029,-0.005293432429683473,0.0696817612971697,0.019179613363867462,0.2562960808770465,share,4,False,0.11430447874653382,12,9.53809883901506
encoder_io,RMSE T2M,120,1.6144042015075684,1.6365188360214233,0.02211463451385498,0.002391160031159719,0.03396922846635183,1.3698325669125377,0.27805980286263027,0.03006540698019299,0.42711431494975766,0.26886511278123143,1.3985753722088263,share,2,True,0.5545703314178583,12,3.438349436471368
enc0_attn,RMSE T2M,120,1.6144042015075684,1.6032712558905284,-0.011132945617039999,-0.014380275209744772,-0.007557526230812073,-0.689600882272469,-0.13998081956159367,-0.1808113304982211,-0.09502505015636555,0.13078612948019483,-0.7040705805188621,share,3,True,0.10981769590456342,12,9.625173295185801
enc0_mlp,RMSE T2M,120,1.6144042015075684,1.6108947197596233,-0.00350948174794515,-0.005018025636672974,-0.0013414338231086738,-0.2173855682900177,-0.044126698199432275,-0.06309447340939499,-0.01686660587463816,0.03493200811803346,-0.2219469075474614,share,7,True,0.06620753143846357,12,10.509689054269417
enc1_attn,RMSE T2M,120,1.6144042015075684,1.6160468657811482,0.0016426642735799153,-2.313653628031413e-05,0.0033425832788149517,0.10175049544878272,0.020654146637375092,-0.00029090875153273295,0.042028189386395236,0.011459456555976275,0.1038854970176803,share,11,False,-0.3180957149306424,12,23.195555337445818
enc1_mlp,RMSE T2M,120,1.6144042015075684,1.6062280535697937,-0.008176147937774658,-0.012822545319795608,-0.0042693965137004936,-0.5064498673962555,-0.10280333063288856,-0.16122511188623706,-0.05368153618809316,0.09360864055148975,-0.5170765602363239,share,4,True,0.20377076454826093,12,7.937350787054942
enc2_attn,RMSE T2M,120,1.6144042015075684,1.61500883102417,0.0006046295166015625,-8.258422215779621e-05,0.0014657293756802877,0.0374521768487065,0.007602348756242275,-0.001038378116462823,0.01842944413104758,0.0,0.03823802517286397,share,17,False,-0.3412214476863854,12,24.431058533573342
enc2_mlp,RMSE T2M,120,1.6144042015075684,1.6154055098692577,0.0010013083616892497,-0.00027260382970174156,0.0029800487061341597,0.06202339914342422,0.012590016148880128,-0.003427602074950636,0.037469837235137526,0.0033953260674813124,0.06332481840330612,share,14,False,0.5072410073261509,12,3.9231336483977817
downsample,RMSE T2M,120,1.6144042015075684,1.616238425175349,0.0018342236677805583,-0.003881299744049708,0.008257887264092758,0.11361613566588327,0.023062731204058513,-0.04880177608203705,0.10383108539627366,0.013868041122659698,0.11600011057262799,share,9,False,-0.003448827025594281,12,12.083058302332045
dec0_attn,RMSE T2M,120,1.6144042015075684,1.6150076389312744,0.0006034374237060547,-0.0006398282945156098,0.002391031136115392,0.03737833580602372,0.007587359898284384,-0.008044922891557676,0.030063786309926288,0.0,0.03816263474468403,share,18,False,0.5298586617653169,12,3.687723709264878
dec0_mlp,RMSE T2M,120,1.6144042015075684,1.6156515578428905,0.0012473563353220622,0.0005162167052427928,0.0018638332684834797,0.0772641903531502,0.015683716431388814,0.006490684492401588,0.02343502945430259,0.006489026349989998,0.07888540277964509,share,13,True,-0.5134707435365156,12,37.32899652212647
dec1_attn,RMSE T2M,120,1.6144042015075684,1.6127453247706096,-0.0016588767369588215,-0.0026377576092878976,-0.0006109751760959628,-0.10275473362926853,-0.020857995105602406,-0.033166017750756005,-0.0076821363207593765,0.011663305024203591,-0.10491080684092743,share,10,True,0.3089662680796215,12,6.335079050746122
dec1_mlp,RMSE T2M,120,1.6144042015075684,1.6140097081661224,-0.00039449334144592285,-0.001818782836198807,0.0017954170703887934,-0.024435847049799286,-0.004960187819715052,-0.02286858489868019,0.022574793914669298,0.0,-0.0249485774454456,share,19,False,0.24051238466688202,12,7.346844333557205
dec2_attn,RMSE T2M,120,1.6144042015075684,1.6153682967027028,0.0009640951951344808,0.0006254168848196666,0.001525122175614039,0.05971832792767674,0.012122113966294633,0.00786372008956174,0.019176223383975857,0.0029274238848958174,0.060971380536955756,share,15,True,0.06779342149379038,12,10.476257595242705
dec2_mlp,RMSE T2M,120,1.6144042015075684,1.6152254343032837,0.000821232795715332,-0.0011257673303286234,0.00354235668977101,0.05086909430416779,0.010325824247191055,-0.01415490912790128,0.04454005342976593,0.001131134165792239,0.05193646597315849,share,16,False,0.30656424560682044,12,6.368786747913375
upsample,RMSE T2M,120,1.6144042015075684,1.6115217506885529,-0.002882450819015503,-0.005139923344055812,-0.0006781652569770851,-0.17854579518089728,-0.0362426838207313,-0.06462716220255786,-0.00852695519544727,0.027047993739332483,-0.1822921705783828,share,8,True,0.23118102434449303,12,7.493477827745202
decoder_io,RMSE T2M,120,1.6144042015075684,1.6201689839363098,0.005764782428741455,0.003091817100842794,0.009618304669857023,0.35708420625752624,0.0724838687556668,0.038875164453160714,0.12093638258853379,0.06328917867426799,0.3645768021139476,share,6,True,-0.08822644472886651,12,14.322325166431412
decoder_heads,RMSE T2M,120,1.6144042015075684,1.6377945244312286,0.02339032292366028,0.013319676121075949,0.033556987593571334,1.4488517127134486,0.2940997544848183,0.16747581851737534,0.4219309773845156,0.28490506440341945,1.4792525541648813,share,1,True,-0.024938642354576705,12,12.613835644102608
film,RMSE T2M,120,1.6144042015075684,1.615976611773173,0.001572410265604655,0.0003261794646581014,0.0028389193117618556,0.09739879666667751,0.01977080327505672,0.004101238823723149,0.035695337568290235,0.010576113193657906,0.09944248778360937,share,12,True,0.12559568979875538,12,9.322043267854863
cond_embed,RMSE T2M,120,1.6144042015075684,1.6207088728745778,0.0063046713670094805,0.002124752849340439,0.01027736961841583,0.39052619914653536,0.07927219761764595,0.02671571886251471,0.1292231788073507,0.07007750753624714,0.3987204987830728,share,5,True,0.06565987409494334,12,10.521257094702017
encoder_io,SpecDiv> Z500,120,0.0016760487778810784,0.0016083584972269211,-6.76902806541572e-05,-0.00015114660903539818,-1.9629749779899928e-05,-4.038682020921474,-0.1863179532984804,-0.4160320591277008,-0.05403101844766295,0.17208891787055913,-0.6340202204285501,colmax,3,True,0.3949685600595265,12,5.204688827521578
enc0_attn,SpecDiv> Z500,120,0.0016760487778810784,0.0017641552355295669,8.810645764848839e-05,6.049355276142403e-05,0.00012076198860692482,5.256795554594525,0.24251361794933582,0.1665089113139901,0.3323981868010587,0.2282845825214146,0.82524810297182,colmax,2,True,0.2811372945193899,12,6.733355201405981
enc0_mlp,SpecDiv> Z500,120,0.0016760487778810784,0.0016952251753536984,1.917639747262001e-05,-1.9841276904723293e-06,3.72851985351493e-05,1.1441431613263373,0.052783163169190996,-0.005461324828307405,0.10262776003086156,0.03855412774126976,0.17961550218316802,colmax,16,False,0.5849576962414533,12,3.142359986587192
enc1_attn,SpecDiv> Z500,120,0.0016760487778810784,0.0017013829686523725,2.5334190771294136e-05,1.028151224697164e-05,3.687433369729357e-05,1.5115425699795286,0.06973253068778466,0.028299931691173563,0.10149685179807245,0.05550349525986343,0.23729240094690573,colmax,15,True,-0.2808323253716963,12,21.371911512018688
enc1_mlp,SpecDiv> Z500,120,0.0016760487778810784,0.0017177759097345795,4.1727131853501e-05,8.636592489589625e-06,7.071006378585783e-05,2.4896132143751775,0.11485421139973749,0.023772278982780965,0.1946299267024373,0.10062517597181626,0.390836691470906,colmax,7,True,0.34638812539537633,12,5.825469155079061
enc2_attn,SpecDiv> Z500,120,0.0016760487778810784,0.0017057435422126825,2.9694764331604045e-05,1.3975864082264403e-05,4.445972517714835e-05,1.7717124181281432,0.08173503877480813,0.038468659994030124,0.12237569292321226,0.06750600334688689,0.27813566209436563,colmax,13,True,-0.1954559112210916,12,17.830559113827867
enc2_mlp,SpecDiv> Z500,120,0.0016760487778810784,0.0017106659264148523,3.461714853377392e-05,1.1441170136095026e-05,5.6088523706421256e-05,2.06540221207274,0.09528393443654799,0.03149189783963473,0.1543840391784799,0.08105489900862677,0.32424111603448147,colmax,11,True,0.18166727797264037,12,8.31028568479636
downsample,SpecDiv> Z500,120,0.0016760487778810784,0.0017020579737921555,2.600919591107716e-05,-9.829218106460757e-06,5.966402835232048e-05,1.5518161675436992,0.07159048688023847,-0.027054989023858625,0.1642256397922637,0.05736145145231724,0.24361482867773762,colmax,14,False,0.36353378463304153,12,5.601324052604208
dec0_attn,SpecDiv> Z500,120,0.0016760487778810784,0.0017062243471931045,3.0175569312026102e-05,1.075520218970875e-05,4.8924850367863346e-05,1.800399231230916,0.08305845772095859,0.02960376644818653,0.1346659800769325,0.06882942229303736,0.282639116308536,colmax,12,True,0.2545538013206369,12,7.130307504338044
dec0_mlp,SpecDiv> Z500,120,0.0016760487778810784,0.001717906309446941,4.1857531565862395e-05,2.5302922707245065e-05,5.9069745475426316e-05,2.497393400374672,0.11521313748606911,0.06964646513094358,0.16258987217196127,0.10098410205814788,0.3920580788484765,colmax,6,True,0.31768235059771704,12,6.213797877093293
dec1_attn,SpecDiv> Z500,120,0.0016760487778810784,0.001716842549891832,4.079377201075355e-05,1.7101477715186773e-05,6.16625271504745e-05,2.433925107020245,0.11228513214772207,0.04707193256521805,0.16972652119123394,0.09805609671980083,0.38209438744263113,colmax,8,True,-0.030244915383007293,12,12.748516796360871
dec1_mlp,SpecDiv> Z500,120,0.0016760487778810784,0.0016904757067095488,1.4426928828470409e-05,-1.691028834708656e-06,2.685130760558725e-05,0.860770224522311,0.03971021874524266,-0.004654568254213333,0.07390840498980386,0.025481183317321427,0.1351296597907081,colmax,17,False,-0.053560481489541706,12,13.358197254666724
dec2_attn,SpecDiv> Z500,120,0.0016760487778810784,0.0017119530724206318,3.5904294539553426e-05,1.939487592608202e-05,4.8386654937833845e-05,2.142198664703836,0.09882681248455653,0.053384526583487295,0.13318459353179438,0.0845977770566353,0.3362971540124822,colmax,10,True,-0.03440952537267605,12,12.855257617638534
dec2_mlp,SpecDiv> Z500,120,0.0016760487778810784,0.0017167286132462323,4.067983536515385e-05,2.494829398832129e-05,6.121458621540417e-05,2.4271271756531316,0.11197152076350737,0.06867034719418508,0.16849356075120678,0.09774248533558615,0.3810272011869397,colmax,9,True,-0.19850965120294803,12,17.94421584242572
upsample,SpecDiv> Z500,120,0.0016760487778810784,0.0016792725558237482,3.2237779426698885e-06,-2.0063740642702517e-05,2.825948892374678e-05,0.19234392132342984,0.008873470494765197,-0.05522558121983922,0.07778443355013938,0.0,0.030195478317886566,colmax,18,False,0.08021762685716487,12,10.217745205497813
decoder_io,SpecDiv> Z500,120,0.0016760487778810784,0.0017246333639680718,4.858458608699342e-05,-2.2553081362275406e-05,0.00011178619364121307,2.8987572872679648,0.1337294003526413,-0.06207750831263821,0.30769225071870465,0.11950036492472008,0.45506695618071175,colmax,4,False,-0.21925968821263997,12,18.740054839817933
decoder_heads,SpecDiv> Z500,120,0.0016760487778810784,0.0016737606735356774,-2.2881043454011283e-06,-3.673914955773701e-05,2.918379541370083e-05,-0.13651776580714034,-0.006298022617850015,-0.10112475654366983,0.08032859338762949,0.0,-0.021431502535004653,colmax,19,False,-0.41728039376839654,12,29.186189280992092
film,SpecDiv> Z500,120,0.0016760487778810784,0.0017203294846694916,4.4280706788413227e-05,2.7666830889453804e-05,6.609229033832279e-05,2.64197005318631,0.12188294360278422,0.07615313832003774,0.1819194741939507,0.10765390817486299,0.4147547211712961,colmax,5,True,0.30691322464614496,12,6.363881815105323
cond_embed,SpecDiv> Z500,120,0.0016760487778810784,0.001782812377011093,0.00010676359913001458,4.596027356456034e-05,0.00019419968011789022,6.369957756539103,0.2938675255065894,0.12650596246362622,0.5345359271835538,0.27963849007866814,1.0,colmax,1,True,0.24212282708418956,12,7.32176067993098
encoder_io,SpecDiv< Z500,120,0.0016626099143953372,0.0015882401154764618,-7.436979891887556e-05,-0.00015300333992248247,-3.0224159733431123e-05,-4.473075630967988,-0.2057824705019556,-0.42336278626548396,-0.0836307526604406,0.1915983743264177,-0.7048814497828159,colmax,3,True,0.34633747624677486,12,5.826139748338223
enc0_attn,SpecDiv< Z500,120,0.0016626099143953372,0.0017494461693180103,8.68362549226731e-05,5.760952869119743e-05,0.0001224961592621791,5.222888073192681,0.24027736160235746,0.15940652403080538,0.3389489099932792,0.22609326542681954,0.8230392733799455,colmax,2,True,0.2678202031475796,12,6.930129004425006
enc0_mlp,SpecDiv< Z500,120,0.0016626099143953372,0.0016808761477780838,1.8266233382746577e-05,-3.769046937425931e-06,3.717105719260868e-05,1.0986481690378764,0.050542971567896194,-0.010429015561375739,0.10285293346844178,0.03635887539235828,0.17312846418943026,colmax,16,False,0.6281870511006956,12,2.740321134341041
enc1_attn,SpecDiv< Z500,120,0.0016626099143953372,0.0016851701754300545,2.256026103471716e-05,7.279393806432685e-06,3.341897002731758e-05,1.3569184713373936,0.06242461749771927,0.020142203730823278,0.09247084587863233,0.04824052132218135,0.21382751784735682,colmax,15,True,-0.2540950882192207,12,20.17568301394103
enc1_mlp,SpecDiv< Z500,120,0.0016626099143953372,0.0017006290678788598,3.801915348352244e-05,5.2224821653605124e-06,6.509328316800141e-05,2.2867151912389114,0.10519963001065177,0.01445069501011551,0.1801141971354038,0.09101553383511386,0.36034783496206174,colmax,8,True,0.4162934543291495,12,4.945640698006327
enc2_attn,SpecDiv< Z500,120,0.0016626099143953372,0.001690830642473884,2.8220728078546625e-05,1.176631606843633e-05,4.448925246833823e-05,1.6973751830903776,0.07808722395097523,0.03255759225476597,0.12310250151014243,0.06390312777543732,0.2674777666621305,colmax,13,True,-0.15062210284995223,12,16.255974261313106
enc2_mlp,SpecDiv< Z500,120,0.0016626099143953372,0.0016954181871066492,3.280827271131178e-05,8.87764836079441e-06,5.612210031055535e-05,1.9732994749549286,0.09078103624833236,0.024564600664373177,0.1552907849631613,0.07659694007279445,0.3109587920070323,colmax,11,True,0.16352470072652603,12,8.626979371399647
downsample,SpecDiv< Z500,120,0.0016626099143953372,0.0016872380947461352,2.4628180350797873e-05,-1.1439276204328052e-05,5.869708572087498e-05,1.4812963725020685,0.0681465846382516,-0.03165266751156158,0.16241581241980507,0.05396248846271369,0.23342738213020756,colmax,14,False,0.34370822071609053,12,5.861020443269963
dec0_attn,SpecDiv< Z500,120,0.0016626099143953372,0.0016911364121673007,2.8526497771963477e-05,8.863067826799427e-06,4.781082073653427e-05,1.7157661292028368,0.07893329377811813,0.024524256084310532,0.13229333615144467,0.06474919760258022,0.27037587030001214,colmax,12,True,0.2354449578193895,12,7.4261993204140575
dec0_mlp,SpecDiv< Z500,120,0.0016626099143953372,0.0017023151885950938,3.970527419975648e-05,2.200170056312345e-05,5.7321623899042606e-05,2.3881292813171155,0.10986515407546275,0.06087907138302999,0.15860988668257753,0.09568105789992486,0.3763289890359669,colmax,6,True,0.3320526470261055,12,6.017305887707642
dec1_attn,SpecDiv< Z500,120,0.0016626099143953372,0.0017005623861526449,3.795247175730765e-05,1.3333191115331525e-05,5.9580010323164356e-05,2.2827045254996157,0.10501512056518746,0.03689316156926259,0.16485887947884414,0.09083102438964953,0.3597158215301097,colmax,9,True,0.01923516227353465,12,11.547068319802591
dec1_mlp,SpecDiv< Z500,120,0.0016626099143953372,0.0016758344863774255,1.3224571982088188e-05,-3.274842432195631e-06,2.629346721126542e-05,0.7954103886658066,0.036592610621061464,-0.009061543475960753,0.07275446107765504,0.02240851444552355,0.12534329266722816,colmax,17,False,-0.03378150939509424,12,12.839102370080584
dec2_attn,SpecDiv< Z500,120,0.0016626099143953372,0.0016967396174247067,3.412970302936932e-05,1.700527427601628e-05,4.7085875606474764e-05,2.0527787506777684,0.0944374559159812,0.047053876747726646,0.13028740091952698,0.08025335974044327,0.32348338844160673,colmax,10,True,-0.011743234760489468,12,12.285186648009885
dec2_mlp,SpecDiv< Z500,120,0.0016626099143953372,0.001701483716412137,3.887380201679965e-05,2.1673575004873177e-05,6.032298236580875e-05,2.338119223289811,0.10756445671645613,0.0599711425060778,0.16691469547770177,0.09338036054091824,0.368448245423684,colmax,7,True,-0.13101103149538498,12,15.618302268324527
upsample,SpecDiv< Z500,120,0.0016626099143953372,0.0016663564844445016,3.746570049164196e-06,-1.8730262915293376e-05,2.778419414729189e-05,0.22534269865260365,0.010366821637727489,-0.05182694900203595,0.07687932730290817,0.0,0.035510217404896856,colmax,19,False,0.10250946172970965,12,9.76852066407374
decoder_io,SpecDiv< Z500,120,0.0016626099143953372,0.0017329574232765783,7.034750888124108e-05,5.63862704439089e-07,0.00013434372764701638,4.23114936775926,0.19465272707044895,0.0015602174811573917,0.37173132875888776,0.18046863089491103,0.6667579416600157,colmax,4,True,-0.23371957890982586,12,19.3201268614636
decoder_heads,SpecDiv< Z500,120,0.0016626099143953372,0.0016577647572072844,-4.845157188052933e-06,-4.1393925008984904e-05,2.8413482747661555e-05,-0.2914187595119107,-0.013406630522363603,-0.11453767894966885,0.07862057932624693,0.0,-0.045922692716512996,colmax,18,False,-0.3361200599389949,12,24.15111491061862
film,SpecDiv< Z500,120,0.0016626099143953372,0.0017053679621312767,4.275804773593942e-05,2.4964668167134126e-05,6.595809099962933e-05,2.571742617779937,0.11831222922278137,0.06907765202240596,0.1825071347887106,0.10412813304724347,0.405263361151058,colmax,5,True,0.2916257954130473,12,6.581233113515725
cond_embed,SpecDiv< Z500,120,0.0016626099143953372,0.0017681167325160156,0.00010550681812067826,4.536282358458266e-05,0.00019229202322700677,6.345855224798734,0.2919391204937513,0.1255196873177311,0.53207522640524,0.2777550243182134,1.0,colmax,1,True,0.24440550314873438,12,7.286317795342843
encoder_io,SpecRes Z500,120,0.00042895021276005235,0.0003960769220915002,-3.287329066855212e-05,-4.859557520831004e-05,-2.14161381639618e-05,-7.663661117459545,-0.3416139574132027,-0.5049974134643846,-0.222553068521909,0.33242167134755396,-2.8224061528907742,share,2,True,0.6414477537432187,12,2.621239052701802
enc0_attn,SpecRes Z500,120,0.00042895021276005235,0.00043896857581178966,1.0018363051737348e-05,6.12536405242281e-06,1.3501972716767341e-05,2.335553813407584,0.1041092199564986,0.06365379954330236,0.14031033215279679,0.09491693389084982,0.8601478265200542,share,4,True,-0.28609119341891676,12,21.617739098830075
enc0_mlp,SpecRes Z500,120,0.00042895021276005235,0.0004298799382619715,9.297255019191653e-07,-4.895408558998801e-06,5.999391032673881e-06,0.21674438530684173,0.009661558108705488,-0.05087229957765896,0.06234470815243374,0.00046927204305670156,0.07982355656369981,share,15,False,0.216303007214041,12,7.731925233805294
enc1_attn,SpecRes Z500,120,0.00042895021276005235,0.00042676703863738413,-2.183174122668182e-06,-7.103394758208499e-06,1.486998795977948e-06,-0.5089574635295526,-0.022687194880682836,-0.07381733757311994,0.015452652686475575,0.013494908815034047,-0.18744104868531516,share,8,False,0.0160119304291402,12,11.621769864319358
enc1_mlp,SpecRes Z500,120,0.00042895021276005235,0.00042572780754805234,-3.2224052120000124e-06,-8.927862412141015e-06,1.5476931973050037e-07,-0.7512305895049346,-0.03348671746796985,-0.09277691243638445,0.0016083379157981383,0.024294431402321064,-0.2766664399118616,share,7,False,-0.09342757782842236,12,14.473340036652655
enc2_attn,SpecRes Z500,120,0.00042895021276005235,0.0004299793084404276,1.029095680375273e-06,-5.08604577286557e-06,6.726232944250416e-06,0.23991028556755423,0.01069419704508436,-0.052853370889195006,0.06989793257194615,0.001501910979435574,0.0883551941754061,share,14,False,-0.05325430310941639,12,13.349996391664302
enc2_mlp,SpecRes Z500,120,0.00042895021276005235,0.00043109550582206185,2.145293062009538e-06,-3.8535268079916325e-06,6.646543503544909e-06,0.5001263545728976,0.022293540981744495,-0.04004523173991906,0.06906981270168637,0.013101254916095706,0.18418868980956485,share,9,False,-0.11329583449894157,12,15.066524477685395
downsample,SpecRes Z500,120,0.00042895021276005235,0.00042892030978691764,-2.9902973134691514e-08,-6.2191479628381785e-06,5.661703835357906e-06,-0.0069711990448221885,-0.0003107468946129869,-0.0646283868793164,0.058835517028064804,0.0,-0.0025673832357105525,share,19,False,0.17005738483461097,12,8.511814472580275
dec0_attn,SpecRes Z500,120,0.00042895021276005235,0.00043049596933997236,1.5457565799200286e-06,-4.071499339867539e-06,6.491439247232236e-06,0.360358040149685,0.016063254141123563,-0.042310367286350306,0.06745799417871472,0.006870968075474777,0.1327142124597605,share,12,False,-0.06711209610284576,12,13.726563609346433
dec0_mlp,SpecRes Z500,120,0.00042895021276005235,0.00043230060691712424,3.3503941570719085e-06,-3.146388189634308e-06,8.307381540362255e-06,0.7810683052268501,0.034816758031051616,-0.032696760779333305,0.0863289748616314,0.025624471965402826,0.28765520248251875,share,6,False,0.030433120296638864,12,11.291176814164253
dec1_attn,SpecRes Z500,120,0.00042895021276005235,0.0004288179431265841,-1.322696334682405e-07,-6.206658630010982e-06,3.5915933646416907e-06,-0.030835661000646233,-0.0013745247894487585,-0.06449859973827332,0.03732326146125631,0.0,-0.01135629015985615,share,18,False,0.016280689342997028,12,11.61552300626264
dec1_mlp,SpecRes Z500,120,0.00042895021276005235,0.0004287544276545911,-1.9578510546125472e-07,-6.600461286628463e-06,5.303052603267133e-06,-0.0456428507638423,-0.0020345673742715176,-0.06859093370396376,0.05510847102098959,0.0,-0.016809545836761607,share,16,False,0.043063933461815036,12,11.009136094224472
dec2_attn,SpecRes Z500,120,0.00042895021276005235,0.00043004826511605643,1.098052356004094e-06,-5.153216079634149e-06,5.816341217723674e-06,0.25598596838051374,0.011410783744272197,-0.053551393930065215,0.06044248387195684,0.0022184976786234103,0.0942756159409053,share,13,False,-0.04183725191984507,12,13.047936843806712
dec2_mlp,SpecRes Z500,120,0.00042895021276005235,0.00043087435551569797,1.924142755645638e-06,-2.863775474300686e-06,6.283012589847201e-06,0.4485701833004968,0.01999538251316178,-0.029759894827158708,0.06529205782699372,0.010803096447512994,0.16520136080473655,share,10,False,-0.01676610321785858,12,12.409247970951272
upsample,SpecRes Z500,120,0.00042895021276005235,0.00042913565630442463,1.8544354437229535e-07,-5.056559499886741e-06,4.5274206361985606e-06,0.04323195066837032,0.0019270995322154913,-0.052546954275682685,0.04704822818013644,0.0,0.015921649156679707,share,17,False,-0.04183556948748616,12,13.047892862358298
decoder_io,SpecRes Z500,120,0.00042895021276005235,0.00047958572273879935,5.0635509978746995e-05,3.0443859153213755e-05,7.531069198497183e-05,11.804519142894483,0.5261960879998919,0.31636769525506,0.7826166167515631,0.5170038019342431,4.3474191969316545,share,1,True,0.4361949474201591,12,4.710823306481663
decoder_heads,SpecRes Z500,120,0.00042895021276005235,0.0004215753469907213,-7.374865769331033e-06,-1.7011857289617185e-05,2.2170240299601562e-06,-1.7192824598169418,-0.07663842072441059,-0.17678448897159735,0.023038957681209025,0.0674461346587618,-0.6331847557937295,share,5,False,-0.06659400303618325,12,13.712283912967356
film,SpecRes Z500,120,0.00042895021276005235,0.00043070712975653197,1.7569169964796554e-06,-3.249768966876824e-06,5.916005284234415e-06,0.4095852954996541,0.018257599279164826,-0.03377107721422717,0.06147817684580315,0.009065313213516038,0.15084383826917203,share,11,False,-0.0687290704165171,12,13.771232879280532
cond_embed,SpecRes Z500,120,0.00042895021276005235,0.00044350503109550726,1.4554818335454911e-05,7.264667025689657e-06,2.4344688184404126e-05,3.393125333078372,0.151251334742753,0.0754932530776162,0.2529860900302447,0.14205904867710423,1.2496348247695739,share,3,True,-0.03690371736125238,12,12.919626866634138
encoder_io,SpecResLog Z500,120,0.6893963370025448,1.0753306637962443,0.3859343267936995,0.3539420711009455,0.4184403906240101,55.98148787266835,9.344388845376502,8.569780171104297,10.131438037881784,9.309144723297733,4.819708653979626,share,3,True,0.04575642328958767,12,10.949894894744522
enc0_attn,SpecResLog Z500,120,0.6893963370025448,1.0471272170178054,0.3577308800152608,0.3166606664568236,0.4015943556194927,51.89045267786799,8.661516254935773,7.667108608844633,9.723555425073462,8.626272132857006,4.467492261000525,share,19,True,0.2551178428748796,12,7.121710472243295
enc0_mlp,SpecResLog Z500,120,0.6893963370025448,1.0608758147277602,0.37147947772521567,0.3348846418258769,0.4176246796594925,53.88474782740896,8.994402536774977,8.108354438340456,10.111687733468038,8.95915841469621,4.639190476894586,share,15,True,0.4396662749148886,12,4.670530120891283
enc1_attn,SpecResLog Z500,120,0.6893963370025448,1.0720610380075268,0.3826647010049819,0.3564049291520039,0.4084170127680702,55.50721413298855,9.26522342103481,8.62941182784562,9.888748197337732,9.229979298956042,4.778876204997754,share,6,True,0.17650276692229425,12,8.399442036828761
enc1_mlp,SpecResLog Z500,120,0.6893963370025448,1.0679129251130184,0.3785165881104738,0.35277439957831364,0.4105234955992677,54.90551193762386,9.164787732448021,8.54150806366624,9.939751161583878,9.129543610369254,4.727072843059358,share,11,True,0.13558722161940645,12,9.134439999927746
enc2_attn,SpecResLog Z500,120,0.6893963370025448,1.068460386543329,0.3790640495407846,0.3486669015304844,0.4130884712812972,54.98492364913528,9.178043077017058,8.442055757209298,10.001855329282415,9.142798954938291,4.73390976947456,share,10,True,0.2920726058218713,12,6.5748075548230505
enc2_mlp,SpecResLog Z500,120,0.6893963370025448,1.0706624839656198,0.3812661469630753,0.3482852016357828,0.41808764088284506,55.30434765882256,9.231361098143191,8.43281389404578,10.122897126857007,9.196116976064424,4.761410479482131,share,7,True,0.14877335602653805,12,8.891849444535316
downsample,SpecResLog Z500,120,0.6893963370025448,1.069351202436162,0.3799548654336172,0.3487150218833033,0.41575616642967705,55.11414045012754,9.199611850547583,8.443220865511147,10.06644657980549,9.164367728468816,4.7450346494598605,share,9,True,0.0637139168146052,12,10.562457462125094
dec0_attn,SpecResLog Z500,120,0.6893963370025448,1.0765321327134274,0.3871357957108826,0.3607018308439469,0.42213283744636043,56.155766274321465,9.373479268198086,8.73345004743974,10.220840966057592,9.338235146119318,4.834713098351662,share,2,True,0.22705478370669854,12,7.559028919230954
dec0_mlp,SpecResLog Z500,120,0.6893963370025448,1.060911201685423,0.37151486468287837,0.3498096486006142,0.40312956735814837,53.88988086275645,8.995259339265706,8.469724384314643,9.760726556144302,8.960015217186939,4.6396324039641526,share,14,True,0.24034600294060782,12,7.349439545982239
dec1_attn,SpecResLog Z500,120,0.6893963370025448,1.0645995410744975,0.3752032040719528,0.33993215301749347,0.4129116321459069,54.424890869498164,9.084562816703341,8.230566700897414,9.997573632813756,9.049318694624574,4.68569392282417,share,12,True,0.20921677613178544,12,7.847557918254007
dec1_mlp,SpecResLog Z500,120,0.6893963370025448,1.0734509982087819,0.38405466120623705,0.3577218025073202,0.4215066909518279,55.70883403240644,9.298877666584906,8.661296466857712,10.205680468758246,9.263633544506138,4.796234607051111,share,5,True,0.28363039531658685,12,6.696970785021638
dec2_attn,SpecResLog Z500,120,0.6893963370025448,1.069621505077141,0.380225168074596,0.35327441193398673,0.4260622970608931,55.153349048501326,9.206156520995073,8.553614553176306,10.315982538188397,9.170912398916306,4.7484103014490024,share,8,True,0.16843642167166514,12,8.540270360336377
dec2_mlp,SpecResLog Z500,120,0.6893963370025448,1.073921398305693,0.3845250613031485,0.3486031344160967,0.4293195444952299,55.77706765531148,9.310267172812459,8.440511803559627,10.394848253101387,9.275023050733692,4.802109159430922,share,4,True,0.18928523292824742,12,8.180188348010859
upsample,SpecResLog Z500,120,0.6893963370025448,1.0473659716546158,0.35796963465207104,0.32818061587919956,0.3943126070054691,51.92508509814576,8.66729707309602,7.946034009899444,9.54724695547187,8.632052951017252,4.47047392837065,share,18,True,0.3581241930591979,12,5.671432496861419
decoder_io,SpecResLog Z500,120,0.6893963370025448,1.0645068441139107,0.37511050711136606,0.33359977697815313,0.4120556988902155,54.41144476373703,9.082318402603919,8.077244801499821,9.9768494509735,9.047074280525152,4.684536284562631,share,13,True,0.02332515419234259,12,11.452956180816209
decoder_heads,SpecResLog Z500,120,0.6893963370025448,1.1154582999667473,0.4260619629642024,0.3870085056134922,0.46040226063060785,61.80217968907335,10.315974448912131,9.37039727190078,11.147434809349047,10.280730326833364,5.320839291726972,share,1,True,-0.2733997238412288,12,21.030540707853653
film,SpecResLog Z500,120,0.6893963370025448,1.0597840914388386,0.37038775443629374,0.34382867765997993,0.4058509537980903,53.72638851646909,8.96796931688497,8.324910838946705,9.82661780065893,8.932725194806203,4.625556581648516,share,16,True,0.05693528492127958,12,10.707161301543184
cond_embed,SpecResLog Z500,120,0.6893963370025448,1.0501795844710655,0.3607832474685209,0.3362742626255019,0.3858629711321308,52.33321213123724,8.735421337749203,8.14200046616907,9.342661154933527,8.700177215670436,4.505611497378966,share,17,True,0.20761877455012695,12,7.873821528603425
encoder_io,SpecDivW1 Z500,120,0.03578672729531304,0.03580884305149281,2.211575617977208e-05,-0.0014290523348272639,0.0010268081538544341,0.061798766892742836,0.002764101429316431,-0.17860775680267657,0.12833392910610653,0.0,0.010610471259803387,colmax,19,False,-0.06544295650649294,12,13.68061539644984
enc0_attn,SpecDivW1 Z500,120,0.03578672729531304,0.0368624819422219,0.0010757546469088554,0.00035424796080416244,0.0016353908474217068,3.0060157164741526,0.13445142607577817,0.0442750990213398,0.20439663659268717,0.11918364286932522,0.5161145597212848,colmax,5,True,0.008261110677529361,12,11.80335782649846
enc0_mlp,SpecDivW1 Z500,120,0.03578672729531304,0.036012480125523307,0.0002257528302102707,-0.00017835032858249417,0.0005994850002468041,0.630828374853482,0.028215346361395346,-0.02229082262196507,0.07492564724291645,0.01294756315494239,0.10830938346825439,colmax,17,False,-0.3360847826368349,12,24.149194012029817
enc1_attn,SpecDivW1 Z500,120,0.03578672729531304,0.036183248912783905,0.00039652161747086474,-3.457210474182676e-05,0.0007827035313851767,1.1080130747881962,0.04955860250478561,-0.004320937676947456,0.09782491415833114,0.03429081929833265,0.19023908528678318,colmax,16,False,-0.35954449340426875,12,25.473329142830366
enc1_mlp,SpecDivW1 Z500,120,0.03578672729531304,0.03687312439250225,0.0010863970971892072,2.714464368350263e-05,0.0017217669240082497,3.0357542566668054,0.13578155522859706,0.003392628666818125,0.21519220852840876,0.12051377202214411,0.5212204856464784,colmax,4,True,0.019354827137463646,12,11.544304064754789
enc2_attn,SpecDivW1 Z500,120,0.03578672729531304,0.03618500997541558,0.0003982826801025366,5.9083660133137074e-05,0.0007692902703328499,1.1129340685888853,0.04977870602273686,0.007384474132185586,0.09614847977620308,0.0345109228162839,0.19108398990085912,colmax,15,True,-0.4123413231433958,12,28.840033415955645
enc2_mlp,SpecDivW1 Z500,120,0.03578672729531304,0.036283157401095494,0.0004964301057824435,6.008428686492206e-05,0.0008566635021042764,1.3871905684079153,0.062045500673588126,0.007509535819294835,0.10706867951345143,0.04677771746713517,0.2381721577634094,colmax,11,True,-0.30425818127471793,12,22.495554750427537
downsample,SpecDivW1 Z500,120,0.03578672729531304,0.036454492982761454,0.0006677656874484204,0.0002475863963504827,0.0011323263234442377,1.8659590801304626,0.08345959668396337,0.030944178732518767,0.14152194406753008,0.06819181347751041,0.32037379040355,colmax,8,True,-0.08291611743088402,12,14.169907089378208
dec0_attn,SpecDivW1 Z500,120,0.03578672729531304,0.036206222511210855,0.0004194952158978222,8.808471958517734e-05,0.0007318225055791548,1.1722089377889637,0.052429919937131676,0.011009123872012,0.09146563279294213,0.03716213673067872,0.2012611233243724,colmax,12,True,-0.39664740137094523,12,27.77773536491447
dec0_mlp,SpecDivW1 Z500,120,0.03578672729531304,0.03646834165389012,0.0006816143585770835,0.00033163029691126415,0.0010279263424801696,1.9046568660844096,0.0851904500786975,0.04144826748160074,0.12847368407326734,0.06992266687224453,0.3270179641682954,colmax,7,True,-0.24603417273714015,12,19.831681400107716
dec1_attn,SpecDivW1 Z500,120,0.03578672729531304,0.03647330730803109,0.0006865800127180448,-1.0542131170731246e-05,0.0012434820371696777,1.9185325527321007,0.08581107419830486,-0.0013175909338208234,0.1554145582150036,0.0705432909918519,0.32940033491431514,colmax,6,False,-0.10132544418507243,12,14.705997009380717
dec1_mlp,SpecDivW1 Z500,120,0.03578672729531304,0.03620451902517776,0.00041779172986472577,-2.9255617889251968e-05,0.0008535661995607789,1.167448832124539,0.05221701253570133,-0.003656465307624408,0.106681568246809,0.03694922932924837,0.20044384222176292,colmax,13,False,-0.22693256526041236,12,19.045157151244567
dec2_attn,SpecDivW1 Z500,120,0.03578672729531304,0.03632627252147889,0.0005395452261658457,5.15632618224928e-05,0.0009448826274468817,1.5076685322843408,0.06743417311635604,0.006444549512357599,0.11809460186810157,0.05216638990990308,0.25885748916118784,colmax,9,True,-0.10825087807606869,12,14.913399082715628
dec2_mlp,SpecDivW1 Z500,120,0.03578672729531304,0.03618503400285051,0.00039830670753746917,4.955063065976304e-05,0.000772302222247808,1.1130012092210373,0.049781709052192424,0.006193004115113784,0.0965249236348482,0.034513925845739465,0.19109551753779483,colmax,14,True,-0.35672286542664156,12,25.30895862778886
upsample,SpecDivW1 Z500,120,0.03578672729531304,0.035701966564642564,-8.476073067048013e-05,-0.0008578783828721862,0.0008438096799429426,-0.23684962855371572,-0.010593680581922282,-0.10722051938904656,0.10546216568143432,0.0,-0.04066563627436109,colmax,18,False,0.17559348314035736,12,8.415220349715542
decoder_io,SpecDivW1 Z500,120,0.03578672729531304,0.034605846135026604,-0.0011808811602864368,-0.004323935150698917,0.0027710030232407992,-3.299774104912622,-0.14759049052937356,-0.540419926552184,0.34632925751756866,0.1323227073229206,-0.5665510828846388,colmax,3,False,-0.007422042639029988,12,12.179460990459955
decoder_heads,SpecDivW1 Z500,120,0.03578672729531304,0.03787106036952391,0.0020843330742108704,0.0011799636615560957,0.0030533588232306117,5.8243187677121115,0.26050694277717223,0.14747581845886792,0.3816190330053932,0.24523915957071923,1.0,colmax,1,True,-0.028469713788859295,12,12.703295759926652
film,SpecDivW1 Z500,120,0.03578672729531304,0.03630774100186402,0.000521013706550973,3.209253213676121e-05,0.0008913027755360864,1.455885312595236,0.06511804160186024,0.004011032371153558,0.11139801215869564,0.049850258395407285,0.2499666262544095,colmax,10,True,-0.2528175499725856,12,20.120668785943018
cond_embed,SpecDivW1 Z500,120,0.03578672729531304,0.0369794620985069,0.0011927348031938619,0.0006176958938405554,0.0019383386629446536,3.3328971195141204,0.14907199860156817,0.07720170584124994,0.24226007129003505,0.13380421539511522,0.5722381024181713,colmax,2,True,-0.3620750336265256,12,25.621979488335548
encoder_io,|RQE| Z500,120,0.008736323604049781,0.008500185135441521,-0.00023613846860826015,-0.0004234489819888646,-5.534782928104207e-05,-2.7029501116327306,-0.08678716359966143,-0.15562875584216507,-0.02034179836521521,0.08279562911872232,-0.2752910232909111,colmax,2,True,0.023191713179383747,12,11.456014831692027
enc0_attn,|RQE| Z500,120,0.008736323604049781,0.008691692841239274,-4.463076281050841e-05,-9.286919472894321e-05,2.4925948431094372e-05,-0.510864350192105,-0.016402991585581016,-0.034131897457505896,0.009160948561730617,0.012411457104641898,-0.05203069384150744,colmax,9,False,-0.3504548717458678,12,24.948933886253528
enc0_mlp,|RQE| Z500,120,0.008736323604049781,0.008612044000377258,-0.0001242796036725243,-0.00015985666541382668,-8.42262748240804e-05,-1.4225618155320352,-0.045676057609747536,-0.058751573411706365,-0.03095539467003986,0.041684523128808416,-0.14488558120513412,colmax,4,True,-0.0655987997017526,12,13.684898512908104
enc1_attn,|RQE| Z500,120,0.008736323604049781,0.008725161470162371,-1.1162133887410164e-05,-6.823299918323755e-05,7.101625863773127e-05,-0.12776694629576085,-0.0041023808848996,-0.02507744078257336,0.02610036260908088,0.0001108464039604817,-0.013012853340185553,colmax,15,False,0.2699021267005916,12,6.89909426512721
enc1_mlp,|RQE| Z500,120,0.008736323604049781,0.008719057582008341,-1.726602204144001e-05,-9.336033544968814e-05,4.274508100934324e-05,-0.19763487279061218,-0.006345722018345459,-0.03431240472653734,0.01570995340362297,0.0023541875374063406,-0.02012878674095534,colmax,13,False,-0.018160578574330417,12,12.44391565084141
enc2_attn,|RQE| Z500,120,0.008736323604049781,0.008743090477461616,6.76687341183424e-06,-1.8724422746648393e-05,2.9436805440733827e-05,0.0774567623467772,0.0024870058373475633,-0.006881723040723369,0.010818808408021519,0.0,0.0078888438508267,colmax,17,False,-0.11153603632908579,12,15.012913276569952
enc2_mlp,|RQE| Z500,120,0.008736323604049781,0.00875501260937502,1.868900532523791e-05,-1.0959532422324022e-05,4.4773978879675254e-05,0.21392299750176946,0.006868706196986109,-0.0040279194614831065,0.0164556272975772,0.0028771717160469908,0.021787705453486038,colmax,12,False,0.25129365132327197,12,7.180150058796706
downsample,|RQE| Z500,120,0.008736323604049781,0.008659329498186707,-7.699410586307447e-05,-0.00017105597265375158,6.206070926661271e-05,-0.8813101408856161,-0.028297380351159584,-0.0628676164916954,0.022808960183305502,0.024305845870220465,-0.08975998834640142,colmax,8,False,-0.2718297832640801,12,20.959326608525522
dec0_attn,|RQE| Z500,120,0.008736323604049781,0.00871585247417291,-2.0471129876871903e-05,-4.127659873726467e-05,3.142674298336101e-06,-0.23432201924597174,-0.007523684337266224,-0.015170247137459665,0.001155016334600748,0.0035321498563271056,-0.023865312267583996,colmax,11,False,-0.2617474671074043,12,20.509201026326352
dec0_mlp,|RQE| Z500,120,0.008736323604049781,0.008741810219362378,5.486615312596162e-06,-2.3622654650049903e-05,3.4983945079147794e-05,0.06280233609996777,0.002016476957562662,-0.008681953456610455,0.012857529664014112,0.0,0.006396314639923709,colmax,18,False,-0.02912432695630265,12,12.719951963323943
dec1_attn,|RQE| Z500,120,0.008736323604049781,0.008833077813809117,9.675420975933473e-05,7.175677455961704e-05,0.00012198642070870844,1.1074934279504445,0.035559743742005503,0.026372521892740294,0.044833251919435366,0.031568209261066384,0.11279638412721966,colmax,6,True,-0.39410876502585046,12,27.611069800380864
dec1_mlp,|RQE| Z500,120,0.008736323604049781,0.008746110911791524,9.787307741741339e-06,-2.3851842464258273e-05,5.733110592700541e-05,0.11203005045743,0.0035970957345025567,-0.008766186069974896,0.021070705246635492,0.0,0.011410076381738594,colmax,16,False,0.4086444748714623,12,5.037656007694901
dec2_attn,|RQE| Z500,120,0.008736323604049781,0.008752462221309543,1.6138617259760697e-05,-1.0328795178793371e-05,4.092496528755874e-05,0.18473007630211333,0.005931370795491714,-0.0037961067599554094,0.015041012498535296,0.0019398363145525961,0.018814454443296377,colmax,14,False,0.09122875813903429,12,9.993555266018879
dec2_mlp,|RQE| Z500,120,0.008736323604049781,0.008740241173654795,3.9175696050127344e-06,-1.2237716388578216e-05,2.7800306755428498e-05,0.044842313341011304,0.0014398109559494625,-0.004497686042267507,0.010217351644245181,0.0,0.00456711586101817,colmax,19,False,-0.22260480307794184,12,18.872328636738732
upsample,|RQE| Z500,120,0.008736323604049781,0.008645818646376332,-9.05049576734503e-05,-0.0001250658737262711,-5.224766209721565e-05,-1.0359615986694461,-0.03326297749993712,-0.04596503275297691,-0.019202404525004487,0.029271443018998,-0.10551098496432443,colmax,7,True,-0.32759793969987205,12,23.692930490557323
decoder_io,|RQE| Z500,120,0.008736323604049781,0.008969760810335478,0.00023343720628569523,-3.199221391696483e-05,0.0005273035019248101,2.6720302139161127,0.08579437789856097,-0.011757988943906741,0.19379805229507652,0.08180284341762184,0.2721418825628507,colmax,3,False,0.3296927378980551,12,6.049282601887859
decoder_heads,|RQE| Z500,120,0.008736323604049781,0.009594101187152168,0.0008577775831023852,0.0007685232228444268,0.0009414810124629487,9.818518887106661,0.3152560608848838,0.2824527111750958,0.3460192959502349,0.3112645264039447,1.0,colmax,1,True,-0.1311988321611423,12,15.62427225978527
film,|RQE| Z500,120,0.008736323604049781,0.00876847910694778,3.21555028979977e-05,-3.005653464545806e-06,6.037558584163586e-05,0.3680667561706597,0.011818001984536862,-0.0011046575362702316,0.022189632535290205,0.007826467503597742,0.037486993751572065,colmax,10,False,0.2199160774300786,12,7.6734844667014395
cond_embed,|RQE| Z500,120,0.008736323604049781,0.008629003345655898,-0.0001073202583938837,-0.00016383621065566936,-5.861107783857738e-05,-1.2284373067881171,-0.03944304745297276,-0.0602141620614575,-0.02154112894484644,0.035451512972033646,-0.125114319268791,colmax,5,True,-0.3858424118543989,12,27.07791821390019
encoder_io,SpecDiv> T850,120,0.0018544993072282523,0.0018032202885175745,-5.1279018710677825e-05,-0.00013732810039073228,1.8666641941914943e-05,-2.765113931874141,-0.06991078936129927,-0.18722503162496534,0.02544899855137575,0.06422259715940672,-1.0,colmax,1,False,0.1950642185028302,12,8.082602782691517
enc0_attn,SpecDiv> T850,120,0.0018544993072282523,0.0018720196773453306,1.7520370117078226e-05,2.100223597760002e-06,3.760116014746015e-05,0.9447493481819788,0.02388623915948698,0.0028633209692067608,0.05126320379961147,0.01819804695759442,0.34166742183445803,colmax,7,True,0.34374571790131186,12,5.860522032013367
enc0_mlp,SpecDiv> T850,120,0.0018544993072282523,0.0018354484636802226,-1.905084354802966e-05,-4.4467526216370364e-05,3.51709362197039e-07,-1.0272769298848208,-0.025972796358601846,-0.06062440227787325,0.0004794997984591716,0.020284604156709286,-0.37151341868526644,colmax,5,False,0.24878879608695192,12,7.218622136267872
enc1_attn,SpecDiv> T850,120,0.0018544993072282523,0.001863698639984553,9.199332756300768e-06,-5.778738947507615e-06,2.2144057099164142e-05,0.49605479605436764,0.012541827647265883,-0.007878391815813297,0.030189901257644106,0.006853635445373324,0.17939759745022563,colmax,10,False,0.022583687903028567,12,11.469961709653163
enc1_mlp,SpecDiv> T850,120,0.0018544993072282523,0.0018725109888085474,1.8011681580295164e-05,-2.2917326229314008e-07,3.0460718941564362e-05,0.9712422921966766,0.024556064227894515,-0.00031244130777567533,0.0415283474462044,0.018867872026001955,0.35124856194926746,colmax,6,False,-0.44473543932304327,12,31.222639620184196
enc2_attn,SpecDiv> T850,120,0.0018544993072282523,0.0018483386472022782,-6.1606600259741145e-06,-1.5522919178086643e-05,1.9941750603417554e-06,-0.33220071865013956,-0.00839908048616322,-0.02116303237108773,0.0027187406486793497,0.002710888284270662,-0.12013997500095065,colmax,12,False,0.17959504841168047,12,8.34596536524623
enc2_mlp,SpecDiv> T850,120,0.0018544993072282523,0.001851016830187291,-3.4824770409613848e-06,-1.6361747354191416e-05,3.8553574995603365e-06,-0.18778529748637757,-0.004747803779940819,-0.02230664122719426,0.00525616700243415,0.0,-0.06791231830331865,colmax,14,False,-0.260543432104807,12,20.45626726707449
downsample,SpecDiv> T850,120,0.0018544993072282523,0.001884893038853382,3.0393731625129778e-05,-7.212798906645427e-06,6.834161613369352e-05,1.6389184674625983,0.041437020890297396,-0.009833504574511246,0.09317292823192296,0.03574882868840484,0.5927128168464911,colmax,3,False,0.011009058722442955,12,11.738659701355685
dec0_attn,SpecDiv> T850,120,0.0018544993072282523,0.0018553290089281897,8.297016999373833e-07,-8.518699178239331e-06,8.622426927710572e-06,0.044739930433161566,0.0011311663568350605,-0.011613891974850759,0.01175530826998543,0.0,0.016180139963649785,colmax,19,False,-0.38926353945914643,12,27.296818760003575
dec0_mlp,SpecDiv> T850,120,0.0018544993072282523,0.001852906891144812,-1.5924160834401846e-06,-1.2367964518489315e-05,8.419868148242422e-06,-0.08586770980358148,-0.002171006157763122,-0.016861753286633835,0.011479151578209053,0.0,-0.031053950006820156,colmax,16,False,-0.3434809737601638,12,24.55644244989854
dec1_attn,SpecDiv> T850,120,0.0018544993072282523,0.0018534122015504788,-1.087105677773555e-06,-1.0870604213171948e-05,6.106357371512171e-06,-0.05861990206932732,-0.001482095756962563,-0.01482034056979463,0.008325047450171099,0.0,-0.021199814370612892,colmax,18,False,-0.2107077918255518,12,18.40698964393622
dec1_mlp,SpecDiv> T850,120,0.0018544993072282523,0.0018338417576160282,-2.0657549612224102e-05,-3.5574432210220645e-05,-1.0619386254499364e-05,-1.1139151970403818,-0.028163284633215224,-0.048500082478736675,-0.014477844823305676,0.02247509243132266,-0.4028460397960498,colmax,4,True,-0.09436370247437492,12,14.50070460467704
dec2_attn,SpecDiv> T850,120,0.0018544993072282523,0.00184804395151635,-6.455355711902182e-06,-1.8433635947682584e-05,3.85302992071956e-06,-0.3480915677207991,-0.008800851201411145,-0.025131331922952017,0.005252993718737411,0.003112658999518586,-0.1258868807206325,colmax,11,False,-0.09925031961405073,12,14.644472401829315
dec2_mlp,SpecDiv> T850,120,0.0018544993072282523,0.0018506658088881522,-3.83349834010005e-06,-1.1563555744942278e-05,1.5264862061788638e-06,-0.2067133875520085,-0.005226365513812353,-0.015765069813708527,0.002081121252050745,0.0,-0.07475763843549918,colmax,13,False,-0.5573990598504458,12,42.224918708691476
upsample,SpecDiv> T850,120,0.0018544993072282523,0.0018560711080984522,1.5718008701999981e-06,-1.0548104182817041e-05,1.4568504169195262e-05,0.08475607750693759,0.002142900592042286,-0.01438066305142473,0.019861839245175317,0.0,0.03065192957510129,colmax,17,False,-0.21024390998130635,12,18.389129382252584
decoder_io,SpecDiv> T850,120,0.0018544993072282523,0.0018711415953778972,1.664228814964493e-05,-2.156398113584146e-05,7.877462897643752e-05,0.8974006129189992,0.02268911399971083,-0.029399059905663237,0.1073966825390803,0.01700092179781827,0.32454381086234607,colmax,8,False,-0.014102819896209293,12,12.343309306831967
decoder_heads,SpecDiv> T850,120,0.0018544993072282523,0.001805664205069964,-4.883510215828816e-05,-9.629564010538161e-05,5.58872367643436e-06,-2.6333308385688987,-0.06657889769085416,-0.1312837956163344,0.007619336203489999,0.0608907054889616,-0.9523408088953783,colmax,2,False,0.3624039480656696,12,5.615920765698758
film,SpecDiv> T850,120,0.0018544993072282523,0.001851546277369683,-2.953029858569304e-06,-1.6458165919175372e-05,8.375044368828336e-06,-0.1592359645031587,-0.004025986721486876,-0.022438092611339184,0.011418041481335397,0.0,-0.05758748768635066,colmax,15,False,-0.12356662229792909,12,15.38371291030224
cond_embed,SpecDiv> T850,120,0.0018544993072282523,0.0018694439010384183,1.4944593810165921e-05,-7.488709282673275e-06,4.08748244808521e-05,0.8058559931468626,0.020374577677617113,-0.0102096645063132,0.0557263246510974,0.014686385475724553,0.29143681345551975,colmax,9,False,0.36487932877379975,12,5.583972072872898
encoder_io,SpecDiv< T850,120,0.0018363369842215131,0.0017715887030741821,-6.4748281147331e-05,-0.00015023126567636306,3.5763465954611697e-06,-3.5259476721142247,-0.08878848169287963,-0.20601019433785756,0.004904197896712596,0.08231655335350396,-1.0,colmax,1,False,0.16281226916434538,12,8.639617104528481
enc0_attn,SpecDiv< T850,120,0.0018363369842215131,0.0018489915043270837,1.2654520105570555e-05,-1.4670185919385403e-06,3.432866942603141e-05,0.6891175320381212,0.017352979983653875,-0.002011703648117899,0.04707446101833312,0.01088105164427821,0.1954417921423415,colmax,7,False,0.3026377815490873,12,6.424154695911996
enc0_mlp,SpecDiv< T850,120,0.0018363369842215131,0.0018134571243232738,-2.2879859898239374e-05,-4.719123244285583e-05,-3.994679476212097e-06,-1.2459510479193958,-0.03137485637785486,-0.06471272755924967,-0.005477852373185356,0.024902928038479197,-0.35336629008231996,colmax,5,True,0.17728683006023663,12,8.385856179816455
enc1_attn,SpecDiv< T850,120,0.0018363369842215131,0.0018400803382974118,3.743354075898727e-06,-9.191489273992678e-06,1.4815197209827598e-05,0.2038489726048656,0.005133213097682378,-0.01260417053044564,0.020315888590895857,0.0,0.05781395288904951,colmax,17,False,-0.1365302098190843,12,15.794834599797035
enc1_mlp,SpecDiv< T850,120,0.0018363369842215131,0.0018487045890651643,1.2367604843651256e-05,-4.828269932962333e-06,2.4549535980137678e-05,0.673493206852462,0.016959536790584966,-0.006620944200443514,0.033664461624569236,0.010487608451209298,0.19101055077445964,colmax,8,False,-0.5109887867367161,12,37.07862917875134
enc2_attn,SpecDiv< T850,120,0.0018363369842215131,0.0018256038796001424,-1.0733104621370634e-05,-1.8568721376747514e-05,-3.5737861859767486e-06,-0.5844844771734949,-0.014718167745857005,-0.02546304780304566,-0.004900686840255104,0.008246239406481339,-0.16576663397361963,colmax,11,True,0.012173448300229244,12,11.711351093336683
enc2_mlp,SpecDiv< T850,120,0.0018363369842215131,0.0018282598466612399,-8.07713756027321e-06,-2.1377459779614584e-05,-1.1380718206055612e-06,-0.43985050835848566,-0.011076074417625686,-0.029314634499155674,-0.0015606231890401986,0.004604146078250019,-0.12474674874988799,colmax,13,True,-0.287022902879644,12,21.661670335461864
downsample,SpecDiv< T850,120,0.0018363369842215131,0.0018599179747980088,2.3580990576495726e-05,-1.2612220113320896e-05,6.076244681025855e-05,1.2841319855294708,0.03233630782162413,-0.01729497455059965,0.08332275854475872,0.025864379482248467,0.36419485056041156,colmax,4,False,-0.007821945748481272,12,12.189206662210612
dec0_attn,SpecDiv< T850,120,0.0018363369842215131,0.0018329911205607157,-3.3458636607974768e-06,-1.2256836149996768e-05,3.7642790024013564e-06,-0.18220314079313193,-0.004588139625168007,-0.016807641111589153,0.005161907179143414,0.0,-0.05167494181326846,colmax,18,False,-0.4261061350291111,12,29.819579307085665
dec0_mlp,SpecDiv< T850,120,0.0018363369842215131,0.0018300028944698472,-6.334089751665791e-06,-1.65458923826615e-05,3.368569741724056e-06,-0.3449306857124064,-0.008685855469694073,-0.02268916852892943,0.004619276180686435,0.002213927130318406,-0.09782637684625067,colmax,15,False,-0.3964932890637359,12,27.76757766747455
dec1_attn,SpecDiv< T850,120,0.0018363369842215131,0.0018307122809346765,-5.624703286836545e-06,-1.5314584015868604e-05,1.6287539134888583e-06,-0.3063001690411987,-0.007713082972423473,-0.021000691268281912,0.002233489205697204,0.001241154633047806,-0.08687031048805535,colmax,16,False,-0.2703499611865275,12,20.892480947479743
dec1_mlp,SpecDiv< T850,120,0.0018363369842215131,0.001810617958350728,-2.5719025870785117e-05,-3.9576526129773505e-05,-1.6431504870221675e-05,-1.4005613398723928,-0.035268168007283586,-0.054270779138451554,-0.022532310410471466,0.02879623966790792,-0.3972155772330535,colmax,3,True,-0.1697026777584517,12,16.905308203581043
dec2_attn,SpecDiv< T850,120,0.0018363369842215131,0.001825523067964241,-1.0813916257272163e-05,-2.239705063402653e-05,-1.2769080058205927e-06,-0.5888851746814083,-0.014828983698461029,-0.03071278626947358,-0.0017510074567124872,0.008357055359085363,-0.16701472325830113,colmax,10,True,-0.19335156590139427,12,17.752738597724978
dec2_mlp,SpecDiv< T850,120,0.0018363369842215131,0.0018275320859781157,-8.804898243397474e-06,-1.644528917192171e-05,-2.716019904861861e-06,-0.4794816157955984,-0.012074043243135425,-0.022551212645364128,-0.0037244430172840895,0.005602114903759759,-0.13598659435240348,colmax,12,True,-0.5519286213825408,12,41.56289454160828
upsample,SpecDiv< T850,120,0.0018363369842215131,0.0018346739816479385,-1.6630025735745828e-06,-1.418446966757377e-05,1.2968304023767507e-05,-0.09056086044466329,-0.00228045395094052,-0.019450980058248152,0.01778326781805917,0.0,-0.025684119240023003,colmax,19,False,-0.1530146207391703,12,16.33579018913523
decoder_io,SpecDiv< T850,120,0.0018363369842215131,0.001856231945566833,1.9894961345319945e-05,-1.767619445066278e-05,8.149610196899929e-05,1.0834047081916236,0.0272817035431419,-0.02423913715657218,0.11175455208224966,0.020809775203766232,0.3072662469610599,colmax,6,False,-0.04379878165278259,12,13.099319619654656
decoder_heads,SpecDiv< T850,120,0.0018363369842215131,0.0017881338523390393,-4.8203131882473826e-05,-9.610788426167952e-05,3.045297732266259e-06,-2.6249611207884485,-0.06610033219179767,-0.13179150042442908,0.004175977449276834,0.05962840385242201,-0.7444696759253017,colmax,2,False,0.3399539496435159,12,5.9110632916788
film,SpecDiv< T850,120,0.0018363369842215131,0.0018295178500314553,-6.8191341900577145e-06,-1.86746981247173e-05,4.869606588423874e-06,-0.37134438007022885,-0.009350990643559142,-0.02560837234881353,0.006677628622201993,0.0028790623041834757,-0.10531760950597539,colmax,14,False,-0.17417007536117238,12,17.061673940304683
cond_embed,SpecDiv< T850,120,0.0018363369842215131,0.0018477357710556437,1.1398786834130684e-05,-1.1239196949948868e-05,3.949475794797763e-05,0.6207350247843003,0.015631009166719306,-0.015412165619694428,0.0541586514868167,0.009159080827343638,0.17604771326969126,colmax,9,False,0.3711170923639263,12,5.503975505565241
encoder_io,SpecRes T850,120,0.0004517669658525847,0.00041897309468671057,-3.27938711658741e-05,-7.198047872710352e-05,-1.4625524272560387e-06,-7.259023710152153,-0.1489270059366843,-0.32688538442122017,-0.006641898204544173,0.14604360597921873,1.5030481849930546,share,1,True,0.7343319757236818,12,1.8381811186901285
enc0_attn,SpecRes T850,120,0.0004517669658525847,0.0004560359690610009,4.269003208416204e-06,3.6928568079019904e-07,9.367342318000733e-06,0.9449569205131335,0.019386850150985468,0.0016770393009473352,0.04253996845775146,0.016503450193519887,-0.19566209465434037,share,6,True,0.3090829907784746,12,6.333444227037032
enc0_mlp,SpecRes T850,120,0.0004517669658525847,0.0004530707968418331,1.3038309892484297e-06,-1.0475069454211431e-06,3.401644971745554e-06,0.28860697833180665,0.00592109557587994,-0.004757049641696196,0.015447910932479856,0.003037695618414358,-0.059758751628166185,share,14,False,-0.6566190374571037,12,57.89321662525727
enc1_attn,SpecRes T850,120,0.0004517669658525847,0.00045331413396828185,1.5471681156971802e-06,-2.4563771148677917e-06,4.514446603328297e-06,0.3424703957221241,0.007026163943440041,-0.011155160283404752,0.02050148372828729,0.004142763985974459,-0.07091167176986703,share,13,False,-0.5046991047398353,12,36.45539394269339
enc1_mlp,SpecRes T850,120,0.0004517669658525847,0.000455725856833548,3.958890980963285e-06,-1.6654746711234717e-06,9.573964537897458e-06,0.8763126302278383,0.017978535612414637,-0.007563430220824659,0.04347830319760468,0.015095135654949058,-0.18144865769047533,share,7,False,-0.3008536145716106,12,22.32757502607187
enc2_attn,SpecRes T850,120,0.0004517669658525847,0.00045240450829927187,6.375424466871967e-07,-1.1791987769053472e-06,2.482881730732818e-06,0.14112197103301088,0.0028952753782077504,-0.0053551025543901384,0.011275525856115421,1.1875420742169297e-05,-0.029220612976805314,share,18,False,-0.585294134184474,12,45.87234273333365
enc2_mlp,SpecRes T850,120,0.0004517669658525847,0.0004537167211916919,1.9497553391071656e-06,-1.018036073219264e-06,4.9919969266435755e-06,0.43158430927492536,0.008854435741775442,-0.004623213391100206,0.022670185906682405,0.005971035784309861,-0.0893635340824036,share,12,False,-0.27973554813057544,12,21.321094686415147
downsample,SpecRes T850,120,0.0004517669658525847,0.00045257997286777635,8.130070151916394e-07,-1.21918670629384e-05,1.2213242613749257e-05,0.17996159007715723,0.003692113686901593,-0.05536699980546796,0.05546407272395345,0.0008087137294360118,-0.03726271632859368,share,16,False,0.28819051840565296,12,6.6307845439694235
dec0_attn,SpecRes T850,120,0.0004517669658525847,0.00045399071799086715,2.223752138282483e-06,-3.376638536186268e-07,4.895200678826465e-06,0.4922343390216167,0.010098739066961338,-0.0015334349055074281,0.022230604519648454,0.0072153391094957565,-0.10192168525678906,share,11,False,-0.3646297661728413,12,25.77325206979837
dec0_mlp,SpecRes T850,120,0.0004517669658525847,0.0004524634023255203,6.964364729356021e-07,-2.533947614817104e-06,3.5215469021447136e-06,0.15415834391991712,0.003162731176651536,-0.011507431665091595,0.015992422295900637,0.0002793312191859551,-0.03191991489245457,share,17,False,-0.6104291757068987,12,49.60625617575285
dec1_attn,SpecRes T850,120,0.0004517669658525847,0.00045444397134512354,2.6770054925388345e-06,-8.062227000967444e-07,6.336232581816146e-06,0.5925633556421572,0.012157101272470067,-0.0036613040356315964,0.028774771436874784,0.009273701315004487,-0.12269573867704998,share,8,False,-0.27223391476418624,12,20.977629058138124
dec1_mlp,SpecRes T850,120,0.0004517669658525847,0.00045069096449879,-1.0760013537947088e-06,-4.5036589350881215e-06,1.96326109289657e-06,-0.23817619151591907,-0.004886451471188906,-0.020452493625108512,0.00891576950333718,0.0020030515137233248,0.04931658948377463,share,15,False,-0.08660684262412414,12,14.275651187217749
dec2_attn,SpecRes T850,120,0.0004517669658525847,0.0004516095517222614,-1.5741413032325605e-07,-4.228786565363407e-06,3.7311364394554364e-06,-0.0348440993303219,-0.0007148657443517978,-0.019204214066078543,0.016944232532315247,0.0,0.007214793937497733,share,19,False,-0.15494143338169308,12,16.400398443437396
dec2_mlp,SpecRes T850,120,0.0004517669658525847,0.00045409115773509257,2.3241918825078756e-06,-1.738816536089871e-07,4.7964786062948406e-06,0.5144669836851857,0.010554866686322722,-0.0007896498076827726,0.021782277373163274,0.0076714667288571405,-0.10652516053714085,share,10,False,-0.30485709483501666,12,22.525275050176777
upsample,SpecRes T850,120,0.0004517669658525847,0.0004565944739927848,4.827508140200128e-06,1.7497697323657728e-06,9.29140718047468e-06,1.0685836958197126,0.021923191983602253,0.007946239893478648,0.04219512375735166,0.019039792026136673,-0.22126016509199745,share,5,True,0.18916129025138878,12,8.182291667874924
decoder_io,SpecRes T850,120,0.0004517669658525847,0.00047099921478851076,1.9232248935926084e-05,-1.5584592498877706e-06,4.7666427902489254e-05,4.257117139946378,0.0873395286872077,-0.0070774404395916694,0.2164678380087591,0.0844561287297421,-0.8814755876262468,share,2,False,0.5340563574126751,12,3.6447968055607634
decoder_heads,SpecRes T850,120,0.0004517669658525847,0.00044104682820034213,-1.0720137652242556e-05,-2.3802997687501675e-05,2.027815935434772e-06,-2.3729352658646197,-0.048683426110393634,-0.1080966977026592,0.009208932801116216,0.04580002615292805,0.49133825523612595,share,3,False,0.07809392268042735,12,10.261511260846026
film,SpecRes T850,120,0.0004517669658525847,0.0004541381531453226,2.3711872927378863e-06,-6.826622059937411e-07,5.013202220046271e-06,0.5248695615145141,0.010768287227707446,-0.003100178014682702,0.022766485634168027,0.007884887270241864,-0.1086791107582641,share,9,False,-0.30134299225630873,12,22.35161994224871
cond_embed,SpecRes T850,120,0.0004517669658525847,0.0004608884507130521,9.121484860467413e-06,-3.2874477255973024e-07,1.98077808211868e-05,2.019068579583535,0.04142345449535763,-0.0014929306286232066,0.08995319512687364,0.03854005453789205,-0.418066875808004,share,4,False,0.05032514105877327,12,10.85006714759485
encoder_io,SpecResLog T850,120,0.46091871688438496,0.4538066512891119,-0.007112065595273091,-0.011195441786448051,-0.0028171539934719668,-1.5430194814711884,-0.22731285716877642,-0.35782401408609316,-0.09004069419243763,0.21682540189722116,-0.48590901110130896,share,16,True,0.35566535741174155,12,5.70348402633906
enc0_attn,SpecResLog T850,120,0.46091871688438496,0.4517845919355669,-0.009134124948818148,-0.012345330821376174,-0.005141183708185451,-1.9817214216339398,-0.2919410700081894,-0.39457628506209247,-0.16432035704422174,0.28145361473663416,-0.624059713974783,share,10,True,0.463197583979751,12,4.4024327696895185
enc0_mlp,SpecResLog T850,120,0.46091871688438496,0.4515338765960957,-0.009384840288289328,-0.012068022773469196,-0.006426936981960074,-2.036116118635162,-0.2999543285176598,-0.385713081560774,-0.20541506382955688,0.2894668732461046,-0.6411890333038032,share,7,True,0.45041867599885405,12,4.546946338423295
enc1_attn,SpecResLog T850,120,0.46091871688438496,0.4545848732327363,-0.006333843651648671,-0.00916634640959777,-0.0031066786301299377,-1.3741780100540868,-0.20243965385717047,-0.29297091882128745,-0.09929435917876965,0.19195219858561524,-0.4327394993781314,share,18,True,0.44653519054732693,12,4.591369609832372
enc1_mlp,SpecResLog T850,120,0.46091871688438496,0.4543126771651728,-0.006606039719212212,-0.009073920117858842,-0.003621095966948094,-1.4332331227219928,-0.21113947038713848,-0.2900168284559435,-0.11573595030906038,0.20065201511558325,-0.4513364203771968,share,17,True,0.12701917493843606,12,9.295112393550014
enc2_attn,SpecResLog T850,120,0.46091871688438496,0.4509138959832035,-0.010004820901181552,-0.013240052457712325,-0.0062273056392418424,-2.1706258684415984,-0.3197698887958787,-0.42317300268256375,-0.1990345305954595,0.30928243352432344,-0.6835472149708377,share,4,True,0.4715987458113348,12,4.30879345902684
enc2_mlp,SpecResLog T850,120,0.46091871688438496,0.4519142119421155,-0.009004504942269514,-0.011789934586474602,-0.005071229671427472,-1.9535993250905819,-0.2877982097322116,-0.37682494358119184,-0.16208451546586025,0.27731075446065634,-0.6152038438541738,share,12,True,0.5155149358885047,12,3.836201565330968
downsample,SpecResLog T850,120,0.46091871688438496,0.4525860989878779,-0.0083326178965071,-0.011502069516402934,-0.004147137815732452,-1.8078280597568401,-0.266323637820438,-0.36762432096593206,-0.13254907921453504,0.25583618254888274,-0.5692993220799116,share,14,True,0.2704673586825929,12,6.890686042407829
dec0_attn,SpecResLog T850,120,0.46091871688438496,0.45153709404159986,-0.00938162284278514,-0.012596728256132159,-0.006021374644139208,-2.0354180681142506,-0.29985149387411714,-0.4026113444149287,-0.19245265051444602,0.2893640386025619,-0.6409692116862619,share,8,True,0.5102904034771703,12,3.890983578220682
dec0_mlp,SpecResLog T850,120,0.46091871688438496,0.451802979602197,-0.009115737282187994,-0.012449534196011284,-0.005190438513750668,-1.97773207037599,-0.29135337112066156,-0.39790678961068354,-0.16589461847816625,0.2808659158491063,-0.6228034357825998,share,11,True,0.5235073847039522,12,3.753123510237318
dec1_attn,SpecResLog T850,120,0.46091871688438496,0.451695951474068,-0.009222765410316918,-0.012039511355199543,-0.0055892733471785356,-2.0009526783071214,-0.29477415925548717,-0.3848018115700815,-0.1786420101199387,0.2842867039839319,-0.6301157884602402,share,9,True,0.49485660669409287,12,4.055051630053339
dec1_mlp,SpecResLog T850,120,0.46091871688438496,0.45116253813146856,-0.009756178752916456,-0.013089040725521861,-0.0058702480886322845,-2.116680966844672,-0.31182289275406966,-0.41834642904507713,-0.18762240694228513,0.3013354374825144,-0.666559539764088,share,5,True,0.5085545903379046,12,3.9092684836974874
dec2_attn,SpecResLog T850,120,0.46091871688438496,0.4520960352655577,-0.008822681618827299,-0.010984832390106947,-0.0059732895971394565,-1.91415130165789,-0.2819868489400611,-0.35109260490720334,-0.19091577641307764,0.27149939366850584,-0.6027813499801465,share,13,True,0.1488364914787199,12,8.890701312167153
dec2_mlp,SpecResLog T850,120,0.46091871688438496,0.4513514293016023,-0.009567287582782691,-0.012358786376117467,-0.005757962869224676,-2.075699517575137,-0.30578563241080214,-0.39500634585836336,-0.18403359386126822,0.2952981771392469,-0.653654157993359,share,6,True,0.6319122612971323,12,2.706673005155007
upsample,SpecResLog T850,120,0.46091871688438496,0.4530044402314409,-0.00791427665294415,-0.010983475283165338,-0.004127703969452981,-1.717065582938637,-0.25295279048052655,-0.3510492296244183,-0.1319279427719098,0.2424653352089713,-0.5407175018984909,share,15,True,0.275431324768624,12,6.81716367939594
decoder_io,SpecResLog T850,120,0.46091871688438496,0.4462621037163359,-0.014656613168049096,-0.020060625890026943,-0.007391068799768721,-3.179869385023369,-0.46844852188386243,-0.6411693096147344,-0.23623024055389277,0.4579610666123072,-1.0013659625572808,share,1,True,0.6953398475408403,12,2.1564536660970837
decoder_heads,SpecResLog T850,120,0.46091871688438496,0.4585286385917586,-0.0023900782926264547,-0.005472456920589548,0.0030002005476139674,-0.5185465907703576,-0.07639067979281322,-0.17490837249575283,0.09589115137109074,0.06590322452125796,-0.16329441342564435,share,19,False,0.32670832209947354,12,6.089884264855417
film,SpecResLog T850,120,0.46091871688438496,0.45063967728910975,-0.010279039595275144,-0.013180083522990896,-0.0064551791476870745,-2.2301198061031435,-0.3285343516665437,-0.42125630074691844,-0.20631772808342783,0.31804689639498845,-0.7022823254232875,share,3,True,0.43059724726990456,12,4.776210107911681
cond_embed,SpecResLog T850,120,0.46091871688438496,0.44716425922475295,-0.013754457659632074,-0.01712668875851188,-0.00988461297694529,-2.9841395360566767,-0.4396142059623219,-0.5473960417526507,-0.31592785354656466,0.42912675069076667,-0.9397290885602432,share,2,True,0.6565873322003439,12,2.487615312210714
encoder_io,SpecDivW1 T850,120,0.16928892136808027,0.16960055180653952,0.0003116304384592194,-0.0021915664112645283,0.0023103236821976104,0.18408200367799019,0.018312504499409122,-0.12878417771211226,0.13576277411961374,0.005681359367255338,-0.07499192288450898,share,16,False,0.14655238095464,12,8.93231883572312
enc0_attn,SpecDivW1 T850,120,0.16928892136808027,0.17058406287488873,0.001295141506808442,0.0005644152700355607,0.0018870883826703556,0.7650479997993793,0.07610708629126675,0.033167033436029364,0.11089197406162817,0.06347594115911297,-0.31166773208457116,share,7,True,-0.32901302309346964,12,23.76820538402676
enc0_mlp,SpecDivW1 T850,120,0.16928892136808027,0.16865054194809317,-0.0006383794199870558,-0.0025368530528652087,0.0007175357197347917,-0.3770946231023853,-0.03751342795217023,-0.1490744395015612,0.042164931516629256,0.024882282820016442,0.15362202893730373,share,10,False,0.4642157103424538,12,4.391027517650955
enc1_attn,SpecDivW1 T850,120,0.16928892136808027,0.17203011792828796,0.0027411965602077253,0.0021109988925947037,0.0031702745175745013,1.6192415534668194,0.16108238524696558,0.12404974594273148,0.18629652050193557,0.14845124011481178,-0.6596518686388846,share,4,True,-0.13889360451103236,12,15.871120369942117
enc1_mlp,SpecDivW1 T850,120,0.16928892136808027,0.17160138872470918,0.0023124673566289103,0.0012087549014475109,0.003250306448610007,1.3659885939027137,0.13588874399554285,0.07103070444877947,0.19099947925150548,0.12325759886338908,-0.5564808577065657,share,6,True,0.2343279967368111,12,7.443778366405625
enc2_attn,SpecDivW1 T850,120,0.16928892136808027,0.16930807918132626,1.9157813245979788e-05,-0.000653083359730467,0.0007092228078342441,0.011316637315164576,0.0011257807260434045,-0.038377483350742904,0.041676435471972535,0.0,-0.0046102083630907825,share,19,False,-0.17980413790783353,12,17.26130343888895
enc2_mlp,SpecDivW1 T850,120,0.16928892136808027,0.16961034185882914,0.00032142049074889806,-0.00024006084053509823,0.0008262554554665189,0.18986504737072682,0.01888780252706842,-0.01410682231224408,0.04855368692706187,0.006256657394914634,-0.07734783795484947,share,15,False,-0.2807686605770087,12,21.368957502956118
downsample,SpecDivW1 T850,120,0.16928892136808027,0.17209541267967146,0.002806491311591217,0.001926016068552805,0.0036090304858319,1.6578115619799714,0.16491933530360925,0.1131795022838343,0.21207936983649328,0.15228819017145548,-0.6753646436319948,share,3,True,-0.1276765503476227,12,15.51273052394046
dec0_attn,SpecDivW1 T850,120,0.16928892136808027,0.16987923327383705,0.000590311905756806,-0.00010746510190103812,0.0012464551355640622,0.34870084881296337,0.03468881115616988,-0.00631502869816663,0.07324610327278898,0.0220576660240161,-0.1420548812022257,share,11,False,0.34261507142950176,12,5.87556278095914
dec0_mlp,SpecDivW1 T850,120,0.16928892136808027,0.16982223452181291,0.0005333131537326591,-0.00012470072548373574,0.0010608205158029796,0.3150313377997671,0.031339363303567104,-0.007327854775005641,0.06233755779684446,0.018708218171413323,-0.12833848675294782,share,12,False,-0.13002224408546895,12,15.586912236360472
dec1_attn,SpecDivW1 T850,120,0.16928892136808027,0.16975267585827958,0.00046375449019934664,-6.950631606037909e-05,0.001090781601838815,0.2739426103324375,0.027251850719030662,-0.004084436462260442,0.06409817696341608,0.014620705586876878,-0.11159962787436528,share,13,False,-0.3165080820600045,12,23.11380218267188
dec1_mlp,SpecDivW1 T850,120,0.16928892136808027,0.1688992894828999,-0.0003896318851803621,-0.001222036216365239,0.0005241076983682248,-0.2301579347494312,-0.022896144823838695,-0.07181116139127673,0.030798418254637385,0.01026499969168491,0.09376248492046857,share,14,False,0.16472093285199127,12,8.605794334984994
dec2_attn,SpecDivW1 T850,120,0.16928892136808027,0.16918360545137257,-0.00010531591670766514,-0.0006807709837303745,0.0003174927702258801,-0.062210755350422274,-0.006188734990407218,-0.040004505863637144,0.01865699580579366,0.0,0.02534361901007344,share,18,False,-0.3265809257942197,12,23.639026156639858
dec2_mlp,SpecDivW1 T850,120,0.16928892136808027,0.1699325410289515,0.0006436196608712806,0.0002805979397643912,0.001119650415852042,0.38019006540414774,0.03782136300256137,0.01648892534332063,0.06579461037063926,0.025190217870407584,-0.15488306024807366,share,9,True,-0.1944955284049079,12,17.79499288498578
upsample,SpecDivW1 T850,120,0.16928892136808027,0.1695906956238854,0.0003017742558051641,-0.000702670732204786,0.0012594795265008915,0.17825989637504075,0.01773332041812431,-0.04129141238167957,0.07401146245532583,0.005102175285970525,-0.07262009395411623,share,17,False,0.020685853368848126,12,11.513601095563585
decoder_io,SpecDivW1 T850,120,0.16928892136808027,0.16515043425867373,-0.004138487109406508,-0.00634468154516769,-0.0019162550960437536,-2.4446296166116555,-0.2431921098159057,-0.37283588187873956,-0.1126059130867251,0.2305609646837519,0.9959011311655319,share,1,True,0.17922883595459527,12,8.352283855551926
decoder_heads,SpecDivW1 T850,120,0.16928892136808027,0.16604174769778038,-0.003247173670299869,-0.00592877132974528,-0.0005072311986590923,-1.918125323298403,-0.1908153861404997,-0.34839552961748316,-0.02980669556417816,0.17818424100834593,0.7814121068523355,share,2,True,0.14182309175402869,12,9.019017896311802
film,SpecDivW1 T850,120,0.16928892136808027,0.16860567435182205,-0.0006832470162582103,-0.0014399924903227103,-4.198448773579349e-05,-0.4035981863057919,-0.04015000627441492,-0.08461904135080436,-0.002467156688443056,0.02751886114226114,0.16441913635792565,share,8,True,0.1668297954229611,12,8.5685525807989
cond_embed,SpecDivW1 T850,120,0.16928892136808027,0.16689236544024244,-0.002396555927837814,-0.003799311009394247,-0.001605758866449496,-1.4156602265939469,-0.14083008524008062,-0.223260925018053,-0.09436005870354204,0.12819894010792685,0.5767162483145721,share,5,True,-0.43073059992525414,12,30.159301021359607
encoder_io,|RQE| T850,120,0.005659099687666942,0.005991934410606821,0.0003328347229398787,1.4025848940946165e-06,0.0006788118645393598,5.881407667464068,0.16271798359126105,0.0006857030533555953,0.3318611016904651,0.1536045014148849,0.2511587933509458,share,3,True,0.4119465393469937,12,4.997810704008438
enc0_attn,|RQE| T850,120,0.005659099687666942,0.005611255299299955,-4.784438836698731e-05,-0.00015154179758004223,5.533334139424064e-05,-0.8454416958099559,-0.023390415316251797,-0.07408654816484907,0.027051653918524828,0.014276933139875644,-0.03610362147532653,share,12,False,0.24287412549324194,12,7.310080970971584
enc0_mlp,|RQE| T850,120,0.005659099687666942,0.005776454946802308,0.00011735525913536549,-2.2480135764150568e-05,0.0002442709626241897,2.0737443341229977,0.05737325409340162,-0.010990206580883444,0.11942046832440664,0.04825977191702547,0.08855688197877752,share,6,False,0.6060549150231613,12,2.943449178170779
enc1_attn,|RQE| T850,120,0.005659099687666942,0.005679126111014436,2.002642334749301e-05,-3.560964105417952e-05,7.683519118775923e-05,0.35388002425787335,0.009790622795800185,-0.017409027933036097,0.03756359092731916,0.0006771406194240312,0.015112042032946513,share,16,False,0.2345523149154045,12,7.440245431514628
enc1_mlp,|RQE| T850,120,0.005659099687666942,0.0058171768905594945,0.0001580772028925518,4.15320294753959e-06,0.00031499721808359027,2.7933277662002407,0.07728161136321393,0.0020304396221033603,0.15399749073860017,0.06816812918683778,0.11928587012827256,share,5,True,0.47663515022533814,12,4.253168561196408
enc2_attn,|RQE| T850,120,0.005659099687666942,0.00562304921913892,-3.605046852802237e-05,-8.021768492956956e-05,-8.9622311255274e-06,-0.6370354034686527,-0.017624541978631322,-0.03921724219397758,-0.0043815025197598695,0.008511059802255166,-0.027203868921061695,share,15,True,0.1977657359311474,12,8.037307196254295
enc2_mlp,|RQE| T850,120,0.005659099687666942,0.00562068788955609,-3.841179811085264e-05,-8.250552200479434e-05,-2.712004546386585e-06,-0.6787616446228134,-0.01877896115977529,-0.040335731972861465,-0.0013258589950606507,0.009665478983399136,-0.028985740366111224,share,14,True,0.5491189319311994,12,3.4926774860859457
downsample,|RQE| T850,120,0.005659099687666942,0.005411182976483057,-0.00024791671118388575,-0.00038878461734081306,-0.0001455168967368082,-4.380850751298454,-0.12120282098603576,-0.19007106117478148,-0.07114106306675304,0.1120893388096596,-0.18707922503544536,share,4,True,-0.4037877094587742,12,28.254118173601277
dec0_attn,|RQE| T850,120,0.005659099687666942,0.005619786117070665,-3.9313570596277714e-05,-7.618494952718416e-05,-5.693253478966672e-06,-0.6946965553894561,-0.019219824418242926,-0.03724569737666663,-0.0027833475966350042,0.010106342241866774,-0.029666222520484755,share,13,True,-0.26928672180685237,12,20.844620066772812
dec0_mlp,|RQE| T850,120,0.005659099687666942,0.005653051135595888,-6.048552071054776e-06,-4.554339539026841e-05,2.228756299397597e-05,-0.10688187883024183,-0.002957047834298709,-0.022265493811301173,0.010896060595811287,0.0,-0.004564268494188606,share,18,False,0.29818096596709087,12,6.487407094373007
dec1_attn,|RQE| T850,120,0.005659099687666942,0.005658779332103829,-3.203555631140868e-07,-6.960360624361782e-05,5.46743268690381e-05,-0.005660892735504341,-0.0001566171065378392,-0.034028175782270825,0.026729471443838495,0.0,-0.00024174195517914952,share,19,False,0.5203161518214939,12,3.7861902415793915
dec1_mlp,|RQE| T850,120,0.005659099687666942,0.005560245500722279,-9.885418694466352e-05,-0.00014416713772031167,-6.400685136516888e-05,-1.7468182643981274,-0.048328352964828056,-0.07048118580527479,-0.03129200492716366,0.03921487078845191,-0.07459587777202956,share,8,True,-0.1684464574314859,12,16.86164121899892
dec2_attn,|RQE| T850,120,0.005659099687666942,0.005646791483741254,-1.2308203925689062e-05,-4.7550320353669424e-05,2.7546387476225693e-05,-0.2174940291741587,-0.0060172992370749,-0.023246649804819813,0.013467022267879984,0.0,-0.009287833970531482,share,17,False,-0.0631543377655273,12,13.617880262964066
dec2_mlp,|RQE| T850,120,0.005659099687666942,0.00557056018927445,-8.853949839249253e-05,-0.00012473418464651332,-5.3191392119818745e-05,-1.5645509582637236,-0.043285653970696066,-0.06098070186699517,-0.026004486532231263,0.03417217179431991,-0.06681236075291723,share,9,True,-0.30490306728591765,12,22.52755848927338
upsample,|RQE| T850,120,0.005659099687666942,0.005745313285539548,8.621359787260492e-05,-2.129992208210751e-05,0.00018752191099338228,1.5234507718691186,0.04214855553551164,-0.010413217531025346,0.09167669456631428,0.03303507335913548,0.0650572242609388,share,10,False,0.5038691139033525,12,3.9588356314513558
decoder_io,|RQE| T850,120,0.005659099687666942,0.00653276111309727,0.0008736614254303277,0.0006164934990617136,0.0012022910401962383,15.438169914806874,0.4271201761397017,0.30139457259260555,0.5877823444097506,0.4180066939633255,0.6592694039557422,share,1,True,0.00592161808218987,12,11.858717785344439
decoder_heads,|RQE| T850,120,0.005659099687666942,0.006464532033229868,0.000805432345562925,0.0007361918552002559,0.000892589761254688,14.232517361696766,0.3937639860155232,0.3599133322280612,0.436373960152599,0.384650503839147,0.6077833894570759,share,2,True,-0.30999992830133727,12,22.78260508135323
film,|RQE| T850,120,0.005659099687666942,0.005590718161935608,-6.838152573133509e-05,-9.516297141090035e-05,-4.41209995187819e-05,-1.2083463714265563,-0.03343071865703951,-0.04652377217064458,-0.021570105463497607,0.024317236480663355,-0.05160105093145914,share,11,True,0.049028934052351265,12,10.878301275532111
cond_embed,|RQE| T850,120,0.005659099687666942,0.005543622886762023,-0.0001154768009049197,-0.00024353138481577238,2.3304802501418835e-05,-2.040550746200531,-0.05645490358952778,-0.11905889964962553,0.011393373977114865,0.04734142141315163,-0.08713938773913914,share,7,False,-0.027526254920669745,12,12.679329515515283
encoder_io,SpecDiv> Q700,120,0.01032605798294147,0.011019006061057249,0.0006929480781157812,0.00035753899913591644,0.0009248527931049466,6.710673901507464,0.33729578628556645,0.1740338153029029,0.45017651379734874,0.3277042566743682,0.3483208925428136,share,1,True,-0.20692194569283434,12,18.26183850335695
enc0_attn,SpecDiv> Q700,120,0.01032605798294147,0.010435287995884815,0.00010923001294334729,5.370128589371841e-05,0.00016565236922663944,1.057809409203338,0.053168230442155934,0.026139357366168063,0.08063208181527079,0.043576700830957715,0.054906127605325025,share,5,True,0.31061979983455507,12,6.311946762157584
enc0_mlp,SpecDiv> Q700,120,0.01032605798294147,0.010439110842222968,0.00011305285928150018,6.22901483438909e-05,0.00015945538762025533,1.0948307618285915,0.05502901915374643,0.0303200271810073,0.07761567142388029,0.04543748954254821,0.056827739470069895,share,4,True,-0.22603484450829128,12,19.009147930894297
enc1_attn,SpecDiv> Q700,120,0.01032605798294147,0.010420869880666336,9.481189772486687e-05,5.7719191924358405e-05,0.00013975558492044607,0.918180954256649,0.046150144003996155,0.028095092314609323,0.06802669838080552,0.036558614392797936,0.04765864266339103,share,6,True,-0.13521261946909943,12,15.752486380254751
enc1_mlp,SpecDiv> Q700,120,0.01032605798294147,0.010279987084989747,-4.6070897951722145e-05,-0.00018642208306118846,9.022400093575311e-05,-0.4461615267687897,-0.02242522959550195,-0.09074183921267842,0.04391696333180359,0.012833699984303731,-0.023158237682724986,share,9,False,0.07048972744192669,12,10.41964531257212
enc2_attn,SpecDiv> Q700,120,0.01032605798294147,0.010327601339668036,1.5433567265669506e-06,-3.1476481429611645e-05,3.500763947765032e-05,0.014946233394355895,0.0007512362571550974,-0.015321327655850673,0.017040135699233117,0.0,0.0007757917360439426,share,19,False,0.17611600185820628,12,8.40615038149397
enc2_mlp,SpecDiv> Q700,120,0.01032605798294147,0.010341932997107506,1.5875014166037243e-05,2.5323708541691305e-06,3.54064783702294e-05,0.15373741065818713,0.007727238958491445,0.0012326436069296832,0.017234272434902435,0.0,0.00797981736016878,share,16,True,-0.47854964693706453,12,34.025474638241086
downsample,SpecDiv> Q700,120,0.01032605798294147,0.010396750643849373,7.069266090790431e-05,-8.603387977927923e-05,0.00019843557965941715,0.6846045318037899,0.03440999029882075,-0.04187740184842719,0.09658946605386504,0.02481846068762253,0.035534741377193695,share,7,False,-0.07044160813041826,12,13.818711562304125
dec0_attn,SpecDiv> Q700,120,0.01032605798294147,0.010348671503985921,2.2613521044452984e-05,-1.926670277801653e-05,6.281931418925519e-05,0.21899471300481038,0.011007239362166962,-0.009378159587817745,0.030577601183337952,0.0014157097509687425,0.011367030348301903,share,13,False,-0.08882627555666994,12,14.339653302296984
dec0_mlp,SpecDiv> Q700,120,0.01032605798294147,0.010354323778301477,2.8265795360008877e-05,6.520655006170273e-06,6.416514321851221e-05,0.2737326810163535,0.013758510878427074,0.003173959964480387,0.031232689890508505,0.0041669812672288555,0.014208232015019409,share,11,True,0.11887440558699654,12,9.450128700914245
dec1_attn,SpecDiv> Q700,120,0.01032605798294147,0.010346554995824894,2.049701288342476e-05,-2.97186061895142e-05,6.008580482254423e-05,0.19849794488163433,0.009977018907129414,-0.014465673487773842,0.02924705244486569,0.000385489295931196,0.010303135324986286,share,14,False,0.03257251655241687,12,11.24291961607878
dec1_mlp,SpecDiv> Q700,120,0.01032605798294147,0.010328676862021288,2.6188790798187256e-06,-3.777436795644462e-05,4.009731734792391e-05,0.025361847513785844,0.0012747518988957863,-0.01838685399915409,0.019517560709000355,0.0,0.0013164194076770992,share,18,False,-0.5659202956346887,12,43.28938524110808
dec2_attn,SpecDiv> Q700,120,0.01032605798294147,0.010357620504995188,3.156252205371857e-05,-2.1536939311772584e-05,8.949765663904449e-05,0.3056589659467291,0.015363208340532787,-0.010483208062430187,0.043563411776630014,0.005771678729334569,0.015865381837189507,share,10,False,0.6489042974302807,12,2.555120049964436
dec2_mlp,SpecDiv> Q700,120,0.01032605798294147,0.010349519938851396,2.3461955909927685e-05,-1.7267362757896383e-05,6.871573859825728e-05,0.22721115791414853,0.011420219084746643,-0.008404971284918739,0.03344771392355319,0.001828689473548423,0.01179350903976486,share,12,False,0.2778184611927178,12,6.7820106915644045
upsample,SpecDiv> Q700,120,0.01032605798294147,0.010372579330578446,4.652134763697783e-05,-4.11013956181705e-05,0.0001365194737445563,0.45052378859222525,0.02264448813098059,-0.020006300602147857,0.06645150581147585,0.013052958519782368,0.023384663069228005,share,8,False,-0.02519184225991784,12,12.620228923442427
decoder_io,SpecDiv> Q700,120,0.01032605798294147,0.010515022557228804,0.00018896457428733507,7.631878834217787e-05,0.0003429352732685705,1.8299778540804477,0.09197940895899928,0.037148534695748886,0.1669253819950003,0.08238787934780106,0.09498591778147594,share,2,True,-0.2511250091774241,12,20.048072500909704
decoder_heads,SpecDiv> Q700,120,0.01032605798294147,0.010469701451559862,0.00014364346861839294,3.7576353255038456e-05,0.00027935776937132076,1.3910774940029422,0.06991914433787003,0.018290469397599957,0.13597872835046348,0.06032761472667181,0.07220457459547834,share,3,True,0.39458806738021407,12,5.209382871807372
film,SpecDiv> Q700,120,0.01032605798294147,0.010329695496087274,3.6375131458044052e-06,-2.372030479212602e-05,3.2072073857610404e-05,0.03522654193704447,0.0017705768951323676,-0.01154597163693501,0.015611235114507344,0.0,0.001828451316335288,share,17,False,-0.35500805718230927,12,25.209767140895412
cond_embed,SpecDiv> Q700,120,0.01032605798294147,0.01030598891278108,-2.0069070160388947e-05,-0.00013338834590589008,0.00010400107324433807,-0.19435364583021733,-0.009768715742996195,-0.0649274143829012,0.05062301907218884,0.00017718613179797625,-0.010088023405417429,share,15,False,-0.001151802215457147,12,12.027675129446381
encoder_io,SpecDiv< Q700,120,0.009631890648355087,0.010170558855558435,0.0005386682072033485,0.00021292299400859824,0.0007632007638070108,5.5925490318491216,0.30286238263185683,0.1197144446622388,0.42910422160071277,0.29300366932864863,0.3319197454456236,share,1,True,-0.2401749669454249,12,19.586219137210477
enc0_attn,SpecDiv< Q700,120,0.009631890648355087,0.00970176118426025,6.98705359051625e-05,1.9409276622657973e-05,0.0001201656938064843,0.7254083175985271,0.03928421372753085,0.010912728251808458,0.06756230987863611,0.029425500424322664,0.04305323793322747,share,4,True,0.21697936434706577,12,7.720958878276863
enc0_mlp,SpecDiv< Q700,120,0.009631890648355087,0.009690785392497977,5.8894744142889977e-05,1.1205477251981695e-05,0.00010527366733488935,0.6114556974642137,0.03311315258090913,0.006300200185716756,0.05918937351615779,0.023254439277700944,0.03629010998344224,share,6,True,-0.3658678515019966,12,25.84700090800643
enc1_attn,SpecDiv< Q700,120,0.009631890648355087,0.00969091154790173,5.90208995466431e-05,2.553343268421789e-05,0.00010117019895308961,0.6127654652798883,0.03318408256276368,0.014355991603181973,0.056882227494641786,0.023325369259555487,0.03636784516242695,share,5,True,-0.199720728306309,12,17.989530966117616
enc1_mlp,SpecDiv< Q700,120,0.009631890648355087,0.009596940673266849,-3.4949975088238716e-05,-0.00017331222770735624,0.00010738496785052112,-0.362856850894662,-0.01965037584657775,-0.09744357198135108,0.060376437270924205,0.00979166254336956,-0.02153568129600014,share,8,False,0.06098688903848008,12,10.620449176096805
enc2_attn,SpecDiv< Q700,120,0.009631890648355087,0.00963541166856885,3.521020213762919e-06,-2.7497110810751716e-05,3.452523378655314e-05,0.03655585743557243,0.001979668666119374,-0.015460055715693416,0.019411568059315695,0.0,0.002169602953047306,share,15,False,0.16259190816172842,12,8.64352919671393
enc2_mlp,SpecDiv< Q700,120,0.009631890648355087,0.009648629347793758,1.6738699438671272e-05,3.683172205152611e-06,3.908783546648914e-05,0.17378415152096716,0.009411215153154101,0.0020708374743097623,0.02197685852440506,0.0,0.010314150310855832,share,14,True,-0.48734362263877656,12,34.814983797791186
downsample,SpecDiv< Q700,120,0.009631890648355087,0.009630970618066689,-9.200302883982658e-07,-0.00016428540596583237,0.0001330300117842852,-0.00955191791505011,-0.0005172805105473488,-0.09236830541898104,0.07479518150831413,0.0,-0.0005669096765759851,share,19,False,-0.05769008106393694,12,13.469327572289336
dec0_attn,SpecDiv< Q700,120,0.009631890648355087,0.009651226922869682,1.933627451459567e-05,-1.868108908335368e-05,5.769329533601801e-05,0.2007526374678877,0.010871683333825112,-0.010503309967589443,0.032437646502411197,0.0010129700306169206,0.011914739405306034,share,13,False,-0.14695260316225375,12,16.134427335419108
dec0_mlp,SpecDiv< Q700,120,0.009631890648355087,0.009655900454769531,2.400980641444524e-05,6.189375805358093e-07,6.319497091074784e-05,0.24927407599405813,0.013499343529037075,0.00034799326901932434,0.035530924610805585,0.0036406302258288853,0.014794503790480664,share,12,True,0.1674266894779324,12,8.55803607739402
dec1_attn,SpecDiv< Q700,120,0.009631890648355087,0.009661438991315663,2.9548342960576218e-05,-1.9233854254707693e-05,6.831926196658357e-05,0.30677614644246837,0.016613346457414125,-0.010814098268427448,0.03841202094750409,0.006754633154205936,0.018207271828300085,share,10,False,0.06521889770081786,12,10.530580382869575
dec1_mlp,SpecDiv< Q700,120,0.009631890648355087,0.009633019876976808,1.1292286217212677e-06,-3.8256812452649076e-05,3.8426802105580734e-05,0.011723852179676841,0.0006349007911311253,-0.021509621723294764,0.021605197201151415,0.0,0.0006958147365287936,share,18,False,-0.5742323327211382,12,44.36877068046809
dec2_attn,SpecDiv< Q700,120,0.009631890648355087,0.0096583083892862,2.641774093111356e-05,-2.7499803885196646e-05,8.353710485001402e-05,0.27427367996152574,0.014853187649011942,-0.015461569877717626,0.04696814527888331,0.004994474345803751,0.016278239049280826,share,11,False,0.6316981845377453,12,2.708602502244691
dec2_mlp,SpecDiv< Q700,120,0.009631890648355087,0.009635284232596556,3.3935842414697013e-06,-3.696464215560506e-05,4.8609110914791615e-05,0.035232794529797225,0.0019080186936769475,-0.020783108129777392,0.027330128179836027,0.0,0.0020910787058046752,share,16,False,0.27506946680498084,12,6.822503890818011
upsample,SpecDiv< Q700,120,0.009631890648355087,0.009689361012230316,5.7470363875230156e-05,-2.3321064266686637e-05,0.0001449993384691576,0.5966675284570929,0.032312304868219816,-0.013112103136714445,0.08152485062522759,0.022453591565011626,0.035412426969042725,share,7,False,-0.022765093399275498,12,12.559089977130588
decoder_io,SpecDiv< Q700,120,0.009631890648355087,0.009779010472508768,0.0001471198241536816,4.413275746628643e-05,0.00030504850049813587,1.5274241530016373,0.08271707867611987,0.02481333017173524,0.17151135790767771,0.07285836537291167,0.09065315890206364,share,3,True,-0.25670184127573165,12,20.28852341191251
decoder_heads,SpecDiv< Q700,120,0.009631890648355087,0.009784272716691097,0.00015238206833600998,5.12669930079331e-05,0.0002880234426508347,1.5820577070404496,0.08567573818068751,0.0288245035536169,0.16193913976833554,0.07581702487747931,0.09389567948544715,share,2,True,0.37548988180604886,12,5.4483290044180235
film,SpecDiv< Q700,120,0.009631890648355087,0.009633517785308262,1.627136953175068e-06,-2.654469572007656e-05,3.1870226181733104e-05,0.016893224939726104,0.0009148462224370865,-0.014924567079536497,0.01791880884622565,0.0,0.0010026188219033967,share,17,False,-0.2783275233190272,12,21.256083300249784
cond_embed,SpecDiv< Q700,120,0.009631890648355087,0.009663898459014794,3.200781065970659e-05,-8.836166719750811e-05,0.00016451060558514037,0.3323107770661081,0.017996164744077038,-0.04968072127311942,0.09249492230922877,0.008137451440868847,0.019722761106691664,share,9,False,-0.014991340228935907,12,12.36526802269747
encoder_io,SpecRes Q700,120,0.000659318087855354,0.0009663395224682366,0.0003070214346128826,0.00019708203811508914,0.0003758433245820925,46.56651171387842,1.6484277383833355,1.058152499273101,2.017939113301688,1.6394921404016425,0.6547179557790552,share,1,True,0.25020153712361953,12,7.196904888805051
enc0_attn,SpecRes Q700,120,0.000659318087855354,0.0006914927701776227,3.217468232226869e-05,1.4539725331511969e-05,4.206893560573613e-05,4.879993877754406,0.17274897721904592,0.07806518973230504,0.2258721788079612,0.16381337923735287,0.06861195950190625,share,4,True,-0.013732980216699931,12,12.33418082384344
enc0_mlp,SpecRes Q700,120,0.000659318087855354,0.0006855348765384406,2.6216788683086634e-05,5.680855368458045e-06,3.8532624118185264e-05,3.9763490742936005,0.14076047078284665,0.030501061200882005,0.2068853808503769,0.1318248728011536,0.055906853263598566,share,5,True,0.10103839289688507,12,9.797605019798487
enc1_attn,SpecRes Q700,120,0.000659318087855354,0.0006703330873278901,1.1014999472536147e-05,1.4595667986820142e-06,1.7069884415832347e-05,1.6706654459255026,0.05914059613362418,0.007836555125229171,0.09164985825023818,0.05020499815193112,0.02348929789432895,share,9,True,-0.09332498722284828,12,14.47034456865403
enc1_mlp,SpecRes Q700,120,0.000659318087855354,0.0006374222284648567,-2.1895859390497208e-05,-2.745039455476217e-05,-1.0822196297037113e-05,-3.3209856962548376,-0.11756098404186904,-0.14738381986486276,-0.058105417261042416,0.108625386060176,-0.0466925454838274,share,6,True,-0.4031023252924044,12,28.20789662442054
enc2_attn,SpecRes Q700,120,0.000659318087855354,0.0006569484782327587,-2.369609622595211e-06,-5.287263775244355e-06,-3.985320896996851e-08,-0.3594030963571977,-0.01272266295006789,-0.028387829918948854,-0.00021397572847810242,0.003787064968374835,-0.005053151973105976,share,14,True,0.09803701775403854,12,9.857186608417262
enc2_mlp,SpecRes Q700,120,0.000659318087855354,0.00065988241112791,5.643232725560665e-07,-1.3838045560987666e-06,2.5606197596061972e-06,0.08559195977645799,0.0030299061597103432,-0.007429780326740517,0.013748214825813374,0.0,0.0012034097224264335,share,18,False,-0.3934511263589196,12,27.568122278307573
downsample,SpecRes Q700,120,0.000659318087855354,0.0006989014121548583,3.958332429950436e-05,4.953593694760154e-06,6.053984810326558e-05,6.00367637846278,0.212526691613564,0.026596323026824922,0.32504429215753955,0.20359109363187095,0.08441076174693722,share,3,True,0.13687096594897155,12,9.11057518296869
dec0_attn,SpecRes Q700,120,0.000659318087855354,0.0006600513346105193,7.332467551653584e-07,-2.479335671523586e-06,3.0920626159058865e-06,0.11121289839787067,0.003936872654569486,-0.013311792705470156,0.016601582854643887,0.0,0.0015636361585919876,share,17,False,-0.13718729185373763,12,15.816001982126073
dec0_mlp,SpecRes Q700,120,0.000659318087855354,0.0006655249938679239,6.206906012569864e-06,1.0344972300420826e-06,1.0670439466290796e-05,0.9414129730248779,0.03332547792162896,0.0055543155526983565,0.05729062017820423,0.024389879939935907,0.013236120863634165,share,11,True,0.11504768382415556,12,9.523743197860254
dec1_attn,SpecRes Q700,120,0.000659318087855354,0.0006558880971473021,-3.42999070805187e-06,-7.011406402549861e-06,1.0032951346753417e-07,-0.5202330667446161,-0.018415951422671627,-0.03764491822408005,0.0005386788488788077,0.009480353440978573,-0.007314396493353647,share,13,False,0.0841334499321276,12,10.137496081780823
dec1_mlp,SpecRes Q700,120,0.000659318087855354,0.0006659611341698716,6.643046314517657e-06,8.645558409625664e-07,1.051725339493714e-05,1.007563183368186,0.03566715733063872,0.004641883819678518,0.056468149364491405,0.026731559348945673,0.014166182594614486,share,10,True,-0.3561007753681069,12,25.272913340935325
dec2_attn,SpecRes Q700,120,0.000659318087855354,0.0006594395429904883,1.214551351343592e-07,-4.520424530104113e-06,5.8415974005280674e-06,0.018421326120360425,0.0006521043521831467,-0.024270595940923945,0.03136410069752961,0.0,0.000259000997419937,share,19,False,0.47620811400579155,12,4.25787026388465
dec2_mlp,SpecRes Q700,120,0.000659318087855354,0.0006631895327397311,3.8714448843772215e-06,-1.5889801337228467e-06,7.042010596099605e-06,0.5871892422927987,0.02078616153649455,-0.008531387821412047,0.03780923509538208,0.011850563554801496,0.008255789970516863,share,12,False,-0.160027645299248,12,16.572368918677356
upsample,SpecRes Q700,120,0.000659318087855354,0.0006569742157201593,-2.3438721351946392e-06,-1.0500527423573658e-05,7.786659261910243e-06,-0.3554994437994025,-0.012584475894167741,-0.056378346008638634,0.041807325709544346,0.0036488779124746865,-0.004998267221625876,share,15,False,-0.23514830148767146,12,19.378632023281238
decoder_io,SpecRes Q700,120,0.000659318087855354,0.0007420461285316075,8.272804067625354e-05,5.0030606143991466e-05,0.00010664671414512365,12.547515713599386,0.44417484129337426,0.26861915696496697,0.5725965095105569,0.4352392433116812,0.17641613115858507,share,2,True,0.35683441359509127,12,5.688230604653663
decoder_heads,SpecRes Q700,120,0.000659318087855354,0.0006457777684166407,-1.3540319438713292e-05,-2.776408170272286e-05,1.2814369680806188e-05,-2.0536854195457575,-0.07269928295882411,-0.14906803646206793,0.06880158858736889,0.06376368497713104,-0.028874499510718497,share,8,False,0.2793180652876215,12,6.759994602752852
film,SpecRes Q700,120,0.000659318087855354,0.0006615972282209744,2.2791403656204543e-06,-9.85173392109573e-07,4.345783963799477e-06,0.34568145597735656,0.01223692477072495,-0.005289491102529295,0.023332933871477484,0.003301326789031895,0.004860227830653032,share,16,False,-0.24260532013126662,12,19.687574045489097
cond_embed,SpecRes Q700,120,0.000659318087855354,0.0006415642443850326,-1.7753843470321346e-05,-3.4484050229366406e-05,4.349638402345587e-06,-2.6927584419944375,-0.09532210047905745,-0.18514819657971401,0.02335362872434114,0.0863865024973644,-0.037859767409289494,share,7,False,0.16182013944255755,12,8.657242188550134
encoder_io,SpecResLog Q700,120,0.8771249094927988,0.8807955913519211,0.0036706818591222454,-0.003260345679560147,0.012022926345897224,0.4184902081101349,0.13245377670632688,-0.11764710623250868,0.43383819755953706,0.1121622867267686,0.16215014998839705,share,7,False,0.3203907253745368,12,6.176437882197526
enc0_attn,SpecResLog Q700,120,0.8771249094927988,0.8811496792096842,0.004024769716885303,0.001865179663202529,0.005487457339573665,0.45885935666935324,0.145230769059945,0.06730359647296859,0.19801074487975093,0.12493927908038671,0.17779176684567474,share,6,True,0.3256214366481228,12,6.1047162760771165
enc0_mlp,SpecResLog Q700,120,0.8771249094927988,0.882265506553539,0.005140597060740225,0.0032036730266868534,0.006711698901607855,0.586073546094227,0.18549455424156663,0.11560211644665201,0.2421865750703458,0.16520306426200837,0.2270827645706848,share,5,True,0.6809319131215248,12,2.2777942477345863
enc1_attn,SpecResLog Q700,120,0.8771249094927988,0.8839025275328806,0.0067776180400818675,0.005301613596105986,0.008312259968507292,0.7727084211986471,0.24456521729084002,0.19130471405379915,0.29994160977407064,0.22427372731128173,0.2993971757678116,share,2,True,0.24768733948727858,12,7.235588308415871
enc1_mlp,SpecResLog Q700,120,0.8771249094927988,0.8792340608663928,0.0021091513735940017,0.0011784779361767594,0.003145060398962038,0.24046191719872917,0.07610713099082521,0.042524484388035605,0.1134871241365611,0.055815641011266924,0.09317048567599967,share,9,True,-0.18525513249709483,12,17.457074180236454
enc2_attn,SpecResLog Q700,120,0.8771249094927988,0.8768376901576705,-0.00028721933512827297,-0.0013239179337343357,0.0007861738116199999,-0.03274554536301549,-0.010364092324230209,-0.0477725766226665,0.02836848697140371,0.0,-0.012687740332188271,share,17,False,-0.0525541084358856,12,13.331261883862314
enc2_mlp,SpecResLog Q700,120,0.8771249094927988,0.877556294726089,0.00043138523328994927,-0.0002725716941166176,0.0010226627261381775,0.04918173325386457,0.015566209646470692,-0.009835543284489627,0.03690201046357654,0.0,0.01905618164835227,share,16,False,0.2996911016505304,12,6.465926226255937
downsample,SpecResLog Q700,120,0.8771249094927988,0.8826282963254722,0.005503386832673475,0.0024522242498386223,0.008413345070509948,0.6274347898585884,0.19858554858191427,0.08848665607311292,0.30358918917290134,0.17829405860235598,0.2431087832208818,share,3,True,0.3893257998722462,12,5.274565837765982
dec0_attn,SpecResLog Q700,120,0.8771249094927988,0.8776972957936063,0.0005723863008074889,-0.00035628160040423925,0.0012316158295607954,0.06525710245060463,0.02065412645024073,-0.012856151896476377,0.04444192505302877,0.00036263647068244636,0.025284818485858084,share,13,False,-0.2686063673212082,12,20.81406745653219
dec0_mlp,SpecResLog Q700,120,0.8771249094927988,0.8768993316689294,-0.0002255778238693292,-0.0011150864754928896,0.0005415976595739372,-0.025717867709374547,-0.008139805044241022,-0.04023705150750888,0.019543141633916922,0.0,-0.009964763871749582,share,18,False,0.21391237764861257,12,7.770784483216799
dec1_attn,SpecResLog Q700,120,0.8771249094927988,0.8776963429549522,0.0005714334621533257,-0.0002831765438429813,0.0012357705984639674,0.06514847041383873,0.020619743988567554,-0.010218211260514065,0.04459184674433512,0.0003282540090092721,0.025242727414875363,share,14,False,0.2833145194758513,12,6.70157286913765
dec1_mlp,SpecResLog Q700,120,0.8771249094927988,0.8771585502005079,3.3640707709142736e-05,-0.0011372027525966277,0.001121912933224326,0.0038353383132848913,0.0012138994764899368,-0.041035100627945124,0.040483379068097604,0.0,0.0014860579069790902,share,19,False,-0.10191847572813224,12,14.723631821129311
dec2_attn,SpecResLog Q700,120,0.8771249094927988,0.8783710863447833,0.0012461768519846095,-3.249637047961218e-05,0.002197353251747097,0.14207518661227128,0.04496734852658496,-0.0011726069336616073,0.07928982900779864,0.024675858547026676,0.05504910837184144,share,11,False,0.15388295648373168,12,8.799336592279731
dec2_mlp,SpecResLog Q700,120,0.8771249094927988,0.8779699615733708,0.0008450520805720804,-0.0002652297113815813,0.001616343516354394,0.09634341374032296,0.030493064744128145,-0.009570613394324549,0.05832453244725457,0.01020157476456986,0.03732966431624671,share,12,False,-0.14098786783148554,12,15.939069893476034
upsample,SpecResLog Q700,120,0.8771249094927988,0.877605184842022,0.0004802753492230509,-0.0017161853580164724,0.0019505397436158543,0.05475563902304088,0.017330372477105647,-0.06192724973766548,0.07038375036933604,0.0,0.021215872936171536,share,15,False,-0.0026897739571023964,12,12.064728680489516
decoder_io,SpecResLog Q700,120,0.8771249094927988,0.8800527203317223,0.0029278108389233595,-0.0019714821081866125,0.006935228789583718,0.3337963392940668,0.10564783818934696,-0.07113943974450325,0.2502524818978651,0.08535634820978867,0.1293342721841334,share,8,False,0.5556281716653927,12,3.4278512289389624
decoder_heads,SpecResLog Q700,120,0.8771249094927988,0.8826055620707275,0.005480652577928781,0.002194380843359699,0.008393491402160374,0.6248428836775359,0.19776520020602464,0.07918257190082655,0.3028727845768886,0.17747371022646635,0.24210451127408658,share,4,True,0.23508074383680969,12,7.431927928406844
film,SpecResLog Q700,120,0.8771249094927988,0.8786311480084184,0.001506238515619503,0.00021379621983386653,0.0023423751764662915,0.17172451714893058,0.05435147682944176,0.007714674779607112,0.08452283540047775,0.034059986849883477,0.06653717499898132,share,10,True,0.22280585102537934,12,7.626991463832862
cond_embed,SpecResLog Q700,120,0.8771249094927988,0.8690926929015567,-0.008032216591242314,-0.009968945842741682,-0.005831039984489177,-0.9157437560275169,-0.28983645645816575,-0.3597218656720416,-0.21040866457870594,0.26954496647860743,-0.3548183076047554,share,1,True,-0.3609935116980558,12,25.558304085105764
encoder_io,SpecDivW1 Q700,120,1.6137610620780487,1.7938686386988103,0.18010757662076174,0.1397777414929147,0.22332625491322025,11.16073381946868,0.43197932122029126,0.33525016006935854,0.535637233136598,0.4263834799497378,0.43380985233549857,share,1,True,-0.058561902740245864,12,13.492913522255844
enc0_attn,SpecDivW1 Q700,120,1.6137610620780487,1.6544984600719301,0.04073739799388191,0.028185633804044565,0.048828344561257786,2.5243760647827345,0.09770668099505928,0.06760188098289772,0.1171124254494643,0.09211083972450582,0.09812071729480586,share,5,True,0.04964972790632854,12,10.864770372371094
enc0_mlp,SpecDivW1 Q700,120,1.6137610620780487,1.6717061001686393,0.057945038090590706,0.04519507330556512,0.06612475852635076,3.590682626582561,0.13897837443653585,0.10839819987222453,0.15859703872544315,0.1333825331659824,0.13956730132782394,share,3,True,0.24207049318874793,12,7.322574790731225
enc1_attn,SpecDivW1 Q700,120,1.6137610620780487,1.646121496839262,0.032360434761213606,0.02481290541097288,0.03855627358709435,2.0052804297770637,0.0776149393869039,0.05951255487438374,0.09247535947922422,0.07201909811635045,0.07794383605990043,share,7,True,0.4565132508835423,12,4.477707968287448
enc1_mlp,SpecDivW1 Q700,120,1.6137610620780487,1.6229991131364379,0.009238051058389448,0.000789759681978597,0.015138851353457064,0.5724547007283446,0.022157019157524153,0.0018942004425867142,0.03630980358750447,0.0165611778869707,0.022250910487492257,share,11,True,0.1542769035359202,12,8.792237916638813
enc2_attn,SpecDivW1 Q700,120,1.6137610620780487,1.6160065540202175,0.0022454919421691457,-0.0022085380064668153,0.00538214128481569,0.13914649417043276,0.0053857039397422245,-0.005297071710267927,0.012908805851193597,0.0,0.005408526093847062,share,19,False,0.19584637456864737,12,8.069467542314554
enc2_mlp,SpecDivW1 Q700,120,1.6137610620780487,1.6163644285001109,0.002603366422062677,-0.000832525160788292,0.005473431519926155,0.16132291720499864,0.006244048590239575,-0.001996771377438454,0.013127761069718887,0.000648207319686125,0.006270508017040403,share,17,False,0.13566245278768183,12,9.133039963668613
downsample,SpecDivW1 Q700,120,1.6137610620780487,1.703599115837313,0.08983805375926418,0.0783944144585181,0.09914142539584377,5.56699847767917,0.21547223171179686,0.18802521571071487,0.23778591912036134,0.2098763904412434,0.21638530464199496,share,2,True,-0.4400014648241413,12,30.857254961324454
dec0_attn,SpecDivW1 Q700,120,1.6137610620780487,1.6227673483699856,0.009006286291937116,0.004106122537074177,0.011919149716349017,0.558092923641352,0.021601142562139897,0.009848336531380406,0.02858750476018536,0.016005301291586446,0.02169267834091821,share,12,True,0.1748002572470021,12,8.429004719696781
dec0_mlp,SpecDivW1 Q700,120,1.6137610620780487,1.6201774042199226,0.006416342141874032,0.00201742923253425,0.009069943017196491,0.39760174493314854,0.015389286642838465,0.004838706548781904,0.021753820142309404,0.009793445372285015,0.015454499412655736,share,13,True,0.12644009471276882,12,9.30605978307241
dec1_attn,SpecDivW1 Q700,120,1.6137610620780487,1.609579671835972,-0.004181390242076181,-0.008302152992181974,-0.0011217681263875855,-0.2591083860142085,-0.010028862485516345,-0.01991231286055939,-0.0026905066566067356,0.004433021214962895,-0.010071360225403553,share,15,True,0.231531947553627,12,7.487923190035572
dec1_mlp,SpecDivW1 Q700,120,1.6137610620780487,1.6114604283304648,-0.002300633747583769,-0.007426985867439209,0.00267006042917002,-0.14256346875919976,-0.005517958896034411,-0.01781326679268223,0.006404010944185157,0.0,-0.0055413414862544525,share,18,False,-0.31627506312284237,12,23.10183511752182
dec2_attn,SpecDivW1 Q700,120,1.6137610620780487,1.6232142392432032,0.009453177165154758,0.0045424012284231525,0.01342362337359863,0.5857854292866536,0.02267298873149115,0.010894729895212289,0.032195912143406905,0.0170771474609377,0.022769066504914413,share,10,True,0.3374462436284588,12,5.9446464591269015
dec2_mlp,SpecDivW1 Q700,120,1.6137610620780487,1.6425061186397227,0.028745056561674014,0.024435057458101973,0.0343388955337217,1.7812461359464735,0.06894362944040318,0.05860630481390274,0.08236018196694592,0.06334778816984973,0.06923578106129435,share,8,True,0.10145347682036182,12,9.78939056898016
upsample,SpecDivW1 Q700,120,1.6137610620780487,1.610124945352773,-0.0036361167252753437,-0.01375953052174203,0.004234790499141352,-0.22531939893215025,-0.008721050298564325,-0.03300156920998088,0.010156940422229544,0.0031252090280108756,-0.00875800612756955,share,16,False,0.019702684861007555,12,11.536272245150913
decoder_io,SpecDivW1 Q700,120,1.6137610620780487,1.6508328016354865,0.037071739557438234,0.005582603448717519,0.06605998849455265,2.2972260533849265,0.08891477632946822,0.013389604666642655,0.15844169093332622,0.08331893505891476,0.08929155655175526,share,6,True,0.3328654713424271,12,6.006318353965485
decoder_heads,SpecDivW1 Q700,120,1.6137610620780487,1.6260090689925608,0.012248006914512314,-0.002240960296428877,0.023084217555740093,0.7589727625935211,0.029376252862327177,-0.005374835006365735,0.05536638056947036,0.023780411591773725,0.029500736008327734,share,9,False,-0.005067900007253117,12,12.122249146625142
film,SpecDivW1 Q700,120,1.6137610620780487,1.6192585809576812,0.005497518879632586,0.0008018870215109844,0.009164570953553983,0.340664984973265,0.01318553343827328,0.0019232872805626622,0.02198078067602564,0.0075896921677198305,0.013241407708275794,share,14,True,0.49455185886215053,12,4.0583253486245425
cond_embed,SpecDivW1 Q700,120,1.6137610620780487,1.5631624378880267,-0.050598624190021944,-0.06577643127621653,-0.03971622497686835,-3.135447085633968,-0.12135835561382308,-0.15776159264428052,-0.09525744684836461,0.11576251434326962,-0.12187261691090077,share,4,True,0.5869364945950225,12,3.1234785271761414
encoder_io,|RQE| Q700,120,0.19268828568359217,0.17931495606899261,-0.013373329614599546,-0.017232744473343095,-0.007454209929953019,-6.940395762594257,-0.5332826195433982,-0.6871828766288588,-0.2972483826116171,0.519048487311764,0.8292759273204794,share,1,True,-0.3389931126418945,12,24.308244980506263
enc0_attn,|RQE| Q700,120,0.19268828568359217,0.1907454946388801,-0.0019427910447120667,-0.0035668650331596536,-0.0007179904418687036,-1.008255918526499,-0.07747185834845886,-0.1422343711893987,-0.02863100175358458,0.06323772611682466,0.12047185642045997,share,8,True,-0.0624319306445463,12,13.59814138774925
enc0_mlp,|RQE| Q700,120,0.19268828568359217,0.1877927922954162,-0.004895493388175964,-0.005699853723247846,-0.0037448000783721607,-2.540628440804498,-0.19521552322720034,-0.22729066075134063,-0.14932981187276512,0.18098139099556612,0.30356799212807434,share,3,True,-0.4582654813058681,12,32.30214278730614
enc1_attn,|RQE| Q700,120,0.19268828568359217,0.19435283727943897,0.001664551595846812,-0.0005108855043848355,0.0034307104845841727,0.863857182569014,0.06637662130373749,-0.020372365590067266,0.1368049937329562,0.052142489072103275,-0.1032183164551413,share,9,False,0.12228307771207512,12,9.384978956403073
enc1_mlp,|RQE| Q700,120,0.19268828568359217,0.19248594033221403,-0.00020234535137812296,-0.0020077240653336046,0.0011435523629188538,-0.10501175546830509,-0.00806884015761889,-0.08006116500056715,0.045600954830026456,0.0,0.012547371054093755,share,18,False,0.1426535460025775,12,9.003741758786667
enc2_attn,|RQE| Q700,120,0.19268828568359217,0.19316073941687742,0.00047245373328526813,-0.0006257412955164909,0.0017837186964849614,0.2451906879596566,0.018839838077749364,-0.024952421487108183,0.07112859746996668,0.00460570584611515,-0.029296706136551404,share,15,False,0.12804814734630057,12,9.275687617110387
enc2_mlp,|RQE| Q700,120,0.19268828568359217,0.19295786942044893,0.00026958373685677844,-0.0004669221583753824,0.0010102954227477312,0.13990665592378254,0.010750076870933824,-0.018619257800200233,0.0402871240807107,0.0,-0.0167168020093042,share,17,False,-0.13446135306908666,12,15.728397900083207
downsample,|RQE| Q700,120,0.19268828568359217,0.18893645890057087,-0.0037518267830212912,-0.006236778665333986,-0.00128726790038248,-1.9470964567000493,-0.14961001280776304,-0.2487013900061776,-0.051331838648520076,0.13537588057612882,0.23264958871866986,share,4,True,0.2961008417804146,12,6.5170777044106565
dec0_attn,|RQE| Q700,120,0.19268828568359217,0.1922288921972116,-0.0004593934863805771,-0.0011009851936250924,0.00044570863246917725,-0.2384127736415351,-0.018319040125262365,-0.04390352178966061,0.017773334982844204,0.004084907893628151,0.028486844368761095,share,16,False,-0.22051249981159107,12,18.78946101662822
dec0_mlp,|RQE| Q700,120,0.19268828568359217,0.1918998851130406,-0.0007884005705515543,-0.0016290088805059593,0.00013805789252122237,-0.40915853693678295,-0.03143871673171441,-0.06495929944830643,0.0055052762994777195,0.017204584500080198,0.048888469295663345,share,12,False,0.10813412372966069,12,9.658028108748159
dec1_attn,|RQE| Q700,120,0.19268828568359217,0.19324513090153536,0.0005568452179431915,-2.859602682292461e-05,0.00114135534192125,0.28898758218108334,0.022205081685923268,-0.0011403116899186033,0.0455133451511687,0.007970949454289052,-0.034529795330827354,share,14,False,-0.06027548760035645,12,13.539399774423828
dec1_mlp,|RQE| Q700,120,0.19268828568359217,0.1903402917087078,-0.0023479939748843512,-0.0035060311357180277,-0.0010596362718691436,-1.2185452616148778,-0.09362996454013126,-0.13980852354190718,-0.04225466829208175,0.07939583230849703,0.1455983615882352,share,6,True,0.026216609340319427,12,11.386875423335692
dec2_attn,|RQE| Q700,120,0.19268828568359217,0.1946872671445211,0.001998981460928917,0.0012234306273361047,0.00308987321332097,1.0374172222443176,0.07971253985537714,0.048786226659901066,0.12321356974989399,0.06547840762374293,-0.12395620630621186,share,7,True,-0.06939430433540648,12,13.789655180285955
dec2_mlp,|RQE| Q700,120,0.19268828568359217,0.19106070200602213,-0.0016275836775700252,-0.0023086318125327427,-0.0007188148951778812,-0.8446718345102894,-0.06490246723247395,-0.09206033620861667,-0.028663878130154963,0.05066833500083974,0.10092594756918917,share,10,True,-0.2818891998362293,12,21.42102638551964
upsample,|RQE| Q700,120,0.19268828568359217,0.19280632709463438,0.00011804141104221344,-0.0021983074645201364,0.0022720277309417718,0.06126029437827155,0.004707087517417446,-0.08766097875590337,0.09060069069928121,0.0,-0.0073197104554564305,share,19,False,-0.1855910863675675,12,17.469225592037084
decoder_io,|RQE| Q700,120,0.19268828568359217,0.19552595416704813,0.002837668483455976,-0.0007988712905595699,0.007793558311338223,1.4726730654065963,0.11315650820429275,-0.031856253213301176,0.3107804347615434,0.09892237597265854,-0.1759629225377855,share,5,False,0.05861735764295038,12,10.67108112929195
decoder_heads,|RQE| Q700,120,0.19268828568359217,0.2029397909839948,0.010251505300402641,0.008889031441261372,0.01205814881250262,5.320253519322051,0.40879494923190485,0.35446415431385736,0.48083770989653174,0.3945608170002707,-0.6356925918539678,share,2,True,-0.05765781962743616,12,13.468455620347353
film,|RQE| Q700,120,0.19268828568359217,0.19408416437606016,0.0013958786924680073,0.0008143004340430101,0.0021995310826847946,0.7244232245441942,0.05566286535490009,0.03247151465463868,0.08770977246090988,0.04142873312326588,-0.08655799494088574,share,11,True,-0.3151007757092598,12,23.041651601888788
cond_embed,|RQE| Q700,120,0.19268828568359217,0.19209344685077667,-0.0005948388328154882,-0.0014876180638869604,0.0011600846424698829,-0.30870523898492497,-0.023720137027332205,-0.05932111754156236,0.04626020556264669,0.009486004795697991,0.03688576733731143,share,13,False,-0.6484195428360435,12,56.26317990936513
encoder_io,Vag/Vg 850hPa,120,0.35729681700468063,0.3573553189635277,5.85019588470459e-05,-9.222477674484253e-05,0.0002478452399373054,0.016373490068421044,0.012531313661543688,-0.019754853128543057,0.053089272605301135,0.005021569119408028,0.002464014803335667,share,17,False,-0.5751771779753321,12,44.494140040824846
enc0_attn,Vag/Vg 850hPa,120,0.35729681700468063,0.35711966703335446,-0.00017714997132619223,-0.00027430057525634766,-4.685434202353162e-05,-0.0495806183808997,-0.03794611154176903,-0.05875609319452273,-0.010036355497723146,0.030436366999633372,-0.007461291217606263,share,6,True,0.1684087587096989,12,8.540756666788223
enc0_mlp,Vag/Vg 850hPa,120,0.35729681700468063,0.3571673259139061,-0.00012949109077453613,-0.00020911625276009242,-7.193908095359902e-06,-0.036241881990468384,-0.027737421222316518,-0.04479339507100442,-0.0015409589793560464,0.02022767668018086,-0.005453970616654851,share,11,True,-0.1904616310199044,12,17.646525624519345
enc1_attn,Vag/Vg 850hPa,120,0.35729681700468063,0.35713667422533035,-0.00016014277935028076,-0.0002560905491312345,-1.4633064468702006e-05,-0.04482065658821217,-0.03430311460025726,-0.05485544518792661,-0.0031344509534513556,0.026793370058121605,-0.006744973787938974,share,7,True,-0.03194191585369634,12,12.791900809510572
enc1_mlp,Vag/Vg 850hPa,120,0.35729681700468063,0.3571661139527957,-0.00013070305188496908,-0.00023284554481506348,-2.061470101277045e-05,-0.03658108487522766,-0.02799702731277472,-0.04987628814958779,-0.004415737344887442,0.02048728277063906,-0.005505016601712918,share,10,True,-0.03631025601942785,12,12.90428081227337
enc2_attn,Vag/Vg 850hPa,120,0.35729681700468063,0.3572087263067563,-8.809069792429607e-05,-0.00012497063726186753,-5.266070365905762e-05,-0.02465476705412186,-0.01886931973063995,-0.026769125083587524,-0.011280097422286143,0.011359575188504289,-0.0037102481352655845,share,16,True,-0.28591163013565474,12,21.6092856470401
enc2_mlp,Vag/Vg 850hPa,120,0.35729681700468063,0.35717057188351947,-0.00012624512116114298,-0.0002126738429069519,-5.6430511176586154e-05,-0.035333402133131554,-0.027042123762831136,-0.04555544268253947,-0.012087602698636062,0.01953237922069548,-0.005317255242739087,share,12,True,0.14651040308263294,12,8.933085243248541
downsample,Vag/Vg 850hPa,120,0.35729681700468063,0.3571840226650238,-0.00011279433965682983,-0.0002937230591972669,3.193027029434839e-05,-0.0315688061826065,-0.024160921742499987,-0.06291645368751576,0.006839569823678739,0.016651177200364325,-0.004750728490537272,share,15,False,-0.3493748464217259,12,24.88759936194606
dec0_attn,Vag/Vg 850hPa,120,0.35729681700468063,0.3571590681870778,-0.00013774881760279337,-0.00020831755052010218,-6.64377585053444e-05,-0.038553049186830245,-0.029506253703409775,-0.04462231040155492,-0.014231188274858989,0.021996509161274113,-0.005801773691077125,share,8,True,0.16711813582498755,12,8.563471051741812
dec0_mlp,Vag/Vg 850hPa,120,0.35729681700468063,0.35716282079617184,-0.00013399620850880942,-0.00022333612044652304,-6.891991943120959e-05,-0.03750277140225799,-0.028702432386437774,-0.04783933790293935,-0.014762875379589414,0.021192687844302113,-0.005643719421768237,share,9,True,0.2437782197968885,12,7.296044598625668
dec1_attn,Vag/Vg 850hPa,120,0.35729681700468063,0.35717225074768066,-0.00012456625699996948,-0.00017501109590133032,-9.62639848391215e-05,-0.03486352272719453,-0.026682505489983306,-0.0374879573301812,-0.020620064902152103,0.019172760947847648,-0.005246544001142259,share,13,True,-0.3660336982810787,12,25.85690175475725
dec1_mlp,Vag/Vg 850hPa,120,0.35729681700468063,0.35711370408535004,-0.00018311291933059692,-0.0002223083128531774,-0.00015453249216079712,-0.051249524377430467,-0.03922339478601111,-0.04761917810675876,-0.03310137247250097,0.03171365024387545,-0.007712441648189084,share,5,True,-0.4775621916502452,12,33.938482277555224
dec2_attn,Vag/Vg 850hPa,120,0.35729681700468063,0.3571780001123746,-0.00011881689230600993,-0.0001634262502193451,-9.057776381572089e-05,-0.03325439428822379,-0.02545097249938755,-0.03500644495311543,-0.01940205749526516,0.01794122795725189,-0.005004389379401638,share,14,True,-0.5894252112593296,12,46.454636422303594
dec2_mlp,Vag/Vg 850hPa,120,0.35729681700468063,0.3572560672958692,-4.0749708811442055e-05,-0.00010321425894896189,2.5234868129094337e-05,-0.011405001912151998,-0.008728722811963357,-0.022108836673569703,0.0054053924683129025,0.0012189782698276963,-0.0017163166451490755,share,19,False,-0.5326775162664205,12,39.356399136324015
upsample,Vag/Vg 850hPa,120,0.35729681700468063,0.3589988574385643,0.001702040433883667,0.0014911501978834472,0.001820953624943892,0.4763659660201703,0.36458270734815157,0.31940931918203597,0.39005430736015695,0.35707296280601597,0.07168739145863641,share,3,True,-0.18040513232275204,12,17.282760234964123
decoder_io,Vag/Vg 850hPa,120,0.35729681700468063,0.35764825840791065,0.0003514414032300313,-2.50724454720815e-05,0.000753400350610415,0.09836119061352493,0.07527991445624833,-0.005370600996353978,0.16138085445822356,0.06777016991411267,0.014802185040126798,share,4,False,0.5513742983873833,12,3.4701544462528675
decoder_heads,Vag/Vg 850hPa,120,0.35729681700468063,0.375981738169988,0.01868492116530736,0.01772803291678429,0.019659204284350074,5.229523543464029,4.002372099639641,3.7974034623904407,4.211066775860519,3.9948623550975055,0.78698086795434,share,1,True,0.19497647066807378,12,8.084077460188277
film,Vag/Vg 850hPa,120,0.35729681700468063,0.35735130806763965,5.449106295903524e-05,-2.573306361834208e-06,0.00010374654084444039,0.015250923144473858,0.011672166456441249,-0.0005512107594841439,0.022222853221392343,0.004162421914305589,0.0022950818814734195,share,18,False,0.11838805976302155,12,9.45945657277978
cond_embed,Vag/Vg 850hPa,120,0.35729681700468063,0.35952341308196384,0.0022265960772832236,0.0020551030213634175,0.002370563087364038,0.6231782572118617,0.47694426634413095,0.4402098848488648,0.5077824775047886,0.4694345218019953,0.09378088877022325,share,2,True,-0.2624036998871684,12,20.53812416945241
encoder_io,|Vag| 850hPa,120,3.8335944016774497,3.8396868904431662,0.006092488765716553,0.0023620054125785828,0.012459270159403483,0.15892366607825512,0.0668860728263648,0.02593115426506952,0.1367834530831839,0.05556278386288604,0.019995786242374792,share,5,True,-0.25178941025020873,12,20.076530763920125
enc0_attn,|Vag| 850hPa,120,3.8335944016774497,3.833419601122538,-0.00017480055491129556,-0.002393361926078796,0.001966822644074757,-0.004559703938288537,-0.0019190388518526553,-0.026275400126852328,0.021592660678899964,0.0,-0.0005737022529648727,share,19,False,0.3000347257523316,12,6.461045327932431
enc0_mlp,|Vag| 850hPa,120,3.8335944016774497,3.8340686162312827,0.0004742145538330078,-0.0010638634363810222,0.0026368369658787984,0.012369971993529304,0.0052061399540826525,-0.011679569715992532,0.028948378259385607,0.0,0.0015563906994505096,share,18,False,0.3272749448869507,12,6.082161569051675
enc1_attn,|Vag| 850hPa,120,3.8335944016774497,3.832718332608541,-0.0008760690689086914,-0.0021649728218714396,0.0011823748548825581,-0.022852419351545212,-0.009617878964945554,-0.023768042158016613,0.012980641194901896,0.0,-0.002875292923645499,share,16,False,-0.07549001553126175,12,13.959698005632024
enc1_mlp,|Vag| 850hPa,120,3.8335944016774497,3.82821794350942,-0.005376458168029785,-0.006770172715187072,-0.003880826632181804,-0.14024587905484293,-0.05902516794094563,-0.0743259910175332,-0.042605454474905234,0.04770187897746687,-0.017645745836077784,share,6,True,0.08982085451808383,12,10.021968014745637
enc2_attn,|Vag| 850hPa,120,3.8335944016774497,3.8322813908259072,-0.001313010851542155,-0.002092997233072917,-0.0006790245572725933,-0.03425012439937899,-0.014414821728067129,-0.02297786187878679,-0.007454635984590634,0.003091532764588364,-0.004309352931283994,share,15,True,-0.17976997146553472,12,17.26008456783967
enc2_mlp,|Vag| 850hPa,120,3.8335944016774497,3.831172227859497,-0.002422173817952474,-0.0036901285250981646,-0.0012373069922129315,-0.06318284002325894,-0.026591709991709588,-0.04051188516870955,-0.013583710823632692,0.015268421028230823,-0.007949669136559851,share,11,True,-0.03288745415920361,12,12.816139655322825
downsample,|Vag| 850hPa,120,3.8335944016774497,3.8306737343470254,-0.0029206673304239907,-0.005524112780888875,-0.0006321052710215255,-0.0761861330229929,-0.032064395237558996,-0.06064618647189736,-0.006939535027029676,0.02074110627408023,-0.009585744327158698,share,9,True,-0.2674304757834764,12,20.76139561725255
dec0_attn,|Vag| 850hPa,120,3.8335944016774497,3.8318291902542114,-0.0017652114232381184,-0.002522150675455729,-0.0007843226194381732,-0.04604585770643139,-0.019379282317765516,-0.027689300751259773,-0.008610645314326957,0.008055993354286754,-0.005793492880986256,share,14,True,0.12701002299122663,12,9.295285321687713
dec0_mlp,|Vag| 850hPa,120,3.8335944016774497,3.8310409982999167,-0.002553403377532959,-0.00358739048242569,-0.001447417835394542,-0.06660598670573176,-0.02803240692470422,-0.03938398088058057,-0.01589040184910252,0.016709117961225456,-0.008380369679959827,share,10,True,-0.30336944493884416,12,22.451546555969095
dec1_attn,|Vag| 850hPa,120,3.8335944016774497,3.829533894856771,-0.004060506820678711,-0.004452050228913625,-0.0035381381710370384,-0.10591905129301034,-0.044578064131715264,-0.04887660318939105,-0.03884326692720479,0.0332547751682365,-0.013326742082625253,share,7,True,-0.3388577355117563,12,24.300810414196057
dec1_mlp,|Vag| 850hPa,120,3.8335944016774497,3.830625832080841,-0.00296856959660848,-0.0038181886076927188,-0.0021752754847208667,-0.07743567225863894,-0.032590287789481795,-0.041917786162531445,-0.023881149409281478,0.02126699882600303,-0.009742961436944822,share,8,True,-0.0892220726418398,12,14.351099734723903
dec2_attn,|Vag| 850hPa,120,3.8335944016774497,3.831580022970835,-0.0020143787066141763,-0.0024308934807777405,-0.001616291701793671,-0.05254543114244828,-0.022114752452010136,-0.026687438359077945,-0.01774437485763764,0.010791463488531371,-0.006611269643254098,share,13,True,-0.707279063875446,12,69.98935244518316
dec2_mlp,|Vag| 850hPa,120,3.8335944016774497,3.8314781983693442,-0.0021162033081054688,-0.0031130885084470115,-0.0011716932058334355,-0.05520154420038517,-0.02323262857337236,-0.03417688118894983,-0.012863373263243879,0.011909339609893597,-0.006945461964968689,share,12,True,-0.3804418074789613,12,26.737281323553827
upsample,|Vag| 850hPa,120,3.8335944016774497,3.857981006304423,0.02438660462697347,0.02219456732273102,0.026212636133035025,0.6361289711896158,0.26772707768393755,0.24366190950591715,0.28777407013551987,0.25640378872045877,0.08003778948961561,share,3,True,-0.25718732095810626,12,20.30962620476007
decoder_io,|Vag| 850hPa,120,3.8335944016774497,3.8516669074694314,0.018072505791982014,0.012297546366850536,0.025446876386801393,0.47142456656536497,0.1984080701731485,0.13500797679058543,0.2793672163646443,0.18708478120966973,0.05931467033867408,share,4,True,0.5134866081208032,12,3.857424751051628
decoder_heads,|Vag| 850hPa,120,3.8335944016774497,4.051927427450816,0.2183330257733663,0.2048868998885155,0.23424233645200726,5.69525627640293,2.3969578318230047,2.2493402341956705,2.5716173763192987,2.385634542859526,0.7165775237177107,share,1,True,0.30792611657206154,12,6.349660348477105
film,|Vag| 850hPa,120,3.8335944016774497,3.8329229752222695,-0.0006714264551798502,-0.0015780453880627951,0.0003705024719238281,-0.017514279937545216,-0.007371220613720008,-0.017324489680345487,0.004067542226568347,0.0,-0.00220364786732154,share,17,False,-0.04035108815881882,12,13.009146265745906
cond_embed,|Vag| 850hPa,120,3.8335944016774497,3.862128436565399,0.028534034887949627,0.025113902489344277,0.030238668123881023,0.74431543606867,0.31325942630949866,0.2757116796519761,0.3319736541308674,0.3019361373460199,0.09364981770053382,share,2,True,-0.32680817413331026,12,23.65105676840564
encoder_io,Vag/Vg 500hPa,120,0.24012564743558565,0.24013659730553627,1.0949869950612387e-05,-0.00018613751356800397,0.0003353818319737911,0.004560058480862491,0.0024217066997007535,-0.04116674131349524,0.07417407084395729,0.0,0.00019143944273319904,share,19,False,-0.05121779767297297,12,13.295584108909813
enc0_attn,Vag/Vg 500hPa,120,0.24012564743558565,0.239814264078935,-0.00031138335665067035,-0.00042125098407268523,-0.00018832820157210049,-0.1296751762987749,-0.06886649470517818,-0.0931651549274614,-0.041651240566947835,0.061913137074379426,-0.005443996736259271,share,7,True,0.16009503935415773,12,8.687960197951677
enc0_mlp,Vag/Vg 500hPa,120,0.24012564743558565,0.2400334303577741,-9.221707781155904e-05,-0.00020669065415859222,3.77120450139041e-06,-0.03840367690681459,-0.02039501073257848,-0.045712336694318505,0.0008340511118534365,0.013441653101779725,-0.0016122553113739578,share,18,False,0.22289470229167804,12,7.625565435048924
enc1_attn,Vag/Vg 500hPa,120,0.24012564743558565,0.2398572973906994,-0.0002683500448862712,-0.0003401213636000951,-0.00018767813841501872,-0.11175401201500426,-0.0593491159709834,-0.07522228014184233,-0.041507470612616504,0.052395758340184645,-0.004691634081698259,share,11,True,-0.28421515466983266,12,21.529628570062293
enc1_mlp,Vag/Vg 500hPa,120,0.24012564743558565,0.23985766619443893,-0.00026798124114672345,-0.0003758384535710017,-0.00014488423864046738,-0.11160042419817322,-0.059267550208927246,-0.08312158090673605,-0.03204304096570936,0.05231419257812849,-0.0046851861893766715,share,12,True,0.2641146754894175,12,6.985619315516693
enc2_attn,Vag/Vg 500hPa,120,0.24012564743558565,0.2398646871248881,-0.00026096031069755554,-0.00036448646957675613,-0.00018245726823806763,-0.10867656724072294,-0.057714779775710184,-0.08061094143633551,-0.04035280700996036,0.05076142214491143,-0.00456243742443978,share,13,True,0.17022577689832866,12,8.508862882521484
enc2_mlp,Vag/Vg 500hPa,120,0.24012564743558565,0.23983857656518617,-0.0002870708703994751,-0.00039682500064373014,-0.00019634018341700235,-0.11955027439394313,-0.06348947094996826,-0.08776302978958504,-0.043423194955373653,0.0565361133191695,-0.005018935174763093,share,8,True,0.07921126499718455,12,10.238463198456895
downsample,Vag/Vg 500hPa,120,0.24012564743558565,0.2399021958311399,-0.00022345160444577536,-0.0004152205772697925,-2.944199368357662e-05,-0.09305611742523957,-0.04941923967918479,-0.09183145173077005,-0.006511481294083974,0.042465882048386035,-0.003906662894251641,share,17,True,0.4807039366258109,12,4.20850691779112
dec0_attn,Vag/Vg 500hPa,120,0.24012564743558565,0.23984459787607193,-0.00028104955951372784,-0.00036533121019601824,-0.00021075202773014712,-0.11704270764709553,-0.06215777943410878,-0.08079776685311245,-0.04661056248444965,0.05520442180331003,-0.004913663020327475,share,9,True,0.2982247507259987,12,6.486783576247964
dec0_mlp,Vag/Vg 500hPa,120,0.24012564743558565,0.2398561326165994,-0.0002695148189862569,-0.00037088807051380475,-0.00018470135206977528,-0.11223908060822824,-0.05960672097033917,-0.0820267390620593,-0.04084911544781835,0.05265336333954042,-0.004711998132195394,share,10,True,-0.10395865338214737,12,14.784478295102177
dec1_attn,Vag/Vg 500hPa,120,0.24012564743558565,0.23966739823420843,-0.00045824920137723285,-0.0005588467232882977,-0.00036612898111343384,-0.19083725802349347,-0.10134779372842692,-0.12359624908763368,-0.08097420430709552,0.09439443609762818,-0.00801169074521152,share,5,True,0.1808727742319009,12,8.323950660655045
dec1_mlp,Vag/Vg 500hPa,120,0.24012564743558565,0.23988262812296549,-0.00024301931262016296,-0.00034132354582349457,-0.000149411428719759,-0.10120506293912379,-0.053746893815483775,-0.0754881584360868,-0.03304428815816813,0.04679353618468502,-0.004248770258573454,share,15,True,0.33872404043333876,12,5.927518499056245
dec2_attn,Vag/Vg 500hPa,120,0.24012564743558565,0.23977097868919373,-0.0003546687463919322,-0.0004299707089861234,-0.0003005787419776122,-0.14770131811391496,-0.07843962377505444,-0.09509363593569839,-0.06647691310654315,0.0714862661442557,-0.006200766536077128,share,6,True,-0.16685999768488247,12,16.806683070443313
dec2_mlp,Vag/Vg 500hPa,120,0.24012564743558565,0.239881111929814,-0.00024453550577163696,-0.0003260715554157893,-0.00016109114512801175,-0.1018364795194292,-0.05408221972615905,-0.07211498162935717,-0.03562740993075947,0.0471288620953603,-0.004275278260339981,share,14,True,0.06149770158425635,12,10.609563792913216
upsample,Vag/Vg 500hPa,120,0.24012564743558565,0.2425956167280674,0.0024699692924817405,0.002249433659017086,0.002598553150892258,1.0286153598583494,0.546265956640301,0.4974916220141409,0.5747039557024458,0.5393125990095022,0.04318311971315911,share,4,True,-0.23838771069857523,12,19.51209655770336
decoder_io,Vag/Vg 500hPa,120,0.24012564743558565,0.2431277148425579,0.0030020674069722495,0.002559723767141501,0.003435802366584539,1.2502068975274965,0.6639464016658365,0.5661163305344226,0.7598725507730936,0.6569930440350378,0.0524859303380243,share,3,True,0.5360822859196718,12,3.6241629891792537
decoder_heads,Vag/Vg 500hPa,120,0.24012564743558565,0.28803471724192303,0.04790906980633736,0.04595359414815903,0.04991803125788768,19.95166710344387,10.595716282452248,10.163237310202229,11.040024336210262,10.588762924821449,0.8376068087528489,share,1,True,-0.09335903737144643,12,14.471338698858993
film,Vag/Vg 500hPa,120,0.24012564743558565,0.23988636086384454,-0.00023928657174110413,-0.00032692489524682364,-0.00016319255034128824,-0.0996505680657429,-0.052921349435885175,-0.07230370887408777,-0.036092163129357334,0.045967991805086414,-0.0041835097726519305,share,16,True,-0.017206330676696708,12,12.420181721891899
cond_embed,Vag/Vg 500hPa,120,0.24012564743558565,0.24333506325880686,0.0032094158232212067,0.002884912925461928,0.003592231714477142,1.33655686408181,0.7098042110340982,0.6380361585256751,0.7944689433814048,0.7028508534032994,0.056111056977641766,share,2,True,0.14861649316656012,12,8.894702577215888
encoder_io,|Vag| 500hPa,120,4.092355151971181,4.098002473513286,0.005647321542104085,-0.0008947749932607014,0.016163741052150727,0.13799685834656644,0.036702334512125845,-0.005815204760503814,0.10504927453491242,0.03270553125798468,0.0051709532829815495,share,11,False,0.18145618748930667,12,8.313914518490956
enc0_attn,|Vag| 500hPa,120,4.092355151971181,4.0844253698984785,-0.007929782072703043,-0.010061609248320261,-0.005551288028558096,-0.19377062298426062,-0.051536203857124305,-0.06539109657718567,-0.03607820604480531,0.04753940060298314,-0.007260881523472547,share,7,True,0.16570851527545769,12,8.58833720909106
enc0_mlp,|Vag| 500hPa,120,4.092355151971181,4.09207155307134,-0.0002835988998413086,-0.002658308545748393,0.001660006741682686,-0.006929967935571437,-0.0018431289261012188,-0.01727653167171158,0.010788498985117483,0.0,-0.0002596764946445725,share,19,False,0.19018540224354696,12,8.164925527366613
enc1_attn,|Vag| 500hPa,120,4.092355151971181,4.087575952212016,-0.004779199759165446,-0.006612438956896464,-0.002707203229268392,-0.11678360214810364,-0.031060350814699295,-0.042974699550506576,-0.017594301612211007,0.027063547560558125,-0.004376060137612351,share,17,True,-0.19117570006542284,12,17.672699005137794
enc1_mlp,|Vag| 500hPa,120,4.092355151971181,4.083468953768413,-0.008886198202768961,-0.01126610537370046,-0.00613354047139486,-0.21714142279388218,-0.05775201864237444,-0.07321920046372167,-0.03986230506735455,0.05375521538823328,-0.00813662112689138,share,6,True,0.4408546065897872,12,4.656781253455662
enc2_attn,|Vag| 500hPa,120,4.092355151971181,4.087566713492076,-0.004788438479105632,-0.0067562739054361975,-0.003320540984471639,-0.1170093577239787,-0.031120393896571022,-0.04390949286030505,-0.021580426236522513,0.027123590642429855,-0.0043845195442264555,share,16,True,0.3441489125650639,12,5.855164539917205
enc2_mlp,|Vag| 500hPa,120,4.092355151971181,4.086539685726166,-0.005815466245015462,-0.008122897644837698,-0.003876030445098877,-0.14210560982749268,-0.03779511860219132,-0.05279127535874557,-0.025190590780881917,0.033798315348050154,-0.00532491448335825,share,9,True,0.10056058543202824,12,9.807068431928926
downsample,|Vag| 500hPa,120,4.092355151971181,4.087690730889638,-0.004664421081542969,-0.008966740469137828,-0.0007731969157854717,-0.11397889255276973,-0.030314396225510083,-0.05827546841951136,-0.005025060399930624,0.026317592971368917,-0.004270963380602284,share,18,True,0.3610681615341639,12,5.633209473468079
dec0_attn,|Vag| 500hPa,120,4.092355151971181,4.087196151415507,-0.005159000555674235,-0.006665811936060587,-0.0038139283657073974,-0.1260643410479484,-0.033528702541710004,-0.04332157424510038,-0.02478698505828737,0.029531899287568837,-0.00472382361467734,share,14,True,0.2803838051890019,12,6.744379538959629
dec0_mlp,|Vag| 500hPa,120,4.092355151971181,4.086610476175944,-0.005744675795237224,-0.007732289532820384,-0.0041134392221768715,-0.1403757880708414,-0.037335046557655904,-0.05025268613843566,-0.02673352689448327,0.03333824330351473,-0.005260095417194693,share,10,True,-0.11090469788019065,12,14.993731653714102
dec1_attn,|Vag| 500hPa,120,4.092355151971181,4.081888973712921,-0.010466178258260092,-0.012532095114390055,-0.00846787989139557,-0.2557495102354156,-0.06802041864169821,-0.08144695562256767,-0.05503333891392153,0.06402361538755703,-0.00958332519608154,share,5,True,0.136014671625487,12,9.12648771134194
dec1_mlp,|Vag| 500hPa,120,4.092355151971181,4.087467749913533,-0.004887402057647705,-0.0070206423600514736,-0.002907079458236695,-0.11942761261308346,-0.03176356505958841,-0.045627641788678,-0.01889331109164711,0.027766761805447238,-0.004475135252494959,share,15,True,0.38608782452428514,12,5.314920148178175
dec2_attn,|Vag| 500hPa,120,4.092355151971181,4.0855838259061175,-0.0067713260650634766,-0.008420862257480621,-0.005437367161115011,-0.16546281575297553,-0.044007317890038436,-0.05472776804903464,-0.035337826423486665,0.04001051463589726,-0.006200144703153008,share,8,True,-0.03259676913579012,12,12.80868290935941
dec2_mlp,|Vag| 500hPa,120,4.092355151971181,4.086890637874603,-0.005464514096577962,-0.007195020218690237,-0.003656028211116791,-0.13352981091941268,-0.03551425624050911,-0.04676093559027081,-0.023760780998523207,0.03151745298636794,-0.005003566185656013,share,13,True,0.3027442720739745,12,6.422648645993966
upsample,|Vag| 500hPa,120,4.092355151971181,4.139517446358998,0.04716229438781738,0.042243900895118716,0.05067472706238429,1.1524487156277365,0.30651102333657876,0.27454604279041483,0.32933856698043584,0.3025142200824376,0.043184015498215066,share,4,True,-0.11161184040160463,12,15.015218224936088
decoder_io,|Vag| 500hPa,120,4.092355151971181,4.155368169148763,0.06301301717758179,0.055680079758167265,0.06952683130900066,1.5397739159376247,0.40952597046710065,0.3618687014206561,0.4518597004342585,0.4055291672129595,0.057697682983991826,share,2,True,0.3538515698408059,12,5.727201810477692
decoder_heads,|Vag| 500hPa,120,4.092355151971181,4.994456132253011,0.9021009802818298,0.8512871464093527,0.957522489130497,22.043565301200978,5.8628168584295794,5.532574226639149,6.223005089569798,5.858820055175439,0.8260060970127115,share,1,True,0.3528417151496136,12,5.740434620871954
film,|Vag| 500hPa,120,4.092355151971181,4.086743017037709,-0.00561213493347168,-0.007291444639364879,-0.004157070815563203,-0.1371370451747928,-0.03647365430138427,-0.04738760459014151,-0.027017091647051888,0.0324768510472431,-0.0051387347687587995,share,12,True,0.04284471225069203,12,11.013972951162241
cond_embed,|Vag| 500hPa,120,4.092355151971181,4.1496849457422895,0.057329793771107994,0.05212753216425577,0.0618959570924441,1.4008997665682492,0.3725903072475722,0.33878044813281377,0.402266119472395,0.36859350399343105,0.05249385626498514,share,3,True,-0.08834554292436658,12,14.325763905094245
encoder_io,Vag/Vg 250hPa,120,0.27602362881104153,0.2762412404020627,0.00021761159102121988,-0.000200105644762516,0.0008053947240114211,0.07883802990293667,0.022346849123295938,-0.020549138174316042,0.0827071494570653,0.01827115436091243,0.0051280274540434,share,16,False,-0.060330782590564375,12,13.540902644619297
enc0_attn,Vag/Vg 250hPa,120,0.27602362881104153,0.2758685350418091,-0.00015509376923243204,-0.0002563560381531715,-7.193411389986676e-05,-0.05618858425291015,-0.015926803552768803,-0.0263255724548983,-0.007387018230943203,0.011851108790385294,-0.0036547920211540057,share,17,True,-0.07058399660354617,12,13.822667042846803
enc0_mlp,Vag/Vg 250hPa,120,0.27602362881104153,0.2761327077945073,0.00010907898346583049,3.567735354105631e-05,0.00017967770497004186,0.03951798762145218,0.011201478628019002,0.0036637590532699565,0.018451363481801254,0.007125783865635495,0.002570451414131613,share,18,True,-0.3007466257037199,12,22.32232275482875
enc1_attn,Vag/Vg 250hPa,120,0.27602362881104153,0.27571141968170804,-0.0003122091293334961,-0.0003866251558065415,-0.00022241342812776572,-0.11310956626370064,-0.03206120719668324,-0.039703096620607274,-0.022839956723084406,0.027985512434299736,-0.007357222926921366,share,9,True,-0.19019153781252576,12,17.636637699698298
enc1_mlp,Vag/Vg 250hPa,120,0.27602362881104153,0.2756209149956703,-0.0004027138153711955,-0.0005789864808320999,-0.00021470927943786,-0.14589831207779777,-0.04135526434843909,-0.059456959396622135,-0.022048806547724616,0.03727956958605558,-0.009489970142007186,share,7,True,-0.15788239970489537,12,16.499582471129496
enc2_attn,Vag/Vg 250hPa,120,0.27602362881104153,0.27578120430310565,-0.0002424245079358419,-0.00034445803612470627,-0.00014942244937022535,-0.08782744759210426,-0.024894923460686662,-0.03537289409292092,-0.015344407510830365,0.020819228698303154,-0.005712745016908293,share,15,True,0.058098326470107646,12,10.682202021872326
enc2_mlp,Vag/Vg 250hPa,120,0.27602362881104153,0.2757734681169192,-0.00025016069412231445,-0.00035690398265918096,-0.00015971654405196522,-0.09063017365573722,-0.02568936361292088,-0.036650986349391734,-0.016401522987235906,0.021613668850537372,-0.0058950486109753675,share,13,True,-0.06784598568483748,12,13.746818263323561
downsample,Vag/Vg 250hPa,120,0.27602362881104153,0.2759367401401202,-8.688867092132568e-05,-0.0002456873655319214,7.510203868150705e-05,-0.03147870756412936,-0.008922723327790186,-0.02522999102794358,0.007712337010136187,0.004847028565406679,-0.0020475356475218825,share,19,False,0.5244942732860812,12,3.742925651184945
dec0_attn,Vag/Vg 250hPa,120,0.27602362881104153,0.27573661754528683,-0.0002870112657546997,-0.0003864999860525131,-0.00019414673248926807,-0.1039806870850104,-0.029473602129406067,-0.03969024275746999,-0.01993720885159792,0.02539790736702256,-0.006763434077674324,share,10,True,-0.039900154390330025,12,12.997400124317108
dec0_mlp,Vag/Vg 250hPa,120,0.27602362881104153,0.2757643014192581,-0.0002593273917833964,-0.00036171277364095055,-0.00018853483100732168,-0.09395115660946733,-0.026630705058152505,-0.03714480805268783,-0.019360914569095163,0.022555010295768996,-0.006111062275727076,share,12,True,-0.1368658003153343,12,15.805641357703207
dec1_attn,Vag/Vg 250hPa,120,0.27602362881104153,0.27554553498824436,-0.00047809382279713947,-0.000609118180970351,-0.00036992958436409646,-0.173207570980972,-0.049096146371107804,-0.06255122727848433,-0.037988604233962546,0.045020451608724296,-0.011266303588916926,share,6,True,-0.040249475283359905,12,13.006498440921238
dec1_mlp,Vag/Vg 250hPa,120,0.27602362881104153,0.2757762024799983,-0.0002474263310432434,-0.00040055202941099803,-8.7495210270087e-05,-0.08963954720435363,-0.02540856791224355,-0.04113326742050577,-0.00898500973105806,0.021332873149860043,-0.005830613215447968,share,14,True,0.03325165445663145,12,11.227642459107573
dec2_attn,Vag/Vg 250hPa,120,0.27602362881104153,0.2755325362086296,-0.0004910926024119059,-0.000624473641316096,-0.0003669953594605128,-0.17791687056911162,-0.0504310098564349,-0.0641281017177308,-0.03768728443336512,0.04635531509405139,-0.011572620446492227,share,5,True,-0.03880800104580998,12,12.968996856104532
dec2_mlp,Vag/Vg 250hPa,120,0.27602362881104153,0.27566689004500705,-0.00035673876603444416,-0.0004777912050485611,-0.00023411648968855544,-0.12924211147106468,-0.03663402001516143,-0.04906507011667771,-0.024041761046798536,0.03255832525277792,-0.008406565925837143,share,8,True,0.20195115236136066,12,7.967533583082351
upsample,Vag/Vg 250hPa,120,0.27602362881104153,0.2793636843562126,0.003340055545171102,0.003042302777369817,0.0035501264656583468,1.2100614572593769,0.34299513633944373,0.3124184738240254,0.3645676230957332,0.3389194415770602,0.07870856719207169,share,2,True,0.19213009853745538,12,8.132030916293441
decoder_io,Vag/Vg 250hPa,120,0.27602362881104153,0.2783676286538442,0.0023439998428026834,0.0016865300635496776,0.0029399823397397995,0.8492026037406107,0.2407087351658265,0.1731922123044091,0.30191104004617736,0.23663304040344296,0.055236467367188465,share,3,True,0.4571167337007357,12,4.470883522863411
decoder_heads,Vag/Vg 250hPa,120,0.27602362881104153,0.3120453829566638,0.03602175414562225,0.03415081885953744,0.038071890547871585,13.050242945063879,3.6991260496330156,3.5069969982282543,3.9096575229256083,3.6950503548706317,0.8488543433494772,share,1,True,0.14820900534061915,12,8.902117896976726
film,Vag/Vg 250hPa,120,0.27602362881104153,0.2757542133331299,-0.0002694154779116313,-0.00037671873966852826,-0.00018156953155994417,-0.09760594738650653,-0.02766666521814461,-0.0386857924147519,-0.018645637891420656,0.023590970455761102,-0.006348788503367672,share,11,True,-0.2592901068764976,12,20.40134933096993
cond_embed,Vag/Vg 250hPa,120,0.27602362881104153,0.27768757442633313,0.0016639456152915955,0.0012937883536020915,0.0019777219742536543,0.6028272370952302,0.17087298263751588,0.13286099788960276,0.2030951309122304,0.16679728787513237,0.039210957271197874,share,4,True,0.3531914496817117,12,5.735849576676762
encoder_io,|Vag| 250hPa,120,7.578650991121928,7.5758384466171265,-0.002812544504801432,-0.014466866850852966,0.014546515544255552,-0.03711141347050036,-0.013696285470313823,-0.07044949436783798,0.07083736067193273,0.008018615913354626,-0.002146491900840717,share,18,False,0.04252536625221088,12,11.021022583151082
enc0_attn,|Vag| 250hPa,120,7.578650991121928,7.570872068405151,-0.00777892271677653,-0.010632991790771484,-0.005235252777735392,-0.10264257749682909,-0.03788112365816679,-0.051779621876664815,-0.025494180245222344,0.03220345410120759,-0.005936757473640595,share,13,True,-0.18033340939697326,12,17.280197918452743
enc0_mlp,|Vag| 250hPa,120,7.578650991121928,7.5840615431467695,0.005410552024841309,0.0034812480211257935,0.007549232244491576,0.07139201991461994,0.026347837325846293,0.016952679898542693,0.036762596903174856,0.020670167768887096,0.004129252383588201,share,17,True,-0.4571186328841009,12,32.208553569450956
enc1_attn,|Vag| 250hPa,120,7.578650991121928,7.569442669550578,-0.009208321571350098,-0.010703442494074504,-0.00696456531683604,-0.12150343883281155,-0.04484188631623586,-0.052122696605749204,-0.03391543657111572,0.039164216759276664,-0.007027653300951167,share,10,True,-0.4431120281772317,12,31.096639206346676
enc1_mlp,|Vag| 250hPa,120,7.578650991121928,7.564892888069153,-0.013758103052775065,-0.01992323597272237,-0.007657984892527263,-0.18153762548100058,-0.06699801785149247,-0.0970204478218901,-0.037292191123144185,0.06132034829453327,-0.010499978479735586,share,7,True,-0.060716408185600215,12,13.551388536064561
enc2_attn,|Vag| 250hPa,120,7.578650991121928,7.571492234865825,-0.007158756256103516,-0.010108205676078796,-0.0045169105132420884,-0.09445950558337755,-0.034861090776912365,-0.04922406393778862,-0.021996059343278935,0.029183421219953168,-0.005463455706242727,share,16,True,0.09845953639959952,12,9.848779317501632
enc2_mlp,|Vag| 250hPa,120,7.578650991121928,7.5704054435094195,-0.008245547612508139,-0.011516204476356507,-0.005385365088780723,-0.10879967453531574,-0.04015345313369512,-0.056080614466159515,-0.026225184167533805,0.03447578357673592,-0.006292878615086943,share,12,True,-0.11345985824616349,12,15.071532206675894
downsample,|Vag| 250hPa,120,7.578650991121928,7.575916568438212,-0.0027344226837158203,-0.007595839103062948,0.001907222469647721,-0.03608059913194422,-0.013315854596696462,-0.036989558943696633,0.009287626686474905,0.007638185039737264,-0.0020868704954005806,share,19,False,0.44938900547754107,12,4.558701569626257
dec0_attn,|Vag| 250hPa,120,7.578650991121928,7.571207165718079,-0.007443825403849284,-0.010230608781178792,-0.004692673683166504,-0.09822098170992982,-0.03624929580607359,-0.04982013197050433,-0.02285197559503689,0.030571626249114393,-0.005681016216226215,share,15,True,-0.054799666157479596,12,13.391442576446059
dec0_mlp,|Vag| 250hPa,120,7.578650991121928,7.569813688596089,-0.008837302525838217,-0.01153511901696523,-0.006900999943415324,-0.1166078572055996,-0.04303512992408667,-0.05617272285671997,-0.03360589142475058,0.03735746036712747,-0.006744497114483948,share,11,True,-0.22616162102368798,12,19.014228102448072
dec1_attn,|Vag| 250hPa,120,7.578650991121928,7.562017917633057,-0.016633073488871258,-0.020441999038060505,-0.013498028119405111,-0.2194727466452302,-0.08099829971166025,-0.09954667523702848,-0.06573152748128613,0.07532063015470106,-0.0126941129176803,share,5,True,-0.030465556456795124,12,12.75414892150812
dec1_mlp,|Vag| 250hPa,120,7.578650991121928,7.571042100588481,-0.007608890533447266,-0.01195919414361318,-0.0031327495972315474,-0.10039900956464101,-0.03705311566823357,-0.058237847154491706,-0.015255592477717324,0.03137544611127437,-0.005806991454373889,share,14,True,-0.008275196852543368,12,12.200261931365159
dec2_attn,|Vag| 250hPa,120,7.578650991121928,7.562901337941487,-0.015749653180440266,-0.019922601183255513,-0.011749916275342305,-0.2078160506255048,-0.07669629605842462,-0.09701735657916069,-0.05721872392939664,0.07101862650146543,-0.01201989975097373,share,6,True,-0.021274379671957413,12,12.521683607256387
dec2_mlp,|Vag| 250hPa,120,7.578650991121928,7.566564480463664,-0.01208651065826416,-0.016003727912902832,-0.00802017947038015,-0.15948102996724617,-0.05885784208320069,-0.0779335671702809,-0.03905597488749147,0.0531801725262415,-0.009224244165061011,share,8,True,0.24321995606359229,12,7.304709422451041
upsample,|Vag| 250hPa,120,7.578650991121928,7.682122906049092,0.10347191492716472,0.09118385811646779,0.1126623123884201,1.3653078238907919,0.5038785635509537,0.44403924948234974,0.5486331645893071,0.49820089399399453,0.07896821791672211,share,2,True,0.3070634622949889,12,6.361771017498983
decoder_io,|Vag| 250hPa,120,7.578650991121928,7.650364240010579,0.07171324888865153,0.052210211753845215,0.08896418213844295,0.9462534819542501,0.3492229641542975,0.2542487642152649,0.4332300637806741,0.3435452945973383,0.05473047898786326,share,3,True,0.440028045206396,12,4.666342075692097
decoder_heads,|Vag| 250hPa,120,7.578650991121928,8.693611860275269,1.1149608691533406,1.0542286296685537,1.1686095903317135,14.711864558210564,5.429539808555493,5.1337912122879175,5.690793701292789,5.423862138998533,0.8509214596627112,share,1,True,0.06597519105153879,12,10.514595275266238
film,|Vag| 250hPa,120,7.578650991121928,7.568821867307027,-0.009829123814900717,-0.013023069500923155,-0.006925802429517114,-0.1296948998761801,-0.04786501527784526,-0.06341861516497987,-0.03372667242197345,0.04218734572088606,-0.00750144028833227,share,9,True,-0.203071956453583,12,18.115642427636722
cond_embed,|Vag| 250hPa,120,7.578650991121928,7.6263673305511475,0.047716339429219566,0.03804822365442912,0.0551620195309321,0.6296152110067776,0.23236489424622375,0.1852839419677733,0.2686232218992078,0.22668722468926455,0.03641639659309764,share,4,True,0.37062280001740344,12,5.510288023586986
encoder_io,div/vort 850hPa,120,0.40859687825043994,0.40779802948236465,-0.0007988487680753072,-0.0013797327876091002,-0.0001783714940150587,-0.19551024753196267,-0.06320114334660555,-0.10915794475065653,-0.014111910555179314,0.0603163517299716,-0.15565093502269434,share,3,True,-0.041472815079321844,12,13.038413492660714
enc0_attn,div/vort 850hPa,120,0.40859687825043994,0.4087305963039398,0.00013371805349985758,5.643069744110107e-06,0.00022082546104987448,0.032726156419114444,0.010579141140362732,0.0004464530385039969,0.017470668011442324,0.007694349523728773,0.026054168058384525,share,7,True,-0.08165550228453042,12,14.133983553779526
enc0_mlp,div/vort 850hPa,120,0.40859687825043994,0.4087086220582326,0.00011174380779266357,-3.1177885830402374e-05,0.00023118158181508383,0.027348179523822208,0.008840642555430349,-0.0024666471431869395,0.018289995397492764,0.005955850938796389,0.021772616871939255,share,8,False,0.0923974967072041,12,9.970024713845289
enc1_attn,div/vort 850hPa,120,0.40859687825043994,0.4085126494367917,-8.422881364822388e-05,-0.0002388829986254374,0.00010374113917350751,-0.020614159855768106,-0.00666378611075744,-0.01889929513888916,0.008207509193062837,0.003778994494123481,-0.016411483780322263,share,12,False,0.07863138810849508,12,10.250418692234403
enc1_mlp,div/vort 850hPa,120,0.40859687825043994,0.4082137147585551,-0.00038316349188486737,-0.0005810799698034923,-0.00020127513756354652,-0.09377543301983239,-0.030314086650151242,-0.04597230406435288,-0.015923938709838843,0.027429295033517282,-0.07465712931138668,share,5,True,-0.3760686393038431,12,26.46576965328652
enc2_attn,div/vort 850hPa,120,0.40859687825043994,0.4086267401774724,2.9861927032470703e-05,-8.625810345013936e-05,0.00011404138058423996,0.007308408023168383,0.0023625346954370473,-0.006824333940068952,0.009022415668380798,0.0,0.005818419017384487,share,16,False,0.2703247399220415,12,6.892806890837107
enc2_mlp,div/vort 850hPa,120,0.40859687825043994,0.40858636051416397,-1.0517736275990805e-05,-9.476648022731146e-05,3.912436465422312e-05,-0.0025741107766232623,-0.0008321136423133646,-0.00749747654456539,0.0030953350342067774,0.0,-0.002049318408069137,share,18,False,-0.14291573006015124,12,16.001913979455427
downsample,div/vort 850hPa,120,0.40859687825043994,0.4086689054965973,7.202724615732829e-05,-0.00044045858085155486,0.0003626658891638119,0.017627948227539044,0.00569845569170536,-0.03484700361209963,0.028692413087386136,0.0028136640750714014,0.014034080866781845,share,13,False,-0.10379472401134099,12,14.779579012770403
dec0_attn,div/vort 850hPa,120,0.40859687825043994,0.40857162823279697,-2.5250017642974854e-05,-0.00014061921586592993,3.417680660883582e-05,-0.00617968931899143,-0.0019976621963164057,-0.011125128527946988,0.0027039075979530397,0.0,-0.004919815880717571,share,17,False,-0.5004945634490942,12,36.047525099467265
dec0_mlp,div/vort 850hPa,120,0.40859687825043994,0.4085865120093028,-1.0366241137186686e-05,-0.0001299828290939331,6.0919485986232625e-05,-0.0025370338563460433,-0.000820128062105309,-0.010283627818511658,0.004819662144180037,0.0,-0.0020198004805857326,share,19,False,-0.3080957075146769,12,22.68687831635196
dec1_attn,div/vort 850hPa,120,0.40859687825043994,0.40868861724932987,9.17389988899231e-05,-1.502173642317454e-05,0.00015726704150438296,0.022452202592133808,0.0072579565132026855,-0.0011884488715972847,0.012442225901859416,0.004373164896568727,0.01787479874277824,share,11,False,-0.43421210417863243,12,30.41872294768455
dec1_mlp,div/vort 850hPa,120,0.40859687825043994,0.40879132101933163,0.00019444276889165243,6.289711842934292e-05,0.0003231851384043693,0.04758792326662694,0.015383393954578573,0.004976123087125534,0.025568882466952218,0.012498602337944613,0.03788601797472419,share,6,True,-0.30706709119768355,12,22.63538777727015
dec2_attn,div/vort 850hPa,120,0.40859687825043994,0.4086453939477603,4.851569732030233e-05,-5.3514416019121804e-05,9.996350854635226e-05,0.011873731764187823,0.003838332940399428,-0.0042338079660349,0.007908640891178117,0.000953541323765469,0.009452995301447602,share,15,False,-0.3307134250618408,12,23.859078754444695
dec2_mlp,div/vort 850hPa,120,0.40859687825043994,0.4086595376332601,6.26593828201294e-05,-5.643125623464584e-05,0.0001371531436840693,0.015335257354003519,0.004957314568020351,-0.004464574594147294,0.010850909259457356,0.0020725229513863922,0.012208808367316252,share,14,False,-0.45388011323448024,12,31.946394521803164
upsample,div/vort 850hPa,120,0.40859687825043994,0.4087025597691536,0.00010568151871363322,-0.00010499774167935053,0.0003070491676529247,0.025864494894368283,0.008361022862186682,-0.008306925651190242,0.024292280635349283,0.005476231245552725,0.020591415872152536,share,9,False,0.12533676323087997,12,9.32694921571316
decoder_io,div/vort 850hPa,120,0.40859687825043994,0.4110767717162768,0.002479893465836843,0.002104232522348563,0.0027585875863830244,0.60692912693201,0.19619746400346166,0.16647694356462223,0.21824642716945972,0.1933126723868277,0.4831925041884609,share,1,True,-0.4064265041473403,12,28.433072176722355
decoder_heads,div/vort 850hPa,120,0.40859687825043994,0.41034240772326785,0.0017455294728279114,0.001394009403884411,0.0022321167712410286,0.4272008832524731,0.13809805164213745,0.11028744323369774,0.17659454162451405,0.1352132600255035,0.34010604436423525,share,2,True,0.30393380050219154,12,6.405842375400302
film,div/vort 850hPa,120,0.40859687825043994,0.4086932415763537,9.636332591374715e-05,-1.7061829566955566e-05,0.00017366533478101092,0.02358396038813676,0.007623811436930544,-0.0013498514103170755,0.013739581453289823,0.0047390198202965856,0.018775821381697894,share,10,False,-0.34363427826122356,12,24.564980779955533
cond_embed,div/vort 850hPa,120,0.40859687825043994,0.4092423419157664,0.0006454636653264364,0.00022399729738632838,0.0009347349405288696,0.15797077747882707,0.051066038113331484,0.017721608728863945,0.07395181582338849,0.04818124649669752,0.12576475929642328,share,4,True,-0.28549805255517646,12,21.589831470478067
encoder_io,div/vort 500hPa,120,0.2504492240647475,0.25138485555847484,0.0009356314937273661,0.0006523631202677886,0.0015323526225984093,0.3735813106314442,0.09201183617684904,0.06415466874759622,0.15069456235808823,0.08296488690040049,0.0852680482639764,share,3,True,-0.5970944630389298,12,47.5673124301564
enc0_attn,div/vort 500hPa,120,0.2504492240647475,0.25066517665982246,0.00021595259507497153,0.00014001500482360523,0.0003285933906833329,0.08622609867585067,0.021237201754341198,0.01376935019021953,0.032314518520429596,0.012190252477892656,0.019680671742062204,share,10,True,-0.39492647548086207,12,27.664601122769678
enc0_mlp,div/vort 500hPa,120,0.2504492240647475,0.25057772547006607,0.0001285014053185781,-1.2845266610383987e-05,0.00026160602768262226,0.051308366315943224,0.012637080232907574,-0.0012632287122936452,0.025726849858501755,0.00359013095645903,0.01171087560022439,share,13,False,-0.12314220509434937,12,15.370458630161789
enc1_attn,div/vort 500hPa,120,0.2504492240647475,0.2507070166369279,0.0002577925721804301,7.512718439102173e-05,0.00043968055397272107,0.10293207061954568,0.02535182716496505,0.007388154662340687,0.04323904803708187,0.016304877888516502,0.02349372550426431,share,7,True,-0.34021769356272386,12,24.375634456759446
enc1_mlp,div/vort 500hPa,120,0.2504492240647475,0.2508874386548996,0.0004382145901521047,0.00020030563076337178,0.0007454201268653074,0.1749714305518531,0.04309488227972115,0.019698448595051505,0.07330607729205235,0.03404793300327261,0.03993634574463811,share,5,True,-0.08285692555920161,12,14.168218099049934
enc2_attn,div/vort 500hPa,120,0.2504492240647475,0.2504292242228985,-1.9999841849009197e-05,-0.00010727150365710259,4.894634087880443e-05,-0.007985587467357747,-0.0019668236737552004,-0.010549290064639146,0.0048134791620311574,0.0,-0.0018226700271272965,share,18,False,-0.018340445503968364,12,12.44839444599632
enc2_mlp,div/vort 500hPa,120,0.2504492240647475,0.2504511959850788,1.9719203313191733e-06,-8.504406238595645e-05,8.483541508515671e-05,0.0007873533402560598,0.00019392251297176567,-0.008363399894649655,0.008342881109862447,0.0,0.00017970942525010223,share,19,False,-0.11729455284527796,12,15.189137755250808
downsample,div/vort 500hPa,120,0.2504492240647475,0.2501932717859745,-0.0002559522787729899,-0.0006116280953089396,6.3396058976649335e-06,-0.10219727361056616,-0.025170849101851602,-0.06014870649824763,0.0006234492780463259,0.016123899825403055,-0.023326011796316798,share,8,False,-0.16043903138065205,12,16.586369420517286
dec0_attn,div/vort 500hPa,120,0.2504492240647475,0.2504745622475942,2.533818284670512e-05,-6.526572008927662e-05,0.00013637946297725037,0.010117093770733566,0.002491806597725994,-0.0064183589213046175,0.013411823874545557,0.0,0.0023091755807483224,share,17,False,-0.1796941729678,12,17.25738085614978
dec0_mlp,div/vort 500hPa,120,0.2504492240647475,0.25042178233464557,-2.744173010190328e-05,-0.00013925079256296157,9.613508979479469e-05,-0.010957003442266161,-0.0026986735605560763,-0.013694196057634108,0.009454113283218353,0.0,-0.0025008807233010133,share,16,False,-0.11147137922921505,12,15.010947581159925
dec1_attn,div/vort 500hPa,120,0.2504492240647475,0.25026807313164073,-0.00018115093310674032,-0.00027060508728027344,-9.318968902031584e-05,-0.07233040301211242,-0.017814738058782822,-0.02661183502947555,-0.00916445679414822,0.008767788782334278,-0.0165090493541155,share,11,True,-0.29575145626437765,12,22.078877710835133
dec1_mlp,div/vort 500hPa,120,0.2504492240647475,0.25067515795429546,0.0002259338895479838,7.431752358873685e-05,0.00045715554927786174,0.09021145519283945,0.022218781829446393,0.007308531031030602,0.044957573349651496,0.013171832552997852,0.02059030924846039,share,9,True,0.19904910738118067,12,8.015860778561375
dec2_attn,div/vort 500hPa,120,0.2504492240647475,0.25047772998611134,2.8505921363830566e-05,-6.275416041413943e-05,0.00010154669483502699,0.011381916422492512,0.0028033282164860534,-0.006171367216850041,0.009986301136827263,0.0,0.0025978649660209994,share,15,False,-0.5471083270794973,12,40.992804758882784
dec2_mlp,div/vort 500hPa,120,0.2504492240647475,0.25035274028778076,-9.648377696673076e-05,-0.0002225841705997785,6.61673955619335e-05,-0.03852428664014836,-0.009488403863597747,-0.021889363898169957,0.0065070314557703745,0.00044145458714920207,-0.008792973949941872,share,14,False,-0.2331505285852341,12,19.296885366201312
upsample,div/vort 500hPa,120,0.2504492240647475,0.25074414412180585,0.00029492005705833435,0.00018742385630806288,0.00044200597330927826,0.11775642674065143,0.029003016847170854,0.018431629629683952,0.04346773433555754,0.01995606757072231,0.026877309953604867,share,6,True,-0.22600744204609916,12,19.008050081832238
decoder_io,div/vort 500hPa,120,0.2504492240647475,0.25341609368721646,0.0029668696224689484,0.002668347427000602,0.0034256014972925183,1.1846192111587206,0.29176777768901035,0.2624105194856107,0.33688036998452403,0.2827208284125618,0.27038335483320464,share,2,True,-0.1817898001034001,12,17.332315831595555
decoder_heads,div/vort 500hPa,120,0.2504492240647475,0.25648105641206104,0.006031832347313563,0.005383015175660451,0.006738890366007885,2.4084052844796124,0.5931822234587542,0.5293762702527065,0.6627156957924532,0.5841352741823055,0.5497063482354471,share,1,True,0.14189533537944535,12,9.01768809837982
film,div/vort 500hPa,120,0.2504492240647475,0.2505911625921726,0.00014193852742513022,5.515972152352333e-05,0.0002189974300563335,0.05667357443616415,0.013958513175519336,0.005424515201133181,0.02153663679833968,0.004911563899070791,0.012935457269387711,share,12,True,0.20598986542236583,12,7.900664746958417
cond_embed,div/vort 500hPa,120,0.2504492240647475,0.2510171557466189,0.0005679316818714142,0.00012977874527374904,0.001121222972869873,0.2267651992104353,0.05585151549764091,0.01276269634938642,0.11026326624217281,0.04680456622119237,0.051758011979194905,share,4,True,0.27155424223671915,12,6.874538893270456
encoder_io,div/vort 250hPa,120,0.2614082669218381,0.26328886797030765,0.0018806010484695435,0.0006409845625360807,0.002875855006277561,0.7194114672095849,0.4128996144434309,0.14073281462366746,0.6314148469998825,0.39715083369745136,0.14197035544124195,share,3,True,0.35912943029632993,12,5.65836237889963
enc0_attn,div/vort 250hPa,120,0.2614082669218381,0.261615718404452,0.00020745148261388144,-2.864996592203776e-05,0.0006041036918759344,0.07935918976728847,0.04554747922569658,-0.00629030803351613,0.13263535169376786,0.029798698479717084,0.015660929651971505,share,9,False,0.16000027082988888,12,8.689650341917497
enc0_mlp,div/vort 250hPa,120,0.2614082669218381,0.2615583886702855,0.0001501217484474182,-9.439941495656966e-05,0.00036196069171031314,0.057428079920787314,0.032960319842402,-0.020726076948097746,0.07947109790909289,0.017211539096422496,0.01133299271734711,share,12,False,0.11312917088661813,12,9.560840042385887
enc1_attn,div/vort 250hPa,120,0.2614082669218381,0.26181310911973316,0.00040484219789505005,0.00015165569881598156,0.0006683886672059693,0.15486969967024766,0.08888604393650291,0.03329710978318748,0.14674958477360056,0.07313726319052341,0.03056235174363442,share,5,True,0.18649259678150473,12,8.227686262099494
enc1_mlp,div/vort 250hPa,120,0.2614082669218381,0.26119962831338245,-0.00020863860845565796,-0.00044249078879753746,0.00011319524298111588,-0.07981331689025793,-0.04580812132347924,-0.09715206541970177,0.024852837459475738,0.030059340577499732,-0.015750548169332034,share,8,False,0.16053910926051557,12,8.680044135085263
enc2_attn,div/vort 250hPa,120,0.2614082669218381,0.26128408312797546,-0.00012418379386266073,-0.00024419780820608136,-5.399187405904134e-06,-0.0475056873009269,-0.027265453588757545,-0.0536154018090535,-0.0011854307961914063,0.011516672842778042,-0.009374884358950942,share,13,True,-0.0028522734846368005,12,12.068650373270675
enc2_mlp,div/vort 250hPa,120,0.2614082669218381,0.2613111523290475,-9.711459279060364e-05,-0.00024036339794596037,4.225714753071459e-05,-0.03715054383480581,-0.02132221395532229,-0.05277352919640642,0.009277863551714277,0.005573433209342789,-0.00733137592804908,share,15,False,0.038973820482756404,12,11.09971582233753
downsample,div/vort 250hPa,120,0.2614082669218381,0.2612057800094287,-0.0002024869124094645,-0.0006004413589835167,0.00011273721853892009,-0.0774600263388031,-0.044457471791664094,-0.13183125991658132,0.02475227486766914,0.028708691045684596,-0.015286144262424016,share,10,False,-0.30175480413471545,12,22.371879881333868
dec0_attn,div/vort 250hPa,120,0.2614082669218381,0.26119033992290497,-0.00021792699893315634,-0.0003189697240789731,-7.18136628468833e-05,-0.08336652910763423,-0.0478474548919042,-0.07003211882632769,-0.01576721108678509,0.0320986741459247,-0.016451747447424878,share,7,True,0.14468971622488067,12,8.966380373495962
dec0_mlp,div/vort 250hPa,120,0.2614082669218381,0.26132524261871976,-8.302430311838786e-05,-0.0001900543769200643,3.254786133766167e-05,-0.031760396905585395,-0.018228588554130044,-0.04172781835756374,0.007146119272992843,0.0024798078081505436,-0.006267671622097274,share,17,False,-0.17898456878975078,12,17.23209368260214
dec1_attn,div/vort 250hPa,120,0.2614082669218381,0.26100486641128856,-0.0004034005105495453,-0.0005635604262351989,-0.00027175229042768483,-0.15431819173116024,-0.0885695110123129,-0.12373378335477285,-0.05966518844229364,0.07282073026633339,-0.030453515866379635,share,6,True,-0.004698027357219382,12,12.113284872001087
dec1_mlp,div/vort 250hPa,120,0.2614082669218381,0.26149772355953854,8.945663770039876e-05,-4.5394028226534526e-05,0.00023799439271291072,0.034221043868955595,0.019640854314082086,-0.009966588484050753,0.0522533968971414,0.003892073568102585,0.006753261496498468,share,16,False,-0.187282953452285,12,17.53057291211985
dec2_attn,div/vort 250hPa,120,0.2614082669218381,0.26132677247126895,-8.149445056915283e-05,-0.00021634865552186966,3.950061897436711e-05,-0.031175161952135176,-0.01789269831933064,-0.04750091813626963,0.008672647693175625,0.0021439175733511374,-0.006152179976293746,share,18,False,-0.003821169688823595,12,12.092059848835696
dec2_mlp,div/vort 250hPa,120,0.2614082669218381,0.26143428683280945,2.601991097132365e-05,-0.00013797984768946963,0.0002242332324385643,0.009953744492366681,0.005712860373365853,-0.030294477373768194,0.04923203424492127,0.0,0.001964295410849929,share,19,False,0.1473386548137428,12,8.917973868749435
upsample,div/vort 250hPa,120,0.2614082669218381,0.262390931447347,0.0009826645255088806,0.0007512469465533893,0.0011604403456052144,0.37591180152030174,0.21575113128861192,0.16494172160338594,0.25478310334609733,0.20000235054263243,0.07418332137990112,share,4,True,-0.18828431372683602,12,17.567002838384667
decoder_io,div/vort 250hPa,120,0.2614082669218381,0.26468170682589215,0.003273439904054006,0.0025966156894961993,0.004066917796929677,1.2522327402265265,0.7187074980031469,0.5701058275614949,0.8929213304926998,0.7029587172571674,0.2471185619471479,share,2,True,0.20898518902353694,12,7.8513598163961955
decoder_heads,div/vort 250hPa,120,0.2614082669218381,0.2685863673686981,0.007178100446859996,0.006139328206578891,0.008313180257876713,2.7459347523260504,1.5760040702714255,1.347934082830092,1.8252190841164606,1.560255289525446,0.5418892394338444,share,1,True,0.6058827578723636,12,2.945051176586288
film,div/vort 250hPa,120,0.2614082669218381,0.2616090402007103,0.00020077327887217203,0.00010402003924051921,0.0002904822429021199,0.07680448718639944,0.04408123110658035,0.022838354860938763,0.06377748549835012,0.028332450360600846,0.015156778620209026,share,11,True,-0.30539174729681723,12,22.551849775179083
cond_embed,div/vort 250hPa,120,0.2614082669218381,0.26152824734648067,0.00011998042464256287,-0.00019983692715565363,0.00041846434275309247,0.04589771626405273,0.026342573357591968,-0.04387564828876339,0.09187688474474114,0.010593792611612467,0.00905756356264823,share,14,False,0.5887345094913732,12,3.106362867187609
encoder_io,HypsRel 600-500,120,0.001155118047141836,0.0011935544464223326,3.843639928049683e-05,3.1230180773365594e-05,4.696227382920389e-05,3.327486690698138,0.5785481917704441,0.4700795327688979,0.7068804340135151,0.576036781378611,0.42331080256253856,share,3,True,0.1360095575275487,12,9.126582818752377
enc0_attn,HypsRel 600-500,120,0.001155118047141836,0.001155941616714299,8.235695724631615e-07,-4.397834645688461e-07,2.651929809522666e-06,0.07129743791129914,0.012396444408555455,-0.00661966086729543,0.03991708965256759,0.009885034016722437,0.009070201767374325,share,17,False,0.44958043333724906,12,4.556514870131619
enc0_mlp,HypsRel 600-500,120,0.001155118047141836,0.0011547596589846184,-3.5838815721743103e-07,-1.310140965175692e-06,5.366926339442705e-07,-0.031026106648078786,-0.00539449126847051,-0.01972036144268567,0.00807834653394622,0.0028830808766374936,-0.003947028891897257,share,18,False,-0.33875256673453064,12,24.295036914517258
enc1_attn,HypsRel 600-500,120,0.001155118047141836,0.0011553422702863466,2.242231445109019e-07,-2.198766581301524e-07,6.853910412836483e-07,0.01941127532945295,0.0033750272460013964,-0.0033096035361011443,0.01031656853953857,0.0008636168541683795,0.0024694321276906833,share,19,False,-0.28987550408151225,12,21.7968907395005
enc1_mlp,HypsRel 600-500,120,0.001155118047141836,0.0011461481290627204,-8.969918079115193e-06,-1.0624040631524372e-05,-7.051530993077102e-06,-0.7765369177037699,-0.13501602601038518,-0.15991402971461435,-0.10614028841479108,0.13250461561855215,-0.0987882135701811,share,5,True,-0.417507339016978,12,29.202235852203348
enc2_attn,HypsRel 600-500,120,0.001155118047141836,0.0011530284679442068,-2.089579197628936e-06,-2.566269568445515e-06,-1.4814721094288185e-06,-0.18089745916439295,-0.031452536891580805,-0.03862772388185263,-0.02229925347100072,0.028941126499747786,-0.02301311943169242,share,16,True,-0.25158662958103656,12,20.06783971078008
enc2_mlp,HypsRel 600-500,120,0.001155118047141836,0.0011523505967502357,-2.7674503916001367e-06,-3.3285817533367443e-06,-2.2016382772932306e-06,-0.2395816079964963,-0.04165591600270135,-0.05010211649898792,-0.03313926039130608,0.03914450561086833,-0.03047870425559599,share,13,True,-0.074578539390739,12,13.934129498357803
downsample,HypsRel 600-500,120,0.001155118047141836,0.0011473714340402648,-7.746613101571148e-06,-1.128546297626481e-05,-4.927421776213831e-06,-0.6706338906866675,-0.11660272778291546,-0.16986981924509512,-0.07416800252060377,0.11409131739108244,-0.08531561411975142,share,6,True,0.16393345047830918,12,8.619735595825853
dec0_attn,HypsRel 600-500,120,0.001155118047141836,0.0011521784214149657,-2.9396257268702185e-06,-3.369901914958064e-06,-2.570196869342377e-06,-0.25448704001672173,-0.044247514871290486,-0.050724071344841734,-0.0386868379735717,0.04173610447945746,-0.032374919320456,share,11,True,-0.47102415807357756,12,33.37069200097472
dec0_mlp,HypsRel 600-500,120,0.001155118047141836,0.0011521920718749093,-2.9259752669265828e-06,-3.4677890093652553e-06,-2.2644755691686556e-06,-0.253305302792772,-0.044042046901734015,-0.052197476828369414,-0.03408509304657058,0.041530636509901,-0.032224582991812946,share,12,True,-0.26893697683816614,12,20.828907002026245
dec1_attn,HypsRel 600-500,120,0.001155118047141836,0.0011509559007628946,-4.162146378941295e-06,-4.686874279441759e-06,-3.601467790896317e-06,-0.3603221670062115,-0.0626490073601208,-0.07054725963371726,-0.05420962205478544,0.060137596968287785,-0.04583888077534897,share,8,True,-0.04900354643929614,12,13.23668717179715
dec1_mlp,HypsRel 600-500,120,0.001155118047141836,0.001152663470084871,-2.4545770569647175e-06,-3.5124930535717984e-06,-1.8010789792069038e-06,-0.21249577591123225,-0.036946517999898336,-0.05287036618389354,-0.027110005259640503,0.03443510760806532,-0.027032942819452822,share,14,True,-0.23405363820829803,12,19.33378679919465
dec2_attn,HypsRel 600-500,120,0.001155118047141836,0.001151419307187143,-3.698739954693009e-06,-4.283648630870332e-06,-3.018142924606102e-06,-0.3202044989120358,-0.0556737715466118,-0.0644778703510735,-0.04542936290136929,0.05316236115477878,-0.04073525637157411,share,9,True,-0.07271243165375836,12,13.881938698695675
dec2_mlp,HypsRel 600-500,120,0.001155118047141836,0.0011504725397699694,-4.6455073718664245e-06,-5.396128334907158e-06,-3.963443190337186e-06,-0.40216732682525624,-0.06992460116349503,-0.08122301644175864,-0.059658108820770356,0.06741319077166201,-0.05116227041831131,share,7,True,-0.3481859805203083,12,24.820318806824552
upsample,HypsRel 600-500,120,0.001155118047141836,0.001151430213517412,-3.687833624423933e-06,-4.843957123767871e-06,-2.9827435915463897e-06,-0.3192603243927248,-0.05550960846749562,-0.07291168495045455,-0.04489652890768227,0.052998198075662604,-0.040615141909615196,share,10,True,-0.43206951374324726,12,30.258692887196
decoder_io,HypsRel 600-500,120,0.001155118047141836,0.0011986300183494385,4.351197120760277e-05,4.22933920643989e-05,4.5445066283963496e-05,3.76688523872227,0.6549461638905322,0.636603999353088,0.6840432874995153,0.6524347534986991,0.47920949406711205,share,1,True,-0.07194341967715515,12,13.860492246766972
decoder_heads,HypsRel 600-500,120,0.001155118047141836,0.0011951097245912494,3.9991677449413567e-05,3.606901030497609e-05,4.3654511144027196e-05,3.4621290480541704,0.60195838078842,0.5429140367339761,0.657091688029555,0.599446970396587,0.4404395155069428,share,2,True,0.3192915361181769,12,6.191581877813378
film,HypsRel 600-500,120,0.001155118047141836,0.0011529393460158186,-2.178701126017194e-06,-2.6340426487687686e-06,-1.6506982763989627e-06,-0.1886128548859624,-0.03279400829580478,-0.039647850475542874,-0.024846461189037376,0.030282597903971763,-0.023994644125424527,share,15,True,-0.040380394632357514,12,13.0099100370144
cond_embed,HypsRel 600-500,120,0.001155118047141836,0.0011341138364370314,-2.1004210704804493e-05,-2.2700239760991608e-05,-1.9221913057689813e-05,-1.8183605352523253,-0.3161572975176193,-0.3416860817433852,-0.28932999058363884,0.3136458871257863,-0.231325240061054,share,4,True,0.03321018649685924,12,11.22857470208745
encoder_io,LapseW1 mean,120,0.05633661709725857,0.05817450520892938,0.001837888111670812,8.19540349766612e-05,0.003458698474181195,3.2623331083190767,0.3249036884985514,0.014487915821518609,0.6114321565768189,0.30018801080010743,1.0,colmax,1,True,0.10771422961199172,12,9.66623787834402
enc0_attn,LapseW1 mean,120,0.05633661709725857,0.056428007471064724,9.13903738061587e-05,-0.00025980021649350723,0.0005468574585393071,0.16222197660250692,0.016156081185969794,-0.04592774069076821,0.09667400547079029,0.0,0.04972575491718934,colmax,17,False,0.33434871923370696,12,5.986302721362658
enc0_mlp,LapseW1 mean,120,0.05633661709725857,0.056652189853290714,0.000315572756032149,-0.00027203567636509735,0.0007942399708554148,0.5601556719093546,0.055787265706446446,-0.04809073745728066,0.1404065320653896,0.031071588008002474,0.1717040085455822,colmax,9,False,0.289863463190088,12,6.606620533806921
enc1_attn,LapseW1 mean,120,0.05633661709725857,0.05658626866837343,0.000249651571114858,1.0463998963435494e-05,0.0005771145457401865,0.4431426379114383,0.044133653066038246,0.0018498361451255497,0.10202288344239384,0.019417975367594275,0.135836109679115,colmax,13,True,-0.001285917302474739,12,12.030901752357428
enc1_mlp,LapseW1 mean,120,0.05633661709725857,0.05636270654698213,2.6089449723561604e-05,-0.0005527239913741748,0.0004691100912168619,0.0463099331621585,0.004612118872882144,-0.09771109698068291,0.08292974854148782,0.0,0.014195341684779634,colmax,18,False,-0.19564567177094497,12,17.83759663833816
enc2_attn,LapseW1 mean,120,0.05633661709725857,0.05631499116619428,-2.1625931064287823e-05,-0.00016040227686365445,0.00019688804944356254,-0.03838698909974163,-0.003823053604506377,-0.028356074053490405,0.03480606522197058,0.0,-0.011766728848704415,colmax,19,False,0.2810982482417066,12,6.733926170720894
enc2_mlp,LapseW1 mean,120,0.05633661709725857,0.0564428965250651,0.00010627942780653636,-2.1012111877401672e-05,0.00032106445481379803,0.18865070940105863,0.01878818296205619,-0.003714542038092691,0.056758093679569736,0.0,0.05782693034012742,colmax,16,False,-0.21337217174339157,12,18.50998088027326
downsample,LapseW1 mean,120,0.05633661709725857,0.05725879532595476,0.0009221782286961874,3.3277583618958804e-05,0.001816975992793838,1.6369073547745239,0.16302358454458374,0.0058828443328302294,0.32120682332253575,0.13830790684613975,0.5017597223901956,colmax,4,True,0.3978115818143288,12,5.169696053633012
dec0_attn,LapseW1 mean,120,0.05633661709725857,0.056630313086013,0.0002936959887544314,0.00011839298531413078,0.0004939622168118754,0.5213234373789248,0.051919869026627256,0.020929629707407183,0.08732313202417907,0.027204191328183285,0.15980079902004174,colmax,10,True,0.5174688203027425,12,3.8158109602620245
dec0_mlp,LapseW1 mean,120,0.05633661709725857,0.056594195775687695,0.00025757867842912674,8.299187757074832e-05,0.000532316385457913,0.45721360582309606,0.04553501498201928,0.014671386667626463,0.09410342010769276,0.020819337283575306,0.1401492706729376,colmax,11,True,0.21323361971785465,12,7.78184548296754
dec1_attn,LapseW1 mean,120,0.05633661709725857,0.05670078502347072,0.00036416792621215183,3.248172191282114e-05,0.0008238928935800986,0.6464142594566133,0.06437796822769203,0.005742151108788529,0.14564860523993872,0.03966229052924806,0.19814477491836496,colmax,8,True,0.047464760033124574,12,10.912465331283348
dec1_mlp,LapseW1 mean,120,0.05633661709725857,0.0560833519945542,-0.00025326510270436603,-0.0005222532975797851,3.0672069018085694e-05,-0.44955681713570683,-0.04477245677475252,-0.09232445742300763,0.005422238870024923,0.020056779076308553,-0.13780224220185222,colmax,12,False,0.19554232906021857,12,8.07457152844242
dec2_attn,LapseW1 mean,120,0.05633661709725857,0.05656782599786917,0.00023120890061060587,5.92181459069252e-05,0.0004205559535572926,0.4104060778293641,0.04087333942967244,0.010468642736751944,0.07434629979001886,0.016157661731228467,0.12580140169708992,colmax,14,True,-0.1566451008177981,12,16.45777029726478
dec2_mlp,LapseW1 mean,120,0.05633661709725857,0.05685506450633208,0.0005184474090735117,0.00016227401016900936,0.0008797074202448129,0.920267200599697,0.09165164866721327,0.028686960928993692,0.15551555278152798,0.06693597096876931,0.282088667847247,colmax,7,True,-0.05768038655706908,12,13.469065545936973
upsample,LapseW1 mean,120,0.05633661709725857,0.05578007269650698,-0.0005565444007515907,-0.0007710510942464074,-0.0003454100495825212,-0.9878910545707458,-0.09838647275052152,-0.13630717939285122,-0.061061932138951405,0.07367079505207755,-0.3028173462886377,colmax,6,True,-0.7021427901093996,12,68.57552143463282
decoder_io,LapseW1 mean,120,0.05633661709725857,0.05765934940427542,0.0013227323070168495,0.00036194206525882083,0.002356577408500016,2.3479086519045103,0.23383393293473137,0.06398447831433451,0.4165980983238177,0.2091182552362874,0.7197023032127686,colmax,2,True,-0.2558022737717638,12,20.249493856474775
decoder_heads,LapseW1 mean,120,0.05633661709725857,0.055272176240881286,-0.0010644408563772838,-0.0028915750794112683,0.00048467819578945377,-1.889429843718964,-0.18817291337236777,-0.5111755187409829,0.0856818935531708,0.1634572356739238,-0.5791652112106039,colmax,3,False,-0.060177451996799886,12,13.53673568589278
film,LapseW1 mean,120,0.05633661709725857,0.05651186592876911,0.00017524883151054382,-7.298151807238657e-05,0.0004838026283929741,0.3110744672652198,0.030980662751593724,-0.012901745358364441,0.08552710987790849,0.0062649850531497535,0.09535337347126441,colmax,15,False,0.22249909763336403,12,7.631916331440734
cond_embed,LapseW1 mean,120,0.05633661709725857,0.0555845070630312,-0.0007521100342273712,-0.0013707650747771065,-0.0003346193193768465,-1.3350287485827226,-0.13295875996232195,-0.24232521339680177,-0.05915433611982856,0.10824308226387798,-0.4092251478484362,colmax,5,True,-0.33264093785480175,12,23.962649436201538
encoder_io,|DryAir Md err|,120,274648842021546.66,263699538728277.34,-10949303293269.334,-19607957362005.332,-1328576550229.3333,-3.986655546288574,-0.21733728879112738,-0.38920652553390167,-0.02637147018804474,0.21242673916990526,0.1032285930245114,share,7,True,0.23510009599250065,12,7.431623459403993
enc0_attn,|DryAir Md err|,120,274648842021546.66,232226018383189.34,-42422823638357.336,-43476522281642.664,-41963548468838.41,-15.446205170975814,-0.8420683239354977,-0.86298362787774,-0.8329519794998029,0.8371577743142755,0.39995680812007345,share,3,True,-0.2742792326376917,12,21.070570775079197
enc0_mlp,|DryAir Md err|,120,274648842021546.66,264249294542165.34,-10399547479381.334,-11407433138176.0,-9437474805077.334,-3.786488740617181,-0.20642495629952265,-0.22643089920079795,-0.18732837443921438,0.20151440667830053,0.09804556743332254,share,9,True,0.02782901311287778,12,11.350187330588888
enc1_attn,|DryAir Md err|,120,274648842021546.66,267181325549568.0,-7467516471978.667,-8429589146282.667,-6688695735637.333,-2.7189324437030864,-0.1482258496776308,-0.16732243153793905,-0.13276671198119075,0.1433153000564087,0.0704027642803153,share,11,True,-0.043429027184380596,12,13.089617688645921
enc1_mlp,|DryAir Md err|,120,274648842021546.66,263928603650730.66,-10720238370816.0,-12598570734933.334,-9483287789568.0,-3.9032527105921604,-0.21279048358629205,-0.2500742862659415,-0.18823773548018144,0.20787993396506993,0.1010689990281827,share,8,True,0.16250000000000003,12,8.645161290322578
enc2_attn,|DryAir Md err|,120,274648842021546.66,276527174385664.0,1878332364117.3333,1328576550229.3333,2290649224533.3335,0.6839032527105922,0.03728380267964946,0.02637147018804474,0.045468052048353004,0.03237325305842734,-0.017708670769895258,share,14,True,-0.1624341992478175,12,16.654465092111707
enc2_mlp,|DryAir Md err|,120,274648842021546.66,275885792602794.66,1236950581248.0,733007751850.6666,1695080426154.6667,0.45037531276063386,0.02455274810611062,0.01454977665547296,0.033646358515781224,0.019642198484888497,-0.011661807580174927,share,16,True,-0.2886751345948129,12,21.739858069391463
downsample,|DryAir Md err|,120,274648842021546.66,253116739310933.34,-21532102710613.332,-24235068795562.668,-18783323641173.332,-7.839866555462886,-0.4273996892545182,-0.4810519906715748,-0.3728380267964946,0.42248913963329604,0.20300183565489688,share,4,True,0.18291333310372396,12,8.288891272388385
dec0_attn,|DryAir Md err|,120,274648842021546.66,274282338145621.34,-366503875925.3333,-1053698643285.3334,366503875925.3333,-0.13344453711426188,-0.00727488832773648,-0.02091530394224238,0.00727488832773648,0.0023643387065143567,0.003455350394125904,share,19,False,0.1510425771787738,12,8.850662239466791
dec0_mlp,|DryAir Md err|,120,274648842021546.66,271991688921088.0,-2657153100458.6665,-3298534883328.0,-2015771317589.3333,-0.9674728940783986,-0.05274294037608948,-0.06547399494962833,-0.04001188580255064,0.04783239075486735,0.025051290357412805,share,12,True,0.08367625748110125,12,10.146835675615554
dec1_attn,|DryAir Md err|,120,274648842021546.66,275931605587285.34,1282763565738.6667,458129844906.6667,2061584302080.0,0.46705587989991665,0.025462109147077683,0.009093610409670601,0.0409212468435177,0.020551559525855558,-0.012093726379440665,share,15,True,0.18839207264029945,12,8.195355179943446
dec1_mlp,|DryAir Md err|,120,274648842021546.66,275244410819925.34,595568798378.6666,-1145324612.2666016,1420202519210.6667,0.21684737281067556,0.01182169353257178,-2.273402602417521e-05,0.02819019226997886,0.006911143911349656,-0.005614944390454594,share,17,False,-0.4494654200079941,12,31.59399186214333
dec2_attn,|DryAir Md err|,120,274648842021546.66,287476477678933.3,12827635657386.666,12277879843498.666,13789708331690.666,4.670558798999165,0.2546210914707768,0.24370875897917207,0.27371767333108504,0.24971054184955468,-0.12093726379440664,share,6,True,-0.31336552148157404,12,22.95309476999407
dec2_mlp,|DryAir Md err|,120,274648842021546.66,275198597835434.66,549755813888.0,137438953472.0,962072674304.0,0.20016680567139283,0.01091233249160472,0.00272808312290118,0.01909658186030826,0.0060017828703825965,-0.0051830255911888565,share,18,True,-0.1964736853623539,12,17.86834352876534
upsample,|DryAir Md err|,120,274648842021546.66,264661611402581.34,-9987230618965.334,-11865562983082.666,-8383776161792.0,-3.6363636363636367,-0.1982407069308191,-0.23552450961046853,-0.166413070496972,0.193330157309597,0.0941582982399309,share,10,True,0.48743492949499606,12,4.135159612090272
decoder_io,|DryAir Md err|,120,274648842021546.66,216145660826965.34,-58503181194581.336,-62717975767722.664,-55067207357781.336,-21.301084236864057,-1.1612540493149357,-1.244915265083905,-1.0930519712424063,1.1563434996937136,0.5515603066623475,share,2,True,0.13811406245939095,12,9.087517316267538
decoder_heads,|DryAir Md err|,120,274648842021546.66,337275191820288.0,62626349798741.336,60152448636245.336,65696965084228.26,22.802335279399504,1.2430965430019711,1.1939910467897499,1.304046466772788,1.238185993380749,-0.590432998596264,share,1,True,0.17285198064371804,12,8.462940248289161
film,|DryAir Md err|,120,274648842021546.66,276847865277098.66,2199023255552.0,1924145348608.0,2519714146986.6665,0.8006672226855713,0.04364932996641888,0.03819316372061652,0.0500148572531883,0.03873878034519676,-0.020732102364755426,share,13,True,-0.7052116670690938,12,69.41434825924819
cond_embed,|DryAir Md err|,120,274648842021546.66,287934607523840.0,13285765502293.334,10535841108241.066,15393162788864.0,4.837364470391994,0.26371470188044743,0.20913030539639962,0.30554530976493216,0.2588041522592253,-0.12525645178706404,share,5,True,0.2683255033299396,12,6.922587251449983
encoder_io,neg-q fraction,120,0.0008197004167792935,0.0008094865394999337,-1.0213877279359925e-05,-4.046830922751118e-05,2.0982482112685806e-05,-1.246050028800954,-0.025280045942860076,-0.10016183751969478,0.051933080582027315,0.022501080854445757,-0.009569021581120732,share,18,False,-0.1031346237683862,12,14.759869023867909
enc0_attn,neg-q fraction,120,0.0008197004167792935,0.0007866722570876542,-3.30281596916393e-05,-6.269431294564735e-05,-1.1536978907618808e-05,-4.0292964375217855,-0.08174695774933817,-0.15517271925958898,-0.028554813108611025,0.07896799266092384,-0.030942918563615654,share,6,True,0.6574793460310713,12,2.479818440856815
enc0_mlp,neg-q fraction,120,0.0008197004167792935,0.0007983699995293136,-2.13304172499799e-05,-3.911812128383948e-05,-8.803599331486114e-06,-2.6022211058266635,-0.0527942438812677,-0.09682002986781595,-0.021789511414263645,0.05001527879285338,-0.019983716018581208,share,16,True,0.43042757204738347,12,4.778200077371684
enc1_attn,neg-q fraction,120,0.0008197004167792935,0.0007924036599433748,-2.729675683591874e-05,-4.7941495722625405e-05,-1.3020223914850251e-05,-3.330089417688861,-0.06756134306582837,-0.11865848602729152,-0.03222594610754584,0.06478237797741404,-0.025573369261577827,share,9,True,0.5287439692878034,12,3.6991625034379627
enc1_mlp,neg-q fraction,120,0.0008197004167792935,0.0007831171737583039,-3.658324302098966e-05,-6.780065340118805e-05,-1.2985753026365903e-05,-4.463001637199337,-0.09054603252168604,-0.16781126168429722,-0.03214062829720397,0.08776706743327171,-0.03427355081724383,share,4,True,0.6650750478639822,12,2.4137647313783592
enc2_attn,neg-q fraction,120,0.0008197004167792935,0.000790888898184979,-2.8811518594314595e-05,-5.059976425911827e-05,-1.2242734796548906e-05,-3.5148839752355734,-0.07131048218287232,-0.12523788275323403,-0.030301607279777633,0.068531517094458,-0.02699249615726094,share,8,True,0.7081667836138557,12,2.0501502723433043
enc2_mlp,neg-q fraction,120,0.0008197004167792935,0.0007928055427631383,-2.6894874016155274e-05,-4.7403439090013914e-05,-1.0939261134505334e-05,-3.2810614055594396,-0.0665666555569235,-0.11732675900333697,-0.027075420674974936,0.06378769046850918,-0.025196859414218547,share,10,True,0.6658791080547696,12,2.406807723295456
downsample,neg-q fraction,120,0.0008197004167792935,0.0007781957376285694,-4.1504679150724165e-05,-7.5349568699797e-05,-1.7509502672889236e-05,-5.063396126331288,-0.10272692407360964,-0.1864953441681581,-0.04333721856064931,0.0999479589851953,-0.03888427084524948,share,3,True,0.55553539711179,12,3.428771370012879
dec0_attn,neg-q fraction,120,0.0008197004167792935,0.0007939617053504359,-2.573871142885764e-05,-4.40609218571808e-05,-1.0689951068343362e-05,-3.140014437224308,-0.06370507395329846,-0.10905379988118488,-0.026458361182853538,0.060926108864884136,-0.024113691441220466,share,13,True,0.6648134820827616,12,2.416029337998181
dec0_mlp,neg-q fraction,120,0.0008197004167792935,0.0007959648952085748,-2.373552157071875e-05,-4.068827644232442e-05,-1.0299824690681214e-05,-2.8956337077366157,-0.05874704183082948,-0.1007062714446685,-0.02549277167349547,0.05596807674241516,-0.022236973476109523,share,15,True,0.6644987665034743,12,2.4187550528592747
dec1_attn,neg-q fraction,120,0.0008197004167792935,0.0007958969007783404,-2.3803516000953095e-05,-4.0373542561648415e-05,-1.070014066328896e-05,-2.9039287419762596,-0.05891533270345005,-0.09992728352992798,-0.026483581128356935,0.05613636761503573,-0.022300675060974193,share,14,True,0.4875067028544534,12,4.134381078045
dec1_mlp,neg-q fraction,120,0.0008197004167792935,0.0007934856331909638,-2.6214783588329738e-05,-4.585142499612023e-05,-1.1560782086424605e-05,-3.1980932364693597,-0.06488338516013972,-0.11348541780405663,-0.028613727606733367,0.062104420071725404,-0.024559706665758657,share,11,True,0.6852420423101117,12,2.2412777496940786
dec2_attn,neg-q fraction,120,0.0008197004167792935,0.0007938998655845353,-2.5800551194758253e-05,-4.307588682953186e-05,-1.1839172303022413e-05,-3.147558628325685,-0.06385813161008294,-0.1066157707103613,-0.029302762463247367,0.06107916652166863,-0.024171626938024427,share,12,True,0.6445138715690963,12,2.5939784485372823
dec2_mlp,neg-q fraction,120,0.0008197004167792935,0.0008057954442695822,-1.3904972509711419e-05,-2.8658674386861095e-05,-3.7144424434624625e-06,-1.6963481078057534,-0.03441575948734521,-0.07093218229920986,-0.009193499496277971,0.03163679439893089,-0.013027078590340904,share,17,True,-0.1411523415524431,12,15.944420368313194
upsample,neg-q fraction,120,0.0008197004167792935,0.0007863693192575738,-3.3331097521719734e-05,-5.7920586338392845e-05,-1.4482589077147187e-05,-4.066253577457216,-0.08249674963079531,-0.14335741889427953,-0.03584540005994551,0.07971778454238097,-0.031226730337978306,share,5,True,0.6508606891328735,12,2.5378711589565883
decoder_io,neg-q fraction,120,0.0008197004167792935,0.0019958477201574474,0.0011761473033781538,0.0005202027064873013,0.002084978626733876,143.4850195635358,2.9110451449279604,1.2875373337580625,5.160464927479213,2.9082661798395457,1.1018909490273217,share,1,True,0.7541502749558556,12,1.681838062935615
decoder_heads,neg-q fraction,120,0.0008197004167792935,0.0009877594447971205,0.000168059028017827,6.33496616122405e-05,0.00030595590373252415,20.502493908463798,0.4159576068128869,0.15679475210244934,0.7572618204917564,0.4131786417244726,0.15744857922412195,share,2,True,0.5263455721123759,12,3.7238311156400568
film,neg-q fraction,120,0.0008197004167792935,0.0007879582726673107,-3.1742144111982874e-05,-5.587165689651859e-05,-1.3206322667732214e-05,-3.872407950785455,-0.07856398109436648,-0.13828617816878827,-0.03268655326916427,0.07578501600595215,-0.0297380958994294,share,7,True,0.6528089554667175,12,2.520734486958851
cond_embed,neg-q fraction,120,0.0008197004167792935,0.0008115268533401832,-8.17356343911039e-06,-1.4844894716740479e-05,-2.6703227992660114e-06,-0.9971403297835756,-0.020230129421580527,-0.036742131336792196,-0.006609231852053532,0.017451164333166205,-0.007657523465800649,share,19,True,-0.4527313738338399,12,31.85414922856036
encoder_io,|neg-q mass|,120,9954534528.0,10484352234.666666,529817706.6666667,-242309989.33333334,1308511520.0,5.322375498084833,0.16710981236468497,-0.07642699808267793,0.41271764199795097,0.15854932962649776,0.02584097654712884,share,3,False,-0.013802555534762088,12,12.335897577805948
enc0_attn,|neg-q mass|,120,9954534528.0,9547457269.333334,-407077258.6666667,-640393095.4666666,-206813565.3333334,-4.0893650780118795,-0.12839624545903625,-0.20198639772982002,-0.06523107035203063,0.11983576272084903,-0.01985451554697285,share,6,True,0.2585968020054659,12,7.06885506284305
enc0_mlp,|neg-q mass|,120,9954534528.0,9999322368.0,44787840.0,-159881122.13333336,203676562.66666624,0.44992400070562094,0.014126533417895708,-0.05042810760034864,0.06424162828465918,0.005566050679708486,0.002184452328552903,share,16,False,-0.2664408349844648,12,20.717197391285723
enc1_attn,|neg-q mass|,120,9954534528.0,9700925546.666666,-253608981.33333334,-511803690.6666667,-55861148.26666688,-2.5476729285531627,-0.07999081335210231,-0.1614280112549528,-0.01761916577694072,0.0714303306139151,-0.01236935582996478,share,8,True,0.3818938989843502,12,5.367469396629702
enc1_mlp,|neg-q mass|,120,9954534528.0,9440924064.0,-513610464.0,-848385129.3333333,-223363472.00000027,-5.159562835965081,-0.16199788566443304,-0.2675891688630911,-0.07045107671067004,0.15343740292624583,-0.025050495269562833,share,4,True,-0.12760532785213044,12,15.510484378487858
enc2_attn,|neg-q mass|,120,9954534528.0,9795353536.0,-159180992.0,-381153821.8666667,9897535.999999983,-1.5990802136680278,-0.050207279542433605,-0.12021973379288071,0.0031217820073222015,0.04164679680424638,-0.007763787863754114,share,11,False,0.5867544584225027,12,3.1252135279077664
enc2_mlp,|neg-q mass|,120,9954534528.0,9767100864.0,-187433664.0,-408695993.59999996,-6543575.466666735,-1.8828973215451585,-0.05911845532480771,-0.12890681067339907,-0.0020639092553333704,0.05055797258662049,-0.009141764902571825,share,9,True,0.4767808083600776,12,4.251565475482653
downsample,|neg-q mass|,120,9954534528.0,9454947573.333334,-499586954.6666667,-823359827.2,-235054525.06666732,-5.018687245108591,-0.15757473033402403,-0.2596959378682615,-0.07413855196816548,0.1490142475958368,-0.02436652194962413,share,5,True,-0.18326173928094475,12,17.385179015454025
dec0_attn,|neg-q mass|,120,9954534528.0,9805923968.0,-148610560.0,-340027646.1333333,-7402479.200000024,-1.492893108984553,-0.046873259395679615,-0.10724812596702475,-0.002334816097272792,0.038312776657492394,-0.007248232641707011,share,12,True,0.1616408681632681,12,8.660430136163917
dec0_mlp,|neg-q mass|,120,9954534528.0,9937768768.0,-16765760.0,-224955586.6666667,126543569.06666665,-0.16842334468619766,-0.005288088662378431,-0.0709532456262459,0.03991310938951421,0.0,-0.0008177220306216849,share,18,False,0.22874235738750412,12,7.532166247632013
dec1_attn,|neg-q mass|,120,9954534528.0,9819936618.666666,-134597909.33333334,-398972394.6666667,61090093.333333306,-1.3521266007439916,-0.042453528997518745,-0.12583989015939465,0.01926842743422547,0.033893046259331525,-0.006564788935156341,share,13,False,0.05240131412454398,12,10.804988627332495
dec1_mlp,|neg-q mass|,120,9954534528.0,9867766069.333334,-86768458.66666667,-277524079.73333335,63994967.73333332,-0.8716475735013561,-0.027367641104683083,-0.08753387496748417,0.020184653920843038,0.018807158366495862,-0.004231987110326069,share,15,False,0.29643378691112154,12,6.512322219850744
dec2_attn,|neg-q mass|,120,9954534528.0,9913011040.0,-41523488.0,-230490660.53333333,86216626.93333332,-0.41713138754206147,-0.013096924095013097,-0.07269906337383068,0.027193587847772527,0.004536441356825876,-0.0020252389945851048,share,17,False,0.5976933364050826,12,3.021656192171154
dec2_mlp,|neg-q mass|,120,9954534528.0,10068770741.333334,114236213.33333333,-72139282.13333334,317827254.66666657,1.1475796584160818,0.03603124609686907,-0.022753452271856385,0.10024590009624744,0.02747076335868185,0.005571681113022333,share,14,False,-0.05182225315477343,12,13.311709834841315
upsample,|neg-q mass|,120,9954534528.0,9564925162.666666,-389609365.3333333,-703278488.5333333,-129018558.4000004,-3.913888331367424,-0.12288669690939484,-0.22182108068514392,-0.040693745819542416,0.11432621417120763,-0.019002548132002316,share,7,True,0.22830570567155475,12,7.5391097584118265
decoder_io,|neg-q mass|,120,9954534528.0,32344769136.0,22390234608.0,9294937534.800001,41090306319.86665,224.9249781094335,7.062104299391018,2.9317164146028336,12.960294253510941,7.053543816652831,1.092046415417475,share,1,True,0.7119729076701304,12,2.018913437515924
decoder_heads,|neg-q mass|,120,9954534528.0,13201816501.333334,3247281973.3333335,919817574.6666666,6232211698.666666,32.62113325539649,1.02422526546544,0.2901196777271788,1.9657020036825896,1.015664782727253,0.15838077183708493,share,2,True,0.7057846771141285,12,2.0697711276217765
film,|neg-q mass|,120,9954534528.0,9780737205.333334,-173797322.66666666,-434075576.8,15793995.999999994,-1.7459110938619131,-0.054817416660224515,-0.13691178546582186,0.004981584561704942,0.04625693392203729,-0.008476675057235629,share,10,False,0.4887129121056096,12,4.12130841671469
cond_embed,|neg-q mass|,120,9954534528.0,9942533546.666666,-12000981.333333334,-291634400.5333333,236244194.6666666,-0.12055793567822898,-0.00378522973764477,-0.0919844115041519,0.07451378567804397,0.0,-0.0005853278840533485,share,19,False,0.3325919762509159,12,6.010013888513013
encoder_io,EffRes Z500,120,55.636112936486484,55.66192418207248,0.02581124558599394,0.01290562279299697,0.04516967977548939,0.046392970722918314,1816304937547.6667,908152468773.8334,3178533640708.4165,1816304937547.6667,0.6663570928791772,colmax,6,True,-0.17857142857142855,12,17.217391304347824
enc0_attn,EffRes Z500,120,55.636112936486484,55.661924182072475,0.02581124558599394,0.01290562279299697,0.03871686837899091,0.046392970722918314,1816304937547.6667,908152468773.8334,2724457406321.5,1816304937547.6667,0.6663570928791772,colmax,7,True,-0.5714285714285714,12,44.0
enc0_mlp,EffRes Z500,120,55.636112936486484,55.655471370675976,0.019358434189495455,0.006452811396498485,0.03242537726740401,0.03479472804218873,1362228703160.75,454076234386.9167,2281733077794.1943,1362228703160.75,0.49976781965938283,colmax,11,True,-0.37500000000000017,12,26.400000000000016
enc1_attn,EffRes Z500,120,55.636112936486484,55.64901855927948,0.01290562279299697,0.0,0.02581124558599394,0.023196485361459157,908152468773.8334,0.0,1816304937547.6667,908152468773.8334,0.3331785464395886,colmax,16,False,-0.22222222222222215,12,18.85714285714285
enc1_mlp,EffRes Z500,120,55.636112936486484,55.655471370675976,0.019358434189495455,0.006452811396498485,0.03242537726740401,0.03479472804218873,1362228703160.75,454076234386.9167,2281733077794.1943,1362228703160.75,0.49976781965938283,colmax,12,True,-0.37500000000000017,12,26.400000000000016
enc2_attn,EffRes Z500,120,55.636112936486484,55.64901855927948,0.01290562279299697,0.0,0.02581124558599394,0.023196485361459157,908152468773.8334,0.0,1816304937547.6667,908152468773.8334,0.3331785464395886,colmax,17,False,-0.22222222222222215,12,18.85714285714285
enc2_mlp,EffRes Z500,120,55.636112936486484,55.66839498041278,0.03228204392629763,0.01290562279299697,0.06458207479640048,0.058023543023486245,2271646890581.75,908152468773.8334,4544559499810.667,2271646890581.75,0.8334107267802058,colmax,3,True,-0.057533906660353316,12,13.465107094681294
downsample,EffRes Z500,120,55.636112936486484,55.66192418207248,0.02581124558599394,0.006452811396498485,0.03871686837899091,0.046392970722918314,1816304937547.6667,454076234386.9167,2724457406321.5,1816304937547.6667,0.6663570928791772,colmax,8,True,-0.46291004988627593,12,32.6852524328899
dec0_attn,EffRes Z500,120,55.636112936486484,55.64901855927948,0.01290562279299697,0.0,0.02581124558599394,0.023196485361459157,908152468773.8334,0.0,1816304937547.6667,908152468773.8334,0.3331785464395886,colmax,18,False,-0.22222222222222215,12,18.85714285714285
dec0_mlp,EffRes Z500,120,55.636112936486484,55.66839498041278,0.03228204392629763,0.01290562279299697,0.06458207479640048,0.058023543023486245,2271646890581.75,908152468773.8334,4544559499810.667,2271646890581.75,0.8334107267802058,colmax,4,True,-0.057533906660353316,12,13.465107094681294
dec1_attn,EffRes Z500,120,55.636112936486484,55.65547137067599,0.019358434189495455,0.006452811396498485,0.03871686837899091,0.03479472804218873,1362228703160.75,454076234386.9167,2724457406321.5,1362228703160.75,0.49976781965938283,colmax,13,True,0.08333333333333334,12,10.153846153846155
dec1_mlp,EffRes Z500,120,55.636112936486484,55.674829804865475,0.03871686837899091,0.019358434189495455,0.058236622853397944,0.06958945608437746,2724457406321.5,1362228703160.75,4098038015341.861,2724457406321.5,0.9995356393187657,colmax,2,True,-0.10000000000000005,12,14.66666666666667
dec2_attn,EffRes Z500,120,55.636112936486484,55.655471370675976,0.019358434189495455,0.006452811396498485,0.03242537726740401,0.03479472804218873,1362228703160.75,454076234386.9167,2281733077794.1943,1362228703160.75,0.49976781965938283,colmax,14,True,-0.37500000000000017,12,26.400000000000016
dec2_mlp,EffRes Z500,120,55.636112936486484,55.668376993468975,0.03226405698249243,0.01290562279299697,0.058075302568486364,0.057991213403647886,2270381171934.5835,908152468773.8334,4086686109482.25,2270381171934.5835,0.8329463660989714,colmax,5,True,-0.09999999999999995,12,14.666666666666666
upsample,EffRes Z500,120,55.636112936486484,55.66192418207248,0.02581124558599394,0.006452811396498485,0.05162249117198788,0.046392970722918314,1816304937547.6667,454076234386.9167,3632609875095.3335,1816304937547.6667,0.6663570928791772,colmax,9,True,0.21428571428571427,12,7.764705882352942
decoder_io,EffRes Z500,120,55.636112936486484,55.661924182072475,0.02581124558599394,0.01290562279299697,0.04516967977548939,0.046392970722918314,1816304937547.6667,908152468773.8334,3178533640708.4165,1816304937547.6667,0.6663570928791772,colmax,10,True,-0.17857142857142855,12,17.217391304347824
decoder_heads,EffRes Z500,120,55.636112936486484,55.64901855927948,0.01290562279299697,0.0,0.02581124558599394,0.023196485361459157,908152468773.8334,0.0,1816304937547.6667,908152468773.8334,0.3331785464395886,colmax,19,False,-0.22222222222222215,12,18.85714285714285
film,EffRes Z500,120,55.636112936486484,55.655471370675976,0.019358434189495455,0.006452811396498485,0.03242537726740401,0.03479472804218873,1362228703160.75,454076234386.9167,2281733077794.1943,1362228703160.75,0.49976781965938283,colmax,15,True,-0.37500000000000017,12,26.400000000000016
cond_embed,EffRes Z500,120,55.636112936486484,55.67484779180928,0.038734855322796115,0.01290562279299697,0.07103488619289895,0.06962178570421582,2725723124968.6665,908152468773.8334,4998635734197.583,2725723124968.6665,1.0,colmax,1,True,0.26934341360448033,12,6.907412874068967
encoder_io,DKE<1000km 500hPa,120,0.7152094841003418,0.7249107956886292,0.009701341390609741,0.004789196575681369,0.013198011616865794,1.3564336058912478,0.2410576411355398,0.11900131981600076,0.3279424380550698,0.22726426815540893,1.987954538803978,share,1,True,-0.004946727716920101,12,12.11931166753885
enc0_attn,DKE<1000km 500hPa,120,0.7152094841003418,0.7156439423561096,0.000434453288714091,-0.00035106589396794634,0.0018366313229004525,0.06074490292364891,0.010795237559866357,-0.008723238661095478,0.0456363709417098,0.0,0.0890261823002612,share,10,False,-0.39074290086084895,12,27.392236929057976
enc0_mlp,DKE<1000km 500hPa,120,0.7152094841003418,0.7150189280509949,-0.00019057095050811768,-0.001049655924240748,0.0011354109893242515,-0.02664547418422534,-0.0047352816428983795,-0.026081710859730548,0.028212541316275777,0.0,-0.039050928193651566,share,17,False,0.29128803501165973,12,6.58609338061689
enc1_attn,DKE<1000km 500hPa,120,0.7152094841003418,0.7136651873588562,-0.0015443315108617146,-0.002418746550877889,-0.00036269885798295384,-0.215927166731525,-0.03837334407177391,-0.06010069273757419,-0.009012293004403779,0.024579971091643074,-0.3164573550011514,share,4,True,-0.07915435062186049,12,14.062999826526354
enc1_mlp,DKE<1000km 500hPa,120,0.7152094841003418,0.7138922810554504,-0.0013171583414077759,-0.0029951191196839013,0.0002732905248800906,-0.18416400027885138,-0.03272857535856724,-0.074422321701801,0.006790686629794772,0.018935202378436402,-0.2699060673877115,share,6,False,-0.17773306433803834,12,17.18760193206471
enc2_attn,DKE<1000km 500hPa,120,0.7152094841003418,0.7155742049217224,0.0003647605578104655,-0.0003615149607261022,0.0010082566489775973,0.051000522381024635,0.009063521847626486,-0.008982875682757956,0.02505302717179069,0.0,0.07474506640678177,share,12,False,-0.2630837435516076,12,20.568151116205918
enc2_mlp,DKE<1000km 500hPa,120,0.7152094841003418,0.7150406837463379,-0.0001687308152516683,-0.0011470648149649301,0.0008216996987660726,-0.02359180436411851,-0.004192600865568274,-0.028502114026485316,0.020417484874623477,0.0,-0.0345755474949395,share,18,False,-0.05635902926202942,12,13.433401838445928
downsample,DKE<1000km 500hPa,120,0.7152094841003418,0.7118945717811584,-0.0033149123191833496,-0.004853997255365053,-0.0011862761030594514,-0.46348832489035646,-0.08236850060827065,-0.12061147848989802,-0.029476430900139558,0.06857512762813982,-0.6792766819891881,share,3,True,-0.27589611774031597,12,21.14441558454858
dec0_attn,DKE<1000km 500hPa,120,0.7152094841003418,0.7151634097099304,-4.610915978749593e-05,-0.0005226383606592814,0.0005880991617838541,-0.00644694494884051,-0.001145714272448345,-0.012986448503855145,0.014613009787556183,0.0,-0.009448478286591797,share,19,False,-0.01165894775778342,12,12.283115575895582
dec0_mlp,DKE<1000km 500hPa,120,0.7152094841003418,0.7154973149299622,0.0002879401048024495,-0.0006959617137908935,0.0012285037587086358,0.04025954957279805,0.007154697444126959,-0.01729316414011239,0.030525698073783105,0.0,0.05900337027617434,share,13,False,-0.009429494718426478,12,12.228462155934986
dec1_attn,DKE<1000km 500hPa,120,0.7152094841003418,0.7147056460380554,-0.0005038032929102579,-0.001268233855565389,0.00042636195818583134,-0.07044136369879823,-0.012518437244442873,-0.0315129062385886,0.010594185254596678,0.0,-0.10323706820324456,share,8,False,0.29005559348093984,12,6.603849416474461
dec1_mlp,DKE<1000km 500hPa,120,0.7152094841003418,0.7149481773376465,-0.0002612670262654622,-0.0009467909733454386,0.0006845792134602865,-0.036530141582356,-0.006491928334674453,-0.02352573623519588,0.017010333285136348,0.0,-0.05353764492887304,share,14,False,0.055668733388196126,12,10.734404497300378
dec2_attn,DKE<1000km 500hPa,120,0.7152094841003418,0.7149576544761658,-0.0002517898877461751,-0.0011743185420831045,0.0005887677272160845,-0.035205055838265976,-0.006256441656679037,-0.02917931101468922,0.01462962221253426,0.0,-0.051595633017764875,share,15,False,0.1523395873504485,12,8.827193878831086
dec2_mlp,DKE<1000km 500hPa,120,0.7152094841003418,0.7158164978027344,0.0006069988012313843,-0.00015408769249916073,0.0014213395615418748,0.08487007513444515,0.015082625515948508,-0.0038287504981341087,0.03531725646615683,0.0012892525358176707,0.1243834201242002,share,7,False,0.3149922300574916,12,6.251058410398908
upsample,DKE<1000km 500hPa,120,0.7152094841003418,0.7149932980537415,-0.0002161810795466105,-0.0018973932911952335,0.0017571150014797845,-0.030226261446556657,-0.005371638724525403,-0.047146176251939356,0.04366055995829312,0.0,-0.044298838787820184,share,16,False,-0.0010609788939167637,12,12.025490538377213
decoder_io,DKE<1000km 500hPa,120,0.7152094841003418,0.722689151763916,0.007479707400004069,0.004828192169467608,0.010546594609816868,1.045806561288459,0.18585477509061238,0.11997027714615814,0.26206038075477556,0.17206140211048154,1.5327074551933932,share,2,True,-0.033889326094546535,12,12.841874381721937
decoder_heads,DKE<1000km 500hPa,120,0.7152094841003418,0.7136693000793457,-0.001540188988049825,-0.004900415241718293,0.0012427660326162966,-0.21534796258552338,-0.038270411215668994,-0.12176486644379521,0.03088008515975221,0.024477038235538158,-0.3156084881595035,share,5,False,-0.18724516176356815,12,17.529199791756096
film,DKE<1000km 500hPa,120,0.7152094841003418,0.7155818939208984,0.0003724147876103719,-7.701913515726726e-05,0.0008517439166704809,0.05207073052129859,0.009253713132108108,-0.0019137612311304578,0.021164019606903794,0.0,0.07631353619452688,share,11,False,0.27011048811823213,12,6.895993871807069
cond_embed,DKE<1000km 500hPa,120,0.7152094841003418,0.7147223353385925,-0.00048715372880299884,-0.001932809129357338,0.002662431697050729,-0.06811343528465265,-0.012104731088970843,-0.04802618429025646,0.06615574885311844,0.0,-0.09982531562146543,share,9,False,-0.3855792391715931,12,27.061180106677142
encoder_io,DKEpert<1000km 500hPa,120,0.0,0.1796674281358719,0.17966743806997934,0.15659134822587173,0.19528854951883354,nan,nan,nan,nan,0.0,0.5933376027513394,share,1,True,-0.15999217000593705,12,16.571162247582414
enc0_attn,DKEpert<1000km 500hPa,120,0.0,0.019867034628987312,0.019867034473766882,0.018115804049496847,0.021757185676445565,nan,nan,nan,nan,0.0,0.06560932094914028,share,8,True,-0.3526458834141146,12,25.073989930850914
enc0_mlp,DKEpert<1000km 500hPa,120,0.0,0.015252583660185337,0.015252582961693406,0.012991162249818444,0.0171978921998137,nan,nan,nan,nan,0.0,0.050370457259663264,share,10,True,-0.03105065723668767,12,12.76909673270973
enc1_attn,DKEpert<1000km 500hPa,120,0.0,0.016720952466130257,0.016720951690028112,0.01466531526336136,0.01907499936642125,nan,nan,nan,nan,0.0,0.05521962965608718,share,9,True,-0.17436131098960062,12,17.068405247295413
enc1_mlp,DKEpert<1000km 500hPa,120,0.0,0.033995646983385086,0.03399564605206251,0.028718613154099633,0.03814151616534218,nan,nan,nan,nan,0.0,0.11226795099431078,share,6,True,-0.28103645122782384,12,21.381386359553918
enc2_attn,DKEpert<1000km 500hPa,120,0.0,0.0071726408787071705,0.007172641344368458,0.00619413032157657,0.008057857624953611,nan,nan,nan,nan,0.0,0.023687084684789233,share,17,True,-0.2245214631188082,12,18.948632178168136
enc2_mlp,DKEpert<1000km 500hPa,120,0.0,0.007690210361033678,0.0076902105162541074,0.006809971509695364,0.008313163945179742,nan,nan,nan,nan,0.0,0.02539631622392331,share,14,True,-0.6524829975404085,12,57.061369170824
downsample,DKEpert<1000km 500hPa,120,0.0,0.060922861099243164,0.06092286296188831,0.05575659445021302,0.06418787726821999,nan,nan,nan,nan,0.0,0.20119296991631744,share,3,True,-0.6680203333949539,12,60.29358425904029
dec0_attn,DKEpert<1000km 500hPa,120,0.0,0.007474868092685938,0.007474867355388899,0.006214407625763366,0.009301267486686507,nan,nan,nan,nan,0.0,0.024685162348690264,share,16,True,0.1325086314268667,12,9.191891464669897
dec0_mlp,DKEpert<1000km 500hPa,120,0.0,0.008233970031142235,0.008233969216234982,0.007058730639982969,0.010018145130986037,nan,nan,nan,nan,0.0,0.02719203662260887,share,13,True,0.1516393146880343,12,8.839858186416048
dec1_attn,DKEpert<1000km 500hPa,120,0.0,0.009752229787409306,0.009752229127722481,0.00843851143339028,0.0112034901753456,nan,nan,nan,nan,0.0,0.03220597073283191,share,12,True,-0.3808286733253487,12,26.761484852497055
dec1_mlp,DKEpert<1000km 500hPa,120,0.0,0.011619709432125092,0.01161970958734552,0.010293666550812,0.012836969059814388,nan,nan,nan,nan,0.0,0.038373178274724536,share,11,True,-0.39894065799318784,12,27.929501669284416
dec2_attn,DKEpert<1000km 500hPa,120,0.0,0.007070552557706833,0.007070552208460867,0.006294058203153933,0.007843553709487118,nan,nan,nan,nan,0.0,0.023349943331759125,share,19,True,-0.38068457665942756,12,26.752466183620264
dec2_mlp,DKEpert<1000km 500hPa,120,0.0,0.007626472041010857,0.0076264730499436455,0.006883841097199668,0.008784527891354324,nan,nan,nan,nan,0.0,0.025185828247513448,share,15,True,-0.4606858867069477,12,32.500967819024766
upsample,DKEpert<1000km 500hPa,120,0.0,0.020205337554216385,0.02020533662289381,0.018195339168111484,0.022031905509841937,nan,nan,nan,nan,0.0,0.06672653722563895,share,7,True,-0.2436563487918192,12,19.73160766493178
decoder_io,DKEpert<1000km 500hPa,120,0.0,0.10744889825582504,0.10744889825582504,0.09792794063687324,0.11880227203170458,nan,nan,nan,nan,0.0,0.3548415472176557,share,2,True,-0.4349009326640547,12,30.470429323381378
decoder_heads,DKEpert<1000km 500hPa,120,0.0,0.05791265144944191,0.05791265331208706,0.050033894988397755,0.06413760385476053,nan,nan,nan,nan,0.0,0.19125198897631893,share,4,True,0.03642867396949003,12,11.156441540816056
film,DKEpert<1000km 500hPa,120,0.0,0.007114812266081572,0.007114812110861142,0.0060724646706754965,0.008322315417656984,nan,nan,nan,nan,0.0,0.023496108183166196,share,18,True,-0.1968590299439188,12,17.882674268658146
cond_embed,DKEpert<1000km 500hPa,120,0.0,0.054927077144384384,0.05492707248777151,0.04799400692184766,0.06341708384764691,nan,nan,nan,nan,0.0,0.181392342798085,share,5,True,-0.12692609208052483,12,15.489081717253146
encoder_io,RMSE Z500,168,492.62132771809894,488.6554870605469,-3.9658406575520835,-7.592656326293945,1.2857299804687496,-0.8050485097595133,-0.056383998343543074,-0.10794793807704244,0.018279755378205476,0.0480378843255944,-1.0,colmax,1,False,-0.3678824425697667,12,25.96762124052989
enc0_attn,RMSE Z500,168,492.62132771809894,494.12943776448566,1.5081100463867188,0.3200503667195638,3.330415026346842,0.306139820087069,0.021441424832695177,0.004550288552971002,0.04734988910138408,0.013095310814746509,0.3802749975632153,colmax,7,True,-0.053642406924229544,12,13.360392493916866
enc0_mlp,RMSE Z500,168,492.62132771809894,493.19459279378253,0.5732650756835938,-0.3990099589029948,1.9469186147054025,0.11637033222638768,0.00815034689207766,-0.005672889761468734,0.027680147899416935,0.0,0.14455070820657778,colmax,14,False,-0.3062250755686157,12,22.59335175549956
enc1_attn,RMSE Z500,168,492.62132771809894,493.19217681884766,0.5708491007486979,-0.9562861760457356,2.9622990926106763,0.11587989975849454,0.00811599797630168,-0.013595916432859801,0.042116232484725326,0.0,0.14394151203771627,colmax,15,False,-0.27400522245525366,12,21.058089041860594
enc1_mlp,RMSE Z500,168,492.62132771809894,491.2775624593099,-1.3437652587890625,-2.6143478393554687,0.5947100957234684,-0.27277853864216534,-0.019104866954599318,-0.03716926547791544,0.008455239619450093,0.01075875293665065,-0.33883490912075676,colmax,8,False,-0.3129649254663785,12,22.93271433964542
enc2_attn,RMSE Z500,168,492.62132771809894,493.60814158121747,0.9868138631184896,-0.4054204940795898,2.100332832336425,0.20031894836741435,0.014029941197335543,-0.005764030993804948,0.029861301339435077,0.005683827179386875,0.2488284195784106,colmax,11,False,0.10642700392650205,12,9.69144454611872
enc2_mlp,RMSE Z500,168,492.62132771809894,493.5363235473633,0.9149958292643229,-0.1062765121459961,1.6639785766601562,0.18574019795341187,0.013008874479952767,-0.0015109771678260327,0.023657472251547525,0.004662760462004098,0.23071926188509662,colmax,12,False,0.07750526041771014,12,10.27367316118351
downsample,RMSE Z500,168,492.62132771809894,495.7142842610677,3.09295654296875,-0.36025708516438804,5.66590118408203,0.6278568078438304,0.043973843543942334,-0.005121924113233675,0.08055446261301646,0.03562772952599367,0.7798993479677215,colmax,2,False,-0.27605968168424433,12,21.15190409043097
dec0_attn,RMSE Z500,168,492.62132771809894,493.75721740722656,1.1358896891276042,-0.0309600830078125,2.183670488993327,0.23058069661523337,0.01614941392772722,-0.0004401723164808041,0.031046147302913076,0.007803299909778551,0.28641838823366456,colmax,10,False,0.09751455442229714,12,9.867591553383063
dec0_mlp,RMSE Z500,168,492.62132771809894,494.39512888590497,1.7738011678059895,0.40737775166829426,2.9078786214192682,0.36007396919303536,0.025218865492463167,0.005791858135177672,0.04134251411768302,0.0168727514745145,0.44726990340072537,colmax,6,True,0.19694904677620167,12,8.050978832090065
dec1_attn,RMSE Z500,168,492.62132771809894,492.95936330159503,0.33803558349609375,-1.2666422526041667,1.3387510935465488,0.06861976217349923,0.004805991825114585,-0.018008377249523182,0.019033578491662772,0.0,0.08523680416972333,colmax,16,False,0.020962375749490125,12,11.507232558282631
dec1_mlp,RMSE Z500,168,492.62132771809894,492.8766123453776,0.2552846272786458,-0.8632608413696289,1.2407529830932615,0.05182167578110456,0.0036294872246571443,-0.012273336740633158,0.017640298787661973,0.0,0.06437087349752986,colmax,17,False,-0.5112532287660371,12,37.10518373227515
dec2_attn,RMSE Z500,168,492.62132771809894,492.8277943929036,0.2064666748046875,-0.4706164677937825,0.7175175984700516,0.04191184246144483,0.002935422185461686,-0.0066909491408834385,0.010201244723879094,0.0,0.052061263331777206,colmax,18,False,-0.37516691557520626,12,26.410258032501304
dec2_mlp,RMSE Z500,168,492.62132771809894,493.82066345214844,1.1993357340494792,-0.13812255859375,2.5708133061726843,0.2434599694668103,0.017051452612757867,-0.0019637455932894226,0.03655031699792781,0.008705338594809198,0.30241652088709225,colmax,9,False,0.12555123406542928,12,9.32288542149549
upsample,RMSE Z500,168,492.62132771809894,492.67367299397785,0.05234527587890625,-1.1145402908325195,1.3051049550374336,0.010625864722783719,0.0007442144562283876,-0.01584588069428442,0.01855521741218976,0.0,0.013199036572290422,colmax,19,False,0.22022361171942662,12,7.668526136927816
decoder_io,RMSE Z500,168,492.62132771809894,495.07796478271484,2.4566370646158853,0.32993195851643886,4.495796076456702,0.49868670445013463,0.03492702610686508,0.004690779234170101,0.06391859391655677,0.02658091208891641,0.6194492610129841,colmax,3,True,-0.6469129813481449,12,55.97191267930492
decoder_heads,RMSE Z500,168,492.62132771809894,493.46853892008465,0.8472112019856771,-3.505111312866211,6.015735308329254,0.1719802116384395,0.012045152373539153,-0.04983361852479748,0.08552819917616057,0.003699038355590484,0.21362714116421877,colmax,13,False,-0.37276589559259815,12,26.263225534706397
film,RMSE Z500,168,492.62132771809894,494.45860290527344,1.8372751871744792,0.7609774271647135,2.663897895812987,0.3729589207363459,0.02612130190178175,0.010819131099234129,0.03787373914250984,0.01777518788383308,0.46327508990452937,colmax,5,True,0.13509987629817374,12,9.143513889076981
cond_embed,RMSE Z500,168,492.62132771809894,494.66264088948566,2.0413131713867188,-0.4942291259765625,6.176579093933105,0.41437774950638234,0.029022194387700213,-0.007026660077057639,0.08781498185962185,0.02067608036975155,0.5147239507718194,colmax,4,False,-0.17591922092942952,12,17.12335854631643
encoder_io,RMSE T850,168,2.593069632848104,2.588396350542704,-0.004673282305399577,-0.014622728029886881,0.0075910324851671835,-0.1802220135626156,-0.03610683926796533,-0.1129785140572956,0.05865003907492374,0.018990207398812506,-0.36328618513518945,colmax,4,False,-0.6346602196928058,12,53.69227139683425
enc0_attn,RMSE T850,168,2.593069632848104,2.590479532877604,-0.0025900999704996743,-0.007411454121271769,0.0037836621205011964,-0.09988547695322905,-0.020011699959734675,-0.057262575896488276,0.029233431901038248,0.0028950680905818513,-0.20134617938967847,colmax,10,False,-0.35625912883028343,12,25.282082084349458
enc0_mlp,RMSE T850,168,2.593069632848104,2.5941675702730813,0.0010979374249776204,-0.0018350536624590556,0.005547999342282612,0.042341224125620504,0.008482913622433324,-0.014178040894714363,0.04286510153241164,0.0,0.08535018271342565,colmax,15,False,-0.1585073221837394,12,16.52074727766126
enc1_attn,RMSE T850,168,2.593069632848104,2.5904111862182617,-0.0026584466298421225,-0.009351948897043863,0.0071839784582455905,-0.10252122026211119,-0.020539761754873574,-0.07225527875293142,0.055505047319032094,0.0034231298857207515,-0.20665923251094276,colmax,9,False,-0.2006502949992825,12,18.02440590126753
enc1_mlp,RMSE T850,168,2.593069632848104,2.5953196088473,0.0022499759991963706,-0.0041185418764750166,0.009659609198570243,0.08676882296928927,0.01738382499723968,-0.03182078886619987,0.07463233203805217,0.00026719312808685583,0.1749060176504567,colmax,12,False,-0.005913333459365257,12,12.142764215436708
enc2_attn,RMSE T850,168,2.593069632848104,2.595786909262339,0.002717276414235433,-0.0016409297784169515,0.00582808256149292,0.10478995163932048,0.020994294015166098,-0.012678195727842493,0.04502908802344735,0.003877662146013274,0.2112324738749147,colmax,8,False,-0.22374623313798292,12,18.917724363540664
enc2_mlp,RMSE T850,168,2.593069632848104,2.5943520069122314,0.0012823740641276042,-0.0016947219769159953,0.004282951354980469,0.04945390003735094,0.009907912937629368,-0.01309380645669389,0.03309105379491335,0.0,0.09968770367990709,colmax,14,False,-0.24822278929611136,12,19.924351600827073
downsample,RMSE T850,168,2.593069632848104,2.6059335470199585,0.012863914171854654,-0.0012031470735867817,0.02509023149808248,0.49608826577192777,0.09938951918727357,-0.00929578723535008,0.19385282050061084,0.08227288731812074,1.0,colmax,1,False,0.03359857520591368,12,11.219846249515887
dec0_attn,RMSE T850,168,2.593069632848104,2.5961677630742392,0.003098130226135254,-0.0007397229472796122,0.006442077954610184,0.11947732474628595,0.023936856966043286,-0.005715267303537499,0.04977295572109133,0.006820225096890463,0.2408388445962852,colmax,7,False,-0.017270620723306818,12,12.42177928746207
dec0_mlp,RMSE T850,168,2.593069632848104,2.59816304842631,0.00509341557820638,0.0011867100993792215,0.010020836691061642,0.19642417286773803,0.03935288424471158,0.009168791443745892,0.07742325759277144,0.022236252375558763,0.3959460169091005,colmax,3,True,-0.13233816093255094,12,15.660545755700017
dec1_attn,RMSE T850,168,2.593069632848104,2.5931243300437927,5.469719568888346e-05,-0.003268707791964213,0.003246128559112549,0.002109360851555948,0.00042260294244691446,-0.025254777936704696,0.025080325661389114,0.0,0.004251986989197822,colmax,19,False,-0.3226735307817805,12,23.433429949520747
dec1_mlp,RMSE T850,168,2.593069632848104,2.5955219666163125,0.0024523337682088218,-0.001947335402170817,0.006277336180210112,0.094572615295151,0.018947287027323886,-0.015045555087857774,0.04850012339891168,0.0018306551581710635,0.19063667056908362,colmax,11,False,-0.33687527520141064,12,24.19228646208224
dec2_attn,RMSE T850,168,2.593069632848104,2.5932902892430625,0.0002206563949584961,-0.002080241839090983,0.002166051665941872,0.008509466624547896,0.0017048413653525,-0.016072420370532813,0.016735406559519758,0.0,0.017153130222314208,colmax,18,False,-0.28774929562943663,12,21.696000372803418
dec2_mlp,RMSE T850,168,2.593069632848104,2.5967971682548523,0.0037275354067484536,5.432118972142538e-05,0.007273467381795245,0.14374991552595934,0.028799784177730825,0.0004196978350419716,0.05619645904375013,0.011683152308578004,0.2897668125696952,colmax,6,True,-0.2062581641545168,12,18.236531471766913
upsample,RMSE T850,168,2.593069632848104,2.5927902658780417,-0.00027936697006225586,-0.0056024591128031416,0.004945253332455949,-0.010773600775055644,-0.002158452587630245,-0.043285870074145805,0.038208149122095414,0.0,-0.02171710463316766,colmax,17,False,0.31972000640326,12,6.185675661164787
decoder_io,RMSE T850,168,2.593069632848104,2.5949728886286416,0.001903255780537923,-0.012735507885615031,0.01579773823420206,0.07339778910786432,0.014704985931260343,-0.09839742308965636,0.12205690945754946,0.0,0.1479530845053455,colmax,13,False,-0.12336756281993239,12,15.377494810941158
decoder_heads,RMSE T850,168,2.593069632848104,2.5999483466148376,0.006878713766733806,-0.012461483478546143,0.030551481743653606,0.26527300615443,0.053146503060349945,-0.09628024835572171,0.2360476788320107,0.036029871191197126,0.5347294513037059,colmax,2,False,-0.041781000693292124,12,13.046466431332002
film,RMSE T850,168,2.593069632848104,2.597427189350128,0.004357556502024333,6.692608197530114e-05,0.007611577709515884,0.1680462586435907,0.03366747008582805,0.0005170860921294704,0.05880877613911216,0.01655083821667523,0.3387426598008841,colmax,5,True,0.04285297822930922,12,11.01379053522032
cond_embed,RMSE T850,168,2.593069632848104,2.5940158367156982,0.000946203867594401,-0.007880238195260366,0.01414590875307718,0.03648972073901215,0.007310585735957812,-0.06088450800004028,0.10929450015388915,0.0,0.07355489588578172,colmax,16,False,0.006380119285495,12,11.847847885786342
encoder_io,RMSE Q700,168,0.0016523806261830032,0.0016551697723722707,2.7891461892674365e-06,-5.8150306964914e-06,1.240347046405077e-05,0.16879562402703546,0.0824607954234874,-0.17192073276396447,0.3667072182924894,0.06811465973165057,0.43035586316323227,share,4,False,0.024850406426334844,12,11.41805189275211
enc0_attn,RMSE Q700,168,0.0016523806261830032,0.0016490935328571747,-3.2870933258285127e-06,-4.738760617328808e-06,-1.7145437595900155e-06,-0.1989307592780057,-0.09718254687476535,-0.14010092813710223,-0.050690294667309316,0.08283641118292852,-0.5071874292492988,share,3,True,-0.42898781199505864,12,30.030626498277666
enc0_mlp,RMSE Q700,168,0.0016523806261830032,0.001650300914964949,-2.0797112180540958e-06,-4.0801339006672306e-06,-6.537976635930442e-07,-0.12586151066526516,-0.06148642977259406,-0.12062870285466261,-0.019329454868072048,0.04714029408075724,-0.32089243648107296,share,6,True,-0.13201664031184482,12,15.650299665448198
enc1_attn,RMSE Q700,168,0.0016523806261830032,0.001650608911101396,-1.771715081607302e-06,-2.944962034234777e-06,-4.091959757109484e-07,-0.10722197135050905,-0.05238055841436518,-0.0870674734689162,-0.012097833297894389,0.03803442272252836,-0.2733696699579191,share,8,True,0.04677521376054488,12,10.927558547913918
enc1_mlp,RMSE Q700,168,0.0016523806261830032,0.0016503393708262593,-2.0412553567439318e-06,-4.042655685528491e-06,6.474425996808926e-07,-0.12353421024181509,-0.0603494865300585,-0.11952066361194198,0.019141568113630984,0.04600335083822167,-0.31495882660020547,share,7,False,-0.3984010775620013,12,27.893688477265282
enc2_attn,RMSE Q700,168,0.0016523806261830032,0.0016529005564128358,5.199302298327287e-07,-2.503686118870973e-07,1.2621834078648435e-06,0.0314655244435882,0.015371679147439797,-0.007402120033983221,0.03731631141578835,0.0010255434556029747,0.08022348333885307,share,14,False,-0.46804745416969046,12,33.11680635448239
enc2_mlp,RMSE Q700,168,0.0016523806261830032,0.0016521893655105184,-1.91260672484835e-07,-6.382901725980143e-07,1.292074254403509e-07,-0.011574855663047012,-0.005654600410340255,-0.018870977629627764,0.0038200030953668552,0.0,-0.029510877598714187,share,17,False,-0.6733218615580461,12,61.46680777129646
downsample,RMSE Q700,168,0.0016523806261830032,0.0016497167428800215,-2.6638833029816547e-06,-6.5140360675286505e-06,1.804825539390246e-07,-0.1612148714872808,-0.07875741218745831,-0.19258674845106646,0.005335946539891965,0.06441127649562149,-0.411028221694574,share,5,False,-0.09072500669548265,12,14.39465527670392
dec0_attn,RMSE Q700,168,0.0016523806261830032,0.0016530417487956583,6.611226126551628e-07,-2.1609036290707685e-07,1.5683588571846483e-06,0.04001031010526643,0.019546016168595873,-0.006388687433177439,0.04636835436255334,0.005199880476759051,0.10200899247259317,share,11,False,-0.37631185001233214,12,26.480769596912417
dec0_mlp,RMSE Q700,168,0.0016523806261830032,0.001652808510698378,4.278845153748989e-07,-2.1101198702429732e-07,1.1242336768191308e-06,0.025895033419951887,0.012650357884781499,-0.006238545817666262,0.03323784303207363,0.0,0.06602113960785634,share,15,False,-0.38914764187223017,12,27.289362937975273
dec1_attn,RMSE Q700,168,0.0016523806261830032,0.0016530880820937455,7.074559107422829e-07,-5.303105960289637e-07,1.6225116269197306e-06,0.04281434310788943,0.020915854949208862,-0.015678573514118166,0.047969374948682135,0.0065697192573720385,0.10915806431694818,share,10,False,0.021691944050669175,12,11.49044654776074
dec1_mlp,RMSE Q700,168,0.0016523806261830032,0.001652253296924755,-1.2732925824820995e-07,-1.1852695024572314e-06,6.301316413252302e-07,-0.007705806775424398,-0.0037644752921996366,-0.03504236039685507,0.01862977156419099,0.0,-0.019646475702922835,share,18,False,-0.3205802792206021,12,23.32426166916136
dec2_attn,RMSE Q700,168,0.0016523806261830032,0.0016521655197720975,-2.151064109057188e-07,-7.478716725017876e-07,2.2282814218973115e-07,-0.01301796980049411,-0.0063595970022051465,-0.022110742429527798,0.006587889124782387,0.0,-0.03319019472464061,share,16,False,-0.27672064648999994,12,21.18219977320032
dec2_mlp,RMSE Q700,168,0.0016523806261830032,0.0016510487087847043,-1.3319173982987802e-06,-2.191181556554511e-06,-7.755120653503889e-07,-0.0806059679709213,-0.03937798905081636,-0.06478203787454295,-0.022927927555529377,0.02503185335897954,-0.20551036866143885,share,9,True,-0.41204546753815147,12,28.81948292754649
upsample,RMSE Q700,168,0.0016523806261830032,0.0016529849769237142,6.043507407108942e-07,-1.66140574341019e-06,3.228217489474142e-06,0.03657454772433054,0.017867562118313796,-0.04911927515665203,0.09544188935179786,0.003521426426476972,0.0932492838391833,share,12,False,0.40585653183091974,12,5.071443249435672
decoder_io,RMSE Q700,168,0.0016523806261830032,0.0016524759509290259,9.53247460226218e-08,-4.404326561295117e-06,5.018640998362873e-06,0.005768933895262487,0.0028182654644688483,-0.1302134226404884,0.14837556032823862,0.0,0.014708287257670078,share,19,False,0.08326081572655117,12,10.155329216725171
decoder_heads,RMSE Q700,168,0.0016523806261830032,0.0016563808409652363,4.00021478223304e-06,2.570228389231488e-06,5.389373836806044e-06,0.2420879740930835,0.11826590304840427,0.07598851512753575,0.15933623527072366,0.10391976735656745,0.6172196681803809,share,1,True,-0.35503765515248187,12,25.21147473450419
film,RMSE Q700,168,0.0016523806261830032,0.0016529358593591799,5.552331761767467e-07,-3.7070494727231564e-07,1.5574434655718507e-06,0.03360201441355159,0.016415406811311376,-0.010959850343135255,0.04604564202921862,0.002069271119474554,0.08567060905945773,share,13,False,-0.13520332054659576,12,15.752187965348373
cond_embed,RMSE Q700,168,0.0016523806261830032,0.0016559934495793034,3.6128233963002763e-06,2.533585454026858e-07,8.596855817207443e-06,0.2186435340049885,0.10681272001083354,0.007490517084273198,0.254165081613794,0.09246658431899671,0.5574464820646388,share,2,True,0.048413266215080956,12,10.891736277473262
encoder_io,RMSE U500,168,6.674106200536092,6.664229075113933,-0.00987712542215983,-0.04572879572709401,0.019742250442504883,-0.1479917329059951,-0.024030300631610192,-0.11125470841730685,0.048031405191389376,0.009125125907473485,-0.15522421054554317,share,7,False,-0.4485864526409984,12,31.524501918656405
enc0_attn,RMSE U500,168,6.674106200536092,6.676257173220317,0.0021509726842244468,-0.007777726650238037,0.015966861446698503,0.03222862537086497,0.005233154186371794,-0.018922621881097553,0.03884616872907243,0.0,0.033803664785372084,share,15,False,-0.0466635430205615,12,13.17474268847523
enc0_mlp,RMSE U500,168,6.674106200536092,6.676771362622579,0.0026651620864868164,-0.0069874922434488935,0.015938807527224208,0.03993286900757947,0.006484138191316299,-0.017000041215878784,0.03877791566048733,0.0,0.04188442114166912,share,14,False,-0.09046530279582357,12,14.38711868142439
enc1_attn,RMSE U500,168,6.674106200536092,6.673429727554321,-0.0006764729817708334,-0.01421298086643219,0.021660480896631834,-0.01013578390041945,-0.0016458077048048887,-0.034579109659316654,0.05269831509920151,0.0,-0.010631127991468372,share,18,False,-0.2369483327992878,12,19.452653904872566
enc1_mlp,RMSE U500,168,6.674106200536092,6.650680859883626,-0.02342534065246582,-0.041644307971000674,-0.004744687676429752,-0.35098843123869083,-0.056992085674410733,-0.10131745800183212,-0.011543466990092248,0.042086910950274024,-0.36814152439347103,share,3,True,-0.08046771407148043,12,14.100225481224326
enc2_attn,RMSE U500,168,6.674106200536092,6.679532368977864,0.005426168441772461,-0.0067061911026636755,0.019159659743308986,0.08130179950292983,0.013201458254342501,-0.016315656772818272,0.046614005993901406,0.0,0.08527508527649036,share,11,False,0.1893223857395264,12,8.179557946415583
enc2_mlp,RMSE U500,168,6.674106200536092,6.677898526191711,0.0037923256556193032,-0.0047559032837549845,0.01231841246287028,0.05682147603996304,0.009226442077271154,-0.011570753716166088,0.02996976773452948,0.0,0.0595983882825286,share,12,False,0.13675426572834393,12,9.112742413702456
downsample,RMSE U500,168,6.674106200536092,6.705308238665263,0.031202038129170735,0.005485142270723978,0.05372844735781351,0.4675088647325458,0.0759122036539837,0.013344937128866323,0.13071725702512885,0.061007028929846996,0.4903564072545084,share,2,True,-0.36950919907562285,12,26.06558313747488
dec0_attn,RMSE U500,168,6.674106200536092,6.677595853805542,0.0034896532694498696,-0.009393792351086934,0.01760033865769703,0.052286451018258684,0.008490063007281798,-0.022854387751429173,0.042820295489385984,0.0,0.05484173286012407,share,13,False,0.2706747151047363,12,6.887603345457127
dec0_mlp,RMSE U500,168,6.674106200536092,6.682510733604431,0.00840453306833903,-0.0032113105058670043,0.018436813354492185,0.12592746977361466,0.020447594585301196,-0.00781287607265777,0.044855375289995336,0.005542419861164487,0.1320816487365778,share,8,False,-0.06472044748324857,12,13.660776968146264
dec1_attn,RMSE U500,168,6.674106200536092,6.675031026204427,0.0009248256683349609,-0.011021459102630617,0.01130438446998595,0.013856921669311692,0.002250031045678394,-0.026814378102459683,0.027502714166169475,0.0,0.014534120821982782,share,17,False,-0.03718802094333012,12,12.926985249512969
dec1_mlp,RMSE U500,168,6.674106200536092,6.6729438702265425,-0.0011623303095499675,-0.010657413800557455,0.010821733872095734,-0.01741552014045872,-0.0028278619110225444,-0.025928683360473662,0.026328461691729185,0.0,-0.01826663092566032,share,16,False,-0.3267637575138249,12,23.64870469743441
dec2_attn,RMSE U500,168,6.674106200536092,6.680720845858256,0.0066146453221638995,-0.0012980093558629354,0.013474084933598836,0.09910908102769751,0.016092932798692207,-0.0031579587897151945,0.03278143162622989,0.0011877580745555004,0.10395262328734724,share,10,False,-0.42089085267388165,12,29.44296478619546
dec2_mlp,RMSE U500,168,6.674106200536092,6.681450923283895,0.007344722747802734,-0.006187365452448528,0.022814323504765824,0.11004803530415468,0.017869156069391236,-0.015053393126546343,0.055505527073326455,0.002963981345254527,0.11542617325135383,share,9,False,0.37297791418559084,12,5.480252050693821
upsample,RMSE U500,168,6.674106200536092,6.6742472648620605,0.00014106432596842447,-0.017567521333694457,0.019148525595664975,0.0021136062527307943,0.00034319885761615096,-0.04274045341712299,0.046586917453083444,0.0,0.002216899927732185,share,19,False,0.2019885106078457,12,7.966912984769878
decoder_io,RMSE U500,168,6.674106200536092,6.7209541002909345,0.046847899754842125,0.01551440954208374,0.06980472306410469,0.7019351857343701,0.11397740404740368,0.03774538739598899,0.1698296223892565,0.09907222932326698,0.7362393352672404,share,1,True,-0.5431585593601167,12,40.5346386404525
decoder_heads,RMSE U500,168,6.674106200536092,6.693140784899394,0.019034584363301594,-0.01638324757417043,0.06154890060424797,0.285200501630805,0.046309707034970775,-0.039859204748594224,0.14974382948979012,0.031404532310834066,0.2991384845865349,share,4,False,0.09551214783798771,12,9.9075617256864
film,RMSE U500,168,6.674106200536092,6.689548969268799,0.015442768732706705,0.00866596500078837,0.021237269043922424,0.23138332337993478,0.03757109071418725,0.021083638744198465,0.05166867260537925,0.02266591599005055,0.24269121659565043,share,5,True,-0.06367696679785557,12,13.632179439100264
cond_embed,RMSE U500,168,6.674106200536092,6.68796181678772,0.013855616251627604,-0.00877040425936381,0.05126149455706277,0.20760257381751976,0.033709668525200125,-0.02133773157728932,0.12471534706527032,0.01880449380106342,0.21774828225382536,share,6,False,-0.34509414043875425,12,24.646488422135665
encoder_io,RMSE MSLP,168,476.10661061604816,475.2161102294922,-0.8905003865559896,-5.433201344807943,5.404652086893716,-0.18703802188416274,-0.013983121670047765,-0.08531508420354834,0.08486678821959247,0.004077064390820162,-0.29443311625247526,colmax,10,False,-0.1945771122651205,12,17.798010915105834
enc0_attn,RMSE MSLP,168,476.10661061604816,477.3552017211914,1.2485911051432292,0.11303240458170573,2.669116147359212,0.2622503190047374,0.019606057002266603,0.0017748963277116779,0.04191191424897419,0.009699999723039,0.4128314547220342,colmax,8,True,-0.20335238686911802,12,18.12624352902821
enc0_mlp,RMSE MSLP,168,476.10661061604816,475.94618733723956,-0.16042327880859375,-1.3210865020751952,1.1744450887044262,-0.0336948228047112,-0.0025190536244057214,-0.020744419176076116,0.01844177590271207,0.0,-0.0530420049358217,colmax,19,False,-0.5443135512700741,12,40.667793977398276
enc1_attn,RMSE MSLP,168,476.10661061604816,477.17392985026044,1.0673192342122395,-1.2637797673543294,4.489262390136716,0.22417652063919133,0.016759627438784484,-0.01984455764180531,0.07049284105628434,0.00685357015955688,0.35289611650893615,colmax,9,False,-0.15721495063990887,12,16.47701204265867
enc1_mlp,RMSE MSLP,168,476.10661061604816,474.3738047281901,-1.732805887858073,-3.038702519734701,0.12626012166340958,-0.3639533350767689,-0.02720946102472144,-0.047715360592782266,0.001982605139704209,0.01730340374549384,-0.5729311801827179,colmax,4,False,-0.5321016800965649,12,39.29319550656459
enc2_attn,RMSE MSLP,168,476.10661061604816,476.96411387125653,0.8575032552083334,-0.1521299362182617,1.5904262542724603,0.18010740369657652,0.013464982756957226,-0.002388827045908093,0.02497373853675679,0.003558925477729624,0.2835230163168007,colmax,11,False,-0.09020103678157074,12,14.379454110498864
enc2_mlp,RMSE MSLP,168,476.10661061604816,476.95785268147785,0.8512420654296875,-0.25203990936279297,1.6889588038126622,0.17879232223393007,0.013366666147783516,-0.0039576678141129105,0.026520950249947915,0.003460608868555912,0.28145283010935324,colmax,12,False,0.11740343759330596,12,9.478365997953125
downsample,RMSE MSLP,168,476.10661061604816,478.103520711263,1.9969100952148438,-1.7426909764607748,5.255456860860186,0.4194249881619967,0.03135656901119176,-0.027364682065315667,0.08252404359004148,0.021450511731964158,0.6602540224424329,colmax,2,False,0.10318052460534552,12,9.755278909211906
dec0_attn,RMSE MSLP,168,476.10661061604816,477.6897964477539,1.5831858317057292,0.39300282796223956,2.8403460820515947,0.3325275886543981,0.024860045481457038,0.0061711442724043395,0.044600659864928366,0.014953988202229436,0.5234611293530037,colmax,6,True,-0.10037278309362099,12,14.67771666861163
dec0_mlp,RMSE MSLP,168,476.10661061604816,478.0298792521159,1.9232686360677083,0.3682029088338216,3.298647499084472,0.40395755765271457,0.030200210744805424,0.005781722446411444,0.05179715811768133,0.020294153465577818,0.6359053701235636,colmax,3,True,0.10140322386388645,12,9.790384738301771
dec1_attn,RMSE MSLP,168,476.10661061604816,476.5282948811849,0.42168426513671875,-1.364634386698405,1.3910671869913727,0.0885692942996715,0.006621515807035175,-0.021428231758701264,0.021843293973335575,0.0,0.139424770761773,colmax,16,False,-0.11494150463086666,12,15.116851739827958
dec1_mlp,RMSE MSLP,168,476.10661061604816,475.8357162475586,-0.2708943684895833,-1.8506157557169596,1.1807328542073554,-0.056897838099551956,-0.004253730791707447,-0.02905937568065347,0.01854050981837069,0.0,-0.08956792640832782,colmax,18,False,-0.2583931492239255,12,20.362160590728838
dec2_attn,RMSE MSLP,168,476.10661061604816,476.5583750406901,0.45176442464192706,-0.26304639180501305,1.1568819681803386,0.0948872404979582,0.007093850840872161,-0.004130497591025232,0.01816599022658919,0.0,0.14937040945457908,colmax,15,False,-0.23379737768979866,12,19.323307048515254
dec2_mlp,RMSE MSLP,168,476.10661061604816,476.60523986816406,0.49862925211588544,-0.8408915201822916,1.7713714599609371,0.10473058785524834,0.007829747865182946,-0.013204136253658004,0.027815038624833404,0.0,0.16486569435743925,colmax,14,False,-0.04813310551042819,12,13.213609317581884
upsample,RMSE MSLP,168,476.10661061604816,475.7057851155599,-0.40082550048828125,-1.440467071533203,0.8913332621256506,-0.08418818213207363,-0.006293980133419099,-0.022618997843275777,0.013996199935484146,0.0,-0.13252807406255124,colmax,17,False,0.43027979163256347,12,4.779933646832619
decoder_io,RMSE MSLP,168,476.10661061604816,476.81964111328125,0.7130304972330729,-2.7592223485310874,3.202819697062173,0.14976278029630002,0.011196392890771454,-0.04332681085456136,0.05029241782190966,0.0012903356115438517,0.23575485699150314,colmax,13,False,-0.1250489030666423,12,15.430104475688207
decoder_heads,RMSE MSLP,168,476.10661061604816,479.1310679117839,3.0244572957356772,-1.2948895772298177,8.211816151936844,0.6352479105094223,0.0474916743334581,-0.02033306080608064,0.12894640599617155,0.0375856170542305,1.0,colmax,1,False,-0.07968849206751008,12,14.078126583374784
film,RMSE MSLP,168,476.10661061604816,477.65267181396484,1.5460611979166667,0.2970959981282552,2.219347063700358,0.32473004227271146,0.0242770942788909,0.004665163038927524,0.03484939533806047,0.014371036999663295,0.5111863209629477,colmax,7,True,-0.06962602597090718,12,13.796078426468881
cond_embed,RMSE MSLP,168,476.10661061604816,477.72640736897785,1.6197967529296875,-0.6507161458333334,6.060984484354652,0.34021723639455154,0.025434930089769284,-0.010217899034320015,0.09517287669327039,0.015528872810541682,0.5355660849348126,colmax,5,False,-0.11156673928525578,12,15.013846803407615
encoder_io,RMSE T2M,168,2.243503520886103,2.2579545974731445,0.01445107658704122,-0.012512900680303574,0.03860533535480498,0.6441298822358685,0.06162898729221377,-0.05336331811476839,0.16463878712859673,0.05605339907313662,0.6570191682324036,colmax,2,False,0.2705531713836396,12,6.889410172314052
enc0_attn,RMSE T2M,168,2.243503520886103,2.2320228020350137,-0.011480718851089478,-0.01780611798167229,-0.0065918336311976125,-0.5117317064229525,-0.04896140933982404,-0.07593711182737714,-0.02811195613299577,0.04338582112074689,-0.5219716541407718,colmax,3,True,-0.06289114376328754,12,13.610685290479884
enc0_mlp,RMSE T2M,168,2.243503520886103,2.2433344523111978,-0.0001690685749053955,-0.004954770455757777,0.00487722431619962,-0.007535917520584925,-0.0007210206790891179,-0.02113043160587474,0.020799723369667934,0.0,-0.00768671412053765,colmax,19,False,-0.29777888346496545,12,22.177269003847478
enc1_attn,RMSE T2M,168,2.243503520886103,2.2411496142546334,-0.0023539066314697266,-0.009929316242535909,0.003985012322664251,-0.10492101347538862,-0.010038621067719881,-0.042345198355696174,0.01699473892575045,0.004463032848642727,-0.10702052319699379,colmax,12,False,-0.10107920099869208,12,14.698681381789989
enc1_mlp,RMSE T2M,168,2.243503520886103,2.2368119060993195,-0.0066916147867838545,-0.012428923944632212,-0.0010374913613001508,-0.2982662930763268,-0.028537489243459065,-0.053005185546280524,-0.004424552145733236,0.02296190102438191,-0.3042347159994219,colmax,4,True,-0.3930588458998101,12,27.542548462677214
enc2_attn,RMSE T2M,168,2.243503520886103,2.244410882393519,0.0009073615074157715,-0.0014696359634399413,0.003182053565979004,0.04044395290529325,0.003869592031649442,-0.006267503709463397,0.013570389555385738,0.0,0.04125325191501662,colmax,16,False,-0.3817020075856763,12,26.816234719257363
enc2_mlp,RMSE T2M,168,2.243503520886103,2.24227507909139,-0.0012284417947133381,-0.0060171502331892645,0.0022375501692295063,-0.05475550999929556,-0.00523889160088614,-0.025661124485984607,0.009542399842292297,0.0,-0.05585118875560052,colmax,15,False,-0.1303765361157512,12,15.59815138014091
downsample,RMSE T2M,168,2.243503520886103,2.2472334802150726,0.00372995932896932,-0.006703272213538488,0.011452838033437725,0.16625600513861108,0.01590702358408785,-0.028587204252648445,0.04884250701815915,0.010331435365010695,0.1695828515681457,colmax,6,False,-0.19527048793190993,12,17.823685648513038
dec0_attn,RMSE T2M,168,2.243503520886103,2.246245354413986,0.002741833527882894,-0.0006771529714266459,0.005597881724437076,0.12221213393950764,0.011692998969972074,-0.0028878299564449278,0.02387308513526351,0.006117410750894919,0.12465764561352798,colmax,10,False,-0.019834177854192524,12,12.485652792359668
dec0_mlp,RMSE T2M,168,2.243503520886103,2.2474782466888428,0.003974725802739461,0.0007821716368198395,0.008122009038925163,0.17716601582018413,0.016950870373680465,0.0033356992868701927,0.03463764023616246,0.011375282154603312,0.18071117574794046,colmax,5,True,-0.12114904313154155,12,15.308384672547142
dec1_attn,RMSE T2M,168,2.243503520886103,2.240197569131851,-0.0033059517542521157,-0.007393641769886017,9.100089470545307e-05,-0.14735665549329663,-0.014098773708955247,-0.031531398504115245,0.0003880882472390743,0.008523185489878092,-0.15030531868767164,colmax,8,False,0.12781273931103496,12,9.280128485391348
dec1_mlp,RMSE T2M,168,2.243503520886103,2.2442475457986197,0.000744024912516276,-0.00214061439037323,0.002828755974769592,0.033163527740861884,0.0031730163218202344,-0.009129001307774014,0.012063694007281071,0.0,0.03382714265067206,colmax,17,False,-0.6279627884904925,12,52.50967606875172
dec2_attn,RMSE T2M,168,2.243503520886103,2.2430005371570587,-0.0005029837290445963,-0.002028453846772512,0.0006480018297831217,-0.02241956495106974,-0.002145056643964993,-0.008650674265866631,0.002763510129677605,0.0,-0.02286818904465963,colmax,18,False,0.04887836446908157,12,10.881585523168129
dec2_mlp,RMSE T2M,168,2.243503520886103,2.246719400087992,0.003215879201889038,-0.0008339735368887582,0.0077337225278218584,0.14334183886722324,0.013714644529961122,-0.003556616989563897,0.03298172869805725,0.008139056310883968,0.1462101640410464,colmax,9,False,-0.11800827827657698,12,15.211139752087124
upsample,RMSE T2M,168,2.243503520886103,2.239935209353765,-0.0035683115323384604,-0.008452872435251871,0.0010976525644461246,-0.15905085501845373,-0.015217650031579585,-0.03604866147910311,0.004681119468024802,0.009642061812502432,-0.16223352363058247,colmax,7,False,0.32028855030630965,12,6.177844528328259
decoder_io,RMSE T2M,168,2.243503520886103,2.2418483595053353,-0.0016551613807678223,-0.011835744480292003,0.006106777489185331,-0.07377574250982646,-0.007058707293363552,-0.05047547438949329,0.02604335462555572,0.0014831190742863973,-0.07525202341378813,colmax,13,False,0.21281867571604193,12,7.788613484064732
decoder_heads,RMSE T2M,168,2.243503520886103,2.2654984295368195,0.021994908650716145,0.0034501964847246805,0.04410627583662667,0.9803821766247528,0.09380089694797779,0.01471392903027118,0.18809845042824472,0.08822530872890064,1.0,colmax,1,True,0.0792806753838757,12,10.237033004842548
film,RMSE T2M,168,2.243503520886103,2.245993326107661,0.002489805221557617,-1.9463648398717188e-05,0.00425506109992663,0.1109784405675563,0.010618182903899395,-8.300592226466463e-05,0.018146406247000778,0.00504259468482224,0.1131991617285735,colmax,11,False,-0.40692093395403484,12,28.466779851136977
cond_embed,RMSE T2M,168,2.243503520886103,2.2421279847621918,-0.0013755361239115398,-0.010624194393555322,0.008908788611491518,-0.06131196635556215,-0.005866199503540385,-0.04530862024892832,0.03799299082111103,0.00029061128446323,-0.06253884231825409,colmax,14,False,0.27654180993465777,12,6.800794312587763
encoder_io,SpecDiv> Z500,168,0.004692045476986095,0.004658367931066702,-3.36775459193935e-05,-0.00037291583309221704,0.000330657643644372,-0.7177583014610092,-0.00833974584396881,-0.09234708718458165,0.08188247195802005,0.001668438292879725,-0.14950869080327672,colmax,15,False,0.07157502922531746,12,10.396938474154737
enc0_attn,SpecDiv> Z500,168,0.004692045476986095,0.004812902955260749,0.00012085747827465336,2.4154373386409132e-05,0.00025168183638015737,2.575795116808744,0.0299285658927176,0.0059814731021411716,0.06232528207303698,0.023257258341628517,0.5365368187419961,colmax,3,True,-0.4000561505004464,12,28.00374371704907
enc0_mlp,SpecDiv> Z500,168,0.004692045476986095,0.00478455222522219,9.250674823609491e-05,-1.6439531464129686e-05,0.0002366778428646891,1.971565465207639,0.022907927168671058,-0.004071006674088416,0.05860976512702624,0.016236619617581976,0.41067608822656015,colmax,6,False,0.18320517248167664,12,8.283886986110744
enc1_attn,SpecDiv> Z500,168,0.004692045476986095,0.004789165211453413,9.711973446731766e-05,-1.0439812710198263e-05,0.0002379686920903623,2.0698805018765905,0.024050264940021892,-0.0025852651161126137,0.05892942483414282,0.017378957388932807,0.4311550605891662,colmax,5,False,0.19754282150527516,12,8.041037004282423
enc1_mlp,SpecDiv> Z500,168,0.004692045476986095,0.004650247845953952,-4.179763103214403e-05,-0.00010690018122356074,4.7088274004636275e-05,-0.890818966635261,-0.010350564750839855,-0.02647224783576982,0.01166071418534353,0.0036792571997507693,-0.18555713974086405,colmax,12,False,-0.628274313925055,12,52.563738528311625
enc2_attn,SpecDiv> Z500,168,0.004692045476986095,0.004733197148501252,4.115167151515683e-05,-1.6026928399999936e-05,0.000110164274519775,0.8770518469396921,0.010190602436184857,-0.003968831631479288,0.0272805522343915,0.003519294885095772,0.18268945567837838,colmax,13,False,0.5638865803510353,12,3.3463814457777863
enc2_mlp,SpecDiv> Z500,168,0.004692045476986095,0.00474698276957497,5.49372925888747e-05,5.865325753499443e-06,0.00010234648919625516,1.1708601900457987,0.01360440747801428,0.0014524611203366187,0.025344593396508363,0.006933099926925195,0.2438895847963001,colmax,11,True,0.35608287646034437,12,5.698033369940445
downsample,SpecDiv> Z500,168,0.004692045476986095,0.004801901280491923,0.00010985580350582798,-3.8137402346668146e-05,0.0003194398853035333,2.3413200925834405,0.027204163952932185,-0.009444163285580634,0.07910456011950387,0.020532856401843103,0.48769578990731116,colmax,4,False,-0.11493118579049375,12,15.116535589874392
dec0_attn,SpecDiv> Z500,168,0.004692045476986095,0.004765156064725791,7.31105877396961e-05,2.224983957906564e-06,0.0001481418992625547,1.5581815670435106,0.01810475507068147,0.0005509843490455468,0.036685148960960465,0.011433447519592386,0.32456843152949394,colmax,10,True,0.5266784419515338,12,3.7204027649208844
dec0_mlp,SpecDiv> Z500,168,0.004692045476986095,0.004782509398258601,9.046392127250631e-05,2.1163791825529187e-05,0.00017199869374356542,1.9280273756130601,0.0224020513034785,0.00524089983700204,0.042592931051129164,0.015730743752389413,0.40160712620673894,colmax,7,True,0.49514920692629505,12,4.051909661470399
dec1_attn,SpecDiv> Z500,168,0.004692045476986095,0.004707183000088359,1.5137523102263609e-05,-6.980095834781726e-05,0.00010792856434515358,0.32262098005041284,0.0037485835720406997,-0.01728517433186926,0.026726911696516652,0.0,0.0672017868059831,colmax,17,False,0.23943700430040332,12,7.36363035533761
dec1_mlp,SpecDiv> Z500,168,0.004692045476986095,0.0046783827322845655,-1.3662744701529542e-05,-8.554038383105458e-05,5.420225134002975e-05,-0.29118951997681225,-0.0033833765267371326,-0.021182810120844504,0.013422385390808981,0.0,-0.06065462958596344,colmax,18,False,0.03194760586651282,12,11.256994699694578
dec2_attn,SpecDiv> Z500,168,0.004692045476986095,0.004724667553091422,3.2622076105326414e-05,-2.297014968159298e-05,8.87820705732641e-05,0.6952634254150706,0.008078374364693901,-0.0056882176272853675,0.021985565867967467,0.0014070668136048168,0.14482301951175078,colmax,16,False,0.43643787116061966,12,4.707997249201158
dec2_mlp,SpecDiv> Z500,168,0.004692045476986095,0.00473089029158776,3.8844814601664744e-05,-2.491405321052298e-05,0.00012381005750891437,0.8278865751023465,0.009619343461348226,-0.006169596567878977,0.030659728444076103,0.0029480359102591405,0.1724483544463531,colmax,14,False,0.34494634805279073,12,5.844577989855972
upsample,SpecDiv> Z500,168,0.004692045476986095,0.004704118095105514,1.2072618119418621e-05,-2.148752537323162e-05,4.129053171103195e-05,0.2572996825933023,0.0029896052113840364,-0.005321067659071578,0.01022498910866432,0.0,0.053595393616931934,colmax,19,False,-0.8105380757207368,12,114.67452888647148
decoder_io,SpecDiv> Z500,168,0.004692045476986095,0.004779294366016984,8.724888903088868e-05,-0.00019208464849119385,0.0002712656935424699,1.8595064659716902,0.021605896148960062,-0.047566920486986984,0.06717493447256717,0.014934588597870977,0.3873342554196257,colmax,8,False,0.2802349583080327,12,6.746558859569469
decoder_heads,SpecDiv> Z500,168,0.004692045476986095,0.004466790705919266,-0.00022525477106682956,-0.0005168725794646889,2.0165729802101842e-05,-4.800779791493421,-0.05578101044936735,-0.12799584496950506,0.004993744547485885,0.04910970289827826,-1.0,colmax,1,False,-0.28241917284422224,12,21.445709656328237
film,SpecDiv> Z500,168,0.004692045476986095,0.004772340413182974,8.029493619687855e-05,2.9106305737514047e-05,0.0001336030996753833,1.7112991890363236,0.019883852643016994,0.007207745863926945,0.03308483040676363,0.013212545091927909,0.35646275466927313,colmax,9,True,-0.3722437436175962,12,26.231399139382166
cond_embed,SpecDiv> Z500,168,0.004692045476986095,0.004878671859235813,0.00018662638224971792,-1.568407363568743e-05,0.000499302373403528,3.977505826938322,0.04621526163062089,-0.003883928723096241,0.12364484346461627,0.0395439540795318,0.8285124499953379,colmax,2,False,0.18739918808234177,12,8.21224221886169
encoder_io,SpecDiv< Z500,168,0.004698373251206552,0.004652869334677234,-4.55039165293177e-05,-0.00035267859105564034,0.000286382882525989,-0.9685036521445418,-0.01144910285421641,-0.08873639395137795,0.07205593117714404,0.004387496208144202,-0.20871958219310174,colmax,14,False,0.07357125236050407,12,10.355293090449507
enc0_attn,SpecDiv< Z500,168,0.004698373251206552,0.00481941116352876,0.00012103791232220829,1.7265003407374024e-05,0.00026327472733100865,2.5761663846337775,0.030453983154257715,0.004343995305592345,0.06624175811737969,0.023392376508185507,0.5551825956154768,colmax,4,True,-0.38142085867686426,12,26.798592446334666
enc0_mlp,SpecDiv< Z500,168,0.004698373251206552,0.004799781454494223,0.00010140820328767101,-3.945080000751963e-06,0.00024351995040584946,2.15836839403147,0.02551501141563915,-0.0009926096508114932,0.06127131842495174,0.01845340476956694,0.4651440894657687,colmax,6,False,0.20319205319864686,12,7.946940254630824
enc1_attn,SpecDiv< Z500,168,0.004698373251206552,0.004796729423105717,9.835617189916472e-05,-1.2049750754764924e-05,0.00024382665772767115,2.093409072467937,0.024747099025970623,-0.003031801354287603,0.061348488126847955,0.017685492379898415,0.45114488313725754,colmax,7,False,0.1602332519895166,12,8.685495747381712
enc1_mlp,SpecDiv< Z500,168,0.004698373251206552,0.004644208733225241,-5.416451798131069e-05,-0.0001253785041626543,3.0593170473972954e-05,-1.152835568510891,-0.013628170599722633,-0.031546106343201694,0.0076974551227347926,0.006566563953650426,-0.2484444510499683,colmax,12,False,-0.5851158566530119,12,45.84747473447694
enc2_attn,SpecDiv< Z500,168,0.004698373251206552,0.0047442955352986855,4.5922284092133246e-05,-1.549392861003677e-05,0.0001179965644647988,0.9774081716547385,0.01155436705173789,-0.003898380530781471,0.029688758815546182,0.004492760405665682,0.21063857092141808,colmax,13,False,0.5357617998020296,12,3.6274234735450293
enc2_mlp,SpecDiv< Z500,168,0.004698373251206552,0.004756018189558138,5.764493835158646e-05,4.596213451198614e-06,0.00010901526159917308,1.226912705089642,0.014503868645835298,0.0011564393695387026,0.027429000357015114,0.00744226199976309,0.2644086128396966,colmax,11,True,0.279743123964105,12,6.753763587850436
downsample,SpecDiv< Z500,168,0.004698373251206552,0.004819146580606078,0.00012077332939952612,-2.0755270573620994e-05,0.00032802644418552515,2.57053501163432,0.030387412245063434,-0.005222170874266964,0.08253374181458109,0.023325805598991226,0.5539689937699724,colmax,5,False,-0.0921422356830092,12,14.43585916573169
dec0_attn,SpecDiv< Z500,168,0.004698373251206552,0.004776614485308528,7.824123410197596e-05,5.220894915206978e-06,0.0001579272735398263,1.665283491086696,0.019686040345498566,0.0013136135839372865,0.03973560379310393,0.012624433699426358,0.35888070604901734,colmax,9,True,0.5227517286645621,12,3.760940899438517
dec0_mlp,SpecDiv< Z500,168,0.004698373251206552,0.004794169479282573,9.579622807602088e-05,2.5658861947401116e-05,0.00017779343615984534,2.0389233241829015,0.024102999300767713,0.006455948673531461,0.04473406890343446,0.017041392654695505,0.4394028080378506,colmax,8,True,0.48826153093113794,12,4.126197916964422
dec1_attn,SpecDiv< Z500,168,0.004698373251206552,0.004714127232242997,1.5753981036444504e-05,-6.383291668801878e-05,0.00010732655743292222,0.33530714130468137,0.003963811535506358,-0.016060807165354397,0.027004110607639516,0.0,0.07226112806545378,colmax,18,False,0.14029868158540726,12,9.04711720496927
dec1_mlp,SpecDiv< Z500,168,0.004698373251206552,0.004691533007038136,-6.840244168415666e-06,-8.08570262355109e-05,6.0757885997494055e-05,-0.145587500240835,-0.0017210531533409356,-0.020344191895218383,0.015287107990844736,0.0,-0.03137516534451866,colmax,19,False,0.07359491816372575,12,10.354800301262179
dec2_attn,SpecDiv< Z500,168,0.004698373251206552,0.004733739983445655,3.5366732239102326e-05,-2.467879724766438e-05,9.451019092618169e-05,0.7527442020495089,0.008898516565318723,-0.006209357557713044,0.023779423381904426,0.0018369099192465143,0.1622218512053741,colmax,16,False,0.43830124965507494,12,4.686351350772685
dec2_mlp,SpecDiv< Z500,168,0.004698373251206552,0.0047415932834458845,4.3220032239332795e-05,-2.3319686685378354e-05,0.00013203288569153904,0.9198935446057591,0.010874461633469642,-0.005867395858485701,0.0332203951597767,0.0038128549873974334,0.19824375041550277,colmax,15,False,0.36277079701840736,12,5.611178675467189
upsample,SpecDiv< Z500,168,0.004698373251206552,0.0047236318059731275,2.5258554766575497e-05,-1.1214463059635212e-05,6.025791905509927e-05,0.5376021319738497,0.006355228594115856,-0.0028216371428567053,0.01516131282014777,0.0,0.11585717010280974,colmax,17,False,-0.7557159518726033,12,86.2462841269265
decoder_io,SpecDiv< Z500,168,0.004698373251206552,0.004849727905821055,0.00015135465461450318,-0.00010725488051927338,0.00032110594280917814,3.221426790126455,0.0380818870179971,-0.02698607619611563,0.08079249538781486,0.031020280371924884,0.6942409067968199,colmax,3,False,0.23045520487590113,12,7.504976617511684
decoder_heads,SpecDiv< Z500,168,0.004698373251206552,0.004480358649743721,-0.0002180146014628311,-0.00048349474285108344,1.2736388695580662e-05,-4.640214597825844,-0.054853994694297574,-0.1216506503744233,0.0032045642504866965,0.04779238804822536,-1.0,colmax,1,False,-0.33398193305200485,12,24.0350584932015
film,SpecDiv< Z500,168,0.004698373251206552,0.004772133940908437,7.376068970188498e-05,2.3468403378501533e-05,0.00012707844143733382,1.5699197521811,0.018558704116176983,0.0059048140159888955,0.03197382242102507,0.011497097470104778,0.3383291266133856,colmax,10,True,-0.2977456384438727,12,22.175651037351106
cond_embed,SpecDiv< Z500,168,0.004698373251206552,0.0049105294844290865,0.00021215623322253427,1.0941400735949477e-05,0.0005248822727783892,4.515525308000001,0.05337998837447192,0.002752932757213877,0.13206404164184063,0.04631838172839971,0.9731285510191132,colmax,2,True,0.09669720670142758,12,9.883889056474933
encoder_io,SpecRes Z500,168,0.0006774903037391292,0.0006417103068088181,-3.577999693031112e-05,-5.487367998284754e-05,-1.9025259340802832e-05,-5.281255943123929,-0.22291605017173616,-0.3418732546005803,-0.11853091195074675,0.20969487656713798,-0.4797909157346141,colmax,2,True,-0.26740175349031947,12,20.760111171905276
enc0_attn,SpecRes Z500,168,0.0006774903037391292,0.0006887909379050446,1.130063416591535e-05,5.448619049275294e-07,2.330180747473301e-05,1.6680141551172236,0.0704050572616893,0.0033945912285028457,0.14517460396228585,0.0571838836570911,0.15153555282318038,colmax,6,True,-0.08644996866155022,12,14.271139156809399
enc0_mlp,SpecRes Z500,168,0.0006774903037391292,0.0006807334745341601,3.243170795030892e-06,-6.6436914494261146e-06,1.2771471908005576e-05,0.4787036474369513,0.020205558571419625,-0.0413914360962727,0.07956865055513951,0.0069843849668214325,0.0434892123848513,colmax,9,False,0.3342312440562948,12,5.987886362963462
enc1_attn,SpecRes Z500,168,0.0006774903037391292,0.0006763746375024008,-1.1156662367284298e-06,-8.854411680658815e-06,6.24062352774975e-06,-0.16467634009977244,-0.006950808612025898,-0.05516463520920107,0.03888024781344451,0.0,-0.014960496682453726,colmax,17,False,0.05462089373145636,12,10.75699271904549
enc1_mlp,SpecRes Z500,168,0.0006774903037391292,0.0006652003770189671,-1.2289926720162233e-05,-2.2836465905129445e-05,-4.329228674275043e-06,-1.814037286191852,-0.07656853427613816,-0.14227543924522948,-0.026971901597399685,0.06334736067153997,-0.1648014449767217,colmax,5,True,-0.221515650674934,12,18.82913615515538
enc2_attn,SpecRes Z500,168,0.0006774903037391292,0.0006768642172877056,-6.260864514236649e-07,-8.319198119958552e-06,5.768736567309437e-06,-0.09241260693595733,-0.0039006352932123736,-0.0518301549636597,0.03594030409143184,0.0,-0.008395489592765126,colmax,19,False,0.08843803664990431,12,10.049946062037145
enc2_mlp,SpecRes Z500,168,0.0006774903037391292,0.0006792630010750145,1.7726973358852167e-06,-7.605462208933508e-06,8.94852801138768e-06,0.2616564880857397,0.01104423482861534,-0.047383447199505484,0.05575099749267466,0.0,0.02377093770469709,colmax,15,False,0.40646730136216647,12,5.0640298404064925
downsample,SpecRes Z500,168,0.0006774903037391292,0.0006825135399897894,5.023236250660072e-06,-6.912371160675927e-06,1.5824041959907228e-05,0.7414476964373342,0.0312956981594377,-0.043065360778539855,0.09858673096939434,0.018074524554839513,0.06735895269498417,colmax,8,False,0.1724593149776312,12,8.46979344477969
dec0_attn,SpecRes Z500,168,0.0006774903037391292,0.0006795609224354848,2.0706186963555715e-06,-5.7173820096068084e-06,8.963735490397083e-06,0.3056307499793935,0.012900340436091813,-0.03562035562459202,0.05584574292153673,0.0,0.027765906251938123,colmax,14,False,0.40371341998902194,12,5.097506982719946
dec0_mlp,SpecRes Z500,168,0.0006774903037391292,0.0006834305968368426,5.940293097713341e-06,-4.287027089352099e-06,1.4847930166676312e-05,0.8768085779129731,0.037009133253527386,-0.02670897785706699,0.09250537255293362,0.023787959648929196,0.07965620205711707,colmax,7,False,0.36254959701678746,12,5.614037722036994
dec1_attn,SpecRes Z500,168,0.0006774903037391292,0.0006744396790357617,-3.0506247033675513e-06,-1.3955597993723738e-05,7.862224447308106e-06,-0.4502831533574551,-0.01900596053027961,-0.08694597678710451,0.048983123804374924,0.005784786925681418,-0.04090727069770673,colmax,10,False,0.28644954836757147,12,6.6559978434090805
dec1_mlp,SpecRes Z500,168,0.0006774903037391292,0.0006757450294874919,-1.7452742516373594e-06,-9.55860220225683e-06,3.9553209717269025e-06,-0.257608742443255,-0.010873383902161502,-0.059551873417989794,0.02464238691512732,0.0,-0.023403208586967608,colmax,16,False,0.20153598168085324,12,7.9744330306495765
dec2_attn,SpecRes Z500,168,0.0006774903037391292,0.0006744906252909763,-2.999678448153039e-06,-1.2734689031882832e-05,4.360091770649884e-06,-0.44276330326759616,-0.01868855586404725,-0.07933948638066492,0.027164184440613706,0.005467382259449057,-0.040224108245506714,colmax,11,False,0.18851596202640336,12,8.193250041909684
dec2_mlp,SpecRes Z500,168,0.0006774903037391292,0.0006766953786912685,-7.949250478607913e-07,-9.328161710679221e-06,5.992675748226838e-06,-0.11733378964592252,-0.004952531220079261,-0.05811618620196892,0.03733548693021267,0.0,-0.010659526254190614,colmax,18,False,0.10114856606727866,12,9.795424104955547
upsample,SpecRes Z500,168,0.0006774903037391292,0.0006796972278001098,2.2069240609804788e-06,-2.562466155116757e-06,6.364460690141034e-06,0.3257499109286537,0.013749548264661026,-0.015964641783227117,0.03965177641805864,0.0005283746600628333,0.02959368940799319,colmax,13,False,-0.025887709778231353,12,12.637816646924868
decoder_io,SpecRes Z500,168,0.0006774903037391292,0.0007520644479275992,7.45741441884699e-05,5.720993267459562e-05,9.850244387052952e-05,11.007411290890596,0.4646108187155368,0.356428544341435,0.6136885859059422,0.45138964511093854,1.0,colmax,1,True,0.018739973808768618,12,11.558514063476936
decoder_heads,SpecRes Z500,168,0.0006774903037391292,0.0006528050483514866,-2.468525538764273e-05,-4.619689292060987e-05,-4.896303410835887e-06,-3.643632278041857,-0.15379374233071066,-0.28781525387289764,-0.03050488290739059,0.14057256872611248,-0.33101627455832583,colmax,3,True,-0.20747817916137246,12,18.2830778521704
film,SpecRes Z500,168,0.0006774903037391292,0.0006800162688402148,2.5259651010856032e-06,-5.405209776654374e-06,9.667729985570371e-06,0.3728415133241874,0.015737233412914012,-0.03367546442522761,0.060231759849160606,0.0025160598083158185,0.03387186173671369,colmax,12,False,0.05282346085215954,12,10.795844595421823
cond_embed,SpecRes Z500,168,0.0006774903037391292,0.000692596494142587,1.5106190403457731e-05,-9.181758893343307e-07,3.9907327542702355e-05,2.229727911984175,0.09411438196710047,-0.005720406936087191,0.24863008921034002,0.08089320836250227,0.20256605781864725,colmax,4,False,0.4765688147684667,12,4.253898741430022
encoder_io,SpecResLog Z500,168,0.6776652611434072,1.0411757148517602,0.3635104537083533,0.33288631163688054,0.39644964699663016,53.641594833267895,6.779738852030863,6.2085759495778445,7.39407917213141,6.751617077451201,4.927880016070997,share,9,True,0.2614096916018651,12,7.026332332616203
enc0_attn,SpecResLog Z500,168,0.6776652611434072,1.040889519977797,0.36322425883438986,0.33834434563595883,0.391883481333512,53.59936234912365,6.7744011059317675,6.31037232099374,7.308916804900318,6.746279331352107,4.924000254194224,share,10,True,-0.154566597416698,12,16.387806687866508
enc0_mlp,SpecResLog Z500,168,0.6776652611434072,1.0616017276749599,0.3839364665315524,0.3521116664042945,0.4144018216855499,56.655769233876065,7.1606991004000315,6.567143037074282,7.728900509386717,7.13257732582037,5.204782480285164,share,3,True,-0.3452082609934191,12,24.652875365244626
enc1_attn,SpecResLog Z500,168,0.6776652611434072,1.0366779068412526,0.35901264569784547,0.33181072405641904,0.38308394501431564,52.97787363219602,6.695851405585427,6.188515445585111,7.144798943489443,6.667729631005765,4.866906093629448,share,13,True,-0.31896540097029524,12,23.240500312603338
enc1_mlp,SpecResLog Z500,168,0.6776652611434072,1.0403584654601334,0.3626932043167263,0.32911710076106154,0.4014909077205794,53.52099703395795,6.7644965463538504,6.138277378641038,7.488102413677023,6.736374771774189,4.916801085866762,share,12,True,0.22548869824755394,12,7.584023936181497
enc2_attn,SpecResLog Z500,168,0.6776652611434072,1.0470419545168703,0.36937669337346324,0.339740624969614,0.39687318636486646,54.507249309227305,6.8891485610698755,6.336413963400714,7.401978494643053,6.861026786490214,5.007404896085512,share,5,True,-0.4636111874128982,12,32.743662501541735
enc2_mlp,SpecResLog Z500,168,0.6776652611434072,1.04225800933207,0.36459274818866283,0.3359042659730978,0.39451485197774466,53.80130413849086,6.799924444666887,6.264863030343128,7.357993813852338,6.771802670087226,4.942551993964927,share,7,True,-0.38506067721929305,12,27.028240853868148
downsample,SpecResLog Z500,168,0.6776652611434072,1.0617798680830663,0.3841146069396592,0.35946961646980724,0.42071274351483434,56.68205660882668,7.16402155078251,6.704374248505915,7.846603869721045,7.13589977620285,5.207197416494588,share,2,True,0.09186618379173836,12,9.980715545795986
dec0_attn,SpecResLog Z500,168,0.6776652611434072,1.0343571509130234,0.356691889769616,0.33374770930698916,0.3799002268052319,52.63541016810851,6.652567590850015,6.224641653305225,7.085420243878892,6.624445816270353,4.835445081589129,share,16,True,-0.5545471844378687,12,41.877760251023716
dec0_mlp,SpecResLog Z500,168,0.6776652611434072,1.0404397573131787,0.3627744961697716,0.3363138124889671,0.3934550851701412,53.532992905327845,6.766012699545106,6.27250137580755,7.338228378976107,6.737890924965445,4.9179031078141495,share,11,True,-0.23897147083515335,12,19.536268458079515
dec1_attn,SpecResLog Z500,168,0.6776652611434072,1.041900520129852,0.36423525898644465,0.3324773134871284,0.39416114025243826,53.748551072528024,6.793257006609095,6.200947831547136,7.351396828533169,6.765135232029435,4.93770574022559,share,8,True,-0.46741473859616367,12,33.06320722570999
dec1_mlp,SpecResLog Z500,168,0.6776652611434072,1.028410589004469,0.3507453278610618,0.32150993403982875,0.3852827881321399,51.75790290168603,6.541659812556029,5.996398092233509,7.185808994131326,6.513538037976368,4.754831324007885,share,18,True,-0.31192902403995226,12,22.88012260147061
dec2_attn,SpecResLog Z500,168,0.6776652611434072,1.0492347564943507,0.3715694953509434,0.3505576469449651,0.3960076748458833,54.83083118706775,6.930045939975683,6.538159424642381,7.385836064591129,6.9019241653960215,5.037131317798531,share,4,True,-0.5461595255638554,12,40.88201769535389
dec2_mlp,SpecResLog Z500,168,0.6776652611434072,1.0146438978444958,0.3369786367010888,0.31727088885537974,0.3611680253175731,49.72641450330705,6.284900839137175,5.917336763902134,6.736050829837657,6.256779064557514,4.568205048029915,share,19,True,-0.5309468268560513,12,39.16690681172429
upsample,SpecResLog Z500,168,0.6776652611434072,1.0338927299523162,0.35622746880890893,0.33474398761165003,0.3770999587654673,52.56687766580443,6.643905796398487,6.243222980638837,7.033193173566015,6.6157840218188255,4.8291492220121475,share,17,True,-0.5446894216600067,12,40.711272572451676
decoder_io,SpecResLog Z500,168,0.6776652611434072,1.036370717162759,0.35870545601935205,0.3305431715523306,0.39869135231001834,52.93254303962956,6.690122090851894,6.16487465376939,7.435888634425926,6.662000316272232,4.862741718541062,share,14,True,-0.12575713910087472,12,15.452325976464845
decoder_heads,SpecResLog Z500,168,0.6776652611434072,1.0646397661826057,0.38697450503919856,0.35619860230503014,0.4253889556253879,57.10407884657779,7.21736076581882,6.64336741474846,7.933818684598675,7.189238991239159,5.245967236038832,share,1,True,-0.13297979383650985,12,15.681015770322688
film,SpecResLog Z500,168,0.6776652611434072,1.0459891775593166,0.3683239164159095,0.34393775216058725,0.39266568462801854,54.35189577143825,6.869513492067496,6.414693490146832,7.323505474942274,6.841391717487834,4.993133068473447,share,6,True,-0.47730123365035876,12,33.915547433961294
cond_embed,SpecResLog Z500,168,0.6776652611434072,1.0352923351349033,0.3576270739914961,0.3309228994774661,0.38933719817665535,52.77341107733354,6.670009468348189,6.171956860459677,7.261426740527471,6.641887693768528,4.848122779276595,share,15,True,0.20289569383362005,12,7.951854614685808
encoder_io,SpecDivW1 Z500,168,0.05644203712652959,0.05529002416575671,-0.001152012960772885,-0.003356395125620397,0.002289798751198655,-2.041054893519074,-0.034541912771089096,-0.10063802370479127,0.06865723860796542,0.02566625160315642,-0.4622034001208803,share,2,False,-0.03721648040536845,12,12.927722080353963
enc0_attn,SpecDivW1 Z500,168,0.05644203712652959,0.05682166205972819,0.00037962493319858726,-4.806628129015403e-05,0.0008715787569018212,0.6725925436524529,0.011382659548794171,-0.0014412175488383713,0.0261333842753287,0.0025069983808614993,0.15231072988738806,share,15,False,-0.6854136428231727,12,64.29065740606714
enc0_mlp,SpecDivW1 Z500,168,0.05644203712652959,0.056996278875801214,0.0005542417492716197,0.00016861705797024671,0.0009145516379490703,0.981966239151046,0.016618363516146584,0.005055807448744654,0.027421881505134697,0.007742702348213913,0.22236939142630918,share,10,True,-0.5669893182366078,12,43.42588441990028
enc1_attn,SpecDivW1 Z500,168,0.05644203712652959,0.05730679675246552,0.0008647596259359342,0.00026031623135865426,0.0017634754759454918,1.5321197992860343,0.025928919711978412,0.007805311973622826,0.05287598155423264,0.01705325854404574,0.34695342240480886,share,6,True,-0.39813000663742815,12,27.875721110326534
enc1_mlp,SpecDivW1 Z500,168,0.05644203712652959,0.05594004960930501,-0.0005019875172245734,-0.0011161775155408497,0.00041617187568332973,-0.8893858953021788,-0.015051574611203732,-0.03346742414512116,0.012478481681308237,0.0061759134432710595,-0.20140427684405077,share,11,False,-0.4624031028366248,12,32.64311480709015
enc2_attn,SpecDivW1 Z500,168,0.05644203712652959,0.05702283449737607,0.0005807973708464599,1.1484079897362383e-05,0.0010414103076660309,1.0290156068329896,0.017414606262760108,0.000344338214567287,0.031225607029784882,0.008538945094827437,0.23302387102172956,share,9,True,-0.32099472199488527,12,23.34582245149973
enc2_mlp,SpecDivW1 Z500,168,0.05644203712652959,0.05703712864366123,0.0005950915171316403,0.00014204576231191535,0.0008418360503259892,1.0543409618571828,0.017843201400950772,0.004259094731008273,0.025241580093343437,0.008967540233018101,0.23875887856053638,share,8,True,-0.5175886213456246,12,37.750070296734954
downsample,SpecDivW1 Z500,168,0.05644203712652959,0.057413125325712,0.0009710881991824074,0.0003671003378166379,0.0015967540051322786,1.720505227345815,0.029117071605417145,0.011007122557538246,0.047877011318659894,0.020241410437484474,0.3896139043246914,share,3,True,-0.3926573651853143,12,27.516409065078975
dec0_attn,SpecDivW1 Z500,168,0.05644203712652959,0.056891749217383984,0.000449712090854381,-6.154642010601163e-05,0.0007570908222497581,0.7967680008541039,0.013484150216482308,-0.0018454055180493556,0.022700582400043762,0.004608489048549635,0.18043065880865866,share,13,False,-0.2741657096873976,12,21.065398425394974
dec0_mlp,SpecDivW1 Z500,168,0.05644203712652959,0.05735689883269582,0.0009148617061662314,0.00047765106922050097,0.00116424393762445,1.6208871131198357,0.0274311785787571,0.014321871480476072,0.03490864591550487,0.018555517410824427,0.3670550641606762,share,5,True,-0.6137475490601544,12,50.13552805063682
dec1_attn,SpecDivW1 Z500,168,0.05644203712652959,0.056826687921168316,0.0003846507946387344,-0.00026911861989044924,0.0008036513680604474,0.6814970086505542,0.011533354786935133,-0.008069242456348045,0.024096652033572998,0.0026576936190024604,0.15432717442861438,share,14,False,-0.19972224826760107,12,17.989587924999878
dec1_mlp,SpecDivW1 Z500,168,0.05644203712652959,0.05661759554579086,0.00017555841926126243,-0.00036948276685369363,0.0005360708292526385,0.3110419612738327,0.00526393696151161,-0.011078557219111912,0.01607352734186866,0.0,0.07043644565245451,share,18,False,-0.5251636773208552,12,38.54373234251757
dec2_attn,SpecDivW1 Z500,168,0.05644203712652959,0.05666003998169731,0.00021800285516771745,-0.00023547600924879838,0.0006286546749058866,0.38624200377283874,0.006536589312328252,-0.007060503699280609,0.018849557846265866,0.0,0.0874657354783386,share,16,False,-0.08671971031858183,12,14.278898462127085
dec2_mlp,SpecDivW1 Z500,168,0.05644203712652959,0.05661163080347844,0.0001695936769488523,-0.0004506241240513455,0.0005719032679784474,0.3004740537069272,0.0050850903550297985,-0.013511496585148811,0.017147925820868323,0.0,0.06804330922819829,share,19,False,0.033558805775648216,12,11.220739706231688
upsample,SpecDivW1 Z500,168,0.05644203712652959,0.056900272484432225,0.0004582353579026339,-0.00023536479141561978,0.0014478596602673064,0.8118689211648747,0.01373971153126815,-0.007057168948003447,0.04341256894903254,0.004864050363335477,0.18385031044799244,share,12,False,-0.3682428020727115,12,25.989278284031926
decoder_io,SpecDivW1 Z500,168,0.05644203712652959,0.059825668084520556,0.0033836309579909573,-0.0009890216671514607,0.00692601952505705,5.994877453493862,0.10145466186601536,-0.029654788026467274,0.20766950584034738,0.0925790006980827,1.3575591480224793,share,1,False,0.2801604369755424,12,6.747650143525348
decoder_heads,SpecDivW1 Z500,168,0.05644203712652959,0.057365083536547824,0.0009230464100182363,-0.0009263774762191619,0.0031477115483373717,1.6353881911614676,0.027676588427552096,-0.02777646698974284,0.0943808632658731,0.018800927259619425,0.37033887960216316,share,4,False,-0.05830609197168956,12,13.485988382626852
film,SpecDivW1 Z500,168,0.05644203712652959,0.05714235474373539,0.0007003176172058094,0.0004065746261237635,0.0010060953570325453,1.2407731061085983,0.02099829678075042,0.012190718115778121,0.030166724894050242,0.012122635612817746,0.2809770331228871,share,7,True,-0.4147140897470188,12,29.00560013417434
cond_embed,SpecDivW1 Z500,168,0.05644203712652959,0.05625626533745099,-0.00018577178907859307,-0.00142023983853725,0.0014531383008777148,-0.3291372858533384,-0.0055701742534014715,-0.04258441726546765,0.043570843508194027,0.0,-0.07453418970309011,share,17,False,-0.06391386253779198,12,13.63866618628239
encoder_io,|RQE| Z500,168,0.012165655886443952,0.011608766973949969,-0.0005568889124939839,-0.0010120385927924265,-6.46420812699944e-05,-4.577549436644174,-0.11830850821149076,-0.21500298080907085,-0.013732915184986027,0.10961377327210346,-0.49628232238214937,colmax,2,True,0.14666999343045306,12,8.930171834531073
enc0_attn,|RQE| Z500,168,0.012165655886443952,0.012182625941932201,1.6970055488248665e-05,-4.8724590063405536e-05,0.0001087759184883906,0.13949149677296233,0.0036052108491253366,-0.010351316814339,0.023108947506357894,0.0,0.015123193081623744,colmax,19,False,-0.44865881197915597,12,31.530214178543563
enc0_mlp,|RQE| Z500,168,0.012165655886443952,0.012083568726666272,-8.208715977768104e-05,-0.000156783345543469,-3.3247985023384326e-05,-0.6747450408255408,-0.017439042506921246,-0.03330790631220348,-0.007063382697886054,0.008744307567533959,-0.07315355967454677,colmax,11,True,-0.3370386889650793,12,24.20120752225288
enc1_attn,|RQE| Z500,168,0.012165655886443952,0.012275858782231808,0.00011020289578785498,-7.330032531172024e-07,0.00025424339110031725,0.9058524819089514,0.023412102321912095,-0.00015572319621537237,0.054012848251910724,0.014717367382524807,0.09820944146634542,colmax,6,False,0.6239203492082805,12,2.779049977236175
enc1_mlp,|RQE| Z500,168,0.012165655886443952,0.012326918658800423,0.00016126277235647043,-7.459242672969897e-05,0.0003516596431533496,1.3255575684675058,0.03425954009768395,-0.015846820671548117,0.07470848646157491,0.025564805158296663,0.14371243776507694,colmax,5,False,-0.004373329185325277,12,12.105420940925498
enc2_attn,|RQE| Z500,168,0.012165655886443952,0.012219343916513026,5.3688030069073044e-05,6.977817974984646e-06,0.00010173306703412284,0.4413081429411216,0.011405776993906859,0.0014824055869503007,0.021612725853500783,0.0027110420545195715,0.047845126108683446,colmax,17,True,-0.6778695152783976,12,62.50397009380135
enc2_mlp,|RQE| Z500,168,0.012165655886443952,0.012229047754469017,6.339186802506447e-05,6.145725880439083e-06,0.00012328135198913515,0.5210723418184241,0.013467313086191313,0.001305631418544993,0.026190560661032813,0.004772578146804026,0.0564928889367349,colmax,15,True,-0.3223170031971782,12,23.41478849731717
downsample,|RQE| Z500,168,0.012165655886443952,0.011971868419398865,-0.00019378746704508862,-0.00039003311831038446,2.6909620889151757e-05,-1.5929060369118588,-0.04116926306453541,-0.08286075614923644,0.00571682616138763,0.032474528125148124,-0.1726974483348684,colmax,4,False,-0.14038454556946012,12,15.919460819720861
dec0_attn,|RQE| Z500,168,0.012165655886443952,0.012256428327721855,9.077244127790134e-05,3.9190837802986304e-05,0.0001508954291542371,0.7461368472459262,0.01928419092814973,0.008325914651927816,0.032057045343604935,0.010589455988762443,0.08089361622221349,colmax,9,True,0.013023413528461682,12,11.691456366645667
dec0_mlp,|RQE| Z500,168,0.012165655886443952,0.012226274431062242,6.0618544618288674e-05,3.215736651327461e-05,8.709688845556227e-05,0.49827600898883884,0.012878133183911972,0.006831685772226193,0.01850333650367209,0.004183398244524686,0.05402138815775982,colmax,16,True,-0.4131262611870504,12,28.894656572202425
dec1_attn,|RQE| Z500,168,0.012165655886443952,0.012263685348443687,9.802946199973424e-05,-1.3550200189153353e-05,0.000194586528232321,0.8057885486385269,0.020825911864583713,-0.0028786781966378466,0.04133901996741177,0.012131176925196425,0.08736085056034644,colmax,8,False,-0.4063406437281309,12,28.42722437782837
dec1_mlp,|RQE| Z500,168,0.012165655886443952,0.01224479265511036,7.913676866640647e-05,9.705232029470305e-06,0.00016083752270787947,0.6504932360826319,0.016812245378833142,0.0020618322568334755,0.034169197750379986,0.008117510439445854,0.07052426158692358,colmax,14,True,0.46084154116809156,12,4.428886586021888
dec2_attn,|RQE| Z500,168,0.012165655886443952,0.012214714894071221,4.9059007627268635e-05,1.1179162538610398e-05,9.23207815503701e-05,0.4032582220407411,0.010422362299736037,0.0023749620675219785,0.01961312875350378,0.001727627360348751,0.04371988325281567,colmax,18,True,-0.3287308424434632,12,23.75316954433234
dec2_mlp,|RQE| Z500,168,0.012165655886443952,0.012248991522938013,8.333563649406035e-05,2.836181374732405e-05,0.00013491487285743157,0.6850073458589295,0.01770427568814967,0.006025337907323318,0.02866204908232593,0.009009540748762384,0.07426616384091445,colmax,10,True,-0.03373138583765219,12,12.837813883467023
upsample,|RQE| Z500,168,0.012165655886443952,0.012085660283143321,-7.999560330063105e-05,-0.00019899210116515557,4.0826452701973386e-05,-0.6575527373725013,-0.016994700877759183,-0.042274963833067766,0.008673393573425899,0.008299965938371897,-0.07128962867765337,colmax,12,False,0.6850441029511979,12,2.2429506491647513
decoder_io,|RQE| Z500,168,0.012165655886443952,0.01246251561678946,0.00029685973034550744,-1.6827053817299504e-05,0.0007611714662440741,2.440145711143242,0.06306649505366443,-0.0035748307966908606,0.16170740455433713,0.05437176011427714,0.2645522887820085,colmax,3,False,0.3738794040390889,12,5.468782143062946
decoder_heads,|RQE| Z500,168,0.012165655886443952,0.013287777081131935,0.0011221211946879823,0.0008553735378275935,0.00138054944788261,9.223680212246911,0.23838952724250037,0.18172020479050388,0.2932914303495911,0.2296947923031131,1.0,colmax,1,True,0.21423306864617653,12,7.765562822925819
film,|RQE| Z500,168,0.012165655886443952,0.01224486285354942,7.920696710546811e-05,2.545915582838158e-05,0.00015068508024948329,0.6510702574920559,0.016827158716875668,0.005408681478125575,0.03201235767867389,0.008132423777488382,0.07058682028325153,colmax,13,True,-0.22662742256362794,12,19.032907941417875
cond_embed,|RQE| Z500,168,0.012165655886443952,0.012060566106811166,-0.00010508977963278691,-0.0002585419259654979,1.0460999328643064e-05,-0.8638233779889108,-0.022325844127420367,-0.05492605236853981,0.002222391570754315,0.01363110918803308,-0.09365278913745875,colmax,7,False,-0.20968963543742325,12,18.36781633666615
encoder_io,SpecDiv> T850,168,0.0041050400177482516,0.004010355982851858,-9.468403489639361e-05,-0.0002291198189292724,3.106550963517881e-05,-2.3065313489521326,-0.06073853785025877,-0.14697728935514665,0.01992810757250223,0.04062408876883265,-1.0,colmax,1,False,-0.03360374442432583,12,12.834533310255221
enc0_attn,SpecDiv> T850,168,0.0041050400177482516,0.004122251314887156,1.721129713890453e-05,-3.7930196170539907e-05,8.865134538306544e-05,0.4192723350927402,0.011040816161534543,-0.024331711869831057,0.05686864847825337,0.0,0.1817761268595883,colmax,12,False,-0.010198035386336426,12,12.247274564026155
enc0_mlp,SpecDiv> T850,168,0.0041050400177482516,0.004060386893494676,-4.4653124253576e-05,-8.332291181432082e-05,-1.4065034580805032e-05,-1.0877634337428383,-0.02864438002220622,-0.05345052984450563,-0.009022530949237818,0.008529930940780105,-0.47160140885881047,colmax,5,True,0.08488628889516316,12,10.122134131164426
enc1_attn,SpecDiv> T850,168,0.0041050400177482516,0.004036209060965727,-6.883095678252478e-05,-0.0001164810913905967,-3.258610183062653e-05,-1.6767426501308702,-0.04415413515467056,-0.07472105710333096,-0.0209035470615256,0.02403968607324444,-0.7269541993836858,colmax,2,True,-0.1444019047504017,12,16.050553330180836
enc1_mlp,SpecDiv> T850,168,0.0041050400177482516,0.0041267715860158205,2.1731568267568946e-05,-5.663160530578655e-05,0.00010257572648697531,0.5293874888822502,0.013940509434452648,-0.03632841488166709,0.06580095210944845,0.0,0.22951671093599194,colmax,10,False,-0.22137727469272633,12,18.82365723467511
enc2_attn,SpecDiv> T850,168,0.0041050400177482516,0.004080667664917807,-2.4372352830444772e-05,-5.258390374365263e-05,-1.2788485037162907e-06,-0.5937177889879329,-0.015634537295666256,-0.03373186864441345,-0.0008203641546614874,0.0,-0.2574072055242872,colmax,9,True,-0.08409352621565383,12,14.203548819604583
enc2_mlp,SpecDiv> T850,168,0.0041050400177482516,0.004090916753436129,-1.412326431212326e-05,-3.708387084770947e-05,1.0681027439810947e-05,-0.34404693379506524,-0.009059884540511707,-0.023788805531813065,0.0068517357772352365,0.0,-0.1491620454026637,colmax,14,False,-0.05250372141639777,12,13.329914789615042
downsample,SpecDiv> T850,168,0.0041050400177482516,0.004117367915265883,1.232789751763145e-05,-6.701763583502421e-05,7.472000434063374e-05,0.3003112628459516,0.007908180833316906,-0.04299091409924186,0.047931880139889804,0.0,0.1302003820509027,colmax,15,False,0.11238223346382949,12,9.575317618357476
dec0_attn,SpecDiv> T850,168,0.0041050400177482516,0.004098906026532252,-6.133991215998928e-06,-6.052715301242036e-05,2.9239651727645324e-05,-0.14942585673899528,-0.003934873054932478,-0.03882735646232293,0.018756844225442004,0.0,-0.06478379615645809,colmax,17,False,-0.12064678914623311,12,15.29278713464675
dec0_mlp,SpecDiv> T850,168,0.0041050400177482516,0.004094109734675537,-1.0930283072715005e-05,-5.639093457527148e-05,2.585517043674673e-05,-0.2662649578434712,-0.007011629921058948,-0.03617402783752777,0.01658574489263815,0.0,-0.11543955730947969,colmax,16,False,0.24855277520101804,12,7.222255139464153
dec1_attn,SpecDiv> T850,168,0.0041050400177482516,0.0040885502433714764,-1.648977437677483e-05,-5.891754335607402e-05,5.587805450583486e-06,-0.4016958252655478,-0.010577968991519112,-0.03779481346663086,0.003584502215516318,0.0,-0.1741558056204352,colmax,13,False,-0.14927671221083041,12,16.211288376001058
dec1_mlp,SpecDiv> T850,168,0.0041050400177482516,0.0040734957534975065,-3.154426425074538e-05,-8.250820877340933e-05,8.3332386566326e-06,-0.7684276916756694,-0.020235222234128075,-0.05292790877600902,0.005345660777077817,0.00012077315270195938,-0.3331529363452049,colmax,8,False,0.2369366445193302,12,7.402772248958901
dec2_attn,SpecDiv> T850,168,0.0041050400177482516,0.004085635009687394,-1.9405008060857654e-05,-6.080342791392468e-05,5.450318712973958e-06,-0.4727117878744075,-0.012448052281239142,-0.0390045831043905,0.0034963063182318122,0.0,-0.20494487884986368,colmax,11,False,-0.2703286200774661,12,20.891518922597704
dec2_mlp,SpecDiv> T850,168,0.0041050400177482516,0.004109333424518506,4.293406770254175e-06,-2.400551820755936e-05,3.190555241114149e-05,0.10458867030994862,0.002754162831220589,-0.015399217807525605,0.020466983741008107,0.0,0.045344569176336454,colmax,19,False,-0.13765157789061952,12,15.830978041675866
upsample,SpecDiv> T850,168,0.0041050400177482516,0.00407179460550348,-3.324541224477192e-05,-8.424281598612045e-05,2.9754114317862486e-06,-0.8098681645254243,-0.02132648584511735,-0.05404063602680554,0.0019086865073651943,0.001212036763691233,-0.35111951324370727,colmax,7,False,-0.16043574061926102,12,16.586257373202567
decoder_io,SpecDiv> T850,168,0.0041050400177482516,0.004158083039025466,5.304302127721409e-05,-7.948813799885102e-05,0.00019241905756643967,1.292143829241156,0.03402638638143696,-0.050990573899525445,0.12343424341705433,0.013911937300010838,0.5602108247209311,colmax,4,False,-0.12663630628824704,12,15.479960722893317
decoder_heads,SpecDiv> T850,168,0.0041050400177482516,0.0040427880982557935,-6.22519194924583e-05,-0.00020534631500292259,6.525694989250035e-05,-1.5164753382015874,-0.03993377101515935,-0.1317269055956891,0.041861457693212874,0.019819321933733237,-0.6574700746601726,colmax,3,False,-0.5020370545736015,12,36.1963572198111
film,SpecDiv> T850,168,0.0041050400177482516,0.004099666548427194,-5.3734693210572004e-06,-4.9737858353182675e-05,3.5988164017908266e-05,-0.13089931639703536,-0.0034470084645354324,-0.03190616871662977,0.023085924303446626,0.0,-0.05675158781453523,colmax,18,False,0.33104175511719025,12,6.0309895671807405
cond_embed,SpecDiv> T850,168,0.0041050400177482516,0.004070518907004346,-3.4521110743905105e-05,-8.971929831507926e-05,3.18179578850201e-05,-0.8409445607022623,-0.022144829314107713,-0.05755372595361016,0.020410793027905088,0.0020303802326815954,-0.3645927297213225,colmax,6,False,0.04104349256023504,12,11.05379186509958
encoder_io,SpecDiv< T850,168,0.004116006564193715,0.004003830545116216,-0.0001121760190774997,-0.00024659058544784784,1.7312194298331916e-05,-2.725360548580025,-0.06376513774085421,-0.1401715159442113,0.009840913085593614,0.04748964349223585,-1.0,colmax,1,False,-0.16211348157429714,12,16.643497027608674
enc0_attn,SpecDiv< T850,168,0.004116006564193715,0.004131026895872007,1.5020331678291162e-05,-4.1001554442724834e-05,8.758107433095564e-05,0.3649248718152493,0.008538130754291159,-0.023306851037593054,0.04978443088042819,0.0,0.13389966769915393,colmax,14,False,0.021042788400853253,12,11.50538123636185
enc0_mlp,SpecDiv< T850,168,0.004116006564193715,0.004070034231214474,-4.5972332979242005e-05,-7.335316816655299e-05,-2.0553754681410932e-05,-1.1169159296092503,-0.0261324315909671,-0.04169674508271513,-0.011683539932420176,0.009856937342348729,-0.4098231810800919,colmax,4,True,-0.08379241450950403,12,14.194937020906117
enc1_attn,SpecDiv< T850,168,0.004116006564193715,0.004041426698677242,-7.457986551647385e-05,-0.00012071720751312871,-3.765536578915394e-05,-1.811947195742223,-0.04239404675313725,-0.06862027577790832,-0.02140474948187267,0.026118552504518878,-0.6648467839186593,colmax,3,True,-0.14334358808847694,12,16.01589956753719
enc1_mlp,SpecDiv< T850,168,0.004116006564193715,0.004137476013662915,2.1469449469198782e-05,-4.908237315248698e-05,0.00010490191828769941,0.5216087276431356,0.012204055856875782,-0.027900297322497,0.05963026076254016,0.0,0.1913907236658671,colmax,10,False,-0.18359842298943535,12,17.397297452414684
enc2_attn,SpecDiv< T850,168,0.004116006564193715,0.0040898030856624246,-2.6203478531291086e-05,-5.0023642446224886e-05,-2.1699675320026846e-06,-0.6366238275527164,-0.014895058958037456,-0.028435350773849802,-0.0012334925032037138,0.0,-0.23359251600101566,colmax,9,True,-0.10750583614189624,12,14.890932144869154
enc2_mlp,SpecDiv< T850,168,0.004116006564193715,0.0040986006206367165,-1.7405943556999166e-05,-3.9857093361206354e-05,7.4524461524561015e-06,-0.42288425165349114,-0.009894203748260917,-0.022656295606029244,0.004236255300603543,0.0,-0.1551663510627331,colmax,12,False,-0.04495396977825637,12,13.129678822315668
downsample,SpecDiv< T850,168,0.004116006564193715,0.00411290698684752,-3.0995773461957774e-06,-8.119162569831436e-05,6.0399258897329284e-05,-0.07530545196793081,-0.0017619182606405117,-0.046152424008558325,0.034333247825213874,0.0,-0.027631372299407007,colmax,18,False,0.32024235318232014,12,6.178480596498252
dec0_attn,SpecDiv< T850,168,0.004116006564193715,0.004107105904646839,-8.900659546876947e-06,-5.946170446501734e-05,2.7609868508685972e-05,-0.21624502799160372,-0.005059475159293625,-0.033800306043115,0.01569450478757777,0.0,-0.07934547526354715,colmax,16,False,-0.11021681978140217,12,14.972863202588064
dec0_mlp,SpecDiv< T850,168,0.004116006564193715,0.004101037862710655,-1.4968701483060917e-05,-5.992740916553884e-05,2.3001446485674623e-05,-0.36367049589468126,-0.008508782177496245,-0.03406503039881531,0.013074901529395767,0.0,-0.13343940715813246,colmax,15,False,0.2985476959333616,12,6.482185964489688
dec1_attn,SpecDiv< T850,168,0.004116006564193715,0.004098881909158081,-1.7124655035634834e-05,-5.041033679541821e-05,2.1416048790949e-06,-0.4160502362801597,-0.009734308599037214,-0.028655162625283812,0.001217370086984687,0.0,-0.1526587872921736,colmax,13,False,-0.2731704014356994,12,21.020119223827653
dec1_mlp,SpecDiv< T850,168,0.004116006564193715,0.004076201138862719,-3.980542533099651e-05,-9.092355127601573e-05,1.2469439146419365e-06,-0.9670884803069792,-0.022626925522385495,-0.05168442255913215,0.0007088105918371951,0.006351431273767124,-0.3548479047335055,colmax,5,False,0.24592453215265242,12,7.262803950520083
dec2_attn,SpecDiv< T850,168,0.004116006564193715,0.004096049960935488,-1.9956603258227307e-05,-5.939919841087733e-05,4.915297419453661e-06,-0.48485353332123765,-0.01134409623434114,-0.033764775212330914,0.0027940429653880877,0.0,-0.1779043633598708,colmax,11,False,-0.2751537055373487,12,21.1104679479556
dec2_mlp,SpecDiv< T850,168,0.004116006564193715,0.0041186685460464405,2.661981852725148e-06,-2.4438048421870916e-05,3.301677255270382e-05,0.06467389716728024,0.001513172252844906,-0.013891520991324137,0.01876799575252443,0.0,0.02373040044223756,colmax,19,False,-0.0959917350138048,12,14.54842984247107
upsample,SpecDiv< T850,168,0.004116006564193715,0.0040788580566489445,-3.714850754477084e-05,-8.626534133024204e-05,8.374578707540833e-07,-0.9025376166290896,-0.021116631878538513,-0.0490365179422562,0.0004760430698107001,0.00484113762992014,-0.33116264822257446,colmax,7,False,-0.13374147190930405,12,15.705354950903565
decoder_io,SpecDiv< T850,168,0.004116006564193715,0.004194136020184184,7.812945599046846e-05,-4.027078563619095e-05,0.00021586377212467288,1.8981858938257847,0.04441176967965256,-0.022891454110615644,0.12270522056305559,0.028136275431034193,0.6964898258378264,colmax,2,False,-0.1362556370849288,12,15.785998995121467
decoder_heads,SpecDiv< T850,168,0.004116006564193715,0.004078439844306558,-3.7566719887157283e-05,-0.00017450100761683037,8.692210976732894e-05,-0.9126982501427625,-0.02135435976223862,-0.09919304391536313,0.049409850230200544,0.00507886551362025,-0.3348908277909501,colmax,6,False,-0.5474543702364453,12,41.033326191967596
film,SpecDiv< T850,168,0.004116006564193715,0.0041072999689883245,-8.706595205391446e-06,-4.923980498764043e-05,3.065568622938978e-05,-0.21153015840967157,-0.004949161568499662,-0.027989787596228496,0.01742586402185433,0.0,-0.07761547679256,colmax,17,False,0.3948868313889219,12,5.205696878005961
cond_embed,SpecDiv< T850,168,0.004116006564193715,0.004082226805621758,-3.377975857195755e-05,-9.137500746874139e-05,3.588266966592821e-05,-0.8206925340162733,-0.019201706174878142,-0.05194104751827983,0.020397081235132047,0.002926211926259769,-0.3011317289537609,colmax,8,False,0.18589502812617734,12,8.23787892754909
encoder_io,SpecRes T850,168,0.000630118617361101,0.0005937627914439266,-3.635582591717442e-05,-8.28368472866714e-05,-4.0620032450533885e-06,-5.769679694504257,-0.1108819601207826,-0.25264484482617755,-0.01238874019406419,0.105394295328764,-1.0,colmax,1,True,0.5726419152482997,12,3.2609438724076694
enc0_attn,SpecRes T850,168,0.000630118617361101,0.0006330593629778983,2.940745616797358e-06,-1.982088118287114e-06,8.56396533587637e-06,0.4666971480882479,0.008969006479180365,-0.0060451883609654485,0.026119314824857937,0.0034813416871617695,0.08088787814907418,colmax,9,False,-0.13663609803385998,12,15.79824352783891
enc0_mlp,SpecRes T850,168,0.000630118617361101,0.0006276722706388682,-2.4463467222327986e-06,-6.358755217661383e-06,3.0371812802817026e-06,-0.3882359058803804,-0.007461134848488856,-0.019393624671568074,0.009263126475712778,0.0019734700564702596,-0.06728898767988514,colmax,11,False,0.2547240730368381,12,7.127711435321583
enc1_attn,SpecRes T850,168,0.000630118617361101,0.0006236395577919515,-6.479059569149588e-06,-1.900025205638182e-05,6.422472021464824e-07,-1.0282285573918608,-0.019760541994102893,-0.057949039463446914,0.0019587955123981735,0.014272877202084297,-0.1782124159112802,colmax,5,False,-0.06569140330841287,12,13.68744426090552
enc1_mlp,SpecRes T850,168,0.000630118617361101,0.0006301989051280543,8.028776695330937e-08,-1.1019933905724126e-05,1.0825647223100525e-05,0.012741690967575235,0.0002448703818140473,-0.03360979543283966,0.033017238733845995,0.0,0.0022083879248464985,colmax,19,False,-0.015394329489447384,12,12.375240483385758
enc2_attn,SpecRes T850,168,0.000630118617361101,0.0006296623602490096,-4.562571120914072e-07,-3.866232873406261e-06,3.1500990795999923e-06,-0.07240813071071993,-0.0013915426656238858,-0.01179165837858677,0.00960751548641663,0.0,-0.01254976611261284,colmax,18,False,0.1328101923061338,12,9.186250055838281
enc2_mlp,SpecRes T850,168,0.000630118617361101,0.0006310936454004453,9.75028039344276e-07,-1.2148861666598046e-06,2.976878871171114e-06,0.15473722129138717,0.0029737467777934453,-0.0037052922354110693,0.009079209616351079,0.0,0.0268190314687274,colmax,16,False,-0.0021250324443647848,12,12.05110938777198
downsample,SpecRes T850,168,0.000630118617361101,0.0006290907028111784,-1.0279145499225706e-06,-2.079583509839722e-05,1.2307235010666773e-05,-0.1631303252437478,-0.003135045821589878,-0.0634254043165488,0.03753594663916559,0.0,-0.028273722958855566,colmax,15,False,0.48770769573537825,12,4.132201284430897
dec0_attn,SpecRes T850,168,0.000630118617361101,0.0006316040295738882,1.485412212787196e-06,-4.110107056476409e-06,5.047802217935288e-06,0.23573533170754635,0.004530372054163313,-0.012535452440734545,0.015395337338830544,0.0,0.04085761154680549,colmax,14,False,0.07088248210741965,12,10.411422729382712
dec0_mlp,SpecRes T850,168,0.000630118617361101,0.0006269042654215203,-3.214351939580714e-06,-1.116295243264176e-05,1.2671189930794435e-06,-0.5101185476858671,-0.009803480861381829,-0.03404598892310287,0.0038645976020186858,0.004315816069363232,-0.088413668469632,colmax,8,False,0.12441053146449216,12,9.344517263406562
dec1_attn,SpecRes T850,168,0.000630118617361101,0.000632315585486746,2.1969681256450713e-06,-1.682098809396848e-06,5.301511737343386e-06,0.3486594531749978,0.006700552826096826,-0.005130248272386191,0.016169128281645632,0.0012128880340782292,0.06042960296515305,colmax,12,False,-0.019332190183600086,12,12.473118990714367
dec1_mlp,SpecRes T850,168,0.000630118617361101,0.0006262845175418382,-3.834099819262822e-06,-1.2676962099552231e-05,2.8386499555684437e-06,-0.6084727087290013,-0.011693655488040178,-0.03866358060954402,0.008657624004671884,0.006205990696021582,-0.10546039658121481,colmax,7,False,0.5730015458462829,12,3.2574548088494577
dec2_attn,SpecRes T850,168,0.000630118617361101,0.0006307075624742234,5.889451131224632e-07,-3.250868909769148e-06,3.3843194614746588e-06,0.09346575341463963,0.0017962289921661654,-0.009914854296863403,0.010321866333559197,0.0,0.016199470050940218,colmax,17,False,-0.19685905366599923,12,17.882675151291767
dec2_mlp,SpecRes T850,168,0.000630118617361101,0.0006342254188590838,4.106801497982815e-06,1.826199271211711e-06,6.246382811999258e-06,0.6517505410619121,0.01252537078818459,0.005569741565613617,0.019050899061876504,0.0070377059961659934,0.11296130384546621,colmax,6,True,-0.3641230797645946,12,25.743153173596966
upsample,SpecRes T850,168,0.000630118617361101,0.000632852944060384,2.734326699282974e-06,-3.062012062097589e-06,1.1098374670837075e-05,0.4339384084117639,0.008339447567985539,-0.009338858100276872,0.03384903262714554,0.0028517827759669424,0.07521013841116682,colmax,10,False,0.5794390455371429,12,3.1952682617378056
decoder_io,SpecRes T850,168,0.000630118617361101,0.0006461785063341571,1.605988897305603e-05,-4.1174195454611135e-06,4.8617152485045755e-05,2.548708851091225,0.04898119967653853,-0.012557754866591487,0.14827789018778043,0.04349353488451994,0.4417418272835708,colmax,2,False,0.5010191318002736,12,3.9891366415930887
decoder_heads,SpecRes T850,168,0.000630118617361101,0.0006183064845875682,-1.1812132773532843e-05,-4.1505417660422005e-05,2.0513444239137844e-05,-1.8745887596531188,-0.03602592987765225,-0.1265877462474389,0.06256413789762034,0.03053826508563365,-0.3249034363967733,colmax,4,False,0.09184461402354724,12,9.981149782438186
film,SpecRes T850,168,0.000630118617361101,0.000628048881480936,-2.0697358801650503e-06,-7.4569030402926725e-06,1.7393794829937762e-06,-0.3284676603959077,-0.0063125060574294465,-0.022742875582636095,0.005304949113454576,0.0008248412654108496,-0.05692996453664146,colmax,13,False,0.030730215828011713,12,11.28446341385286
cond_embed,SpecRes T850,168,0.000630118617361101,0.0006443070366609996,1.4188419299898669e-05,-4.6207247275257645e-06,3.199006353800843e-05,2.2517060929446777,0.04327338750527769,-0.01409278986355225,0.09756678221432179,0.0377857227132591,0.39026535478034863,colmax,3,False,0.24209987815104858,12,7.322117667160273
encoder_io,SpecResLog T850,168,0.4683917279416255,0.4571191300223792,-0.011272597919246263,-0.02205398931919415,-0.001734366355689898,-2.406660332961973,-0.26661693700495837,-0.521615968488014,-0.04102084086659339,0.24333914127338072,-0.71531495182655,share,3,True,-0.018111734479762456,12,12.442699686693976
enc0_attn,SpecResLog T850,168,0.4683917279416255,0.4600909158354771,-0.00830081210614834,-0.012343333755318231,-0.0019680951498713957,-1.7721944285025566,-0.19632893093936662,-0.29194173888293035,-0.0465489414553794,0.173051135207789,-0.526737053371967,share,14,True,0.4694880289797671,12,4.3322187909639975
enc0_mlp,SpecResLog T850,168,0.4683917279416255,0.45921733404220383,-0.009174393899421611,-0.011606628230870272,-0.004798196517021605,-1.958701094005015,-0.21699068997790705,-0.2745173464039267,-0.11348585904336932,0.19371289424632943,-0.5821711354574216,share,7,True,-0.3074082350353542,12,22.652447825776715
enc1_attn,SpecResLog T850,168,0.4683917279416255,0.4621003270132167,-0.006291400928408773,-0.008284513574676126,-0.002795887263821586,-1.343192151590016,-0.14880279213530723,-0.19594344175844045,-0.06612769335261875,0.12552499640372963,-0.39922768329584374,share,19,True,-0.1916267459139867,12,17.68925540112727
enc1_mlp,SpecResLog T850,168,0.4683917279416255,0.4607629894106146,-0.007628738531010831,-0.011099646095101981,-0.0036125995560301384,-1.6287090646403521,-0.18043319871075578,-0.2625263195684897,-0.08544438781141503,0.15715540297917818,-0.4840898942638979,share,17,True,0.6087944469352905,12,2.91800276021548
enc2_attn,SpecResLog T850,168,0.4683917279416255,0.4595040769123333,-0.008887651029292155,-0.010089662320177033,-0.0065940534266136835,-1.897482491492634,-0.21020871245244255,-0.23863841170339664,-0.15596106058649734,0.18693091672086493,-0.5639755550062585,share,9,True,0.28845379318117054,12,6.626977643291659
enc2_mlp,SpecResLog T850,168,0.4683917279416255,0.4597991114298617,-0.008592616511763797,-0.011266870600363582,-0.004701116496232735,-1.834493651184778,-0.2032306227576221,-0.2664814757538173,-0.11118974434358794,0.17995282702604448,-0.5452538190581818,share,12,True,0.46099353366666973,12,4.427177428887701
downsample,SpecResLog T850,168,0.4683917279416255,0.45959771721782205,-0.008794010723803349,-0.013671775836308176,-0.0034405306388057303,-1.877490612921184,-0.20799395312114335,-0.32336175059268135,-0.08137465268977069,0.18471615738956576,-0.5580335076548324,share,10,True,0.2380114644128402,12,7.385927101557688
dec0_attn,SpecResLog T850,168,0.4683917279416255,0.46016835825640506,-0.008223369685220428,-0.00947855692124862,-0.006069460057204526,-1.7556607417809238,-0.1944972803110056,-0.2241846849922446,-0.1435534968352718,0.171219484579428,-0.521822860388928,share,15,True,-0.0638597108875295,12,13.637183100786908
dec0_mlp,SpecResLog T850,168,0.4683917279416255,0.45927437624579825,-0.009117351695827287,-0.011072244888583611,-0.005866545132328198,-1.9465227825209501,-0.21564154067698452,-0.2618782324279296,-0.13875419891560156,0.1923637449454069,-0.578551460435882,share,8,True,0.23734097554252867,12,7.39643192489999
dec1_attn,SpecResLog T850,168,0.4683917279416255,0.46074612685375066,-0.007645601087874883,-0.00923994642384924,-0.005673701620539692,-1.6323091617082817,-0.18083202809271126,-0.21854112346280913,-0.1341931077809176,0.15755423236113364,-0.48515992613563597,share,16,True,-0.3292482127190387,12,23.780746999257705
dec1_mlp,SpecResLog T850,168,0.4683917279416255,0.4598671820029294,-0.008524545938696065,-0.010083899973587636,-0.005878406489223677,-1.8199608212889828,-0.20162063295567018,-0.23850212198485687,-0.1390347410467811,0.17834283722409258,-0.5409343268662696,share,13,True,0.27136774081484244,12,6.877307666008552
dec2_attn,SpecResLog T850,168,0.4683917279416255,0.45960398494207116,-0.008787742999554345,-0.010441085909285538,-0.005847956100695174,-1.8761524756580543,-0.20784571032447555,-0.2469502029684277,-0.13831453534280408,0.18456791459289792,-0.5576357824009596,share,11,True,0.1745397018151853,12,8.433536612606066
dec2_mlp,SpecResLog T850,168,0.4683917279416255,0.45821404967774204,-0.010177678263883464,-0.012275989983258535,-0.007177409063182346,-2.1728988060079244,-0.2407201449016103,-0.2903489392140749,-0.16975845619314503,0.21744234917003272,-0.6458356351561164,share,6,True,0.24405407431255427,12,7.29176592525694
upsample,SpecResLog T850,168,0.4683917279416255,0.4572470919905413,-0.01114463595108426,-0.014612015911254248,-0.007377900118792436,-2.3793408991358596,-0.2635904094689917,-0.3456000962364507,-0.1745004253050201,0.24031261373741408,-0.7071949860700181,share,4,True,0.3714672546998517,12,5.499506399263209
decoder_io,SpecResLog T850,168,0.4683917279416255,0.45052518624459914,-0.017866541697026332,-0.022839763296105563,-0.011758814739059542,-3.814444327516603,-0.42257540420203704,-0.5402009169092324,-0.27811682728291975,0.3992976084704595,-1.1337408204274868,share,1,True,0.02947217305741181,12,11.312917656358607
decoder_heads,SpecResLog T850,168,0.4683917279416255,0.474797906086283,0.006406178144657472,0.0018953644934411528,0.010576931032044977,1.3676966868757037,0.1515174769003813,0.04482873241548419,0.2501631810943792,0.1282396811688037,0.406510996290761,share,18,True,-0.303097718848923,12,22.43811370563902
film,SpecResLog T850,168,0.4683917279416255,0.4580062593317666,-0.010385468609858964,-0.012302674408159995,-0.007926978637450188,-2.217261320027684,-0.24563475517867878,-0.29098007319791186,-0.18748710626964535,0.22235695944710115,-0.6590211973828781,share,5,True,0.008724947137892536,12,11.792412459012183
cond_embed,SpecResLog T850,168,0.4683917279416255,0.4539188404245127,-0.014472887517112709,-0.018543278466437916,-0.009554107756659781,-3.0899109983676802,-0.34230946291818937,-0.43858142924716803,-0.22597159626769228,0.31903166718661174,-0.9183928062775064,share,2,True,0.28794703321595316,12,6.6343066764732885
encoder_io,SpecDivW1 T850,168,0.16962812334030233,0.16721449299600658,-0.0024136303442957793,-0.01021703407611626,0.0037076805875345537,-1.4228951525058342,-0.09837648929610796,-0.41643325615392957,0.15112032399451886,0.07776204549340644,0.2699036602721376,share,3,False,0.6020311795474839,12,2.980981835059625
enc0_attn,SpecDivW1 T850,168,0.16962812334030233,0.17126212325847467,0.0016339999181723037,-0.0001002329981948033,0.0035566114517780524,0.963283614766065,0.06659974914543919,-0.00408536895358965,0.14496293901970494,0.04598530534273766,-0.18272166648938717,share,6,False,0.21659689338131508,12,7.727158708498968
enc0_mlp,SpecDivW1 T850,168,0.16962812334030233,0.16859098790889537,-0.0010371354314069696,-0.0024282928625386385,0.0004973152697817731,-0.611417146510725,-0.04227231519008396,-0.09897411480756277,0.020269935050370006,0.021657871387382448,0.11597743200247067,share,10,False,-0.47415935681505206,12,33.64120387240351
enc1_attn,SpecDivW1 T850,168,0.16962812334030233,0.17070060512489352,0.0010724817845911838,-0.0009182142626345948,0.0023231090500413863,0.6322547013266228,0.0437129873890813,-0.03742524027885534,0.0946869569879262,0.023098543586379784,-0.11993002984921121,share,9,False,0.3898646099640344,12,5.267868990937937
enc1_mlp,SpecDivW1 T850,168,0.16962812334030233,0.1713611372043025,0.001733013864000157,-0.0013027401921907814,0.004377733210178714,1.0216547998491041,0.07063543108195429,-0.05309802591583623,0.1784308128666725,0.05002098727925278,-0.19379387829683445,share,4,False,0.22173879861788148,12,7.644133449105914
enc2_attn,SpecDivW1 T850,168,0.16962812334030233,0.16963756319849407,9.439858191744496e-06,-0.000881107915922788,0.0011598670894176696,0.005565031320193624,0.0003847565599892567,-0.03591283299215593,0.047274700774569973,0.0,-0.0010556099795576378,share,19,False,0.14627135610686287,12,8.93745069362316
enc2_mlp,SpecDivW1 T850,168,0.16962812334030233,0.1696642923911785,3.6169050876160014e-05,-0.0010651760566886192,0.0014077668098611594,0.02132255557859286,0.0014742043058822683,-0.04341521525321738,0.05737877667515392,0.0,-0.004044595827656882,share,18,False,0.260275880186279,12,7.043449436208051
downsample,SpecDivW1 T850,168,0.16962812334030233,0.17122017765635392,0.0015920543160515717,-0.001219181630899493,0.0038972588060819124,0.9385556384760828,0.06489009999067064,-0.049692285707979754,0.15884728998654649,0.044275656187969116,-0.17803110914225226,share,8,False,0.1167915625828192,12,9.49013370453379
dec0_attn,SpecDivW1 T850,168,0.16962812334030233,0.17035553212318308,0.0007274087828807475,-0.0002645154965381038,0.002020712340379568,0.42882557948332894,0.029648252687940777,-0.010781313706688533,0.08236165342952075,0.009033808885239265,-0.08134232049145758,share,11,False,0.08007949579835864,12,10.22058662659826
dec0_mlp,SpecDivW1 T850,168,0.16962812334030233,0.16981068961267162,0.00018256627236927733,-0.0010355078731340479,0.0016744180516149107,0.10762736082566857,0.007441168023932333,-0.0422059779941694,0.06824714062830746,0.0,-0.020415431580549235,share,17,False,0.19309745346090496,12,8.115708008915323
dec1_attn,SpecDivW1 T850,168,0.16962812334030233,0.16994229333552813,0.0003141699952258191,-0.0006120654289906928,0.0009861455175534113,0.18521103048198065,0.012805167637013922,-0.024947004940472275,0.040194031443660634,0.0,-0.03513198773769529,share,14,False,-0.11680374215443876,12,15.174028180944493
dec1_mlp,SpecDivW1 T850,168,0.16962812334030233,0.1698490623618667,0.0002209390215643578,-0.0011978009479992756,0.0015433163793755402,0.13024905140353243,0.009005192257955413,-0.04882083638789325,0.06290360395698619,0.0,-0.02470645546783748,share,16,False,-0.005632694981979798,12,12.13595044696795
dec2_attn,SpecDivW1 T850,168,0.16962812334030233,0.16930559476596152,-0.0003225285743408389,-0.0014566349035094956,0.001158663747149764,-0.1901386208782094,-0.01314585264322573,-0.059370577740747256,0.04722565408106202,0.0,0.0360666839322264,share,13,False,0.42877712511889493,12,4.797581356856376
dec2_mlp,SpecDivW1 T850,168,0.16962812334030233,0.1699406336764098,0.000312510336107454,-0.0004932217810622006,0.0010406002122377185,0.18423262013015734,0.012737522051649575,-0.020103089679803426,0.04241353523030888,0.0,-0.03494639673702303,share,15,False,0.11682086904170676,12,9.489569782657545
upsample,SpecDivW1 T850,168,0.16962812334030233,0.167900663243016,-0.0017274600972863481,-0.0035605320175207678,-0.000223598879297532,-1.0183807161627172,-0.07040906664592318,-0.14512273627065286,-0.009113604661054002,0.04979462284322166,0.1931728296064676,share,5,True,-0.30673903061482,12,22.618997837545148
decoder_io,SpecDivW1 T850,168,0.16962812334030233,0.1640559014208583,-0.005572221919444044,-0.008642390959357973,-0.0026259167624662666,-3.284963489376839,-0.22711664663532616,-0.35225281440274714,-0.1070290124938768,0.20650220283262463,0.62311243950879,share,1,True,0.272787986195037,12,6.8562433494892625
decoder_heads,SpecDivW1 T850,168,0.16962812334030233,0.1662529226175968,-0.003375200722705527,-0.006353476908002197,-0.0008871968856464837,-1.9897648197960138,-0.137568869464282,-0.25895960187537,-0.03616101161912055,0.1169544256615805,0.3774310475356493,share,2,True,-0.3278087313753192,12,23.704123394974417
film,SpecDivW1 T850,168,0.16962812334030233,0.16917885950129116,-0.000449263839011176,-0.0008900198228663233,-0.00016702008440622806,-0.2648522132794441,-0.01831142012034432,-0.03627607093375316,-0.006807525263616265,0.0,0.050238825868096214,share,12,True,-0.6198642314086269,12,51.135337379416136
cond_embed,SpecDivW1 T850,168,0.16962812334030233,0.16800002666665123,-0.0016280966736510933,-0.004586670901694586,0.0017143476242481499,-0.959803505215264,-0.06635914044045432,-0.18694684624417046,0.06987461899674756,0.04574469663775281,0.18206153752327534,share,7,False,-0.00823686770596241,12,12.199326652207603
encoder_io,|RQE| T850,168,0.008979015304551771,0.009540974046103656,0.000561958741551886,4.8627158200057845e-05,0.0010962303674508195,6.258578724852042,0.07039797881337215,0.006091645880031385,0.13732752331472112,0.0654931432684018,0.3564973463572194,share,3,True,0.48299060986225356,12,4.1835144743291535
enc0_attn,|RQE| T850,168,0.008979015304551771,0.008984623748498658,5.608443946888049e-06,-0.00013696118840016424,0.00016744331029864648,0.062461681561506374,0.0007025838179128244,-0.017157471049605164,0.020976042793270887,0.0,0.0035579042310781355,share,19,False,0.46564664039187803,12,4.375024742377868
enc0_mlp,|RQE| T850,168,0.008979015304551771,0.009153435355983675,0.00017442005143190423,3.805922897299752e-05,0.0002696906061222155,1.9425298378039817,0.02185003662621514,0.004767774921509925,0.03378481758914727,0.01694520108124479,0.11064920053605473,share,6,True,-0.2939988541003196,12,21.99427910193547
enc1_attn,|RQE| T850,168,0.008979015304551771,0.009019158799977353,4.014349542558193e-05,-0.0001345464571689566,0.00025184352028494075,0.44708126742173854,0.005028876199452964,-0.016854971621292864,0.031549068453573234,0.0001240406544826163,0.025466370632837264,share,12,False,0.5676391976443146,12,3.30964525259684
enc1_mlp,|RQE| T850,168,0.008979015304551771,0.009004304728781184,2.528942422941327e-05,-0.0001526578625392479,0.00019991908581384115,0.2816503076522566,0.0031680695030886666,-0.019123832726677843,0.025044364518016966,0.0,0.016043193142241355,share,15,False,0.6102131451129851,12,2.9048590696456977
enc2_attn,|RQE| T850,168,0.008979015304551771,0.00894167433337619,-3.734097117558122e-05,-0.0001092320623380753,3.636205510701982e-05,-0.4158693343205663,-0.00467779696856374,-0.013683773988426826,0.0045551657012498,0.0,-0.023688495525017155,share,13,False,0.43743093205545536,12,4.696454392894679
enc2_mlp,|RQE| T850,168,0.008979015304551771,0.00896643278732275,-1.2582517229020596e-05,-0.00012414111406542359,7.020468862416841e-05,-0.1401324844901655,-0.0015762434424657795,-0.015551468233614446,0.00879471715079153,0.0,-0.007982141162627817,share,17,False,0.3769208408782838,12,5.430195903412531
downsample,|RQE| T850,168,0.008979015304551771,0.00877747832176586,-0.00020153698278591037,-0.00036966482487817604,-3.256528483082851e-05,-2.244533236108244,-0.025247042523251682,-0.0463088383285163,-0.004079534780865091,0.020342206978281336,-0.12785173402162292,share,5,True,0.17644638391387096,12,8.400419711568484
dec0_attn,|RQE| T850,168,0.008979015304551771,0.008951618239128342,-2.7397065423429012e-05,-0.00011806984742482503,7.815886832152802e-05,-0.30512327347900275,-0.0034320989934259233,-0.014790905457858198,0.009791157160366104,0.0,-0.017380245913526344,share,14,False,0.4573088508914526,12,4.4687121644248045
dec0_mlp,|RQE| T850,168,0.008979015304551771,0.008968047176798185,-1.0968127753585577e-05,-8.429827818569416e-05,5.02026702937047e-05,-0.12215290186692807,-0.0013740048301179152,-0.010560256408383178,0.0062890142254057625,0.0,-0.006957999136844472,share,18,False,0.1889731532491598,12,8.1854852100017
dec1_attn,|RQE| T850,168,0.008979015304551771,0.008911226973092804,-6.778833145896594e-05,-0.00010137383942492307,-1.7996466582796245e-05,-0.7549639816807274,-0.008492014037656032,-0.012699354725505247,-0.002254462435645331,0.003587178492685684,-0.0430037981300335,share,10,True,-0.33988101286108585,12,24.357081780090486
dec1_mlp,|RQE| T850,168,0.008979015304551771,0.008909329927215973,-6.968537733579676e-05,-0.00012739337495683382,-6.896975780061183e-06,-0.7760915308883687,-0.008729661725235958,-0.015958887099805207,-0.0008640014274006243,0.0038248261802656092,-0.0442072527095289,share,9,True,-0.07568697903076659,12,13.965229803680177
dec2_attn,|RQE| T850,168,0.008979015304551771,0.008994075993541628,1.5060688989857832e-05,-5.1681868111093836e-05,9.116019694677864e-05,0.16773207839642562,0.001886690224792786,-0.006474317040202767,0.011419866155226673,0.0,0.009554252407158216,share,16,False,0.19830186430798954,12,8.028342369190772
dec2_mlp,|RQE| T850,168,0.008979015304551771,0.00883513669638584,-0.0001438786081659297,-0.00021691740209159132,-5.408847888854024e-05,-1.6023873808633862,-0.01802403354629087,-0.027173786165377474,-0.006775799198937124,0.01311919800132052,-0.09127421324041855,share,7,True,0.399549958889574,12,5.148369622362031
upsample,|RQE| T850,168,0.008979015304551771,0.009083877919086566,0.00010486261453479528,-6.539025392460947e-05,0.0002533529758996639,1.167863189648834,0.013136402320122526,-0.00819160085965253,0.031738161738413956,0.008231566775152178,0.06652311112822665,share,8,False,0.22287930868682423,12,7.625812481668483
decoder_io,|RQE| T850,168,0.008979015304551771,0.010263774660415947,0.0012847593558641772,0.0010801774682477115,0.0014692205431250233,14.308466043185033,0.16094502180825532,0.13531653643181799,0.18405293666481162,0.15604018626328497,0.81503012090951,share,1,True,-0.42521256144485475,12,29.754565931936998
decoder_heads,|RQE| T850,168,0.008979015304551771,0.00993721472332254,0.0009581994187707702,0.0007758552945839862,0.001152475052125131,10.671542326974606,0.1200360407159571,0.09719333565224575,0.14437343581202036,0.11513120517098674,0.6078658891033015,share,2,True,0.2803530035873279,12,6.744830474686393
film,|RQE| T850,168,0.008979015304551771,0.008912267143993327,-6.674816055844228e-05,-0.00013013008865527808,5.718530155718321e-06,-0.7433795165111852,-0.0083617092241476,-0.01630172207809793,0.0007163745929712854,0.0034568736791772527,-0.04234393088645144,share,11,False,0.6558314331487953,12,2.4942290136144107
cond_embed,|RQE| T850,168,0.008979015304551771,0.008690329093951732,-0.00028868621060003835,-0.00046911319562544424,-0.00016718074136103195,-3.21512104399347,-0.03616444453094741,-0.05876698477100591,-0.020943150124929807,0.031259608985977065,-0.18313776510465185,share,4,True,-0.24222620770769004,12,19.67172082766098
encoder_io,SpecDiv> Q700,168,0.01655260007828474,0.01848806207999587,0.0019354620017111301,0.0011315326594437162,0.0025690559297800067,11.692797461168965,0.40331092032693394,0.23578839463485393,0.5353390097531787,0.3904731312917261,0.5565301646155794,share,1,True,0.11330675041359321,12,9.557400950891573
enc0_attn,SpecDiv> Q700,168,0.01655260007828474,0.016552341170608997,-2.5890767574310303e-07,-0.0001668484842715164,0.00014430816130091748,-0.0015641510972210493,-5.3951094307891824e-05,-0.03476783098154702,0.030070886069323736,0.0,-7.44473057462028e-05,share,19,False,-0.12430623932412972,12,15.406841384226068
enc0_mlp,SpecDiv> Q700,168,0.01655260007828474,0.01668114207374553,0.0001285419954607884,-0.00018454230933760604,0.00033983160974457847,0.7765667922432434,0.026785537739370542,-0.03845486429204311,0.07081399643139334,0.01394774870416272,0.03696145821026802,share,6,False,-0.13344696618364182,12,15.695939040571325
enc1_attn,SpecDiv> Q700,168,0.01655260007828474,0.01665050458783905,9.790450955430667e-05,-3.449335539092619e-06,0.00020891176924730335,0.5914751102018531,0.0204013087405463,-0.0007187713783881747,0.043532964143841314,0.007563519705338477,0.028151838047295374,share,7,False,-0.513133013662096,12,37.29477798550731
enc1_mlp,SpecDiv> Q700,168,0.01655260007828474,0.01637138961814344,-0.00018121046014130116,-0.00036608801456168295,-1.8472210892165817e-05,-1.094755260709948,-0.037760574678212276,-0.0762852972277411,-0.003849233086883685,0.02492278564300445,-0.05210595047763436,share,5,True,0.004101069031325767,12,11.901976345023943
enc2_attn,SpecDiv> Q700,168,0.01655260007828474,0.01654465574150284,-7.944336781899134e-06,-6.452885766824086e-05,3.970655961893497e-05,-0.04799449478829168,-0.0016554382240840594,-0.013446501636723033,0.008274039525844979,0.0,-0.0022843450571920893,share,16,False,-0.21998611635986076,12,18.768683100867012
enc2_mlp,SpecDiv> Q700,168,0.01655260007828474,0.016555966110900044,3.3660326153039932e-06,-0.00011559603929830094,0.00013397003252369657,0.02033537087457258,0.0007014127431737339,-0.0240878637525969,0.02791663027514482,0.0,0.0009678819237165952,share,18,False,-0.01266823278040018,12,12.307938624912067
downsample,SpecDiv> Q700,168,0.01655260007828474,0.016509964984531205,-4.2635093753536545e-05,-0.00041049654634358983,0.00031232174175481003,-0.25757339361729203,-0.008884286482897501,-0.08553913212994753,0.06508149940111482,0.0,-0.012259458322653106,share,11,False,-0.2863518043858499,12,21.630015668078755
dec0_attn,SpecDiv> Q700,168,0.01655260007828474,0.016574007226154208,2.1407147869467735e-05,-9.030010551214218e-05,0.00010850931284949181,0.12932800749262136,0.004460814266142534,-0.018816705586326917,0.022611134081000375,0.0,0.00615549337430137,share,13,False,0.015083949154952911,12,11.643364689176455
dec0_mlp,SpecDiv> Q700,168,0.01655260007828474,0.01661680017908414,6.42001007994016e-05,-2.9187416657805443e-05,0.00016407628427259616,0.3878550831637945,0.013377995391073084,-0.00608206405696314,0.03419016087905657,0.00054020635586526,0.01846034312977455,share,9,False,-0.1769111475257143,12,17.158455891916955
dec1_attn,SpecDiv> Q700,168,0.01655260007828474,0.016542570432648063,-1.0029645636677742e-05,-0.00013320825334327916,0.00010087059345096348,-0.06059256907822944,-0.0020899741812059856,-0.02775789098598884,0.021019380304374446,0.0,-0.0028839627604578936,share,15,False,0.208626169884828,12,7.8572566092019995
dec1_mlp,SpecDiv> Q700,168,0.01655260007828474,0.016548349832495052,-4.250245789686839e-06,-0.000247468085338672,0.00017877877689898014,-0.025677209438912933,-0.0008856647867737974,-0.05156731631065122,0.03725386134282413,0.0,-0.0012221319699895234,share,17,False,0.08516013234194543,12,10.1165515435996
dec2_attn,SpecDiv> Q700,168,0.01655260007828474,0.01665002666413784,9.742658585309982e-05,7.162646700938543e-07,0.00020920950919389725,0.5885878073071625,0.02030171916058587,0.00014925499081760603,0.043595007093675885,0.007463930125378045,0.028014414033870578,share,8,True,0.08110979585685492,12,10.199410357741069
dec2_mlp,SpecDiv> Q700,168,0.01655260007828474,0.01661371742375195,6.111734546720982e-05,-1.7140019917860626e-05,0.00014010492401818426,0.3692310886395987,0.012735611872786583,-0.0035716315801513133,0.029195016899403126,0.0,0.017573915842141182,share,10,False,-0.3881110304000736,12,27.222802162444616
upsample,SpecDiv> Q700,168,0.01655260007828474,0.01659244407589237,3.98439976076285e-05,-0.0001502476322154204,0.00017873873002827168,0.24071141342863472,0.008302678807659277,-0.031308551018914804,0.037245516389388014,0.0,0.011456895835677477,share,12,False,0.13915188488320693,12,9.068305568805366
decoder_io,SpecDiv> Q700,168,0.01655260007828474,0.01675254541138808,0.00019994533310333887,-0.00014038749504834415,0.0005023912449056898,1.2079391283406042,0.041664541198788464,-0.029253898955537917,0.10468811847919145,0.02882675216358064,0.057493047679437755,share,4,False,0.1952384640872231,12,8.07967507833532
decoder_heads,SpecDiv> Q700,168,0.01655260007828474,0.017182458269720275,0.0006298581914355358,0.0003509698435664177,0.000878338005471353,3.805191863856139,0.1312496378842565,0.0731349778454077,0.18302777788021182,0.11841184884904868,0.18111183926844543,share,2,True,-0.07535125228386225,12,13.955802199786108
film,SpecDiv> Q700,168,0.01655260007828474,0.01657325526078542,2.0655182500680287e-05,-7.44370879450192e-05,0.00010412951232865454,0.12478512380527877,0.004304119975750098,-0.015511175326108689,0.021698472722965143,0.0,0.005939270369093049,share,14,False,-0.026635370659795394,12,12.656741447722839
cond_embed,SpecDiv> Q700,168,0.01655260007828474,0.016342367976903915,-0.00021023210138082504,-0.0006551981185718129,0.00013603988724450268,-1.2700850645006962,-0.0438080945093236,-0.1365299633700134,0.028347945905032323,0.030970305474115774,-0.06045094446985284,share,3,False,-0.01701255381531576,12,12.415367757902036
encoder_io,SpecDiv< Q700,168,0.015956047767152388,0.017477484031890828,0.0015214362647384405,0.0007423770419942836,0.0022337676530393455,9.535169905109687,0.260557397694137,0.1271376492416892,0.3825495028734124,0.2509270057669689,0.5466845945748458,share,1,True,0.19820341843072176,12,8.029987922612191
enc0_attn,SpecDiv< Q700,168,0.015956047767152388,0.015857635686794918,-9.84120803574721e-05,-0.00027006192637297013,5.3167614775399344e-05,-0.6167697777896244,-0.01685380857147999,-0.046250135074901666,0.009105353716452916,0.007223416644311888,-0.03536156558010067,share,7,False,-0.03496966182130219,12,12.869684454993624
enc0_mlp,SpecDiv< Q700,168,0.015956047767152388,0.015985671275605757,2.962350845336914e-05,-0.0002901574014686048,0.0002500449190847573,0.18565693012246434,0.005073248516596316,-0.04969163625224219,0.042822072099461844,0.0,0.010644360256194339,share,11,False,-0.09609862395416804,12,14.551569270742089
enc1_attn,SpecDiv< Q700,168,0.015956047767152388,0.01598086386608581,2.481609893341859e-05,-5.8808284423624474e-05,0.00013776608587553102,0.1555278556166382,0.004249943496728343,-0.010071360797299323,0.023593477859163863,0.0,0.008916955181607636,share,13,False,-0.484788951488954,12,34.58285195816302
enc1_mlp,SpecDiv< Q700,168,0.015956047767152388,0.01582163463657101,-0.00013441313058137894,-0.00031955848874834676,3.439071394192673e-05,-0.8423961405911929,-0.023019259059285816,-0.05472679347080944,0.0058896682938554806,0.013388867132117715,-0.048297513014815385,share,6,False,0.14677149506090784,12,8.92831928886173
enc2_attn,SpecDiv< Q700,168,0.015956047767152388,0.015939438094695408,-1.660967245697975e-05,-7.388243684545159e-05,2.9615683403486992e-05,-0.10409640720161878,-0.0028445312710398954,-0.012652922719087271,0.005071908417979388,0.0,-0.00596821060705162,share,16,False,-0.22885538433958236,12,19.12256704204063
enc2_mlp,SpecDiv< Q700,168,0.015956047767152388,0.015949890250340104,-6.157516812284787e-06,-0.00011419824634989103,0.00011222111061215401,-0.038590488710875136,-0.0010545210430767812,-0.019557308169775346,0.019218708811621226,0.0,-0.002212527504522454,share,17,False,-0.06762110431554728,12,13.740608363278932
downsample,SpecDiv< Q700,168,0.015956047767152388,0.015773538888121646,-0.00018250887903074423,-0.0005496438049400846,0.00016357626688356174,-1.1438225912463273,-0.03125601753978178,-0.09413063352904438,0.02801366538415576,0.021625625612613674,-0.06557934423653618,share,4,False,-0.26423019987233287,12,20.618897915945503
dec0_attn,SpecDiv< Q700,168,0.015956047767152388,0.015956730969871085,6.832027186950048e-07,-0.0001101054212388893,8.56430871256937e-05,0.004281779101347811,0.0001170036015352463,-0.01885638110180963,0.014667022489962336,0.0,0.000245489351041873,share,19,False,0.05757994162350596,12,10.693319961380187
dec0_mlp,SpecDiv< Q700,168,0.015956047767152388,0.015997083236773808,4.103546962141991e-05,-3.951494193946322e-05,0.00013593181114022904,0.2571781572746153,0.0070276326557472514,-0.0067672308596847365,0.023279344521630628,0.0,0.014744922014219909,share,9,False,-0.20108425247707507,12,18.040714649089225
dec1_attn,SpecDiv< Q700,168,0.015956047767152388,0.015953097414846223,-2.9503523061672845e-06,-0.00012199197274943193,9.769190025205403e-05,-0.01849049557397898,-0.0005052700116281254,-0.020892042404832892,0.016730472314491873,0.0,-0.0010601246938381009,share,18,False,0.23962903304022912,12,7.36063076962569
dec1_mlp,SpecDiv< Q700,168,0.015956047767152388,0.015918275030950706,-3.777273620168368e-05,-0.00026611098631595573,0.0001321913150604811,-0.23672990174574307,-0.006468865030103521,-0.045573506889048494,0.022638756448891482,0.0,-0.013572552104211917,share,10,False,0.0969975897628623,12,9.877896746507961
dec2_attn,SpecDiv< Q700,168,0.015956047767152388,0.016030234129478533,7.418636232614517e-05,-5.771349727486571e-06,0.0001649969102193912,0.4649419668877371,0.01270497224240797,-0.0009883870268040376,0.028256961235066005,0.003074580315239868,0.026656746885301574,share,8,False,0.06510906767738152,12,10.532903651205729
dec2_mlp,SpecDiv< Q700,168,0.015956047767152388,0.015982784718895953,2.6736951743563015e-05,-4.3564910689989726e-05,0.0001011276443023234,0.16756625533927347,0.004578903980426781,-0.007460818453747494,0.017318869311217334,0.0,0.0096071586847641,share,12,False,-0.4437998988878419,12,31.149938218296697
upsample,SpecDiv< Q700,168,0.015956047767152388,0.015973949572071433,1.7901804919044178e-05,-0.0001585324585903436,0.0001573190636311968,0.11219448061503919,0.0030658186687407152,-0.027149875297244063,0.026942072288825024,0.0,0.00643250144034665,share,15,False,0.16818998059127915,12,8.544603530884936
decoder_io,SpecDiv< Q700,168,0.015956047767152388,0.016127972475563485,0.00017192470841109753,-0.0001947179281463226,0.0005730968919427438,1.0774893063746465,0.029443398754939027,-0.033346908982034795,0.09814715098622333,0.019813006827770922,0.061776225329608254,share,5,False,0.23617246225061056,12,7.414766735949547
decoder_heads,SpecDiv< Q700,168,0.015956047767152388,0.016577587851012748,0.0006215400838603576,0.0003728595833914975,0.0008239990837561585,3.8953260414516886,0.10644341177255412,0.06385500661804623,0.14111603748499327,0.09681301984538601,0.2233326473361209,share,2,True,-0.21673794370866156,12,18.641085965069493
film,SpecDiv< Q700,168,0.015956047767152388,0.015976408651719492,2.0360884567101795e-05,-6.286917875210444e-05,9.562982983576754e-05,0.12760606425995627,0.0034869545445380882,-0.01076681947871936,0.016377327254141913,0.0,0.007316101359438066,share,14,False,-0.08521736903643141,12,14.23574080622854
cond_embed,SpecDiv< Q700,168,0.015956047767152388,0.015767618625735242,-0.00018842914141714573,-0.0006472112203482538,0.00016548760274114708,-1.1809261551914614,-0.03226990697887205,-0.11083978687820939,0.028340996018185013,0.022639515051703946,-0.06770662115078997,share,3,False,0.010816090383877663,12,11.74319149479063
encoder_io,SpecRes Q700,168,0.0010123859052934374,0.001346646691672504,0.0003342607863790666,0.00019413732916291339,0.00042842371149163225,33.01713157318028,1.1357954897300777,0.6596654822723458,1.455754725155789,1.1181982302901825,0.6714394177819195,share,1,True,0.5208314944534362,12,3.7808409988413842
enc0_attn,SpecRes Q700,168,0.0010123859052934374,0.0010557554002540808,4.336949496064335e-05,1.794784645123097e-05,6.012282780526825e-05,4.2838896446383075,0.1473666034887751,0.060985565403889545,0.20429329264366963,0.12976934404887966,0.087117572962468,share,3,True,0.16357363058057223,12,8.62611197885694
enc0_mlp,SpecRes Q700,168,0.0010123859052934374,0.001046088485357662,3.37025800642247e-05,7.091261674455988e-06,5.02896878363875e-05,3.3290250178321177,0.1145190820732495,0.02409562639276814,0.17088094970173145,0.09692182263335408,0.06769935828012141,share,6,True,-0.19432257882675125,12,17.788596985938327
enc1_attn,SpecRes Q700,168,0.0010123859052934374,0.0010269698056314762,1.4583900338038802e-05,2.484995396419739e-06,2.4053300027541495e-05,1.4405475482999437,0.049555104581824154,0.008443845878028797,0.08173148271548764,0.03195784514192873,0.029295107146841675,share,8,True,-0.419525614246386,12,29.34549359803613
enc1_mlp,SpecRes Q700,168,0.0010123859052934374,0.0009905412637939055,-2.1844641499531765e-05,-3.78049726956912e-05,1.1684913867308154e-06,-2.1577386039565765,-0.07422661078108586,-0.1284587340988314,0.003970454510126825,0.05662935134119043,-0.04387997027406898,share,7,False,0.2643611558621652,12,6.9819181716591485
enc2_attn,SpecRes Q700,168,0.0010123859052934374,0.001013328069044898,9.421637514606118e-07,-3.1265085757089157e-06,3.5258871018110405e-06,0.09306369700865483,0.00320140855015696,-0.010623664167610495,0.011980725322033266,0.0,0.001892551883183028,share,18,False,-0.48517483801613137,12,34.61776807395441
enc2_mlp,SpecRes Q700,168,0.0010123859052934374,0.001011635210791913,-7.506945015241703e-07,-6.614827604304688e-06,4.393739436636677e-06,-0.07415102260897079,-0.0025508090202043475,-0.022476735723917975,0.014929628716668508,0.0,-0.001507942000901855,share,19,False,-0.17887420682207814,12,17.228164794477074
downsample,SpecRes Q700,168,0.0010123859052934374,0.001053121251364549,4.073534607111166e-05,7.550489196243386e-06,6.309752679953814e-05,4.023697471302173,0.13841594415353767,0.02565605037685625,0.21440111814601495,0.12081868471364224,0.08182628104666337,share,4,True,-0.09367434441138078,12,14.480547970820753
dec0_attn,SpecRes Q700,168,0.0010123859052934374,0.0010155992155584197,3.213310264982283e-06,-5.1396328975291306e-06,8.295600127894429e-06,0.3173997433370937,0.010918610422735491,-0.017464124126309724,0.028187886805189473,0.0,0.006454670309503849,share,15,False,-0.1666264611151461,12,16.79861056317514
dec0_mlp,SpecRes Q700,168,0.0010123859052934374,0.0010240671690553427,1.1681263761905333e-05,1.6715390908454235e-06,2.0028354629175735e-05,1.1538350841144465,0.039692142290581205,0.005679776502819368,0.0680549911371744,0.02209488285068577,0.023464496162454856,share,10,True,0.12089653781796428,12,9.411432001316117
dec1_attn,SpecRes Q700,168,0.0010123859052934374,0.0010105848487000912,-1.8010565933460991e-06,-9.02742564600582e-06,3.2992635775978365e-06,-0.17790217978430545,-0.006119868195221921,-0.030674580299046312,0.011210673951495918,0.0,-0.003617835054863994,share,16,False,0.018714476384008864,12,11.559103709990959
dec1_mlp,SpecRes Q700,168,0.0010123859052934374,0.0010192627281260986,6.876822832661371e-06,-6.58167858394639e-06,1.8299184133259867e-05,0.6792689227205452,0.023366977746985738,-0.022364097600194935,0.06217938702724953,0.005769718307090306,0.01381367515157838,share,11,False,0.11839110001668077,12,9.459398237022844
dec2_attn,SpecRes Q700,168,0.0010123859052934374,0.0010172505523466195,4.864647053182125e-06,-3.964843199355528e-06,1.4990584410649413e-05,0.4805131153788752,0.016529740870851357,-0.01347226838091649,0.050936989487977535,0.0,0.009771758812889853,share,13,False,0.3440348360838435,12,5.856680017260233
dec2_mlp,SpecRes Q700,168,0.0010123859052934374,0.001016354746146438,3.968840853000681e-06,-4.604209122286799e-06,1.0322707991387378e-05,0.39202845794759683,0.013485852136967727,-0.015644790438974824,0.03507586189042925,0.0,0.007972326698788506,share,14,False,-0.02775939638882127,12,12.685247572316111
upsample,SpecRes Q700,168,0.0010123859052934374,0.001013734702913401,1.3487976199636857e-06,-7.445874628804935e-06,8.29573861362102e-06,0.13322959287671438,0.004583122866156693,-0.02530057716941304,0.028188357370299302,0.0,0.0027093692277353303,share,17,False,-0.33454354914285783,12,24.065470503872596
decoder_io,SpecRes Q700,168,0.0010123859052934374,0.0010900842462433502,7.769834094991286e-05,3.597635877667926e-05,0.00010931391637617099,7.674775057974775,0.2640136947154252,0.12224522797934281,0.3714412765246861,0.24641643527552973,0.15607492992273336,share,2,True,0.24717630760221007,12,7.243470112210357
decoder_heads,SpecRes Q700,168,0.0010123859052934374,0.0009989100508391857,-1.3475854454251627e-05,-2.762636516611868e-05,8.769329724600508e-06,-1.3310985844222796,-0.04579003979258429,-0.09387251580785128,0.029797587856632075,0.028192780352688858,-0.02706934297287123,share,9,False,-0.2168647575828004,12,18.646047706807813
film,SpecRes Q700,168,0.0010123859052934374,0.0010175459368232016,5.160031529764335e-06,-7.068846268036092e-07,8.87311483287097e-06,0.5096901786941328,0.017533437295647908,-0.002401946036148467,0.030150242618058556,0.0,0.010365106250160756,share,12,False,-0.34719833013322354,12,24.764611838229385
cond_embed,SpecRes Q700,168,0.0010123859052934374,0.0009730069917471459,-3.937891354629149e-05,-6.409806434627777e-05,-1.0510291394894047e-05,-3.8897137287660697,-0.1338068783983139,-0.21780087689487324,-0.03571325757766813,0.11620961895841847,-0.07910157536224346,share,5,True,0.023883972153253108,12,11.440155967601887
encoder_io,SpecResLog Q700,168,0.8612061848212728,0.8690908322168464,0.007884647395573477,0.00036863902270044225,0.014217523312136294,0.9155353891483939,0.09820501826465805,0.004591480143764821,0.17708238130349438,0.08191716934119929,0.3926908091255936,share,3,True,0.06040128749717738,12,10.632941211007239
enc0_attn,SpecResLog Q700,168,0.8612061848212728,0.8627788436328644,0.0015726588115915392,-0.0012644668152773637,0.004354658259948567,0.18261118409384333,0.019587811549204907,-0.01574921241995955,0.05423822683493492,0.0032999626257461546,0.07832546342517302,share,10,False,0.1382714597411132,12,9.084601388019097
enc0_mlp,SpecResLog Q700,168,0.8612061848212728,0.8659536036001644,0.004747418778891732,0.0020034874934785254,0.006536041105205948,0.5512522857551203,0.059130145522142706,0.02495387758246887,0.08140783016824057,0.04284229659868395,0.23644275108455087,share,7,True,0.10608858631534861,12,9.698081235925113
enc1_attn,SpecResLog Q700,168,0.8612061848212728,0.8662273947321574,0.005021209910884709,0.0020720499395786057,0.007569105231376697,0.5830438749028223,0.062540274316636,0.02580783793525625,0.09427487117708995,0.046252425393177254,0.2500787776257117,share,6,True,0.06082083488617622,12,10.623990037464855
enc1_mlp,SpecResLog Q700,168,0.8612061848212728,0.86209459997824,0.000888415156967387,-0.0021407316581062794,0.003545434593019095,0.10315940278015548,0.011065406268587555,-0.02666328385237424,0.04415916800021549,0.0,0.04424706005557397,share,15,False,-0.20217146821283835,12,18.081651688037812
enc2_attn,SpecResLog Q700,168,0.8612061848212728,0.8613021860400383,9.600121876554568e-05,-0.0009700202801320996,0.0012086118693816548,0.011147297877972038,0.0011957163040154102,-0.012081816034150367,0.015053526778400097,0.0,0.004781291335266274,share,19,False,-0.36685488730942994,12,25.90600214540273
enc2_mlp,SpecResLog Q700,168,0.8612061848212728,0.8621340770475081,0.0009278922262353032,-3.5895959665106544e-05,0.002093952036645574,0.10774333052750543,0.011557101852928763,-0.0004470920762440538,0.02608063337360439,0.0,0.0462131951907264,share,14,False,-0.35888809732554394,12,25.43496244552915
downsample,SpecResLog Q700,168,0.8612061848212728,0.866399871326831,0.00519368650555833,0.0016995574512612102,0.009589343200239422,0.6030712037485173,0.06468850825537348,0.021168362029308385,0.11943737961627546,0.048400659331914724,0.2586688857332265,share,5,True,0.0585134929696769,12,10.673305687079726
dec0_attn,SpecResLog Q700,168,0.8612061848212728,0.8617885550448793,0.0005823702236065487,-0.00032906844996828086,0.0014659032921975716,0.06762262439248608,0.007253549280869822,-0.004098619953201759,0.01825814806446576,0.0,0.02900464952270386,share,17,False,-0.184453484493631,12,17.428119112370325
dec0_mlp,SpecResLog Q700,168,0.8612061848212728,0.8622997110074421,0.001093526186169221,-0.00017010244061700186,0.0021144466450851484,0.1269761185465896,0.013620109270316885,-0.002118663327548914,0.026335898231391857,0.0,0.05446250939362177,share,13,False,-0.3683963841740595,12,25.998515839108183
dec1_attn,SpecResLog Q700,168,0.8612061848212728,0.8604463268327814,-0.0007598579884911713,-0.0015271198530321683,-0.00014118056203452984,-0.08823183134116316,-0.009464198447252733,-0.019020613799868996,-0.0017584349657791222,0.0,-0.03784433638575428,share,16,True,-0.4846414452071222,12,34.56951898207177
dec1_mlp,SpecResLog Q700,168,0.8612061848212728,0.8592595632726922,-0.0019466215485805887,-0.0028699792789025408,-0.0008557991767012515,-0.22603432057151027,-0.024245599725874534,-0.035746223434423414,-0.010659167057490582,0.007957750802415783,-0.09695048524333263,share,9,True,-0.11636580733710883,12,15.160560556936328
dec2_attn,SpecResLog Q700,168,0.8612061848212728,0.864275770497699,0.0030695856764262155,0.0020847252487190423,0.004737197604046218,0.3564286613969511,0.03823236503735166,0.025965711699699492,0.059002838540355096,0.02194451611389291,0.15287913618469054,share,8,True,-0.07880772920854481,12,14.053192977162157
dec2_mlp,SpecResLog Q700,168,0.8612061848212728,0.8626847562719049,0.0014785714506320529,0.00022052096324443973,0.002462714967226171,0.17168611613476775,0.018415932765292874,0.002746637121061145,0.03067365681728146,0.002128083841834121,0.07363949079380144,share,11,True,-0.340476117354696,12,24.389887662199108
upsample,SpecResLog Q700,168,0.8612061848212728,0.8615411173117304,0.0003349324904576845,-0.0031512540271446863,0.0025735276064127997,0.03889109209395581,0.004171657867831889,-0.03924956231600924,0.03205385262177454,0.0,0.01668114045963777,share,18,False,-0.10788331155574449,12,14.902310326525917
decoder_io,SpecResLog Q700,168,0.8612061848212728,0.8548629130144763,-0.0063432718067965395,-0.015807466588641014,0.00010025568173597679,-0.7365566943893892,-0.07900684613922879,-0.19688547466649944,0.0012487065764722432,0.06271899721577003,-0.31592339052637175,share,4,False,0.17991625611584902,12,8.340426598583605
decoder_heads,SpecResLog Q700,168,0.8612061848212728,0.8698322609170744,0.00862607609580171,0.004177186568839122,0.013413361643876931,1.0016272813451625,0.1074396758713803,0.05202777787095875,0.16706637077606298,0.09115182694792154,0.42961728428604506,share,2,True,0.4969037728949753,12,4.033094734997285
film,SpecResLog Q700,168,0.8612061848212728,0.862495042352311,0.0012888575310381716,-0.0005365886407669421,0.0031764252062690527,0.14965725441296615,0.01605300415173984,-0.006683329592736068,0.039563074890717295,0.0,0.06419088658233936,share,12,False,0.029902979636052054,12,11.30316590450213
cond_embed,SpecResLog Q700,168,0.8612061848212728,0.8501475598936105,-0.011058624927662278,-0.01568126157297789,-0.00755690770392884,-1.2840856373967273,-0.13773760683486944,-0.19531356342602385,-0.09412294828875979,0.12144975791141069,-0.5507691280016087,share,1,True,0.03646361268193389,12,11.155660947805053
encoder_io,SpecDivW1 Q700,168,1.620045120843928,1.795755536609818,0.17571041576588944,0.1089022835961357,0.2265503735289716,10.846019873468514,0.9374837531025583,0.5810362527578967,1.2087348010473342,0.9138273533619312,0.4074387975587774,share,1,True,0.07099030532428885,12,10.409166432867902
enc0_attn,SpecDivW1 Q700,168,1.620045120843928,1.6569418089849999,0.036896688141071554,0.014366315758985764,0.059398006257593096,2.277509907986452,0.19685825410391727,0.07664991034985061,0.316911581993921,0.17320185436329008,0.0855563523913633,share,5,True,0.23975611743804578,12,7.358646158242772
enc0_mlp,SpecDivW1 Q700,168,1.620045120843928,1.6796421684985594,0.059597047654631384,0.043572273822377335,0.07095768629107946,3.678727640844076,0.3179735456521645,0.2324751131921487,0.3785869936376813,0.2943171459115373,0.13819413794347213,share,3,True,-0.4482042118532714,12,31.49435156184653
enc1_attn,SpecDivW1 Q700,168,1.620045120843928,1.6495815697659546,0.029536448922026243,0.020218444862739424,0.03654099035136621,1.8231868077007547,0.15758850076159575,0.10787330670864938,0.19496046735399836,0.13393210102096856,0.06848936746573238,share,6,True,-0.5422891110486636,12,40.434846055304725
enc1_mlp,SpecDivW1 Q700,168,1.620045120843928,1.6196586482942432,-0.0003864725496851573,-0.012887782685158075,0.014130724066120003,-0.023855665790581973,-0.0020619821242281277,-0.06876135844416827,0.07539293657590057,0.0,-0.0008961558155038168,share,19,False,0.3974172534335259,12,5.174541062113531
enc2_attn,SpecDivW1 Q700,168,1.620045120843928,1.6191244578092325,-0.000920663034695679,-0.005177340028004074,0.0031229874852629434,-0.05682946868887696,-0.004912097176181461,-0.02762313286543144,0.01666235900595363,0.0,-0.0021348412282685123,share,17,False,-0.509026351110152,12,36.88246050326115
enc2_mlp,SpecDivW1 Q700,168,1.620045120843928,1.6211953053482413,0.0011501845043132564,-0.004474447177689891,0.005760265855321578,0.07099706603937625,0.006136683936259418,-0.023872924749030088,0.030733270019179592,0.0,0.0026670575524248823,share,16,False,-0.1057159480121459,12,14.837110587683789
downsample,SpecDivW1 Q700,168,1.620045120843928,1.7157237192182928,0.09567859837436464,0.06895005373773991,0.11849896390969707,5.905921825468843,0.510482722976998,0.36787548918444896,0.6322382935616125,0.4868263232363709,0.22186034279094854,share,2,True,-0.3350915597138553,12,24.095195286845136
dec0_attn,SpecDivW1 Q700,168,1.620045120843928,1.6259112260169353,0.0058661051730069524,-0.0015889230081382575,0.011664555895831116,0.36209517238329325,0.031297964151493864,-0.008477525356522625,0.062234965365218824,0.0076415644108666836,0.013602374268055549,share,15,False,-0.15474553975776875,12,16.393816452766345
dec0_mlp,SpecDivW1 Q700,168,1.620045120843928,1.6333454743387608,0.013300353494832587,0.007607380676549715,0.01731611053675258,0.8209866085645844,0.07096258498721825,0.0405883496254079,0.09238821856049001,0.04730618524659107,0.030840972126896956,share,11,True,-0.2817062053254871,12,21.412511952543515
dec1_attn,SpecDivW1 Q700,168,1.620045120843928,1.6135733785069102,-0.006471742337017583,-0.01134836755989859,-0.001841505142559432,-0.39947914127516815,-0.03452927516433422,-0.060547976995376146,-0.009825149777714084,0.010872875423707037,-0.015006730844106078,share,14,True,-0.14056286376652313,12,15.925253620271882
dec1_mlp,SpecDivW1 Q700,168,1.620045120843928,1.6084074618296313,-0.011637659014296586,-0.02000859586691454,-0.005410165399231224,-0.7183540053646281,-0.062091459988273257,-0.10675368028620195,-0.02886534723208766,0.03843506024764608,-0.026985502108774578,share,12,True,0.3939743020309161,12,5.216960144124464
dec2_attn,SpecDivW1 Q700,168,1.620045120843928,1.6335240423944757,0.013478921550547529,0.008531069992165746,0.017926104430238142,0.8320090210528194,0.07191531536649703,0.04551659319326904,0.09564277442811947,0.048258915625869855,0.03125503724412849,share,10,True,-0.33042861851607097,12,23.843825861867494
dec2_mlp,SpecDivW1 Q700,168,1.620045120843928,1.6480254127096223,0.02798029186569399,0.018125737659027176,0.03350703350264108,1.7271304055481032,0.14928579456612956,0.09670789574009953,0.17877312159594339,0.12562939482550237,0.06488093732753618,share,7,True,-0.4323251645375021,12,30.277723972820887
upsample,SpecDivW1 Q700,168,1.620045120843928,1.6209430374770948,0.0008979166331664993,-0.01047279413804849,0.006371571977701375,0.05542540893544673,0.004790736232482113,-0.05587645052920162,0.0339948271409085,0.0,0.0020820966801013384,share,18,False,-0.21866102731720044,12,18.716501850142947
decoder_io,SpecDivW1 Q700,168,1.620045120843928,1.6464483769571896,0.026403256113261647,-0.015718604903317515,0.06602133694428275,1.6297852308895837,0.14087169236551203,-0.08386490154307095,0.35224964025946043,0.11721529262488486,0.061224093492311636,share,8,False,0.34198131316663327,12,5.884004616553055
decoder_heads,SpecDivW1 Q700,168,1.620045120843928,1.6400441194833988,0.019998998639470744,-0.01100337927880315,0.04956542669296331,1.2344717058900614,0.10670247532624455,-0.05870732966022517,0.26445092647301977,0.08304607558561737,0.04637384711958221,share,9,False,0.12818937314943693,12,9.273024344310167
film,SpecDivW1 Q700,168,1.620045120843928,1.6271314987346714,0.007086377890743216,-0.00047681843119361467,0.012176707616784611,0.43741855085194903,0.03780859610376389,-0.0025440127181728606,0.0649674949960014,0.01415219636313671,0.01643195296230142,share,13,False,-0.1148372014899814,12,15.11365642613861
cond_embed,SpecDivW1 Q700,168,1.620045120843928,1.5695460185001133,-0.050499102343814696,-0.07899746976124014,-0.02665836649926278,-3.117141719948409,-0.26943245104300806,-0.421482381192739,-0.1422328059971731,0.2457760513023809,-0.11709774544142741,share,4,True,0.3205337221597782,12,6.174469608202946
encoder_io,|RQE| Q700,168,0.22584543904910484,0.22229710252334675,-0.0035483365257581076,-0.016633835745354493,0.006575292938699322,-1.5711349056673243,-0.0380463448797723,-0.1783530527184229,0.07050229340291718,0.029147875770263138,0.2913456931158718,share,5,False,0.5057114563289304,12,3.939308888911765
enc0_attn,|RQE| Q700,168,0.22584543904910484,0.22505391389131546,-0.0007915251577893893,-0.00425481057415406,0.0007607286485532895,-0.35047205784717683,-0.008486973801854166,-0.04562137478428189,0.008156764250706982,0.0,0.06499029729586592,share,15,False,-0.30129446660006143,12,22.34923419486134
enc0_mlp,|RQE| Q700,168,0.22584543904910484,0.2188015046219031,-0.007043934427201748,-0.011867620726116003,-0.003828215040266514,-3.11891816671587,-0.07552721016802691,-0.1272482437250439,-0.04104728754970413,0.06662874105851775,0.5783611399477914,share,3,True,-0.09688823152159515,12,14.574783806035503
enc1_attn,|RQE| Q700,168,0.22584543904910484,0.22726703186829886,0.001421592819193999,-0.0007397957223777969,0.0030913150636479253,0.629453853564387,0.015242751155376117,-0.007932315041102927,0.033146021576534644,0.006344282045866956,-0.11672369354767802,share,13,False,-0.4508634894205422,12,31.704979613675317
enc1_mlp,|RQE| Q700,168,0.22584543904910484,0.2229877964903911,-0.002857642558713754,-0.006947467972834905,-0.00010976023040711925,-1.2653089523284224,-0.030640513813359242,-0.07449286746531904,-0.0011768826180488406,0.021742044703850084,0.23463441133673021,share,7,True,0.3810443938960745,12,5.378152437441511
enc2_attn,|RQE| Q700,168,0.22584543904910484,0.22590787336230278,6.243431319793065e-05,-0.0010869058780372143,0.001288915332406758,0.027644708461150618,0.0006694397205610821,-0.01165413584294136,0.013820142734938793,0.0,-0.005126336840043156,share,19,False,0.5045336001070685,12,3.9517873168748547
enc2_mlp,|RQE| Q700,168,0.22584543904910484,0.22626494957755008,0.00041951052844524384,-0.0006745901113996903,0.0012595088531573613,0.18575116248153722,0.004498119648477596,-0.0072331606217403855,0.013504837508644512,0.0,-0.03444503777813807,share,17,False,-0.20098720385386284,12,18.03706588399927
downsample,|RQE| Q700,168,0.22584543904910484,0.21904486107329527,-0.006800577975809574,-0.01143428807457288,-0.004910470584097008,-3.0111646285364864,-0.07291786818167006,-0.12260191906316492,-0.05265156109301559,0.0640193990721609,0.5583797054106814,share,4,True,-0.478223428400629,12,33.996699174196756
dec0_attn,|RQE| Q700,168,0.22584543904910484,0.22534614522010088,-0.0004992938290039698,-0.002027905856569608,0.00046311276964843234,-0.2210776675881464,-0.00535358049517823,-0.021743824195556875,0.0049656361577785565,0.0,0.040995859784905796,share,16,False,-0.5361305129883993,12,39.738690886128055
dec0_mlp,|RQE| Q700,168,0.22584543904910484,0.22396085628618798,-0.0018845827629168828,-0.003065756211678187,-0.0005177152343094352,-0.8344568616712795,-0.02020707033617414,-0.03287197178173285,-0.005551100413126842,0.01130860122666498,0.15473872540286615,share,10,True,0.07158170794766124,12,10.39679888336823
dec1_attn,|RQE| Q700,168,0.22584543904910484,0.22751890122890472,0.0016734621797998746,-0.0010000744291270773,0.003485221415758133,0.7409767435843675,0.017943371146940054,-0.01072310260309397,0.03736960544856213,0.009044902037430894,-0.13740410334186806,share,12,False,-0.28966320804902085,12,21.786789973362747
dec1_mlp,|RQE| Q700,168,0.22584543904910484,0.22350884911914667,-0.0023365899299581847,-0.0033759207542364794,-0.0013650779922803242,-1.034596908308672,-0.025053628840573047,-0.03619765046806556,-0.014636781969542222,0.01615515973106389,0.19185198690414212,share,9,True,0.05070333160139104,12,10.8418424860434
dec2_attn,|RQE| Q700,168,0.22584543904910484,0.22872033466895422,0.002874895619849364,0.0014447780714059869,0.004111641373795767,1.2729482746934218,0.030825506389297895,0.015491350490692354,0.04408627101567047,0.021927037279788737,-0.23605102022329877,share,6,True,0.15760449927812198,12,8.732469522160905
dec2_mlp,|RQE| Q700,168,0.22584543904910484,0.22327145033826432,-0.0025739887108405433,-0.0031618161126971247,-0.0022052796402325238,-1.1397125050113983,-0.027599090869307192,-0.03390195529562813,-0.023645679923411662,0.018700621759798034,0.21134425091544712,share,8,True,-0.1367814548186729,12,15.802924455195267
upsample,|RQE| Q700,168,0.22584543904910484,0.22573912671456733,-0.0001063123345375061,-0.002637321533014377,0.0036352972189585345,-0.047073049154820856,-0.0011399132284735897,-0.02827816467675001,0.03897876391626169,0.0,0.00872905953754727,share,18,False,0.4620047200369381,12,4.415815674927253
decoder_io,|RQE| Q700,168,0.22584543904910484,0.2330334490785996,0.007188010029494762,-0.0004383048353095849,0.014724371861666436,3.182712061735237,0.07707203265422832,-0.004699637930508137,0.1578791994277619,0.06817356354471917,-0.5901908539296625,share,2,False,0.24702305517516868,12,7.245835031196544
decoder_heads,|RQE| Q700,168,0.22584543904910484,0.23900660003225008,0.013161160983145237,0.009152893504748742,0.017034119522819916,5.827507980041009,0.1411179763103118,0.09814011168376924,0.18264501728736235,0.13221950720080264,-1.080632443120592,share,1,True,0.36481993474543367,12,5.584737289521259
film,|RQE| Q700,168,0.22584543904910484,0.22671750281006098,0.0008720637609561285,-4.249092501898606e-05,0.002247614568720261,0.3861329963659432,0.00935053323314633,-0.00045560063872112424,0.024099607919815788,0.0004520641236371688,-0.07160313545026971,share,14,False,0.03979778331259589,12,11.081411006225279
cond_embed,|RQE| Q700,168,0.22584543904910484,0.22754228052993616,0.0016968414808313053,-0.0021475584944710135,0.004202312075843413,0.751328646695569,0.018194051132796183,-0.02302677621950527,0.045058469896907864,0.009295582023287024,-0.13932372359606915,share,11,False,-0.2621677789875337,12,20.52772014627767
encoder_io,Vag/Vg 850hPa,168,0.35530707736810047,0.3555488760272662,0.00024179865916570029,-0.0005518669262528419,0.0008596772948900856,0.06805343168416408,0.03294503494218202,-0.07519179482453275,0.11713091634534564,0.02720529458718085,0.010268690510979969,share,8,False,-0.24568559508198204,12,19.81697160166048
enc0_attn,Vag/Vg 850hPa,168,0.35530707736810047,0.3551769529779752,-0.00013012439012527466,-0.00031669711073239646,0.0001224184408783907,-0.03662307857449879,-0.01772943073505435,-0.043149938941625526,0.016679496181747758,0.011989690380053188,-0.005526114556370574,share,14,False,0.1119953968689206,12,9.582823155183496
enc0_mlp,Vag/Vg 850hPa,168,0.35530707736810047,0.35502417633930844,-0.0002829010287920634,-0.00040448438376188277,-0.00011531872053941098,-0.07962155746731048,-0.03854522730147488,-0.05511094313997121,-0.015712160235988357,0.03280548694647372,-0.012014223403582948,share,4,True,-0.5072045831170007,12,36.701751635198626
enc1_attn,Vag/Vg 850hPa,168,0.35530707736810047,0.35514065871636075,-0.00016641865173975626,-0.00041024231662352883,0.00016820430755615234,-0.0468379782841605,-0.022674519021380988,-0.05589546072156654,0.022917814387322474,0.016934778666379824,-0.007067457015131898,share,12,False,0.19159845470464937,12,8.141013027705428
enc1_mlp,Vag/Vg 850hPa,168,0.35530707736810047,0.3552604168653488,-4.6660502751668297e-05,-0.0002676401287317276,0.00018830175201098122,-0.01313244394040812,-0.006357487253558568,-0.03646593171120293,0.025656088503884747,0.0006177468985574052,-0.0019815753465996823,share,18,False,-0.02000315566557336,12,12.489874777402786
enc2_attn,Vag/Vg 850hPa,168,0.35530707736810047,0.3552350004514058,-7.207691669464111e-05,-0.00020754399398962656,8.621954669555026e-05,-0.02028580945489272,-0.009820470250839725,-0.028277841397551403,0.011747401695215562,0.004080729895838562,-0.0030609580428473484,share,15,False,-0.267594862221232,12,20.768748827714393
enc2_mlp,Vag/Vg 850hPa,168,0.35530707736810047,0.35509156932433444,-0.00021550804376602173,-0.0003336618964870771,-0.00010153719534476608,-0.06065402506540954,-0.029362942113452452,-0.04546138872965589,-0.013834429273125583,0.02362320175845129,-0.009152182281306548,share,9,True,-0.19923998947427762,12,17.971526655337467
downsample,Vag/Vg 850hPa,168,0.35530707736810047,0.3553658997019132,5.882233381271362e-05,-0.0007724159707625707,0.0006663956368962923,0.016555351007481706,0.008014535107543894,-0.10524157261448575,0.09079631631795367,0.002274794752542731,0.002498063236332418,share,16,False,-0.024738071982670775,12,12.608773613044752
dec0_attn,Vag/Vg 850hPa,168,0.35530707736810047,0.35512934625148773,-0.0001777311166127523,-0.00024148343751827876,-8.568329115708672e-05,-0.05002183405106274,-0.024215840845947696,-0.03290208603491898,-0.011674336949887454,0.018476100490946532,-0.00754787407409302,share,11,True,-0.1784480115888684,12,17.213002145385364
dec0_mlp,Vag/Vg 850hPa,168,0.35530707736810047,0.35509781291087467,-0.00020926445722579956,-0.0002869398022691409,-9.548751016457885e-05,-0.058896788315027065,-0.028512254283164704,-0.03909550964706346,-0.013010160477185373,0.022772513928163544,-0.008887030034055558,share,10,True,-0.3071273075191767,12,22.63839787662616
dec1_attn,Vag/Vg 850hPa,168,0.35530707736810047,0.35505050669113797,-0.0002565706769625346,-0.0003676110257705053,-9.498354047536875e-05,-0.07221096716199821,-0.03495772038949766,-0.050086953049815086,-0.012941494674495999,0.029217980034496504,-0.0108960276496629,share,6,True,-0.18771551379477228,12,17.546298627616878
dec1_mlp,Vag/Vg 850hPa,168,0.35530707736810047,0.35516316443681717,-0.00014391293128331503,-0.00027331728488206864,2.084753165642416e-05,-0.040503817810029236,-0.019608117621990544,-0.037239443476696374,0.002840473397366825,0.013868377266989381,-0.006111685469949531,share,13,False,-0.3746037298653812,12,26.375668589826923
dec2_attn,Vag/Vg 850hPa,168,0.35530707736810047,0.35506365696589154,-0.00024342040220896402,-0.0003738554815451304,-0.00012632496654987373,-0.06850986589180122,-0.03316599721472692,-0.050937759313173875,-0.017211759781527863,0.02742625685972576,-0.010337562594295361,share,7,True,-0.12568831924052998,12,15.450165116348924
dec2_mlp,Vag/Vg 850hPa,168,0.35530707736810047,0.3552579830090205,-4.909435907999674e-05,-0.0001759454607963562,5.321111530065517e-05,-0.013817444742068748,-0.00668909985247742,-0.023972545480006213,0.007250007336439498,0.0009493594974762568,-0.0020849362067054777,share,17,False,0.0024511702104141773,12,11.941315760010943
upsample,Vag/Vg 850hPa,168,0.35530707736810047,0.3570198317368825,0.0017127543687820435,0.0011533119405309359,0.002084088511765003,0.482049043736784,0.2333625534632559,0.15713859750557804,0.283956780734861,0.22762281310825475,0.07273714666175668,share,3,True,0.18283378077266527,12,8.29025581626729
decoder_io,Vag/Vg 850hPa,168,0.35530707736810047,0.3555784225463867,0.00027134517828623456,-4.1718098024527226e-05,0.0006428638473153114,0.07636920162024219,0.03697074421701629,-0.005684085271116286,0.08759011313770268,0.031231003862015126,0.011523470258611246,share,5,False,-0.1926306650510744,12,17.72617234901329
decoder_heads,Vag/Vg 850hPa,168,0.35530707736810047,0.37398051222165424,0.018673434853553772,0.017249004977444807,0.019654572630922,5.255576385327099,2.544252999018101,2.350174619084079,2.6779328898414008,2.5385132586631,0.7930222770866825,share,1,True,0.0954644057516565,12,9.908516492174222
film,Vag/Vg 850hPa,168,0.35530707736810047,0.35530925293763477,2.175569534301758e-06,-0.0001467242216070493,0.00015923213213682165,0.0006123068390354222,0.0002964210578090965,-0.01999115555225704,0.021695356687527395,0.0,9.239195250273161e-05,share,19,False,-0.234418553202037,12,19.34872207311158
cond_embed,Vag/Vg 850hPa,168,0.35530707736810047,0.3578676755229632,0.002560598154862722,0.002191914183398088,0.002821906407674153,0.7206718689169047,0.34888115581745,0.29864801406044317,0.3844843702821492,0.3431414154624488,0.10874332416067226,share,2,True,-0.19204826880054335,12,17.704744817330173
encoder_io,|Vag| 850hPa,168,3.8105135560035706,3.816637476285299,0.0061239202817281084,-0.0026518255472183228,0.015888651212056477,0.16071115327958094,0.045567997180573167,-0.01973219334999525,0.11822721072877691,0.03527363655260382,0.020170217271535857,share,5,False,0.2234220209243165,12,7.6171064354944225
enc0_attn,|Vag| 850hPa,168,3.8105135560035706,3.810123840967814,-0.000389715035756429,-0.004956002036730449,0.005457870165506996,-0.010227362533389288,-0.0028998636222554892,-0.036877535377210946,0.040611928449789586,0.0,-0.001283595570086903,share,19,False,0.08833149820942911,12,10.052104565094234
enc0_mlp,|Vag| 850hPa,168,3.8105135560035706,3.808755874633789,-0.0017576813697814941,-0.003562532365322113,0.0011973614494005832,-0.04612715173292634,-0.01307888019730188,-0.026508748858645938,0.008909548237132851,0.0027845195693325356,-0.005789235243378947,share,17,False,-0.1548033346376783,12,16.395758033086416
enc1_attn,|Vag| 850hPa,168,3.8105135560035706,3.809769570827484,-0.0007439851760864258,-0.003842322031656901,0.003739166259765625,-0.019524538232235294,-0.005535982319601277,-0.028590659487812285,0.027823078966438312,0.0,-0.002450447092402456,share,18,False,0.031163383608313177,12,11.274682151743654
enc1_mlp,|Vag| 850hPa,168,3.8105135560035706,3.8047093947728476,-0.0058041612307230634,-0.011242058873176575,-0.0004873976111412129,-0.15231965837199152,-0.043188674971214015,-0.08365198818234584,-0.0036267181721107455,0.03289431434324467,-0.019117034141024586,share,6,True,0.2338030544377767,12,7.45205104953837
enc2_attn,|Vag| 850hPa,168,3.8105135560035706,3.8083995381991067,-0.0021140178044637046,-0.003417434295018514,-0.0007759397228558878,-0.05547855357010895,-0.015730374159328504,-0.02542907633609063,-0.005773755613522478,0.00543601353135916,-0.006962892472515252,share,16,True,-0.4522187927166354,12,31.813113120518054
enc2_mlp,|Vag| 850hPa,168,3.8105135560035706,3.8078546722730002,-0.002658883730570475,-0.0033583243687947593,-0.0016765177249908453,-0.06977756912533034,-0.019784713184397812,-0.02498924027886033,-0.01247494275742037,0.009490352556428468,-0.008757505009556455,share,11,True,-0.2922877661929594,12,21.912088633674312
downsample,|Vag| 850hPa,168,3.8105135560035706,3.8131202260653176,0.002606670061747233,-0.008864877124627432,0.012528582413991284,0.06840731632197847,0.0193961920730398,-0.06596341513889832,0.0932249901783879,0.009101831445070456,0.008585530033355162,share,12,False,0.17308210975748206,12,8.458925935680373
dec0_attn,|Vag| 850hPa,168,3.8105135560035706,3.807165185610453,-0.003348370393117269,-0.004378515978654226,-0.0016562978426615407,-0.08787189295893773,-0.024915172898042078,-0.03258047044892422,-0.0123244869221734,0.014620812270072737,-0.011028451584561595,share,9,True,-0.20020579793717108,12,18.00771940844183
dec0_mlp,|Vag| 850hPa,168,3.8105135560035706,3.8080238898595176,-0.002489666144053141,-0.003462898731231689,-0.001221459110577903,-0.06533676123866827,-0.01852556771048754,-0.025767376510794027,-0.009088858565496016,0.008231207082518196,-0.008200156884630116,share,13,True,-0.5729737804766353,12,44.202637924172805
dec1_attn,|Vag| 850hPa,168,3.8105135560035706,3.804911990960439,-0.005601565043131511,-0.00798649291197459,-0.0032310570279757206,-0.14700288978912276,-0.04168115983707488,-0.05942737164319009,-0.0240422459417648,0.03138679920910553,-0.01844974767514765,share,7,True,-0.16699191333386854,12,16.811244913663327
dec1_mlp,|Vag| 850hPa,168,3.8105135560035706,3.807501196861267,-0.003012359142303467,-0.006261243422826131,0.0005943924188613876,-0.07905388861712383,-0.02241491831840482,-0.04658981657378975,0.004422864900388054,0.012120557690435475,-0.009921738952325567,share,10,False,0.01995753725009394,12,11.530391338355482
dec2_attn,|Vag| 850hPa,168,3.8105135560035706,3.8068620363871255,-0.0036515196164449057,-0.005383149286111196,-0.001975224415461225,-0.0958274931391291,-0.02717090163362068,-0.04005593152870018,-0.014697614673935194,0.01687654100565134,-0.012026927302552214,share,8,True,-0.2575650853526137,12,20.326065930504647
dec2_mlp,|Vag| 850hPa,168,3.8105135560035706,3.8082590301831565,-0.002254525820414225,-0.0032310858368873596,-0.0011665821075439453,-0.059165930976998016,-0.016775892157625254,-0.02404246030843581,-0.008680519624998894,0.006481531529655911,-0.007425680536326343,share,14,True,-0.03766313473850942,12,12.939291911547638
upsample,|Vag| 850hPa,168,3.8105135560035706,3.835133155186971,0.02461959918340047,0.017572990059852602,0.02921674648920695,0.6460966172029909,0.18319406108589234,0.1307603503414051,0.2174013638972469,0.172899700457923,0.08108901517692253,share,3,True,0.4248789183362538,12,4.843536451520645
decoder_io,|Vag| 850hPa,168,3.8105135560035706,3.8235824704170227,0.013068914413452148,0.005606108903884888,0.02055460214614868,0.34296989687549356,0.09724559232460953,0.041714970635464366,0.15294648028618657,0.08695123169664018,0.043044786851479125,share,4,True,0.19242209468645852,12,8.127101055025888
decoder_heads,|Vag| 850hPa,168,3.8105135560035706,4.019961456457774,0.20944790045420328,0.1928717975815137,0.22268824726343153,5.4965793291618725,1.5584986247862864,1.4351560967619894,1.6570198429466358,1.548204264158317,0.6898537970576181,share,1,True,0.2678356268097917,12,6.929898712808947
film,|Vag| 850hPa,168,3.8105135560035706,3.8083444833755493,-0.0021690726280212402,-0.003437192738056183,-0.00016841689745585378,-0.05692336731367366,-0.016140036259622664,-0.02557609860862402,-0.0012531875588464685,0.005845675631653319,-0.0071442252955950785,share,15,True,-0.3971817297609988,12,27.812993707846054
cond_embed,|Vag| 850hPa,168,3.8105135560035706,3.8418540159861245,0.031340459982554116,0.026584669947624207,0.03445355047782262,0.8224733890049111,0.23320388352930854,0.1978161225962204,0.25636834230492694,0.2229095229013392,0.10322536188528025,share,2,True,-0.08657307017373327,12,14.274679688461546
encoder_io,Vag/Vg 500hPa,168,0.2399135728677114,0.2402425023416678,0.00032892947395642597,-0.0002398977056145668,0.0008192072932918866,0.13710332017680302,0.06668360896356959,-0.04863426983310865,0.1660772388345384,0.055787019534539635,0.005634150354332636,share,9,False,-0.45236616667608426,12,31.824903684875924
enc0_attn,Vag/Vg 500hPa,168,0.2399135728677114,0.23971674839655557,-0.0001968244711558024,-0.00045055293788512547,4.7794574250777535e-05,-0.08203973989597146,-0.039902067489256385,-0.09134023645232603,0.009689355780690379,0.029005478060226422,-0.0033713569372950188,share,16,False,-0.05045653955751308,12,13.275304396089474
enc0_mlp,Vag/Vg 500hPa,168,0.2399135728677114,0.23977514232198396,-0.0001384305457274119,-0.0002648318807284037,8.913998802502486e-07,-0.05770017263831199,-0.0280639137285798,-0.053689155195374885,0.00018071278420204667,0.017167324299549837,-0.0023711420532775917,share,18,False,-0.41224089655785456,12,28.833055344352278
enc1_attn,Vag/Vg 500hPa,168,0.2399135728677114,0.23959549764792124,-0.0003180752197901408,-0.0005397428448001544,-5.1869545131921924e-05,-0.13257908503806404,-0.06448313470472698,-0.10942163488914364,-0.0105154713656141,0.05358654527569703,-0.005448230560580455,share,10,True,0.0029897887145964325,12,11.928458963433442
enc1_mlp,Vag/Vg 500hPa,168,0.2399135728677114,0.23958106090625128,-0.0003325119614601135,-0.0006170454745491346,-2.522676562269554e-05,-0.1385965610388625,-0.06740988378758984,-0.1250931351412599,-0.00511420200192305,0.05651329435855988,-0.005695513883102233,share,8,True,-0.19373809703108688,12,17.767002399126582
enc2_attn,Vag/Vg 500hPa,168,0.2399135728677114,0.2396910140911738,-0.0002225587765375773,-0.0003214552067220211,-0.00011530254657069889,-0.09276622988741719,-0.04511916262027736,-0.06516835674991635,-0.023375192972347646,0.0342225731912474,-0.0038121533914444532,share,15,True,-0.1012200153590079,12,14.702864338469375
enc2_mlp,Vag/Vg 500hPa,168,0.2399135728677114,0.23964993904034296,-0.0002636338273684184,-0.000373547151684761,-0.0001833735965192318,-0.10988699981296447,-0.05344627479668694,-0.0757289150552122,-0.037175182440937815,0.042549685367656985,-0.004515717621822518,share,13,True,-0.6823929955304904,12,63.56508408901923
downsample,Vag/Vg 500hPa,168,0.2399135728677114,0.23986678073803583,-4.679212967554728e-05,-0.00036159098769227667,0.00021646311506628884,-0.0195037442509968,-0.009486130994360768,-0.07330505149932802,0.04388339404947564,0.0,-0.0008014906381615031,share,19,False,0.011491543729877728,12,11.727336277572759
dec0_attn,Vag/Vg 500hPa,168,0.2399135728677114,0.23963244135181108,-0.000281131515900294,-0.00043615164856115977,-0.0001838770074148973,-0.11718032979122453,-0.056993567186728274,-0.08842067459519135,-0.0372772385288608,0.04609697775769832,-0.004815431134436862,share,12,True,-0.24295911944296947,12,19.702383076513392
dec0_mlp,Vag/Vg 500hPa,168,0.2399135728677114,0.2395653910934925,-0.00034818177421887714,-0.0005111202597618103,-0.00021048511068026224,-0.14512800174538892,-0.07058661238527145,-0.10361900113527,-0.04267147800539042,0.05969002295624149,-0.0059639181706389885,share,7,True,-0.08456670476151328,12,14.217093178534185
dec1_attn,Vag/Vg 500hPa,168,0.2399135728677114,0.23947511613368988,-0.0004384567340215047,-0.0005134817523260912,-0.0003696540370583535,-0.1827561187058267,-0.08888798272546128,-0.10409774463256981,-0.07493966704324444,0.07799139329643133,-0.007510215286070842,share,5,True,-0.0074827973317667254,12,12.180941081403535
dec1_mlp,Vag/Vg 500hPa,168,0.2399135728677114,0.23966286579767862,-0.00025070707003275555,-0.00038441413392623265,-0.00010503350446621577,-0.10449891060185898,-0.050825643629251675,-0.07793196966654918,-0.021293358286361138,0.03992905420022172,-0.00429429844175614,share,14,True,-0.32481230476152834,12,23.545671476615645
dec2_attn,Vag/Vg 500hPa,168,0.2399135728677114,0.23954840625325838,-0.00036516661445299786,-0.0005074720829725266,-0.00026138067866365134,-0.15220756795379442,-0.07402993545041839,-0.10287940917496184,-0.05298949576330253,0.06313334602138843,-0.006254847233554254,share,6,True,-0.1898014332026475,12,17.622367878124006
dec2_mlp,Vag/Vg 500hPa,168,0.2399135728677114,0.23962276925643286,-0.00029080361127853394,-0.00038740020245313643,-0.00021827841798464456,-0.12121182132487492,-0.05895438334072955,-0.07853733294880966,-0.04425140895705457,0.04805779391169959,-0.004981102027187777,share,11,True,-0.3158650987953841,12,23.08080052302713
upsample,Vag/Vg 500hPa,168,0.2399135728677114,0.24234857286016145,0.0024349999924500785,0.0022168722935020924,0.002568141650408506,1.0149488265062603,0.4936455993735182,0.44942474556612233,0.5206373011181823,0.4827490099444882,0.041708503361665865,share,4,True,-0.17416356358902998,12,17.06144478718134
decoder_io,Vag/Vg 500hPa,168,0.2399135728677114,0.24269383400678635,0.002780261139074961,0.0023966668484111625,0.003036104887723923,1.1588594616979007,0.5636401152644757,0.48587435176627614,0.6155071136379362,0.5527435258354457,0.04762239483571348,share,3,True,0.2875071467978945,12,6.640673226311328
decoder_heads,Vag/Vg 500hPa,168,0.2399135728677114,0.2885274787743886,0.048613905906677246,0.0467216024796168,0.0504041850566864,20.263091131356294,9.855458231456854,9.47183307238328,10.218400090509162,9.844561642027823,0.8326953857162795,share,1,True,-0.16810549539850844,12,16.849811925968776
film,Vag/Vg 500hPa,168,0.2399135728677114,0.23975039149324098,-0.00016318137447039285,-0.0002783484756946564,-3.8904789835214693e-05,-0.06801673307594448,-0.03308162942784201,-0.05642936367352406,-0.007887136901951778,0.022185039998812054,-0.0027950927830646274,share,17,True,-0.18868072620573542,12,17.581449344547377
cond_embed,Vag/Vg 500hPa,168,0.2399135728677114,0.24290008718768755,0.002986514319976171,0.0026009469913939637,0.0032608181859056155,1.2448292459147106,0.6054536575332072,0.527287901637127,0.661063060706538,0.5945570681041772,0.051155253774376803,share,2,True,-0.22787617456120482,12,19.083097308078642
encoder_io,|Vag| 500hPa,168,4.062072694301605,4.071440736452739,0.009368042151133219,-0.0011009375254313152,0.018063263098398837,0.230622218166479,0.10333828053860245,-0.012144372220265232,0.19925471292623562,0.08903596567495355,0.008471261340808167,share,6,False,-0.5281240139688413,12,38.860820873421694
enc0_attn,|Vag| 500hPa,168,4.062072694301605,4.057098766167958,-0.004973928133646647,-0.011716205875078836,0.002504373093446095,-0.12244803350329549,-0.05486708669339709,-0.12924072608068493,0.027625581218435738,0.0405647718297482,-0.004497785602450773,share,14,False,0.007405168134642962,12,11.823582367002828
enc0_mlp,|Vag| 500hPa,168,4.062072694301605,4.061113635698955,-0.0009590586026509603,-0.004125777383645376,0.002834569911162056,-0.02361007975057551,-0.010579314795431007,-0.04551118940678473,0.03126796143317016,0.0,-0.0008672501610407247,share,19,False,-0.24037291720247608,12,19.594450149952223
enc1_attn,|Vag| 500hPa,168,4.062072694301605,4.0570336778958636,-0.005039016405741374,-0.009480189283688862,3.4421682357776756e-05,-0.12405037489383818,-0.05558507130672252,-0.10457536846569221,0.0003797034012777483,0.04128275644307364,-0.004556643126172457,share,13,False,-0.05053688068996444,12,13.277443127480861
enc1_mlp,|Vag| 500hPa,168,4.062072694301605,4.0532034039497375,-0.008869290351867676,-0.015889063974221546,-0.0010345101356506398,-0.2183439593365667,-0.09783658098173177,-0.17527125988275863,-0.011411615884431266,0.08353426611808287,-0.008020253887210659,share,7,True,-0.055663503391011115,12,13.41466954436414
enc2_attn,|Vag| 500hPa,168,4.062072694301605,4.05776447057724,-0.004308223724365234,-0.006155802806218465,-0.0025361537933349617,-0.10605973965972931,-0.04752374345344533,-0.06790427146534236,-0.02797615210911342,0.03322142858979644,-0.00389580752253052,share,16,True,-0.4099943898608236,12,28.677579310370692
enc2_mlp,|Vag| 500hPa,168,4.062072694301605,4.057714601357778,-0.0043580929438273115,-0.00673788587252299,-0.0023458401362101236,-0.10728741880816096,-0.04807384765962569,-0.0743251929590902,-0.02587681419271486,0.0337715327959768,-0.003940902878007147,share,15,True,-0.6026568701780152,12,48.401195336515144
downsample,|Vag| 500hPa,168,4.062072694301605,4.0632251898447675,0.001152495543162028,-0.008011998732884724,0.007836235562960304,0.028372105323934322,0.012713105453348106,-0.08837985134744672,0.08644101893519004,0.0,0.0010421698347142035,share,18,False,0.09475726040227342,12,9.922668036182827
dec0_attn,|Vag| 500hPa,168,4.062072694301605,4.05617235104243,-0.005900343259175618,-0.008963666359583537,-0.004000306129455566,-0.14525449698260676,-0.06508631335705346,-0.09887763675455141,-0.044127123936559626,0.05078399849340458,-0.005335517170245243,share,11,True,0.03948353262389558,12,11.08838884577467
dec0_mlp,|Vag| 500hPa,168,4.062072694301605,4.055342296759288,-0.006730397542317708,-0.00968901018301646,-0.004026388128598536,-0.16568875174881303,-0.07424258966215418,-0.10687885860044016,-0.044414832819692454,0.05994027479850529,-0.006086112294190457,share,9,True,-0.18375632937989847,12,17.402984505554777
dec1_attn,|Vag| 500hPa,168,4.062072694301605,4.0520895918210345,-0.009983102480570475,-0.012000392377376556,-0.008215127388636272,-0.24576375736886896,-0.11012297213650092,-0.1323755694157113,-0.09062055070328208,0.09582065727285202,-0.009027443380445583,share,5,True,-0.21863170989869657,12,18.71534934811397
dec1_mlp,|Vag| 500hPa,168,4.062072694301605,4.057834208011627,-0.004238486289978027,-0.00781694899002711,0.00019599994023640951,-0.1043429453127193,-0.04675447422488237,-0.08622826996883771,0.0021620629458044558,0.032452159361233475,-0.003832745889971573,share,17,False,-0.05524254915858337,12,13.40334556623523
dec2_attn,|Vag| 500hPa,168,4.062072694301605,4.055197477340698,-0.006875216960906982,-0.009921030203501383,-0.005021980901559195,-0.16925391243125065,-0.07584008351030103,-0.10943825677357318,-0.05539715373740613,0.061537768646652134,-0.006217068487843496,share,8,True,-0.20063641782655128,12,18.023884669282314
dec2_mlp,|Vag| 500hPa,168,4.062072694301605,4.0556521614392596,-0.006420532862345378,-0.007990246017773947,-0.00485841433207194,-0.15806051111178512,-0.07082449197307499,-0.08813989852269113,-0.053592861253264595,0.0565221771094261,-0.005805910236814577,share,10,True,-0.059934866131852935,12,13.530145875366786
upsample,|Vag| 500hPa,168,4.062072694301605,4.108031789461772,0.04595909516016642,0.0401146650314331,0.04990565528472264,1.1314198100058421,0.5069718722803882,0.4425023331293238,0.550506127435775,0.49266955741673935,0.041559538247994056,share,4,True,0.020353761777223513,12,11.521253999394753
decoder_io,|Vag| 500hPa,168,4.062072694301605,4.119439442952474,0.057366748650868736,0.04607688536246617,0.06476354549328485,1.4122531271127792,0.6328089765217224,0.5082712085529602,0.714402574720486,0.6185066616580736,0.05187516369524207,share,2,True,0.07952977226087708,12,10.23190190460093
decoder_heads,|Vag| 500hPa,168,4.062072694301605,4.962008158365886,0.8999354640642802,0.8501506552100181,0.9499402413765589,22.154587861678003,9.927131192600617,9.377958114496982,10.478730728853932,9.912828877736969,0.8137867425188512,share,1,True,0.2193404178080571,12,7.682772464102776
film,|Vag| 500hPa,168,4.062072694301605,4.056630730628967,-0.0054419636726379395,-0.008086743454138437,-0.0026615262031555176,-0.13397012023620566,-0.06002995712566425,-0.08920435564077567,-0.029359127233352163,0.04572764226201536,-0.004921017191679012,share,12,True,-0.2896299656993883,12,21.785208892755424
cond_embed,|Vag| 500hPa,168,4.062072694301605,4.117769539356232,0.055696845054626465,0.04818435062964757,0.06152512828509012,1.3711434837874672,0.6143883755554863,0.5315185246401329,0.6786797992928602,0.6000860606918375,0.05036511607275006,share,3,True,-0.031661001355831164,12,12.784708695615771
encoder_io,Vag/Vg 250hPa,168,0.27645789086818695,0.277713010708491,0.0012551198403040569,0.0005364971856276194,0.002069788239896296,0.45400036742032757,0.1896124997270935,0.08104929043170875,0.31268545796981706,0.1628862536191114,0.02897704977527367,share,5,True,-0.5044675481626386,12,36.43275129814714
enc0_attn,Vag/Vg 250hPa,168,0.27645789086818695,0.2763383264342944,-0.00011956443389256795,-0.00031746750076611834,6.261480351289105e-05,-0.04324869639896637,-0.018062746250057306,-0.04796020624436471,0.009459295465462408,0.0,-0.0027603934230041676,share,18,False,-0.21499741735090333,12,18.573147822022158
enc0_mlp,Vag/Vg 250hPa,168,0.27645789086818695,0.2765366956591606,7.880479097366333e-05,-0.00016611584772666295,0.0003632418190439541,0.028505169711808612,0.01190513680619339,-0.025095325657594078,0.054875388869365216,0.0,0.0018193723636945193,share,19,False,-0.08712562896471894,12,14.29058363505359
enc1_attn,Vag/Vg 250hPa,168,0.27645789086818695,0.27609682083129883,-0.00036107003688812256,-0.0005597115183869998,-0.00020610534896453229,-0.13060579886297333,-0.05454729506492806,-0.08455630826590722,-0.031136588849414244,0.027821048956945958,-0.008336052140433373,share,9,True,-0.4313250649540399,12,30.20337229749774
enc1_mlp,Vag/Vg 250hPa,168,0.27645789086818695,0.27588483194510144,-0.0005730589230855306,-0.0008886494984229405,-0.00011519292990366652,-0.2072861517122551,-0.08657271712862147,-0.13424937393737807,-0.017402337759739952,0.059846471020639364,-0.013230256111951347,share,6,True,0.05100901139548634,12,10.835199070399778
enc2_attn,Vag/Vg 250hPa,168,0.27645789086818695,0.27619706094264984,-0.0002608299255371094,-0.00031735363105932874,-0.0001673749337593715,-0.09434707206873365,-0.03940389801562052,-0.04794300380755012,-0.025285537334891365,0.012677651907638417,-0.006021800861134323,share,14,True,-0.29511835594656527,12,22.048269241326196
enc2_mlp,Vag/Vg 250hPa,168,0.27645789086818695,0.27626700947682065,-0.00019088139136632284,-0.0003437575573722522,-2.4112562338511394e-05,-0.06904537641044714,-0.028836686829511134,-0.0519318774672881,-0.003642714482724553,0.002110440721529035,-0.004406893589902526,share,15,True,-0.10623139223295992,12,14.852587785512798
downsample,Vag/Vg 250hPa,168,0.27645789086818695,0.2763301531473796,-0.0001277377208073934,-0.0006162400046984354,0.0002130164454380669,-0.04620512744499588,-0.019297494768199894,-0.09309613629755041,0.0321806567034325,0.0,-0.002949090736322962,share,17,False,-0.2472520068033436,12,19.883180316536517
dec0_attn,Vag/Vg 250hPa,168,0.27645789086818695,0.276152382294337,-0.0003055085738499959,-0.000494915929933389,-0.0001656353473663331,-0.11050817644979434,-0.04615355642989737,-0.0747675589342093,-0.025022735876510036,0.019427310321915275,-0.007053300304040767,share,10,True,-0.10842060229227732,12,14.918522412815639
dec0_mlp,Vag/Vg 250hPa,168,0.27645789086818695,0.27618884046872455,-0.000269050399462382,-0.0004751309131582578,-9.918119758367538e-05,-0.09732057154073538,-0.0406457751335336,-0.07177861208833179,-0.014983425642615641,0.013919529025551505,-0.006211587584648516,share,13,True,-0.19545243901435538,12,17.830430373311675
dec1_attn,Vag/Vg 250hPa,168,0.27645789086818695,0.27617322156826657,-0.00028466929992039997,-0.00047204891840616864,-9.227239837249122e-05,-0.10297022053753863,-0.04300534165756846,-0.07131301134621632,-0.013939704838849324,0.016279095549586363,-0.006572182359325482,share,12,True,-0.24341708245112587,12,19.72157267012262
dec1_mlp,Vag/Vg 250hPa,168,0.27645789086818695,0.2761611193418503,-0.0002967715263366699,-0.000504348985850811,-0.00010536033660173418,-0.10734782263030733,-0.04483363990397042,-0.07619262230675111,-0.015916915782562366,0.01810739379598832,-0.006851587405755894,share,11,True,0.2119714417991377,12,7.802446800539022
dec2_attn,Vag/Vg 250hPa,168,0.27645789086818695,0.2760341415802638,-0.00042374928792317707,-0.0005358321592211722,-0.00031826328486204156,-0.1532780585833296,-0.06401632669691913,-0.08094882407362741,-0.04808042632759956,0.037290080588937034,-0.009783132904195066,share,8,True,-0.45006190295621434,12,31.641275498120535
dec2_mlp,Vag/Vg 250hPa,168,0.27645789086818695,0.2759506528576215,-0.0005072380105654398,-0.0005890348926186562,-0.00042260438203811646,-0.18347749415743286,-0.07662907082769985,-0.08898622651749862,-0.06384336435511916,0.04990282471971775,-0.011710643564127581,share,7,True,-0.28190085043662905,12,21.42156861568883
upsample,Vag/Vg 250hPa,168,0.27645789086818695,0.2802606026331584,0.003802711764971415,0.00329624613126119,0.004106019934018453,1.3755121089253044,0.574480348683822,0.4979679617786814,0.6203014872507372,0.5477541025758399,0.08779350350154712,share,2,True,0.1280552408206837,12,9.275553830625796
decoder_io,Vag/Vg 250hPa,168,0.27645789086818695,0.27847687900066376,0.0020189881324768066,0.0015616462255517642,0.0026256830741961798,0.7303058437349669,0.3050110231908395,0.23591981817809318,0.39666517507112975,0.2782847770828574,0.04661253669314509,share,3,True,-0.006095294296152804,12,12.147184194086364
decoder_heads,Vag/Vg 250hPa,168,0.27645789086818695,0.31246088941891986,0.03600299855073293,0.03392648392667373,0.0383431755627195,13.022959278778153,5.439017322219705,5.1253157011120765,5.792550744923915,5.412291076111723,0.8312040392979213,share,1,True,0.2745051902745071,12,6.830837397241829
film,Vag/Vg 250hPa,168,0.27645789086818695,0.2762879853447278,-0.0001699055234591166,-0.0002806548650066058,-3.675241023302082e-05,-0.06145801189669289,-0.025667836636793936,-0.042398876032093344,-0.0055522318678274535,0.0,-0.003922622089358455,share,16,True,-0.35185728505454633,12,25.028881828934527
cond_embed,Vag/Vg 250hPa,168,0.27645789086818695,0.27813514322042465,0.0016772523522377014,0.0011295789852738382,0.002011203207075596,0.6066936078295565,0.25338457808450765,0.170646888176893,0.30383494492475543,0.22665833197652555,0.038722856045931654,share,4,True,-0.06628694466628231,12,13.703828240274715
encoder_io,|Vag| 250hPa,168,7.526920994122823,7.544643521308899,0.017722527186075848,-0.0009184728066126505,0.041133325298627184,0.23545520405905637,0.049267531639990265,-0.0025532977089075606,0.11434810534246648,0.03754003378895021,0.013434660947502928,share,5,False,-0.5453615919777988,12,40.78920473174808
enc0_attn,|Vag| 250hPa,168,7.526920994122823,7.522437930107117,-0.00448306401570638,-0.011324202020963032,0.0035424262285232403,-0.059560396863562806,-0.012462641242917523,-0.03148058262276378,0.009847726256175325,0.000735143391877468,-0.0033984117741563493,share,18,False,-0.2066691743238415,12,18.252196464879226
enc0_mlp,|Vag| 250hPa,168,7.526920994122823,7.531656265258789,0.004735271135965983,-0.002183901270230611,0.013514121373494467,0.06291113112072495,0.013163761469551078,-0.006071110728171806,0.03756842324826088,0.0014362636185110233,0.003589598793572857,share,17,False,-0.013528802664463069,12,12.329144190751952
enc1_attn,|Vag| 250hPa,168,7.526920994122823,7.5174669822057085,-0.009454011917114258,-0.016481200853983562,-0.003926319877306622,-0.12560264581621286,-0.026281569573058425,-0.04581672105864387,-0.010914926903647681,0.01455407172201837,-0.007166666659136061,share,10,True,-0.3300462428541347,12,23.82336802206277
enc1_mlp,|Vag| 250hPa,168,7.526920994122823,7.511958281199138,-0.014962712923685709,-0.026545609037081398,-0.00045169691244762247,-0.19878929160235517,-0.04159541834230944,-0.07379515457393426,-0.0012556895352477478,0.029867920491269385,-0.011342568295929794,share,7,True,-0.022811095236143834,12,12.560246113109267
enc2_attn,|Vag| 250hPa,168,7.526920994122823,7.518651644388835,-0.008269349733988443,-0.01020415425300598,-0.0053196390469869,-0.10986364464892517,-0.022988281828198467,-0.02836691896369603,-0.014788268191608072,0.011260783977158413,-0.006268626859251968,share,15,True,-0.34401168573462154,12,24.58601758306759
enc2_mlp,|Vag| 250hPa,168,7.526920994122823,7.520327766736348,-0.006593227386474609,-0.010862229267756143,-0.0021368493636449194,-0.08759527822362875,-0.018328765162115294,-0.030196326884489835,-0.005940309332180509,0.006601267311075237,-0.004998032930465504,share,16,True,-0.1305701079261214,12,15.604295894119815
downsample,|Vag| 250hPa,168,7.526920994122823,7.529260277748108,0.0023392836252848306,-0.015683849652608235,0.01398905118306478,0.031078891715635014,0.006503064084121208,-0.043600133935967185,0.038888698803440376,0.0,0.0017733070479044877,share,19,False,-0.04200587947696968,12,13.05234581909215
dec0_attn,|Vag| 250hPa,168,7.526920994122823,7.518048087755839,-0.008872906366984049,-0.015007225672403972,-0.004137003421783452,-0.11788228379057253,-0.02466613201290574,-0.04171916103616085,-0.01150061415268137,0.012938634161865683,-0.0067261563437198005,share,12,True,0.04731098213447244,12,10.915829595414719
dec0_mlp,|Vag| 250hPa,168,7.526920994122823,7.518359025319417,-0.008561968803405762,-0.014145965377489725,-0.0036803394556045566,-0.11375127771489997,-0.023801744779030277,-0.039324910578286375,-0.010231116514656085,0.012074246927990223,-0.006490448382961305,share,14,True,-0.06984208801114282,12,13.802070477133679
dec1_attn,|Vag| 250hPa,168,7.526920994122823,7.515575925509135,-0.01134506861368815,-0.01573917766412099,-0.006731499234835309,-0.15072655369368984,-0.03153859046253232,-0.043753942392806465,-0.01871315236561655,0.019811092611492265,-0.008600192774471114,share,9,True,-0.3795726180113804,12,26.68301222146934
dec1_mlp,|Vag| 250hPa,168,7.526920994122823,7.517690896987915,-0.009230097134908041,-0.016150125861167906,-0.002512613932291667,-0.1226277935176295,-0.025659100299845874,-0.044896353014487606,-0.006984911638647057,0.013931602448805818,-0.006996926804966845,share,11,True,0.19699867479582847,12,8.050147510893167
dec2_attn,|Vag| 250hPa,168,7.526920994122823,7.5125250816345215,-0.014395912488301596,-0.0187333345413208,-0.010719497998555502,-0.19125898225240076,-0.04001974811815614,-0.05207751369467106,-0.029799542766314892,0.028292250267116084,-0.01091290205282958,share,8,True,-0.20822257699591518,12,18.311548804892084
dec2_mlp,|Vag| 250hPa,168,7.526920994122823,7.51069454352061,-0.016226450602213543,-0.019034036000569663,-0.013658563296000164,-0.21557886172690657,-0.045108531083388206,-0.05291344519034252,-0.03796996287703242,0.033381033232348145,-0.01230055171778314,share,6,True,0.021433209845010442,12,11.496396796851451
upsample,|Vag| 250hPa,168,7.526920994122823,7.641897002855937,0.1149760087331136,0.09447454909483592,0.12776394685109457,1.527530431406006,0.31962620729107954,0.26263341496581766,0.3551758859132607,0.3078987094400395,0.08715820707783262,share,2,True,0.20963792469956583,12,7.840647775623277
decoder_io,|Vag| 250hPa,168,7.526920994122823,7.585946877797444,0.05902588367462158,0.04726936221122742,0.07331199546655018,0.784196934187435,0.16408831319511782,0.13140590920766215,0.20380282215489368,0.15236081534407778,0.044744901557737436,share,3,True,-0.24233657605859557,12,19.67633442716656
decoder_heads,|Vag| 250hPa,168,7.526920994122823,8.613784432411194,1.0868634382883708,1.0278337389230727,1.1386537671089172,14.439681765452521,3.0214132709183565,2.8573143503386844,3.165387188239611,3.009685773067316,0.8239029138639824,share,1,True,0.07600780850727355,12,10.304670849270854
film,|Vag| 250hPa,168,7.526920994122823,7.518241047859192,-0.008679946263631185,-0.011750859022140504,-0.004657077789306642,-0.11531868436520948,-0.024129714836202965,-0.032666662750289246,-0.012946388792385568,0.012402216985162908,-0.006579881857145584,share,13,True,-0.3944930061384373,12,27.636206093908687
cond_embed,|Vag| 250hPa,168,7.526920994122823,7.578276952107747,0.051355957984924316,0.032595193386077886,0.06259552836418152,0.682297024573848,0.1427663932101157,0.09061262564866583,0.17401170509289368,0.13103889535907565,0.03893067145095088,share,4,True,0.004445495098692993,12,11.893780316712808
encoder_io,div/vort 850hPa,168,0.4099651947617531,0.40957527607679367,-0.0003899186849594116,-0.001735486090183258,0.001173330098390579,-0.09511019226546993,-0.042589474388451135,-0.18956116554677815,0.1281588036228789,0.015241520769030148,-0.06944191197244032,share,5,False,-0.08622361842876963,12,14.264631570726543
enc0_attn,div/vort 850hPa,168,0.4099651947617531,0.41018279393513996,0.0002175991733868917,-0.0003608493134379387,0.000725104970236619,0.05307747490938765,0.02376760791259298,-0.03941432710349602,0.07920071735481396,0.0,0.03875295856924946,share,7,False,0.12388966410338727,12,9.35440939315572
enc0_mlp,div/vort 850hPa,168,0.4099651947617531,0.40999921411275864,3.40193510055542e-05,-0.0002397282049059868,0.0005421761423349374,0.008298107117440588,0.003715816487516106,-0.026184685773895867,0.059220031813573375,0.0,0.006058619063441787,share,14,False,-0.09809866553615688,12,14.610449594541707
enc1_attn,div/vort 850hPa,168,0.4099651947617531,0.4095545982321103,-0.0004105965296427409,-0.0007387041424711545,-9.033220509688075e-05,-0.10015399719026263,-0.04484804411213774,-0.08068610807838797,-0.00986667549883225,0.017500090492716752,-0.07312449792091574,share,4,True,-0.28198859813926014,12,21.425653043675286
enc1_mlp,div/vort 850hPa,168,0.4099651947617531,0.40995514144500095,-1.0053316752115885e-05,-0.0004608491435647011,0.0002700984477996826,-0.002452236648517995,-0.001098089147427741,-0.0503369639719409,0.02950192275633681,0.0,-0.0017904285274355637,share,17,False,0.020046377231619606,12,11.52834198101404
enc2_attn,div/vort 850hPa,168,0.4099651947617531,0.41004664450883865,8.144974708557129e-05,-4.622569928566615e-05,0.0002579068144162496,0.019867478538734232,0.008896475217154198,-0.005049073849897848,0.02817027265141517,0.0,0.014505655628897418,share,11,False,-0.6006567823149834,12,48.098679374417436
enc2_mlp,div/vort 850hPa,168,0.4099651947617531,0.40996837864319485,3.1838814417521157e-06,-0.00016493176420529683,0.0002832213416695592,0.0007766223773221515,0.00034776439896303457,-0.01801492828740625,0.030935291235284282,0.0,0.0005670280069595832,share,19,False,-0.2588574978791133,12,20.382436483295077
downsample,div/vort 850hPa,168,0.4099651947617531,0.40996136764685315,-3.827114899953206e-06,-0.0006383602196971575,0.0006282140811284373,-0.0009335219059699185,-0.00041802257316851503,-0.06972588715574939,0.06861765940113648,0.0,-0.0006815835871487657,share,18,False,-0.29518686173021697,12,22.051578633900917
dec0_attn,div/vort 850hPa,168,0.4099651947617531,0.4099058161179225,-5.937864383061727e-05,-0.00038374345749616625,0.0003238936265309648,-0.01448382560015236,-0.006485724660536033,-0.04191497557104738,0.035377784763402684,0.0,-0.010574939639935005,share,13,False,0.006520897473343308,12,11.8445123794716
dec0_mlp,div/vort 850hPa,168,0.4099651947617531,0.41004453351100284,7.93387492497762e-05,-6.81207204858462e-05,0.0002727434039115906,0.019352557305720323,0.008665898197560922,-0.007440591570411115,0.02979082219853309,0.0,0.014129701022098942,share,12,False,-0.5175064147306333,12,37.741593945961526
dec1_attn,div/vort 850hPa,168,0.4099651947617531,0.40998124331235886,1.6048550605773926e-05,-0.00010724508514006933,0.00027072013666232415,0.003914612950277492,0.001752927883072644,-0.01171401110807423,0.029569827688607015,0.0,0.0028581396107432346,share,16,False,-0.3174341365148084,12,23.161441970531072
dec1_mlp,div/vort 850hPa,168,0.4099651947617531,0.41017668197552365,0.0002114872137705485,-2.1108239889144897e-05,0.00043281770000855123,0.0515866264923909,0.023100019624099976,-0.0023055803089754444,0.04727518598217816,0.0,0.037664459407683516,share,8,False,-0.11312735013651727,12,15.061382492395436
dec2_attn,div/vort 850hPa,168,0.4099651947617531,0.40999726702769596,3.207226594289144e-05,-0.00014303127924601236,0.0002570698658625285,0.007823168003695997,0.0035031430953265438,-0.01562281377931286,0.02807885564482349,0.0,0.00571185622611237,share,15,False,-0.16452274864307853,12,16.726096325209262
dec2_mlp,div/vort 850hPa,168,0.4099651947617531,0.41009017328421277,0.00012497852245966593,2.2974982857704167e-05,0.0003517740716536836,0.030485154363480996,0.01365097336116754,0.002509478211066369,0.03842306971458744,0.0,0.022257839621081982,share,10,True,-0.5265032071361551,12,38.68672134998231
upsample,div/vort 850hPa,168,0.4099651947617531,0.4104100714127223,0.00044487665096918744,0.0001826570058862368,0.0007023606449365615,0.10851571222472259,0.048592343643250664,0.019950995359129378,0.0767164330739767,0.021244390023829676,0.07922955843578557,share,3,True,-0.6255952346676102,12,52.10174822078783
decoder_io,div/vort 850hPa,168,0.4099651947617531,0.4121324395140012,0.0021672447522481284,0.0014684601376454035,0.0026966982210675874,0.5286411578201412,0.23672067646356804,0.16039484086078232,0.294551054488438,0.20937272284414704,0.38597180672173664,share,1,True,0.16494996668172843,12,8.601743153280804
decoder_heads,div/vort 850hPa,168,0.4099651947617531,0.41077185918887454,0.0008066644271214803,8.888722707827887e-05,0.0018494866167505578,0.1967641247180178,0.08810917579531,0.009708845528920637,0.202013050244259,0.06076122217588901,0.14366154354798313,share,2,True,0.07424029747043444,12,10.341370042172093
film,div/vort 850hPa,168,0.4099651947617531,0.41014570246140164,0.00018050769964853922,3.233266373475393e-05,0.0003156512975692749,0.04403000595049034,0.01971623404479819,0.003531585448861079,0.03447750357207782,0.0,0.03214721497803153,share,9,True,-0.4446644024157441,12,31.21711070639354
cond_embed,div/vort 850hPa,168,0.4099651947617531,0.4103138943513234,0.00034869958957036334,-0.0002891674637794495,0.0008739339808622993,0.08505590084860896,0.03808725463058102,-0.03158476566438515,0.09545679735508565,0.010739301011160033,0.06210106655004702,share,6,False,-0.13787310600620128,12,15.838129360308104
encoder_io,div/vort 500hPa,168,0.25140926366051036,0.25332532326380414,0.0019160596032937367,0.00044290007402499515,0.0030584007191161314,0.7621276859078197,0.2733942912109821,0.06319550373443795,0.4363900243001621,0.2500727268835805,0.17292326971526045,share,3,True,-0.021943864793381312,12,12.53846884251679
enc0_attn,div/vort 500hPa,168,0.25140926366051036,0.25184693435827893,0.00043767069776852924,0.00010925425837437312,0.0010674011272688703,0.1740869415056783,0.06244934656236753,0.015589019505811362,0.15230286893258985,0.03912778223496598,0.039499527043205016,share,6,True,-0.43129862836106914,12,30.201410435910866
enc0_mlp,div/vort 500hPa,168,0.25140926366051036,0.25144512951374054,3.5865853230158486e-05,-0.0002379933993021647,0.00032010826592644015,0.014265923501764763,0.005117544102323565,-0.03395825297044936,0.045674869572582544,0.0,0.003236872486129991,share,18,False,-0.6475890292796432,12,56.10230666469332
enc1_attn,div/vort 500hPa,168,0.25140926366051036,0.2516063265502453,0.00019706288973490396,-4.695840179920196e-05,0.0005243224402268718,0.07838330492109756,0.028118054871804885,-0.006700292075582789,0.0748133104343011,0.004796490544403328,0.01778481169057525,share,11,False,-0.4299046265716801,12,30.098219207908738
enc1_mlp,div/vort 500hPa,168,0.25140926366051036,0.251954160630703,0.0005448969701925913,-0.00020040320232510566,0.0013220214595397312,0.2167370295982375,0.07774900148864389,-0.02859466968663187,0.18863354734647272,0.05442743716124232,0.049176636040792684,share,5,False,0.27601230451062303,12,6.8085960575470255
enc2_attn,div/vort 500hPa,168,0.25140926366051036,0.251320759455363,-8.850420514742534e-05,-0.0002981478969256083,0.00019107209518551803,-0.03520323947447565,-0.012628283793404685,-0.04254143911593425,0.027263254203389094,0.0,-0.00798745326676394,share,16,False,-0.1346151222279326,12,15.733324924498309
enc2_mlp,div/vort 500hPa,168,0.25140926366051036,0.2512768233815829,-0.00013244027892748514,-0.00040403126428524653,0.00010223456968863788,-0.052679156288499146,-0.0188973329028605,-0.05764948070324104,0.014587410365125291,0.0,-0.01195265848451318,share,13,False,-0.35814259570574863,12,25.391482655542458
downsample,div/vort 500hPa,168,0.25140926366051036,0.2510445949931939,-0.00036466866731643677,-0.001193070380638043,0.0001427606989940003,-0.1450498132037274,-0.05203300129935815,-0.17023407336527954,0.02036990918610045,0.02871143697195659,-0.032911136066260234,share,8,False,-0.35663051663834955,12,25.303603326969014
dec0_attn,div/vort 500hPa,168,0.25140926366051036,0.2513963294525941,-1.2934207916259766e-05,-0.00030762143433094025,0.00028824300194780025,-0.005144682311199729,-0.001845526412415686,-0.04389317736026609,0.041128152317693706,0.0,-0.0011673047749724747,share,19,False,0.36704218839472075,12,5.556151670916993
dec0_mlp,div/vort 500hPa,168,0.25140926366051036,0.25136477624376613,-4.448741674423218e-05,-0.0002109916880726814,0.00014237041274706462,-0.017695217788118424,-0.006347717862058791,-0.030105495107187574,0.020314220922715037,0.0,-0.0040149636010141975,share,17,False,-0.17376507919353504,12,17.047428758608106
dec1_attn,div/vort 500hPa,168,0.25140926366051036,0.2510680519044399,-0.0003412117560704549,-0.0005921600696941217,-0.00014051500086983049,-0.13571964338243678,-0.04868603567622717,-0.0844927695668617,-0.020049480194290474,0.025364471348825607,-0.03079416340888408,share,9,True,-0.5272398321448799,12,38.76569819510456
dec1_mlp,div/vort 500hPa,168,0.25140926366051036,0.2512772008776665,-0.00013206278284390768,-0.0005293551521996658,0.0001498090103268623,-0.05252900427019993,-0.018843469612789997,-0.07553140642688182,0.021375602369010656,0.0,-0.011918589681556995,share,14,False,-0.14918589129443202,12,16.20827693667856
dec2_attn,div/vort 500hPa,168,0.25140926366051036,0.2512153660257657,-0.00019389763474464417,-0.0003726025732855002,-4.097446799278259e-05,-0.07712430000450309,-0.02766641827183872,-0.05316505616613682,-0.005846470337027687,0.004344853944437163,-0.017499149260524864,share,12,True,-0.42123875371322445,12,29.467876700417552
dec2_mlp,div/vort 500hPa,168,0.25140926366051036,0.2510974196096261,-0.0003118440508842468,-0.0006364253660043081,2.749975149830182e-05,-0.12403840906409255,-0.04449568432699224,-0.09080879402098839,0.003923821083870426,0.021174119999590686,-0.02814374502100975,share,10,False,-0.02402274343547492,12,12.590736964999431
upsample,div/vort 500hPa,168,0.25140926366051036,0.25180579846103984,0.00039653480052948,-0.00010761519273122152,0.0008345669445892175,0.15772481680107833,0.056579842581559694,-0.01535514828959899,0.11908076235826037,0.03325827825415814,0.03578703613685775,share,7,False,-0.0699802676451065,12,13.80590407391663
decoder_io,div/vort 500hPa,168,0.25140926366051036,0.254162044574817,0.0027527809143066406,0.0021182948102553686,0.0036008155283828564,1.0949401283891627,0.3927824508341292,0.30225036174769054,0.5137848569384047,0.36946088650672765,0.2484368835360773,share,2,True,0.14204541009282956,12,9.014926191112833
decoder_heads,div/vort 500hPa,168,0.25140926366051036,0.25673411414027214,0.00532485047976176,0.004764020132521788,0.005912372035284837,2.118000905070926,0.7597799777295074,0.679757511304294,0.8436108976900809,0.7364584134021059,0.4805646724780499,share,1,True,-0.33333453233714483,12,24.000064746322266
film,div/vort 500hPa,168,0.25140926366051036,0.25151538600524265,0.00010612234473228455,-3.990040471156438e-05,0.0002832830573121706,0.042210992223256534,0.015142140239195174,-0.005693216874045837,0.04042043918300173,0.0,0.009577480162626982,share,15,False,-0.7158570958850018,12,72.46454108981278
cond_embed,div/vort 500hPa,168,0.25140926366051036,0.25198208043972653,0.0005728167792161306,-4.545428479711214e-05,0.0011267326772212982,0.22784235189902619,0.0817327587713584,-0.006485676099661244,0.16076863221981172,0.058411194443956836,0.051696382638381125,share,4,False,-0.29150395313204797,12,21.87457150409912
encoder_io,div/vort 250hPa,168,0.2596755002935727,0.26256438344717026,0.0028888831535975137,0.0017691976080338161,0.00411128265162309,1.1124973862884733,0.48150004192233314,0.29487822010950687,0.6852415497130484,0.45525803340999216,0.21576045747668923,share,2,True,-0.08970409883471848,12,14.365053351637957
enc0_attn,div/vort 250hPa,168,0.2596755002935727,0.26007790118455887,0.0004024008909861247,5.2650210758050286e-05,0.0007745057344436645,0.15496297899924932,0.06706953364940346,0.00877539081345374,0.12908952137413746,0.0408275251370625,0.030053898240942806,share,6,True,-0.44177105299072333,12,30.993112644158824
enc0_mlp,div/vort 250hPa,168,0.2596755002935727,0.2597619717319806,8.647143840789795e-05,-0.00020979351053635278,0.0004328397413094837,0.033299806223590134,0.01441249057326468,-0.034967002383773475,0.07214288100459627,0.0,0.00645824566712634,share,13,False,-0.26401584191976823,12,20.60939754817887
enc1_attn,div/vort 250hPa,168,0.2596755002935727,0.2601320284108321,0.00045652811725934345,9.455373510718346e-05,0.0007931302922467389,0.17580715806582506,0.07609110369360522,0.015759594624423164,0.13219374016256363,0.04984909518126426,0.034096469186780734,share,5,True,0.015390264654631874,12,11.636232132049447
enc1_mlp,div/vort 250hPa,168,0.2596755002935727,0.25967808067798615,2.5803844134012857e-06,-0.000301097830136617,0.0005756534015138943,0.0009936957512295405,0.00043008150110925394,-0.05018500580508539,0.0959461225063763,0.0,0.00019271977850951423,share,19,False,-0.14821295863114875,12,16.176056730601545
enc2_attn,div/vort 250hPa,168,0.2596755002935727,0.25975049038728076,7.499009370803833e-05,-0.0001119611163934072,0.0002881462375322978,0.028878386148581313,0.012498855559185682,-0.018660942437205806,0.04802631954109622,0.0,0.005600744669966105,share,14,False,-0.4767387627401591,12,33.86619128464525
enc2_mlp,div/vort 250hPa,168,0.2596755002935727,0.2597152851521969,3.978485862414042e-05,-0.0004454456269741058,0.0003462192602455614,0.015320990458923605,0.006631078543811062,-0.07424394710982281,0.05770554898177882,0.0,0.0029713902712542473,share,17,False,-0.004034666203345511,12,12.097224256301335
downsample,div/vort 250hPa,168,0.2596755002935727,0.25931211560964584,-0.0003633846839269002,-0.0015528511255979538,0.0004586435233553245,-0.139937993193844,-0.06056656889249645,-0.2588190114728081,0.07644368566724069,0.03432456038015549,-0.027139915834412998,share,7,False,0.03812120003885037,12,11.118687874885735
dec0_attn,div/vort 250hPa,168,0.2596755002935727,0.25973017141222954,5.467111865679423e-05,-0.0002276835342248281,0.0004000207409262656,0.02105362985533349,0.009112222449151646,-0.037948793857501086,0.06667282589326717,0.0,0.004083192342848115,share,15,False,-0.08380064701681426,12,14.195172395456222
dec0_mlp,div/vort 250hPa,168,0.2596755002935727,0.25945505996545154,-0.0002204403281211853,-0.00047849416732788087,4.359086354573568e-05,-0.08489069160239197,-0.03674154390756351,-0.07975226043360621,0.0072654384094991585,0.010499535395222546,-0.016463907853977857,share,8,False,-0.3569610660841664,12,25.322778970551923
dec1_attn,div/vort 250hPa,168,0.2596755002935727,0.25970269987980527,2.7199586232503254e-05,-0.0002680167555809021,0.0003124294802546498,0.010474452230477315,0.004533448123338353,-0.04467126989452189,0.05207369071090703,0.0,0.002031440822171511,share,18,False,-0.3938259418633527,12,27.5925884287674
dec1_mlp,div/vort 250hPa,168,0.2596755002935727,0.259583055973053,-9.244432051976521e-05,-0.0003379970788955688,0.00018502709766228965,-0.03559993931474224,-0.01540801127602479,-0.05633512987715551,0.030839099591209153,0.0,-0.006904339090914002,share,12,False,-0.5460486755907066,12,40.86910448213831
dec2_attn,div/vort 250hPa,168,0.2596755002935727,0.2594667635858059,-0.0002087367077668508,-0.0004350658506155014,3.0172119537989287e-05,-0.08038367405891825,-0.03479086144945248,-0.07251391426111148,0.005028890422354392,0.00854885293711152,-0.015589805874934463,share,9,False,-0.10340069479622568,12,14.767810169722814
dec2_mlp,div/vort 250hPa,168,0.2596755002935727,0.2598542645573616,0.00017876426378885904,-9.45727030436198e-05,0.0004941873252391813,0.06884140536429484,0.02979525163603859,-0.01576275607530355,0.08236789276985185,0.0035532431236976266,0.01335127012234344,share,11,False,-0.21421458268958515,12,18.542689481496314
upsample,div/vort 250hPa,168,0.2596755002935727,0.26124268025159836,0.0015671799580256145,0.0010923766220609346,0.00195322073996067,0.6035147544738952,0.26120724701152315,0.1820701500724655,0.32554998529568857,0.23496523849918216,0.11704712399697668,share,4,True,-0.10945993744935459,12,14.949938592611163
decoder_io,div/vort 250hPa,168,0.2596755002935727,0.26203276713689166,0.002357266843318939,0.001668499472240607,0.003218675591051578,0.907774064420387,0.3928937321216175,0.2780945171945754,0.5364676761314404,0.3666517236092765,0.1760559169296141,share,3,True,-0.1328766720249665,12,15.677723832025675
decoder_heads,div/vort 250hPa,168,0.2596755002935727,0.26582201570272446,0.006146515409151713,0.005021880008280277,0.007013142108917236,2.3669985817694976,1.0244607586489973,0.8370139275119906,1.168904396581696,0.9982187501366563,0.4590614801829605,share,1,True,-0.41088595399093975,12,28.73914068521614
film,div/vort 250hPa,168,0.2596755002935727,0.2597224737207095,4.69734271367391e-05,-0.00022611040621995927,0.00031876023858785625,0.01808927953681957,0.007829221859461433,-0.03768659522916602,0.053128859868248356,0.0,0.0035082790093637654,share,16,False,-0.3806842908483606,12,26.75244829955314
cond_embed,div/vort 250hPa,168,0.2596755002935727,0.25986610104640323,0.00019060075283050537,-0.0007176051537195841,0.0010251359393199284,0.0733995901095884,0.03176807977298441,-0.11960570685227573,0.1708629153601987,0.005526071260643446,0.01423529559335051,share,10,False,0.5029614615751805,12,3.9684733198992155
encoder_io,HypsRel 600-500,168,0.001174672434839952,0.0012155166165144975,4.0844181674545725e-05,2.660821017065958e-05,5.3728252851874466e-05,3.477069901628423,0.7849517202900704,0.5113619490218685,1.0325603984506273,0.7648210499249292,0.4642575582279149,share,2,True,0.642825663916547,12,2.608975576132199
enc0_attn,HypsRel 600-500,168,0.001174672434839952,0.0011748756759638213,2.032411238695487e-07,-1.9177081141192685e-06,1.9784289913726765e-06,0.01730194034026517,0.0039059289052793566,-0.03685490127300705,0.03802184733737853,0.0,0.0023101510185960486,share,19,False,-0.3338609733460443,12,24.028515129271145
enc0_mlp,HypsRel 600-500,168,0.001174672434839952,0.0011741698748653179,-5.02559974634143e-07,-3.207060905649501e-06,1.394550657462827e-06,-0.042782988663781524,-0.009658298941605426,-0.0616339432388103,0.02680075576809239,0.0,-0.005712374617903887,share,18,False,0.32767713478022575,12,6.076683985352199
enc1_attn,HypsRel 600-500,168,0.001174672434839952,0.0011737608103218394,-9.116245181125135e-07,-2.9341824026419228e-06,4.5856137639273065e-07,-0.07760670047873572,-0.017519783832441852,-0.05638970913778862,0.008812725007595829,0.0,-0.010362028456635062,share,16,False,-0.24474009277723796,12,19.777140253946065
enc1_mlp,HypsRel 600-500,168,0.001174672434839952,0.0011633677396584413,-1.1304695181510587e-05,-1.3030253499125387e-05,-8.993140645945484e-06,-0.9623700059881667,-0.2172559117670289,-0.2504180395007985,-0.17283199054137927,0.19712524140188756,-0.1284954176165987,share,5,True,-0.22654658465224678,12,19.02966451988493
enc2_attn,HypsRel 600-500,168,0.001174672434839952,0.001173545308766419,-1.1271260735329792e-06,-1.9438527724172255e-06,-3.939682880999317e-07,-0.09595237277246138,-0.02166133618377469,-0.03735735458865683,-0.007571362010577359,0.0015306658186333602,-0.012811538321002685,share,15,True,-0.6051122281337554,12,48.776761677313274
enc2_mlp,HypsRel 600-500,168,0.001174672434839952,0.001172567501008159,-2.1049338317928592e-06,-3.723256111417274e-06,-7.046714265772782e-07,-0.17919326012614356,-0.0404530428722551,-0.07155428680209965,-0.013542517583986937,0.020322372507113776,-0.023925842088507218,share,14,True,0.18109483239359095,12,8.320129545704575
downsample,HypsRel 600-500,168,0.001174672434839952,0.0011639820598989374,-1.0690374941014555e-05,-1.6938980524011732e-05,-6.544148492808998e-06,-0.9100728529882555,-0.20544978149788248,-0.32553674372106,-0.1257667654647956,0.18531911113274113,-0.12151271400668863,share,6,True,-0.1963784811533029,12,17.864805057041238
dec0_attn,HypsRel 600-500,168,0.001174672434839952,0.0011719503010434319,-2.7221337965198126e-06,-3.4954425656345147e-06,-1.8377762451123836e-06,-0.23173556438231235,-0.052314516262412854,-0.06717612013707865,-0.035318754494920016,0.032183845897271524,-0.030941278236688477,share,11,True,-0.5047053048750852,12,36.456000510861784
dec0_mlp,HypsRel 600-500,168,0.001174672434839952,0.0011724455211867154,-2.2269136532363757e-06,-2.8040110676674507e-06,-1.484142142321725e-06,-0.18957741640883832,-0.0427972756798972,-0.05388805017116168,-0.028522542991636167,0.022666605314755863,-0.025312332201289575,share,13,True,-0.41269179601281925,12,28.86440447633157
dec1_attn,HypsRel 600-500,168,0.001174672434839952,0.0011704494541125144,-4.2229807274374986e-06,-5.249870596709761e-06,-3.480775246310331e-06,-0.35950283689196094,-0.08115809525006833,-0.10089307184616078,-0.06689424063641192,0.06102742488492701,-0.048000734513075106,share,8,True,-0.19483299525491768,12,17.807480756862926
dec1_mlp,HypsRel 600-500,168,0.001174672434839952,0.0011738232578681635,-8.491769717882035e-07,-2.2539370794240785e-06,2.524205703330737e-07,-0.07229053365025145,-0.01631965429365593,-0.04331661733406941,0.004851069425220665,0.0,-0.009652215107824194,share,17,False,-0.1175804526853205,12,15.197946909761015
dec2_attn,HypsRel 600-500,168,0.001174672434839952,0.0011716564859099632,-3.0159489299888057e-06,-3.724361422405015e-06,-2.054974332241531e-06,-0.2567480806170212,-0.0579611147498413,-0.07157552889156532,-0.03949291113476248,0.03783044438469997,-0.03428094354132433,share,10,True,0.028154979690640944,12,11.342784379861977
dec2_mlp,HypsRel 600-500,168,0.001174672434839952,0.0011700222983024513,-4.650136537500576e-06,-5.375721155412231e-06,-4.014442101896409e-06,-0.39586666032000256,-0.08936726175051678,-0.10331169326304021,-0.07715035788934116,0.06923659138537545,-0.05285602369337809,share,7,True,-0.4144437862821166,12,28.986671198681908
upsample,HypsRel 600-500,168,0.001174672434839952,0.0011704968508069451,-4.1755840330065606e-06,-5.714219661220901e-06,-3.1848150436138795e-06,-0.355467950822859,-0.08024721601820914,-0.10981702581119411,-0.06120641777598339,0.060116545653067816,-0.04746199747092022,share,9,True,-0.34416032386545875,12,24.59430936147961
decoder_io,HypsRel 600-500,168,0.001174672434839952,0.001216743459712037,4.2071024872085265e-05,3.7700495606460136e-05,4.527987261006962e-05,3.5815112046804267,0.8085294402725223,0.7245357274600915,0.8701977232154866,0.788398769907381,0.47820253653000666,share,1,True,-0.20164667788556484,12,18.06187778668736
decoder_heads,HypsRel 600-500,168,0.001174672434839952,0.0012148521200925078,4.0179685252555846e-05,3.600397707098588e-05,4.482648182562181e-05,3.4205012445048393,0.7721812940461628,0.6919316921158256,0.861484367686619,0.7520506236810215,0.4567045243886676,share,3,True,0.12083168579631758,12,9.412670880149783
film,HypsRel 600-500,168,0.001174672434839952,0.0011722484776061312,-2.423957233820751e-06,-3.615236338336973e-06,-1.5510411778459685e-06,-0.2063517591736979,-0.046584098948490464,-0.06947834101916413,-0.029808222147578896,0.026453428583349134,-0.027552038515288212,share,12,True,0.0863848373840263,12,10.09161907836554
cond_embed,HypsRel 600-500,168,0.001174672434839952,0.0011503450010278261,-2.4327433812125693e-05,-2.8647123257156362e-05,-2.0980633024022058e-05,-2.0709972491557007,-0.46752952900930594,-0.5505461918969067,-0.4032100365287572,0.4473988586441646,-0.2765190672581716,share,4,True,0.048060768916395276,12,10.899435521104312
encoder_io,LapseW1 mean,168,0.06925809228171904,0.07094522565603256,0.0016871333743135135,0.00028592236340045933,0.0032283224320660024,2.436009018918414,0.07395497856167059,0.012533319877088623,0.14151253237506958,0.06310099517492229,0.3238953210061725,share,2,True,-0.5299788417045181,12,39.06153111709972
enc0_attn,LapseW1 mean,168,0.06925809228171904,0.06964287254959345,0.00038478026787439984,-0.00023345040002216896,0.0008681209913144509,0.5555744537537084,0.016866726066149862,-0.01023322731427674,0.038053819738892825,0.006012742679401561,0.0738699917134474,share,14,False,-0.27148875654342886,12,20.943897867831215
enc0_mlp,LapseW1 mean,168,0.06925809228171904,0.0697069192926089,0.00044882701088984806,-0.00034938828709224864,0.0012980202057709296,0.6480499189382347,0.019674195575535618,-0.01531532934799528,0.0568983211119656,0.00882021218878732,0.08616566477890925,share,12,False,0.13298683892078125,12,9.18294685828922
enc1_attn,LapseW1 mean,168,0.06925809228171904,0.06948132223139207,0.00022322994967301688,-0.00020443236765762168,0.0007170833103979626,0.3223160533573336,0.009785216980316204,-0.008961230687279087,0.03143312891252093,0.0,0.04285561373412659,share,18,False,0.14481724683433309,12,8.964044755933912
enc1_mlp,LapseW1 mean,168,0.06925809228171904,0.06957986547301213,0.00032177319129308063,-0.000833603359448413,0.001749182220858831,0.46460013652153964,0.014104830018837654,-0.03654074983966736,0.07667487088666387,0.003250846632089354,0.06177391347465926,share,16,False,-0.0874617969918691,12,14.300268767801008
enc2_attn,LapseW1 mean,168,0.06925809228171904,0.06968807801604271,0.00042998573432366055,-0.0002351216816653808,0.0009513597857827934,0.6208454783516425,0.018848293945147997,-0.010306487437024616,0.041702566989186764,0.007994310558399696,0.08254852258109427,share,13,False,0.37330253116716966,12,5.476120123074705
enc2_mlp,LapseW1 mean,168,0.06925809228171904,0.06975993886590004,0.0005018465841809908,3.903123239676158e-05,0.0009519436862319701,0.7246035338941256,0.02199829245239981,0.0017109222063208904,0.04172816208786626,0.011144309065651514,0.0963443453575757,share,10,True,0.23153436773381247,12,7.487884892861904
downsample,LapseW1 mean,168,0.06925809228171904,0.07009375312676032,0.000835660845041275,-7.328245944033065e-05,0.002006496062191824,1.2065894648701594,0.03663093909513922,-0.0032123143311425266,0.08795414489613315,0.025776955708390916,0.16042989948383074,share,4,False,-0.4121612530069001,12,28.827523062683913
dec0_attn,LapseW1 mean,168,0.06925809228171904,0.06972843036055565,0.0004703380788366,0.00017227296872685352,0.0008123847811172405,0.6791092034753428,0.020617126699453422,0.007551533211850442,0.03561063990912942,0.009763143312705124,0.09029535266480848,share,11,True,-0.2462089950390333,12,19.839063934230396
dec0_mlp,LapseW1 mean,168,0.06925809228171904,0.07005782177050908,0.0007997294887900352,0.00041906227512906,0.0013607698958367108,1.1547090923859118,0.03505589901727137,0.018369467432167257,0.05964893469961666,0.024201915630523076,0.15353180930058255,share,6,True,0.37506863783843425,12,5.4536741945676726
dec1_attn,LapseW1 mean,168,0.06925809228171904,0.07007977832108736,0.0008216860393683115,-7.196422666311264e-05,0.00180478257437547,1.1864115979775534,0.03601835773691195,-0.0031545299981059535,0.0791120954801359,0.025164374350163648,0.15774702079838884,share,5,False,0.3101807000940044,12,6.31808390879061
dec1_mlp,LapseW1 mean,168,0.06925809228171904,0.06955847175170977,0.0003003794699907303,-0.0003828021154428522,0.0007392631843686098,0.433710285823187,0.013167042749402922,-0.016780014355686334,0.03240537694517407,0.002313059362654622,0.05766675375970142,share,17,False,-0.392716814277709,12,27.520277465701376
dec2_attn,LapseW1 mean,168,0.06925809228171904,0.06987166249503692,0.0006135702133178711,0.00011884338843325774,0.001153323263861239,0.885918443756825,0.026895663770782983,0.005209463802678963,0.05055557465232386,0.01604168038403468,0.11779301164217731,share,7,True,0.12641668010600826,12,9.306502668036961
dec2_mlp,LapseW1 mean,168,0.06925809228171904,0.07016986111799876,0.0009117688362797102,0.000518948429574569,0.0014132151302571094,1.3164798599576433,0.039967109753668524,0.0227479466461364,0.06194785560668516,0.029113126366920223,0.1750410870927169,share,3,True,0.02278380569676729,12,11.465369578911252
upsample,LapseW1 mean,168,0.06925809228171904,0.0694196242839098,0.00016153200219074884,-0.0005133798501143854,0.0009848579686755933,0.23323195437392355,0.007080706209075715,-0.022503849658389703,0.04317094965259058,0.0,0.031010861677507207,share,19,False,0.4345229745662046,12,4.730300194221377
decoder_io,LapseW1 mean,168,0.06925809228171904,0.07140396597484748,0.002145873693128427,0.0009784651764978966,0.003438202664256096,3.098372511330115,0.09406372097638054,0.04289072355093863,0.15071256854793738,0.08320973758963224,0.4119641394429416,share,1,True,0.17343128624049944,12,8.45283799862918
decoder_heads,LapseW1 mean,168,0.06925809228171904,0.06889891717582941,-0.00035917510588963825,-0.001841050611498455,0.0014866711416592153,-0.5186038108422515,-0.01574433157471159,-0.08070189386166315,0.06516777753531099,0.004890348187963293,-0.06895432097470455,share,15,False,-0.23201497345261207,12,19.25060928322552
film,LapseW1 mean,168,0.06925809228171904,0.06980466842651367,0.000546576144794623,5.285209820916255e-05,0.0010790445686628418,0.7891874101459968,0.023958999143772162,0.0023167556575592885,0.04729959062958972,0.013105015757023861,0.10493151197640478,share,9,True,0.056866155209097824,12,10.708646579047343
cond_embed,LapseW1 mean,168,0.06925809228171904,0.06869636538128059,-0.0005617269004384676,-0.0012242869396383563,3.419859955708179e-05,-0.8110632013275043,-0.02462312791147528,-0.05366624580651728,0.0014990852149506218,0.01376914452472698,-0.10784014915794703,share,8,False,-0.5303868454664658,12,39.1058937943064
encoder_io,|DryAir Md err|,168,312765245117781.3,300212487367338.7,-12552757750442.666,-22174629818094.934,-4672924418048.0,-4.01347590449685,-0.13414281912444007,-0.23696524827265367,-0.04993637792223682,0.1282679511335887,0.09953682680955407,share,9,True,-0.10642674103586841,12,14.858458172553002
enc0_attn,|DryAir Md err|,168,312765245117781.3,255132510628522.66,-57632734489258.664,-59969196698282.664,-56212531970048.0,-18.426834627215467,-0.6158819943742541,-0.6408501833353725,-0.6007052520645546,0.6100071263834026,0.45699754790663877,share,3,True,-0.02707086142235906,12,12.66777799983094
enc0_mlp,|DryAir Md err|,168,312765245117781.3,298883910817109.3,-13881334300672.0,-16035689896345.6,-12415318796970.666,-4.438259850593233,-0.1483404167689976,-0.17136255570814649,-0.13267410212672723,0.1424655487781462,0.1100717464353828,share,7,True,0.14906636973563897,12,8.886521990476131
enc1_attn,|DryAir Md err|,168,312765245117781.3,302594762560853.3,-10170482556928.0,-11865562983082.666,-8841906006698.666,-3.2517943459792003,-0.10868505783075072,-0.12679923413587582,-0.09448746018619318,0.10281018983989933,0.08064662610117156,share,11,True,-0.37693840843833976,12,26.519466333730637
enc1_mlp,|DryAir Md err|,168,312765245117781.3,297463708297898.7,-15301536819882.666,-19516331393024.0,-12461131781461.334,-4.892339241247986,-0.16351715907869702,-0.20855781367522436,-0.1331636744592982,0.15764229108784564,0.12133321224230315,share,5,True,0.44655116563055064,12,4.591186381947587
enc2_attn,|DryAir Md err|,168,312765245117781.3,314002195699029.3,1236950581248.0,229064922453.33334,2428088178005.3335,0.39548850153801085,0.013218452979415627,0.002447861662854746,0.025947333626260307,0.007343584988564238,-0.009808373444737081,share,15,True,-0.13942634804036716,12,15.888374162221938
enc2_mlp,|DryAir Md err|,168,312765245117781.3,313818943761066.7,1053698643285.3334,-274877906944.0,2015771317589.3333,0.33689761242126853,0.011260163649131832,-0.002937433995425695,0.021541182633121762,0.005385295658280442,-0.00835528108255381,share,16,False,-0.2578852419563448,12,20.340011756764167
downsample,|DryAir Md err|,168,312765245117781.3,282345423415978.7,-30419821701802.668,-35642501933738.664,-26525718020096.0,-9.726087593379232,-0.3250760288271103,-0.38088727474019846,-0.2834623805585796,0.3192011608362589,0.24121333212242302,share,4,True,0.06154747296555001,12,10.608503728008838
dec0_attn,|DryAir Md err|,168,312765245117781.3,311436668567552.0,-1328576550229.3333,-2153210271061.3333,-733007751850.6666,-0.42478394609638204,-0.014197597644557525,-0.02300989963083461,-0.007833157321135186,0.008322729653706135,0.010534919625828715,share,14,True,-0.5199303925570462,12,37.99275027601471
dec0_mlp,|DryAir Md err|,168,312765245117781.3,308413011591168.0,-4352233526613.3335,-5543371123370.667,-3481786821290.6665,-1.3915336165226309,-0.04650937159424017,-0.05923825224108485,-0.03720749727539214,0.040634503603388786,0.034510943601852695,share,12,True,-0.37288233401342197,12,26.270329958323423
dec1_attn,|DryAir Md err|,168,312765245117781.3,313818943761066.7,1053698643285.3334,366503875925.3333,1740893410645.3333,0.33689761242126853,0.011260163649131832,0.003916578660567593,0.01860374863769607,0.005385295658280442,-0.00835528108255381,share,17,True,-0.5816604944192253,12,45.36967147456262
dec1_mlp,|DryAir Md err|,168,312765245117781.3,313544065854122.7,778820736341.3334,-276023231556.2666,2244836240042.6665,0.24901127874615503,0.008322729653706137,-0.002949673303739968,0.023989044295976508,0.0024478616628547467,-0.006175642539278903,share,18,False,-0.25739578083511483,12,20.318695989890582
dec2_attn,|DryAir Md err|,168,312765245117781.3,326829831356416.0,14064586238634.666,13148326548821.334,15164097866410.666,4.496850739709975,0.1502987060992814,0.1405072594478624,0.16204844208098418,0.14442383810842999,-0.11152483879756606,share,6,True,-0.5681577495208907,12,43.57584968440002
dec2_mlp,|DryAir Md err|,168,312765245117781.3,313085936009216.0,320690891434.6667,-503942829397.3333,1191137596757.3333,0.10253405595429911,0.0034270063279966444,-0.005385295658280441,0.012728880646844678,0.0,-0.0025429116338207248,share,19,False,-0.22432217926208922,12,18.940680986815554
upsample,|DryAir Md err|,168,312765245117781.3,301907567793493.3,-10857677324288.0,-13285765502293.334,-8658654068736.0,-3.4715101801669843,-0.11602864281931495,-0.14197597644557527,-0.09252917085590939,0.11015377482846356,0.08609572245935881,share,10,True,0.08258879601039282,12,10.169082193022808
decoder_io,|DryAir Md err|,168,312765245117781.3,247115238342656.0,-65650006775125.336,-73622611401113.6,-59189230637329.08,-20.990186026072948,-0.7015571525741702,-0.7867549777498295,-0.6325152143733522,0.6956822845833188,0.520570338752157,share,2,True,-0.31660929175920255,12,23.119002512898422
decoder_heads,|DryAir Md err|,168,312765245117781.3,392434025147050.7,79668780029269.33,76232806192469.33,82829875959125.33,25.472389043503735,0.8513662863408805,0.8146483613980594,0.8851467772882761,0.8454914183500292,-0.6317319044591772,share,1,True,0.16733368448572325,12,8.559673998076534
film,|DryAir Md err|,168,312765245117781.3,315193333295786.7,2428088178005.3335,1191137596757.3333,3710851743744.0,0.7763292807968362,0.025947333626260307,0.012728880646844678,0.039655358938246885,0.020072465635408918,-0.019253473798928344,share,13,True,-0.06170858658755554,12,13.578407365697938
cond_embed,|DryAir Md err|,168,312765245117781.3,325730319728640.0,12965074610858.666,9116783913642.666,15072471897429.334,4.145305405009521,0.1385489701175786,0.09742489418161888,0.16106929741584228,0.13267410212672723,-0.10280628462446643,share,8,True,-0.1330613254097641,12,15.683619041847168
encoder_io,neg-q fraction,168,0.0009770262327037926,0.001034346325544296,5.73200928405034e-05,1.3663676556537515e-05,0.00012611612128618312,5.866791588786468,0.12151158039023555,0.028965321758039637,0.26735073951837923,0.09528519127610023,0.05634152365813161,share,3,True,0.36396651313713396,12,5.595739901854194
enc0_attn,neg-q fraction,168,0.0009770262327037926,0.0009388787724825912,-3.814746022120138e-05,-7.445480126383094e-05,-1.4164016793453511e-05,-3.9044458525574344,-0.0808679461188241,-0.15783506482418236,-0.03002598181470876,0.054641557004688784,-0.03749620640934706,share,6,True,0.36896067831076007,12,5.531548115476181
enc0_mlp,neg-q fraction,168,0.0009770262327037926,0.000953538014376439,-2.3488218327353632e-05,-5.710467496555793e-05,-7.975798628952665e-07,-2.404051963103698,-0.04979214771073929,-0.12105492086419875,-0.0016907716792696683,0.02356575859660397,-0.023087227235662186,share,12,True,-0.13884513650870567,12,15.869551711871186
enc1_attn,neg-q fraction,168,0.0009770262327037926,0.0009541377360922828,-2.288849661150986e-05,-4.015687075783111e-05,-1.1140535832510073e-05,-2.342669607567131,-0.04852081108382045,-0.08512765048877476,-0.02361657227543421,0.022294421969685133,-0.022497743974783185,share,13,True,-0.48644832806975097,12,34.73336941888039
enc1_mlp,neg-q fraction,168,0.0009770262327037926,0.0009352680458505347,-4.175818685325794e-05,-0.00010506180196140728,-4.752520203510368e-06,-4.274008768188097,-0.08852224459735483,-0.22271815976466292,-0.010074761085470655,0.06229585548321952,-0.0410452906812293,share,5,True,0.34104114285019466,12,5.896542643718871
enc2_attn,neg-q fraction,168,0.0009770262327037926,0.0009546076106137965,-2.241862208999616e-05,-4.3826532339608094e-05,-9.539357339842054e-06,-2.294577293790316,-0.04752473461456025,-0.09290688384660994,-0.020222269867859157,0.021298345500424927,-0.022035891155669972,share,14,True,-0.06223680482740303,12,13.5928150342718
enc2_mlp,neg-q fraction,168,0.0009770262327037926,0.0009532041322017903,-2.3822100502002286e-05,-4.368771524241311e-05,-1.0447601755458896e-05,-2.4382252701729135,-0.05049993705118186,-0.09261260859286456,-0.022147636852684147,0.024273547937046537,-0.023415409370578462,share,11,True,0.3384196001125918,12,5.9315963379354635
downsample,neg-q fraction,168,0.0009770262327037926,0.0009822691618713482,5.242929167555606e-06,-3.091923485764407e-05,4.912793906441948e-05,0.5366211256218252,0.011114368059319927,-0.06554499313989938,0.10414521716919771,0.0,0.0051534218298231954,share,19,False,0.037530289786586825,12,11.13185478655919
dec0_attn,neg-q fraction,168,0.0009770262327037926,0.0009522582105698044,-2.4768022133988172e-05,-4.504165060173667e-05,-9.564384599040448e-06,-2.5350416708306693,-0.052505175122720654,-0.09548278582225968,-0.020275324593825757,0.026278786008585336,-0.024345182219264645,share,10,True,0.7031194611395186,12,2.091788948229236
dec0_mlp,neg-q fraction,168,0.0009770262327037926,0.0009595105371621079,-1.751569554168479e-05,-3.3986978274924694e-05,-5.551635378727348e-06,-1.7927559112934344,-0.03713113048903481,-0.07204823366853487,-0.011768787438928013,0.01090474137489949,-0.01721666741706898,share,15,True,0.32207587523362496,12,6.153269755231667
dec1_attn,neg-q fraction,168,0.0009770262327037926,0.000945920905451203,-3.110532725258963e-05,-5.4741285441650686e-05,-1.3802490495133212e-05,-3.183673704083635,-0.06593948623800652,-0.11604482437104077,-0.02925959031594116,0.0397130971238712,-0.03057429680325538,share,9,True,0.6675744342537953,12,2.392161157555464
dec1_mlp,neg-q fraction,168,0.0009770262327037926,0.000942285423661815,-3.474080904197763e-05,-7.202904733958348e-05,-1.1128762677496222e-05,-3.5557703446546127,-0.07364626261985331,-0.15269276343619778,-0.02359161462793191,0.04741987350571799,-0.03414771361218237,share,7,True,0.10770052727931417,12,9.666505891215703
dec2_attn,neg-q fraction,168,0.0009770262327037926,0.000945846690228791,-3.1179542475001654e-05,-5.7324786375071805e-05,-1.2828398890481674e-05,-3.1912697357896254,-0.06609681342499121,-0.12152153010899491,-0.0271946353505781,0.03987042431085589,-0.030647245022668693,share,8,True,0.5270995542395901,12,3.7160677137062317
dec2_mlp,neg-q fraction,168,0.0009770262327037926,0.0009631336109426533,-1.3892621761139404e-05,-3.102020050770686e-05,-2.06673224359598e-06,-1.4219292477637355,-0.02945065756709617,-0.06575902795904028,-0.004381219372089895,0.003224268452960853,-0.013655446787336984,share,17,True,0.5483215780441473,12,3.5006558975410007
upsample,neg-q fraction,168,0.0009770262327037926,0.0009310328638700108,-4.5993368833781766e-05,-9.12721716000912e-05,-1.5517115169435184e-05,-4.707485561211711,-0.09750031197637442,-0.19348583135823225,-0.032894384741872444,0.0712739228622391,-0.04520816959379738,share,4,True,0.3902427205321884,12,5.263172570911029
decoder_io,neg-q fraction,168,0.0009770262327037926,0.0021174373123358237,0.001140411079632031,0.0005708958510164544,0.0018875076736245926,116.7226673613555,2.417531893505668,1.2102293219982267,4.001285222252039,2.391305504391532,1.120941970590835,share,1,True,0.6418004811346829,12,2.6180977991997505
decoder_heads,neg-q fraction,168,0.0009770262327037926,0.0011269945627342774,0.00014996833003048474,6.798097202818098e-05,0.0002617159471318094,15.349468111564104,0.3179145023577492,0.1441113392923828,0.5548057718225113,0.29168811324361393,0.14740806924186484,share,2,True,0.41840575702469057,12,4.92040509645381
film,neg-q fraction,168,0.0009770262327037926,0.0009625091449076232,-1.4517087796169411e-05,-3.631124824702662e-05,2.1594577560790548e-06,-1.485844218941314,-0.030774449121789928,-0.07697540150040737,0.004577786108219662,0.004548060007654608,-0.014269251932144454,share,16,False,-0.03164087130465295,12,12.784193476169087
cond_embed,neg-q fraction,168,0.0009770262327037926,0.0009855459972338092,8.519764530016497e-06,-2.8638460662477883e-05,5.5162271413185714e-05,0.8720098033027384,0.01806085791723371,-0.06071003103090435,0.11693726309869044,0.0,0.00837431502711117,share,18,False,-0.023809256581037882,12,12.585359123508576
encoder_io,|neg-q mass|,168,17387699658.666668,19046824576.0,1659124917.3333333,127068064.00000001,3536188213.3333335,9.54194603025803,0.16036580792671745,0.012282000307605435,0.34179685561204987,0.14650555520057587,0.08064862389762781,share,3,True,0.3131531747784753,12,6.2766187989064735
enc0_attn,|neg-q mass|,168,17387699658.666668,16246631338.666666,-1141068320.0,-1597493358.9333334,-588308597.8666668,-6.562503047556666,-0.11029208296774566,-0.15440869490084339,-0.05686406286921412,0.09643183024160408,-0.05546634181655729,share,4,True,-0.08101832998027132,12,14.115863659701471
enc0_mlp,|neg-q mass|,168,17387699658.666668,17287555456.0,-100144202.66666667,-502372004.26666665,366296576.26666653,-0.5759485419726073,-0.009679624362238659,-0.04855770141375223,0.035405077568365376,0.0,-0.004867922874290228,share,19,False,-0.1346154803565562,12,15.733336401590005
enc1_attn,|neg-q mass|,168,17387699658.666668,16942169845.333334,-445529813.3333333,-768739136.0,-16373546.666666666,-2.5623275193349966,-0.04306351361745302,-0.07430391246710374,-0.0015826156381558779,0.029203260891311436,-0.02165681798598495,share,9,True,-0.07473036754093823,12,13.938385048059892
enc1_mlp,|neg-q mass|,168,17387699658.666668,16547456149.333334,-840243509.3333334,-1706700036.5333333,-33714890.400000304,-4.832401788781331,-0.08121530080206046,-0.16496426965073305,-0.0032587755036835,0.06735504807591887,-0.040843508562069544,share,5,True,-0.22670717068577084,12,19.036108302314997
enc2_attn,|neg-q mass|,168,17387699658.666668,17046532106.666666,-341167552.0,-1076018258.6666665,154666375.4666666,-1.9621201119030691,-0.032976184941394815,-0.10400454817611025,0.014949566486334574,0.019115932215253234,-0.016583858936641133,share,14,False,0.19543281968093326,12,8.076410489052588
enc2_mlp,|neg-q mass|,168,17387699658.666668,17030439637.333334,-357260021.3333333,-717207998.9333333,-48685493.333333336,-2.0546709935564236,-0.03453163252657351,-0.06932307447067328,-0.00470578700322311,0.02067137980043192,-0.017366099919998844,share,13,True,-0.2244389552002721,12,18.945339713648835
downsample,|neg-q mass|,168,17387699658.666668,17510281898.666668,122582240.0,-808372474.6666666,1618573838.6666656,0.7049940038439789,0.01184841463695365,-0.07813474660726527,0.15644626791816152,0.0,0.005958616417007582,share,18,False,0.09521213054995414,12,9.913562980669823
dec0_attn,|neg-q mass|,168,17387699658.666668,16976911520.0,-410788138.6666667,-1083714109.8666668,-7193127.466666717,-2.3625214762777134,-0.03970549236875651,-0.10474840500236748,-0.0006952651278156384,0.025845239642614926,-0.019968055298803376,share,10,True,0.14940810889150732,12,8.88031206178428
dec0_mlp,|neg-q mass|,168,17387699658.666668,17019510656.0,-368189002.6666667,-630659655.4666667,-150404021.3333334,-2.117525664087186,-0.03558799356547164,-0.060957583192862194,-0.01453758071171286,0.021727740839330052,-0.017897348228024294,share,12,True,-0.23817010694149127,12,19.503095663058723
dec1_attn,|neg-q mass|,168,17387699658.666668,16724435989.333334,-663263669.3333334,-1305098174.3999999,-163404871.20000032,-3.8145567404181517,-0.06410898485693077,-0.1261466939437756,-0.015794202061208944,0.05024873213078918,-0.032240671967605494,share,7,True,0.44320539470011666,12,4.629649589819441
dec1_mlp,|neg-q mass|,168,17387699658.666668,16685321877.333334,-702377781.3333334,-1632242093.8666666,-7092847.733333973,-4.039509510294782,-0.06788963217690341,-0.15776739857275968,-0.0006855724034845322,0.05402937945076183,-0.034141975042992864,share,6,True,0.4309936465177238,12,4.771562933492553
dec2_attn,|neg-q mass|,168,17387699658.666668,16989578560.0,-398121098.6666667,-1295347693.8666668,191144371.4666663,-2.289670896565254,-0.038481136033427045,-0.1252042430938933,0.018475415106274404,0.024620883307285457,-0.019352321465754708,share,11,False,0.4949915545206035,12,4.053602394895161
dec2_mlp,|neg-q mass|,168,17387699658.666668,17247019157.333332,-140680501.33333334,-676797057.8666667,251507438.1333333,-0.8090805804965294,-0.01359773578237634,-0.06541707972276066,0.024309919701921753,0.0,-0.0068383572106175995,share,17,False,0.4540808994691792,12,4.505271480260378
upsample,|neg-q mass|,168,17387699658.666668,16772906026.666666,-614793632.0,-1253715202.9333334,-73900965.33333334,-3.5357962471681197,-0.059424023154534426,-0.12118017716927527,-0.007143035396811733,0.04556377042839284,-0.029884585472633868,share,8,True,0.23883222970487444,12,7.373083315500673
decoder_io,|neg-q mass|,168,17387699658.666668,40227303040.0,22839603381.333332,9651803246.4,40044193506.66663,131.35494533314667,2.207604388740212,0.932913012991462,3.870546079671845,2.1937441360140704,1.1102133201836961,share,1,True,0.750188259026639,12,1.712810536934761
decoder_heads,|neg-q mass|,168,17387699658.666668,19752950240.0,2365250581.3333335,170688451.20000002,5489399217.599999,13.603010333540041,0.2286176986807632,0.01649821004704294,0.5305881018155137,0.2147574459546216,0.11497278026792078,share,2,True,0.1500820380059841,12,8.868076543140589
film,|neg-q mass|,168,17387699658.666668,17145551296.0,-242148362.66666666,-906459082.6666666,113125031.19999994,-1.3926417376663796,-0.02340530083749566,-0.08761549032606446,0.01093431051248466,0.009545048111354076,-0.011770621985184035,share,16,False,-0.1051381243441369,12,14.819781524841357
cond_embed,|neg-q mass|,168,17387699658.666668,17086944298.666666,-300755360.0,-942738115.2,301158068.7999997,-1.7297018346535131,-0.029070069282191812,-0.09112210776169351,0.029108993851039197,0.015209816556050226,-0.014619457317789474,share,15,False,-0.06010990258911256,12,13.534900374110475
encoder_io,EffRes Z500,168,55.636112936486484,55.66194216901628,0.025829232529799146,0.0,0.06456408785259526,0.046425300342756666,1817570656194.8333,0.0,4543293781163.5,1817570656194.8333,0.5718267797819316,colmax,6,False,0.3394852278529719,12,5.917330852889668
enc0_attn,EffRes Z500,168,55.636112936486484,55.655471370675976,0.019358434189495455,0.006452811396498485,0.03871686837899091,0.03479472804218873,1362228703160.75,454076234386.9167,2724457406321.5,1362228703160.75,0.4285714285714286,colmax,13,True,-0.37500000000000006,12,26.4
enc0_mlp,EffRes Z500,168,55.636112936486484,55.661924182072475,0.02581124558599394,0.01290562279299697,0.04516967977548939,0.046392970722918314,1816304937547.6667,908152468773.8334,3178533640708.4165,1816304937547.6667,0.5714285714285715,colmax,7,True,-0.17857142857142855,12,17.217391304347824
enc1_attn,EffRes Z500,168,55.636112936486484,55.64901855927948,0.01290562279299697,0.0,0.02581124558599394,0.023196485361459157,908152468773.8334,0.0,1816304937547.6667,908152468773.8334,0.28571428571428575,colmax,17,False,-0.22222222222222227,12,18.85714285714286
enc1_mlp,EffRes Z500,168,55.636112936486484,55.655471370675976,0.019358434189495455,0.006452811396498485,0.03871686837899091,0.03479472804218873,1362228703160.75,454076234386.9167,2724457406321.5,1362228703160.75,0.4285714285714286,colmax,14,True,-0.37500000000000006,12,26.4
enc2_attn,EffRes Z500,168,55.636112936486484,55.66192418207248,0.02581124558599394,0.006452811396498485,0.05162249117198788,0.046392970722918314,1816304937547.6667,454076234386.9167,3632609875095.3335,1816304937547.6667,0.5714285714285715,colmax,8,True,0.21428571428571427,12,7.764705882352942
enc2_mlp,EffRes Z500,168,55.636112936486484,55.64901855927948,0.01290562279299697,0.0,0.03226405698249243,0.023196485361459157,908152468773.8334,0.0,2270381171934.5835,908152468773.8334,0.28571428571428575,colmax,18,False,-0.22222222222222227,12,18.85714285714286
downsample,EffRes Z500,168,55.636112936486484,55.668376993468975,0.03226405698249243,0.019358434189495455,0.058075302568486364,0.057991213403647886,2270381171934.5835,1362228703160.75,4086686109482.25,2270381171934.5835,0.7142857142857144,colmax,4,True,-0.09999999999999995,12,14.666666666666666
dec0_attn,EffRes Z500,168,55.636112936486484,55.655471370675976,0.019358434189495455,0.0,0.04516967977548939,0.03479472804218873,1362228703160.75,0.0,3178533640708.4165,1362228703160.75,0.4285714285714286,colmax,15,False,0.5416666666666667,12,3.5675675675675667
dec0_mlp,EffRes Z500,168,55.636112936486484,55.68128261626197,0.04516967977548939,0.02581124558599394,0.07098092536148333,0.08118769876510702,3178533640708.4165,1816304937547.6667,4994838578256.083,3178533640708.4165,1.0,colmax,1,True,0.21428571428571427,12,7.764705882352942
dec1_attn,EffRes Z500,168,55.636112936486484,55.655471370675976,0.019358434189495455,0.0,0.04516967977548939,0.03479472804218873,1362228703160.75,0.0,3178533640708.4165,1362228703160.75,0.4285714285714286,colmax,16,False,0.5416666666666669,12,3.5675675675675658
dec1_mlp,EffRes Z500,168,55.636112936486484,55.66192418207248,0.02581124558599394,0.01290562279299697,0.04516967977548939,0.046392970722918314,1816304937547.6667,908152468773.8334,3178533640708.4165,1816304937547.6667,0.5714285714285715,colmax,9,True,-0.17857142857142855,12,17.217391304347824
dec2_attn,EffRes Z500,168,55.636112936486484,55.674829804865475,0.03871686837899091,0.019358434189495455,0.06452811396498485,0.06958945608437746,2724457406321.5,1362228703160.75,4540762343869.167,2724457406321.5,0.8571428571428572,colmax,2,True,0.2666666666666667,12,6.947368421052631
dec2_mlp,EffRes Z500,168,55.636112936486484,55.668394980412785,0.03228204392629763,0.01290562279299697,0.05812926339990199,0.058023543023486245,2271646890581.75,908152468773.8334,4090483265423.75,2271646890581.75,0.7146839226390745,colmax,3,True,-0.2692757922905726,12,20.844128806450605
upsample,EffRes Z500,168,55.636112936486484,55.661924182072475,0.02581124558599394,0.01290562279299697,0.04516967977548939,0.046392970722918314,1816304937547.6667,908152468773.8334,3178533640708.4165,1816304937547.6667,0.5714285714285715,colmax,10,True,-0.17857142857142855,12,17.217391304347824
decoder_io,EffRes Z500,168,55.636112936486484,55.668376993468975,0.03226405698249243,0.01290562279299697,0.058075302568486364,0.057991213403647886,2270381171934.5835,908152468773.8334,4086686109482.25,2270381171934.5835,0.7142857142857144,colmax,5,True,0.26666666666666666,12,6.947368421052633
decoder_heads,EffRes Z500,168,55.636112936486484,55.64901855927948,0.01290562279299697,0.0,0.03226405698249243,0.023196485361459157,908152468773.8334,0.0,2270381171934.5835,908152468773.8334,0.28571428571428575,colmax,19,False,0.38888888888888873,12,5.280000000000002
film,EffRes Z500,168,55.636112936486484,55.661924182072475,0.02581124558599394,0.006452811396498485,0.05162249117198788,0.046392970722918314,1816304937547.6667,454076234386.9167,3632609875095.3335,1816304937547.6667,0.5714285714285715,colmax,11,True,0.21428571428571427,12,7.764705882352942
cond_embed,EffRes Z500,168,55.636112936486484,55.661924182072475,0.02581124558599394,0.006452811396498485,0.05162249117198788,0.046392970722918314,1816304937547.6667,454076234386.9167,3632609875095.3335,1816304937547.6667,0.5714285714285715,colmax,12,True,0.21428571428571427,12,7.764705882352942
encoder_io,DKE<1000km 500hPa,168,0.8321358561515808,0.8314824104309082,-0.0006534357865651449,-0.006022662296891213,0.008575273801883061,-0.07852513613459962,-0.017566554754717814,-0.16190944723681197,0.23053224184325877,0.0,-0.09713567384671047,share,11,False,-0.4481708153455742,12,31.491719299024773
enc0_attn,DKE<1000km 500hPa,168,0.8321358561515808,0.8312795758247375,-0.0008561909198760986,-0.002481918409466743,0.0017398785799741731,-0.10289076589131059,-0.023017295629853357,-0.06672232610004605,0.04677379624758265,0.0,-0.12727598281810412,share,7,False,0.028421818870336506,12,11.336727750839293
enc0_mlp,DKE<1000km 500hPa,168,0.8321358561515808,0.8343203067779541,0.0021844704945882163,0.0006832192341486613,0.0037088741858800254,0.26251369529552754,0.05872592432527219,0.018367234138242747,0.09970702983241876,0.031238219991005855,0.32472971002320333,share,4,True,-0.41107411068804534,12,28.75215648617406
enc1_attn,DKE<1000km 500hPa,168,0.8321358561515808,0.8325181007385254,0.0003822644551595052,-0.0016744614889224372,0.002294105788071947,0.04593774782156974,0.010276556044841532,-0.045015164511333056,0.06167329027251436,0.0,0.05682504111804154,share,16,False,-0.06059994853457126,12,13.548220869863593
enc1_mlp,DKE<1000km 500hPa,168,0.8321358561515808,0.8313015103340149,-0.0008343160152435303,-0.003959805394212404,0.001830390344063439,-0.10026199976077274,-0.02242922451730811,-0.10645290586410865,0.04920705731548052,0.0,-0.12402419642148438,share,8,False,-0.2522532307495039,12,20.096427543319777
enc2_attn,DKE<1000km 500hPa,168,0.8321358561515808,0.8328730463981628,0.0007372299830118815,-0.0007707727452119192,0.0021814558655023565,0.0885949101178361,0.019819224979204256,-0.02072096740122371,0.058644880941988435,0.0,0.109591994580356,share,10,False,0.01917941772199051,12,11.548356239025487
enc2_mlp,DKE<1000km 500hPa,168,0.8321358561515808,0.8326711654663086,0.0005354483922322592,-0.0009054187685251235,0.001577831680576006,0.06434627358582665,0.01439465620626192,-0.024340706003955728,0.0424174298078539,0.0,0.07959640634777648,share,13,False,-0.1530623201527622,12,16.337386056939728
downsample,DKE<1000km 500hPa,168,0.8321358561515808,0.8286545872688293,-0.003481204311052958,-0.006877870733539263,-4.260080556074844e-05,-0.41834568607689115,-0.09358649679095103,-0.18490033040843154,-0.0011452531356015152,0.06609879245668471,-0.5174940422680545,share,2,True,-0.04804419343470887,12,13.211254382273605
dec0_attn,DKE<1000km 500hPa,168,0.8321358561515808,0.8316288590431213,-0.000506967306137085,-0.0030869593222935996,0.0031411779423554734,-0.060923624859100016,-0.013628988685977077,-0.08298786365177274,0.08444544277067702,0.0,-0.07536258636634652,share,14,False,0.21875018364488158,12,7.692304725012539
dec0_mlp,DKE<1000km 500hPa,168,0.8321358561515808,0.8322751522064209,0.00013922651608784994,-0.0013484656810760498,0.002010928591092427,0.01673122494073025,0.0037428776758953765,-0.03625129922252688,0.054060533459519826,0.0,0.020696542392654685,share,18,False,0.03494077591676411,12,11.18973274460124
dec1_attn,DKE<1000km 500hPa,168,0.8321358561515808,0.8315510749816895,-0.0005847960710525513,-0.0020628804961840314,0.0003912568092346165,-0.07027651688893599,-0.01572128801896333,-0.055457175645588073,0.010518300809181131,0.0,-0.08693212338919726,share,12,False,-0.19078070874807765,12,17.658215343420963
dec1_mlp,DKE<1000km 500hPa,168,0.8321358561515808,0.8330171704292297,0.0008813192447026571,-0.0014448419213294982,0.0025759482135375342,0.10591050427786623,0.023692829634932012,-0.03884221716163375,0.06925016393162198,0.0,0.13101140229596497,share,6,False,0.02024122299784487,12,11.523848536014995
dec2_attn,DKE<1000km 500hPa,168,0.8321358561515808,0.8316946625709534,-0.000441133975982666,-0.0017413768917322158,0.0014428916076819093,-0.05301225649076471,-0.011859167040728511,-0.04681407591404483,0.03878978616201046,0.0,-0.06557621558959856,share,15,False,0.038732349926166504,12,11.105085734266321
dec2_mlp,DKE<1000km 500hPa,168,0.8321358561515808,0.8318420052528381,-0.0002937863270441691,-0.0020670528213183083,0.0013629323492447532,-0.03530509317050917,-0.007897965961333707,-0.05556934179784465,0.0366402119875282,0.0,-0.04367243642163206,share,17,False,-0.2321235048258113,12,19.255026232513767
upsample,DKE<1000km 500hPa,168,0.8321358561515808,0.8320198655128479,-0.00011595090230305989,-0.002679755911231041,0.003418420751889547,-0.013934131823632068,-0.003117150783663991,-0.07204086447632252,0.09189866326175669,0.0,-0.017236535341210522,share,19,False,0.22347753342541216,12,7.616216354056272
decoder_io,DKE<1000km 500hPa,168,0.8321358561515808,0.838679313659668,0.006543487310409546,0.00245470367372036,0.01038346191247304,0.7863484712796766,0.17591097777080625,0.06599070234228244,0.2791424283444872,0.1484232734365399,0.9727138645790454,share,1,True,-0.21942081778741093,12,18.746400297239354
decoder_heads,DKE<1000km 500hPa,168,0.8321358561515808,0.8303324580192566,-0.0018033732970555623,-0.006997588028510412,0.002909455820918083,-0.21671621996275806,-0.048480748096835766,-0.1881187345124555,0.07821597169210842,0.020993043762569434,-0.26807818611751544,share,5,False,0.3553019365744765,12,5.708231171468671
film,DKE<1000km 500hPa,168,0.8321358561515808,0.8329217433929443,0.0007859021425247192,-0.0005478686342636744,0.0021102310468753163,0.0944439744487036,0.021127696557730793,-0.014728554144204061,0.056730117927731624,0.0,0.11682729314994655,share,9,False,0.033360323496853174,12,11.225199820702317
cond_embed,DKE<1000km 500hPa,168,0.8321358561515808,0.8347781300544739,0.0026423484086990356,-0.0013822456200917562,0.009215066581964491,0.3175381158703166,0.07103522481749706,-0.037159417756177586,0.2477320266332109,0.04354752048323073,0.3927949746461818,share,3,False,0.2833476661234021,12,6.701089839900208
encoder_io,DKEpert<1000km 500hPa,168,0.0,0.4838041365146637,0.4838041414817174,0.43832749749223393,0.5236024891957641,nan,nan,nan,nan,0.0,0.7412099405834547,share,1,True,0.34635853513359854,12,5.825860923159292
enc0_attn,DKEpert<1000km 500hPa,168,0.0,0.09034645557403564,0.09034645433227222,0.07701474290030698,0.10673035078216343,nan,nan,nan,nan,0.0,0.13841487557848836,share,9,True,-0.012468075589117118,12,12.303011788016189
enc0_mlp,DKEpert<1000km 500hPa,168,0.0,0.0792936310172081,0.07929363815734784,0.07007991553594668,0.08914230092583844,nan,nan,nan,nan,0.0,0.12148145868956922,share,10,True,0.1342528851131775,12,9.15930258145673
enc1_attn,DKEpert<1000km 500hPa,168,0.0,0.09408106654882431,0.09408106592794259,0.07306203418411314,0.12181999546010044,nan,nan,nan,nan,0.0,0.1441364703346873,share,8,True,0.14397314076493845,12,8.979513543431588
enc1_mlp,DKEpert<1000km 500hPa,168,0.0,0.13666725158691406,0.13666725779573122,0.11790196988731623,0.15058947989406685,nan,nan,nan,nan,0.0,0.2093804524290242,share,6,True,-0.2832639168393015,12,21.485128715947447
enc2_attn,DKEpert<1000km 500hPa,168,0.0,0.039632756263017654,0.03963275719434023,0.02835599355166778,0.05373698703867069,nan,nan,nan,nan,0.0,0.060719185898671174,share,18,True,-0.051449657230257746,12,13.301767252458767
enc2_mlp,DKEpert<1000km 500hPa,168,0.0,0.04422301426529884,0.044223014575739704,0.034749104684063545,0.05096309647584955,nan,nan,nan,nan,0.0,0.06775166889997356,share,13,True,-0.46409604408424343,12,32.78414412707334
downsample,DKEpert<1000km 500hPa,168,0.0,0.23457391560077667,0.234573928018411,0.2163140323633949,0.2577823600421349,nan,nan,nan,nan,0.0,0.35937792247180333,share,4,True,-0.37156343377758805,12,26.190011991609804
dec0_attn,DKEpert<1000km 500hPa,168,0.0,0.04184703901410103,0.04184703854843974,0.033431805709066495,0.05570012376022835,nan,nan,nan,nan,0.0,0.06411156560398044,share,16,True,-0.05722125169259035,12,13.456662067412633
dec0_mlp,DKEpert<1000km 500hPa,168,0.0,0.04399719834327698,0.0439971974119544,0.034905619247971725,0.05661572856285298,nan,nan,nan,nan,0.0,0.06740570673842733,share,14,True,-0.15279962679285367,12,16.328599418749114
dec1_attn,DKEpert<1000km 500hPa,168,0.0,0.05319374427199364,0.05319374039148291,0.044088667433243245,0.06329801805162182,nan,nan,nan,nan,0.0,0.081495228697774,share,12,True,-0.2941871861302606,12,22.003349795274893
dec1_mlp,DKEpert<1000km 500hPa,168,0.0,0.05829105153679848,0.0582910580560565,0.04931774116121232,0.0658844190960129,nan,nan,nan,nan,0.0,0.08930455110605759,share,11,True,-0.2627364126139549,12,20.55280799244619
dec2_attn,DKEpert<1000km 500hPa,168,0.0,0.0378350093960762,0.03783500970651706,0.029874365101568403,0.04904628138368326,nan,nan,nan,nan,0.0,0.057964955013932416,share,19,True,-0.022001476637583506,12,12.539914352310664
dec2_mlp,DKEpert<1000km 500hPa,168,0.0,0.04145323857665062,0.04145324074973663,0.035656931321136655,0.05038502471676717,nan,nan,nan,nan,0.0,0.06350824947261231,share,17,True,-0.0477557759623733,12,13.203618351432155
upsample,DKEpert<1000km 500hPa,168,0.0,0.09818724542856216,0.09818724480768044,0.08577194289925198,0.11425882984573638,nan,nan,nan,nan,0.0,0.150427323063137,share,7,True,0.36144680337424095,12,5.6283053737522835
decoder_io,DKEpert<1000km 500hPa,168,0.0,0.32538071274757385,0.3253806879123052,0.2983275279402733,0.35070441334197916,nan,nan,nan,nan,0.0,0.4984980070981827,share,2,True,-0.392794363763567,12,27.525324812128243
decoder_heads,DKEpert<1000km 500hPa,168,0.0,0.24920733273029327,0.2492073414226373,0.2131789638971289,0.30209875693544735,nan,nan,nan,nan,0.0,0.3817969771054842,share,3,True,0.049559787727529406,12,10.866729728626485
film,DKEpert<1000km 500hPa,168,0.0,0.04281669482588768,0.042816691721479096,0.034229223080910746,0.05461538652889429,nan,nan,nan,nan,0.0,0.06559711834971323,share,15,True,0.03298402629459377,12,11.23366033653991
cond_embed,DKEpert<1000km 500hPa,168,0.0,0.21776415407657623,0.21776413669188818,0.19555294681340457,0.24369327497358123,nan,nan,nan,nan,0.0,0.33362455791358964,share,5,True,-0.32567524587994345,12,23.59115967990558
