group,metric,lead,fp32_mean,group_mean,mean_delta,ci_lo,ci_hi,rel_pct,svr,svr_ci_lo,svr_ci_hi,share,norm,rank,significant,lag1_autocorr,n,n_eff
embed,RMSE Z500,24,47.163361152013145,47.18563222885132,0.022271076838175457,-0.006378686428070069,0.0456418772538503,0.047221140084552325,0.008670873464376517,-0.00248343550195674,0.017769906018480726,0.1461229486159891,share,4,False,-0.028520166047613944,48,50.818314745074915
b0-5_attn,RMSE Z500,24,47.163361152013145,47.1645123163859,0.0011511643727620442,-0.009959179162979125,0.011640642086664835,0.0024408022342845836,0.00044818670805393275,-0.0038774408152202214,0.004532090446769596,0.00755291419952041,share,11,False,0.2793214448496753,48,27.039780179156097
b0-5_mlp,RMSE Z500,24,47.163361152013145,47.16091259320577,-0.002448558807373047,-0.011603991190592447,0.00743667682011922,-0.005191654597052677,-0.0009533056593125074,-0.00451782102978052,0.002895346469829627,-0.016065259681548073,share,9,False,-0.04565543289328315,48,52.592598636614944
b6-11_attn,RMSE Z500,24,47.163361152013145,47.169245640436806,0.005884488423665364,-0.007130726178487142,0.01793159246444702,0.012476821583387483,0.0022910277260024437,-0.0027762296745703513,0.0069813673763394635,0.03860876624019946,share,7,False,0.021666417038258348,48,45.96413388853232
b6-11_mlp,RMSE Z500,24,47.163361152013145,47.173418601353966,0.010057449340820312,0.00015732447306315107,0.02425995071729024,0.021324708619481027,0.003915700675018384,6.125166774342875e-05,0.009445208440081301,0.06598801503470535,share,6,True,0.09003850551951875,48,40.070283310079795
b12-17_attn,RMSE Z500,24,47.163361152013145,47.16921575864156,0.005854606628417969,-0.0008761624495188395,0.01125534176826476,0.012413463513653899,0.0022793937458693214,-0.0003411192817131164,0.004382080174212666,0.03841270854333929,share,8,False,-0.17820494897770348,48,68.81744722188084
b12-17_mlp,RMSE Z500,24,47.163361152013145,47.19051376978556,0.027152617772420246,0.01858260234196981,0.03306131958961486,0.05757142219975399,0.010571420261442777,0.007234827247771609,0.012871875069618248,0.1781512676902964,share,2,True,-0.07854912366860206,48,56.183524554459034
b18-23_attn,RMSE Z500,24,47.163361152013145,47.16580446561178,0.0024433135986328125,-0.00801555315653483,0.01061311364173889,0.005180533233748378,0.000951263524501906,-0.003120722346400525,0.004132039331516457,0.016030845298588572,share,10,False,0.2567698933824908,48,28.38629832357302
b18-23_mlp,RMSE Z500,24,47.163361152013145,47.18687582015991,0.023514668146769207,0.013060329357783,0.035599285364150995,0.04985791422069904,0.009155045063108167,0.005084822080551705,0.01385998984502055,0.15428228595765947,share,3,True,0.1809991135945137,48,33.28710588766861
adaln,RMSE Z500,24,47.163361152013145,47.14792776107788,-0.015433390935262045,-0.02002729376157125,-0.010967767238616947,-0.03272326347886526,-0.0060087341487020775,-0.007797293831020163,-0.004270117812613717,-0.1012601504179679,share,5,True,0.41565435083724234,48,19.8131635333328
head,RMSE Z500,24,47.163361152013145,47.23865453402201,0.07529338200887044,0.05895502765973409,0.09168331027030945,0.15964380012313134,0.02931422637745091,0.022953159770439324,0.035695372429694915,0.49400803878271526,share,1,True,0.2649432590540105,48,27.892732194006655
embed,RMSE T850,24,0.5637532994151115,0.5637855529785156,3.225356340408325e-05,-0.000116690993309021,0.00022603723530968022,0.0057212194478588425,0.001247664807543306,-0.004513958469795163,0.008743799875909836,0.04301812544717386,share,9,False,0.24467104942576123,48,29.128812503745753
b0-5_attn,RMSE T850,24,0.5637532994151115,0.5637861428161463,3.284340103467306e-05,-9.026378393173215e-07,6.859957550962765e-05,0.005825846353138466,0.0012704815005279474,-3.491674553796985e-05,0.002653637835406943,0.04380482020298381,share,8,False,0.11836152822463265,48,37.83986267159716
b0-5_mlp,RMSE T850,24,0.5637532994151115,0.5637963513533274,4.305193821589152e-05,2.1487691750129064e-05,6.61704378823439e-05,0.007636662749567492,0.0016653784121631794,0.0008312085227947443,0.0025596714884247207,0.05742043617669661,share,6,True,-0.22093221423200363,48,75.22419403513683
b6-11_attn,RMSE T850,24,0.5637532994151115,0.5638421575228373,8.885810772577922e-05,-8.661579340696334e-06,0.00019934972127278646,0.01576187807999858,0.003437298771778852,-0.0003350559312079871,0.007711446593033967,0.1185143228131542,share,3,False,0.26391433749681,48,27.95451459956422
b6-11_mlp,RMSE T850,24,0.5637532994151115,0.563791616509358,3.8317094246546425e-05,-3.99338702360789e-06,9.976091484228769e-05,0.006796784034133376,0.0014822204114254174,-0.00015447621677748972,0.0038590521319355844,0.051105347536900124,share,7,False,-0.056378271982147815,48,53.73568194710306
b12-17_attn,RMSE T850,24,0.5637532994151115,0.5636720235149065,-8.12759002049764e-05,-0.0001447407218317191,-3.842938070495927e-05,-0.014416926746025138,-0.0031439961878541797,-0.0055990063046797755,-0.001486563989242548,-0.10840156875215305,share,4,True,-0.030998621980547914,48,51.07106654091142
b12-17_mlp,RMSE T850,24,0.5637532994151115,0.5637703749040762,1.7075488964716595e-05,-2.864577497045199e-05,7.678590094049767e-05,0.0030288938410528584,0.0006605312531195812,-0.0011081047035848808,0.0029703095164621985,0.02277439913082651,share,10,False,-0.1322434766902538,48,62.630110429873135
b18-23_attn,RMSE T850,24,0.5637532994151115,0.5638232852021853,6.998578707377116e-05,-8.135971923669178e-06,0.00015329662710428232,0.012414257645388635,0.002707260666556585,-0.0003147238560015155,0.0059299744452077745,0.09334340302620771,share,5,False,0.1119751784572517,48,38.33286233348291
b18-23_mlp,RMSE T850,24,0.5637532994151115,0.5639783355096976,0.00022503609458605448,0.00010849420602122942,0.0003161198149124781,0.0399174771694511,0.008705072742643434,0.004196882092659073,0.012228464901446228,0.30014143943609717,share,1,True,0.2295080263851058,48,30.080010817213598
adaln,RMSE T850,24,0.5637532994151115,0.5637590909997622,5.791584650675456e-06,-1.0411192973454793e-05,2.132384106516838e-05,0.0010273260762614016,0.00022403590753761375,-0.0004027362469933236,0.0008248702856593266,0.00772451440231073,share,11,False,0.021496024162981256,48,45.97980778110503
head,RMSE T850,24,0.5637532994151115,0.5638645999133587,0.0001113004982471466,1.9978297253449757e-05,0.00018985771263639126,0.01974276662551151,0.004305437913487105,0.0007728206054470474,0.007344267159860759,0.14844681612210828,share,2,True,0.25914857441424777,48,28.241995544218376
embed,RMSE Q700,24,0.0004657644761512832,0.0004658025912552451,3.8115103961899877e-08,-1.83251358976122e-08,8.453918477850189e-08,0.00818334285105931,0.002412226676091164,-0.0011597602278457105,0.005350311438256861,0.695683930942895,colmax,2,False,-0.07695290185592384,48,56.0033603843426
b0-5_attn,RMSE Q700,24,0.0004657644761512832,0.00046575187601168483,-1.2600139598362148e-08,-2.747548630092448e-08,2.329215931240431e-10,-0.0027052598992692487,-0.0007974369659866132,-0.0017388671183979564,1.474112942032397e-05,-0.2299800796812749,colmax,9,False,0.14124498626376783,48,36.1186608970672
b0-5_mlp,RMSE Q700,24,0.0004657644761512832,0.00046578009641962126,1.5620268338049453e-08,-2.1736165460121506e-09,2.8422209652489965e-08,0.003353683919203811,0.0009885747133317516,-0.0001375637285713517,0.0017987832956123098,0.28510402833112,colmax,7,False,0.014653657418880296,48,46.61356522797044
b6-11_attn,RMSE Q700,24,0.0004657644761512832,0.0004657096881904484,-5.47879608348012e-08,-9.221985237672925e-08,-1.791649992810565e-08,-0.011763018358017869,-0.003467417556736941,-0.005836405121463217,-0.001133898496301192,-1.0,colmax,1,True,-0.2544877391358817,48,80.77051799084705
b6-11_mlp,RMSE Q700,24,0.0004657644761512832,0.00046578862323561526,2.4147084332071245e-08,-1.0908161129918882e-08,5.867699049607227e-08,0.005184398031297716,0.0015282193912909325,-0.000690355122499303,0.0037135462594791763,0.4407370517928287,colmax,4,False,0.05995161658242962,48,42.57017178720849
b12-17_attn,RMSE Q700,24,0.0004657644761512832,0.00046578779923341546,2.3323082132264972e-08,-1.4682579300521562e-08,5.968569591156358e-08,0.0050074841097777255,0.001476069983814112,-0.000929230299304597,0.0037773851542647723,0.4256972111553785,colmax,5,False,0.15962898329404362,48,34.78509884023619
b12-17_mlp,RMSE Q700,24,0.0004657644761512832,0.0004657508125092136,-1.3663642069635292e-08,-4.199062762684965e-08,9.922344664422163e-09,-0.002933594717772606,-0.0008647438539294706,-0.0026575006120552217,0.0006279648223658397,-0.24939132359451086,colmax,8,False,0.040470217527204574,48,44.26597588555191
b18-23_attn,RMSE Q700,24,0.0004657644761512832,0.000465771942496455,7.46634517175456e-09,-1.152032685543721e-08,3.101599759247619e-08,0.0016030301910207176,0.0004725296568576659,-0.0007290978344373345,0.0019629388090594896,0.13627711376715362,colmax,11,False,-0.15338349138034454,48,65.39254434870492
b18-23_mlp,RMSE Q700,24,0.0004657644761512832,0.0004657385610092509,-2.5915142032317817e-08,-8.985077026106106e-08,4.103312676306806e-08,-0.005564001412572396,-0.0016401161331617263,-0.005686470778296325,0.0025969023482198907,-0.47300796812749,colmax,3,False,0.18215440046618356,48,33.20766624236421
adaln,RMSE Q700,24,0.0004657644761512832,0.0004657756495968594,1.1173445576181015e-08,1.6145956275674204e-09,2.044315200085596e-08,0.002398947568631621,0.0007071444304509555,0.00010218444236204957,0.0012938051185468452,0.20393979637007525,colmax,10,True,-0.029635074062866293,48,50.93185278444357
head,RMSE Q700,24,0.0004657644761512832,0.000465780682740539,1.6206589255792398e-08,-1.4779470802750439e-08,5.923173678941859e-08,0.0034795674821985344,0.0010256817604473404,-0.000935362363553895,0.003748655013442181,0.2958056662239929,colmax,6,False,0.19382147401119787,48,32.414033496518876
embed,RMSE U500,24,1.443855658173561,1.444025772313277,0.00017011413971583048,-6.704920281966528e-05,0.0004860465104381242,0.01178193531692914,0.0031680578148420057,-0.0012486660504917467,0.009051707567298081,0.11672375304602695,share,5,False,0.005840076462168635,48,47.44260787227712
b0-5_attn,RMSE U500,24,1.443855658173561,1.443866675098737,1.1016925175984701e-05,-4.126913845539093e-05,7.223207503557204e-05,0.0007630212281690829,0.00020516963467946244,-0.0007685605488985187,0.001345187355859774,0.0075592590699180345,share,9,False,0.049689296516140256,48,43.45563388958867
b0-5_mlp,RMSE U500,24,1.443855658173561,1.4438561325271924,4.743536313374837e-07,-9.140204638242721e-05,0.0001019188513358434,3.285325847166249e-05,8.833949554503454e-06,-0.0017021922329214442,0.0018980480634567278,0.0003254775659049469,share,11,False,0.17532067779498092,48,33.67983582157816
b6-11_attn,RMSE U500,24,1.443855658173561,1.4440282955765724,0.00017263740301132202,-5.218572914600371e-06,0.0002945925419529278,0.011956694011207723,0.0032150488763465898,-9.718616413685466e-05,0.005486235337563151,0.11845508920811819,share,4,False,0.06498027529347725,48,42.14251458652154
b6-11_mlp,RMSE U500,24,1.443855658173561,1.4440425336360931,0.00018687546253204346,8.17619264125824e-05,0.0003186397875348725,0.012942807785124168,0.0034802061161160573,0.001522663021196316,0.005934070328931687,0.12822452839834364,share,3,True,-0.08202375146808023,48,56.57786914806206
b12-17_attn,RMSE U500,24,1.443855658173561,1.4438472216327984,-8.436540762583414e-06,-9.016922364632288e-05,7.79208416740099e-05,-0.0005843063823467932,-0.00015711479914475515,-0.0016792332142886927,0.0014511299990511114,-0.00578872927423615,share,10,False,-0.029076657884708226,48,50.87495318719047
b12-17_mlp,RMSE U500,24,1.443855658173561,1.4437819148103397,-7.37433632214864e-05,-0.00023243694255749384,7.468312978744498e-05,-0.005107391642927091,-0.0013733322728893772,-0.004328703501997755,0.001390833668237146,-0.05059898096552664,share,6,False,0.036968572134853196,48,44.57754051538953
b18-23_attn,RMSE U500,24,1.443855658173561,1.443889523545901,3.386537233988444e-05,-8.505961547295252e-05,0.00013821621735890698,0.0023454818456523025,0.0006306792467288434,-0.0015840763147419105,0.0025740186457941954,0.023236712506177256,share,8,False,-0.06551385803961753,48,54.73025536645135
b18-23_mlp,RMSE U500,24,1.443855658173561,1.4442422116796176,0.0003865535060564677,0.0002078874036669731,0.0005633146812518438,0.026772309535805512,0.007198836368114132,0.0038715142368208493,0.010490682791778916,0.2652335429340695,share,2,True,0.13158890915503008,48,36.83646244967552
adaln,RMSE U500,24,1.443855658173561,1.4438162346680958,-3.9423505465189614e-05,-7.972214370965958e-05,1.3143445054690027e-05,-0.002730432591513981,-0.0007341890849643342,-0.0014846758818358315,0.00024477209177916677,-0.02705042346164988,share,7,False,0.14722870303096577,48,35.67991469039176
head,RMSE U500,24,1.443855658173561,1.444377024968465,0.0005213667949040731,0.0004107814903060595,0.0006135240197181701,0.036109343198723075,0.009709481832339844,0.007650037279267114,0.01142573785170519,0.357735630421076,share,1,True,0.07583398164941614,48,41.23309882145337
embed,RMSE MSLP,24,56.25185434023539,56.27621873219808,0.024364391962687176,-0.004328721761703491,0.05245618820190422,0.04331304674032764,0.008130137832083672,-0.0014444483003428067,0.017504070730775017,0.2652702931882448,share,2,False,-0.0002991446134052003,48,48.02872647625754
b0-5_attn,RMSE MSLP,24,56.25185434023539,56.248182694117226,-0.0036716461181640625,-0.012305764357248943,0.0021291355292002313,-0.006527155702203823,-0.0012251891636378231,-0.004106302365632361,0.0007104698258874642,-0.03997549554039602,share,8,False,-0.028444674306564187,48,50.81063636955638
b0-5_mlp,RMSE MSLP,24,56.25185434023539,56.249770641326904,-0.0020836989084879556,-0.009423675139745078,0.006843765576680498,-0.0037042315012138964,-0.0006953081099874477,-0.003144579921725155,0.002283691606755179,-0.02268652635440786,share,11,False,-0.0577019339972408,48,53.87859177853698
b6-11_attn,RMSE MSLP,24,56.25185434023539,56.27170459429423,0.01985025405883789,0.005280443032582601,0.030012353261311842,0.0352881772372783,0.006623818141958304,0.0017620275414674275,0.01001480230055943,0.21612206543521373,share,4,True,-0.04710160557522187,48,52.74526367310219
b6-11_mlp,RMSE MSLP,24,56.25185434023539,56.27200047175089,0.02014613151550293,0.007623837391535442,0.033303529024124146,0.03581416426496888,0.006722549294690417,0.002543993254479733,0.011113032563077583,0.21934346738103397,share,3,True,0.0030551571478957054,48,47.70759824710743
b12-17_attn,RMSE MSLP,24,56.25185434023539,56.24928545951843,-0.0025688807169596353,-0.010713273286819458,0.005844138065973903,-0.004566748504719401,-0.0008572081066110171,-0.003574905074093869,0.001950126564162137,-0.027969002550817332,share,10,False,-0.010365876051282448,48,49.00554748147981
b12-17_mlp,RMSE MSLP,24,56.25185434023539,56.255398988723755,0.0035446484883626304,-0.007060394684473673,0.01308168371518451,0.006301389580729327,0.001182811408583857,-0.0023559784303909606,0.0043652183827551745,0.03859279333534076,share,9,False,0.10229342042637778,48,39.09114852818977
b18-23_attn,RMSE MSLP,24,56.25185434023539,56.262110789616905,0.010256449381510416,0.0008381525675455729,0.018761199712753297,0.018233086716528492,0.0034224678074121838,0.00027968257565779087,0.006260412317841814,0.11166834529137117,share,6,True,0.026008445690215945,48,45.56648125388376
b18-23_mlp,RMSE MSLP,24,56.25185434023539,56.26676376660665,0.01490942637125651,-0.009848346312840778,0.0319649557272593,0.026504773124594063,0.0049751166202404795,-0.0032862881644700696,0.010666364925382199,0.16232820054892758,share,5,False,0.13249795712625426,48,36.76836483096422
adaln,RMSE MSLP,24,56.25185434023539,56.24412020047506,-0.007734139760335286,-0.01052657961845398,-0.004629166920979817,-0.013749128541711505,-0.002580799978937352,-0.0035126073874324018,-0.0015447036467368261,-0.08420639123377185,share,7,True,0.003953473349555867,48,47.62196112505981
head,RMSE MSLP,24,56.25185434023539,56.29602320988973,0.04416886965433756,0.03487015565236409,0.053385156393051136,0.07851984645196806,0.014738680888365451,0.01163579916601638,0.01781405751177954,0.48089396283490293,share,1,True,-0.07842274741062105,48,56.16923782598406
embed,RMSE T2M,24,0.612563023964564,0.6130310955146948,0.0004680715501308441,0.00037912139669060707,0.0006002378029127915,0.07641198241144923,0.031748647599133394,0.025715281386909008,0.0407133022184946,0.728665509898257,share,1,True,-0.05147542363302813,48,53.20981827133897
b0-5_attn,RMSE T2M,24,0.612563023964564,0.6125654901067416,2.466142177581787e-06,-1.8380861729383468e-05,2.3290545990069707e-05,0.000402594032140675,0.0001672750221702572,-0.0012467484970010753,0.0015797656081071997,0.003839141145850248,share,11,False,-0.06492233605879508,48,54.665269102221025
b0-5_mlp,RMSE T2M,24,0.612563023964564,0.6125895592073599,2.6535242795944214e-05,-2.9477570205926894e-05,7.477253675460815e-05,0.004331838808063486,0.001799848916795683,-0.00199942292644164,0.005071718028689629,0.04130846281252465,share,7,False,0.5264817904551439,48,14.889711885378032
b6-11_attn,RMSE T2M,24,0.612563023964564,0.6125698871910572,6.863226493199666e-06,-7.069082930684091e-05,0.00010258797556161874,0.001120411488238424,0.00046552318606999575,-0.0047948614427132,0.006958400875045442,0.01068425635101426,share,8,False,0.37218254133534734,48,21.961537264988845
b6-11_mlp,RMSE T2M,24,0.612563023964564,0.6126220387717088,5.901480714480082e-05,-7.370579987764358e-06,0.00011963207895557078,0.009634079243446916,0.004002892965076271,-0.000499936273775541,0.008114478898045369,0.09187068628224221,share,5,False,0.2870176290997131,48,26.59105285694754
b12-17_attn,RMSE T2M,24,0.612563023964564,0.6126666987935702,0.00010367482900619507,7.717907428741455e-05,0.0001402704355617364,0.01692476120011327,0.007032120645012475,0.0052349501500219345,0.009514350158606353,0.16139471010424836,share,4,True,0.14256765613522213,48,36.02128266497898
b12-17_mlp,RMSE T2M,24,0.612563023964564,0.6125112933417162,-5.173062284787496e-05,-0.00012128371745347977,1.744721084833144e-05,-0.008444947021625569,-0.0035088167918382405,-0.008226507259129516,0.0011834202455940947,-0.08053110825527467,share,6,False,0.25587290101009563,48,28.44085633409832
b18-23_attn,RMSE T2M,24,0.612563023964564,0.6127036573986212,0.00014063343405723572,6.83030424018701e-05,0.00019169123843312263,0.02295819834946015,0.009538971845844985,0.004632901150602834,0.013002152288797324,0.21892963353020048,share,3,True,0.09294829377265798,48,39.83581121539201
b18-23_mlp,RMSE T2M,24,0.612563023964564,0.612559383114179,-3.640850385030111e-06,-0.0001173323020339012,8.219564333558075e-05,-0.0005943633948824064,-0.00024695385951822467,-0.007958488201703544,0.0055752171088286106,-0.005667855911194827,share,10,False,0.17881271400656606,48,33.437872920214595
adaln,RMSE T2M,24,0.612563023964564,0.6125593197842439,-3.7041803201039634e-06,-2.0792304227749506e-05,7.705452541510248e-06,-0.0006047019123240853,-0.0002512494416585485,-0.0014103133153815037,0.0005226502171812621,-0.005766444127931164,share,9,False,-0.054058997436084465,48,53.48624463872255
head,RMSE T2M,24,0.612563023964564,0.6127502433955669,0.00018721943100293478,0.0001137696827451388,0.0002507919756074746,0.03056329286597051,0.012698835759107508,0.007716840649535132,0.017010873769248307,0.29145189900236457,share,2,True,0.26481561490585376,48,27.900391225914564
embed,SpecDiv> Z500,24,4.139351862401478e-05,4.033690413507429e-05,-1.056614488940492e-06,-1.427726275930278e-06,-6.262374256493786e-07,-2.55260853405076,-0.07003650727152792,-0.09463523617417852,-0.041509445946719147,-1.0,colmax,1,True,0.2753805182900448,48,27.271653144514982
b0-5_attn,SpecDiv> Z500,24,4.139351862401478e-05,4.155728587799482e-05,1.6376725398004055e-07,4.239855494840109e-08,2.830410816538157e-07,0.3956350158766877,0.010855128899199902,0.0028103406994953737,0.01876106089863114,0.15499243640341925,colmax,7,True,0.3189597665198021,48,24.78463106824321
b0-5_mlp,SpecDiv> Z500,24,4.139351862401478e-05,4.1160859988546385e-05,-2.3265863546839682e-07,-3.032236368956849e-07,-1.6400688593876114e-07,-0.5620653744893724,-0.015421516915886094,-0.02009883895463014,-0.010871012635032687,-0.22019254695408597,colmax,4,True,-0.024601426485779822,48,50.42130448697077
b6-11_attn,SpecDiv> Z500,24,4.139351862401478e-05,4.1316916546444794e-05,-7.660207756998716e-08,-2.123270064657845e-07,5.4665067258004566e-08,-0.18505814464766435,-0.0050774828652256935,-0.014073857672720385,0.0036234127210888756,-0.07249765962115379,colmax,10,False,0.14259084993705395,48,36.01957709121223
b6-11_mlp,SpecDiv> Z500,24,4.139351862401478e-05,4.150257234414312e-05,1.0905372012833443e-07,4.4696993957889695e-08,1.74110406684728e-07,0.2634560282707304,0.007228503624263115,0.002962690153422158,0.01154071318485431,0.1032105098593592,colmax,9,True,-0.12156401047447148,48,61.28513989033247
b12-17_attn,SpecDiv> Z500,24,4.139351862401478e-05,4.127575554472666e-05,-1.1776307928812457e-07,-1.827077672563367e-07,-5.548546463766498e-08,-0.284496421668786,-0.007805793735755561,-0.012110579595443852,-0.0036777918419958243,-0.1114532126151423,colmax,8,True,0.11628102137890808,48,37.99984964486283
b12-17_mlp,SpecDiv> Z500,24,4.139351862401478e-05,4.161228908590905e-05,2.1877046189426133e-07,1.1022668028696596e-07,2.9469529181369577e-07,0.5285138088438316,0.014500954894738224,0.007306251973863719,0.019533547158425677,0.20704851597637175,colmax,5,True,0.033953155273414505,48,44.84753328560049
b18-23_attn,SpecDiv> Z500,24,4.139351862401478e-05,4.136915458730073e-05,-2.4364036714056663e-08,-9.801539514834682e-08,3.711544707130084e-08,-0.058859544981811895,-0.0016149428692756689,-0.006496840623406867,0.0024601558145409545,-0.02305858661704272,colmax,11,False,-0.09063997480030934,48,57.568748724047886
b18-23_mlp,SpecDiv> Z500,24,4.139351862401478e-05,4.119503387300938e-05,-1.9848475100540478e-07,-3.402342154383102e-07,-7.719635561898046e-08,-0.47950683489432144,-0.013156339282283254,-0.022552043676272015,-0.005116873919707035,-0.18784973430038146,colmax,6,True,0.0357166330780572,48,44.689445099183736
adaln,SpecDiv> Z500,24,4.139351862401478e-05,4.10070873992178e-05,-3.864312247969792e-07,-4.68023770849868e-07,-3.183134907658314e-07,-0.9335549082140315,-0.025614160669495914,-0.03102243114538701,-0.021099053007498696,-0.36572584309767386,colmax,3,True,0.35550401460157893,48,22.822364940185828
head,SpecDiv> Z500,24,4.139351862401478e-05,4.18341484191842e-05,4.4062979516941897e-07,2.58762939135219e-07,6.195807335037291e-07,1.064489827916644,0.02920665216731937,0.017151811429841533,0.04106821456787388,0.41702039843430067,colmax,2,True,0.31067511573952433,48,25.244695689391925
embed,SpecDiv< Z500,24,4.0731155612168855e-05,3.979256227163811e-05,-9.385933405307393e-07,-1.2876786456672562e-06,-5.162250545254213e-07,-2.304362168036118,-0.06350031066201565,-0.08711759449143079,-0.03492508407884517,-1.0,colmax,1,True,0.21301443083108867,48,31.141680065773205
b0-5_attn,SpecDiv< Z500,24,4.0731155612168855e-05,4.0926532240822176e-05,1.9537662865332095e-07,6.470289311740392e-08,3.271143299343746e-07,0.47967366925123567,0.013218159643629854,0.004377458944427471,0.022130842693902097,0.20815897600854785,colmax,5,True,0.4926387296679807,48,16.315629825144647
b0-5_mlp,SpecDiv< Z500,24,4.0731155612168855e-05,4.055643345661034e-05,-1.7472215555850804e-07,-2.3116015105036543e-07,-1.2413016653075225e-07,-0.4289643957617249,-0.011820786147095964,-0.015639085395679875,-0.008397997084417156,-0.18615320183255213,colmax,7,True,-0.07321311840440234,48,55.583684562649516
b6-11_attn,SpecDiv< Z500,24,4.0731155612168855e-05,4.0690413887508235e-05,-4.0741724660620093e-08,-1.7146376004954315e-07,1.0184636873115465e-07,-0.10002594831472958,-0.002756371754558546,-0.011600340168902695,0.0068903920099939306,-0.04340721684385932,colmax,10,False,0.1523378381978964,48,35.308901971084516
b6-11_mlp,SpecDiv< Z500,24,4.0731155612168855e-05,4.0893479877013306e-05,1.6232426484445264e-07,1.0286870898805015e-07,2.416531003746058e-07,0.3985260481928398,0.010982009780484343,0.00695955819849303,0.016348983402705238,0.1729441898156494,colmax,8,True,-0.11621474989383761,48,60.62367298896225
b12-17_attn,SpecDiv< Z500,24,4.0731155612168855e-05,4.066585590104902e-05,-6.529971111982984e-08,-1.0786216080305166e-07,-2.4607736766787054e-08,-0.16031882753731855,-0.0044178365253522405,-0.007297389001073733,-0.0016648306160967343,-0.06957188837809707,colmax,9,True,-0.15612220736515675,48,65.7605478398226
b12-17_mlp,SpecDiv< Z500,24,4.0731155612168855e-05,4.09509742288113e-05,2.1981861664244207e-07,1.1232619954171241e-07,3.043359072307793e-07,0.5396817579532877,0.014871776565340385,0.00759940248707603,0.02058977388847982,0.23420005997287696,colmax,4,True,0.03247811247605231,48,44.980179279322655
b18-23_attn,SpecDiv< Z500,24,4.0731155612168855e-05,4.0701219821433675e-05,-2.993579073518049e-08,-8.606654091636302e-08,3.343718617543325e-08,-0.07349605059139756,-0.0020252988482979705,-0.00582281148799089,0.0022621849294211234,-0.03189431401489907,colmax,11,False,-0.06694271886355148,48,54.88757393659001
b18-23_mlp,SpecDiv< Z500,24,4.0731155612168855e-05,4.0541698429782023e-05,-1.8945718238683185e-07,-3.193760998480381e-07,-8.073865558344568e-08,-0.46514070013331404,-0.012817680905248206,-0.021607314565971137,-0.00546235466478294,-0.2018522550774768,colmax,6,True,-0.0748681245309625,48,55.76898963872416
adaln,SpecDiv< Z500,24,4.0731155612168855e-05,4.038511322808821e-05,-3.46042384080647e-07,-3.971425570625797e-07,-2.925863100244897e-07,-0.8495766419582342,-0.02341141572442893,-0.026868585852442634,-0.019794857665942966,-0.36868190848762367,colmax,3,True,0.25298843400298876,48,28.616828531532168
head,SpecDiv< Z500,24,4.0731155612168855e-05,4.1239870332295446e-05,5.087147201265907e-07,3.4418474873139836e-07,6.957819418100067e-07,1.2489572477894708,0.03441697417980019,0.023285737843838677,0.04707296285841157,0.5419969417627997,colmax,2,True,0.31578187738096797,48,24.960421214408033
embed,SpecRes Z500,24,0.00015439674568066644,0.0001521153967587452,-2.2813489219212593e-06,-3.5599710751436454e-06,-8.055408216023354e-07,-1.4775887353478914,-0.03498810865565513,-0.05459780991467922,-0.012354247753146197,0.6463057120873864,share,2,True,-0.009777925195695735,48,48.947949801030546
b0-5_attn,SpecRes Z500,24,0.00015439674568066644,0.00015631582785620898,1.9190821755425227e-06,1.0179603369427544e-06,3.0784053478782877e-06,1.2429550681798018,0.02943217279558709,0.015612038357598374,0.047212234727780446,-0.5436756123099658,share,3,True,0.49576827177345145,48,16.181064548305997
b0-5_mlp,SpecRes Z500,24,0.00015439674568066644,0.00015378067011321642,-6.160755674500251e-07,-9.61705730636216e-07,-2.946772402386465e-07,-0.39902108346521326,-0.009448497196949101,-0.014749284633728424,-0.004519343446655027,0.17453409011415225,share,10,True,0.07344327158591743,48,41.4318335594656
b6-11_attn,SpecRes Z500,24,0.00015439674568066644,0.0001530051438294322,-1.3916018512342514e-06,-1.9176414847758375e-06,-8.189335725698281e-07,-0.9013155329792083,-0.02134242434751738,-0.029410077514764578,-0.012559646857836478,0.394240537588016,share,5,True,0.274186188217859,48,27.342207353754507
b6-11_mlp,SpecRes Z500,24,0.00015439674568066644,0.00015496052424168738,5.637785610209297e-07,2.819923982618396e-07,8.991410860896091e-07,0.365149251388351,0.008646439552138799,0.004324801250544768,0.013789756452675073,-0.1597183582217549,share,11,True,0.22449048595030632,48,30.39995581957995
b12-17_attn,SpecRes Z500,24,0.00015439674568066644,0.00015336239016505715,-1.0343555156093014e-06,-1.364632108410054e-06,-7.56789468899418e-07,-0.669933495715398,-0.01586348445911402,-0.02092880051151363,-0.01160656833896726,0.29303271921438195,share,7,True,0.057306488374971196,48,42.79675671672775
b12-17_mlp,SpecRes Z500,24,0.00015439674568066644,0.0001559179618197959,1.5212161391294405e-06,1.0253992968500824e-06,1.9730132900501e-06,0.9852643800379836,0.023330265288736968,0.01572612662135395,0.03025929208285621,-0.43096024049266934,share,4,True,0.07906365249664705,48,40.966021400019585
b18-23_attn,SpecRes Z500,24,0.00015439674568066644,0.00015349778201804534,-8.989636626210995e-07,-1.4041453823665507e-06,-4.188003155528957e-07,-0.5822426234814532,-0.013787035382024885,-0.02153479931741584,-0.006422967922525058,0.2546762332268383,share,9,True,0.03853355098521106,48,44.438034292612905
b18-23_mlp,SpecRes Z500,24,0.00015439674568066644,0.00015129729073729928,-3.0994549433671637e-06,-4.493213670760572e-06,-1.8672215674087064e-06,-2.0074613164306334,-0.0475350637027985,-0.0689105671714833,-0.028636808011665207,0.8780749910753131,share,1,True,0.16945443248214115,48,34.08956016887475
adaln,SpecRes Z500,24,0.00015439674568066644,0.0001534039806756482,-9.927650050182517e-07,-1.2088685328611366e-06,-7.643569290394228e-07,-0.6429960687588285,-0.015225627930627211,-0.01853991871726832,-0.011722627357858086,0.28125013553972467,share,8,True,0.37295897121958,48,21.921972915712523
head,SpecRes Z500,24,0.00015439674568066644,0.00015566699372963436,1.2702480489679147e-06,7.070684697888888e-07,1.8827042633044282e-06,0.8227168541460878,0.019481271071631938,0.010844017857262835,0.028874259740805253,-0.35986102867790826,share,6,True,0.2839920323479891,48,26.766819093455215
embed,|RQE| Z500,24,0.001149665442198966,0.0011416300461254043,-8.035396073561666e-06,-2.393934983804987e-05,5.0705392861042685e-06,-0.6989334269448298,-0.012156263102343865,-0.03621638964230876,0.007670911186999287,-0.1680522846534332,share,4,False,0.2570956966892953,48,28.36650117634396
b0-5_attn,|RQE| Z500,24,0.001149665442198966,0.001151256214446524,1.590772247557955e-06,-2.4053721081903253e-06,6.495797452998884e-06,0.13836827560157705,0.0024065827994275766,-0.0036389414956667387,0.00982709777779364,0.033269412996949715,share,9,False,0.2697933255328206,48,27.60285447217738
b0-5_mlp,|RQE| Z500,24,0.001149665442198966,0.0011476363617172562,-2.0290804817098738e-06,-4.726579065087814e-06,1.5129924368769316e-06,-0.1764931263680371,-0.0030696727287224694,-0.007150554641393062,0.002288914443812852,-0.0424361920153476,share,8,False,0.03870072246025069,48,44.423157050103775
b6-11_attn,|RQE| Z500,24,0.001149665442198966,0.0011359850319270965,-1.3680410271869429e-05,-2.1147856731810558e-05,-6.411194722962441e-06,-1.189947072402463,-0.02069626252276811,-0.03199330911993409,-0.009699107441525908,-0.2861121194446507,share,2,True,-0.0228177219597861,48,50.24165066985519
b6-11_mlp,|RQE| Z500,24,0.001149665442198966,0.0011527509962737288,3.085554074762816e-06,-1.1939299232229434e-06,6.731411095491535e-06,0.2683871291165432,0.004667947516954235,-0.0018062241287909713,0.010183543359619542,0.06453128220918705,share,7,False,-0.09863177183649911,48,58.504752442401795
b12-17_attn,|RQE| Z500,24,0.001149665442198966,0.001154331314258646,4.665872059680017e-06,7.898643673343031e-07,8.898931398941082e-06,0.4058460738591568,0.007058714696835669,0.0011949378694691027,0.013462653293615094,0.0975820547427343,share,5,True,-0.044379830802980476,48,52.45832339502219
b12-17_mlp,|RQE| Z500,24,0.001149665442198966,0.0011622545697112703,1.2589127512304307e-05,8.224484840487397e-06,1.67983214320581e-05,1.0950253047725844,0.019045327058868147,0.012442324023224908,0.02541316111071633,0.26328903029398315,share,3,True,-0.045983131193021824,48,52.6271515094386
b18-23_attn,|RQE| Z500,24,0.001149665442198966,0.001148848944239944,-8.164979590219446e-07,-5.312932800431251e-06,4.094982621912397e-06,-0.07102048379050416,-0.0012352302141091672,-0.008037613625495823,0.006195050710104986,-0.017076239450096353,share,10,False,0.008611120573624202,48,47.180390183882
b18-23_mlp,|RQE| Z500,24,0.001149665442198966,0.0011704607498662274,2.0795307667261415e-05,1.2755124991296422e-05,2.726337462301368e-05,1.808813843050393,0.03145995903414983,0.01929645457149859,0.04124510502544749,0.434913093463148,share,1,True,-0.045093473055489726,48,52.53340017182496
adaln,|RQE| Z500,24,0.001149665442198966,0.0011456137300077291,-4.0517121912368266e-06,-5.1344219627935676e-06,-2.4782154468994124e-06,-0.3524253267530694,-0.00612958950134458,-0.007767555411927066,-0.0037491417623983715,-0.0847375144002964,share,6,True,-0.09051508007530797,48,57.55425152948009
head,|RQE| Z500,24,0.001149665442198966,0.0011492788582169549,-3.865839820112645e-07,-1.5032346374255212e-05,1.2255370218857328e-05,-0.03362578084210698,-0.0005848394470488991,-0.022741524611619237,0.018540405903230663,-0.008085017937220185,share,11,False,-0.0659199717565853,48,54.77491981124241
embed,SpecDiv> T850,24,0.00015111407856238657,0.00015196233774380138,8.482591814148085e-07,1.6471993831146394e-07,1.4437929773218146e-06,0.561336964420962,0.030500653232122782,0.005922795566415204,0.05191412000612624,1.0,colmax,1,True,0.0095983844605387,48,47.0873153895704
b0-5_attn,SpecDiv> T850,24,0.00015111407856238657,0.00015130695677119851,1.9287820881193815e-07,7.727768813007666e-08,2.754016463768493e-07,0.12763748463867283,0.006935275788225254,0.0027786554155586427,0.00990255136606452,0.22738122149204124,colmax,8,True,0.028816828585194337,48,45.311070865760456
b0-5_mlp,SpecDiv> T850,24,0.00015111407856238657,0.00015066218687328123,-4.5189168910534744e-07,-5.794233970846107e-07,-3.287979135772427e-07,-0.299040098318031,-0.01624856177199501,-0.020834189002917607,-0.01182250822058698,-0.5327283205489611,colmax,5,True,-0.06965594235938581,48,55.18763172783565
b6-11_attn,SpecDiv> T850,24,0.00015111407856238657,0.0001507904189566034,-3.2365960578317754e-07,-6.736038737168807e-07,-9.712429497692097e-09,-0.21418229781254733,-0.0116377513117784,-0.0242206139564392,-0.0003492275128180246,-0.3815574447934024,colmax,6,True,0.06864162111778177,48,41.83367117929166
b6-11_mlp,SpecDiv> T850,24,0.00015111407856238657,0.00015094684719466991,-1.6723136771664335e-07,-3.7655266851288614e-07,5.371715966854622e-08,-0.11066564366972788,-0.0060130984350226175,-0.013539614563070283,0.0019314951085259156,-0.1971465459857667,colmax,9,False,0.2929870505740195,48,26.246683257485802
b12-17_attn,SpecDiv> T850,24,0.00015111407856238657,0.00015100529223370054,-1.0878632868601319e-07,-4.0932796991910435e-07,2.2301604000555614e-07,-0.07198953910909194,-0.0039116040950050775,-0.01471810826484434,0.008018934602117047,-0.12824656787630503,colmax,10,False,0.3781778096847412,48,21.657194685176393
b12-17_mlp,SpecDiv> T850,24,0.00015111407856238657,0.00015141794028750155,3.0386172511498444e-07,1.214415647154965e-07,5.607105852808065e-07,0.20108101641207235,0.010925883634750314,0.004366645400967885,0.02016133688845673,0.35821802082728366,colmax,7,True,0.20651895686018681,48,31.56775105285363
b18-23_attn,SpecDiv> T850,24,0.00015111407856238657,0.00015119777223541556,8.36936730289987e-08,-3.16650490124933e-07,4.3012439239949614e-07,0.05538443130197579,0.0030093534555352503,-0.011385726210441576,0.01546588027184484,0.09866521325405087,colmax,11,False,0.35625693621274274,48,22.783048135461417
b18-23_mlp,SpecDiv> T850,24,0.00015111407856238657,0.00015177442113175252,6.603425693659423e-07,1.244029022018367e-07,1.083041577961315e-06,0.4369828249280716,0.023743780396277805,0.004473125507229157,0.03894266791226795,0.7784679303612833,colmax,2,True,0.11796688929135735,48,37.870163883700755
adaln,SpecDiv> T850,24,0.00015111407856238657,0.00015050734024650106,-6.067383158854985e-07,-6.960796326893614e-07,-5.263836631759963e-07,-0.40151011848641893,-0.021816345028650104,-0.025028769465472445,-0.01892705193099994,-0.7152746815820158,colmax,3,True,0.1106667869114295,48,38.43456447181539
head,SpecDiv> T850,24,0.00015111407856238657,0.0001515815833954548,4.67504833068233e-07,1.8113433573792765e-07,6.662475698249181e-07,0.3093721230449262,0.01680995986860142,0.006513004142859712,0.023956105090523202,0.551134421307982,colmax,4,True,-0.006629600345756138,48,48.64068914617761
embed,SpecDiv< T850,24,0.0001473364160726002,0.00014829748943157028,9.610733589700733e-07,2.531052662864871e-07,1.5744291241996201e-06,0.6522985861801492,0.03341787057696599,0.008800825610413907,0.05474511202921312,1.0,colmax,1,True,0.030776397789845325,48,45.133680792303586
b0-5_attn,SpecDiv< T850,24,0.0001473364160726002,0.0001475264472598307,1.9003118723048829e-07,8.821457413432655e-08,2.796712919916899e-07,0.12897774514676005,0.006607651290283446,0.0030673446453476105,0.009724563637771362,0.19772807710967424,colmax,8,True,0.0015671423719372407,48,47.849789733167874
b0-5_mlp,SpecDiv< T850,24,0.0001473364160726002,0.00014699316352562164,-3.4325254697857116e-07,-4.938684734649238e-07,-1.901238950570891e-07,-0.23297196723546815,-0.011935373177377832,-0.01717250049047349,-0.006610874871628097,-0.3571554073108582,colmax,5,True,0.056056197358879616,48,42.90425323963732
b6-11_attn,SpecDiv< T850,24,0.0001473364160726002,0.00014709567434086543,-2.4074173173479113e-07,-5.920764313790035e-07,9.469952146901023e-08,-0.16339594660437876,-0.008370928148720466,-0.020587329126154182,0.003292835372674751,-0.25049256592938973,colmax,7,False,0.0471728755333195,48,43.67540741647621
b6-11_mlp,SpecDiv< T850,24,0.0001473364160726002,0.00014720344203548544,-1.3297403711476363e-07,-3.3926425354972407e-07,8.251496410593972e-08,-0.09025198295120773,-0.004623694040546404,-0.011796694613057825,0.0028691611992140886,-0.13835992421771445,colmax,9,False,0.27957390723046366,48,27.024974686913076
b12-17_attn,SpecDiv< T850,24,0.0001473364160726002,0.00014725640645944318,-8.000961315701716e-08,-3.985634975833818e-07,2.707377044922997e-07,-0.05430403106696468,-0.002782046627803333,-0.013858612617477718,0.00941393025265438,-0.08325026639252474,colmax,10,False,0.41442561434232605,48,19.872074025354593
b12-17_mlp,SpecDiv< T850,24,0.0001473364160726002,0.00014765498311438327,3.1856704178305034e-07,1.121369753794473e-07,6.030248376494758e-07,0.2162174500200114,0.011077023489446648,0.0038991601370977976,0.02096802058987634,0.3314700577325754,colmax,6,True,0.3314178937948774,48,24.10358253964557
b18-23_attn,SpecDiv< T850,24,0.0001473364160726002,0.0001474046158970547,6.819982445449568e-08,-3.2349136821115587e-07,4.1688444601580457e-07,0.046288505090886785,0.0023714036870551786,-0.01124824923586575,0.014495657727351622,0.07096214229430049,colmax,11,False,0.33089415042047765,48,24.131957278247953
b18-23_mlp,SpecDiv< T850,24,0.0001473364160726002,0.00014802774770335722,6.913316307570009e-07,1.8070975708421125e-07,1.1027728798277772e-06,0.4692197958828769,0.024038571818449178,0.0062835320715857864,0.03834496194272332,0.7193328420817543,colmax,2,True,0.12170528991902906,48,37.58397723784455
adaln,SpecDiv< T850,24,0.0001473364160726002,0.00014682069452949995,-5.157215431002745e-07,-6.369956243664395e-07,-3.986550533833604e-07,-0.35002992257267346,-0.017932362415650747,-0.02214923255804677,-0.013861796141238624,-0.5366099666449432,colmax,3,True,0.3375495937885265,48,23.773039628449173
head,SpecDiv< T850,24,0.0001473364160726002,0.00014779783380921194,4.614177366117171e-07,1.4509405446005986e-07,6.719253785073912e-07,0.31317290654358865,0.016044142791067723,0.005045124066938702,0.023363789170476927,0.48010667687864306,colmax,4,True,0.0574801377024777,48,42.78184693716643
embed,SpecRes T850,24,0.0002643832323580379,0.0002694178344124036,5.034602054365678e-06,3.754618603579729e-06,6.238524777775941e-06,1.9042819052713702,0.055426167651369776,0.04133477044298022,0.06868020878241965,0.9235324583682422,share,1,True,-0.10858925066754747,48,59.69446079923443
b0-5_attn,SpecRes T850,24,0.0002643832323580379,0.00026531033881838084,9.271064603429598e-07,4.82522167051987e-07,1.3837817732564867e-06,0.3506676471401321,0.01020655804505509,0.005312108928914199,0.015234117757314411,0.17006565747280086,share,8,True,0.11479192418094922,48,38.114725015192704
b0-5_mlp,SpecRes T850,24,0.0002643832323580379,0.00026386407974617515,-5.191526118627129e-07,-8.097625444255149e-07,-1.9324466696465002e-07,-0.19636366770781308,-0.005715375195701464,-0.008914713429278801,-0.0021274395062918817,-0.09523181429724197,share,11,True,0.015133730650202095,48,46.56882093604668
b6-11_attn,SpecRes T850,24,0.0002643832323580379,0.00026233239805151243,-2.0508343065254544e-06,-3.908777576574114e-06,-6.418969519472749e-07,-0.7757051338823697,-0.02257773005119509,-0.04303191373054962,-0.007066673331744678,-0.3761989584001021,share,3,True,0.3628659007658115,48,22.439798916427797
b6-11_mlp,SpecRes T850,24,0.0002643832323580379,0.00026359080023515463,-7.924321228832317e-07,-1.4429028321198226e-06,-1.9078701901283571e-07,-0.2997285855897585,-0.008723922014287311,-0.01588498423790234,-0.0021003831459411792,-0.14536139671688947,share,9,True,0.2127606155388148,48,31.158243407622834
b12-17_attn,SpecRes T850,24,0.0002643832323580379,0.0002653934348018083,1.0102024437704433e-06,-6.051898177853823e-07,2.9494807449736956e-06,0.38209777328177474,0.011121365582745858,-0.006662562788331587,0.03247097039450045,0.18530853804739664,share,7,False,0.32420759458238074,48,24.496185939996668
b12-17_mlp,SpecRes T850,24,0.0002643832323580379,0.0002657714573312357,1.3882249731977936e-06,8.732366723052109e-08,2.994328436519329e-06,0.5250805661222139,0.015283033151658614,0.0009613503048675597,0.03296470071192042,0.25465186889077307,share,6,True,0.5113560122115165,48,15.519117417957947
b18-23_attn,SpecRes T850,24,0.0002643832323580379,0.0002625718367805045,-1.8113955775334034e-06,-3.7688409520342245e-06,6.59053322730547e-08,-0.685140113227885,-0.01994173797237003,-0.041491344937115565,0.0007255548613853247,-0.3322770285977561,share,4,False,0.24229080483043341,48,29.276592265450702
b18-23_mlp,SpecRes T850,24,0.0002643832323580379,0.00026645492819928524,2.071695841247371e-06,7.951763033512786e-07,3.6218624169729686e-06,0.7835957760141918,0.022807395655045384,0.008754132824405994,0.03987325142396614,0.38002573641334336,share,2,True,0.13381293099150543,48,36.67005215406141
adaln,SpecRes T850,24,0.0002643832323580379,0.0002636653922915381,-7.178400664997753e-07,-1.0139421836659796e-06,-4.480459817083708e-07,-0.27151497471959524,-0.00790273460405598,-0.01116253655280153,-0.004932559004570531,-0.13167845127995653,share,10,True,0.44266532977289014,48,18.543499742322552
head,SpecRes T850,24,0.0002643832323580379,0.00026614485977916047,1.7616274211225875e-06,9.227156321382305e-07,2.607203009574732e-06,0.6663158648188868,0.019393838028911037,0.010158219213589224,0.028702818921812832,0.32314770569552587,share,5,True,0.1554121984162384,48,35.08723080091275
embed,|RQE| T850,24,0.0016741448331837698,0.0016632364925802297,-1.0908340603540031e-05,-2.3070218700619685e-05,4.988704661930861e-06,-0.6515768759860115,-0.006316176423457986,-0.013358179464398575,0.0028885730574874985,-0.7784118815262892,colmax,2,False,0.07570700729711857,48,41.2436317220011
b0-5_attn,|RQE| T850,24,0.0016741448331837698,0.0016734736691432772,-6.711640404925371e-07,-3.7863706893404015e-06,1.8596771648541706e-06,-0.040089962779156024,-0.0003886191899303218,-0.0021923944390518082,0.0010767952240218108,-0.04789381653548998,colmax,9,False,-0.24950628200273792,48,79.91579422700806
b0-5_mlp,|RQE| T850,24,0.0016741448331837698,0.0016746252849770826,4.804517933128712e-07,-4.576190243218056e-06,6.0617022730487705e-06,0.028698341015047195,0.00027819247673161737,-0.00264971786030336,0.0035098629915009533,0.03428471827273003,colmax,11,False,-0.03905622782325138,48,51.90178695111257
b6-11_attn,|RQE| T850,24,0.0016741448331837698,0.0016735676854295889,-5.77147754180866e-07,-1.1286950272430355e-05,1.2522583589695073e-05,-0.03447418304205421,-0.00033418162947954685,-0.006535400002116893,0.007250859695776792,-0.041184877295159295,colmax,10,False,0.12650706139386064,48,37.21917286627246
b6-11_mlp,|RQE| T850,24,0.0016741448331837698,0.0016731643163439003,-9.805168398694757e-07,-6.74315131163894e-06,3.018269073133219e-06,-0.058568220648197944,-0.0005677414715834312,-0.0039044374284170993,0.001747646195901667,-0.0699690251644065,colmax,8,False,-0.30903955106977055,48,90.93704067813252
b12-17_attn,|RQE| T850,24,0.0016741448331837698,0.0016756274690123973,1.4826358286275838e-06,-6.167815028372085e-06,7.684367286249952e-06,0.08856078633340295,0.0008584797455180851,-0.0035713046816498455,0.004449422808346549,0.10579989999631578,colmax,6,False,-0.016540974047171607,48,49.61464124749884
b12-17_mlp,|RQE| T850,24,0.0016741448331837698,0.0016645715728979364,-9.573260285833385e-06,-1.958146118189082e-05,7.2591014941281e-07,-0.5718298737408303,-0.005543134662790473,-0.011338109795891347,0.00042031842769762014,-0.6831414439899433,colmax,3,False,0.25169376303686514,48,28.696076017095713
b18-23_attn,|RQE| T850,24,0.0016741448331837698,0.001660131248778877,-1.4013584404892754e-05,-2.836894871810121e-05,-2.0954386476053922e-06,-0.8370592631608051,-0.008114182958093338,-0.016426264228805804,-0.0012133064655601902,-1.0,colmax,1,True,0.0067330179787651635,48,47.3579531867752
b18-23_mlp,|RQE| T850,24,0.0016741448331837698,0.0016727277000730585,-1.4171331107111957e-06,-2.5512899484662435e-05,1.952060116157857e-05,-0.08464817873709245,-0.0008205521873666972,-0.014772546996449946,0.011302870464869481,-0.10112566990472564,colmax,7,False,0.19116832822636204,48,32.593143492106655
adaln,|RQE| T850,24,0.0016741448331837698,0.0016763524242075316,2.207591023761779e-06,-1.4994074490459753e-06,5.692277075771318e-06,0.13186380174548812,0.0012782452330464087,-0.0008681908938329308,0.0032959574300521362,0.1575322173098706,colmax,5,False,-0.18707245988519078,48,70.09170591814613
head,|RQE| T850,24,0.0016741448331837698,0.0016766956517434057,2.5508185596360513e-06,-1.1256114157731645e-05,1.5476057690951465e-05,0.15236546498698594,0.0014769817548293024,-0.006517545192872319,0.008960988134523513,0.1820247044535907,colmax,4,False,-0.05732712883684641,48,53.838085020465975
embed,SpecDiv> Q700,24,0.0021096930092123025,0.0020593197599130995,-5.037324929920336e-05,-5.431701792986132e-05,-4.677237405606623e-05,-2.3877051817132036,-0.12211695717186527,-0.13167760755010918,-0.113387563416947,1.1991149739454514,share,1,True,0.09199298714619147,48,39.91265248954197
b0-5_attn,SpecDiv> Q700,24,0.0021096930092123025,0.002112797422644993,3.1044134326900044e-06,2.354305979679339e-06,3.904883609114525e-06,0.14715000804070072,0.007525850078715568,0.005707407929599548,0.0094663836677079,-0.07389931529620138,share,11,True,0.15804199581365772,48,34.89854802074683
b0-5_mlp,SpecDiv> Q700,24,0.0021096930092123025,0.002097991047776304,-1.1701961435998479e-05,-1.251603019530497e-05,-1.095682273444254e-05,-0.5546760303465975,-0.028368388845014306,-0.030341888692616083,-0.026561992152902468,0.27856049346929673,share,4,True,-0.11007574265118934,48,59.87434908898351
b6-11_attn,SpecDiv> Q700,24,0.0021096930092123025,0.0021149778961747265,5.284886962423722e-06,1.9888824681402183e-06,9.140803558693727e-06,0.25050502321173945,0.01281184604580696,0.004821532828647481,0.022159521814112727,-0.1258046121783849,share,8,True,0.31678188127520995,48,24.905012868973262
b6-11_mlp,SpecDiv> Q700,24,0.0021096930092123025,0.0021135745773790404,3.881568166737755e-06,3.2308553272741847e-06,4.774497938342391e-06,0.18398734554213736,0.009409861388169103,0.007832375856593273,0.011574539430453962,-0.09239917170081871,share,9,True,-0.2886867389159412,48,86.96163399750716
b12-17_attn,SpecDiv> Q700,24,0.0021096930092123025,0.002095065407047514,-1.4627602164788792e-05,-1.6450785066505582e-05,-1.2522408906079366e-05,-0.6933521655006246,-0.03546085058906149,-0.039880687534718816,-0.030357352232516437,0.34820419632911265,share,3,True,0.3891227131578553,48,21.10836536663185
b12-17_mlp,SpecDiv> Q700,24,0.0021096930092123025,0.0021131005050847307,3.40749587242802e-06,1.2461483493098057e-06,6.13300890108803e-06,0.1615161948941699,0.008260595322032977,0.003020965427474673,0.014867899048169597,-0.08111407108197759,share,10,True,0.4649615176586536,48,17.53073158770077
b18-23_attn,SpecDiv> Q700,24,0.0021096930092123025,0.0021194730943534523,9.78008514114966e-06,8.366824658878613e-06,1.1331641568782896e-05,0.46357859169288607,0.02370929520994503,0.020283209496055762,0.0274706437919595,-0.2328109999328441,share,6,True,0.0535065251975492,48,43.124257613875216
b18-23_mlp,SpecDiv> Q700,24,0.0021096930092123025,0.0021397006106174863,3.0007601405183475e-05,2.7486964730390657e-05,3.3230267702795876e-05,1.4223681490221858,0.07274569392697776,0.06663506010557813,0.08055821759221155,-0.7143189029442087,share,2,True,-0.014187382946557286,48,49.38158990796896
adaln,SpecDiv> Q700,24,0.0021096930092123025,0.0020996654566260986,-1.0027552586204061e-05,-1.0548207501415162e-05,-9.450800704750388e-06,-0.47530861326350293,-0.02430921623567916,-0.025571409857625255,-0.022911029980352868,0.23870186310043906,share,5,True,-0.0013249104488634272,48,48.12736014387629
head,SpecDiv> Q700,24,0.0021096930092123025,0.0021009792762924917,-8.71373291981096e-06,-1.0984581967932172e-05,-6.851574289612473e-06,-0.413033217712771,-0.0211241991449707,-0.02662928725842648,-0.01660987559318894,0.20742691346043438,share,7,True,0.1562661531677193,48,35.025867130156286
embed,SpecDiv< Q700,24,0.0019752578446059488,0.0019308940439562623,-4.4363800649686404e-05,-4.7995592285587915e-05,-4.104996854342365e-05,-2.245975165765596,-0.12401283859318898,-0.13416500732876668,-0.1147494815295332,1.1895578579411688,share,1,True,0.07651283300501648,48,41.176828233456504
b0-5_attn,SpecDiv< Q700,24,0.0019752578446059488,0.001978028531690749,2.770687084800253e-06,2.079465048154816e-06,3.552101164435347e-06,0.14026964086569604,0.0077450706478638,0.005812855517346755,0.009929405098769713,-0.07429238580449596,share,11,True,0.13876779333627495,48,36.301646535635264
b0-5_mlp,SpecDiv< Q700,24,0.0019752578446059488,0.0019650756197127825,-1.0182224893166373e-05,-1.0843892050615978e-05,-9.575848768387612e-06,-0.515488391602751,-0.028462994461785778,-0.03031259303534244,-0.02676795428516188,0.27302317329919423,share,4,True,-0.15094110522238685,48,65.06636158042308
b6-11_attn,SpecDiv< Q700,24,0.0019752578446059488,0.0019797472923528403,4.489447746891528e-06,1.456541091708156e-06,8.054079019833197e-06,0.22728413706349027,0.012549627188259187,0.004071558177277754,0.022514058463799006,-0.12037872695582143,share,8,True,0.29255471755733675,48,26.271517248740004
b6-11_mlp,SpecDiv< Q700,24,0.0019752578446059488,0.001978747864389637,3.4900197836880884e-06,2.912238293599027e-06,4.325321303137267e-06,0.1766867952565618,0.009755865227579564,0.008140757377863503,0.01209083452667249,-0.09358036050244604,share,9,True,-0.3013977129948085,48,89.41724266540596
b12-17_attn,SpecDiv< Q700,24,0.0019752578446059488,0.0019621893273627697,-1.3068517243179182e-05,-1.4710629996746622e-05,-1.1165413949735618e-05,-0.6616106995280034,-0.036531223560579744,-0.04112152152598672,-0.03121136281601454,0.35041536456758343,share,3,True,0.36867297134811206,48,22.140933597484693
b12-17_mlp,SpecDiv< Q700,24,0.0019752578446059488,0.0019784444424052103,3.186597799261411e-06,1.3193261111155151e-06,5.642335296821933e-06,0.16132566226548095,0.008907691242725167,0.0036879927705360978,0.015772364094291766,-0.08544449295816232,share,10,True,0.4310003037729532,48,19.085939637390638
b18-23_attn,SpecDiv< Q700,24,0.0019752578446059488,0.00198433369466026,9.075850054311255e-06,7.65049953770358e-06,1.0737251553412838e-05,0.45947672498026854,0.025370277374764175,0.02138590811500294,0.030014494347369816,-0.24335716488434028,share,5,True,0.08768781516661656,48,40.26061914217024
b18-23_mlp,SpecDiv< Q700,24,0.0019752578446059488,0.002002440861057645,2.7183016451696556e-05,2.4682794719410595e-05,3.04628843878163e-05,1.3761755978303376,0.07598634432426779,0.06899732197738837,0.08515475927096755,-0.72887738086273,share,2,True,-0.010800854592728407,48,49.04820353486559
adaln,SpecDiv< Q700,24,0.0019752578446059488,0.001966426018043421,-8.831826562527567e-06,-9.272041764537184e-06,-8.331654983824895e-06,-0.4471227180109977,-0.02468814362029896,-0.025918704032022222,-0.023289983490864842,0.2368139909920561,share,6,True,-0.03229140236869858,48,51.20341746986954
head,SpecDiv< Q700,24,0.0019752578446059488,0.001967198246954164,-8.05959765178462e-06,-1.0219656724075321e-05,-6.241667203236528e-06,-0.4080276240286218,-0.022529485032384756,-0.02856762994244295,-0.017447713137554288,0.21610767288019442,share,7,True,0.13507419905693308,48,36.57596876024563
embed,SpecRes Q700,24,0.0008286694549800208,0.0007988371229051457,-2.9832332074875012e-05,-3.358491012477316e-05,-2.6084975706908155e-05,-3.600027959953498,-0.12756791907252327,-0.14361455504389964,-0.11154361186499821,1.0812081031396907,share,1,True,0.35728275713348934,48,22.72955100582506
b0-5_attn,SpecRes Q700,24,0.0008286694549800208,0.0008288937181835839,2.2426320356316864e-07,-3.145217912485047e-07,8.601027426872558e-07,0.027063046938127534,0.0009589860467926885,-0.001344946493349277,0.003677939652783342,-0.008127932885702158,share,10,False,0.35806310568472394,48,22.688909519854466
b0-5_mlp,SpecRes Q700,24,0.0008286694549800208,0.000828118936624378,-5.505183556427559e-07,-1.2512397309668207e-06,2.381118671716342e-07,-0.06643401085129039,-0.0023541063053438105,-0.005350505228343598,0.0010182051917805258,0.01995234249719914,share,8,False,0.4552276484864317,48,17.96905996106429
b6-11_attn,SpecRes Q700,24,0.0008286694549800208,0.0008318711249254799,3.201669945459192e-06,1.3140893315721769e-06,4.722039617869692e-06,0.38636273199383037,0.013690863036592804,0.005619260374392571,0.020192211802877412,-0.11603757560491669,share,6,True,0.41073648554311404,48,20.049562043503347
b6-11_mlp,SpecRes Q700,24,0.0008286694549800208,0.0008283590723294765,-3.10382650544246e-07,-1.204810178023763e-06,6.48099527703986e-07,-0.03745554378515488,-0.0013272468524004768,-0.005151964885015839,0.00277137931736532,0.011249145256231859,share,9,False,0.18929380373030022,48,32.720171667328565
b12-17_attn,SpecRes Q700,24,0.0008286694549800208,0.0008217559498007176,-6.913505179303077e-06,-7.699111135176888e-06,-5.708753860744764e-06,-0.8342898531803324,-0.02956327607936432,-0.03292265531764409,-0.02441156288702562,0.25056498440013514,share,4,True,0.3127510949019259,48,25.128866829985046
b12-17_mlp,SpecRes Q700,24,0.0008286694549800208,0.0008352334552910179,6.5640003109971685e-06,4.779192871258905e-06,8.425889973295853e-06,0.7921132209652192,0.028068736241057435,0.02043660843887581,0.03603048020280841,-0.23789793930454306,share,5,True,0.6530207494506755,48,10.07549604679935
b18-23_attn,SpecRes Q700,24,0.0008286694549800208,0.0008286591388847834,-1.0316095237309733e-08,-1.5797365449543576e-06,1.6071648739549936e-06,-0.0012448986957723034,-4.411330629716063e-05,-0.006755211198938404,0.0068724992086543635,0.00037388447324015605,share,11,False,0.38105272128707274,48,21.512190606693682
b18-23_mlp,SpecRes Q700,24,0.0008286694549800208,0.0008474810359378656,1.8811580957844853e-05,1.4135481069388334e-05,2.428108543123623e-05,2.2700946492951646,0.08044138926965287,0.060445623244775135,0.10382988274301531,-0.6817849075104657,share,2,True,0.5985405447861528,48,12.054779538195914
adaln,SpecRes Q700,24,0.0008286694549800208,0.0008262096598627977,-2.4597951172230146e-06,-2.82375666150377e-06,-2.0545168808894234e-06,-0.2968367064141782,-0.010518485234788943,-0.01207484417815903,-0.008785449375416721,0.08914993323786644,share,7,True,0.5054029326163689,48,15.77030223606205
head,SpecRes Q700,24,0.0008286694549800208,0.0008183895261026919,-1.0279928877328834e-05,-1.351302713980355e-05,-7.628732024992739e-06,-1.240534306598363,-0.04395865304137052,-0.057783908689025686,-0.032621702760202924,0.37257370204820656,share,3,True,0.6206648750030428,48,11.234948249137418
embed,|RQE| Q700,24,0.07596193141459177,0.07414212795750548,-0.0018198034570862849,-0.0025401875706544765,-0.0011713742065088202,-2.3956782340801737,-0.060550471452885314,-0.0845198718482241,-0.03897523118536175,0.47722971666715147,share,1,True,0.37689477471759547,48,21.722103506195552
b0-5_attn,|RQE| Q700,24,0.07596193141459177,0.07598561246413738,2.3681049545605976e-05,-6.386749252366522e-05,0.00010527345584705461,0.03117489129700697,0.0007879415268181842,-0.0021250683790948505,0.0035027724330295227,-0.006210176445716287,share,10,False,-0.018739923609034127,48,49.83339025988303
b0-5_mlp,|RQE| Q700,24,0.07596193141459177,0.07577656805127238,-0.00018536336331938705,-0.00026624288827103255,-9.360745413384091e-05,-0.2440213931735022,-0.006167610571007494,-0.008858721716904902,-0.0031146085898657912,0.04861014249254007,share,9,True,-0.0511861277533199,48,53.178959127866925
b6-11_attn,|RQE| Q700,24,0.07596193141459177,0.07566652097739279,-0.0002954104371989767,-0.00048793357564136386,-8.270043181255471e-05,-0.3888927410055695,-0.009829215992995499,-0.016235054355859386,-0.0027516983309972647,0.07746915673559059,share,6,True,0.17958711288311444,48,33.384408960996055
b6-11_mlp,|RQE| Q700,24,0.07596193141459177,0.07575333591861029,-0.00020859549598147473,-0.0003331455149843047,-8.82019822408136e-05,-0.27460530833923075,-0.006940615249104821,-0.011084778367775938,-0.0029347518749696807,0.054702593874984114,share,8,True,-0.08485058599010689,48,56.90090309882688
b12-17_attn,|RQE| Q700,24,0.07596193141459177,0.07566816179314628,-0.00029376962144548696,-0.00040672336617717517,-0.0001729387329154028,-0.3867326909345222,-0.009774620994258547,-0.013532940316732665,-0.0057542048124572575,0.07703886519279142,share,7,True,0.13257162007045684,48,36.762851460138016
b12-17_mlp,|RQE| Q700,24,0.07596193141459177,0.0759670773986727,5.145984080930551e-06,-0.00019965381652582435,0.000189410079231796,0.0067744250114499345,0.00017122275538935503,-0.006643098006508145,0.006302257285397507,-0.0013494954718067213,share,11,False,0.16750533943094606,48,34.22660467385217
b18-23_attn,|RQE| Q700,24,0.07596193141459177,0.07691180797216172,0.0009498765575699508,0.0008211206702981145,0.0010711115964416726,1.2504639361861802,0.03160532153015754,0.02732121620752731,0.03563918503981652,-0.24909795542628393,share,3,True,-0.01986878674323495,48,49.946069568596506
b18-23_mlp,|RQE| Q700,24,0.07596193141459177,0.07453846038940053,-0.0014234710251912475,-0.0017677983628042663,-0.0011273538092306508,-1.873926845569659,-0.04736326955486451,-0.05882010163494367,-0.03751053685347815,0.37329452880784864,share,2,True,0.1243255577102105,48,37.384521717635394
adaln,|RQE| Q700,24,0.07596193141459177,0.07564924659285073,-0.00031268482174103457,-0.000351319249602966,-0.0002551459736423567,-0.411633585294765,-0.010403988023462327,-0.01168947454797854,-0.008489493155533462,0.08199923365598782,share,5,True,-0.2591620871558944,48,81.58300099876404
head,|RQE| Q700,24,0.07596193141459177,0.07536217250162736,-0.0005997589129644135,-0.0008089104114333168,-0.0003895280882716183,-0.7895519529262573,-0.019955828084979487,-0.026914943250991093,-0.012960800407947183,0.15728224660089474,share,4,True,-0.06116457402607391,48,54.254343353534864
embed,Vag/Vg 850hPa,24,0.2748489857961734,0.2752003315836191,0.00035134578744570416,0.00032559751222531,0.0003775403679658969,0.12783230268357637,0.045442915161538054,0.04211264416297906,0.04883091109831914,0.48533335803389055,share,1,True,0.15977748521565344,48,34.774498749774736
b0-5_attn,Vag/Vg 850hPa,24,0.2748489857961734,0.27486083780725795,1.185201108455658e-05,6.7925701538721725e-06,1.782591765125592e-05,0.004312190219739785,0.0015329340878815724,0.0008785481433412949,0.0023055966300087514,0.01637183807138049,share,10,True,-0.023243269717494505,48,50.2844520275116
b0-5_mlp,Vag/Vg 850hPa,24,0.2748489857961734,0.2748862858861685,3.730008999506632e-05,3.113312025864919e-05,4.155725861589114e-05,0.013571121569547243,0.004824377823017096,0.004026744572386235,0.0053749982072003,0.05152467619970949,share,6,True,0.17086083335701083,48,33.990956794374505
b6-11_attn,Vag/Vg 850hPa,24,0.2748489857961734,0.274886308858792,3.732306261857351e-05,3.093470198412736e-05,4.4419988989830016e-05,0.013579479840704997,0.004827349092400072,0.004001081236898008,0.005745262539836895,0.051556409554449976,share,5,True,-0.17896928607972984,48,68.92619821933057
b6-11_mlp,Vag/Vg 850hPa,24,0.2748489857961734,0.2748496787001689,6.92903995513916e-07,-9.84896905720234e-06,8.99729008475939e-06,0.0002521035300555084,8.961990895677273e-05,-0.0012738614814450414,0.0011637056843001225,0.0009571465916318628,share,11,False,0.15131070670852428,48,35.383225258500254
b12-17_attn,Vag/Vg 850hPa,24,0.2748489857961734,0.27483569954832393,-1.3286247849464417e-05,-2.2316087658206622e-05,-2.279458567500137e-06,-0.00483401741904823,-0.0017184376628727417,-0.0028863533146702295,-0.00029482420452574097,-0.018353028597070102,share,9,True,0.13435343029598826,48,36.62970837488506
b12-17_mlp,Vag/Vg 850hPa,24,0.2748489857961734,0.27486310092111427,1.4115124940872192e-05,7.654757549365362e-06,1.8587072069446243e-05,0.005135592878388825,0.0018256442743936124,0.0009900630954674799,0.0024040440196931886,0.019498002342436174,share,8,True,-0.13382898726471135,48,62.832616871858605
b18-23_attn,Vag/Vg 850hPa,24,0.2748489857961734,0.2747497217108806,-9.926408529281616e-05,-0.00010781059972941875,-9.24927027275165e-05,-0.0361158637734359,-0.012838774699258959,-0.01394417725237598,-0.011962966949639125,-0.13711896817539043,share,4,True,0.06667114854707534,48,41.99962184292944
b18-23_mlp,Vag/Vg 850hPa,24,0.2748489857961734,0.2749986710647742,0.00014968526860078177,0.00012642983347177505,0.00017171460203826427,0.054460913569383734,0.01936022916742254,0.016352381049205333,0.022209493812781225,0.20676853588133304,share,2,True,0.42719157053554785,48,19.264971277805678
adaln,Vag/Vg 850hPa,24,0.2748489857961734,0.27488300887246925,3.402307629585266e-05,3.108374464015166e-05,3.6570786808927856e-05,0.012378825483854614,0.004400530260764545,0.0040203583508272855,0.004730050058179866,0.04699795602889142,share,7,True,0.008287104624465367,48,47.21097667489759
head,Vag/Vg 850hPa,24,0.2748489857961734,0.2749711846311887,0.00012219883501529694,0.00010318043641746044,0.00014143477504452068,0.04446035507874094,0.015805145502981385,0.013345313893008384,0.018293113829442494,0.16880000576346335,share,3,True,0.038712701931918635,48,44.42209113400465
embed,|Vag| 850hPa,24,2.655644198258718,2.660293107231458,0.004648908972740173,0.004396707067886988,0.00490630455315113,0.17505767435970607,0.044721537070478795,0.04229540721866346,0.04719762900056903,0.5779552164041519,share,1,True,0.13930201376131315,48,36.262117366986644
b0-5_attn,|Vag| 850hPa,24,2.655644198258718,2.6556140035390854,-3.0194719632466633e-05,-0.00011749578018983205,7.037731508413945e-05,-0.001137001698204339,-0.0002904669205816135,-0.0011302849593734304,0.0006770151284766865,-0.0037538260744130712,share,10,False,0.30514727125288443,48,25.5549176054624
b0-5_mlp,|Vag| 850hPa,24,2.655644198258718,2.656325434645017,0.0006812363862991333,0.0006163680305083592,0.0007258677234252293,0.025652396761050064,0.006553352298846665,0.005929332212583675,0.006982696476049012,0.08469172560155078,share,6,True,0.1999145436207137,48,32.00569749769202
b6-11_attn,|Vag| 850hPa,24,2.655644198258718,2.6557906369368234,0.0001464386781056722,7.68547256787618e-05,0.0002406676610310872,0.005514243143026868,0.0014087096154938527,0.0007393264707134805,0.0023151728260498113,0.01820534632766017,share,7,True,-0.03269374838291495,48,51.24468061641586
b6-11_mlp,|Vag| 850hPa,24,2.655644198258718,2.655673692623774,2.9494365056355793e-05,-6.84416542450587e-05,0.00010285191237926481,0.001110629393639968,0.0002837296552744894,-0.0006583944739363589,0.000989413997824045,0.0036667575637217994,share,11,False,0.040895295710679624,48,44.22829654010035
b12-17_attn,|Vag| 850hPa,24,2.655644198258718,2.6555549452702203,-8.925298849741618e-05,-0.00017934106290340424,1.9109373291333482e-05,-0.0033608790121786108,-0.0008585951794589594,-0.0017252237116112536,0.0001838281951858194,-0.011095986302208996,share,8,False,0.046996038282520344,48,43.690891359510054
b12-17_mlp,|Vag| 850hPa,24,2.655644198258718,2.655679484208425,3.528594970703125e-05,-3.442006806532542e-05,7.496724526087441e-05,0.0013287152597538454,0.000339443494622764,-0.00033111389338400936,0.0007211693018006636,0.004386770921636858,share,9,False,-0.12843518035137086,48,62.14671294178939
b18-23_attn,|Vag| 850hPa,24,2.655644198258718,2.654506047566732,-0.001138150691986084,-0.0012354372690121331,-0.0010562971234321596,-0.04285780048141837,-0.010948772854428511,-0.011884649484072647,-0.01016135855531014,-0.1414955924808375,share,3,True,0.14854633184824673,48,35.583915892636476
b18-23_mlp,|Vag| 850hPa,24,2.655644198258718,2.6567633897066116,0.0011191914478937786,0.0009224236011505126,0.0013020300616820653,0.04214387788197012,0.010766388870901613,0.008873523124549846,0.01252525829432855,0.13913856762049293,share,4,True,0.3010135342346331,48,25.78862515559868
adaln,|Vag| 850hPa,24,2.655644198258718,2.6564390311638513,0.0007948329051335653,0.0007591875890890757,0.0008260515828927359,0.02992994715386685,0.007646127175257506,0.007303226651237789,0.007946444359974323,0.0988141145342415,share,5,True,0.22654012287517822,48,30.268943844219983
head,|Vag| 850hPa,24,2.655644198258718,2.6570788572231927,0.0014346589644749959,0.0012813060233990352,0.001602486024300257,0.05402301126844058,0.013801120744561662,0.012325897357868168,0.015415582142152972,0.1783576828759828,share,2,True,-0.05437823830130287,48,53.52050628313313
embed,Vag/Vg 500hPa,24,0.1607589414343238,0.161072780067722,0.000313838633398215,0.00029917086164156596,0.0003252546613415082,0.1952231276208236,0.04424664345565429,0.04217870280673526,0.04585613592832179,0.5460305577700433,share,1,True,0.02469361578598708,48,45.686540563018525
b0-5_attn,Vag/Vg 500hPa,24,0.1607589414343238,0.16075633435199657,-2.6070823272069297e-06,-8.272635750472545e-06,6.1945679287115725e-06,-0.0016217339477020774,-0.00036756036356140517,-0.001166320285448132,0.0008733432067802612,-0.004535918990798533,share,11,False,0.6028038559453621,48,11.895039336162252
b0-5_mlp,Vag/Vg 500hPa,24,0.1607589414343238,0.1607836838811636,2.4742446839809418e-05,2.0846918535729248e-05,2.8640187035004292e-05,0.0153910237396765,0.003488322045273583,0.0029391096998217076,0.004037846234925311,0.04304802089612216,share,6,True,-0.22424261095758116,48,75.75002978508616
b6-11_attn,Vag/Vg 500hPa,24,0.1607589414343238,0.16077853428820768,1.9592853883902233e-05,4.153636594613393e-06,3.660119449098903e-05,0.012187722629354754,0.002762304980406164,0.0005856018280994152,0.005160231502279607,0.03408852765733125,share,8,True,0.3290386716395712,48,24.232661132101903
b6-11_mlp,Vag/Vg 500hPa,24,0.1607589414343238,0.16075024226059517,-8.699173728624979e-06,-1.6631403317054115e-05,-1.8948301052053827e-06,-0.005411315632591999,-0.001226455883271933,-0.0023447838934576018,-0.00026714324863785023,-0.015135213379394677,share,10,True,0.1658224843196858,48,34.34529809743778
b12-17_attn,Vag/Vg 500hPa,24,0.1607589414343238,0.16078114012877145,2.2198694447676342e-05,1.506262148420016e-05,2.6753940619528288e-05,0.01380868413888217,0.003129690273539581,0.002123608668258601,0.003771913160620931,0.03862228617230659,share,7,True,0.042800463622241915,48,44.059797966081774
b12-17_mlp,Vag/Vg 500hPa,24,0.1607589414343238,0.1607036916539073,-5.524978041648865e-05,-6.937346576402585e-05,-4.194421538462242e-05,-0.03436809170521959,-0.007789408552482781,-0.009780640999188565,-0.00591351906887673,-0.09612605080142851,share,4,True,0.419535310722025,48,19.627764716307805
b18-23_attn,Vag/Vg 500hPa,24,0.1607589414343238,0.1607416390130917,-1.7302421232064564e-05,-3.382023423910141e-05,-5.10491275539001e-06,-0.010762960416191387,-0.0024393875759817713,-0.004768156902039144,-0.0007197178120303662,-0.030103530001447516,share,9,True,0.3882068985133525,48,21.153956879776036
b18-23_mlp,Vag/Vg 500hPa,24,0.1607589414343238,0.16086831937233606,0.00010937793801228206,9.619094586620728e-05,0.00012521320022642612,0.06803847862917607,0.015420684740885144,0.013561512294771623,0.017653224417818403,0.19030065181555586,share,3,True,0.26797334104572684,48,27.711370966858492
adaln,Vag/Vg 500hPa,24,0.1607589414343238,0.16079246749480566,3.35260604818662e-05,3.194612606118123e-05,3.558758956690629e-05,0.02085486516814549,0.00472668271764872,0.00450393514116835,0.005017328077053821,0.05833014663149413,share,5,True,-0.11233179798720276,48,60.14851741035553
head,Vag/Vg 500hPa,24,0.1607589414343238,0.16091895817468563,0.00016001674036184946,0.000147925759665668,0.00017298137148221332,0.09953831428233337,0.022560013026640423,0.02085536211703006,0.024387835830052114,0.2784043157665044,share,2,True,-0.16569245074362635,48,67.0654816507003
embed,|Vag| 500hPa,24,2.6122035483519235,2.6180688043435416,0.005865255991617839,0.005587920546531677,0.006087403123577436,0.2245328850930592,0.0403186408375408,0.03841219579610892,0.04184571321756462,0.6128040610039044,share,1,True,0.10382440204269455,48,38.970354906401894
b0-5_attn,|Vag| 500hPa,24,2.6122035483519235,2.612009957432747,-0.00019359091917673746,-0.0002797611057758331,-6.0328344504038526e-05,-0.007411019684851004,-0.001330772731974703,-0.0019231193932897342,-0.0004147060005322684,-0.02022644904408686,share,11,True,0.5445305658741011,48,14.15480750014838
b0-5_mlp,|Vag| 500hPa,24,2.6122035483519235,2.6128053615490594,0.0006018131971359253,0.0005317055930693944,0.0006645383934179943,0.023038526133065618,0.004136953302855344,0.003655023219602611,0.00456813561850793,0.06287765984940623,share,6,True,-0.2141734144124274,48,74.16435758306595
b6-11_attn,|Vag| 500hPa,24,2.6122035483519235,2.612471972902616,0.0002684245506922404,-7.962187131245927e-07,0.0005616744359334309,0.010275789988172756,0.0018451902298561884,-5.473325694305191e-06,0.0038610334966439875,0.028045093849685645,share,10,False,0.37430349206969793,48,21.85356622751807
b6-11_mlp,|Vag| 500hPa,24,2.6122035483519235,2.6119209080934525,-0.0002826402584711711,-0.00041923361519972485,-0.0001597388337055842,-0.0108199936658647,-0.0019429111165505206,-0.0028818741385572646,-0.0010980684684841196,-0.02953035612458434,share,9,True,0.17636904865090322,48,33.60704339347911
b12-17_attn,|Vag| 500hPa,24,2.6122035483519235,2.6125507205724716,0.00034717222054799396,0.00023664087057113649,0.00041635694603125246,0.013290396943493543,0.0023865134086304522,0.0016267044919566905,0.0028620994874290237,0.036272678792468274,share,7,True,0.014102802999203976,48,46.66495873601816
b12-17_mlp,|Vag| 500hPa,24,2.6122035483519235,2.6112003376086554,-0.0010032107432683308,-0.0012616599599520365,-0.0007568087428808213,-0.03840476918045957,-0.0068962196534990815,-0.008672837955770285,-0.005202415705389515,-0.10481582021247864,share,4,True,0.4924962160027804,48,16.321771117858006
b18-23_attn,|Vag| 500hPa,24,2.6122035483519235,2.6119067519903183,-0.00029679636160532635,-0.000567860280474027,-9.537612398465475e-05,-0.011361915567130265,-0.0020402222720637448,-0.0039035559107833853,-0.0006556296422372099,-0.031009390884703582,share,8,True,0.40164921819401617,48,20.490745583044795
b18-23_mlp,|Vag| 500hPa,24,2.6122035483519235,2.6137518336375556,0.0015482852856318157,0.0013641073058048884,0.001769035185376803,0.05927123430364571,0.010643143016204407,0.009377076227399604,0.012160610614457739,0.16176540495141398,share,3,True,0.17127878711657238,48,33.961699516756916
adaln,|Vag| 500hPa,24,2.6122035483519235,2.613010416428248,0.0008068680763244629,0.0007827705393234889,0.0008346195022265116,0.030888407483923963,0.005546530998663212,0.005380880950174258,0.005737298422160732,0.0843018675694072,share,5,True,-0.14779436594011658,48,64.6488680233886
head,|Vag| 500hPa,24,2.6122035483519235,2.6146336644887924,0.002430116136868795,0.0022148328522841134,0.0026634012659390765,0.09302935593981525,0.016704979263641506,0.015225089989942193,0.018308615890101795,0.25389941027510876,share,2,True,-0.11753718696148378,48,60.786453753728836
embed,Vag/Vg 250hPa,24,0.20118561821679273,0.20153956891347966,0.00035395069668690365,0.00033585385729869205,0.00036934767849743365,0.17593240502186147,0.03189764200537699,0.030266775024079314,0.03328520083306882,0.5510486867491774,share,1,True,-0.2986892841488611,48,88.88654376753752
b0-5_attn,Vag/Vg 250hPa,24,0.20118561821679273,0.20119283689806858,7.218681275844574e-06,2.1137607594331104e-06,1.1121310914556185e-05,0.003588070230778573,0.0006505395051997589,0.00019048976205025752,0.0010022401354299428,0.01123841505144355,share,11,True,-0.13184636062878877,48,62.579505339090844
b0-5_mlp,Vag/Vg 250hPa,24,0.20118561821679273,0.20120664468655983,2.102646976709366e-05,1.2990878894925118e-05,2.7679574365417163e-05,0.010451278751166023,0.0018948820034698692,0.0011707235165921374,0.0024944523693091938,0.032735091809629864,share,7,True,0.3421881710642489,48,23.524993342684283
b6-11_attn,Vag/Vg 250hPa,24,0.20118561821679273,0.20117530381927887,-1.0314397513866425e-05,-3.117940699060758e-05,1.1092090668777617e-05,-0.005126806580553825,-0.0009295219997532357,-0.002809853381941791,0.0009996068394712734,-0.016057985639883542,share,9,False,0.4190471197462491,48,19.65103051487572
b6-11_mlp,Vag/Vg 250hPa,24,0.20118561821679273,0.20112618276228508,-5.9435454507668815e-05,-6.843063359459242e-05,-4.98164367551605e-05,-0.02954259605357209,-0.005356256868705967,-0.006166892375217626,-0.004489401717452273,-0.09253217880162239,share,4,True,0.12733180578703904,48,37.1568273929593
b12-17_attn,Vag/Vg 250hPa,24,0.20118561821679273,0.20119302968184152,7.411465048789978e-06,-7.660298918684325e-06,2.1941758071382837e-05,0.0036838940648349743,0.0006679129637955981,-0.0006903375946128203,0.001977366764582659,0.011538550764983587,share,10,False,0.36315913282203,48,22.424646461678712
b12-17_mlp,Vag/Vg 250hPa,24,0.20118561821679273,0.2011716595540444,-1.3958662748336792e-05,-2.262264024466276e-05,-6.1333412304520615e-06,-0.0069382010861707205,-0.001257939118040767,-0.0020387271066145264,-0.0005527298708464924,-0.02173156557747851,share,8,True,0.01748049583157406,48,46.35070293071358
b18-23_attn,Vag/Vg 250hPa,24,0.20118561821679273,0.20127151906490326,8.590084811051686e-05,6.620309626062712e-05,0.0001018785871565342,0.04269731050951773,0.007741288621932846,0.0059661491951715955,0.009181184643937348,0.13373486755363778,share,3,True,0.24469134227584946,48,29.127555032614993
b18-23_mlp,Vag/Vg 250hPa,24,0.20118561821679273,0.20140031694124141,0.00021469872444868088,0.00018867014441639187,0.00023976254742592572,0.10671673569495746,0.019348409582402994,0.017002742980953476,0.021607133354096815,0.3342540395077194,share,2,True,0.43141719846082494,48,19.066401118574607
adaln,Vag/Vg 250hPa,24,0.20118561821679273,0.2012186317394177,3.301352262496948e-05,3.046754281967878e-05,3.542469348758459e-05,0.01640948439435413,0.0029751418372237198,0.002745700976837678,0.0031924338660554246,0.05139715349549361,share,6,True,0.21789014566521372,48,30.824843391408372
head,Vag/Vg 250hPa,24,0.20118561821679273,0.20122299001862606,3.7371801833311714e-05,2.4748112385471664e-05,5.2369735203683374e-05,0.018575781989068806,0.003367905098458804,0.002230272285292043,0.004719502125803526,0.05818234718694056,share,5,True,0.13763240629300552,48,36.38578179468149
embed,|Vag| 250hPa,24,5.326428105433782,5.3363090852896375,0.009880979855855307,0.009277349958817164,0.010430963585774103,0.18550855583266349,0.02821417575599173,0.026490569367247488,0.029784600738658754,0.631885675457207,share,1,True,-0.20955999865127353,48,73.45134334825586
b0-5_attn,|Vag| 250hPa,24,5.326428105433782,5.3262437383333845,-0.00018436710039774576,-0.0003509638210137685,-5.6359916925430386e-05,-0.0034613646659318043,-0.0005264423012827104,-0.0010021430136009266,-0.00016093025438007445,-0.011790220349238028,share,11,True,-0.023863107950309367,48,50.34686177921147
b0-5_mlp,|Vag| 250hPa,24,5.326428105433782,5.32715305685997,0.000724951426188151,0.0005211882293224334,0.0008747639755407969,0.013610461116495465,0.0020700282007870613,0.0014882022348566351,0.0024978033465266796,0.04636042460294166,share,6,True,0.24368305262357487,48,29.19008456172658
b6-11_attn,|Vag| 250hPa,24,5.326428105433782,5.325843979914983,-0.0005841255187988281,-0.0010852048794428508,-7.26667543252312e-05,-0.010966552204148397,-0.001667913536043072,-0.003098696854615748,-0.00020749284059461075,-0.03735465038715427,share,7,True,0.36965546684504785,48,22.090619373887183
b6-11_mlp,|Vag| 250hPa,24,5.326428105433782,5.32435268163681,-0.002075423796971639,-0.002322816103696823,-0.001805386692285538,-0.03896464489691291,-0.00592617054483984,-0.006632575185315686,-0.005155105888965859,-0.13272272456180073,share,4,True,0.15238523225645265,48,35.30547573229929
b12-17_attn,|Vag| 250hPa,24,5.326428105433782,5.3266867597897845,0.0002586543560028076,-0.00013568426171938578,0.0006390420099099476,0.004856056458153263,0.000738562325475399,-0.00038743319623348797,0.0018247222285730257,0.016540867893373057,share,10,False,0.3294335724387458,48,24.211204824544357
b12-17_mlp,|Vag| 250hPa,24,5.326428105433782,5.326056400934855,-0.0003717044989267985,-0.0005982982615629832,-0.00016370440522829697,-0.006978494622833685,-0.0010613659996279528,-0.0017083824228463756,-0.0004674419873859216,-0.023770390366261076,share,9,True,0.003675999670342002,48,47.648396525902044
b18-23_attn,|Vag| 250hPa,24,5.326428105433782,5.328700204690297,0.002272099256515503,0.0017865183452765146,0.002637811501820882,0.04265709048428927,0.0064877581670605994,0.005101229161505257,0.007532013870005879,0.14530006075848237,share,3,True,0.17996974578837158,48,33.358018154829594
b18-23_mlp,|Vag| 250hPa,24,5.326428105433782,5.331219792366028,0.004791686932245891,0.003959439198176066,0.0056215475002924595,0.0899606046941219,0.01368219541445183,0.011305793055159769,0.016051781453629753,0.30642693112742686,share,2,True,0.5288022070143201,48,14.794257857256467
adaln,|Vag| 250hPa,24,5.326428105433782,5.327654788891475,0.0012266834576924641,0.0011491671204566954,0.0013048864901065826,0.023030132640691366,0.003502675157443377,0.003281334805106287,0.003725976300990994,0.07844603637936366,share,5,True,0.34464447551849653,48,23.394336382471867
head,|Vag| 250hPa,24,5.326428105433782,5.326934307813644,0.0005062023798624674,0.00020756845672925312,0.000825804720322291,0.009503599219635811,0.001445411601064809,0.0005926915149097001,0.0023580049609648653,0.0323714892028543,share,8,True,0.04295548800985982,48,44.04611424326907
embed,div/vort 850hPa,24,0.2742884053538243,0.27437601797282696,8.761261900266011e-05,6.20010308921337e-05,0.00011248746886849403,0.031941787291242696,0.009242884668737919,0.006540934221603957,0.01186711130502981,0.5684464102997929,share,3,True,0.3649118950880478,48,22.334210102115954
b0-5_attn,div/vort 850hPa,24,0.2742884053538243,0.2742804232984781,-7.98205534617106e-06,-1.0641555612285931e-05,-4.529192422827086e-06,-0.002910095793467622,-0.0008420843689412138,-0.0011226541603251605,-0.00047781705059451963,-0.05178900893497369,share,9,True,-0.10827638350175081,48,59.65667548089267
b0-5_mlp,div/vort 850hPa,24,0.2742884053538243,0.2743617215504249,7.331619660059611e-05,6.705555133521557e-05,7.850071415305136e-05,0.026729601094884155,0.007734652350813185,0.007074171899497884,0.008281604357794466,0.4756886536307898,share,4,True,0.1679909789063327,48,34.1924156382536
b6-11_attn,div/vort 850hPa,24,0.2742884053538243,0.27425214151541394,-3.62638384103775e-05,-4.665337813397249e-05,-2.4143016586701077e-05,-0.01322106137282696,-0.003825732866890905,-0.004921800060402653,-0.0025470202855085214,-0.2352862978270853,share,5,True,0.2145439418556303,48,31.0420146127667
b6-11_mlp,div/vort 850hPa,24,0.2742884053538243,0.2742933612316847,4.955877860387166e-06,-3.7299469113349915e-07,1.0708424573143322e-05,0.0018068127429572616,0.0005228311631058469,-3.934988990676993e-05,0.001129708647454514,0.03215462580265713,share,10,False,-0.11934603350379348,48,61.00989906619983
b12-17_attn,div/vort 850hPa,24,0.2742884053538243,0.27430693929394084,1.8533940116564434e-05,1.0670178259412447e-05,2.793877695997556e-05,0.006757099372339918,0.0019552785078768026,0.0011256737690221261,0.002947462319541044,0.12025153280319693,share,6,True,0.07877689783366622,48,40.989669868516216
b12-17_mlp,div/vort 850hPa,24,0.2742884053538243,0.27427884191274643,-9.563441077868143e-06,-2.106808436413606e-05,3.9958705504735145e-06,-0.0034866370182624284,-0.0010089161119167327,-0.0022226235921909586,0.000421553094401979,-0.062049323632965135,share,8,False,0.48733546218989165,48,16.544954679325365
b18-23_attn,div/vort 850hPa,24,0.2742884053538243,0.2742733204116424,-1.5084942181905111e-05,-2.282867208123207e-05,-7.065137227376305e-06,-0.0054996645455887795,-0.0015914189349561087,-0.002408360640159139,-0.0007453520886011096,-0.09787381464562235,share,7,True,0.04225578420425899,48,44.10790811134144
b18-23_mlp,div/vort 850hPa,24,0.2742884053538243,0.2741960895558198,-9.231579800446828e-05,-0.00010683696406582991,-7.308910911281903e-05,-0.03365647114590334,-0.009739056813629774,-0.011270998954940282,-0.007710695260120881,-0.5989614805146674,share,2,True,0.21337066845429037,48,31.118444590632915
adaln,div/vort 850hPa,24,0.2742884053538243,0.274290041377147,1.6360233227411907e-06,-8.226682742436727e-07,3.7992683549721994e-06,0.0005964609844265078,0.0001725958550217874,-8.678918706029157e-05,0.00040081211622640194,0.010614813203457972,share,11,False,-0.2274422090921893,48,76.26254854953068
head,div/vort 850hPa,24,0.2742884053538243,0.2744324753681819,0.00014407001435756683,0.00012778756208717824,0.00016002431511878966,0.052525010735222505,0.01519898094691103,0.013481228068699933,0.01688211476467606,0.9347521330336209,share,1,True,0.27299938183720196,48,27.41244824600944
embed,div/vort 500hPa,24,0.1774366501097878,0.17762279231101274,0.00018614220122496286,0.0001631924416869879,0.00021176882243404785,0.10490628689720446,0.032748725281186164,0.02871108435165775,0.0372573169510949,0.6583827225236668,share,1,True,0.26571555919501316,48,27.846424816848565
b0-5_attn,div/vort 500hPa,24,0.1774366501097878,0.17742436099797487,-1.2289111812909445e-05,-1.7195497639477254e-05,-6.178471570213636e-06,-0.006925915139462809,-0.00216207149191475,-0.003025271134448185,-0.0010870026612933952,-0.04346644038555631,share,10,True,0.25355983099396534,48,28.581905088551096
b0-5_mlp,div/vort 500hPa,24,0.1774366501097878,0.17747349850833416,3.6848398546377816e-05,3.4099017890791096e-05,4.164911806583405e-05,0.02076707293762484,0.0064828828342294005,0.005999173545359435,0.007327492190195351,0.1303323415966346,share,5,True,-0.08925756601678869,48,57.40850674996622
b6-11_attn,div/vort 500hPa,24,0.1774366501097878,0.17738747969269753,-4.917041709025701e-05,-6.108068240185578e-05,-3.9556801008681454e-05,-0.027711533699398144,-0.008650743735989626,-0.010746163281631497,-0.006959382669329531,-0.17391517269307022,share,4,True,0.2786511409274551,48,27.079118085615985
b6-11_mlp,div/vort 500hPa,24,0.1774366501097878,0.17741980403661728,-1.684607317050298e-05,-2.6225546995798747e-05,-5.442012722293536e-06,-0.00949413391206359,-0.002963795521364975,-0.004613963025376927,-0.0009574345766101898,-0.05958435779119418,share,8,True,0.1512368777535036,48,35.38857263444525
b12-17_attn,div/vort 500hPa,24,0.1774366501097878,0.17745542029539743,1.8770185609658558e-05,1.189660591383775e-05,2.508751737574736e-05,0.010578527941124129,0.0033023121461032063,0.0020930163943852593,0.004413745024603024,0.0663899203009117,share,6,True,0.058836552641774814,48,42.66555150602048
b12-17_mlp,div/vort 500hPa,24,0.1774366501097878,0.17748582952966294,4.917941987514496e-05,3.896837588399649e-05,5.9261072116593514e-05,0.027716607501728368,0.00865232763113603,0.006855858736389862,0.010426032129433199,0.17394701543472588,share,3,True,0.2371656698633668,48,29.596721553550932
b18-23_attn,div/vort 500hPa,24,0.1774366501097878,0.17745527594039837,1.862583061059316e-05,1.1302724791069826e-05,2.7188511254886785e-05,0.010497172145139433,0.0032769152066867368,0.0019885325663697943,0.004783381092687533,0.06587933840884674,share,7,True,-0.0006617706295052772,48,48.06357205054842
b18-23_mlp,div/vort 500hPa,24,0.1774366501097878,0.17742604545007148,-1.0604659716288248e-05,-2.8734607622027396e-05,9.9937974785765e-06,-0.00597658922760697,-0.0018657192483152593,-0.005055391871825873,0.0017582478663512326,-0.037508553619224054,share,11,False,0.2922701575842961,48,26.287871956632895
adaln,div/vort 500hPa,24,0.1774366501097878,0.1774519799898068,1.532988001902898e-05,1.2338293405870596e-05,1.7982426409920053e-05,0.00863963561617271,0.0026970457318810253,0.002170724201865404,0.0031637185899392015,0.05422160088615055,share,9,True,-0.027390244357655528,48,50.70351334960479
head,div/vort 500hPa,24,0.1774366501097878,0.17749162235607704,5.4972246289253235e-05,4.543828157087167e-05,6.397422403097152e-05,0.03098133686317878,0.00967148223223564,0.007994134541340665,0.011255235374246672,0.19443617265178445,share,2,True,-0.18605250379199176,48,69.94372542116247
embed,div/vort 250hPa,24,0.20305492294331393,0.20333037432283163,0.0002754513795177142,0.0002597416595866283,0.00028660066115359463,0.13565363278319084,0.036872201904235596,0.03476928281131908,0.038364656087203054,1.5687883449141606,share,1,True,-0.08436603896016553,48,56.84539028126277
b0-5_attn,div/vort 250hPa,24,0.20305492294331393,0.2030499925216039,-4.930421710014343e-06,-1.0045384988188743e-05,-9.777024388313304e-07,-0.002428122223557589,-0.0006599912662734884,-0.001344685454611973,-0.00013087624316847539,-0.028080411605580013,share,8,True,0.1294091770689423,48,37.000194747080485
b0-5_mlp,div/vort 250hPa,24,0.20305492294331393,0.2030775941287478,2.2671185433864594e-05,1.719585464646419e-05,2.6947011550267536e-05,0.011165050866653266,0.0030347879476568806,0.002301854597898428,0.003607154381789311,0.12912003394685195,share,6,True,-0.03214200626861544,48,51.188104682476244
b6-11_attn,div/vort 250hPa,24,0.20305492294331393,0.20303083521624407,-2.4087727069854736e-05,-4.190267063677311e-05,-1.007458195090296e-05,-0.011862665884037303,-0.0032244076522284664,-0.005609134122874927,-0.0013485937897456505,-0.137187715482947,share,5,True,0.3001415561565878,48,25.838113661861797
b6-11_mlp,div/vort 250hPa,24,0.20305492294331393,0.20305648632347584,1.5633801619211833e-06,-5.939501958588759e-06,1.1664854052166133e-05,0.0007699297014126697,0.0002092756590450376,-0.0007950677749777017,0.0015614692311506477,0.008903976378648844,share,11,False,0.02478972319812311,48,45.67775439863605
b12-17_attn,div/vort 250hPa,24,0.20305492294331393,0.20306685318549475,1.193024218082428e-05,3.1244630614916485e-06,2.2080276782313976e-05,0.005875376970867532,0.0015969943560565519,0.00041824380421459206,0.0029556883143746562,0.06794674587598791,share,7,True,0.2768155432127225,48,27.187054630024992
b12-17_mlp,div/vort 250hPa,24,0.20305492294331393,0.2030138736590743,-4.104928423961004e-05,-5.326468963176012e-05,-3.0635988029340906e-05,-0.020215852757763286,-0.005494898951522295,-0.007130065545169652,-0.004100964526412755,-0.23378949415654451,share,4,True,0.08437643071680348,48,40.53014255994229
b18-23_attn,div/vort 250hPa,24,0.20305492294331393,0.20311185251921415,5.692957590023676e-05,4.3291699451704824e-05,6.8273046053946e-05,0.028036540594551147,0.007620650949693433,0.005795070933228311,0.009139099405223275,0.3242331017167913,share,3,True,0.23530874476739091,48,29.713365510155786
b18-23_mlp,div/vort 250hPa,24,0.20305492294331393,0.20296771886448065,-8.720407883326213e-05,-0.000102256890386343,-7.684419397264719e-05,-0.04294605497331703,-0.011673226713341391,-0.013688211382444906,-0.010286441985836833,-0.4966565886949911,share,2,True,-0.1393840970610818,48,63.54802005420711
adaln,div/vort 250hPa,24,0.20305492294331393,0.20305808447301388,3.1615296999613443e-06,1.7436686903238299e-07,5.297448175648848e-06,0.00155698254153825,0.0004232055821514422,2.3340926488109912e-05,0.0007091218023730656,0.018005976060397107,share,9,True,-0.06983948218155159,48,55.20799277220835
head,div/vort 250hPa,24,0.20305492294331393,0.20305670890957117,1.7859662572542827e-06,-1.7792677196363606e-05,2.1275350203116725e-05,0.000879548366208715,0.00023907126022361028,-0.0023817458716303753,0.002847940023557554,0.01017167913152637,share,10,False,0.23966365636317116,48,29.440360139005236
embed,Hyps 600-500,24,26.084646026293438,26.03525686264038,-0.049389163653055825,-0.05478040079275767,-0.0427474578221639,-0.18934189715770466,-0.04462236200929494,-0.04949326318542463,-0.03862168129262588,-1.4938118746433484,share,2,True,0.4775023080739012,48,16.97451778951692
b0-5_attn,Hyps 600-500,24,26.084646026293438,26.085233132044475,0.0005871057510375977,-0.00067901611328125,0.001815240581830342,0.002250771394197922,0.0005304411620446165,-0.0006134807835545453,0.001640042397668441,0.01775744875398596,share,11,False,0.5000283512682273,48,15.99879036875202
b0-5_mlp,Hyps 600-500,24,26.084646026293438,26.10467569033305,0.020029664039611816,0.01874455511569977,0.021309930086135864,0.07678717978163026,0.018096498373177363,0.016935421906545782,0.019253199373370757,0.6058120400189797,share,6,True,0.4509072554419232,48,18.165497236251625
b6-11_attn,Hyps 600-500,24,26.084646026293438,26.080907622973125,-0.0037384033203125,-0.006007632613182068,-0.0014993637800216676,-0.014331815415644027,-0.0033775908308059234,-0.005427805159192453,-0.001354652487046359,-0.11307078028934005,share,9,True,0.43571683058160565,48,18.865553119629176
b6-11_mlp,Hyps 600-500,24,26.084646026293438,26.088552912076313,0.0039068857828776045,0.0027088006337483727,0.004972248276074728,0.014977722062777645,0.0035298121862759185,0.002447360383326692,0.00449235107793471,0.11816665729217596,share,8,True,0.07353323427875362,48,41.42433912117959
b12-17_attn,Hyps 600-500,24,26.084646026293438,26.082264105478924,-0.00238192081451416,-0.004184608658154805,-0.0008572310209274292,-0.009131505223851508,-0.0021520294129570524,-0.003780730601617717,-0.0007744952558850327,-0.07204296112759258,share,10,True,0.3291999498553093,48,24.22389679630226
b12-17_mlp,Hyps 600-500,24,26.084646026293438,26.044792691866558,-0.03985333442687988,-0.04253686865170797,-0.036651025215784706,-0.15278464728525565,-0.03600688459853481,-0.03843141716373046,-0.03311364668329128,-1.2053936492873223,share,4,True,0.5819953971858244,48,12.682856707909654
b18-23_attn,Hyps 600-500,24,26.084646026293438,26.11458444595337,0.029938419659932453,0.026427290836970013,0.03288861910502116,0.11477410745675595,0.027048909137967186,0.02387665737642504,0.029714369694520345,0.9055097006749151,share,5,True,0.46833137216603254,48,17.380337040939242
b18-23_mlp,Hyps 600-500,24,26.084646026293438,26.044156074523926,-0.0404899517695109,-0.04314689338207245,-0.03722788989543915,-0.15522522992528573,-0.03658205873438027,-0.03898256527678951,-0.03363483519230795,-1.224648612839783,share,3,True,0.1922234029409967,48,32.52182146666941
adaln,Hyps 600-500,24,26.084646026293438,26.101260582606,0.016614556312561035,0.015435494979222615,0.017704508701960244,0.06369477391341055,0.015011000218811032,0.013945736145562574,0.015995755709596878,0.5025195746577229,share,7,True,0.4105471234457241,48,20.058697511280947
head,Hyps 600-500,24,26.084646026293438,26.200331449508667,0.1156854232152303,0.09932542045911152,0.13538736999034878,0.4435000693458477,0.10452002933621461,0.08973901440377352,0.12232044011990284,3.498991400947929,share,1,True,0.3848590366216956,48,21.32113483130232
embed,|DryAir Md err|,24,20968410562773.332,20966130458325.332,-2280104448.0,-150116934820.26666,146841382789.86667,-0.010873997536313157,-0.0001446784289544295,-0.009525301487088137,0.009317459376112718,-0.015364819361900043,colmax,11,False,0.1411823124499406,48,36.1232806999111
b0-5_attn,|DryAir Md err|,24,20968410562773.332,20928542287722.668,-39868275050.666664,-82465715229.86667,3894420954.133322,-0.19013494099284553,-0.0025297434968441987,-0.005232659465458172,0.0002471109188991062,-0.26865823842471603,colmax,6,False,0.0653266906393584,48,42.1132026856338
b0-5_mlp,|DryAir Md err|,24,20968410562773.332,20955262393386.668,-13148169386.666666,-64510848576.0,35993411731.200005,-0.06270465444819895,-0.0008342848031186587,-0.004093377490088022,0.0022838735596291196,-0.08860087429021032,colmax,10,False,-0.08243042153084333,48,56.62421842729713
b6-11_attn,|DryAir Md err|,24,20968410562773.332,20934531261525.332,-33879301248.0,-95577494422.4,39759899385.06665,-0.16157305364932267,-0.0021497278701131163,-0.006064635218164172,0.002522866785099851,-0.22830065712099987,colmax,7,False,0.19503122672902198,48,32.33262884917766
b6-11_mlp,|DryAir Md err|,24,20968410562773.332,20937016204501.332,-31394358272.0,-202641840673.06668,137242058270.9333,-0.14972216505401975,-0.001992051915345177,-0.012858140413141766,0.008708357809892268,-0.21155550319423452,colmax,8,False,0.22689922748475022,48,30.246035085382132
b12-17_attn,|DryAir Md err|,24,20968410562773.332,20927286887317.332,-41123675456.0,-159559584631.46667,56600999858.66656,-0.1961220443146497,-0.002609401846930616,-0.0101244616444439,0.0035914774623525335,-0.27711793880016256,colmax,5,False,0.22167579581812552,48,30.580586051237287
b12-17_mlp,|DryAir Md err|,24,20968410562773.332,21053320080554.668,84909517781.33333,-32286766873.6,191155743099.73328,0.40494017191784226,0.005387724955607605,-0.002048677511851582,0.012129318295723064,0.5721752808124982,colmax,3,False,0.4024415846746189,48,20.452048947388423
b18-23_attn,|DryAir Md err|,24,20968410562773.332,21048406126016.0,79995563242.66667,-6432814670.4,157037825305.0666,0.38150513603872444,0.005075922036565284,-0.0004081784591424463,0.009964449598563824,0.5390618750185536,colmax,4,False,-0.009874110838844334,48,48.95736779626289
b18-23_mlp,|DryAir Md err|,24,20968410562773.332,21095317598016.0,126907035242.66667,-1024953660063.4667,1292197367979.1992,0.605229637519467,0.008052574301268777,-0.06503591772699123,0.08199321099621809,0.8551817325597604,colmax,2,False,0.30518057248783687,48,25.553040876950863
adaln,|DryAir Md err|,24,20968410562773.332,20984220807808.0,15810245034.666666,-3845654895.4666667,37049959888.0,0.07540030269502489,0.0010032002766393196,-0.00024401658839140518,0.002350914228566283,0.10653966279400479,colmax,9,False,0.2923319979024381,48,26.284317153653973
head,|DryAir Md err|,24,20968410562773.332,20820012824128.0,-148397738645.33334,-236067349054.4,-47835073980.80006,-0.7077204931726876,-0.009416214115291642,-0.014979073971188323,-0.0030352571604917375,-1.0,colmax,1,True,0.004593110948127271,48,47.561077369320145
embed,neg-q fraction,24,0.0023343501934505184,0.002159803338599886,-0.00017454685485063237,-0.00022752104012700632,-0.00011599737913456925,-7.477320898139368,-0.2138457589123103,-0.27874698479164034,-0.142113976181915,-0.8833283223091076,share,2,True,0.695755706758717,48,8.611928013791138
b0-5_attn,neg-q fraction,24,0.0023343501934505184,0.0023322472134168493,-2.102980033669155e-06,-4.792830039453596e-06,6.846991482234443e-07,-0.09008845543267166,-0.0025764621291071463,-0.005871926927596307,0.0008388579049662802,-0.010642539658363804,share,9,False,0.08835464399964511,48,40.2065423520454
b0-5_mlp,neg-q fraction,24,0.0023343501934505184,0.0023291172246899805,-5.232968760537915e-06,-7.678302366305918e-06,-2.2496522433357316e-06,-0.2241723960363807,-0.006411162074041737,-0.009407058053758613,-0.0027561573176244944,-0.026482456644077307,share,5,True,-0.23886405561509966,48,78.12727162370558
b6-11_attn,neg-q fraction,24,0.0023343501934505184,0.0023388984891425935,4.548295692075044e-06,-4.844185680970744e-06,1.4673155480219665e-05,0.19484204661477905,0.0055723361206462645,-0.005934845197559183,0.01797678951013497,0.023017535357394234,share,6,False,0.3475949870638574,48,23.238021008942003
b6-11_mlp,neg-q fraction,24,0.0023343501934505184,0.002321096576451964,-1.3253616998554207e-05,-1.8193132200394756e-05,-8.459537631703529e-06,-0.5677647268066228,-0.016237644544293273,-0.022289282529408528,-0.01036418700552905,-0.06707250771077382,share,4,True,0.48270310750311984,48,16.746610102992584
b12-17_attn,neg-q fraction,24,0.0023343501934505184,0.0023301931534357814,-4.157040014736897e-06,-6.799227370872055e-06,-1.2214098319418621e-06,-0.17808125046534562,-0.005092989945542022,-0.008330060936278276,-0.0014964080142153223,-0.02103750987167139,share,7,True,-0.042737355581489736,48,52.28595658646563
b12-17_mlp,neg-q fraction,24,0.0023343501934505184,0.0023346436331242635,2.9343967374491814e-07,-4.2560985851499325e-06,5.379709205044492e-06,0.012570507825613366,0.00035950707780247015,-0.005214351371302867,0.006590940860348094,0.00148500856649547,share,11,False,0.22061735092534274,48,30.648726340997012
b18-23_attn,neg-q fraction,24,0.0023343501934505184,0.0023305354964880585,-3.8146969624600993e-06,-7.485156584152718e-06,2.9344859437211804e-07,-0.16341579653142818,-0.004673568983272971,-0.009170425853192136,0.000359518006892514,-0.019305016242493013,share,8,False,-0.12035338682574817,48,61.13473497451309
b18-23_mlp,neg-q fraction,24,0.0023343501934505184,0.0026432917658591273,0.00030894157240860903,0.00019585659052078578,0.00043808009418550367,13.234585508010142,0.3784992005030225,0.23995334246346803,0.5367130234780968,1.5634589410434492,share,1,True,0.7703461249054814,48,6.226684064465321
adaln,neg-q fraction,24,0.0023343501934505184,0.0023333231705085686,-1.0270229419499326e-06,-3.912488629490933e-06,2.054083590034376e-06,-0.04399609556575739,-0.0012582552726577603,-0.004793378264679985,0.0025165567409170223,-0.005197449435923258,share,10,False,0.14389729262294618,48,35.92361850937934
head,neg-q fraction,24,0.0023343501934505184,0.002400911745553458,6.656155210293946e-05,3.843795997227062e-05,9.972983419478011e-05,2.8513953171932416,0.08154776341295275,0.047092196123185756,0.1221838233512253,0.3368476859677243,share,3,True,0.3019037157904502,48,25.73817190598741
embed,|neg-q mass|,24,116704060821.33333,107771432554.66667,-8932628266.666666,-11895341691.733334,-5839499704.266666,-7.654085216744913,-0.19656921926388773,-0.26176596175469735,-0.12850259335685352,-1.0,colmax,1,True,0.5061232754339007,48,15.739802422443313
b0-5_attn,|neg-q mass|,24,116704060821.33333,116352569930.66667,-351490890.6666667,-695352918.1333333,-24723173.60000019,-0.30118137123332617,-0.0077348220360341875,-0.015301765185997298,-0.0005440520737231021,-0.03934910086634898,colmax,10,True,0.5836993565750371,48,12.617565828663915
b0-5_mlp,|neg-q mass|,24,116704060821.33333,116265888384.0,-438172437.3333333,-673117690.6666666,-185552694.6666667,-0.37545603319163684,-0.009642314819142156,-0.01481246224258615,-0.004083226933224657,-0.04905302496113425,colmax,8,True,0.2991158587217265,48,25.896411436667258
b6-11_attn,|neg-q mass|,24,116704060821.33333,116794948042.66667,90887221.33333333,-462930093.59999996,718817058.4,0.07787837089274555,0.002000041824781353,-0.010187125709941533,0.015818111282042573,0.010174745732170623,colmax,11,False,0.5308067139107825,48,14.71203224262512
b6-11_mlp,|neg-q mass|,24,116704060821.33333,115334492330.66667,-1369568490.6666667,-1840908818.1333334,-932731706.1333334,-1.1735397046409475,-0.030138387146746128,-0.040510586393349486,-0.02052546437440876,-0.15332200666822782,colmax,4,True,0.5166835589563128,48,15.295998320217318
b12-17_attn,|neg-q mass|,24,116704060821.33333,115939608565.33333,-764452256.0,-1039693744.2666667,-503552635.7333335,-0.6550348382224068,-0.016822348209337513,-0.022879244661583906,-0.011081055374681016,-0.085579768146477,colmax,5,True,0.432339957202558,48,19.02319481995985
b12-17_mlp,|neg-q mass|,24,116704060821.33333,116192924160.0,-511136661.3333333,-730334824.5333333,-266736774.93333334,-0.437976757394802,-0.011247947575561284,-0.01607156840898269,-0.005869743823693057,-0.05722130666074063,colmax,6,True,0.05969170110798704,48,42.59238635126123
b18-23_attn,|neg-q mass|,24,116704060821.33333,116251518858.66667,-452541962.6666667,-824135551.2,-19868714.13333336,-0.3877688226800268,-0.009958527057202751,-0.01813572411509857,-0.0004372260334106717,-0.050661680880126785,colmax,7,True,0.36584386955610854,48,22.286218022268862
b18-23_mlp,|neg-q mass|,24,116704060821.33333,125252404533.33333,8548343712.0,5318954190.133333,12302139379.199995,7.32480399725506,0.18811274792858323,0.11704759688214948,0.27071785154978406,0.9569796768437485,colmax,2,True,0.6515395498933032,48,10.127581629033363
adaln,|neg-q mass|,24,116704060821.33333,116283954698.66667,-420106122.6666667,-590369070.1333333,-241125330.66666698,-0.3599755824348076,-0.009244751944813837,-0.01299151646405205,-0.005306144684287937,-0.047030516677196856,colmax,9,True,0.2884247410837712,48,26.509590617802516
head,|neg-q mass|,24,116704060821.33333,121355955477.33333,4651894656.0,2909141908.266667,6653282244.533331,3.9860606591245884,0.1023684489412879,0.06401786087637432,0.14641049166129003,0.5207755788247885,colmax,3,True,0.3370194943540072,48,23.801496092907193
embed,EffRes Z500,24,313.96456001268035,313.96456001268035,0.0,0.0,0.0,0.0,nan,nan,nan,0.0,colmax,1,False,0.0,48,48.0
b0-5_attn,EffRes Z500,24,313.96456001268035,313.96456001268035,0.0,0.0,0.0,0.0,nan,nan,nan,0.0,colmax,2,False,0.0,48,48.0
b0-5_mlp,EffRes Z500,24,313.96456001268035,313.96456001268035,0.0,0.0,0.0,0.0,nan,nan,nan,0.0,colmax,3,False,0.0,48,48.0
b6-11_attn,EffRes Z500,24,313.96456001268035,313.96456001268035,0.0,0.0,0.0,0.0,nan,nan,nan,0.0,colmax,4,False,0.0,48,48.0
b6-11_mlp,EffRes Z500,24,313.96456001268035,313.96456001268035,0.0,0.0,0.0,0.0,nan,nan,nan,0.0,colmax,5,False,0.0,48,48.0
b12-17_attn,EffRes Z500,24,313.96456001268035,313.96456001268035,0.0,0.0,0.0,0.0,nan,nan,nan,0.0,colmax,6,False,0.0,48,48.0
b12-17_mlp,EffRes Z500,24,313.96456001268035,313.96456001268035,0.0,0.0,0.0,0.0,nan,nan,nan,0.0,colmax,7,False,0.0,48,48.0
b18-23_attn,EffRes Z500,24,313.96456001268035,313.96456001268035,0.0,0.0,0.0,0.0,nan,nan,nan,0.0,colmax,8,False,0.0,48,48.0
b18-23_mlp,EffRes Z500,24,313.96456001268035,313.96456001268035,0.0,0.0,0.0,0.0,nan,nan,nan,0.0,colmax,9,False,0.0,48,48.0
adaln,EffRes Z500,24,313.96456001268035,313.96456001268035,0.0,0.0,0.0,0.0,nan,nan,nan,0.0,colmax,10,False,0.0,48,48.0
head,EffRes Z500,24,313.96456001268035,313.96456001268035,0.0,0.0,0.0,0.0,nan,nan,nan,0.0,colmax,11,False,0.0,48,48.0
embed,DKE<1000km 500hPa,24,0.16734816133975983,0.16723529994487762,-0.000112876296043396,-0.00015629764335850873,-5.932353281726441e-05,-0.06744997294775625,-0.00937470442995624,-0.01298097351654248,-0.004926991807818103,-1.037319538923447,share,1,True,0.23391023527438773,48,29.801445563543965
b0-5_attn,DKE<1000km 500hPa,24,0.16734816133975983,0.16736239194869995,1.4218812187512716e-05,1.7901261647542317e-06,2.7478835545480247e-05,0.008496544722093321,0.0011809136751948727,0.0001486751804865227,0.0022821971516430203,0.13066916810168241,share,7,True,0.25740916414410686,48,28.347463289998583
b0-5_mlp,DKE<1000km 500hPa,24,0.16734816133975983,0.16736207902431488,1.3902783393859863e-05,-1.8524937331676482e-06,3.300200526913006e-05,0.008307699638317699,0.001154666565432234,-0.00015385498829724385,0.0027409124487483903,0.12776490162581863,share,8,False,0.10100650933723461,48,39.19294498793514
b6-11_attn,DKE<1000km 500hPa,24,0.16734816133975983,0.16736672818660736,1.8551945686340332e-05,-7.969125484426816e-06,3.57268921410044e-05,0.011085837137948055,0.0015407930053195403,-0.0006618590315278525,0.002967222222583182,0.1704901420408834,share,5,False,0.16506081523372734,48,34.399132083711066
b6-11_mlp,DKE<1000km 500hPa,24,0.16734816133975983,0.16736088693141937,1.271069049835205e-05,-1.2380070984363556e-05,3.4200345786909256e-05,0.007595356689694531,0.0010556597859739502,-0.0010282008744835667,0.002840438111393288,0.11680971177580203,share,9,False,-0.03746721182382433,48,51.73686214046018
b12-17_attn,DKE<1000km 500hPa,24,0.16734816133975983,0.16734807193279266,-1.01203719774882e-07,-1.311709638684988e-05,1.1848906675974514e-05,-6.047494824248772e-05,-8.405263047760545e-06,-0.0010894129761193476,0.0009840861349905646,-0.0009300499716420346,share,11,False,-0.003998725168546628,48,48.38541880003662
b12-17_mlp,DKE<1000km 500hPa,24,0.16734816133975983,0.16736435890197754,1.6185144583384197e-05,-2.1802649522821107e-06,2.942992529521384e-05,0.009671539575369141,0.001344223295270073,-0.0001810773406205622,0.0024442408256579585,0.14873952552616293,share,6,False,0.1790006331723732,48,33.42489265819125
b18-23_attn,DKE<1000km 500hPa,24,0.16734816133975983,0.1673838347196579,3.567089637120565e-05,2.1881330758333208e-05,5.049056683977442e-05,0.02131537868973868,0.002962571611165269,0.0018173081114800237,0.004193388312829282,0.32781123294955933,share,3,True,0.16154594390232374,48,34.64847422003722
b18-23_mlp,DKE<1000km 500hPa,24,0.16734816133975983,0.16744256019592285,9.439947704474132e-05,7.693516090512276e-05,0.00011441474004338185,0.05640902825604955,0.00784015091438381,0.006389688703812212,0.009502476675214554,0.8675198020762367,share,2,True,0.26823242762600064,48,27.695903928037882
adaln,DKE<1000km 500hPa,24,0.16734816133975983,0.16735005378723145,1.8868595361709595e-06,-9.649743636449177e-06,1.2641345771650473e-05,0.0011275053233676085,0.0001567091681113147,-0.0008014392533024194,0.0010499005048902276,0.017340011434479406,share,10,False,0.28553397422890214,48,26.67713955796725
head,DKE<1000km 500hPa,24,0.16734816133975983,0.1673685908317566,2.0428250233332317e-05,1.4666157464186352e-06,3.842549243321021e-05,0.012207035258124731,0.0016966255509044015,0.00012180670005072131,0.0031913488195818717,0.18773315439856578,share,4,True,0.15013771624900435,48,35.46826527269195
embed,DKEpert<1000km 500hPa,24,0.0,0.00035569173633120954,0.00035569169995142147,0.00034452989299704013,0.00036962596982448304,nan,nan,nan,nan,0.08847989092425533,share,3,True,0.003036402402242874,48,47.70938778501239
b0-5_attn,DKEpert<1000km 500hPa,24,0.0,1.8342616385780275e-05,1.8342616177354405e-05,1.722160146471197e-05,1.9480896410091948e-05,nan,nan,nan,nan,0.004562807281866441,share,10,True,0.3477241714348813,48,23.23119257985237
b0-5_mlp,DKEpert<1000km 500hPa,24,0.0,2.3923303160700016e-05,2.3923302516474603e-05,2.331641563841913e-05,2.455158082739217e-05,nan,nan,nan,nan,0.005951027807212617,share,9,True,-0.16604207779448202,48,67.11372150061794
b6-11_attn,DKEpert<1000km 500hPa,24,0.0,7.155561615945771e-05,7.15556191153155e-05,6.996763262539692e-05,7.296707980988989e-05,nan,nan,nan,nan,0.01779977822143548,share,5,True,-0.21897645123564954,48,74.91562802668453
b6-11_mlp,DKEpert<1000km 500hPa,24,0.0,4.230649210512638e-05,4.230649475781926e-05,4.1534306927815126e-05,4.315981810994648e-05,nan,nan,nan,nan,0.010523928565301538,share,7,True,-0.25932733634882293,48,81.61191186233869
b12-17_attn,DKEpert<1000km 500hPa,24,0.0,3.17513186018914e-05,3.175131788187476e-05,3.092999373753476e-05,3.2577156994761934e-05,nan,nan,nan,nan,0.007898281414138491,share,8,True,-0.1587174478734188,48,66.11148342175012
b12-17_mlp,DKEpert<1000km 500hPa,24,0.0,5.3378349548438564e-05,5.337834970002101e-05,5.170456622446788e-05,5.504940667340937e-05,nan,nan,nan,nan,0.013278101681370825,share,6,True,-0.09857574645250942,48,58.498132951491904
b18-23_attn,DKEpert<1000km 500hPa,24,0.0,0.00025869920500554144,0.0002586992210732812,0.000249606574000912,0.0002667170559789156,nan,nan,nan,nan,0.06435258080489337,share,4,True,-0.08104169150179795,48,56.46611028185489
b18-23_mlp,DKEpert<1000km 500hPa,24,0.0,0.0010470879497006536,0.0010470879363613979,0.0010127290073796758,0.0010791428417784724,nan,nan,nan,nan,0.2604677770384106,share,2,True,-0.18439549288669024,48,69.70410678549987
adaln,DKEpert<1000km 500hPa,24,0.0,1.4359667147800792e-05,1.435966735622666e-05,1.3980966420016709e-05,1.478850108658965e-05,nan,nan,nan,nan,0.0035720310638708997,share,11,True,-0.2196802938025584,48,75.0264970082781
head,DKEpert<1000km 500hPa,24,0.0,0.0018232486909255385,0.001823248673948304,0.0017665804709395161,0.0018858674722044572,nan,nan,nan,nan,0.4535412094821765,share,1,True,-0.15649167477792317,48,65.81037641178628
embed,RMSE Z500,72,143.0665661493937,142.94318517049155,-0.12338097890218098,-0.23976993163426716,-0.014891751607259203,-0.08624026019702147,-0.011967154183521591,-0.023256127208348683,-0.0014444032551246529,-1.0,colmax,1,True,0.17141766797309943,48,33.95198230713774
b0-5_attn,RMSE Z500,72,143.0665661493937,143.070343653361,0.0037775039672851562,-0.05673325061798096,0.05027273495992021,0.00264038207455164,0.0003663933679858887,-0.005502757098531565,0.004876129009882953,0.03061658288738364,colmax,10,False,0.1739955648772759,48,33.77202953065278
b0-5_mlp,RMSE Z500,72,143.0665661493937,143.03539943695068,-0.031166712443033855,-0.06786344051361083,0.007190716266632075,-0.021784763052528144,-0.0030229688280798196,-0.00658231328100016,0.0006974528085157026,-0.25260548846628517,colmax,7,False,-0.0979718990717569,48,58.426839586494054
b6-11_attn,RMSE Z500,72,143.0665661493937,143.0672844250997,0.0007182757059733073,-0.06153952280680338,0.07634073893229161,0.0005020569971765909,6.966808171035221e-05,-0.005968934307072038,0.007404556208060316,0.005821608098463631,colmax,11,False,0.15518233331249062,48,35.103763996043426
b6-11_mlp,RMSE Z500,72,143.0665661493937,143.12324317296347,0.056677023569742836,0.003015454610188802,0.13408388296763102,0.03961584113968267,0.005497303439778513,0.0002924795262173309,0.013005266413642797,0.45936597418859487,colmax,5,True,0.08014778885002426,48,40.876726861799234
b12-17_attn,RMSE Z500,72,143.0665661493937,143.0820099512736,0.015443801879882812,-0.03974951108296712,0.059237559636433866,0.010794836484546644,0.0014979485486401112,-0.00385544459188157,0.0057456588197990705,0.1251716594996947,colmax,9,False,-0.010926180412167101,48,49.06050053979302
b12-17_mlp,RMSE Z500,72,143.0665661493937,143.12144311269125,0.05487696329752604,0.019130396842956542,0.09460182189941403,0.0383576434204915,0.00532270927616494,0.0018555243332371448,0.00917576273738192,0.4447765270288027,colmax,6,True,-0.1181204355115215,48,60.858401833682834
b18-23_attn,RMSE Z500,72,143.0665661493937,143.09733724594116,0.03077109654744466,-0.011839214960734049,0.07339251438776649,0.021508237302146963,0.0029845966538428054,-0.0011483270120533579,0.007118597561874286,0.249399030719643,colmax,8,False,0.13433418635486166,48,36.63114411502683
b18-23_mlp,RMSE Z500,72,143.0665661493937,143.15556971232095,0.0890035629272461,0.040287705262502034,0.15824413299560547,0.06221129459017443,0.008632767951027274,0.00390764593429655,0.015348653860960992,0.7213718331559841,colmax,2,True,0.14206000715522904,48,36.05863036840555
adaln,RMSE Z500,72,143.0665661493937,142.98032553990683,-0.08624060948689778,-0.09856218496958415,-0.0689735770225525,-0.060280058302960286,-0.008364779399495727,-0.009559892251551409,-0.006689989317334692,-0.6989781589856824,colmax,3,True,-0.20290307905136262,48,72.43704783823391
head,RMSE Z500,72,143.0665661493937,143.15237522125244,0.08580907185872395,0.04380462567011516,0.13145524660746255,0.059978424147763464,0.008322923050338037,0.004248764388239502,0.012750305747140978,0.6954805564215467,colmax,4,True,-0.1124708410799819,48,60.165460295205115
embed,RMSE T850,72,1.0127332620322704,1.01172611489892,-0.0010071471333503723,-0.0014428448242445786,-0.0005552515387535097,-0.09944841066336774,-0.017195149176126977,-0.02463387043396093,-0.009479879079216087,-1.0,colmax,1,True,0.11144808993000466,48,38.373804471647226
b0-5_attn,RMSE T850,72,1.0127332620322704,1.0127763462563355,4.308422406514486e-05,-0.00017912474771340686,0.0001995995951195557,0.0042542519022913255,0.000735582354758208,-0.003058219257222098,0.0034077888919347315,0.04277848056005583,colmax,10,False,0.22333964974758602,48,30.473709259573056
b0-5_mlp,RMSE T850,72,1.0127332620322704,1.0126671853164833,-6.607671578725179e-05,-0.0001812331068019072,8.989597360293038e-05,-0.006524592236128833,-0.0011281360462702835,-0.0030942155360607275,0.0015348052188694536,-0.06560780803440427,colmax,7,False,-0.07909721100930737,48,56.24553074186666
b6-11_attn,RMSE T850,72,1.0127332620322704,1.0129054548839729,0.00017219285170237222,-0.00011959752688805261,0.0005663137882947921,0.017002784262939052,0.0029398701282456526,-0.0020419035589117796,0.009668746251436612,0.17097089988188324,colmax,5,False,0.25830906775132656,48,28.29286195287278
b6-11_mlp,RMSE T850,72,1.0127332620322704,1.013015275200208,0.0002820131679375966,8.829130480686823e-05,0.0005265549446145691,0.027846736994860385,0.004814846144860281,0.001507408507492462,0.00898993853257086,0.2800118856511586,colmax,3,True,0.20813974363344842,48,31.46100648198405
b12-17_attn,RMSE T850,72,1.0127332620322704,1.012673898289601,-5.9363742669423423e-05,-0.0002434639260172844,9.702440972129493e-05,-0.005861735255964351,-0.001013524615274697,-0.004156690108372039,0.0016565099017195294,-0.05894247295521181,colmax,8,False,0.14130199572668245,48,36.1144590646891
b12-17_mlp,RMSE T850,72,1.0127332620322704,1.0127340368926525,7.748603820800781e-07,-0.00010568847258885701,0.00016992517436544097,7.651179349290371e-05,1.322928837240955e-05,-0.0018044325324313663,0.0029011537889932727,0.0007693616517602846,colmax,11,False,-0.04007317894816419,48,52.00762338821661
b18-23_attn,RMSE T850,72,1.0127332620322704,1.0126792689164479,-5.399311582247416e-05,-0.0001983403538664182,9.716454272468858e-05,-0.005331425148822028,-0.000921831230321698,-0.0033862897082708693,0.0016589024100413636,-0.05360995830158483,colmax,9,False,-0.017695040567104414,48,49.729324359130516
b18-23_mlp,RMSE T850,72,1.0127332620322704,1.0128792909284432,0.0001460288961728414,-7.769729321201642e-05,0.0003837749051551024,0.014419285082016812,0.0024931696378503497,-0.0013265356203889616,0.006552237032382283,0.14499261462132365,colmax,6,False,-0.11106427954121185,48,59.994310264023916
adaln,RMSE T850,72,1.0127332620322704,1.0124854867657025,-0.000247775266567866,-0.00030268471067150434,-0.0001746564793090026,-0.02446599473494638,-0.0042302981656870825,-0.005167773983544374,-0.0029819319509999023,-0.24601695061536605,colmax,4,True,0.11071549602438785,48,38.43077398633154
head,RMSE T850,72,1.0127332620322704,1.0132459638019402,0.0005127017696698507,0.00017060888931155204,0.0008590456719199815,0.0506255485912453,0.008753421541309616,0.0029128269399193124,0.014666594371997826,0.5090634254841184,colmax,2,True,0.28701431821315077,48,26.59124474487845
embed,RMSE Q700,72,0.0007537539058830589,0.00075322813912256,-5.257667604989061e-07,-7.440933586622123e-07,-3.3193170262772284e-07,-0.06975310594018683,-0.015891367751419253,-0.02249031717537519,-0.010032678273169107,-1.0,colmax,1,True,0.026780141011424678,48,45.49615966027126
b0-5_attn,RMSE Q700,72,0.0007537539058830589,0.0007536894663644489,-6.443951861001551e-08,-1.3238410853470365e-07,-2.8204643361580957e-08,-0.00854914556423048,-0.0019476927126097997,-0.004001326655135995,-0.0008524889620850067,-0.12256293750648692,colmax,5,True,-0.08042597511021707,48,56.3961632251479
b0-5_mlp,RMSE Q700,72,0.0007537539058830589,0.0007536970103198352,-5.6895563223709665e-08,-1.467502746284784e-07,7.589096640003836e-09,-0.007548294314581864,-0.0017196756937508531,-0.004435545867391845,0.00022938141904011084,-0.10821445458005144,colmax,6,False,0.30787286394744384,48,25.40162996443797
b6-11_attn,RMSE Q700,72,0.0007537539058830589,0.0007537213617373103,-3.25441457486401e-08,-1.824550963647198e-07,1.1145008708505575e-07,-0.004317608903202043,-0.0009836509781574587,-0.0055147286825456,0.003368593172599406,-0.061898446599702464,colmax,8,False,-0.18920701714634286,48,70.40260341440003
b6-11_mlp,RMSE Q700,72,0.0007537539058830589,0.0007538056997873355,5.179390427656472e-08,-4.429930413607508e-08,1.5177104918014563e-07,0.006871460813975574,0.0015654773979238818,-0.001338952147698203,0.00458729942199427,0.09851118056116154,colmax,7,False,-0.019731925194069747,48,49.93239468602067
b12-17_attn,RMSE Q700,72,0.0007537539058830589,0.0007537677132252915,1.3807342232515415e-08,-6.493276790327704e-08,9.446524321295629e-08,0.0018318103726891407,0.00041732868939526864,-0.001962601235744485,0.0028552240887192285,0.02626134489638232,colmax,10,False,0.03867819471096577,48,44.42516160331452
b12-17_mlp,RMSE Q700,72,0.0007537539058830589,0.0007538261221876988,7.221630463997523e-08,-6.080241898113552e-08,1.8744497841301675e-07,0.009580886291444204,0.0021827470675274056,-0.0018377609099674327,0.005665548507272532,0.13735426060682945,colmax,4,False,-0.03708426269120135,48,51.697197044785284
b18-23_attn,RMSE Q700,72,0.0007537539058830589,0.0007539220532635227,1.6814738046377897e-07,6.760171042211975e-08,2.8291509200547197e-07,0.022307994579051135,0.0050822761348628094,0.002043270365596061,0.008551144932059513,0.3198136380934808,colmax,2,True,-0.08403003460813568,48,56.80692995095086
b18-23_mlp,RMSE Q700,72,0.0007537539058830589,0.0007537645008900048,1.0595006945853433e-08,-9.170835255645215e-08,1.9481297689101953e-07,0.001405632111908047,0.0003202354434609575,-0.0027718967151298705,0.0058882472060163135,0.02015153437200881,colmax,11,False,-0.00015958139877374688,48,48.01532225942988
adaln,RMSE Q700,72,0.0007537539058830589,0.0007537358457436009,-1.8060139458005626e-08,-4.2133463769763084e-08,1.3908659942292896e-08,-0.002396025986339309,-0.0005458700308417123,-0.001273489344916086,0.00042039103016454376,-0.03435009744790285,colmax,9,False,-0.2898186805926554,48,87.17674624293588
head,RMSE Q700,72,0.0007537539058830589,0.0007538493882748298,9.54823917709291e-08,-2.7764356976452594e-08,2.0488572166262481e-07,0.012667581690215838,0.0028859675343056966,-0.0008391812496397039,0.006192697208294649,0.18160598756818472,colmax,3,False,-0.0024831495163226427,48,48.238975766125044
embed,RMSE U500,72,2.7168076088031134,2.718577802181244,0.001770193378130595,0.0009187134603659312,0.002612059935927391,0.06515711206029977,0.012337976108154076,0.006403291789626262,0.018205656783425755,0.29509759110766653,share,2,True,-0.04049362350257976,48,52.051445567707596
b0-5_attn,RMSE U500,72,2.7168076088031134,2.71684501071771,3.740191459655762e-05,-0.00040492042899131775,0.00039232149720191945,0.0013766861692880413,0.00026068560327509197,-0.0028222332318711273,0.0027344206113256724,0.0062350334356773085,share,11,False,0.06466802434638086,48,42.16895201575736
b0-5_mlp,RMSE U500,72,2.7168076088031134,2.716661045948664,-0.00014656285444895426,-0.00045115662117799123,0.00020961835980415342,-0.005394671819014905,-0.0010215205970568577,-0.003144492393824174,0.0014610077899089788,-0.024432553995555155,share,10,False,-0.1659837902260917,48,67.10567645444738
b6-11_attn,RMSE U500,72,2.7168076088031134,2.7174138873815536,0.0006062785784403483,-0.00010127437611420949,0.001303697129090626,0.022315845129256086,0.004225668623606603,-0.0007058668551708614,0.009086568862875129,0.10106881555893389,share,6,False,0.016073457243951192,48,46.48135793291485
b6-11_mlp,RMSE U500,72,2.7168076088031134,2.717693234483401,0.0008856256802876791,0.0003300743798414866,0.0015858420481284455,0.032598027089516306,0.00617267504169308,0.0023005677587037004,0.011053075637294251,0.1476369802896765,share,3,True,0.24850411372574277,48,28.892017370707833
b12-17_attn,RMSE U500,72,2.7168076088031134,2.7170326163371405,0.0002250075340270996,-0.00036388933658599855,0.0008077001820007958,0.008282056237549571,0.0015682679718939795,-0.002536252816373865,0.005629546280757993,0.03750956369670413,share,9,False,0.08749419858182592,48,40.27633299119316
b12-17_mlp,RMSE U500,72,2.7168076088031134,2.7160778443018594,-0.0007297645012537638,-0.0010910422851641973,-0.00034040162960688344,-0.026861103410088752,-0.00508634654963875,-0.007604397244756046,-0.002372547104261396,-0.12165436220493304,share,5,True,-0.1278422525707715,48,62.071830793190244
b18-23_attn,RMSE U500,72,2.7168076088031134,2.7175648709138236,0.000757262110710144,0.00039251719911893206,0.001096389815211296,0.027873232843445804,0.005278000666468883,0.0027357846236455985,0.0076416687082999975,0.12623831241740444,share,4,True,0.0815410989479553,48,40.76223020408733
b18-23_mlp,RMSE U500,72,2.7168076088031134,2.7187967548767724,0.001989146073659261,0.0015064243227243422,0.0026013130942980447,0.07321630236951439,0.013864042785175237,0.010499546282419735,0.0181307529469867,0.3315977914898832,share,1,True,-0.08790215029018501,48,57.25186528018075
adaln,RMSE U500,72,2.7168076088031134,2.7162620971600213,-0.0005455116430918375,-0.0007135560115178426,-0.00030791088938713083,-0.020079141464572167,-0.003802132412389143,-0.004973375864299138,-0.0021460916324920433,-0.09093874928375777,share,7,True,0.04139445285024764,48,44.1840900316422
head,RMSE U500,72,2.7168076088031134,2.7173465291659036,0.0005389203627904257,0.00019362283249696097,0.0009416011472543081,0.019836530236598034,0.0037561922004972384,0.0013495214200063416,0.006562815453813686,0.08983995919489407,share,8,True,-0.05304946793801156,48,53.37805170346083
embed,RMSE MSLP,72,149.48445796966553,149.32028118769327,-0.16417678197224936,-0.25350959300994874,-0.0561326146125794,-0.10982866326181236,-0.01147882538556329,-0.017724749606910256,-0.0039246504519855245,-1.0,colmax,1,True,-0.055626482298135105,48,53.65469297954927
b0-5_attn,RMSE MSLP,72,149.48445796966553,149.50097020467123,0.016512235005696613,-0.05606462955474853,0.0642474810282389,0.011046121603523088,0.001154493711466552,-0.003919897108679039,0.004492021388932456,0.10057594507174382,colmax,9,False,0.21763708039768534,48,30.84122580157135
b0-5_mlp,RMSE MSLP,72,149.48445796966553,149.46242888768515,-0.02202908198038737,-0.05822551647822062,0.020036900043487526,-0.014736703921994134,-0.0015402176996005892,-0.004070980857394956,0.001400929376883849,-0.1341790338180153,colmax,8,False,0.04440607450097447,48,43.91827043506001
b6-11_attn,RMSE MSLP,72,149.48445796966553,149.53389517466226,0.04943720499674479,-0.022221000989278157,0.1289686203002929,0.03307180269321172,0.0034565243446168363,-0.0015536361913310464,0.009017159764370989,0.3011217810634217,colmax,5,False,0.059565934016131986,48,42.60313937814689
b6-11_mlp,RMSE MSLP,72,149.48445796966553,149.52518860499063,0.04073063532511393,-0.007339227199554443,0.10917229255040486,0.027247404765905016,0.0028477830124546263,-0.0005131402045808286,0.007633050593838241,0.24809010650481986,colmax,7,False,-0.07364979735089644,48,55.63251362763968
b12-17_attn,RMSE MSLP,72,149.48445796966553,149.4837735493978,-0.0006844202677408854,-0.04613247712453206,0.046319174766540495,-0.00045785379767023865,-4.785293419300939e-05,-0.0032254661295864915,0.0032385195565495894,-0.004168800603343366,colmax,11,False,-0.07597904301125342,48,55.893747510717084
b12-17_mlp,RMSE MSLP,72,149.48445796966553,149.48934618631998,0.004888216654459636,-0.032020250956217446,0.05406073729197184,0.003270050091395848,0.00034177174597580374,-0.0022387749663071326,0.003779790029592893,0.029774104448495563,colmax,10,False,0.20725768037851774,48,31.519063378334128
b18-23_attn,RMSE MSLP,72,149.48445796966553,149.52691189448038,0.042453924814860024,-0.004322806994120279,0.09644956986109415,0.028400226613174113,0.0029682710553066024,-0.0003022397324695142,0.006743509999698522,0.2585866546101261,colmax,6,False,0.16085239408480373,48,34.69785244805802
b18-23_mlp,RMSE MSLP,72,149.48445796966553,149.56230799357095,0.0778500239054362,-0.0011280536651611327,0.16176970005035396,0.05207900872292295,0.0054430767855072155,-7.887065937324824e-05,0.011310528305195047,0.4741841262219107,colmax,2,False,0.21311191631319548,48,31.13532025285553
adaln,RMSE MSLP,72,149.48445796966553,149.41826597849527,-0.06619199117024739,-0.08548587163289388,-0.04490396181742352,-0.04428018274895144,-0.004627976620314353,-0.005976955947233339,-0.0031395714462799673,-0.4031751041474047,colmax,4,True,-0.021671531316757645,48,50.126552658954
head,RMSE MSLP,72,149.48445796966553,149.55150763193765,0.06704966227213542,0.02930932839711507,0.1115853468577067,0.04485393544106212,0.004687942814672337,0.002049234117011034,0.007801765248289691,0.4083991747594904,colmax,3,True,0.05012556147452795,48,43.41763949179766
embed,RMSE T2M,72,0.9100789117316405,0.9102149146298567,0.00013600289821624756,-7.41372195382913e-05,0.0004412673413753509,0.014944077536910494,0.0022686569004305448,-0.0012366789008926115,0.007360756366780397,0.1698994787788533,share,3,False,0.08464761433955999,48,40.5080082515594
b0-5_attn,RMSE T2M,72,0.9100789117316405,0.9101205865542094,4.167482256889343e-05,-7.055507351954778e-05,0.0001479265900949637,0.004579253736315812,0.0006951754340176538,-0.0011769253192384123,0.0024675553519638766,0.05206161578555473,share,8,False,-0.07887447910370561,48,56.2203237476125
b0-5_mlp,RMSE T2M,72,0.9100789117316405,0.9100960604846478,1.714875300725301e-05,-4.462280000249545e-05,0.00010583807403842609,0.0018843149518346107,0.0002860574102018354,-0.0007443504842171043,0.0017654791195241566,0.021422809630181186,share,10,False,-0.10110656256682772,48,58.797976269725595
b6-11_attn,RMSE T2M,72,0.9100789117316405,0.9101372808218002,5.836909015973409e-05,-0.00017641993860403697,0.00031679676224788015,0.006413629566327726,0.0009736515978665658,-0.0029428513387354223,0.005284469449797712,0.07291666666666667,share,7,False,0.2420410688538814,48,29.292130193879935
b6-11_mlp,RMSE T2M,72,0.9100789117316405,0.9101030093928179,2.4097661177317303e-05,-0.00012634762873252233,0.0002296687414248784,0.002647865022107347,0.0004019717670077348,-0.0021075978786960145,0.0038310917037832873,0.030103623727972203,share,9,False,0.054017272765722824,48,43.08010132329016
b12-17_attn,RMSE T2M,72,0.9100789117316405,0.9101678729057312,8.896117409070332e-05,-3.18376657863458e-05,0.0001868934060136477,0.009775105536885107,0.0014839564753272765,-0.0005310823602078656,0.003117558675283999,0.11113334574336063,share,6,False,-0.15935740491299358,48,66.19835321342954
b12-17_mlp,RMSE T2M,72,0.9100789117316405,0.9100897448758284,1.0833144187927246e-05,-0.00011288104578852654,0.00011657100791732467,0.0011903521824623566,0.00018070708519918986,-0.0018829625457596568,0.0019445146020438896,0.0135331347728965,share,11,False,-0.30480894505428135,48,90.09153514999672
b18-23_attn,RMSE T2M,72,0.9100789117316405,0.9102278513212999,0.00014893958965937296,-8.532963693141937e-05,0.00032688283051053666,0.01636556871491288,0.002484453142246817,-0.001423379002761363,0.005452714602381935,0.18606043683296103,share,2,False,0.3444803323327794,48,23.40305268239397
b18-23_mlp,RMSE T2M,72,0.9100789117316405,0.9099555226663748,-0.00012338906526565552,-0.0004150939794878165,4.007937386631957e-05,-0.013558062237798547,-0.002058246243455147,-0.0069241599498481065,0.0006685618415438961,-0.15414184661206254,share,4,False,0.028185382868815296,48,45.36837655884912
adaln,RMSE T2M,72,0.9100789117316405,0.9099584259092808,-0.00012048582235972087,-0.00015779140715797743,-7.789169127742452e-05,-0.013239052219160654,-0.002009817407462975,-0.002632109825398013,-0.0012993070384556278,-0.1505150161330355,share,5,True,0.049171392835672,48,43.50077923925642
head,RMSE T2M,72,0.9100789117316405,0.9104625110824903,0.0003835993508497874,0.0001909718538324038,0.0005449967458844184,0.04215011972092606,0.00639879977353367,0.0031855910400969537,0.009091060885312592,0.4792054480019856,share,1,True,-0.24755646779214413,48,79.5843247908746
embed,SpecDiv> Z500,72,0.0005589079889129304,0.0005458749419631204,-1.3033046949810037e-05,-1.572178193782747e-05,-1.0515255250235594e-05,-2.331877018820068,-0.07747351196723189,-0.09345640093195857,-0.06250677655078186,1.2990377381843357,share,1,True,0.1805017597765874,48,33.32135272561408
b0-5_attn,SpecDiv> Z500,72,0.0005589079889129304,0.0005596440126585852,7.360237456547717e-07,9.525870154902805e-08,1.339089870574145e-06,0.13168960906898636,0.004375212081007881,0.0005662548583506148,0.00796007223120125,-0.07336140393626629,share,10,True,0.08409115964544342,48,40.553438653071574
b0-5_mlp,SpecDiv> Z500,72,0.0005589079889129304,0.0005550155122667396,-3.892476646190819e-06,-4.6586576900153885e-06,-3.197122017202977e-06,-0.6964431934067792,-0.023138398656288927,-0.027692877474357957,-0.01900493965949272,0.3879732865135402,share,3,True,0.21644708800956272,48,30.918352426723327
b6-11_attn,SpecDiv> Z500,72,0.0005589079889129304,0.0005584267473750515,-4.812415378789107e-07,-2.1097496604246164e-06,8.376136671965162e-07,-0.08610389320340901,-0.0028606873118441644,-0.012541174461675079,0.0049791021792039295,0.04796659762632738,share,11,False,0.10714937626432798,48,38.70916685507876
b6-11_mlp,SpecDiv> Z500,72,0.0005589079889129304,0.0005623855649901088,3.477576077178431e-06,2.9106889845328017e-06,4.278888066740667e-06,0.6222090480299408,0.020672067926231896,0.017302270048170035,0.025435378781468333,-0.34661906606019466,share,4,True,-0.2679919738120415,48,83.14610300099358
b12-17_attn,SpecDiv> Z500,72,0.0005589079889129304,0.0005575071857795896,-1.4008031333408628e-06,-1.965818773896899e-06,-7.932706618400214e-07,-0.250632154331057,-0.008326919923832627,-0.011685593161093489,-0.0047155100683660646,0.1396216971353094,share,8,True,0.2097582196987173,48,31.354699506739617
b12-17_mlp,SpecDiv> Z500,72,0.0005589079889129304,0.0005612236260882734,2.3156371753429994e-06,1.677100226515904e-06,2.9205040088224143e-06,0.41431456004894246,0.013765050115032214,0.009969337559328058,0.017360614378907756,-0.23080558907654194,share,6,True,0.08035390110505028,48,40.85977076752857
b18-23_attn,SpecDiv> Z500,72,0.0005589079889129304,0.0005597284919834541,8.205030705236519e-07,5.863166431178494e-07,1.4293952214453987e-06,0.14680467747822337,0.004877390122061302,0.003485294700625628,0.008496882442073014,-0.08178167829909358,share,9,True,-0.05848997253091999,48,53.96386357993699
b18-23_mlp,SpecDiv> Z500,72,0.0005589079889129304,0.0005610170452807021,2.1090563677717e-06,7.818771337042564e-07,3.7666577706355955e-06,0.377353054457817,0.012537053259867908,0.004647782495391423,0.022390482209845575,-0.2102151418807981,share,7,True,0.15688419082069,48,34.981512550446304
adaln,SpecDiv> Z500,72,0.0005589079889129304,0.0005536340125521141,-5.273976360816353e-06,-5.930981198313627e-06,-4.722896672622786e-06,-0.9436215737538797,-0.03135057153389287,-0.035256064419508244,-0.02807473903036728,0.5256709616236276,share,2,True,0.26501509429082837,48,27.888422543936453
head,SpecDiv> Z500,72,0.0005589079889129304,0.0005618236330822887,2.915644169358226e-06,1.7919390757015209e-06,4.069513458186217e-06,0.5216680074709829,0.017331725598537552,0.010651984448497341,0.024190774484104536,-0.2906098490782051,share,5,True,0.12522322177650805,48,37.316404907138974
embed,SpecDiv< Z500,72,0.0005206186803358529,0.0005094402810451962,-1.1178399290656671e-05,-1.3697303635732776e-05,-8.759550943674792e-06,-2.147137571676346,-0.0706182663062616,-0.08653115805537484,-0.055337466946696716,1.5031614530209305,share,1,True,0.1848653803622724,48,33.02186256015685
b0-5_attn,SpecDiv< Z500,72,0.0005206186803358529,0.0005213657689940495,7.470886581965411e-07,1.2447846226374776e-07,1.3045199769597572e-06,0.14350016363504123,0.004719647638907317,0.0007863785296059935,0.008241156603860288,-0.10046115224465202,share,9,True,0.06756585060791738,48,41.924195257213896
b0-5_mlp,SpecDiv< Z500,72,0.0005206186803358529,0.0005173201528426338,-3.298527493219202e-06,-3.9968070268514564e-06,-2.6627860734151913e-06,-0.6335783977423382,-0.02083807232842148,-0.025249373873488936,-0.01682184820560227,0.4435536118021057,share,4,True,0.17980153880412372,48,33.36961755220967
b6-11_attn,SpecDiv< Z500,72,0.0005206186803358529,0.0005200399324773267,-5.787478585261852e-07,-2.1245171410555484e-06,6.414328102740296e-07,-0.11116540385236137,-0.003656173780779292,-0.013421395437598902,0.0040521788348861386,0.07782433328196736,share,11,False,0.12509274636188125,48,37.32629892995685
b6-11_mlp,SpecDiv< Z500,72,0.0005206186803358529,0.0005237230016064132,3.104321270560225e-06,2.5631793050706617e-06,3.860851999585671e-06,0.596275429179302,0.01961119660199007,0.016192593773911017,0.02439049344960257,-0.4174386645500627,share,5,True,-0.25434009004815994,48,80.74501997324806
b12-17_attn,SpecDiv< Z500,72,0.0005206186803358529,0.000519409512586814,-1.2091677490388975e-06,-1.7103958271036391e-06,-6.408219481575854e-07,-0.23225592832336694,-0.007638779747467366,-0.010805231130764866,-0.00404831978293301,0.16259701441426896,share,8,True,0.19128009657861259,48,32.58558207739263
b12-17_mlp,SpecDiv< Z500,72,0.0005206186803358529,0.0005229085551642735,2.2898748284205794e-06,1.6823068259933887e-06,2.824513724893525e-06,0.43983723882965037,0.014466023822978876,0.010627782060544363,0.017843544252077303,-0.30791989844214357,share,6,True,0.04223610787267501,48,44.10964701265931
b18-23_attn,SpecDiv< Z500,72,0.0005206186803358529,0.0005212473982586138,6.287179227607945e-07,3.725120222952683e-07,1.224147005511137e-06,0.12076361193094462,0.003971853978963852,0.0023533023386200736,0.007733409496783135,-0.08454381720890376,share,10,True,-0.07306865250285405,48,55.56754063741014
b18-23_mlp,SpecDiv< Z500,72,0.0005206186803358529,0.0005224987671681447,1.880086832291757e-06,5.745860107708722e-07,3.45055418620177e-06,0.3611255038099875,0.011877234758705389,0.0036298817808722516,0.021798483672796763,-0.25281562960408255,share,7,True,0.1410746042261086,48,36.13122125797238
adaln,SpecDiv< Z500,72,0.0005206186803358529,0.0005160810930343965,-4.5375873014563695e-06,-5.131770437098263e-06,-4.049955729594027e-06,-0.8715759677561236,-0.02866569176053586,-0.03241937614918717,-0.025585134758971374,0.6101702170334441,share,2,True,0.2528969787345313,48,28.62242118020212
head,SpecDiv< Z500,72,0.0005206186803358529,0.0005244821240921738,3.863443756320824e-06,2.794969426152723e-06,4.92043080460765e-06,0.7420870403321876,0.024406866578041184,0.01765690150457288,0.031084262054563265,-0.5195180078483937,share,3,True,0.11353552157148432,48,38.21188829658471
embed,SpecRes Z500,72,0.0005121178746776422,0.0004996056292535892,-1.2512245424053011e-05,-1.5170869892244809e-05,-9.47969901972101e-06,-2.443235442998152,-0.06793197868875543,-0.08236628800684316,-0.05146755757727975,0.7012797168417559,share,1,True,0.16259256219069274,48,34.57407033389718
b0-5_attn,SpecRes Z500,72,0.0005121178746776422,0.0005164767368720883,4.358862194446071e-06,2.914737228820741e-06,6.402500434887769e-06,0.8511443185203799,0.023665307358110985,0.01582480686727407,0.03476070907796003,-0.24430320393149801,share,5,True,0.4731724733222388,48,17.165485873833017
b0-5_mlp,SpecRes Z500,72,0.0005121178746776422,0.0005087372107179059,-3.380663959736315e-06,-4.228000072240926e-06,-2.582208048806933e-06,-0.6601339509706253,-0.018354434738402068,-0.022954825538459657,-0.014019426265750505,0.18947766640378585,share,7,True,0.16978131816525452,48,34.0666209224228
b6-11_attn,SpecRes Z500,72,0.0005121178746776422,0.0005091420416647452,-2.9758330128970556e-06,-4.636910777359542e-06,-1.8704210333453386e-06,-0.581083605951115,-0.01615651051927138,-0.025174899742912385,-0.01015496399486842,0.1667879155120347,share,9,True,0.28820065075796875,48,26.522552013550246
b6-11_mlp,SpecRes Z500,72,0.0005121178746776422,0.0005141887180191892,2.0708433415469094e-06,9.003110562844086e-07,3.3503742921917967e-06,0.4043684948217093,0.011243104732847169,0.004888004464106188,0.01818998487505714,-0.11606553284128576,share,11,True,0.416393498694817,48,19.777775094606408
b12-17_attn,SpecRes Z500,72,0.0005121178746776422,0.0005094035013826215,-2.7143732950207777e-06,-3.4687739116634475e-06,-1.8848719795035639e-06,-0.530029008795947,-0.014736983057909776,-0.01883280478100649,-0.010233421644409546,0.15213375946700342,share,10,True,0.17174594466506246,48,33.929022615428046
b12-17_mlp,SpecRes Z500,72,0.0005121178746776422,0.0005184688710263193,6.3509963486770476e-06,4.299599807685202e-06,8.245669816157412e-06,1.240143463587313,0.034481081052112277,0.02334355765947216,0.044767717323456656,-0.35595728585225966,share,3,True,0.4904182090946392,48,16.41145137264232
b18-23_attn,SpecRes Z500,72,0.0005121178746776422,0.0005088742879403677,-3.243586737274503e-06,-4.573111042797488e-06,-1.783219272510906e-06,-0.6333672183022729,-0.017610209650146626,-0.024828515695786348,-0.009681524739334079,0.18179483470607324,share,8,True,0.19386670343936996,48,32.41098702513175
b18-23_mlp,SpecRes Z500,72,0.0005121178746776422,0.0005020326019196849,-1.0085272757957378e-05,-1.545874855158521e-05,-5.389014904721991e-06,-1.9693264493659108,-0.054755362514454446,-0.08392925023212573,-0.029258253275404156,0.5652540358884076,share,2,True,0.39361963826158625,48,20.885366827745965
adaln,SpecRes Z500,72,0.0005121178746776422,0.0005083425097230551,-3.7753649545872272e-06,-4.276236199984851e-06,-3.3627777687191463e-06,-0.7372062451371509,-0.020497361020770134,-0.023216711034697544,-0.018257326321341645,0.21159965910176365,share,6,True,0.1421213029782763,48,36.054119076199356
head,SpecRes Z500,72,0.0005121178746776422,0.0005166661415690518,4.5482668914094875e-06,2.7854848288673866e-06,6.142003424732441e-06,0.8881289086565158,0.024693630844552096,0.015123064615461878,0.03334640838750697,-0.2549188582567932,share,4,True,0.3765108070729588,48,21.74155197817618
embed,|RQE| Z500,72,0.0020587305965212486,0.0020500691077055913,-8.661488815657018e-06,-4.998137394522928e-05,2.1706379372214224e-05,-0.42071987613594597,-0.0043560710485183365,-0.02513683509172397,0.010916660260593498,-0.07311470432367714,share,9,False,0.468545687985847,48,17.370795600964097
b0-5_attn,|RQE| Z500,72,0.0020587305965212486,0.002062285169661967,3.5545731407182757e-06,-1.630193109273629e-06,9.885214842597623e-06,0.1726584890089376,0.0017876803258273606,-0.0008198633234928769,0.004971512300100671,0.03000541474009709,share,10,False,0.12418014494193268,48,37.39556621057268
b0-5_mlp,|RQE| Z500,72,0.0020587305965212486,0.002043384786702518,-1.5345809818730533e-05,-2.0818650546061688e-05,-1.0574990005807196e-05,-0.7454015520370272,-0.007717776849934059,-0.010470200082575605,-0.005318416819911715,-0.12953943269841361,share,7,True,-0.011049766886889625,48,49.07262993184418
b6-11_attn,|RQE| Z500,72,0.0020587305965212486,0.0020251020672124773,-3.362852930877125e-05,-4.486363107692644e-05,-2.0872777993948466e-05,-1.6334594417353705,-0.01691259621110264,-0.022562999113078287,-0.010497422077972465,-0.2838703633498155,share,3,True,0.0386089433779376,48,44.43132423621614
b6-11_mlp,|RQE| Z500,72,0.0020587305965212486,0.002075419869167187,1.668927264593852e-05,9.325928704129183e-06,2.072814240060931e-05,0.8106584064053505,0.008393436618238843,0.0046902338493087,0.010424681359357084,0.14088007972477734,share,6,True,-0.26868547873589294,48,83.27046873629705
b12-17_attn,|RQE| Z500,72,0.0020587305965212486,0.0020725352345228507,1.3804638001602143e-05,5.36002886898738e-06,2.2075289378638745e-05,0.6705412560987147,0.006942684475370261,0.0026956874357687774,0.011102193975719894,0.11652985384660754,share,8,True,0.278263332756806,48,27.101896095977846
b12-17_mlp,|RQE| Z500,72,0.0020587305965212486,0.0021044709813698623,4.574038484861376e-05,2.9743142340521443e-05,5.865826591010167e-05,2.2217761238844864,0.02300393967223742,0.01495854165479025,0.029500652754453915,0.3861108390294579,share,2,True,0.3795041191115138,48,21.590223523094625
b18-23_attn,|RQE| Z500,72,0.0020587305965212486,0.0020611508853107807,2.4202887895323024e-06,-7.913546702790579e-06,1.0798535451309967e-05,0.1175621906830354,0.00121722144420219,-0.0039799129707135585,0.005430843201092568,0.020430517546207966,share,11,False,0.16720187616580626,48,34.24798294135261
b18-23_mlp,|RQE| Z500,72,0.0020587305965212486,0.002148098616695885,8.936802017463681e-05,6.892837820184166e-05,0.00010263775089545865,4.340928352920334,0.044945326794445344,0.034665739239148216,0.051618993532906825,0.754387208726695,share,1,True,0.059478841316159964,48,42.610587258865856
adaln,|RQE| Z500,72,0.0020587305965212486,0.0020403178162572053,-1.841278026404325e-05,-2.125180837235045e-05,-1.5550491040509468e-05,-0.8943754124583541,-0.009260230052591077,-0.010688045571578002,-0.007820715959288429,-0.15542881985240325,share,4,True,0.02174776145055247,48,45.95665312122724
head,|RQE| Z500,72,0.0020587305965212486,0.002076639064398478,1.7908467877229366e-05,-2.5954920950728895e-05,4.68930889534628e-05,0.86987913365111,0.009006599223715788,-0.013053354004876802,0.023583662291005274,0.1511717398245434,share,5,False,0.5353245429657001,48,14.527496508693984
embed,SpecDiv> T850,72,0.0010828262493305374,0.00108095602990943,-1.870219421107322e-06,-4.856871025064417e-06,1.1973527155835933e-06,-0.17271648357837596,-0.0067308033947396555,-0.017479576788888618,0.004309197964578469,-0.25228389286875136,colmax,6,False,-0.06759789339211782,48,54.95987033883054
b0-5_attn,SpecDiv> T850,72,0.0010828262493305374,0.0010846694955641094,1.8432462335719417e-06,1.0035080473850636e-06,2.547164149291348e-06,0.17022548490226735,0.0066337285701596645,0.0036115630581938806,0.009167085374858547,0.24864533544725076,colmax,7,True,0.1629497736572025,48,34.54870689565781
b0-5_mlp,SpecDiv> T850,72,0.0010828262493305374,0.0010770311212885038,-5.795128042033563e-06,-6.582659716514172e-06,-5.1193114510776166e-06,-0.5351854044558331,-0.02085630544632877,-0.0236905829691879,-0.018424083561939177,-0.7817357929324994,colmax,2,True,-0.09299322242611548,48,57.84264900069047
b6-11_attn,SpecDiv> T850,72,0.0010828262493305374,0.001082804335358863,-2.1913971674318116e-08,-2.712704584458455e-06,2.624094789401473e-06,-0.002023775438383262,-7.886702130940222e-05,-0.00976285510669554,0.009443953964591266,-0.002956092755650659,colmax,10,False,0.22564611044082233,48,30.32603488250955
b6-11_mlp,SpecDiv> T850,72,0.0010828262493305374,0.0010860643318058767,3.238082475339373e-06,1.5269306762396204e-06,4.524587408620087e-06,0.2990398946591232,0.011653657464725123,0.00549532854978089,0.01628370871675853,0.4368022506284417,colmax,5,True,0.4832560845797579,48,16.722471728271458
b12-17_attn,SpecDiv> T850,72,0.0010828262493305374,0.0010818071981096484,-1.0190512208888929e-06,-2.173974644392729e-06,6.641603249590833e-08,-0.09411031746957799,-0.0036675019730633774,-0.007823999553962941,0.00023902717079256884,-0.1374652653784792,colmax,9,False,0.4521613173765597,48,18.108357832745007
b12-17_mlp,SpecDiv> T850,72,0.0010828262493305374,0.0010863881567881133,3.5619074575758227e-06,1.6649260639193623e-06,5.996390458070285e-06,0.32894542959020334,0.012819083438351309,0.00599196536863249,0.021580636365901514,0.4804847331247443,colmax,4,True,0.7422012837511732,48,7.102703054666689
b18-23_attn,SpecDiv> T850,72,0.0010828262493305374,0.001082828726794105,2.4774635676294565e-09,-8.632929772526646e-07,9.338277777715099e-07,0.00022879603899158895,8.916237315871214e-06,-0.003106937740228769,0.0033607881010053854,0.0003341983011340986,colmax,11,False,0.11285379249294203,48,38.26470130002172
b18-23_mlp,SpecDiv> T850,72,0.0010828262493305374,0.0010883646912892193,5.53844195868199e-06,2.4440023480565287e-06,7.7915611351879e-06,0.5114802085843558,0.01993250819467674,0.0087958124674541,0.028041343998017883,0.7471100353222904,colmax,3,True,0.36027932867667817,48,22.573740243036536
adaln,SpecDiv> T850,72,0.0010828262493305374,0.0010754130950469214,-7.413154283616071e-06,-7.985830173614281e-06,-6.894360952477048e-06,-0.6846116159632526,-0.026679481270892317,-0.02874050618646254,-0.024812376333905116,-1.0,colmax,1,True,0.24893125796205684,48,28.865719700736747
head,SpecDiv> T850,72,0.0010828262493305374,0.0010812588940704397,-1.567355260097732e-06,-3.3446854407278203e-06,-3.5917494945655003e-07,-0.1447466997652446,-0.005640814113235266,-0.012037314907925579,-0.001292648307371449,-0.21142892757024748,colmax,8,True,-0.03835767705786559,48,51.829216861305596
embed,SpecDiv< T850,72,0.0009897600818173184,0.000988967238905995,-7.928429113235325e-07,-3.7620341269454608e-06,2.1863075744477076e-06,-0.08010455522390614,-0.003267885122454667,-0.015506092288936514,0.009011371475492882,-0.12409484812922468,colmax,9,False,-0.04662081657889593,48,52.6944578499331
b0-5_attn,SpecDiv< T850,72,0.0009897600818173184,0.0009914160449019012,1.6559630845828603e-06,9.093711317594473e-07,2.302003152484152e-06,0.16730954450520102,0.006825434206643514,0.003748183088760444,0.009488237513896304,0.2591894113625446,colmax,6,True,0.2025452923044453,48,31.830673001957855
b0-5_mlp,SpecDiv< T850,72,0.0009897600818173184,0.0009849023396479122,-4.857742169406265e-06,-5.524308411016439e-06,-4.302896983669295e-06,-0.4907999684617374,-0.020022305979406713,-0.022769712650990787,-0.01773538343543312,-0.760328140863468,colmax,2,True,-0.10936190837561709,48,59.787889270389485
b6-11_attn,SpecDiv< T850,72,0.0009897600818173184,0.0009897402887872886,-1.9793030029783647e-08,-2.5659588876199753e-06,2.5134813464925777e-06,-0.0019997805926302127,-8.1581543378691e-05,-0.010576192022308317,0.010359893719751826,-0.0030979819841775533,colmax,11,False,0.23896707048205648,48,29.483899521759188
b6-11_mlp,SpecDiv< T850,72,0.0009897600818173184,0.0009925719508222148,2.8118690048965314e-06,1.2543848849115117e-06,3.998103996612671e-06,0.284096020495553,0.011589767350071088,0.005170236934314469,0.01647910876411376,0.44011045837492413,colmax,5,True,0.49858907784854384,48,16.060256022833716
b12-17_attn,SpecDiv< T850,72,0.0009897600818173184,0.0009889623082320516,-7.977735852667441e-07,-1.8514201959381657e-06,2.4442439704822823e-07,-0.08060272382393277,-0.003288208033579392,-0.007631055821156912,0.0010074515887964017,-0.12486659146629527,colmax,8,False,0.4529751686884983,48,18.07132872522017
b12-17_mlp,SpecDiv< T850,72,0.0009897600818173184,0.0009929341698201217,3.174088002803425e-06,1.473269791555746e-06,5.407907277306852e-06,0.32069266695171394,0.013082736584486493,0.006072421616471116,0.02228993850197125,0.496804553627336,colmax,4,True,0.7220195449856341,48,7.748496165181955
b18-23_attn,SpecDiv< T850,72,0.0009897600818173184,0.000989606717970067,-1.5336384725136062e-07,-1.028147107717814e-06,7.554012578718051e-07,-0.015495052798024163,-0.0006321245073863296,-0.004237745698447435,0.0031135607026641816,-0.024004330569596312,colmax,10,False,0.13284187624976496,48,36.74263002865394
b18-23_mlp,SpecDiv< T850,72,0.0009897600818173184,0.0009944177193877597,4.65763757044139e-06,1.7343576776814492e-06,6.802611854557957e-06,0.47058248317000295,0.019197528671628997,0.007148555623016026,0.028038535447373534,0.7290080023292755,colmax,3,True,0.36002495089437986,48,22.586940288756075
adaln,SpecDiv< T850,72,0.0009897600818173184,0.0009833710743502404,-6.389007467078045e-06,-6.893956287967739e-06,-5.93063787164283e-06,-0.645510723704583,-0.026333769465205308,-0.02841503262064153,-0.024444493342388258,-1.0,colmax,1,True,0.22622750641742148,48,30.28889785752411
head,SpecDiv< T850,72,0.0009897600818173184,0.0009887381202133838,-1.0219616039345663e-06,-2.6705633899837267e-06,1.1750295622429496e-07,-0.1032534674522458,-0.004212250716403111,-0.011007343631453228,0.00048431556491916936,-0.15995623877427573,colmax,7,False,-0.03151510930149187,48,51.12390056055613
embed,SpecRes T850,72,0.0007381025752692949,0.0007468740229038909,8.771447634596067e-06,7.1377431443882715e-06,1.0565644348995799e-05,1.1883778662329996,0.028609143098684422,0.02328061723974045,0.0344611338632414,0.923115950717421,colmax,2,True,-0.14826829352307525,48,64.71154903589449
b0-5_attn,SpecRes T850,72,0.0007381025752692949,0.0007407794055325212,2.676830263226293e-06,1.8068714628801293e-06,3.706843926920555e-06,0.3626637208588058,0.008730807415355079,0.005893330998019164,0.012090322232727225,0.2817123029499904,colmax,7,True,0.4546643744337902,48,17.994604451192938
b0-5_mlp,SpecRes T850,72,0.0007381025752692949,0.0007358871789620025,-2.2153963072923943e-06,-2.8301878046477213e-06,-1.5855005434180695e-06,-0.30014748376729516,-0.0072257844561075,-0.009231001685509907,-0.005171302824722196,-0.23315053040458125,colmax,9,True,0.08236213258874751,48,40.694898971004555
b6-11_attn,SpecRes T850,72,0.0007381025752692949,0.0007321696163368566,-5.932958932438244e-06,-9.983635876172532e-06,-2.9055706969908606e-06,-0.8038122520130239,-0.019351067026527398,-0.032562842454879774,-0.009476872155708171,-0.624390551439159,colmax,4,True,0.6624964779215758,48,9.744483236450238
b6-11_mlp,SpecRes T850,72,0.0007381025752692949,0.000738764792913571,6.622176442760974e-07,-3.7657973734894766e-07,1.7658327427246448e-06,0.08971891800194423,0.0021599033747684254,-0.00122826060676553,0.0057594782217813695,0.06969244938163867,colmax,11,False,0.18393949009954336,48,33.08522504974347
b12-17_attn,SpecRes T850,72,0.0007381025752692949,0.0007419023034647884,3.79972819549342e-06,1.0154504100986136e-06,7.1172893816158945e-06,0.5147967671169686,0.01239327556972678,0.003312014994827801,0.02321390480520986,0.3998872081064675,colmax,5,True,0.7735352789197795,48,6.129174164762849
b12-17_mlp,SpecRes T850,72,0.0007381025752692949,0.0007460126592680657,7.910083998770764e-06,5.302293463197809e-06,1.1297741563491095e-05,1.0716781466159753,0.025799700855635106,0.017294074907491686,0.036848957953877805,0.8324651773533838,colmax,3,True,0.7445629557576888,48,7.028108720963766
b18-23_attn,SpecRes T850,72,0.0007381025752692949,0.0007286005754091699,-9.501999860124974e-06,-1.1932995266761282e-05,-7.453349780917054e-06,-1.2873549257917427,-0.03099192801993093,-0.03892091515614673,-0.024310006663640513,-1.0,colmax,1,True,0.3688113020880567,48,22.13384522290001
b18-23_mlp,SpecRes T850,72,0.0007381025752692949,0.0007407576334420204,2.6550581727254516e-06,-2.6393360409808038e-06,8.170658384187842e-06,0.35971398308111313,0.00865979509462488,-0.008608515450073972,0.026649595900421777,0.2794209862986181,colmax,8,False,0.6166341659543946,48,11.38263709979526
adaln,SpecRes T850,72,0.0007381025752692949,0.0007344457141395347,-3.6568611297601214e-06,-4.130718343731132e-06,-3.300227626823471e-06,-0.4954407764294719,-0.01192729726170701,-0.013472840187753887,-0.01076409372400846,-0.3848517347496599,colmax,6,True,0.33067294460146873,48,24.14394821016792
head,SpecRes T850,72,0.0007381025752692949,0.0007372440444063008,-8.585308629941816e-07,-3.7422202088540264e-06,1.5580823401251104e-06,-0.11631592840344022,-0.0028002028099856136,-0.0122057062781318,0.005081875020533611,-0.09035264950876246,colmax,10,False,0.4449559971457585,48,18.438009316290685
embed,|RQE| T850,72,0.0017737676923085626,0.0018028754908906801,2.910779858211754e-05,5.143132019232629e-06,4.646724701918476e-05,1.6410152641935696,0.016198616705814167,0.0028621753724148743,0.025859225379571863,1.0,colmax,1,True,-0.10136201881329017,48,58.82833578125172
b0-5_attn,|RQE| T850,72,0.0017737676923085626,0.0017757453564020882,1.9776640935257697e-06,-2.89291031852675e-06,6.059473253117173e-06,0.11149510176001884,0.0011005786828398771,-0.001609917193906202,0.00337212326069481,0.06794275726302275,colmax,9,False,-0.3341380001814726,48,96.1740180790669
b0-5_mlp,|RQE| T850,72,0.0017737676923085626,0.0017759749613712,2.2072690626373515e-06,-8.202285759277098e-06,1.2045021715797094e-05,0.12443957978311049,0.001228354848319934,-0.004564607754559428,0.006703107053491613,0.07583084843775831,colmax,8,False,0.07422432093456105,48,41.36680926799466
b6-11_attn,|RQE| T850,72,0.0017737676923085626,0.001800618913875951,2.6851221567388468e-05,1.51112409033279e-06,4.7307424855110476e-05,1.513795841688916,0.014942821767367557,0.0008409471387939716,0.026326788005116564,0.9224751741921353,colmax,2,True,0.07003664872586722,48,41.71655327348909
b6-11_mlp,|RQE| T850,72,0.0017737676923085626,0.0017776253601671972,3.857667858634765e-06,-8.995710747209765e-06,1.6129087346901838e-05,0.21748439073292636,0.0021468089675030833,-0.0050061522165385074,0.008975907367573008,0.13253038864315678,colmax,7,False,0.15764705897620568,48,34.926829257355884
b12-17_attn,|RQE| T850,72,0.0017737676923085626,0.0017755365230793056,1.7688307707430795e-06,-6.13461062736557e-06,1.4363711231150466e-05,0.09972167034122391,0.000984362029024064,-0.003413937536765788,0.00799346786910046,0.06076827712521571,colmax,10,False,0.26637264396753335,48,27.807070262693703
b12-17_mlp,|RQE| T850,72,0.0017737676923085626,0.001778419495470492,4.651803161929517e-06,-9.290964339925267e-06,1.532990398421437e-05,0.26225549050762026,0.0025887487230753284,-0.005170462127022471,0.008531158344959147,0.15981295008642,colmax,5,False,-0.20227553932002426,48,72.34230455735323
b18-23_attn,|RQE| T850,72,0.0017737676923085626,0.0017731420775817242,-6.256147268383453e-07,-2.240667725648867e-05,2.054466816237739e-05,-0.03527038684666233,-0.0003481573206911256,-0.012469413497719043,0.011433197325851656,-0.021493027893311503,colmax,11,False,0.10721779368667413,48,38.70380890497732
b18-23_mlp,|RQE| T850,72,0.0017737676923085626,0.0017780791322365985,4.311439928036028e-06,-3.1212476975876295e-05,4.21447693573403e-05,0.2430667751324684,0.0023993351007762106,-0.017369879400013645,0.023453747731850404,0.14811975271413255,colmax,6,False,0.112419234853574,48,38.29839991272385
adaln,|RQE| T850,72,0.0017737676923085626,0.0017787682951772392,5.000602868676651e-06,-4.1370615235791767e-07,1.0207307741438847e-05,0.2819198303340589,0.002782857279267151,-0.00023022927590958845,0.005680411221597408,0.17179598294145082,colmax,4,False,-0.024097597926080485,48,50.370492577933526
head,|RQE| T850,72,0.0017737676923085626,0.0017789390791828434,5.17138687428087e-06,-2.4889887390600053e-05,2.8995738178612857e-05,0.2915481489884562,0.002877899322328626,-0.013851330754325862,0.016136254603123706,0.17766327672261434,colmax,3,False,0.05109053891174317,48,43.33371146066497
embed,SpecDiv> Q700,72,0.014082457734427104,0.013827118809179714,-0.00025533892524739105,-0.0002745000145902547,-0.0002360555537355443,-1.8131701870701806,-0.0879058289225676,-0.09450243944762507,-0.08126712017289946,-0.7558055010065773,colmax,2,True,0.18255105305201258,48,33.18042747688255
b0-5_attn,SpecDiv> Q700,72,0.014082457734427104,0.01409305032575503,1.0592591327925524e-05,4.632023531788339e-06,1.538024322750668e-05,0.07521834276150553,0.0036467237426378585,0.0015946721313884497,0.00529497423330482,0.0313541650095219,colmax,11,True,0.17043709514285804,48,34.02064032179593
b0-5_mlp,SpecDiv> Q700,72,0.014082457734427104,0.01399200881132856,-9.044892309854428e-05,-0.00010106119443662465,-8.100670723554989e-05,-0.6422808064065807,-0.031138956006913587,-0.034792455009548286,-0.027888273364233274,-0.26772962082364343,colmax,5,True,0.3467050916849013,48,23.285094704655535
b6-11_attn,SpecDiv> Q700,72,0.014082457734427104,0.014164840569719672,8.23828352925678e-05,5.957973577703039e-05,0.00010313637127789356,0.5850032490505412,0.028362034571767763,0.020511584966502974,0.035506878555491846,0.24385392882152326,colmax,6,True,0.37403128834254706,48,21.86740463224963
b6-11_mlp,SpecDiv> Q700,72,0.014082457734427104,0.014145660602177182,6.320286775007844e-05,5.6139075604733085e-05,7.014181076859434e-05,0.4488056626335022,0.021758924826957335,0.01932706488522818,0.024147802814511003,0.18708105346107454,colmax,8,True,0.10897183490196871,48,38.566671017831794
b12-17_attn,SpecDiv> Q700,72,0.014082457734427104,0.013989509762420008,-9.294797200709581e-05,-0.00010183460884339486,-8.28854395270658e-05,-0.660026635690642,-0.03199930648270343,-0.03505871928735834,-0.028535066716438743,-0.27512682792999327,colmax,3,True,0.35373558423464174,48,22.914882579728665
b12-17_mlp,SpecDiv> Q700,72,0.014082457734427104,0.01411094058615466,2.8482851727555197e-05,1.0890786749466011e-05,4.61840701367085e-05,0.20225767593055677,0.009805824508595596,0.0037493838274096332,0.015899843568511464,0.08430949569942575,colmax,10,True,0.6291822031589982,48,10.925269263226165
b18-23_attn,SpecDiv> Q700,72,0.014082457734427104,0.014132259355392307,4.980162096520265e-05,3.420565917622298e-05,6.186306563904509e-05,0.3536429642068346,0.0171452620018357,0.01177602208834955,0.021297669595117998,0.14741324319461255,colmax,9,True,0.2993462620334037,48,25.883307941152964
b18-23_mlp,SpecDiv> Q700,72,0.014082457734427104,0.014420294552110136,0.00033783681768303114,0.0003096780827036127,0.0003667661076178774,2.3989904607143124,0.11630747435086823,0.1066132338923153,0.12626699466059013,1.0,colmax,1,True,0.5166640968319484,48,15.29681054659866
adaln,SpecDiv> Q700,72,0.014082457734427104,0.013991992610196272,-9.046512423083186e-05,-9.486958345708747e-05,-8.578633860452102e-05,-0.6423958511849361,-0.031144533589578836,-0.03266086189269409,-0.029533762617493953,-0.26777757632002386,colmax,4,True,0.1748093718061932,48,33.715384898918735
head,SpecDiv> Q700,72,0.014082457734427104,0.01401190075557679,-7.055697885031502e-05,-9.211694171729808e-05,-5.539173920017977e-05,-0.5010274497598937,-0.024290733213119396,-0.031713206717798204,-0.01906977851158726,-0.20884928805040348,colmax,7,True,0.6071918057535293,48,11.731514095786816
embed,SpecDiv< Q700,72,0.011775530079224458,0.011573306381857643,-0.0002022236973668138,-0.0002181640253790344,-0.000186247072997503,-1.7173213945043257,-0.09143464695026761,-0.09864200337311597,-0.08421087927275749,-0.7812202171190059,colmax,2,True,0.1295062689438821,48,36.992888166758476
b0-5_attn,SpecDiv< Q700,72,0.011775530079224458,0.011783018300775439,7.488221550981204e-06,2.8899531268204254e-06,1.1234469032691171e-05,0.06359137551007285,0.003385769831699816,0.0013066809048315389,0.005079620850837064,0.028928113480595326,colmax,11,True,0.15720019061962864,48,34.958852563441354
b0-5_mlp,SpecDiv< Q700,72,0.011775530079224458,0.011709917899376402,-6.561217984805505e-05,-7.380308137120059e-05,-5.841816261333103e-05,-0.5571908814857895,-0.02966628826473473,-0.03336977207363143,-0.02641354175393398,-0.25346960842859423,colmax,6,True,0.3418140690730844,48,23.54493473623817
b6-11_attn,SpecDiv< Q700,72,0.011775530079224458,0.011842560003666827,6.702992444237073e-05,4.9217580817639826e-05,8.306784826951719e-05,0.5692306332827554,0.030307315889760135,0.022253534993202387,0.03755879987529165,0.25894656663978527,colmax,5,True,0.30070935104067603,48,25.805881324057516
b6-11_mlp,SpecDiv< Q700,72,0.011775530079224458,0.011822560045402497,4.702996617803971e-05,4.1207012933834146e-05,5.2800073657029616e-05,0.39938725358117483,0.021264413664497522,0.018631588327879853,0.02387334499686036,0.1816837535220394,colmax,8,True,0.04621117949629717,48,43.75967709140674
b12-17_attn,SpecDiv< Q700,72,0.011775530079224458,0.01170343802853798,-7.209205068647861e-05,-7.995809864951297e-05,-6.300154394314934e-05,-0.6122191544792575,-0.03259613629990286,-0.036152738853209486,-0.028485899539827962,-0.27850231314724067,colmax,3,True,0.36127223326949676,48,22.522264139207252
b12-17_mlp,SpecDiv< Q700,72,0.011775530079224458,0.011798700569973638,2.3170490749180317e-05,9.712778167643895e-06,3.7033516370380905e-05,0.1967681335217339,0.010476445979883548,0.004391594329589817,0.01674455832201801,0.08951105162019997,colmax,10,True,0.5352819256979449,48,14.529232184087652
b18-23_attn,SpecDiv< Q700,72,0.011775530079224458,0.011813214048743248,3.768396951879064e-05,2.498217024064312e-05,4.755775832260648e-05,0.32001930499312625,0.01703865814689983,0.011295589714499718,0.02150305280041467,0.1455787785146432,colmax,9,True,0.2307346338942852,48,30.00219263858466
b18-23_mlp,SpecDiv< Q700,72,0.011775530079224458,0.01203438627999276,0.0002588562007683019,0.00023754908130892242,0.0002819189918227494,2.1982551870425038,0.11704080993636018,0.10740687993377654,0.12746855992416775,1.0,colmax,1,True,0.41709105260763213,48,19.74441192282422
adaln,SpecDiv< Q700,72,0.011775530079224458,0.011707987636327744,-6.754244289671381e-05,-7.074624785066893e-05,-6.413916319919129e-05,-0.5735830356875297,-0.030539049086900492,-0.031987636857160884,-0.029000269598305053,-0.26092650164934617,colmax,4,True,0.21458513201200446,48,31.039334065428996
head,SpecDiv< Q700,72,0.011775530079224458,0.01171533769229427,-6.0192386930187545e-05,-7.804540800862014e-05,-4.753458536773304e-05,-0.5111649881170517,-0.02721575027912029,-0.03528792332588832,-0.021492575240290725,-0.23253214236913258,colmax,7,True,0.6268215823916292,48,11.010773547070915
embed,SpecRes Q700,72,0.0026124369663496814,0.0025391871846901872,-7.324978165949385e-05,-8.08079905861329e-05,-6.370607309994133e-05,-2.8038870450468574,-0.12495093723843702,-0.13784388064156683,-0.10867108899547612,1.3566921717672378,share,1,True,0.4206147634040414,48,19.576377828122254
b0-5_attn,SpecRes Q700,72,0.0026124369663496814,0.0026104401598180025,-1.9968065316788852e-06,-3.4397282433928924e-06,-5.925138490662609e-07,-0.0764346300944054,-0.0034061923730631573,-0.005867556982700696,-0.0010107219310460222,0.03698375242475981,share,11,True,0.5565929419614206,48,13.67315642523279
b0-5_mlp,SpecRes Q700,72,0.0026124369663496814,0.002607785781340984,-4.651185008697212e-06,-6.749247343880901e-06,-3.0774572830220376e-06,-0.17804008550668468,-0.007934084074239142,-0.01151300061469395,-0.005249587959352214,0.0861466907857025,share,9,True,0.3490682202679151,48,23.160226412371568
b6-11_attn,SpecRes Q700,72,0.0026124369663496814,0.0026283367794045867,1.5899813054905582e-05,1.1377701230230742e-05,1.8485711674050735e-05,0.6086199690062628,0.02712221795228921,0.019408309487458923,0.03153329534727403,-0.29448759321123674,share,5,True,0.21270623952238044,48,31.161792750245286
b6-11_mlp,SpecRes Q700,72,0.0026124369663496814,0.0026158965338254347,3.4595674757535258e-06,2.5077509538580976e-07,6.718588398750095e-06,0.13242683059210905,0.0059013991406074015,0.0004277771550252003,0.011460701975134257,-0.06407620617729202,share,10,True,0.525907864074253,48,14.913366042740632
b12-17_attn,SpecRes Q700,72,0.0026124369663496814,0.0025945905751238265,-1.7846391225854557e-05,-2.0645945611856104e-05,-1.425404552719556e-05,-0.6831319360325485,-0.030442729786694555,-0.03521826544640436,-0.024314834907519414,0.33054104356192693,share,4,True,0.5202690878201568,48,15.14671578151335
b12-17_mlp,SpecRes Q700,72,0.0026124369663496814,0.0026219321152893826,9.495148939701418e-06,4.358247254761713e-06,1.4249359507327123e-05,0.3634594465629862,0.01619701427574797,0.007434385016064281,0.02430684140144726,-0.17586392675052123,share,6,True,0.6383486695048866,48,10.59558577907074
b18-23_attn,SpecRes Q700,72,0.0026124369663496814,0.0026051023402639353,-7.334626085745792e-06,-1.3455902444547973e-05,-2.011574664114354e-06,-0.2807580117806385,-0.012511551337691157,-0.02295334653215761,-0.0034313841476632666,0.135847910641265,share,8,True,0.6480596224690781,48,10.250319764630486
b18-23_mlp,SpecRes Q700,72,0.0026124369663496814,0.002666102756241647,5.366578989196569e-05,4.023179626528872e-05,6.700377998640758e-05,2.054242478698044,0.09154417382175291,0.06862819978770722,0.11429638311740338,-0.9939682465756349,share,2,True,0.6424326029132456,48,10.449886972361073
adaln,SpecRes Q700,72,0.0026124369663496814,0.0026037806286088503,-8.656337740831077e-06,-9.844485551487498e-06,-7.335719722808184e-06,-0.33135106616281146,-0.014766153417320255,-0.016792919629531552,-0.012513416885585618,0.16032792703398713,share,7,True,0.5488523005164544,48,13.981378061671501
head,SpecRes Q700,72,0.0026124369663496814,0.0025883506508156038,-2.4086315534077585e-05,-3.2014103938612e-05,-1.7656614363659174e-05,-0.9219864763946067,-0.04108691701763791,-0.05461029645894986,-0.03011900463338675,0.44611348991732236,share,3,True,0.5922458834276598,48,12.292195444926422
embed,|RQE| Q700,72,0.16038334757710496,0.15541206036383906,-0.004971287213265896,-0.006414439110085368,-0.0037378550584738464,-3.099628040171645,-0.10603986065545846,-0.13682295957499624,-0.07973018104710887,0.826479383245985,share,1,True,0.5444408913875115,48,14.158416379246786
b0-5_attn,|RQE| Q700,72,0.16038334757710496,0.16040784399956465,2.4496422459681828e-05,-0.0001700745546258986,0.0001932040089741349,0.01527366951104763,0.0005225200461663545,-0.0036277690867354915,0.004121131069438659,-0.0040725444452666066,share,11,False,0.10249761943747975,48,39.075017947867735
b0-5_mlp,|RQE| Q700,72,0.16038334757710496,0.15999189065769315,-0.0003914569194118182,-0.0005465742782689631,-0.00022821198217570782,-0.24407578799514937,-0.008349957547468706,-0.011658682715180035,-0.004867867365466514,0.06507993995187183,share,8,True,0.04593169620767796,48,43.78419618420135
b6-11_attn,|RQE| Q700,72,0.16038334757710496,0.16022661126529178,-0.00015673631181319556,-0.0006016515311785042,0.0003331771974141397,-0.09772605085315603,-0.0033432581847153047,-0.01283350605031708,0.00710682406220529,0.026057502767883566,share,9,False,0.21728451714808472,48,30.864060659305533
b6-11_mlp,|RQE| Q700,72,0.16038334757710496,0.16046238442262015,7.903684551517169e-05,-7.868470856919885e-05,0.000286588107701391,0.04927995749507249,0.0016858925516737252,-0.0016783813073861379,0.006113057182669278,-0.013139921419300513,share,10,False,-0.025170910394730274,48,50.47880107770744
b12-17_attn,|RQE| Q700,72,0.16038334757710496,0.1596140902644644,-0.0007692573126405478,-0.001058607583399862,-0.0005763772098968427,-0.4796366482316527,-0.01640861506108944,-0.022580590462160634,-0.012294393061689737,0.12788947450311366,share,5,True,0.25366757021845004,48,28.575323698667674
b12-17_mlp,|RQE| Q700,72,0.16038334757710496,0.15988580013314882,-0.0004975474439561367,-0.0007903375313617288,-0.00020247004770984265,-0.3102238801425059,-0.010612917613329281,-0.016858265897962355,-0.004318779970862125,0.08271755120467829,share,7,True,0.1884988680797659,48,32.77416190989336
b18-23_attn,|RQE| Q700,72,0.16038334757710496,0.16296391794458032,0.002580570367475351,0.0022222793078981343,0.0029543966675798098,1.6090014371565173,0.0550447621389634,0.04740224775550959,0.0630186504040875,-0.4290213206838142,share,2,True,-0.03958292535480373,48,51.95657359118169
b18-23_mlp,|RQE| Q700,72,0.16038334757710496,0.15869650772462288,-0.0016868398524820805,-0.002091594412922859,-0.001320163688311974,-1.0517549845199017,-0.03598107597323138,-0.04461467836785245,-0.028159703421969693,0.28043810407772773,share,3,True,0.08750166253623959,48,40.27572711577434
adaln,|RQE| Q700,72,0.16038334757710496,0.15961855618904033,-0.0007647913880646229,-0.0008703589555807412,-0.0006722183510040243,-0.4768521168925884,-0.016313354819744875,-0.018565159969781805,-0.014338729027824567,0.12714701195150652,share,6,True,0.08407174507501648,48,40.55502455084918
head,|RQE| Q700,72,0.16038334757710496,0.15878580859862268,-0.0015975389784822862,-0.002143566036829725,-0.001163462169157962,-0.9960753423694831,-0.03407624693618046,-0.0457232571967754,-0.024817187380802606,0.2655917819682894,share,4,True,0.2600441537970812,48,28.187806364331532
embed,Vag/Vg 850hPa,72,0.2754063916703065,0.2765757602949937,0.0011693686246871948,0.0011404512294878562,0.0011958785044650238,0.424597489402884,0.1194516988170209,0.11649776974025251,0.12215969876506444,0.6619396709153957,share,1,True,0.10756408502321646,48,38.67670006470792
b0-5_attn,Vag/Vg 850hPa,72,0.2754063916703065,0.2754267690082391,2.037733793258667e-05,9.861215949058534e-06,3.275933365027107e-05,0.007399006903580043,0.002081557160016261,0.0010073290600144506,0.003346385369015048,0.01153491557791403,share,8,True,0.36021175468588723,48,22.577246277488037
b0-5_mlp,Vag/Vg 850hPa,72,0.2754063916703065,0.27546712942421436,6.0737753907839455e-05,4.823549340168635e-05,7.108266775806745e-05,0.0220538650317708,0.006204397598372661,0.004927284269876761,0.007261136685977321,0.03438156966512614,share,7,True,0.28478355336920136,48,26.72075724214458
b6-11_attn,Vag/Vg 850hPa,72,0.2754063916703065,0.2754688827941815,6.24911238749822e-05,4.2156347384055455e-05,7.678031300505003e-05,0.02269051327965959,0.0063835053808189105,0.0043062958973206,0.00784315452846121,0.0353740925655536,share,6,True,0.015590521427898619,48,46.52628591395875
b6-11_mlp,Vag/Vg 850hPa,72,0.2754063916703065,0.2754132977376382,6.906067331631978e-06,-3.522494807839393e-06,2.219448797404763e-05,0.002507591523111542,0.0007054588754070954,-0.00035982493457365183,0.0022671801148958616,0.003909289030260139,share,11,False,0.17051401577210054,48,34.01525031434671
b12-17_attn,Vag/Vg 850hPa,72,0.2754063916703065,0.27539408889909583,-1.2302771210670471e-05,-2.1474482491612434e-05,-5.242259552081516e-07,-0.004467133509885392,-0.0012567353786021394,-0.0021936311276742663,-5.35499923562084e-05,-0.0069641789206693035,share,10,True,0.14185452365379653,48,36.073757218048755
b12-17_mlp,Vag/Vg 850hPa,72,0.2754063916703065,0.27542371302843094,1.732135812441508e-05,6.8195164203643795e-06,2.5678674379984538e-05,0.0062893813100571615,0.0017693870094495324,0.0006966176484690616,0.002623091823486183,0.009805029701177503,share,9,True,-0.1632819704152629,48,66.73399234344785
b18-23_attn,Vag/Vg 850hPa,72,0.2754063916703065,0.27519319330652553,-0.00021319836378097534,-0.0002334799151867628,-0.00019542576434711617,-0.07741227881021678,-0.021778339354246914,-0.023850111863718947,-0.019962857777308936,-0.12068431782888848,share,4,True,0.32505926238101684,48,24.449589784758988
b18-23_mlp,Vag/Vg 850hPa,72,0.2754063916703065,0.2758677446593841,0.00046135298907756805,0.0004259943806876739,0.00048703366580108803,0.167517168457681,0.04712748156242666,0.04351557873656758,0.04975077792649301,0.261156182335173,share,2,True,0.10723167456279781,48,38.702721937490296
adaln,Vag/Vg 850hPa,72,0.2754063916703065,0.2754816909631093,7.529929280281067e-05,7.01029629757007e-05,7.908792855838934e-05,0.02734115658904267,0.007691867436089339,0.007161059261183943,0.008078878826380266,0.042624359885992016,share,5,True,0.13064183987520847,48,36.90752474770944
head,Vag/Vg 850hPa,72,0.2754063916703065,0.27565409056842327,0.00024769889811674756,0.00021066946598390738,0.0002797331816206376,0.08993941520909651,0.025302589406368294,0.02152001094384066,0.028574910472746597,0.14021389290256153,share,3,True,0.4613724378647975,48,17.691672781419793
embed,|Vag| 850hPa,72,2.576452617843946,2.5901179214318595,0.013665303587913513,0.013318129132191341,0.014009179174900055,0.5303921948057813,0.08538676728987464,0.08321747011553618,0.08753545169588074,0.7027291912196303,share,1,True,0.11049484935570376,48,38.447947107272114
b0-5_attn,|Vag| 850hPa,72,2.576452617843946,2.576264480749766,-0.00018813709417978922,-0.0004116885364055633,4.168301820754997e-05,-0.0073021755912293105,-0.0011755624875784913,-0.0025724092427088347,0.00026045364837526527,-0.009674825530280158,share,9,False,0.703929053272683,48,8.340373923207553
b0-5_mlp,|Vag| 850hPa,72,2.576452617843946,2.5779365052779517,0.0014838874340057373,0.0013684347271919251,0.0015667181462049483,0.05759420622481695,0.009271974837345195,0.008550576051999784,0.009789537195291206,0.07630792902999382,share,6,True,0.06955642462076199,48,41.756835441420684
b6-11_attn,|Vag| 850hPa,72,2.576452617843946,2.5767567505439124,0.00030413269996643066,0.00011831012864907583,0.0004894535988569259,0.011804319546188206,0.0019003535421081665,0.0007392532012189428,0.0030583192152241916,0.015639822774217972,share,8,True,0.08154472530266958,48,40.76193258964345
b6-11_mlp,|Vag| 850hPa,72,2.576452617843946,2.575795590877533,-0.0006570269664128622,-0.0007731770475705465,-0.0005196822186311086,-0.025501224507776216,-0.00410539058450828,-0.004831146868421583,-0.0032472007944402696,-0.033787176826804356,share,7,True,0.19684676507374516,48,32.21076949987398
b12-17_attn,|Vag| 850hPa,72,2.576452617843946,2.5765139013528824,6.128350893656413e-05,-4.4702862699826554e-05,0.00021031523744265235,0.0023786002704698694,0.00038292604936355644,-0.00027932295173576245,0.001314141184021249,0.003151463880259698,share,11,False,0.1918308865663878,48,32.54834044163074
b12-17_mlp,|Vag| 850hPa,72,2.576452617843946,2.576328083872795,-0.00012453397115071615,-0.00029207828144232434,2.4268900354703213e-05,-0.004833544008852372,-0.0007781424793032166,-0.0018250322861469751,0.00015164265715992043,-0.006404077030788715,share,10,False,0.08045630365555523,48,40.851348893239816
b18-23_attn,|Vag| 850hPa,72,2.576452617843946,2.574295779069265,-0.0021568387746810913,-0.0024430667360623676,-0.0019172026465336482,-0.08371350436422928,-0.013476867846416577,-0.015265344785336154,-0.011979516969669864,-0.11091400626205937,share,4,True,0.48114724477676,48,16.81462281251397
b18-23_mlp,|Vag| 850hPa,72,2.576452617843946,2.579584295550982,0.0031316777070363364,0.0027020692825317385,0.0034872693320115405,0.12154998253594976,0.0195680859834032,0.01688370547674629,0.021789977296439306,0.16104445306086376,share,3,True,0.29355461083382234,48,26.214106769035922
adaln,|Vag| 850hPa,72,2.576452617843946,2.5783189882834754,0.001866370439529419,0.0018164900441964469,0.0019185068706671397,0.07243954057619172,0.011661895205734829,0.01135022077558236,0.011987666329972314,0.09597686440327295,share,5,True,-0.028781699475585305,48,50.8449249238449
head,|Vag| 850hPa,72,2.576452617843946,2.5799978027741113,0.003545184930165609,0.0032393855353196463,0.0039217509329319,0.1375994615857647,0.022151859172697744,0.020241091395230202,0.02450480753133666,0.18230878828793623,share,2,True,0.3412631456556356,48,23.57432179579744
embed,Vag/Vg 500hPa,72,0.15993458249916634,0.16089607930431762,0.0009614968051513036,0.0009377216221764684,0.0009881362939874333,0.6011813018340267,0.13603314172143205,0.13266941464741458,0.13980211249784713,0.6260609710848262,share,1,True,0.039230054739204455,48,44.376081274988984
b0-5_attn,Vag/Vg 500hPa,72,0.15993458249916634,0.159902668868502,-3.19136306643486e-05,-4.279856414844592e-05,-1.7713452689349654e-05,-0.019954177617911344,-0.00451515950937103,-0.0060551663937803485,-0.0025061098561705566,-0.020779973992134573,share,8,True,0.4096032370801159,48,20.104270389486743
b0-5_mlp,Vag/Vg 500hPa,72,0.15993458249916634,0.15999950903157392,6.492653240760167e-05,5.830818942437569e-05,7.176703462998072e-05,0.04059568067959292,0.009185844546924499,0.008249477432468462,0.010153642883099135,0.04227571814123404,share,5,True,0.08587033251827875,48,40.40834593699888
b6-11_attn,Vag/Vg 500hPa,72,0.15993458249916634,0.1599461684624354,1.1585963269074758e-05,-1.9839444818596048e-05,3.8109471400578786e-05,0.007244188897754587,0.0016391889966949373,-0.0028068964912035393,0.005391750753813482,0.007543987017251334,share,10,False,0.49801083570123145,48,16.084983707785796
b6-11_mlp,Vag/Vg 500hPa,72,0.15993458249916634,0.1599227488040924,-1.1833695073922476e-05,-2.6047998107969758e-05,2.7413247153162883e-06,-0.007399084606347824,-0.0016742382402672572,-0.0036852863152503634,0.0003878442564813336,-0.00770529302833803,share,9,False,0.3938268751392978,48,20.875124818070283
b12-17_attn,Vag/Vg 500hPa,72,0.15993458249916634,0.15994549542665482,1.0912927488485972e-05,-2.662410649160544e-06,2.491481136530636e-05,0.006823369478919829,0.001543967492854348,-0.00037667944731330986,0.003524962378721713,0.007105752140013293,share,11,False,0.305365211330066,48,25.54263708482275
b12-17_mlp,Vag/Vg 500hPa,72,0.15993458249916634,0.15976704160372415,-0.0001675408954421679,-0.00018109426212807497,-0.00015509056393057108,-0.10475589007964628,-0.023703785859416963,-0.025621324265482078,-0.02194230552799834,-0.10909117444278879,share,4,True,0.28356258883826013,48,26.791833943125948
b18-23_attn,Vag/Vg 500hPa,72,0.15993458249916634,0.1598989563062787,-3.562619288762411e-05,-6.555670406669379e-05,-1.8026322747270268e-05,-0.02227547809293203,-0.005040415028019372,-0.009275001609278563,-0.0025503748986558617,-0.023197340641991457,share,7,True,0.45275737419104506,48,18.081234007472677
b18-23_mlp,Vag/Vg 500hPa,72,0.15993458249916634,0.1601698792849978,0.00023529678583145142,0.00021042678660402694,0.0002568112841496865,0.14712064279948828,0.033289929661877965,0.029771307331163344,0.03633381372172092,0.15320917702643405,share,3,True,0.27416438511590707,48,27.34349658601324
adaln,Vag/Vg 500hPa,72,0.15993458249916634,0.1599986751874288,6.409268826246262e-05,6.066180455187957e-05,6.951296236366033e-05,0.040074314923601154,0.009067871779712404,0.00858246830511838,0.00983473539384704,0.041732775853290605,share,6,True,0.21172141109288797,48,31.226131618335202
head,Vag/Vg 500hPa,72,0.15993458249916634,0.16043388471007347,0.0004993022109071413,0.0004604265869905551,0.0005397921428084374,0.3121915242500752,0.07064157473457978,0.0651414282656356,0.07637011446046416,0.3251114567938008,share,2,True,0.17971812873508702,48,33.37537065988191
embed,|Vag| 500hPa,72,2.5381664782762527,2.555305247505506,0.017138769229253132,0.016690860688686374,0.017703280225396155,0.6752421236329856,0.10034441922186002,0.09772199506954876,0.10364952983363257,0.7033899887530661,share,1,True,0.12873904521524107,48,37.050659323735545
b0-5_attn,|Vag| 500hPa,72,2.5381664782762527,2.537313679854075,-0.0008527984221776327,-0.0010308177520831426,-0.0006220467388629913,-0.0335989947655756,-0.004992981773782961,-0.006035253014540634,-0.003641972063753551,-0.034999588626253866,share,8,True,0.41126504252523244,48,20.024075639415965
b0-5_mlp,|Vag| 500hPa,72,2.5381664782762527,2.5398201992114386,0.0016537209351857503,0.0015241991728544234,0.0017782191435496012,0.06515415554258061,0.009682239405675029,0.008923912722826336,0.010411154081246347,0.06787014484188285,share,6,True,0.19011330434576876,48,32.66458853073094
b6-11_attn,|Vag| 500hPa,72,2.5381664782762527,2.53826642036438,9.994208812713623e-05,-0.00046802436312039697,0.0005705058574676509,0.003937570249332502,0.0005851429968390129,-0.00274019868467788,0.0033402094493780276,0.004101710181365674,share,11,False,0.5589911611976673,48,13.578283693571233
b6-11_mlp,|Vag| 500hPa,72,2.5381664782762527,2.5370972752571106,-0.0010692030191421509,-0.001332872733473778,-0.0008143175393342972,-0.042125015372052335,-0.006259991867032905,-0.007803730743325238,-0.004767683108026482,-0.04388102141695709,share,7,True,0.41899956736660415,48,19.653297582153538
b12-17_attn,|Vag| 500hPa,72,2.5381664782762527,2.5384110609690347,0.00024458269278208417,5.3575634956359865e-05,0.0004569262266159057,0.009636195847491763,0.0014319877892425743,0.0003136757314499757,0.0026752210863981093,0.010037886339676318,share,10,True,0.14963794630105567,48,35.50455054904779
b12-17_mlp,|Vag| 500hPa,72,2.5381664782762527,2.5351865688959756,-0.002979909380276998,-0.0033605063954989115,-0.0026124128450949985,-0.11740401607938447,-0.017446834839650774,-0.019675162086442263,-0.015295208553327845,-0.12229807155000327,share,3,True,0.6022482272871947,48,11.915809775954582
b18-23_attn,|Vag| 500hPa,72,2.5381664782762527,2.5373601565758386,-0.0008063217004140218,-0.0012877479195594788,-0.0005350146442651751,-0.03176788076413411,-0.004720868905564551,-0.007539533053038573,-0.0031324147630359647,-0.033092143560549445,share,9,True,0.46120837124046843,48,17.699048739025773
b18-23_mlp,|Vag| 500hPa,72,2.5381664782762527,2.5406237045923867,0.002457226316134135,0.0020927973091602325,0.002804350604613622,0.09681107749098133,0.014386619266002876,0.012252952807038076,0.016418969702568818,0.10084670420319596,share,4,True,0.19675984325789037,48,32.216595285034906
adaln,|Vag| 500hPa,72,2.5381664782762527,2.5399154921372733,0.001749013861020406,0.0016726804276307424,0.0018576150139172872,0.06890855568340085,0.010240162391329641,0.009793243832695772,0.0108760026589996,0.0717810493610171,share,5,True,0.26668566723534287,48,27.788336825132607
head,|Vag| 500hPa,72,2.5381664782762527,2.545926123857498,0.007759645581245422,0.007176495343446731,0.008315358310937881,0.3057185431948198,0.04543133283389659,0.04201709280602329,0.048684931173969125,0.31846260050015546,share,2,True,0.16257327345956796,48,34.575440354245075
embed,Vag/Vg 250hPa,72,0.20334778912365437,0.20439226335535446,0.0010444742317001026,0.000981268201333781,0.0011057991612081727,0.5136393349548369,0.07197258623014428,0.06761718776004458,0.07619836188177798,0.4530635889087774,share,1,True,0.12572231856598096,48,37.278579287910986
b0-5_attn,Vag/Vg 250hPa,72,0.20334778912365437,0.2033833172172308,3.5528093576431274e-05,2.4764596795042355e-05,4.739298795660337e-05,0.017471590780279832,0.0024481683711432478,0.001706477789676777,0.003265754011813876,0.015411089229673386,share,10,True,0.19785229909058166,48,32.1434367767077
b0-5_mlp,Vag/Vg 250hPa,72,0.20334778912365437,0.2034108160684506,6.302694479624431e-05,5.130586990465721e-05,7.532550177226458e-05,0.030994654560968973,0.004343058049202988,0.0035353827157755652,0.005190526493706572,0.027339318616661508,share,8,True,0.058640884852718234,48,42.682309150903286
b6-11_attn,Vag/Vg 250hPa,72,0.20334778912365437,0.20339375206579766,4.59629421432813e-05,1.8017715774476528e-05,6.402115492771068e-05,0.02260311869696875,0.0031672124753272853,0.0012415639973596636,0.004411567038937828,0.019937433487799732,share,9,True,0.05761011813939633,48,42.770689835010536
b6-11_mlp,Vag/Vg 250hPa,72,0.20334778912365437,0.20322479431827864,-0.00012299480537573496,-0.00014024827784548204,-0.00010299555336435638,-0.060484948425449894,-0.008475320852440738,-0.009664222404446515,-0.007097213239786277,-0.053351692410796694,share,5,True,0.23414270860580638,48,29.786790239558155
b12-17_attn,Vag/Vg 250hPa,72,0.20334778912365437,0.20343453312913576,8.674400548140208e-05,6.708442233502864e-05,0.00010441748114923637,0.04265795357561211,0.005977352264877046,0.0046226505400217355,0.007195195379511958,0.03762711347675542,share,7,True,0.18848337851922645,48,32.775214643396865
b12-17_mlp,Vag/Vg 250hPa,72,0.20334778912365437,0.20334369658182064,-4.0925418337186175e-06,-2.6466596561173596e-05,1.380491691331068e-05,-0.0020125824093567947,-0.0002820086997726524,-0.0018237591176537974,0.0009512686314203998,-0.0017752297133513703,share,11,False,0.3811020060816351,48,21.509710055642024
b18-23_attn,Vag/Vg 250hPa,72,0.20334778912365437,0.20358076971024275,0.00023298058658838272,0.00019677975991119943,0.00026978618310143554,0.11457247093387815,0.016054216417467914,0.013559691382240254,0.018590414906994836,0.10106043548244531,share,4,True,0.3110866056867229,48,25.221707539081272
b18-23_mlp,Vag/Vg 250hPa,72,0.20334778912365437,0.20410988200455904,0.0007620928809046745,0.0007183617834622661,0.0007974623547246059,0.37477313335393636,0.0525142640398233,0.04950084342485087,0.05495150224748716,0.33057448927436994,share,2,True,-0.016723155865103714,48,49.63272731644813
adaln,Vag/Vg 250hPa,72,0.20334778912365437,0.2034414547185103,9.366559485594432e-05,8.555178064852954e-05,0.00010157524763296047,0.046061771932512596,0.006454304853068736,0.0058951984864636054,0.0069993428724535465,0.04062950456291806,share,6,True,0.5296175037927471,48,14.7607880806569
head,Vag/Vg 250hPa,72,0.20334778912365437,0.20366431679576635,0.00031652767211198807,0.0002651153753201167,0.0003682548180222511,0.1556582805626226,0.02181127545695933,0.018268559081736024,0.02537568744193075,0.13730081486316095,share,3,True,0.5065053482094741,48,15.723637034610478
embed,|Vag| 250hPa,72,5.308138618866603,5.337151914834976,0.029013295968373615,0.0277044452726841,0.030186768621206284,0.5465813546249957,0.06704823942235388,0.06402355257159535,0.06976007455713054,0.503511335812329,share,1,True,-0.014737985035203132,48,49.436010464109955
b0-5_attn,|Vag| 250hPa,72,5.308138618866603,5.308287610610326,0.00014899174372355142,-6.202682852745056e-05,0.000368788590033849,0.002806854802057981,0.00034431228068744827,-0.00014334082050695472,0.0008522515231559853,0.002585677683398301,share,11,False,-0.0732335643257147,48,55.58596978121408
b0-5_mlp,|Vag| 250hPa,72,5.308138618866603,5.3104024430116015,0.002263824144999186,0.001954056819279989,0.002578017860651016,0.0426481730705548,0.005231581529015767,0.004515725121571298,0.005957667096646081,0.039287543219331804,share,8,True,0.07826316144018103,48,41.0320688242541
b6-11_attn,|Vag| 250hPa,72,5.308138618866603,5.308865666389465,0.0007270475228627523,-1.873870690663655e-05,0.0011874074737230937,0.013696845072557506,0.0016801695483846034,-4.330419089616839e-05,0.0027440377913926896,0.012617548514126649,share,9,False,0.017473216074343045,48,46.35137798554653
b6-11_mlp,|Vag| 250hPa,72,5.308138618866603,5.303228219350179,-0.004910399516423543,-0.005353205402692159,-0.004397877802451452,-0.09250699480549765,-0.011347681517999975,-0.012370983217763046,-0.010163270114862098,-0.08521754379722163,share,5,True,0.2411265813351333,48,29.34908062055094
b12-17_attn,|Vag| 250hPa,72,5.308138618866603,5.310727059841156,0.0025884409745534263,0.0020777749518553416,0.0030633981029192605,0.04876362808901385,0.005981754378463943,0.004801631382715876,0.0070793559502653446,0.04492110700519701,share,7,True,0.16783931052098044,48,34.20309004427484
b12-17_mlp,|Vag| 250hPa,72,5.308138618866603,5.307911376158397,-0.00022724270820617676,-0.0008483409881591798,0.00026508892575899753,-0.0042810243763886065,-0.0005251462475480318,-0.0019604725277643613,0.0006126069158732743,-0.003943684291754643,share,10,False,0.3581911987689806,48,22.682242740941934
b18-23_attn,|Vag| 250hPa,72,5.308138618866603,5.313957820336024,0.005819201469421387,0.0049846808115641275,0.0066177251438299806,0.10962791078473957,0.013447876235570973,0.011519341782542736,0.015293223505475325,0.10098935013875562,share,4,True,0.24835094854531503,48,28.901451560450518
b18-23_mlp,|Vag| 250hPa,72,5.308138618866603,5.32524620493253,0.017107586065928142,0.015716566642125448,0.018456282715002693,0.3222897383486373,0.03953475426360441,0.036320179695105426,0.0426515230696666,0.2968936559972206,share,2,True,0.15883412184019224,48,34.841882363245404
adaln,|Vag| 250hPa,72,5.308138618866603,5.311529288689296,0.003390669822692871,0.0031538118918736776,0.003617605318625768,0.06387681381645699,0.007835664114889793,0.00728829758087174,0.008360100410625565,0.05884339006446023,share,6,True,0.5911951944927497,48,12.332007243525789
head,|Vag| 250hPa,72,5.308138618866603,5.315592497587204,0.0074538787206013995,0.006376000742117564,0.008443072686592737,0.14042358830095805,0.017225531550391682,0.014734610806735195,0.01951150808815672,0.12935836161752326,share,3,True,0.37210327437069723,48,21.965578971473217
embed,div/vort 850hPa,72,0.2616809581716855,0.2618160179505746,0.0001350597788890203,0.0001094004837796092,0.0001633979845792055,0.05161238319847839,0.011983141004312265,0.00970652724189828,0.014497440356702956,0.6996425062195556,colmax,3,True,0.036445866277664406,48,44.62422970992056
b0-5_attn,div/vort 850hPa,72,0.2616809581716855,0.2616683676217993,-1.2590549886226654e-05,-1.7578861055274804e-05,-5.478877574205401e-06,-0.004811412329805883,-0.001117093007626322,-0.001559679517124519,-0.0004861118762160584,-0.06522211090187173,colmax,10,True,-0.23608581756647656,48,77.66856619179735
b0-5_mlp,div/vort 850hPa,72,0.2616809581716855,0.2617929270491004,0.00011196887741486232,9.989624377340078e-05,0.00012393332241723934,0.042788316810350786,0.009934407246878196,0.00886326621281866,0.010995949274276544,0.5800260200151488,colmax,4,True,0.14183403513964277,48,36.075265796626475
b6-11_attn,div/vort 850hPa,72,0.2616809581716855,0.2616310827434063,-4.987542827924093e-05,-6.664867202440897e-05,-3.257109007487695e-05,-0.019059632243672197,-0.004425183386474466,-0.00591338473369574,-0.0028898608323068716,-0.25836685005041576,colmax,6,True,0.11556629963074912,48,38.05494808491065
b6-11_mlp,div/vort 850hPa,72,0.2616809581716855,0.2616420881822705,-3.886998941500982e-05,-5.006269396593173e-05,-2.4005095474421983e-05,-0.014853961742798159,-0.0034487289097291265,-0.004441798482007306,-0.0021298453637211005,-0.20135599980058827,colmax,7,True,-0.17845501535820982,48,68.853004758903
b12-17_attn,div/vort 850hPa,72,0.2616809581716855,0.26171135033170384,3.0392160018285114e-05,2.3844232782721522e-05,4.0059459085265785e-05,0.011614203888058682,0.002696535874118326,0.0021155728665140394,0.0035542642726349278,0.1574387814013177,colmax,8,True,-0.14304206245582124,48,64.02416804156262
b12-17_mlp,div/vort 850hPa,72,0.2616809581716855,0.2616701191291213,-1.0839042564233145e-05,-2.9809757446249326e-05,7.734897856911021e-06,-0.0041420830311702656,-0.0009616910116939872,-0.0026448623692496877,0.000686276643096538,-0.0561488769420532,colmax,11,False,0.4632006218049565,48,17.60959486305954
b18-23_attn,div/vort 850hPa,72,0.2616809581716855,0.2616233164444566,-5.7641727228959404e-05,-7.341130015750727e-05,-4.48904000222683e-05,-0.02202748248542464,-0.005114246082723886,-0.006513397018220766,-0.003982888152429475,-0.2985981676634573,colmax,5,True,0.25993990340291334,48,28.194110322816233
b18-23_mlp,div/vort 850hPa,72,0.2616809581716855,0.2614879170432687,-0.00019304112841685614,-0.0002104469497377674,-0.00017440040440609063,-0.07376965055676858,-0.017127519980256634,-0.01867184659547887,-0.015473626970206463,-1.0,colmax,1,True,-0.04675988948876324,48,52.70914866193973
adaln,div/vort 850hPa,72,0.2616809581716855,0.2617049089943369,2.395082265138626e-05,1.9290166286130746e-05,2.8478928531209628e-05,0.00915268073715644,0.00212503002271811,0.0017115145937953798,0.0025267849469947554,0.12407108706734488,colmax,9,True,0.197259262445765,48,32.1831341057165
head,div/vort 850hPa,72,0.2616809581716855,0.2618658983459075,0.0001849401742219925,0.00016733616745720305,0.00020083534376074866,0.07067391357557458,0.016408765091236024,0.014846854528086952,0.01781905955074997,0.958035086816472,colmax,2,True,-0.2141341113790882,48,74.15824785125487
embed,div/vort 500hPa,72,0.17691982568552098,0.17713022977113724,0.0002104040856162707,0.0001751015583674113,0.00024262856071194012,0.11892623384688879,0.03985116518026586,0.0331647605861987,0.04595457746013453,0.4767887342174648,share,1,True,0.3850611390098964,48,21.31101977824971
b0-5_attn,div/vort 500hPa,72,0.17691982568552098,0.17691583279520273,-3.992890318234761e-06,-9.883715150256951e-06,3.3439990753928757e-06,-0.002256892523358131,-0.000756265407834613,-0.0018720053077578031,0.0006333634592969736,-0.009048137611606829,share,11,False,-0.04007137519694994,48,52.007435469169856
b0-5_mlp,div/vort 500hPa,72,0.17691982568552098,0.17696924476573864,4.9419080217679344e-05,4.3685408309102064e-05,5.3188763558864594e-05,0.027933036914428624,0.009360122086237915,0.008274147421587707,0.010074111422836865,0.11198670707445896,share,6,True,-0.028492838404790454,48,50.815535072709615
b6-11_attn,div/vort 500hPa,72,0.17691982568552098,0.17683599858234325,-8.38271031777064e-05,-0.00010192617774009704,-6.528395848969619e-05,-0.04738140728598218,-0.015877104883839935,-0.01930512391628025,-0.012364977637075484,-0.18995742549461558,share,3,True,0.03048091371173864,48,45.16038630372395
b6-11_mlp,div/vort 500hPa,72,0.17691982568552098,0.1768968648587664,-2.2960826754570007e-05,-3.8333865813910964e-05,-5.183120568593373e-06,-0.012978097093190337,-0.004348849486414528,-0.007260549214497659,-0.000981698588804756,-0.05203066039726825,share,7,True,0.19871146885529378,48,32.085994415048795
b12-17_attn,div/vort 500hPa,72,0.17691982568552098,0.17693653174986443,1.6706064343452454e-05,6.18568155914545e-06,2.6491082583864525e-05,0.009442731632094113,0.0031641787169345258,0.00117158664882393,0.0050174905338055435,0.03785698005216995,share,9,True,-0.04492243877679079,48,52.51539675693841
b12-17_mlp,div/vort 500hPa,72,0.17691982568552098,0.17698223485300937,6.240916748841603e-05,5.079454276710749e-05,7.78268789872527e-05,0.03527539508169636,0.011820483594979288,0.009620638820482794,0.01474064441715256,0.14142305213899603,share,5,True,0.23536293529965055,48,29.709956529264147
b18-23_attn,div/vort 500hPa,72,0.17691982568552098,0.1769332472855846,1.3421600063641867e-05,8.197190860907242e-08,2.9182139163215944e-05,0.007586261184486507,0.0025420913265683147,1.552572546561419e-05,0.005527184725052187,0.030414179870953947,share,10,True,0.20094806461713982,48,31.936845587577206
b18-23_mlp,div/vort 500hPa,72,0.17691982568552098,0.17699126650889715,7.144082337617874e-05,5.5716916297872863e-05,9.519843539843957e-05,0.040380337873024155,0.013531106321626187,0.010552951137893087,0.01803086932867386,0.16188934568078406,share,4,True,0.0583528373917049,48,42.70698977534808
adaln,div/vort 500hPa,72,0.17691982568552098,0.17693796133001646,1.8135644495487213e-05,1.4646622973183792e-05,2.1016147608558338e-05,0.010250770045254133,0.003434945487505074,0.0027741143415909372,0.00398052142071495,0.04109649752234951,share,8,True,-0.1274036432398395,48,62.01650334231949
head,div/vort 500hPa,72,0.17691982568552098,0.17708480761696896,0.0001649819314479828,0.00014320711294809978,0.0001865892515828212,0.09325237056317359,0.03124807288145375,0.027123856917360117,0.035340564152591604,0.37385930997222666,share,2,True,0.310018684609547,48,25.281397531068762
embed,div/vort 250hPa,72,0.2115190802142024,0.21174957416951656,0.0002304939553141594,0.0002047050589074691,0.0002557067976643641,0.10897076286486372,0.03332083625639874,0.029592722895554487,0.036965673668141304,0.9195185782945599,share,1,True,0.08156091585445814,48,40.760603857580946
b0-5_attn,div/vort 250hPa,72,0.2115190802142024,0.21151813523223004,-9.449819723765055e-07,-6.804335862398147e-06,7.46422447264194e-06,-0.0004467596830600509,-0.00013660917712088894,-0.000983653392539021,0.0010790486939013782,-0.0037698536543802133,share,11,False,0.3132310449028239,48,25.102140230856158
b0-5_mlp,div/vort 250hPa,72,0.2115190802142024,0.2115437804410855,2.4700226883093517e-05,1.4507134134570757e-05,3.288580725590386e-05,0.011677540795884676,0.003570732318535982,0.0020971909670637256,0.004754062193257645,0.09853758410340398,share,6,True,-0.017103009870495085,48,49.67045882127607
b6-11_attn,div/vort 250hPa,72,0.2115190802142024,0.21148735471069813,-3.1725503504276276e-05,-6.505815933148067e-05,-5.310587584972403e-06,-0.014998884957398786,-0.004586325511126559,-0.009404985355352606,-0.0007677130582576241,-0.12656379573238696,share,5,True,0.2038944619183838,48,31.741209081588227
b6-11_mlp,div/vort 250hPa,72,0.2115190802142024,0.2115288463731607,9.766158958276113e-06,-5.36103422443072e-06,2.7033492612342025e-05,0.004617152716618313,0.0014118226356918677,-0.0007750057623581942,0.003908035590550162,0.038960521062137696,share,9,False,0.1233053090984677,48,37.46207270848459
b12-17_attn,div/vort 250hPa,72,0.2115190802142024,0.21152932662516832,1.0246410965919495e-05,-2.4975898365179695e-06,2.501998872806628e-05,0.0048442017408278715,0.0014812491787293232,-0.00036105841415594206,0.003616957964943321,0.040876409236686374,share,8,False,0.11760780673954908,48,37.89775359574966
b12-17_mlp,div/vort 250hPa,72,0.2115190802142024,0.21147364222755036,-4.5437986652056374e-05,-5.616675286243359e-05,-3.721034154295922e-05,-0.021481743682906507,-0.006568639559289103,-0.008119619330719152,-0.005379228691302038,-0.18126754269941336,share,4,True,-0.13149066767896814,48,62.53421814529794
b18-23_attn,div/vort 250hPa,72,0.2115190802142024,0.21154188519964615,2.280498544375102e-05,7.289500596622626e-06,3.441278046617904e-05,0.010781526385542492,0.003296751035249836,0.0010537901327604248,0.00497480561465513,0.09097682307843971,share,7,True,-0.08034785633884955,48,56.38729541565837
b18-23_mlp,div/vort 250hPa,72,0.2115190802142024,0.21142510883510113,-9.39713791012764e-05,-0.00012063235820581515,-6.017482373863459e-05,-0.044426904185718326,-0.01358475944218937,-0.017438943461751948,-0.00869903701300893,-0.3748837091793212,share,3,True,0.133938564915408,48,36.6606711953232
adaln,div/vort 250hPa,72,0.2115190802142024,0.21152339689433575,4.316680133342743e-06,-2.0113463203112287e-06,1.0733741025129952e-05,0.00204079940635677,0.0006240310801136533,-0.00029076572226223376,0.0015516989442498131,0.01722070140083997,share,10,False,0.2883538515497555,48,26.513690384456105
head,div/vort 250hPa,72,0.2115190802142024,0.2116355157146851,0.00011643550048271815,9.052134118974209e-05,0.0001490803823495904,0.05504728006797569,0.016832234236808873,0.013086012530705654,0.021551467597236654,0.4645007098817723,share,2,True,0.15815568519651538,48,34.89041035420964
embed,Hyps 600-500,72,29.667689085006714,29.532724420229595,-0.13496466477711996,-0.14622812271118166,-0.12149156033992771,-0.4549213940809688,-0.08809501419699146,-0.09544697175008128,-0.07930076180039519,-0.2874313849521798,share,3,True,0.2518121009366869,48,28.688825685713194
b0-5_attn,Hyps 600-500,72,29.667689085006714,29.673691987991333,0.006002902984619141,0.001712524890899658,0.00991314947605133,0.020233807113924668,0.003918253896503105,0.0011178103900427883,0.006470575430034243,0.012784255208220675,share,11,True,0.574295124007212,48,12.979671813783888
b0-5_mlp,Hyps 600-500,72,29.667689085006714,29.719603538513184,0.05191445350646973,0.0492489238580068,0.05456101397673289,0.17498650925496573,0.03388593989570532,0.0321460780391844,0.03561342006680085,0.11056111090293157,share,7,True,0.20856227176563397,48,31.43322594354199
b6-11_attn,Hyps 600-500,72,29.667689085006714,29.65185809135437,-0.01583099365234375,-0.022268012166023254,-0.009187895059585572,-0.05336106094068623,-0.010333309187695853,-0.014534921797080304,-0.0059971826481495065,-0.03371493152060739,share,8,True,0.38110436280149473,48,21.509591444102924
b6-11_mlp,Hyps 600-500,72,29.667689085006714,29.680603901545208,0.012914816538492838,0.009395856658617655,0.015129175782203675,0.04353158920294757,0.00842984308662501,0.006132924696258281,0.009875214060828441,0.027504410952248114,share,9,True,0.23393571126432222,48,29.79983926523687
b12-17_attn,Hyps 600-500,72,29.667689085006714,29.67375322182973,0.006064136823018392,-0.0007269660631815592,0.01189801692962646,0.020440206197533093,0.003958222845946477,-0.0004745100190666147,0.007766151029696609,0.012914663615533064,share,10,False,0.5249739311664758,48,14.951895791797657
b12-17_mlp,Hyps 600-500,72,29.667689085006714,29.56895124912262,-0.09873783588409424,-0.10867094298203786,-0.08661844233671825,-0.3328126959979293,-0.06444880271702114,-0.07093240501587947,-0.05653815330090811,-0.21027987556753044,share,5,True,0.5773477449564387,48,12.861658633588888
b18-23_attn,Hyps 600-500,72,29.667689085006714,29.784237782160442,0.11654869715372722,0.10767928759256998,0.12399537364641824,0.3928472380163507,0.07607442397870531,0.07028512525744816,0.08093506711390931,0.24821128917401702,share,4,True,0.49527668525744917,48,16.202164687314177
b18-23_mlp,Hyps 600-500,72,29.667689085006714,29.53043484687805,-0.1372542381286621,-0.14373160600662233,-0.129048760732015,-0.46263879109487793,-0.0895894794130704,-0.09381742912205805,-0.0842335468143828,-0.2923074407736805,share,2,True,0.20433809577961518,48,31.711835352891868
adaln,Hyps 600-500,72,29.667689085006714,29.720839222272236,0.05315013726552328,0.05117243627707164,0.055111339688301085,0.17915159186558952,0.03469250343940457,0.033401605581489184,0.03597263224617855,0.11319272040467938,share,6,True,0.26387299172073164,48,27.95699934160187
head,Hyps 600-500,72,29.667689085006714,30.367257475852966,0.6995683908462524,0.6580367137988409,0.7408685396114985,2.3580144339580404,0.45662683210557437,0.42951800562007464,0.4835845339442041,1.489855969203238,share,1,True,0.06693841302296326,48,41.977077241040185
embed,|DryAir Md err|,72,39914955013354.664,39579409056704.0,-335545956650.6667,-638101793474.6667,-29256378932.80013,-0.8406522230537411,-0.017106091190469862,-0.03253035017001844,-0.0014914865639357006,-0.03889050926139174,share,3,True,0.29361481071714646,48,26.210653128484275
b0-5_attn,|DryAir Md err|,72,39914955013354.664,39863535648746.664,-51419364608.0,-168351586499.19998,52599625800.53333,-0.12882230379765233,-0.0026213528206992897,-0.008582542968067286,0.002681522389689409,-0.0059596166661134735,share,10,False,0.2812279053845622,48,26.928121372118785
b0-5_mlp,|DryAir Md err|,72,39914955013354.664,39949313183125.336,34358169770.666668,-90345171640.53333,134691993873.06644,0.0860784379167437,0.0017515752271351393,-0.004605785628078866,0.006866581116987227,0.003982186920111489,share,11,False,-0.17892572543056323,48,68.91999490587065
b6-11_attn,|DryAir Md err|,72,39914955013354.664,39780537900138.664,-134417113216.0,-333785092464.5333,54863374403.2,-0.3367587741763131,-0.0068525677352340685,-0.017016322552985165,0.002796928012263576,-0.015579237010025235,share,6,False,0.15309425000423718,48,35.254252633422844
b6-11_mlp,|DryAir Md err|,72,39914955013354.664,40202395749738.664,287440736384.0,-22765553828.266666,538211130553.59985,0.7201329333524957,0.014653693036627873,-0.0011605851063593979,0.027437936582143784,0.03331500916305558,share,5,False,-0.027124410797150403,48,50.67654309083862
b12-17_attn,|DryAir Md err|,72,39914955013354.664,39986943355904.0,71988342549.33333,-174204096705.06665,216801744439.99994,0.1803543121249858,0.0036699567611887985,-0.008880903211397347,0.011052526001690426,0.008343606135423613,share,8,False,-0.13132774392150745,48,62.513486908606325
b12-17_mlp,|DryAir Md err|,72,39914955013354.664,40246566870336.0,331611856981.3333,-30034938443.199993,649680967258.6664,0.830796018360495,0.016905531277998393,-0.0015311774310677192,0.03312065501122864,0.03843453851701846,share,4,False,0.021636009661341604,48,45.96693058207951
b18-23_attn,|DryAir Md err|,72,39914955013354.664,40034434002112.0,119478988757.33333,-78276460093.86667,417298007114.1329,0.29933389306679237,0.006091024005858802,-0.003990524212535458,0.02127380056832974,0.013847875758033094,share,7,False,0.0382922545162506,48,44.45951665576783
b18-23_mlp,|DryAir Md err|,72,39914955013354.664,44867284778730.664,4952329765376.0,1280215242656.0,7734668112458.665,12.407203675211608,0.25246915628906225,0.06526521404965804,0.39431241961733365,0.5739858364806155,share,1,True,0.10332817083898166,48,39.00947056123895
adaln,|DryAir Md err|,72,39914955013354.664,39971711098986.664,56756085632.0,-3444676039.466666,106596330127.46658,0.142192533132032,0.002893418195606141,-0.00017560915661424432,0.005434267669117658,0.006578154289040076,share,9,False,0.22192398115022477,48,30.564625525749175
head,|DryAir Md err|,72,39914955013354.664,39531366112981.336,-383588900373.3333,-762654680499.7333,-46329793527.466736,-0.9610154896704578,-0.019555314493834363,-0.038880040879315944,-0.002361887119210834,-0.04445879137225643,share,2,True,0.27168360435422934,48,27.49047551709966
embed,neg-q fraction,72,0.003907961721173099,0.0035060491421366655,-0.0004019125790364342,-0.0005252556589766755,-0.0002887786804800878,-10.284455368610605,-0.3141365171809077,-0.4105419734213834,-0.22571059890586148,-1.0068116884691416,share,2,True,0.5921798709714798,48,12.294695185051497
b0-5_attn,neg-q fraction,72,0.003907961721173099,0.003907717229897874,-2.4449127522530034e-07,-6.944677056708315e-06,6.4079758052078675e-06,-0.006256235159639908,-0.00019109538164873457,-0.005427988018615219,0.005008500123219685,-0.0006124632232604087,share,11,False,0.43862905185392703,48,18.73019697210138
b0-5_mlp,neg-q fraction,72,0.003907961721173099,0.003893485404053839,-1.4476317119260784e-05,-2.166682115785079e-05,-8.167395715948563e-06,-0.37043139498600963,-0.011314748725589624,-0.016934876119644518,-0.006383669928414367,-0.036263919175160836,share,6,True,0.4053827773871171,48,20.308792127425157
b6-11_attn,neg-q fraction,72,0.003907961721173099,0.003914270659455117,6.308938282018062e-06,-5.038517520006281e-06,1.8877866409638955e-05,0.16143807775384844,0.0049310919896408435,-0.0039381259210259124,0.014755017670628418,0.015804214984747707,share,10,False,0.40518723223551617,48,20.318297944732493
b6-11_mlp,neg-q fraction,72,0.003907961721173099,0.0038845844698395617,-2.3377251333537668e-05,-3.364878965233705e-05,-1.4329604702349268e-05,-0.5981955044974249,-0.018271755347360093,-0.02630003174839647,-0.011200077699899735,-0.058561217325703366,share,4,True,0.3007407911412864,48,25.804097368060848
b12-17_attn,neg-q fraction,72,0.003907961721173099,0.003901555005237848,-6.406715935251365e-06,-1.1005186661350307e-05,-1.465908978085894e-06,-0.16394008929361226,-0.0050075154037038504,-0.008601698949086564,-0.0011457604586155076,-0.01604915303665538,share,9,True,0.17252875812741453,48,33.87432447568849
b12-17_mlp,neg-q fraction,72,0.003907961721173099,0.003895539528760613,-1.2422192412486766e-05,-2.3330775722267087e-05,-1.3204703085042031e-06,-0.31786883543879363,-0.009709236445311511,-0.01823542981932264,-0.001032084999053254,-0.031118231102118834,share,8,True,0.5518804143381965,48,13.860436611631222
b18-23_attn,neg-q fraction,72,0.003907961721173099,0.00388903496908218,-1.8926752090919763e-05,-2.5969253814158342e-05,-1.1931906662236247e-05,-0.48431262743377884,-0.01479322691925255,-0.02029767509771615,-0.009326027095715204,-0.04741248774940271,share,5,True,0.06616317915063777,48,42.042501820855136
b18-23_mlp,neg-q fraction,72,0.003907961721173099,0.0047218127192536485,0.000813850998080549,0.0005782298754032429,0.0010730119790954026,20.82545982144998,0.6361092719570071,0.45194683785365825,0.8386705557077536,2.0387386219765316,share,1,True,0.7280025374932525,48,7.555473974745167
adaln,neg-q fraction,72,0.003907961721173099,0.0038948548132490637,-1.3106907924035719e-05,-2.1617877488703623e-05,-6.211123892777929e-06,-0.33538987480412835,-0.010244412892322474,-0.01689662154746664,-0.004854639862564503,-0.03283347868644766,share,7,True,0.5281362105654975,48,14.821625020242486
head,neg-q fraction,72,0.003907961721173099,0.0039975092771176906,8.95475559445913e-05,3.8291212604235625e-05,0.00015303173460476195,2.2914133334374305,0.06999073632862418,0.02992856853340196,0.11961023026983937,0.22432123476952914,share,3,True,0.21321628580511884,48,31.128512469886722
embed,|neg-q mass|,72,267444973120.0,237611734293.33334,-29833238826.666668,-37310274757.86666,-21960040264.00001,-11.15490729873647,-0.27529370749173876,-0.34428993530690616,-0.20264178945065273,-0.7430499684478232,colmax,2,True,0.5311372856381027,48,14.698492748148265
b0-5_attn,|neg-q mass|,72,267444973120.0,266499061888.0,-945911232.0,-1844869092.8,-143829036.8000006,-0.35368443121777376,-0.008728633573053243,-0.017023993115352246,-0.0013272185770941303,-0.023559604613354466,colmax,10,True,0.7916990028332247,48,5.580428324285836
b0-5_mlp,|neg-q mass|,72,267444973120.0,264862361386.66666,-2582611733.3333335,-3250402999.4666667,-1896996343.4666667,-0.9656609743696848,-0.023831698703980043,-0.029993910408601335,-0.017505010418929448,-0.06432454679546862,colmax,6,True,0.5054929793374988,48,15.766487999329877
b6-11_attn,|neg-q mass|,72,267444973120.0,267313514730.66666,-131458389.33333333,-1363980314.6666667,1432265858.666666,-0.04915343436810427,-0.001213065319214264,-0.012586471081869123,0.013216593097285257,-0.003274205412756688,colmax,11,False,0.7794186581573206,48,5.950204219738221
b6-11_mlp,|neg-q mass|,72,267444973120.0,264438308096.0,-3006665024.0,-3767752546.133333,-2178095017.0666666,-1.1242181854922875,-0.027744756995772026,-0.03476788334524846,-0.020098919061432696,-0.07488634955784298,colmax,5,True,0.6827917136035406,48,9.048058428113485
b12-17_attn,|neg-q mass|,72,267444973120.0,265268586752.0,-2176386368.0,-2693294075.733333,-1630984965.3333333,-0.8137697794841244,-0.020083152072836587,-0.024853047829705207,-0.01505032358634009,-0.05420678027848449,colmax,7,True,0.31203181598288454,48,25.16895736105558
b12-17_mlp,|neg-q mass|,72,267444973120.0,265841112320.0,-1603860800.0,-2311090921.6,-938893230.9333336,-0.5996974933906734,-0.014800028535218867,-0.021326172188487473,-0.00866387320479257,-0.03994701090816351,colmax,9,True,0.27520612792745014,48,27.281946892794178
b18-23_attn,|neg-q mass|,72,267444973120.0,264078465642.66666,-3366507477.3333335,-4483483825.066667,-2052291445.3333333,-1.258766406434872,-0.031065293651768917,-0.04137247356390212,-0.01893803499251238,-0.08384886700856377,colmax,4,True,0.6829927011024972,48,9.041245596081424
b18-23_mlp,|neg-q mass|,72,267444973120.0,307594680533.3333,40149707413.333336,28066177091.2,51243809086.933334,15.012324570901,0.3704915136014434,0.25898770131688864,0.472865124417232,1.0,colmax,1,True,0.5229272287790955,48,15.036498518029353
adaln,|neg-q mass|,72,267444973120.0,265694324821.33334,-1750648298.6666667,-2373080876.266667,-1104046891.733334,-0.6545826149744709,-0.01615454706256243,-0.02189820007143317,-0.010187870108099805,-0.04360301510155696,colmax,8,True,0.8227947156100327,48,4.666380463952457
head,|neg-q mass|,72,267444973120.0,272219843626.66666,4774870506.666667,2829543167.4666667,7632220713.599998,1.7853655841660663,0.044061317385300294,0.026110320559078595,0.0704282343881517,0.11892665760948927,colmax,3,True,-0.12997226615780355,48,62.34131012818064
embed,EffRes Z500,72,313.96456001268035,313.96456001268035,0.0,0.0,0.0,0.0,nan,nan,nan,0.0,colmax,1,False,0.0,48,48.0
b0-5_attn,EffRes Z500,72,313.96456001268035,313.96456001268035,0.0,0.0,0.0,0.0,nan,nan,nan,0.0,colmax,2,False,0.0,48,48.0
b0-5_mlp,EffRes Z500,72,313.96456001268035,313.96456001268035,0.0,0.0,0.0,0.0,nan,nan,nan,0.0,colmax,3,False,0.0,48,48.0
b6-11_attn,EffRes Z500,72,313.96456001268035,313.96456001268035,0.0,0.0,0.0,0.0,nan,nan,nan,0.0,colmax,4,False,0.0,48,48.0
b6-11_mlp,EffRes Z500,72,313.96456001268035,313.96456001268035,0.0,0.0,0.0,0.0,nan,nan,nan,0.0,colmax,5,False,0.0,48,48.0
b12-17_attn,EffRes Z500,72,313.96456001268035,313.96456001268035,0.0,0.0,0.0,0.0,nan,nan,nan,0.0,colmax,6,False,0.0,48,48.0
b12-17_mlp,EffRes Z500,72,313.96456001268035,313.96456001268035,0.0,0.0,0.0,0.0,nan,nan,nan,0.0,colmax,7,False,0.0,48,48.0
b18-23_attn,EffRes Z500,72,313.96456001268035,313.96456001268035,0.0,0.0,0.0,0.0,nan,nan,nan,0.0,colmax,8,False,0.0,48,48.0
b18-23_mlp,EffRes Z500,72,313.96456001268035,313.96456001268035,0.0,0.0,0.0,0.0,nan,nan,nan,0.0,colmax,9,False,0.0,48,48.0
adaln,EffRes Z500,72,313.96456001268035,313.96456001268035,0.0,0.0,0.0,0.0,nan,nan,nan,0.0,colmax,10,False,0.0,48,48.0
head,EffRes Z500,72,313.96456001268035,313.96456001268035,0.0,0.0,0.0,0.0,nan,nan,nan,0.0,colmax,11,False,0.0,48,48.0
embed,DKE<1000km 500hPa,72,0.396647572517395,0.39656421542167664,-8.337944746017456e-05,-0.0002834523717562357,0.00013221201176444683,-0.021021040453593893,-0.003798992654205884,-0.012914855050263014,0.006023936075263888,-0.6712854657788975,colmax,4,False,-0.08391577166304616,48,56.79385741011721
b0-5_attn,DKE<1000km 500hPa,72,0.396647572517395,0.3967002332210541,5.2620346347490944e-05,-6.728080722192923e-05,0.00016695059215029068,0.013266272000435885,0.002397524993570748,-0.003065495157271653,0.007606719551568363,0.423644852338392,colmax,6,False,0.24601262725524634,48,29.04576815683775
b0-5_mlp,DKE<1000km 500hPa,72,0.396647572517395,0.39677178859710693,0.00012420862913131714,5.3774208451310795e-05,0.00021243829590578874,0.031314606862824036,0.005659280362636609,0.002450098065111812,0.00967926209877546,1.0,colmax,1,True,-0.0501425546752748,48,53.06779756532912
b6-11_attn,DKE<1000km 500hPa,72,0.396647572517395,0.39669302105903625,4.545040428638458e-05,-8.948381679753462e-05,0.00017695085455973934,0.01145863658538434,0.002070843082728929,-0.0040771241959418406,0.008062358496066917,0.3659198608361826,colmax,7,False,-0.05582151578450296,48,53.67569120129325
b6-11_mlp,DKE<1000km 500hPa,72,0.396647572517395,0.39663317799568176,-1.438148319721222e-05,-0.00010514170862734318,0.00010573971085250362,-0.0036257584966088476,-0.0006552591878099284,-0.004790540005877558,0.004817786601169142,-0.11578489592705897,colmax,10,False,0.14496194309357507,48,35.84558157506737
b12-17_attn,DKE<1000km 500hPa,72,0.396647572517395,0.39661499857902527,-3.256710867087046e-05,-0.00011614741136630377,3.3291227494676875e-05,-0.008210590615318562,-0.0014838453645121172,-0.005291989525312852,0.0015168381724067332,-0.2621968288245056,colmax,8,False,-0.184998141612644,48,69.79114245206162
b12-17_mlp,DKE<1000km 500hPa,72,0.396647572517395,0.39662453532218933,-2.3058926065762837e-05,-7.178302233417829e-05,6.109952616194876e-05,-0.0058134544232420655,-0.0010506269039447795,-0.0032706282285511,0.0027838593098805553,-0.18564673184971905,colmax,9,False,-0.011549494732820133,48,49.12170663927278
b18-23_attn,DKE<1000km 500hPa,72,0.396647572517395,0.39663395285606384,-1.362587014834086e-05,-0.00010164123959839344,9.718771713475386e-05,-0.0034352586438102903,-0.0006208314180234291,-0.004631049189707218,0.004428134686912164,-0.10970147761581989,colmax,11,False,0.13813791661365077,48,36.34830137777398
b18-23_mlp,DKE<1000km 500hPa,72,0.396647572517395,0.39670857787132263,6.097306807835897e-05,-5.8751553297042835e-06,0.000200725020840764,0.015372101515389858,0.0027780975383018694,-0.0002676879329348628,0.009145573674539064,0.4908923679843241,colmax,5,False,0.020203424116334075,48,46.09888041020052
adaln,DKE<1000km 500hPa,72,0.396647572517395,0.39673885703086853,9.124788145224254e-05,3.5069277510046964e-05,0.00017200149595737456,0.023004774746540575,0.004157499742541386,0.0015978509297823202,0.007836852360608352,0.7346339951612582,colmax,3,True,0.26791345809525385,48,27.714946778952687
head,DKE<1000km 500hPa,72,0.396647572517395,0.39653709530830383,-0.0001104821761449178,-0.00020783172609905402,-2.4561320121089722e-05,-0.027853989980596842,-0.00503386611905409,-0.009469374345978457,-0.0011190800318290294,-0.8894887329294383,colmax,2,True,-0.05690807779788261,48,53.792834547707955
embed,DKEpert<1000km 500hPa,72,0.0,0.0014586037723347545,0.0014586037650587969,0.0014086017382699842,0.0015244559860851344,nan,nan,nan,nan,0.05489514598355298,share,3,True,0.13271579501404407,48,36.752062629099065
b0-5_attn,DKEpert<1000km 500hPa,72,0.0,6.561810005223379e-05,6.561809512580415e-05,6.15600986274482e-05,6.985916277434019e-05,nan,nan,nan,nan,0.002469563700151619,share,10,True,0.4312026049459796,48,19.076457007722883
b0-5_mlp,DKEpert<1000km 500hPa,72,0.0,8.79331782925874e-05,8.79331761704331e-05,8.365511826392927e-05,9.336530878272243e-05,nan,nan,nan,nan,0.003309400851902247,share,9,True,0.09138556125828648,48,39.96158150499914
b6-11_attn,DKEpert<1000km 500hPa,72,0.0,0.0003204143140465021,0.00032041432010980014,0.0003058315066785629,0.0003384597475663516,nan,nan,nan,nan,0.012058923265523951,share,5,True,0.15166719545376933,48,35.3574146932048
b6-11_mlp,DKEpert<1000km 500hPa,72,0.0,0.00016250088810920715,0.00016250088780604224,0.0001539094957024645,0.0001743895542631435,nan,nan,nan,nan,0.006115787009647589,share,7,True,0.24153148717591208,48,29.323854442362446
b12-17_attn,DKEpert<1000km 500hPa,72,0.0,0.00013726208999287337,0.00013726208968970846,0.00013142783047139043,0.0001439400217312444,nan,nan,nan,nan,0.00516591457668447,share,8,True,-0.02644765981698872,48,50.60794950372533
b12-17_mlp,DKEpert<1000km 500hPa,72,0.0,0.00019974952738266438,0.0001997495398124253,0.00019285080889706782,0.00020678470993971133,nan,nan,nan,nan,0.007517655178758298,share,6,True,0.37909898257269575,48,21.61066697396363
b18-23_attn,DKEpert<1000km 500hPa,72,0.0,0.001345209893770516,0.0013452099374262616,0.0013172511133234365,0.001365967210646583,nan,nan,nan,nan,0.050627523157781004,share,4,True,-0.29278890496416166,48,87.74447668292753
b18-23_mlp,DKEpert<1000km 500hPa,72,0.0,0.007831339724361897,0.00783133925870061,0.007529221029108158,0.00809583479858702,nan,nan,nan,nan,0.2947356383902999,share,2,True,0.0600498418788397,48,42.561779462981605
adaln,DKEpert<1000km 500hPa,72,0.0,5.087377576273866e-05,5.087377712698071e-05,4.994796671174603e-05,5.174227638917728e-05,nan,nan,nan,nan,0.0019146552950298802,share,11,True,-0.008836782414696811,48,48.855894464967754
head,DKEpert<1000km 500hPa,72,0.0,0.011099234223365784,0.01109923426217089,0.0105799343107113,0.011647494232359652,nan,nan,nan,nan,0.4177241960587995,share,1,True,0.30997897385704515,48,25.283618986144315
embed,RMSE Z500,120,302.2379322052002,301.8980639775594,-0.3398682276407878,-0.680021595954895,-0.07792414029439301,-0.11245055349638874,-0.006939147593303479,-0.013884116952385867,-0.0015909904680927783,-1.0,colmax,1,True,-0.23420082720313112,48,77.35923700385656
b0-5_attn,RMSE Z500,120,302.2379322052002,302.17638206481934,-0.061550140380859375,-0.16243691444396974,0.03822538852691649,-0.02036479667915104,-0.0012566797180663392,-0.003316502197783677,0.0007804542797098165,-0.18110001281412133,colmax,9,False,0.0830173828735545,48,40.641236528710714
b0-5_mlp,RMSE Z500,120,302.2379322052002,302.21277109781903,-0.025161107381184895,-0.12644626299540201,0.07292474905649819,-0.008324933669841982,-0.0005137186224819273,-0.0025816749263015307,0.0014889170441742402,-0.07403194925233811,colmax,11,False,0.011217644900114954,48,46.93505229478328
b6-11_attn,RMSE Z500,120,302.2379322052002,302.3399124145508,0.10198020935058594,-0.15264628728230795,0.4510113875071207,0.03374169767722865,0.002082147334547659,-0.0031166052925113708,0.009208376451947314,0.3000580844478657,colmax,6,False,0.14733089841618674,48,35.67246112914901
b6-11_mlp,RMSE Z500,120,302.2379322052002,302.39456844329834,0.15663623809814453,0.05639975865681966,0.32631286780039437,0.05182547304876297,0.003198068799098325,0.0011515234956296313,0.006662385498577034,0.46087343670057884,colmax,2,True,-0.0923403441887862,48,57.76651654104946
b12-17_attn,RMSE Z500,120,302.2379322052002,302.2083050409953,-0.029627164204915363,-0.21278317769368488,0.11899847984313959,-0.00980259624883895,-0.000604902866667001,-0.004344430444816903,0.0024296122669137553,-0.08717250332746253,colmax,10,False,-0.014491780842784074,48,49.41166855218823
b12-17_mlp,RMSE Z500,120,302.2379322052002,302.3119471867879,0.07401498158772786,-0.03975872198740642,0.18429806232452386,0.024488978285318742,0.001511176507783823,-0.000811760610595609,0.003762844984090052,0.21777552465408884,colmax,7,False,-0.08493330694179374,48,56.91038601696057
b18-23_attn,RMSE Z500,120,302.2379322052002,302.362234433492,0.12430222829182942,0.032152779897054035,0.2577446699142455,0.04112727591301682,0.002537899803935637,0.0006564687931831939,0.005262416902978529,0.3657365360530448,colmax,5,True,-0.06433397802083653,48,54.60071194734252
b18-23_mlp,RMSE Z500,120,302.2379322052002,302.3660125732422,0.1280803680419922,-0.022034509976704916,0.36374465624491364,0.04237733070349152,0.0026150387278547488,-0.0004498823498031615,0.007426636709997595,0.37685302015745464,colmax,4,False,0.21200306645446626,48,31.20772039037297
adaln,RMSE Z500,120,302.2379322052002,302.10001913706463,-0.13791306813557944,-0.20317798455556232,-0.08318559328715007,-0.04563062853472188,-0.002815794643356815,-0.004148319577642629,-0.001698414451574275,-0.40578393894866216,colmax,3,True,-0.16333649493809363,48,66.74146944283983
head,RMSE Z500,120,302.2379322052002,302.30144596099854,0.06351375579833984,-0.042821407318115234,0.16963093280792207,0.02101448859675829,0.0012967711890842907,-0.0008742919795592769,0.003463383698190248,0.1868775914689753,colmax,8,False,-0.2616370690592735,48,82.01736135058843
embed,RMSE T850,120,1.6363963012893994,1.6344819193085034,-0.001914381980895996,-0.003069916305442651,-0.0008697143445412331,-0.11698767464748959,-0.009559134832522428,-0.015329095332662187,-0.004342767936708958,-1.0,colmax,1,True,-0.20049371201698146,48,72.07410253418674
b0-5_attn,RMSE T850,120,1.6363963012893994,1.6363585690657299,-3.7732223669687905e-05,-0.000352694404621919,0.0002125406637787816,-0.0023058120847594668,-0.0001884093233162521,-0.0017611184194698645,0.0010612849905243477,-0.019709871930589283,colmax,11,False,-0.18899516457856505,48,70.37167401118396
b0-5_mlp,RMSE T850,120,1.6363963012893994,1.63631388793389,-8.241335550944011e-05,-0.0005319590369860331,0.0002941331515709559,-0.005036271192039634,-0.00041151681596304286,-0.002656245310848721,0.0014687029457232832,-0.04304958797766569,colmax,8,False,0.10663272957935994,48,38.74964822022784
b6-11_attn,RMSE T850,120,1.6363963012893994,1.6366895983616512,0.00029329707225163776,-0.00054439560820659,0.0015406049167116475,0.017923352186785937,0.0014645281284591208,-0.0027183451751067052,0.007692743804243788,0.15320718392593977,colmax,5,False,0.10955001917920194,48,38.521561300153664
b6-11_mlp,RMSE T850,120,1.6363963012893994,1.6371536254882812,0.000757324198881785,0.00028058805813392006,0.001611256785690784,0.04627999942832008,0.003781567211395682,0.0014010678677838537,0.008045531674418568,0.3955972248168213,colmax,3,True,0.2070668637892128,48,31.53163397977616
b12-17_attn,RMSE T850,120,1.6363963012893994,1.6364907746513684,9.447336196899414e-05,-0.00048018228262662886,0.0005251527453462281,0.00577325687515633,0.0004717363693115402,-0.0023977070561790395,0.002622259272459499,0.04934927455009652,colmax,7,False,-0.009482498393027448,48,48.919034589751085
b12-17_mlp,RMSE T850,120,1.6363963012893994,1.6363177374005318,-7.856388886769612e-05,-0.00038777484248081847,0.0003381210689743358,-0.004801030704224377,-0.00039229517105155787,-0.0019362865096543504,0.0016883489921533516,-0.04103877368868962,colmax,9,False,0.002164709603390884,48,47.79263675927306
b18-23_attn,RMSE T850,120,1.6363963012893994,1.6363010555505753,-9.524573882420857e-05,-0.0004586263249317805,0.0003709231813748676,-0.005820456740776035,-0.0004755930993550704,-0.0022900711151257478,0.0018521406587890157,-0.04975273470743301,colmax,6,False,-0.04079186055986451,48,52.082553569689956
b18-23_mlp,RMSE T850,120,1.6363963012893994,1.6364422887563705,4.5987466971079506e-05,-0.0005064427852630616,0.0008603271717826515,0.0028102891050806977,0.0002296304508554624,-0.0025288343275264124,0.0042958947154861675,0.024022095605786994,colmax,10,False,0.07117847327018402,48,41.62091975851895
adaln,RMSE T850,120,1.6363963012893994,1.6359301855166752,-0.0004661157727241516,-0.0006640188395977021,-0.0002971514438589414,-0.028484284177181005,-0.002327468375433696,-0.003315663061182124,-0.0014837742654665415,-0.2434810698050937,colmax,4,True,-0.10965952102923845,48,59.82391935159067
head,RMSE T850,120,1.6363963012893994,1.6371565187970798,0.0007602175076802572,0.000279493381579717,0.0013150844102104502,0.04645680921432317,0.0037960144477323793,0.0013956017900187826,0.006566646217316692,0.3971085787824066,colmax,2,True,0.1898909038497707,48,32.679665412519576
embed,RMSE Q700,120,0.0009934234343139299,0.0009929962689056993,-4.271654082306971e-07,-8.170396843828105e-07,-9.988640764883447e-08,-0.0429993287329388,-0.007513748514138657,-0.014371553960680692,-0.001756980627627853,-1.0,colmax,1,True,-0.30033734734466444,48,89.20898155084328
b0-5_attn,RMSE Q700,120,0.0009934234343139299,0.0009933513720170595,-7.206229687047501e-08,-1.7014299373840914e-07,2.007515528627357e-08,-0.007253935671473474,-0.0012675604475527377,-0.0029927790072894877,0.0003531177040484458,-0.16869881194021377,colmax,7,False,0.07121282833738005,48,41.61804550922037
b0-5_mlp,RMSE Q700,120,0.0009934234343139299,0.0009934051813615952,-1.8252952334781487e-08,-1.493725297526301e-07,1.065301148628349e-07,-0.0018373788763486533,-0.0003210655423906405,-0.0026274309713669886,0.001873842021939558,-0.042730408368937274,colmax,9,False,0.01621946646370153,48,46.46778296234206
b6-11_attn,RMSE Q700,120,0.0009934234343139299,0.0009935948631512777,1.714288373477757e-07,-1.3370818123803472e-07,5.667790598333036e-07,0.01725637139475842,0.0030153967224020254,-0.002351898418616541,0.009969522898182452,0.40131722757661353,colmax,5,False,0.1626401275926952,48,34.57069210123757
b6-11_mlp,RMSE Q700,120,0.0009934234343139299,0.000993617524121267,1.9408980733714998e-07,-2.3376712003179513e-08,4.4267969011949997e-07,0.019537470189757575,0.003413998356115412,-0.00041119138323222253,0.007786641426916288,0.4543668649132021,colmax,4,False,0.15381577234010424,48,35.20219076681384
b12-17_attn,RMSE Q700,120,0.0009934234343139299,0.000993621781769131,1.9834745520104965e-07,2.699177154378655e-08,3.5248925390381665e-07,0.019966053582985064,0.0034888894748593357,0.00047477951028648374,0.00620021087086545,0.4643340761664136,colmax,3,True,-0.10730106895026506,48,59.53905562215976
b12-17_mlp,RMSE Q700,120,0.0009934234343139299,0.0009934168022785645,-6.632035365328193e-09,-2.3335232981480659e-07,1.6874989038721311e-07,-0.0006675940124070413,-0.00011665608898049513,-0.00410461776078524,0.00296827461617213,-0.015525684518317697,colmax,10,False,0.18988881278649497,48,32.679807195754805
b18-23_attn,RMSE Q700,120,0.0009934234343139299,0.0009936894554509006,2.6602113697056967e-07,1.1531516671918022e-07,4.636503945221193e-07,0.026778222435862614,0.004679255117873691,0.0020283692122512716,0.008155511649105546,0.6227590807795489,colmax,2,True,0.0501091538355593,48,43.41906786485647
b18-23_mlp,RMSE Q700,120,0.0009934234343139299,0.0009934717963915318,4.8362077601874866e-08,-1.2192031135782598e-07,3.395633029867894e-07,0.004868223954800733,0.0008506786404518425,-0.0021445522990790615,0.005972846148382607,0.1132162779804403,colmax,8,False,-0.12417759670934149,48,61.61126324161926
adaln,RMSE Q700,120,0.0009934234343139299,0.000993421226060794,-2.2082531359046698e-09,-5.7998234600139164e-08,3.129907781840302e-08,-0.00022228719996219092,-3.8842702145452856e-05,-0.0010201765888639305,0.0005505441098941395,-0.005169550467700955,colmax,11,False,-0.21067577130973228,48,73.62302449437489
head,RMSE Q700,120,0.0009934234343139299,0.0009935943756621175,1.709413481876254e-07,-2.1097685021231882e-07,5.388881315108542e-07,0.01720729975588703,0.003006821891944874,-0.003711037842147412,0.00947892741174369,0.40017600885721993,colmax,6,False,0.36612748122066696,48,22.27162641821812
embed,RMSE U500,120,4.292937328418096,4.2964974492788315,0.003560120860735575,0.001256814847389857,0.005694025009870529,0.08292971894018876,0.00994136579411526,0.0035095595408511414,0.01590013027037176,0.5067222009658409,share,1,True,-0.2321932769748096,48,77.031465759711
b0-5_attn,RMSE U500,120,4.292937328418096,4.292581578095754,-0.00035575032234191895,-0.0012835348645846049,0.00039914610485235815,-0.008286874350271714,-0.0009934056241688116,-0.0035841731495877714,0.0011145850348501132,-0.05063496251477224,share,9,False,0.10049343042895882,48,39.233596626360935
b0-5_mlp,RMSE U500,120,4.292937328418096,4.29300740857919,7.008016109466553e-05,-0.0009615429987510046,0.0009020530929168062,0.0016324524616456342,0.00019569350131799955,-0.0026850354387629423,0.0025189144170083486,0.009974710090767103,share,10,False,0.0792316233542078,48,40.95217479046427
b6-11_attn,RMSE U500,120,4.292937328418096,4.294697006543477,0.0017596781253814697,0.00033156213661034904,0.004051579535007477,0.040990072548529224,0.00491376686596695,0.0009258619615629718,0.011313726633746543,0.25046002862400324,share,3,True,0.0759609932601553,48,41.222565317280306
b6-11_mlp,RMSE U500,120,4.292937328418096,4.294095848997434,0.0011585205793380737,0.00012744218111038208,0.002676111583908399,0.026986664158104003,0.003235080299164472,0.0003558725643253649,0.007472837356427764,0.16489555292937913,share,6,True,0.06237979579963141,48,42.36316426532074
b12-17_attn,RMSE U500,120,4.292937328418096,4.292960201700528,2.2873282432556152e-05,-0.0015069983899593353,0.0012968625873327245,0.0005328119346430042,6.387189549715698e-05,-0.004208177989393617,0.0036213897981861093,0.003255619814868702,share,11,False,0.1473846260937571,48,35.66854306461265
b12-17_mlp,RMSE U500,120,4.292937328418096,4.291183317701022,-0.0017540107170740764,-0.0025065367420514426,-0.0009864033510287604,-0.04085805551977186,-0.004897941060806851,-0.0069993125525448585,-0.0027544560751490547,-0.24965337016390224,share,4,True,-0.20262377405953505,48,72.394861141957
b18-23_attn,RMSE U500,120,4.292937328418096,4.294228156407674,0.001290827989578247,0.0005182868490616481,0.0023449487984180447,0.030068642768980375,0.0036045386445190362,0.0014472764701973255,0.00654809055238878,0.18372724565655776,share,5,True,-0.1256191624742816,48,61.79197608179093
b18-23_mlp,RMSE U500,120,4.292937328418096,4.296405817071597,0.003468488653500875,0.0021375519533952075,0.005603316177924473,0.08079523151992947,0.009685489848809821,0.005968950691251747,0.01564683278008758,0.49367992640673175,share,2,True,0.13477778309263386,48,36.59806089820438
adaln,RMSE U500,120,4.292937328418096,4.292203803857167,-0.0007335245609283447,-0.0012984475741783777,-0.00025388126571973177,-0.017086775436310438,-0.0020483113535785338,-0.0036258157529859255,-0.0007089440582282218,-0.10440465212164607,share,8,True,-0.025988564617881158,48,50.56147116213046
head,RMSE U500,120,4.292937328418096,4.293991242845853,0.0010539144277572632,-0.00027627994616826374,0.002081356570124624,0.024549960717586812,0.002942975604447832,-0.0007714906639067566,0.0058120293723171,0.150006659704377,share,7,False,-0.04707448363737381,48,52.742396285533154
embed,RMSE MSLP,120,297.7669563293457,297.5327475865682,-0.2342087427775065,-0.5200813055038451,0.0124983469645181,-0.07865504811704475,-0.004517429618728954,-0.010031353508703997,0.00024106872396433725,-0.9823413568781908,colmax,2,False,-0.11692988078546421,48,60.711638986708216
b0-5_attn,RMSE MSLP,120,297.7669563293457,297.71039803822833,-0.05655829111735026,-0.17167197068532308,0.04596911271413165,-0.018994146232530196,-0.0010908990691305266,-0.0033112173178614927,0.0008866544812068904,-0.23722235037019948,colmax,7,False,0.15564348886233562,48,35.070601725542936
b0-5_mlp,RMSE MSLP,120,297.7669563293457,297.72830804189044,-0.03864828745524088,-0.15016047954559325,0.05868288675944006,-0.01297937418297478,-0.0007454500476496458,-0.0028963026307955325,0.0011318783731803185,-0.16210245053006594,colmax,8,False,0.07896975767033548,48,40.973763460506085
b6-11_attn,RMSE MSLP,120,297.7669563293457,298.0053752263387,0.2384188969930013,0.03823116620381673,0.5184417963027954,0.08006895725840635,0.004598635277949629,0.0007374045926703037,0.009999730575515562,1.0,colmax,1,True,0.06823429314508875,48,41.867925618973906
b6-11_mlp,RMSE MSLP,120,297.7669563293457,297.9309361775716,0.16397984822591147,0.0492882251739502,0.33507405916849764,0.0550698607553154,0.003162851285846852,0.0009506736837185596,0.006462924745697765,0.6877804162927783,colmax,3,True,0.005645610408015456,48,47.461064023389326
b12-17_attn,RMSE MSLP,120,297.7669563293457,297.7871290842692,0.020172754923502605,-0.14189279874165853,0.1645315806070963,0.006774678820033507,0.00038909307783339963,-0.0027368352014460998,0.0031734931268422753,0.08461055385259486,colmax,9,False,0.1039652690051666,48,38.959257410796965
b12-17_mlp,RMSE MSLP,120,297.7669563293457,297.7595268885295,-0.007429440816243489,-0.12202003796895346,0.1196749210357665,-0.0024950521400454325,-0.00014329941570872674,-0.0023535284253800325,0.0023082956959450535,-0.031161291784944284,colmax,11,False,-0.02207680124479806,48,50.167218164165
b18-23_attn,RMSE MSLP,120,297.7669563293457,297.9291623433431,0.16220601399739584,0.06592582861582438,0.29947368303934724,0.05447414850759585,0.003128637484997308,0.0012715805878830593,0.005776262959905707,0.680340426212765,colmax,4,True,-0.07552907181433928,48,55.84317891792094
b18-23_mlp,RMSE MSLP,120,297.7669563293457,297.8823359807332,0.11537965138753255,-0.05271637439727783,0.34402387142181384,0.03874830599400582,0.0022254483261191006,-0.0010167959926265352,0.00663554915961045,0.48393668808441587,colmax,6,False,0.08507816408919648,48,40.472889029687025
adaln,RMSE MSLP,120,297.7669563293457,297.644344329834,-0.12261199951171875,-0.18564012845357258,-0.07142953077952069,-0.04117716788430464,-0.0023649462084001003,-0.003580635824075469,-0.0013777362628254045,-0.5142713143049142,colmax,5,True,-0.028847932425716902,48,50.851666186312265
head,RMSE MSLP,120,297.7669563293457,297.78158887227374,0.014632542928059896,-0.07106449604034423,0.12375562191009516,0.0049140922513495906,0.00028223319948109593,-0.0013706954550269216,0.002387004452826848,0.06137325150233133,colmax,10,False,-0.24866373988553567,48,79.77235053899119
embed,RMSE T2M,120,1.3044879337151845,1.3047973588109016,0.00030942509571711224,-0.000470571406185627,0.0011636661986509957,0.023720042763129966,0.0024965625100891657,-0.0037967538744078876,0.00938891332998425,0.4172491049929505,colmax,3,False,-0.1013909477748425,48,58.831774910660506
b0-5_attn,RMSE T2M,120,1.3044879337151845,1.3043880065282185,-9.992718696594238e-05,-0.0003888223941127459,0.00015051706383625653,-0.007660261500568238,-0.0008062515683793186,-0.0031371709200745082,0.0012144304515165872,-0.13474837659619357,colmax,7,False,-0.05610654015052974,48,53.70639387130603
b0-5_mlp,RMSE T2M,120,1.3044879337151845,1.3045457204182942,5.778670310974121e-05,-0.00015826945503552757,0.0002971237525343894,0.004429838070265975,0.00046624568776841596,-0.0012769797712050578,0.0023973104693244957,0.07792338270802844,colmax,9,False,-0.09611518234710262,48,58.208222690676
b6-11_attn,RMSE T2M,120,1.3044879337151845,1.3049301579594612,0.00044222424427668255,-0.00015417964508136113,0.001185264810919761,0.03390021730727911,0.0035680379018870317,-0.0012439815873269919,0.009563179368539343,0.5963241918144949,colmax,2,False,-0.07883458770702031,48,56.21581044932555
b6-11_mlp,RMSE T2M,120,1.3044879337151845,1.3047555560866992,0.00026762237151463825,-5.2094707886377974e-05,0.0008416703591744102,0.020515511458388824,0.0021592818062676953,-0.0004203204474470977,0.006790925150069874,0.36087956838724583,colmax,4,False,0.16633948287987543,48,34.30879723196965
b12-17_attn,RMSE T2M,120,1.3044879337151845,1.3047228654225667,0.00023493170738220215,-0.0002941899622480075,0.0006407278900345167,0.018009496393969406,0.0018955207615670051,-0.0023736395035792316,0.005169642836246019,0.31679733155615686,colmax,5,False,-0.0779258700208902,48,56.11310422750386
b12-17_mlp,RMSE T2M,120,1.3044879337151845,1.3044766038656235,-1.1329849561055502e-05,-0.00017856135964393617,0.00033520000676314,-0.000868528505954675,-9.14136508337422e-05,-0.0014407027820560385,0.0027045245581230003,-0.015277912666066089,colmax,11,False,-0.09777246484679161,48,58.40331430773516
b18-23_attn,RMSE T2M,120,1.3044879337151845,1.304555634657542,6.770094235738118e-05,-0.00022359763582547506,0.00038522016257047653,0.005189848108795361,0.0005462376417640974,-0.001804073046023395,0.0031081067092345697,0.09129239352848784,colmax,8,False,-0.25098444957842225,48,80.16823355131564
b18-23_mlp,RMSE T2M,120,1.3044879337151845,1.3045271262526512,3.9192537466684975e-05,-0.0007453478872776032,0.0007116993268330884,0.0030044384814710045,0.0003162206978972568,-0.006013757830595125,0.0057422681043673394,0.052849789518454385,colmax,10,False,0.31017786650251117,48,25.272494105147512
adaln,RMSE T2M,120,1.3044879337151845,1.304287498195966,-0.00020043551921844482,-0.00032377205789089206,-0.00010054210821787527,-0.015365072687763699,-0.0016171920438816305,-0.002612319403736449,-0.0008112129931812559,-0.2702804076342678,colmax,6,True,-0.13934402294131193,48,63.54282612209612
head,RMSE T2M,120,1.3044879337151845,1.305229517320792,0.0007415836056073507,0.00026111224045356117,0.0013747876510024066,0.05684863665203242,0.0059833861360381975,0.00210675552650624,0.01109232365549315,1.0,colmax,1,True,-0.09714933131452584,48,58.32987639004949
embed,SpecDiv> Z500,120,0.0028864533402762995,0.002833261106085653,-5.319223419064656e-05,-6.306822754898652e-05,-4.357217997797611e-05,-1.8428232824146344,-0.04461586862990268,-0.052899521854285717,-0.036546888608745394,-1.0,colmax,1,True,0.16240363729333712,48,34.587491057354654
b0-5_attn,SpecDiv> Z500,120,0.0028864533402762995,0.002889532709862882,3.079369586581985e-06,3.725878438369062e-08,5.430514587108821e-06,0.10668350475699076,0.0025828723126282652,3.125142334526942e-05,0.004554934175970779,0.057891337587836614,colmax,11,True,0.05931906671509634,48,42.624253840433504
b0-5_mlp,SpecDiv> Z500,120,0.0028864533402762995,0.0028710624052716107,-1.53909350046888e-05,-1.9671677303752707e-05,-1.1882276218481523e-05,-0.533212672795727,-0.01290940199652891,-0.01649994559672773,-0.00996645624787855,-0.2893455264451963,colmax,5,True,0.28225544563865274,48,26.868077438489873
b6-11_attn,SpecDiv> Z500,120,0.0028864533402762995,0.0028907239830004983,4.270642724198599e-06,-1.6843957685826657e-06,1.004747173283249e-05,0.14795467727151276,0.003582072414277329,-0.001412814886896833,0.00842748355498745,0.08028695897397667,colmax,9,False,-0.03525872497062485,48,51.50854439919856
b6-11_mlp,SpecDiv> Z500,120,0.0028864533402762995,0.0029105121623918726,2.405882211557279e-05,1.7821629019939184e-05,3.160345598492616e-05,0.8335080903566525,0.02017973606920506,0.014948186915305108,0.026507922856196128,0.4522995223201839,colmax,2,True,-0.06904884045448825,48,55.12033989717246
b12-17_attn,SpecDiv> Z500,120,0.0028864533402762995,0.0028823591419495642,-4.094198326735447e-06,-7.791765710862819e-06,-9.78203267247106e-07,-0.14184183300685327,-0.0034340767495439494,-0.006535472717781893,-0.0008204842140756107,-0.07696985075041989,colmax,10,True,-0.048489871170192975,48,52.892252316917954
b12-17_mlp,SpecDiv> Z500,120,0.0028864533402762995,0.002897852536989376,1.1399196713076284e-05,7.421754647414976e-06,1.5231194568817348e-05,0.39492052596232585,0.009561265300761904,0.006225119801616878,0.012775417056618691,0.214301897382621,colmax,6,True,-0.07790445947903663,48,56.1106867795523
b18-23_attn,SpecDiv> Z500,120,0.0028864533402762995,0.0028909229028310315,4.469562554731965e-06,2.292921089974698e-06,7.543958842385715e-06,0.15484617375814314,0.0037489197212573345,0.0019232255927131778,0.006327620596926511,0.08402659942262593,colmax,8,True,-0.07529890497625025,48,55.81733136969451
b18-23_mlp,SpecDiv> Z500,120,0.0028864533402762995,0.0029091089236317202,2.265558335542058e-05,1.661638610433632e-05,2.815748024052785e-05,0.7848934552065865,0.019002746286167375,0.013937269430678868,0.02361755354847224,0.4259190030300398,colmax,3,True,-0.05490864594780639,48,53.577481995140865
adaln,SpecDiv> Z500,120,0.0028864533402762995,0.002866611537077309,-1.984180319899072e-05,-2.190592549595749e-05,-1.767080254163981e-05,-0.687411188053066,-0.016642641512926312,-0.01837395832333613,-0.014821678705148014,-0.37302067681300266,colmax,4,True,-0.06515428599788316,48,54.690741971763075
head,SpecDiv> Z500,120,0.0028864533402762995,0.002891058065870311,4.6047255940114456e-06,-1.3697192722853893e-06,9.015842260851056e-06,0.15952884218702348,0.003862289962155621,-0.0011488747566628205,0.007562187225607981,0.08656762897959173,colmax,7,False,0.14700592559735692,48,35.696167436975976
embed,SpecDiv< Z500,120,0.002530009655553537,0.002486812969436869,-4.319668611666808e-05,-5.2096741940962e-05,-3.439310366957216e-05,-1.7073723818345325,-0.0421627784066792,-0.05084981241927173,-0.03356990869210614,-1.0,colmax,1,True,0.08575791258706349,48,40.41749978248679
b0-5_attn,SpecDiv< Z500,120,0.002530009655553537,0.0025328770522416257,2.8673966880887747e-06,1.53545624925755e-07,4.984021325071806e-06,0.11333540493786856,0.002798765878414983,0.000149870528067236,0.004864729348348796,0.06638001536377919,colmax,9,True,0.04475572792615573,48,43.88750770532781
b0-5_mlp,SpecDiv< Z500,120,0.002530009655553537,0.002518139229020259,-1.1870426533278078e-05,-1.5566200818284415e-05,-8.891762020842489e-06,-0.469185028888001,-0.01158630924056573,-0.015193625593467588,-0.008678938720372039,-0.27479947191360354,colmax,5,True,0.2689085009617979,48,27.655573216851035
b6-11_attn,SpecDiv< Z500,120,0.002530009655553537,0.002532798855099827,2.789199546289941e-06,-2.1894216236736003e-06,7.617182139559489e-06,0.11024462061508206,0.002722440376204115,-0.0021370180691273398,0.007434865761835289,0.06456975747530055,colmax,10,False,-0.10118192048479153,48,58.80693033208577
b6-11_mlp,SpecDiv< Z500,120,0.002530009655553537,0.0025497852111584507,1.977555560491358e-05,1.415687602275284e-05,2.6799747623347984e-05,0.781639530960087,0.019302229957802317,0.013818032824694806,0.026158298748804713,0.4578026090127059,colmax,2,True,-0.10028040301778762,48,58.69990997417159
b12-17_attn,SpecDiv< Z500,120,0.002530009655553537,0.0025270446809978844,-2.9649745556525886e-06,-5.979729333679037e-06,-2.704889993765428e-07,-0.11719222292864674,-0.002894008230950491,-0.0058366052003823434,-0.00026401487631147106,-0.0686389355804891,colmax,8,True,-0.12893271810304974,48,62.20962673622389
b12-17_mlp,SpecDiv< Z500,120,0.002530009655553537,0.0025395482565121106,9.538600958573321e-06,6.024243702995591e-06,1.297031546224995e-05,0.37701836187207693,0.009310295642583562,0.005880054123393193,0.012659872454626879,0.220817887113167,colmax,6,True,-0.08709797483855482,48,57.15914890540697
b18-23_attn,SpecDiv< Z500,120,0.002530009655553537,0.002532768063247204,2.7584076936667166e-06,6.893797035445459e-07,5.38582741379893e-06,0.10902755598627188,0.0026923855230290895,0.0006728794796921997,0.005256918254592675,0.06385692842771899,colmax,11,True,-0.06586041026257422,48,54.768366799424825
b18-23_mlp,SpecDiv< Z500,120,0.002530009655553537,0.0025477591601278013,1.774950457426409e-05,1.3161999474201972e-05,2.216019602201413e-05,0.7015587681771397,0.017324672225360053,0.012846968531816879,0.021629794281006857,0.4108996816636631,colmax,3,True,-0.15026850899391064,48,64.97686506396883
adaln,SpecDiv< Z500,120,0.002530009655553537,0.002514312659817127,-1.569699573641022e-05,-1.750815245031845e-05,-1.3821942472228937e-05,-0.6204322462546451,-0.01532128995028338,-0.017089096836719886,-0.013491115870149709,-0.36338425808903196,colmax,4,True,-0.09487682632020529,48,58.06291253124175
head,SpecDiv< Z500,120,0.002530009655553537,0.002538714475425271,8.704819871733585e-06,2.99866327016692e-06,1.2942165146038555e-05,0.34406271346142636,0.008496471010083825,0.002926890609960707,0.012632395912993722,0.20151591833278854,colmax,7,True,0.14116453603669346,48,36.12459112461691
embed,SpecRes Z500,120,0.0011157020435348386,0.0010940774682239862,-2.162457531085238e-05,-2.526495345591684e-05,-1.808429306038306e-05,-1.9382034330904347,-0.051078318023003104,-0.059677071521957406,-0.042715995985172665,1.2324970849036785,share,1,True,0.10879418667588948,48,38.58054051293621
b0-5_attn,SpecRes Z500,120,0.0011157020435348386,0.001122177352347838,6.475308812999477e-06,4.459487839388506e-06,8.94615298723996e-06,0.5803797573484752,0.01529500016037563,0.010533531170237006,0.02113125648924802,-0.36906154785235284,share,4,True,0.4732333039291091,48,17.16279515536899
b0-5_mlp,SpecRes Z500,120,0.0011157020435348386,0.0011094452796290473,-6.256763905791256e-06,-7.853564557080971e-06,-4.964480361498622e-06,-0.5607916506066598,-0.01477878626427719,-0.018550508497591173,-0.01172634852145842,0.3566055362459885,share,6,True,0.19255480518290952,48,32.49944504250761
b6-11_attn,SpecRes Z500,120,0.0011157020435348386,0.0011163142219932827,6.121784584441533e-07,-8.398218596994411e-07,2.033924920397112e-06,0.05486934993007724,0.0014459958421264235,-0.0019837008318433925,0.004804231409197554,-0.03489123622671071,share,11,False,-0.24460126932591253,48,79.08520163163824
b6-11_mlp,SpecRes Z500,120,0.0011157020435348386,0.0011200909557373961,4.388912202557549e-06,2.273330149667648e-06,6.481359802516332e-06,0.3933767288488884,0.010366828020190934,0.005369718419289888,0.015309292897340536,-0.25014694706331053,share,9,True,0.0904126926618242,48,40.040061020981724
b12-17_attn,SpecRes Z500,120,0.0011157020435348386,0.0011120451369303435,-3.65690660449521e-06,-5.077917285234434e-06,-2.2522143505436062e-06,-0.3277673125800832,-0.008637794538840546,-0.01199429215423909,-0.005319841855821547,0.2084261385491088,share,10,True,0.32922919813301216,48,24.222307586109427
b12-17_mlp,SpecRes Z500,120,0.0011157020435348386,0.0011267685586062726,1.1066515071433969e-05,8.301356820084038e-06,1.3949834692539297e-05,0.9918880345842451,0.026139656760860584,0.019608216003478344,0.03295020052653963,-0.6307382859324862,share,3,True,0.5366612417822577,48,14.473105580939118
b18-23_attn,SpecRes Z500,120,0.0011157020435348386,0.0011094423061877023,-6.259737347136252e-06,-9.533562342767255e-06,-3.0942692622678223e-06,-0.561058159157238,-0.014785809680018736,-0.02251874648338691,-0.00730881726715812,0.3567750081425302,share,5,True,0.43481502866690563,48,18.90757908299449
b18-23_mlp,SpecRes Z500,120,0.0011157020435348386,0.0011009762680866213,-1.4725775448217368e-05,-2.3476705155189848e-05,-6.164563122486776e-06,-1.3198663149851573,-0.034783011026436175,-0.0554531404576193,-0.0145610034470936,0.839298578213727,share,2,True,0.6649903018479901,48,9.657993499090413
adaln,SpecRes Z500,120,0.0011157020435348386,0.0011094594489501712,-6.242594584667434e-06,-6.797479818487772e-06,-5.762194632552564e-06,-0.5595216591061576,-0.014745317625928053,-0.01605598403356473,-0.013610589143189052,0.3557979528956043,share,7,True,-0.0909516582397343,48,57.60494485266563
head,SpecRes Z500,120,0.0011157020435348386,0.0011214957370005625,5.793693465723966e-06,2.069897133575675e-06,9.078708899323827e-06,0.5192868023588104,0.013684990947384252,0.0048891995585513956,0.021444360119535325,-0.3302127419698589,share,8,True,0.6244901891499495,48,11.095463082011058
embed,|RQE| Z500,120,0.004197457718040217,0.004188919300834944,-8.538417205272708e-06,-6.443999420753243e-05,4.160773876265011e-05,-0.2034187781946086,-0.003407099047892802,-0.025713599796355832,0.016602806318208003,-0.05053375868101242,share,10,False,0.47014328008486334,48,17.299757717804518
b0-5_attn,|RQE| Z500,120,0.004197457718040217,0.0042072019996339804,9.74428159376354e-06,1.7387007839412643e-06,1.748750821851293e-05,0.23214722454221942,0.003888277152820474,0.0006937967123319486,0.006978069959443963,0.05767054510700155,share,9,True,0.1755315785634134,48,33.665181736180244
b0-5_mlp,|RQE| Z500,120,0.004197457718040217,0.0041686223835313285,-2.8835334508888384e-05,-3.9726870500089714e-05,-1.5738172358699864e-05,-0.6869714109318422,-0.011506212262646896,-0.0158522802766105,-0.006280029514812928,-0.1706590109767183,share,6,True,0.4829531090368081,48,16.73569488812286
b6-11_attn,|RQE| Z500,120,0.004197457718040217,0.0041435891340218705,-5.3868584018346155e-05,-7.719615702323305e-05,-3.096414536685189e-05,-1.283362159595434,-0.021495272122203434,-0.03080371300343834,-0.01235567525712699,-0.3188157664151061,share,3,True,0.01448353374888896,48,46.62943143615626
b6-11_mlp,|RQE| Z500,120,0.004197457718040217,0.0042316956488548385,3.42379308146216e-05,2.072929109810199e-05,4.546297482950952e-05,0.8156825658414782,0.013662019397257964,0.008271644060707418,0.018141167681563184,0.20263373081077116,share,4,True,-0.19311649700511094,48,70.97628299956466
b12-17_attn,|RQE| Z500,120,0.004197457718040217,0.004203622879686009,6.165161645791765e-06,-1.3485954696079717e-06,1.6932672870476964e-05,0.1468784693004666,0.002460094871038977,-0.0005381323294505277,0.006756673072809838,0.036487885675753166,share,11,False,0.06069979772080629,48,42.50628670457123
b12-17_mlp,|RQE| Z500,120,0.004197457718040217,0.0042595704755209835,6.211275748076635e-05,4.087394448030561e-05,8.113173726087552e-05,1.4797708911709218,0.024784958592094994,0.016309999145564663,0.032374134237047894,0.36760807326292344,share,2,True,-0.0973229306800232,48,58.350325340955756
b18-23_attn,|RQE| Z500,120,0.004197457718040217,0.004209844331095762,1.2386613055544634e-05,-1.9167521259078057e-06,2.58412526363827e-05,0.2950979828172734,0.004942651141724665,-0.000764844840235048,0.010311478712870512,0.0733089166265422,share,7,False,0.19539009933812457,48,32.308511885077706
b18-23_mlp,|RQE| Z500,120,0.004197457718040217,0.004358462964773935,0.00016100524673371788,0.00011488405097566101,0.0001972846075526983,3.835780073298531,0.06424619571335123,0.0458423770222342,0.07872281037539616,0.9528932692342832,share,1,True,-0.006379485181354449,48,48.61636265382644
adaln,|RQE| Z500,120,0.004197457718040217,0.004167713776799549,-2.9743941240667482e-05,-3.5251446797701645e-05,-2.2332011648510768e-05,-0.708618007343618,-0.011868775142432375,-0.014066444392893425,-0.008911180350637581,-0.1760365080251542,share,5,True,-0.11431241716643976,48,60.39036457174817
head,|RQE| Z500,120,0.004197457718040217,0.00418613329687408,-1.1324421166136744e-05,-3.897541803894455e-05,1.7173431418389856e-05,-0.26979238212372253,-0.0045188029169217995,-0.01555242693103688,0.006852743363080911,-0.06702244135579527,share,8,False,0.08403634408935556,48,40.55791646048987
embed,SpecDiv> T850,120,0.003474580696395909,0.0034561874878515178,-1.8393208544390898e-05,-2.6340055531666923e-05,-9.848841727944091e-06,-0.5293648400070169,-0.019557154857801143,-0.028006888724859545,-0.010472089324628215,-0.8005728700209565,colmax,3,True,0.1313263872047222,48,36.85614857547565
b0-5_attn,SpecDiv> T850,120,0.003474580696395909,0.003479353375344848,4.772678948938847e-06,2.991278718885345e-06,6.361064030594813e-06,0.1373598533454532,0.005074700320267349,0.0031805707518020748,0.006763600489087544,0.20773304856622038,colmax,9,True,0.15905934854252204,48,34.82578465090399
b0-5_mlp,SpecDiv> T850,120,0.003474580696395909,0.003457236321992241,-1.7344374403667946e-05,-2.0625770533418595e-05,-1.4529326047825938e-05,-0.4991789202552932,-0.018441949119728716,-0.021930996291919518,-0.015448760819029012,-0.7549218811688456,colmax,4,True,0.2502838914177033,48,28.78256167176969
b6-11_attn,SpecDiv> T850,120,0.003474580696395909,0.0034773202933138236,2.7395969179148474e-06,-5.56281374883838e-06,1.1258670080375535e-05,0.07884683526724703,0.0029129621970145334,-0.005914835884591459,0.011971133460667693,0.11924221714674668,colmax,10,False,0.39799055636911485,48,20.669991769710414
b6-11_mlp,SpecDiv> T850,120,0.003474580696395909,0.0034880755799046406,1.3494883508731922e-05,9.61434864924134e-06,1.7132312253428e-05,0.38838883560050314,0.014348857401975213,0.010222757216953572,0.018216467399032103,0.5873710176835142,colmax,6,True,-0.1582326279332451,48,66.04576036761246
b12-17_attn,SpecDiv> T850,120,0.003474580696395909,0.003469552379101515,-5.028317294393976e-06,-7.437278933745499e-06,-2.4219218175858278e-06,-0.14471724025893878,-0.005346515794853629,-0.00790791968007557,-0.0025751842004997937,-0.2188598252465638,colmax,8,True,0.005866990118846146,48,47.440054145386874
b12-17_mlp,SpecDiv> T850,120,0.003474580696395909,0.0034898930316558108,1.531233525990198e-05,9.576666222225565e-06,2.1425287559395653e-05,0.4406959169428721,0.016281319879004764,0.010182690196629918,0.022781107801868677,0.6664764418974172,colmax,5,True,0.5771184503185492,48,12.87050720927762
b18-23_attn,SpecDiv> T850,120,0.003474580696395909,0.0034751641602876284,5.834638917197784e-07,-1.7235045864557226e-06,4.40338444605004e-06,0.01679235403353821,0.0006203862505423958,-0.0018325702127551945,0.004682036377829009,0.025395534510488964,colmax,11,False,0.12852737878029108,48,37.06661141332388
b18-23_mlp,SpecDiv> T850,120,0.003474580696395909,0.0034975557549235723,2.297505852766335e-05,1.3407798542175442e-05,3.0836860605631945e-05,0.661232549628068,0.024428950305659496,0.014256261584740764,0.032788257510225655,1.0,colmax,1,True,0.2571290742197531,48,28.364473599962785
adaln,SpecDiv> T850,120,0.003474580696395909,0.0034548132825875655,-1.976741380834331e-05,-2.1173999145200165e-05,-1.8591011757962407e-05,-0.5689150874765271,-0.021018321629691993,-0.022513917527886212,-0.019767475317651984,-0.8603857868106041,colmax,2,True,0.024396708128890176,48,45.71369435123294
head,SpecDiv> T850,120,0.003474580696395909,0.003464893273000295,-9.687423395613829e-06,-1.586700576202323e-05,-5.2259888131326695e-06,-0.27880841580862803,-0.010300456228931398,-0.01687109065656427,-0.005556696226050245,-0.4216495633275358,colmax,7,True,0.08843649342003176,48,40.19990930141777
embed,SpecDiv< T850,120,0.0030157369813726595,0.003000513640775656,-1.5223340597003698e-05,-2.2809842691155305e-05,-6.905901439798379e-06,-0.5047966945073094,-0.018060326961214793,-0.02706063194941734,-0.008192869178085066,-0.8571293967919302,colmax,3,True,0.1320218719390047,48,36.80401516939298
b0-5_attn,SpecDiv< T850,120,0.0030157369813726595,0.0030199114698916674,4.174488519007961e-06,2.5706799836674087e-06,5.610302226462711e-06,0.13842349464799406,0.004952436495046304,0.0030497459294066944,0.006655825107210091,0.23503887359101586,colmax,8,True,0.16062438624919456,48,34.71409866739445
b0-5_mlp,SpecDiv< T850,120,0.0030157369813726595,0.0030024125226191245,-1.3324458753534904e-05,-1.6103116953066397e-05,-1.0863581034451878e-05,-0.4418309300789908,-0.015807573911696172,-0.019104056393791886,-0.012888092741646307,-0.75021544852279,colmax,4,True,0.27616371455212585,48,27.225458070394627
b6-11_attn,SpecDiv< T850,120,0.0030157369813726595,0.003017809746476511,2.0727651038517556e-06,-5.312038350287669e-06,9.489832215573791e-06,0.06873162734862588,0.0024590407900830303,-0.006301977468440138,0.011258335286413117,0.11670420771545366,colmax,10,False,0.3875977570347715,48,21.184314772277595
b6-11_mlp,SpecDiv< T850,120,0.0030157369813726595,0.0030269122532142014,1.1175271841542175e-05,7.943544066317069e-06,1.4383249739087962e-05,0.37056520215683986,0.013257869522963522,0.009423884472291236,0.017063678723963114,0.6292084152943531,colmax,6,True,-0.15662907436042364,48,65.82891807326381
b12-17_attn,SpecDiv< T850,120,0.0030157369813726595,0.0030119085058686323,-3.828475504027058e-06,-6.133372577702782e-06,-1.3829259842168546e-06,-0.12694991399032646,-0.004541941298964256,-0.007276373633134323,-0.0016406448557704889,-0.2155570834462751,colmax,9,True,0.05168912266453217,48,43.281727585787806
b12-17_mlp,SpecDiv< T850,120,0.0030157369813726595,0.0030283890688830675,1.2652087510408213e-05,7.872007093586337e-06,1.7810040844778996e-05,0.4195355095141427,0.015009901126750628,0.009339016035623215,0.02112907865390648,0.7123585041570539,colmax,5,True,0.5506541819048979,48,13.90935485181422
b18-23_attn,SpecDiv< T850,120,0.0030157369813726595,0.0030159899373150743,2.52955942414701e-07,-1.92265106306877e-06,3.857835933255652e-06,0.008387864856157454,0.00030009622380063543,-0.0022809518456273397,0.004576773269530189,0.014242338792546048,colmax,11,False,0.1425970423245499,48,36.019121741023724
b18-23_mlp,SpecDiv< T850,120,0.0030157369813726595,0.0030334978243142055,1.776084294154619e-05,8.775945025263354e-06,2.5290176078366738e-05,0.5889387254674334,0.021070712343796757,0.010411409738878096,0.03000319450067975,1.0,colmax,1,True,0.32481915082485235,48,24.46272062132326
adaln,SpecDiv< T850,120,0.0030157369813726595,0.0029998263950498463,-1.5910586322812986e-05,-1.7142590513685716e-05,-1.4915544913189175e-05,-0.5275853438508764,-0.0188756462028572,-0.020337243830721333,-0.0176951711892921,-0.8958238285861375,colmax,2,True,0.07833143163966218,48,41.02643211839492
head,SpecDiv< T850,120,0.0030157369813726595,0.0030102611829837165,-5.475798388943076e-06,-1.075529459437045e-05,-1.6102509107440713e-06,-0.18157413669578976,-0.00649625544720913,-0.01275962629232299,-0.0019103335271468446,-0.3083073481908947,colmax,7,True,0.05609950545674891,48,42.900525475088905
embed,SpecRes T850,120,0.001364361152809579,0.0013715617557560715,7.200602946492533e-06,4.002532993278388e-06,1.0640864729793973e-05,0.5277637033027945,0.019475087662394704,0.010825438021644223,0.028779780659530144,0.49633652710877996,colmax,4,True,0.0575523301039482,48,42.77564983527957
b0-5_attn,SpecRes T850,120,0.001364361152809579,0.0013677830174856354,3.4218646760564297e-06,2.2286483120600073e-06,4.676487939529276e-06,0.25080343785880366,0.009254935320036248,0.0060277065085443445,0.012648248105226734,0.23586864074728078,colmax,11,True,0.34495738347891935,48,23.377726297678404
b0-5_mlp,SpecRes T850,120,0.001364361152809579,0.0013603831224221115,-3.9780303874673946e-06,-5.123234526157223e-06,-2.853128413941401e-06,-0.29156725690082735,-0.010759167127432696,-0.01385653982775435,-0.007716704612999671,-0.2742050633704954,colmax,9,True,0.30421895159763473,48,25.60727267641868
b6-11_attn,SpecRes T850,120,0.001364361152809579,0.0013593666553788353,-4.99449743074365e-06,-1.2062977475579828e-05,5.394149714750974e-07,-0.36606857505863927,-0.013508351455584395,-0.032626093335815,0.0014589269723590018,-0.3442699907007847,colmax,7,False,0.6388329193495834,48,10.578271687451995
b6-11_mlp,SpecRes T850,120,0.001364361152809579,0.0013700139728219558,5.652820012376954e-06,4.008896606440734e-06,7.2006396294455036e-06,0.4143199182076028,0.01528888151434673,0.010842649347571672,0.01947518687682579,0.38964807171889204,colmax,6,True,-0.1860956585132934,48,69.9499790167515
b12-17_attn,SpecRes T850,120,0.001364361152809579,0.0013682032307163656,3.842077906786774e-06,3.647198051718684e-07,7.5090233015847206e-06,0.28160270459730724,0.010391463686644476,0.0009864382511736124,0.020309255786497848,0.2648338783996991,colmax,10,True,0.7588883011259657,48,6.579929799149196
b12-17_mlp,SpecRes T850,120,0.001364361152809579,0.0013772567302415457,1.2895577431966862e-05,9.00458286802556e-06,1.8084505306129962e-05,0.9451733073322611,0.03487798213718849,0.024354216170677335,0.04891219926790729,0.8888903006049715,colmax,2,True,0.5829667989635563,48,12.64561812847608
b18-23_attn,SpecRes T850,120,0.001364361152809579,0.0013498536512391486,-1.4507501570430273e-05,-1.859186098348194e-05,-1.0365744947193889e-05,-1.0633182820073341,-0.03923766758783488,-0.050284417173250405,-0.028035678822002003,-1.0,colmax,1,True,0.5091209304078361,48,15.613192333139427
b18-23_mlp,SpecRes T850,120,0.001364361152809579,0.001369299656895843,4.938504086264099e-06,-3.891163123626029e-06,1.4857473979645873e-05,0.36196457778751756,0.013356909236043449,-0.010524221860921782,0.040184219341839494,0.3404103775063475,colmax,8,False,0.8520735772366191,48,3.8337938513417558
adaln,SpecRes T850,120,0.001364361152809579,0.0013581575719096388,-6.2035808999401825e-06,-7.2483222538721744e-06,-5.467800777599527e-06,-0.45468759405567766,-0.016778495182260048,-0.01960415153403339,-0.014788469834478344,-0.4276119406104047,colmax,5,True,0.40590797565295617,48,20.283274341205733
head,SpecRes T850,120,0.001364361152809579,0.0013563314472169925,-8.029705592586348e-06,-1.2059768141625683e-05,-4.5902896393575564e-06,-0.5885322647930183,-0.0217175174747017,-0.03261741322103027,-0.012415112149159144,-0.5534864534464563,colmax,3,True,0.41912129529102277,48,19.647494487293304
embed,|RQE| T850,120,0.0030638399014909132,0.0030572401295406357,-6.5997719502775e-06,-2.8004735622744195e-05,2.8998120736408355e-05,-0.21540851227461152,-0.0028706656643325583,-0.012181062254362043,0.012613149386878023,-0.21881977402766598,colmax,7,False,0.028340768557307248,48,45.35426828859613
b0-5_attn,|RQE| T850,120,0.0030638399014909132,0.003061442521357094,-2.3973801338191456e-06,-1.0332783419168361e-05,5.247811759545582e-06,-0.07824756550277129,-0.0010427749453097762,-0.004494392655058966,0.002282611148461684,-0.0794867130399352,colmax,10,False,-0.0661434129263379,48,54.79951046961729
b0-5_mlp,|RQE| T850,120,0.0030638399014909132,0.003041152855682109,-2.2687045808803912e-05,-3.840319316926373e-05,-1.7336402985771872e-06,-0.7404775229203079,-0.009868056641826068,-0.0167040208150072,-0.0007540717644371819,-0.7522039056257152,colmax,2,True,0.33202224494219224,48,24.07086845923227
b6-11_attn,|RQE| T850,120,0.0030638399014909132,0.0030604814376905174,-3.358463800395839e-06,-4.737772421018841e-05,3.7483371382525834e-05,-0.10961616495566746,-0.0014608120991657589,-0.02060762207680322,0.016303931108819326,-0.11135207328668585,colmax,8,False,0.16384821689224846,48,34.48498266925461
b6-11_mlp,|RQE| T850,120,0.0030638399014909132,0.00305717299306707,-6.666908423843172e-06,-3.1471778008077915e-05,1.2377406195203819e-05,-0.21759976494199154,-0.0028998676384221693,-0.013689102169581338,0.00538373071763104,-0.221045727906881,colmax,6,False,0.10738162870041648,48,38.69098124073285
b12-17_attn,|RQE| T850,120,0.0030638399014909132,0.0030663030762904477,2.4631747995348028e-06,-8.36165751631294e-06,1.1792424159769626e-05,0.08039502319739954,0.0010713932807900246,-0.0036370231138029762,0.005129284373723399,0.08166817839852543,colmax,9,False,-0.20209233687041472,48,72.31467353435981
b12-17_mlp,|RQE| T850,120,0.0030638399014909132,0.0030940006672608433,3.0160765769930247e-05,4.1015911089440735e-06,4.995309495825495e-05,0.9844106330508177,0.013118858554207318,0.001784046002541403,0.02172781659793212,1.0,colmax,1,True,0.04689210334065624,48,43.69999438687315
b18-23_attn,|RQE| T850,120,0.0030638399014909132,0.003085124156010958,2.128425452004497e-05,3.786651329088879e-06,5.254406190336639e-05,0.6946921250580917,0.009257892409303489,0.001647058418853038,0.022854794909120478,0.7056934390328046,colmax,4,True,0.02853203991266262,48,45.336907626282404
b18-23_mlp,|RQE| T850,120,0.0030638399014909132,0.003085356407609652,2.1516506118738714e-05,-2.869010286303819e-05,8.201901067271441e-05,0.7022725341578208,0.009358913580168104,-0.012479172585899728,0.03567534750208861,0.7133938933404103,colmax,3,False,-0.19117989164520105,48,70.69141111646101
adaln,|RQE| T850,120,0.0030638399014909132,0.003054090482085788,-9.749419405125082e-06,-1.7699527446287294e-05,-1.3420216722200472e-06,-0.31820916622898143,-0.004240650092810153,-0.007698663847442832,-0.0005837316144037775,-0.32324840421807466,colmax,5,True,0.23017154885979071,48,30.037896494175577
head,|RQE| T850,120,0.0030638399014909132,0.003065244953177171,1.405051686257745e-06,-4.773913042299682e-05,4.861193263726211e-05,0.045859174481474196,0.0006111474249020191,-0.020764820903338723,0.021144458770695557,0.04658541155671043,colmax,11,False,-0.024032025972045224,48,50.36388340059432
embed,SpecDiv> Q700,120,0.0379194023165231,0.03744908243728181,-0.0004703198792412877,-0.0005343616522926216,-0.00040579300839453935,-1.2403145896536174,-0.06471018564383577,-0.0735215398009203,-0.05583208804301816,-1.479225536422041,share,2,True,0.353865466609954,48,22.908079397564997
b0-5_attn,SpecDiv> Q700,120,0.0379194023165231,0.03793878573924303,1.9383422719935577e-05,-2.394857195516426e-07,3.894486386949816e-05,0.05111742679417021,0.0026669187035925405,-3.295026652123264e-05,0.0053583305365160604,0.06096372944483191,share,11,False,0.5459923393980173,48,14.096038611278464
b0-5_mlp,SpecDiv> Q700,120,0.0379194023165231,0.03770692537849148,-0.00021247693803161383,-0.0002462510048644617,-0.00018296434039560456,-0.5603383098130441,-0.02923419296509401,-0.033881085922769026,-0.025173625346861947,-0.6682713755245737,share,7,True,0.5777983072552275,48,12.844278738645437
b6-11_attn,SpecDiv> Q700,120,0.0379194023165231,0.038173211428026356,0.0002538091115032633,0.00019615609004783134,0.0002986300552341466,0.669338375601632,0.03492098771152978,0.02698864658376922,0.041087794001402556,0.7982671702456451,share,3,True,0.4333934882388947,48,18.973933387926962
b6-11_mlp,SpecDiv> Q700,120,0.0379194023165231,0.03813400418342402,0.00021460186690092087,0.00018926102784462271,0.0002459866305192312,0.5659421135111344,0.02952655683845319,0.026039971490734247,0.0338447112898555,0.6749545908962693,share,6,True,0.34114019119080685,48,23.580883661954083
b12-17_attn,SpecDiv> Q700,120,0.0379194023165231,0.03770345507655293,-0.0002159472399701675,-0.00024137570774958778,-0.0001945403472442801,-0.5694900941939955,-0.029711663496525157,-0.033210305470364423,-0.02676634040156157,-0.679185988053571,share,5,True,0.2247974658772844,48,30.38030586651988
b12-17_mlp,SpecDiv> Q700,120,0.0379194023165231,0.03799899690784514,7.959459132204454e-05,3.9685237182614705e-05,0.00012480825438008944,0.20990465687630785,0.010951229169822831,0.0054601967272771244,0.017172068771252717,0.2503367542842927,share,10,True,0.5056049974257467,48,15.761743727032574
b18-23_attn,SpecDiv> Q700,120,0.0379194023165231,0.03802478627767414,0.00010538396115104358,7.173132423001032e-05,0.00013771529872125634,0.2779156703773343,0.014499526792207413,0.009869341085242097,0.018947918086356066,0.33144813422602026,share,9,True,0.3846856491195019,48,21.32981508188864
b18-23_mlp,SpecDiv> Q700,120,0.0379194023165231,0.038833247303652264,0.0009138449871291717,0.0008361043961485848,0.0009792034553053478,2.409966748687309,0.1257337428777477,0.11503760117408297,0.13472625796322485,2.874177556503493,share,1,True,0.4631100442996558,48,17.613656589960833
adaln,SpecDiv> Q700,120,0.0379194023165231,0.03770036432736864,-0.00021903798915445805,-0.0002296485899326702,-0.0002044306330693265,-0.577640932539208,-0.030136912273626856,-0.03159679941949526,-0.028127121138369446,-0.6889068510701493,share,4,True,0.21293473834681226,48,31.14687984849428
head,SpecDiv> Q700,120,0.0379194023165231,0.03779107918186734,-0.00012832313465575376,-0.00016964047584527484,-0.00010329223102113854,-0.3384102248885867,-0.017655672729309967,-0.023340426737574946,-0.01421173065388276,-0.4035952254510862,share,8,True,0.13766894008212777,48,36.38307192694371
embed,SpecDiv< Q700,120,0.028634454860972863,0.02829448467430969,-0.00033997018666317064,-0.0003842710847190271,-0.00029035912787852186,-1.1872766159293315,-0.06315616278525117,-0.07138592774379006,-0.053939930811192104,-1.8069946669003125,share,2,True,0.29112456275247556,48,26.35378643509269
b0-5_attn,SpecDiv< Q700,120,0.028634454860972863,0.02864603775863846,1.1582897665599981e-05,-1.5895901015028358e-06,2.4313404962110025e-05,0.040450910352013765,0.0021517515334905273,-0.00029529769124079684,0.004516694174633935,0.06156491107182911,share,11,False,0.4780725484354708,48,16.949450621767724
b0-5_mlp,SpecDiv< Q700,120,0.028634454860972863,0.028500637932059664,-0.00013381692891319594,-0.00015747018236046036,-0.0001132517335160325,-0.46732836215289997,-0.024859131998646318,-0.02925319001819932,-0.02103874162570879,-0.7112578878179568,share,7,True,0.5865804847135488,48,12.507488227004405
b6-11_attn,SpecDiv< Q700,120,0.028634454860972863,0.028826090080353122,0.00019163521938025951,0.00015256397891789676,0.00022343755505668618,0.6692469624817179,0.03560001901742673,0.02834176603035682,0.04150792967466787,1.0185711365140526,share,3,True,0.36506208669325263,48,22.32647154720404
b6-11_mlp,SpecDiv< Q700,120,0.028634454860972863,0.02877496842605372,0.00014051356508086124,0.00012254530059484144,0.00016248779817639537,0.4907149996851285,0.026103164153553175,0.02276520488134253,0.030185311050267956,0.7468515554860338,share,6,True,0.2756299105260753,48,27.256937147553387
b12-17_attn,SpecDiv< Q700,120,0.028634454860972863,0.02848228521179408,-0.0001521696491787831,-0.00017016973967353503,-0.0001361283405761545,-0.5314214987419987,-0.028268511509309056,-0.031612383089913626,-0.025288522271606252,-0.8088054638819903,share,4,True,0.23584974164805098,48,29.67934625448922
b12-17_mlp,SpecDiv< Q700,120,0.028634454860972863,0.02868966548703611,5.5210626063247524e-05,2.6044712285511196e-05,8.978274612066647e-05,0.1928118636492587,0.010256461960238794,0.004838318633005499,0.016678914657071497,0.29345310490816445,share,10,True,0.4989134975233899,48,16.046391041656463
b18-23_attn,SpecDiv< Q700,120,0.028634454860972863,0.028704610575611394,7.015571463853121e-05,4.7694260138086976e-05,9.10917568641404e-05,0.24500454078540698,0.013032806722009826,0.008860148846485458,0.016922089202504185,0.3728885860512407,share,9,True,0.24586107168678,48,29.055140562362165
b18-23_mlp,SpecDiv< Q700,120,0.028634454860972863,0.029235309494348865,0.0006008546333760023,0.0005518485510644192,0.0006430564011679962,2.0983623969560288,0.1116205906412738,0.1025167449708174,0.11946040078067646,3.1936362677839427,share,1,True,0.40341864893096535,48,20.404392426398683
adaln,SpecDiv< Q700,120,0.028634454860972863,0.02849097701255232,-0.00014347784842054048,-0.00015134926846561332,-0.00013294404974052061,-0.501067155345404,-0.02665383820818101,-0.02811610962261608,-0.024696977488386403,-0.7626071846444481,share,5,True,0.2752299344333345,48,27.280541499097488
head,SpecDiv< Q700,120,0.028634454860972863,0.028541065170429647,-9.338969054321448e-05,-0.00012463489935422937,-7.551228336524218e-05,-0.3261444682521243,-0.017348975674314437,-0.023153389035662258,-0.014027894937817757,-0.4963807985970686,share,8,True,0.09987627378880094,48,39.28254467141455
embed,SpecRes Q700,120,0.004468098379826794,0.004365565250433671,-0.00010253312939312309,-0.00011497695874519801,-8.869265596634553e-05,-2.294782269254729,-0.15506508886108766,-0.17388440624340806,-0.13413356892693915,1.669168357939786,share,1,True,0.5540266502085538,48,13.775002370208123
b0-5_attn,SpecRes Q700,120,0.004468098379826794,0.004465619145776145,-2.4792340506489077e-06,-4.469903190814269e-06,-9.182857562943067e-07,-0.05548745439094416,-0.0037494481115202534,-0.006760019318502941,-0.001388761498283092,0.040360213852476005,share,11,True,0.5280022712928549,48,14.827131741612945
b0-5_mlp,SpecRes Q700,120,0.004468098379826794,0.0044561878506404655,-1.1910529186328253e-05,-1.4993704705072256e-05,-9.619586489861832e-06,-0.266568194650852,-0.018012785502521108,-0.022675599254701723,-0.014548098187251751,0.1938951689254773,share,8,True,0.3955613028774937,48,20.789525621023294
b6-11_attn,SpecRes Q700,120,0.004468098379826794,0.004495595921374236,2.7497541547442477e-05,2.2944545222950788e-05,3.057610968729326e-05,0.6154193397260966,0.04158566844446277,0.03469998394599606,0.04624151426713882,-0.4476409385316585,share,4,True,0.046351315805641884,48,43.747387851358944
b6-11_mlp,SpecRes Q700,120,0.004468098379826794,0.004478767383261584,1.0669003434789678e-05,6.517200381495058e-06,1.488603520556353e-05,0.2387817484717797,0.016135174801227427,0.009856231466488586,0.02251276622104939,-0.1736839892579757,share,9,True,0.3084887025685212,48,25.367083576308367
b12-17_attn,SpecRes Q700,120,0.004468098379826794,0.004441825983424981,-2.6272396401812632e-05,-3.064490944476953e-05,-2.132817086627862e-05,-0.5879995060187345,-0.0397328308104291,-0.04634556298358612,-0.03225547420818088,0.42769642378727557,share,5,True,0.31948600596448024,48,24.755602989384233
b12-17_mlp,SpecRes Q700,120,0.004468098379826794,0.004483887857835119,1.5789478008324902e-05,8.175644446358396e-06,2.3104757686572457e-05,0.35338250562282786,0.023879080107305342,0.012364364962572294,0.03494227987566476,-0.25704177016613805,share,6,True,0.6783726915272552,48,9.19826143777617
b18-23_attn,SpecRes Q700,120,0.004468098379826794,0.004459822720188337,-8.275659638457e-06,-1.6324387130831988e-05,-1.109805452870206e-06,-0.18521659406205387,-0.012515622070806707,-0.024688045278905096,-0.0016784046501498897,0.13472200927984457,share,10,True,0.6891713439418353,48,8.83260040155266
b18-23_mlp,SpecRes Q700,120,0.004468098379826794,0.004549440389382653,8.134200955585887e-05,6.856889655561341e-05,9.35792162636062e-05,1.8205062342206546,0.1230168825878504,0.10369957593643926,0.14152371600627534,-1.3241915986130202,share,2,True,0.6307908286520943,48,10.867144892731188
adaln,SpecRes Q700,120,0.004468098379826794,0.004452984547242522,-1.5113832584271828e-05,-1.7373331987376637e-05,-1.283020052748422e-05,-0.33826096248260573,-0.022857273610815007,-0.02627440793410936,-0.01940364247805111,0.24604273044413538,share,7,True,0.6853178344295051,48,8.962549163610342
head,SpecRes Q700,120,0.004468098379826794,0.004436697214259766,-3.1401165567028024e-05,-4.07710792690826e-05,-2.547930998844095e-05,-0.70278590347971,-0.04748928037028689,-0.061659788082570416,-0.03853341345243077,0.5111892349052493,share,3,True,0.33767495951673077,48,23.76631312189805
embed,|RQE| Q700,120,0.2333465547611316,0.22683595182995,-0.00651060293118159,-0.007977394115490217,-0.005282236138979595,-2.790100302893376,-0.1783826663203688,-0.21857097532306488,-0.1447268980407599,1.1734541131429566,share,1,True,0.628200902184559,48,10.960782954484726
b0-5_attn,|RQE| Q700,120,0.2333465547611316,0.23321268366028866,-0.00013387110084295273,-0.0002995798209061225,-2.3277864481012593e-06,-0.05737007815692488,-0.003667906669171563,-0.00820812569801643,-6.37785405784781e-05,0.02412857850119702,share,10,True,0.05339478234052059,48,43.13392396599799
b0-5_mlp,|RQE| Q700,120,0.2333465547611316,0.23264154714221755,-0.0007050076189140478,-0.000865262746810913,-0.0005327464314177632,-0.30212900277689486,-0.01931635828008303,-0.023707155462451883,-0.014596609548067602,0.12706873679081337,share,6,True,0.1765645036094272,48,33.59348654960629
b6-11_attn,|RQE| Q700,120,0.2333465547611316,0.23399309348315,0.0006465387220184008,0.00013155520427972077,0.0011597699796160063,0.2770723239004917,0.01771438103845091,0.0036044538970952723,0.0317762983657608,-0.11653045511730997,share,7,True,0.3384311856152889,48,23.72576448588049
b6-11_mlp,|RQE| Q700,120,0.2333465547611316,0.23323402646929026,-0.00011252829184134801,-0.00039918919404347735,0.00014429552635798849,-0.048223678278232616,-0.003083139449189732,-0.010937302359311778,0.003953523352892848,0.020281806201659428,share,11,False,0.1441066920923473,48,35.90825843736198
b12-17_attn,|RQE| Q700,120,0.2333465547611316,0.23243464374293885,-0.0009119110181927681,-0.0012456079324086506,-0.0006902530711765097,-0.39079686397181146,-0.024985261824687258,-0.034128154722612054,-0.01891210147106034,0.16436046652356337,share,5,True,0.0753889077028148,48,41.270029951368755
b12-17_mlp,|RQE| Q700,120,0.2333465547611316,0.23295270403226218,-0.00039385072886943817,-0.0007712415419518948,8.432262111455196e-05,-0.16878360568580447,-0.01079103485354166,-0.021131087870757816,0.002310338096875175,0.07098662944759197,share,8,False,0.16955109890276412,48,34.08277525459483
b18-23_attn,|RQE| Q700,120,0.2333465547611316,0.2375510735437274,0.004204518782595794,0.003881991025991738,0.004715839548346897,1.8018345232908224,0.11519874256828486,0.10636187111513407,0.12920831472370134,-0.7578115132154786,share,2,True,0.43052938923880585,48,19.10802359054101
b18-23_mlp,|RQE| Q700,120,0.2333465547611316,0.23312512583409747,-0.00022142892703413963,-0.0008094880225447317,0.00021361849503591628,-0.09489273465417494,-0.006066885482392589,-0.022178995300781705,0.005852889067669728,0.03990977301850073,share,9,False,-0.07945647898002431,48,56.286215488900076
adaln,|RQE| Q700,120,0.2333465547611316,0.2323655914515257,-0.0009809633096059163,-0.001065218208047251,-0.0008938673262794813,-0.42038902636042463,-0.026877211308937707,-0.029185693886263228,-0.02449088643307184,0.17680627165669854,share,4,True,-0.07943812506910237,48,56.28413625885417
head,|RQE| Q700,120,0.2333465547611316,0.2312929444015026,-0.0020536103596289954,-0.0024287877216314273,-0.0016267602642377216,-0.8800688579830123,-0.05626644650363708,-0.06654585363143284,-0.044571268815818806,0.3701373818633846,share,3,True,0.15910672137949647,48,34.822399550704695
embed,Vag/Vg 850hPa,120,0.2852677746365468,0.2871781662106514,0.001910391574104627,0.0018670176776746908,0.0019526986250032981,0.6696836249865984,0.24481659567791314,0.23925823276991082,0.25023824237829667,0.6518479095198364,share,1,True,-0.15597782860508913,48,65.74108791637703
b0-5_attn,Vag/Vg 850hPa,120,0.2852677746365468,0.2852930414179961,2.5266781449317932e-05,1.3147310043374698e-05,4.1586967806021363e-05,0.008857215464140583,0.0032379369245590533,0.0016848272002296593,0.005329368083927451,0.00862132082829761,share,10,True,0.25094934590996154,48,28.741716452290074
b0-5_mlp,Vag/Vg 850hPa,120,0.2852677746365468,0.2852898358056943,2.2061169147491455e-05,1.2051314115524292e-06,3.891323382655779e-05,0.0077334950208095155,0.002827137849943047,0.00015443753705784795,0.004986729192784194,0.0075275284843609935,share,11,True,0.24775603679860053,48,28.93811704274311
b6-11_attn,Vag/Vg 850hPa,120,0.2852677746365468,0.28540124744176865,0.00013347280522187552,0.00010984319572647413,0.00016447637851039568,0.04678860253035247,0.01710453408239915,0.01407640067128213,0.0210776406272726,0.0455424794795828,share,5,True,0.0899607278057666,48,40.07656785328454
b6-11_mlp,Vag/Vg 850hPa,120,0.2852677746365468,0.285340807090203,7.30324536561966e-05,5.679990475376447e-05,9.682970121502877e-05,0.025601368310614683,0.009359105704020342,0.007278905280538451,0.012408721925547263,0.024919525864852264,share,6,True,0.15940400449977934,48,34.80116303498439
b12-17_attn,Vag/Vg 850hPa,120,0.2852677746365468,0.28522181635101634,-4.5958285530408226e-05,-6.18483405560255e-05,-2.790717408061029e-05,-0.016110577365060823,-0.0058895522568567565,-0.00792586210518175,-0.0035763031234096773,-0.015681503600722874,share,9,True,0.2985753929809942,48,25.92716704697718
b12-17_mlp,Vag/Vg 850hPa,120,0.2852677746365468,0.28533045885463554,6.268421808878581e-05,3.375639207661152e-05,8.506014322241144e-05,0.02197381676519556,0.008032979774013566,0.004325880150742494,0.01090045358965031,0.0213885870702771,share,7,True,0.35752782392020804,48,22.716782601755817
b18-23_attn,Vag/Vg 850hPa,120,0.2852677746365468,0.28497047411898774,-0.0002973005175590515,-0.0003259262846161922,-0.0002681157241264979,-0.10421805194709965,-0.03809904816828011,-0.041767438949831114,-0.03435901818145941,-0.10144240767019816,share,4,True,0.37585299940505584,48,21.774896040138128
b18-23_mlp,Vag/Vg 850hPa,120,0.2852677746365468,0.28611399481693905,0.0008462201803922653,0.0007964404765516519,0.0008940718912829955,0.2966406498141668,0.10844307866814214,0.10206381182394789,0.11457527330113139,0.2887402054422938,share,2,True,0.18828041388508834,48,32.789011480991725
adaln,Vag/Vg 850hPa,120,0.2852677746365468,0.28532918977240723,6.141513586044312e-05,5.232874924937884e-05,6.938424582282703e-05,0.02152894274114584,0.007870346942614162,0.006705926900520584,0.008891588031623971,0.020955561397023866,share,8,True,0.2667052305182093,48,27.787166332870022
head,Vag/Vg 850hPa,120,0.2852677746365468,0.2855872505654891,0.0003194759289423625,0.0002774417089919249,0.00036044918621579803,0.11199159433602325,0.04094082615568768,0.03555414272924625,0.04619154726202376,0.10900891693923558,share,3,True,0.19632114124620706,48,32.24601145140414
embed,|Vag| 850hPa,120,2.567225699623426,2.5879820187886557,0.020756319165229797,0.020126859347025555,0.021387514596184095,0.8085116617629078,0.1630251899024669,0.1580812590647382,0.1679827526657756,0.7216714528271505,share,1,True,0.2128020330010583,48,31.15554013580404
b0-5_attn,|Vag| 850hPa,120,2.567225699623426,2.5669565002123513,-0.0002691994110743205,-0.0005120510856310527,1.978625853856341e-06,-0.010486004838367272,-0.00211435778967689,-0.004021774034704795,1.5540609729648543e-05,-0.009359729369341067,share,9,False,0.43696035837411,48,18.80768849366308
b0-5_mlp,|Vag| 850hPa,120,2.567225699623426,2.5688990900913873,0.0016733904679616292,0.0015027752767006557,0.0018259122967720033,0.06518283406897533,0.013143216610265601,0.011803163312079677,0.014341160229659138,0.058181709413293474,share,6,True,0.013354014222150146,48,46.73490868212481
b6-11_attn,|Vag| 850hPa,120,2.567225699623426,2.5679988165696463,0.000773116946220398,0.0004237152636051178,0.0012274450312058126,0.030114880290182618,0.006072248936387959,0.0033279629573971905,0.009640652454524522,0.026880316560115275,share,8,True,0.2883072727692797,48,26.51638442872661
b6-11_mlp,|Vag| 850hPa,120,2.567225699623426,2.5662657817204795,-0.0009599179029464722,-0.0011879714826742807,-0.0006798673421144485,-0.03739125481204391,-0.007539429181681398,-0.009330617583011406,-0.005339843816930742,-0.03337515395189303,share,7,True,0.28984994429920985,48,26.427262197664312
b12-17_attn,|Vag| 850hPa,120,2.567225699623426,2.5671957035859427,-2.9996037483215332e-05,-0.00018013877173264823,0.00014731722573439252,-0.001168422296785799,-0.00023559618967578904,-0.0014148538205033417,0.0011570653982564173,-0.0010429249896018358,share,11,False,0.2922864515233579,48,26.286935289644504
b12-17_mlp,|Vag| 850hPa,120,2.567225699623426,2.5670232474803925,-0.00020245214303334555,-0.0004496411730845769,-2.5069216887156245e-05,-0.007886028215713261,-0.0015901084773961725,-0.003531591369671906,-0.00019689973984313272,-0.0070390097120684265,share,10,True,0.3774098712390977,48,21.69603021186411
b18-23_attn,|Vag| 850hPa,120,2.567225699623426,2.564435119430224,-0.0027905801932017007,-0.0031597159802913663,-0.0024202186614274983,-0.10870022817281072,-0.02191789701792887,-0.024817179463483954,-0.01900898727485644,-0.097025009406876,share,4,True,0.38260755047767997,48,21.43401977432624
b18-23_mlp,|Vag| 850hPa,120,2.567225699623426,2.5719790905714035,0.004753390947977702,0.004159831628203392,0.005385387564698855,0.18515672185250226,0.03733429110460263,0.032672331531988084,0.042298146576206515,0.16526950293908318,share,3,True,0.39568226133917267,48,20.783563895042224
adaln,|Vag| 850hPa,120,2.567225699623426,2.569433882832527,0.002208183209101359,0.002134554460644722,0.002261793985962868,0.08601437767724383,0.017343609150423385,0.01676531101365491,0.017764681259071005,0.07677578919147703,share,5,True,0.13199842079912627,48,36.805772018859784
head,|Vag| 850hPa,120,2.567225699623426,2.5725748588641486,0.005349159240722656,0.004933492715160052,0.005766769250233968,0.2083634189821058,0.04201360048934726,0.03874885428234839,0.04529361129298721,0.18598362695842455,share,2,True,0.19987859402407912,48,32.00809455066708
embed,Vag/Vg 500hPa,120,0.1675231410190463,0.16921232361346483,0.0016891825944185257,0.001646646469210585,0.0017296181758865714,1.0083279146649218,0.2508015804426947,0.24448602434869396,0.25680525806275456,0.6323913682598001,share,1,True,0.07904553056991921,48,40.967515531337874
b0-5_attn,Vag/Vg 500hPa,120,0.1675231410190463,0.1674428383509318,-8.030266811450322e-05,-9.50980077808102e-05,-5.968811456114055e-05,-0.04793526889838659,-0.011922947905945882,-0.014119687668572687,-0.008862199690573894,-0.030063484155970988,share,5,True,0.3644556490924544,48,22.35772842001339
b0-5_mlp,Vag/Vg 500hPa,120,0.1675231410190463,0.1675716880708933,4.854705184698105e-05,3.945633458594481e-05,6.174743175506592e-05,0.02897931088903208,0.007208029119698318,0.005858283826348065,0.009167957048349114,0.018174906989886455,share,6,True,0.21824102083793323,48,30.802140428639532
b6-11_attn,Vag/Vg 500hPa,120,0.1675231410190463,0.16756176855415106,3.862753510475159e-05,3.869947977364064e-06,6.988685733328262e-05,0.023058029398075747,0.00573522772783025,0.000574590972083765,0.010376459199423642,0.014461266566511225,share,7,True,0.4612935794129953,48,17.69521782102362
b6-11_mlp,Vag/Vg 500hPa,120,0.1675231410190463,0.16754648896555105,2.3347946504751842e-05,4.812477466960748e-06,4.13808428371946e-05,0.013937147048894774,0.0034665890489470642,0.0007145331467105806,0.00614402541081816,0.008740937708560315,share,10,True,0.20811315627492022,48,31.462755207471712
b12-17_attn,Vag/Vg 500hPa,120,0.1675231410190463,0.16748900959889093,-3.4131420155366264e-05,-4.818620315442483e-05,-2.0609392474095045e-05,-0.020374152459024,-0.005067666542388344,-0.007154452068470808,-0.003059981923532734,-0.01277802385841673,share,8,True,0.18282703332048095,48,33.1614862491812
b12-17_mlp,Vag/Vg 500hPa,120,0.1675231410190463,0.16720716282725334,-0.00031597819179296494,-0.0003313591548552116,-0.0002993460434178511,-0.1886176380593534,-0.04691489845381713,-0.04919858871766932,-0.04444543830639484,-0.11829501541661111,share,4,True,-0.02687557858373604,48,50.65131106285844
b18-23_attn,Vag/Vg 500hPa,120,0.1675231410190463,0.16753944009542465,1.629907637834549e-05,-2.299514599144459e-05,4.5915599912405014e-05,0.009729447692538423,0.0024200072443041087,-0.0034142069520613737,0.00681732399034678,0.006102001788516563,share,11,False,0.47129436818589576,48,17.2486695224477
b18-23_mlp,Vag/Vg 500hPa,120,0.1675231410190463,0.16787514028449854,0.000351999265452226,0.00030280974848816795,0.0004024373289818565,0.21011978602538614,0.05226313151804383,0.0449597123160213,0.059751928815327676,0.13178048237135948,share,3,True,0.4037811681352104,48,20.38672734691751
adaln,Vag/Vg 500hPa,120,0.1675231410190463,0.1675567151978612,3.3574178814888e-05,2.4483523642023405e-05,4.47792001068592e-05,0.020041517017085318,0.0049849300701196,0.0036351939953177897,0.006648596898209195,0.012569405432605114,share,9,True,0.481276066963997,48,16.808986076957467
head,Vag/Vg 500hPa,120,0.1675231410190463,0.16835213794062534,0.000828996921579043,0.0007650994385282199,0.0008889555775870879,0.49485516838822363,0.1230854135018622,0.11359822733950815,0.1319877818649544,0.3103575062002093,share,2,True,-0.01163572642470509,48,49.13018020444118
embed,|Vag| 500hPa,120,2.585757330060005,2.6142824490865073,0.028525119026501972,0.02739258781075478,0.029614002009232837,1.1031630344770218,0.20473176278740518,0.19660330898511724,0.21254694253535225,0.7103292037040995,share,1,True,0.3624351733067333,48,22.462068126882496
b0-5_attn,|Vag| 500hPa,120,2.585757330060005,2.5840821961561837,-0.0016751339038213093,-0.0019350389639536541,-0.001325050989786784,-0.06478310568232774,-0.012022846134862932,-0.013888248381522259,-0.009510215353359431,-0.0417139900763824,share,6,True,0.3219996152775924,48,24.617267728812465
b0-5_mlp,|Vag| 500hPa,120,2.585757330060005,2.5874867538611093,0.0017294238011042278,0.0015460908412933349,0.0019612076381842294,0.06688268001793095,0.012412498018942801,0.011096672482711222,0.014076067363103281,0.04306591079826701,share,5,True,0.2536084102234368,48,28.57893742344106
b6-11_attn,|Vag| 500hPa,120,2.585757330060005,2.586115315556526,0.0003579854965209961,-0.000259258970618248,0.001003744825720787,0.01384451248999026,0.0025693495507231787,-0.0018607651040406896,0.007204122351518677,0.008914513290728905,share,9,False,0.4328898025459358,48,18.997475890629364
b6-11_mlp,|Vag| 500hPa,120,2.585757330060005,2.5844521870215735,-0.0013051430384318035,-0.0015937991440296171,-0.0010156093786160153,-0.050474304887748934,-0.009367331112609924,-0.011439086651420549,-0.007289277152333626,-0.03250052048329347,share,8,True,0.09588610317772298,48,39.60034434384228
b12-17_attn,|Vag| 500hPa,120,2.585757330060005,2.5854305773973465,-0.0003267526626586914,-0.0005840064336856207,-4.853097101052698e-05,-0.012636632945409025,-0.002345183855655089,-0.004191557151314897,-0.00034831866031964724,-0.008136756886409567,share,10,True,0.20242856371418616,48,31.838422752920334
b12-17_mlp,|Vag| 500hPa,120,2.585757330060005,2.5802584290504456,-0.005498901009559631,-0.005884496495127678,-0.0051017750054597865,-0.2126611397610163,-0.03946695878936151,-0.042234471990966985,-0.03661668823334589,-0.13693299480149992,share,3,True,0.3194065023431485,48,24.75998703167867
b18-23_attn,|Vag| 500hPa,120,2.585757330060005,2.5855469902356467,-0.00021033982435862222,-0.0008373594532410304,0.0002630983789761861,-0.008134553924042866,-0.0015096604149249977,-0.006009933798679643,0.0018883214777915256,-0.005237857896582542,share,11,False,0.4424454131000719,48,18.55364503096094
b18-23_mlp,|Vag| 500hPa,120,2.585757330060005,2.5884163081645966,0.0026589781045913696,0.0019130001465479532,0.0034607169528802235,0.10283169552224243,0.019084136829029083,0.013730070393447017,0.024838412825312267,0.06621356419043276,share,4,True,0.3432208702714998,48,23.470003276971052
adaln,|Vag| 500hPa,120,2.585757330060005,2.587357148528099,0.001599818468093872,0.0014436206469933192,0.0017892507215340931,0.06187040251208518,0.011482288813883695,0.010361218811414736,0.012841890473725144,0.03983849383613207,share,7,True,0.5633965471636494,48,13.404766547658971
head,|Vag| 500hPa,120,2.585757330060005,2.598943442106247,0.01318611204624176,0.012175192683935167,0.01415425675610701,0.50995164522789,0.09463995438655903,0.08738433862949033,0.101588565990944,0.3283590319485707,share,2,True,0.04909371466936432,48,43.50755424195412
embed,Vag/Vg 250hPa,120,0.20738201619436344,0.20893688779324293,0.0015548715988794963,0.0014269887236878275,0.0016761530578757325,0.7497620224804031,0.1281193980767837,0.11758201543651153,0.13811283260582752,0.37440561910429443,share,2,True,0.4453218797389264,48,18.42119056368317
b0-5_attn,Vag/Vg 250hPa,120,0.20738201619436344,0.2074551321566105,7.311596224705379e-05,5.223970705022415e-05,9.22392898549636e-05,0.03525665512795851,0.006024660222521286,0.0043044839379698125,0.007600397552932469,0.017605972821962888,share,9,True,0.3320399627747308,48,24.069909824646256
b0-5_mlp,Vag/Vg 250hPa,120,0.20738201619436344,0.2074325680732727,5.0551878909269966e-05,3.0170544050633907e-05,6.559800822287798e-05,0.02437621151387183,0.004165409093698465,0.002486013601510177,0.005405190585902766,0.012172649840379132,share,10,True,0.20577130009245906,48,31.617088242719557
b6-11_attn,Vag/Vg 250hPa,120,0.20738201619436344,0.20750854443758726,0.00012652824322382608,8.73206260924538e-05,0.00015304785532255967,0.06101215792272014,0.01042576272743781,0.0071951060542331715,0.012610944283116134,0.03046739375298525,share,6,True,-0.07011724333013275,48,55.2388215733766
b6-11_mlp,Vag/Vg 250hPa,120,0.20738201619436344,0.20726973315080008,-0.00011228304356336594,-0.00013685344407955805,-8.959760113308827e-05,-0.054143095734073464,-0.009251976797270335,-0.01127654585294578,-0.007382725837019208,-0.027037218038165844,share,7,True,0.13217434652673532,48,36.79259426298354
b12-17_attn,Vag/Vg 250hPa,120,0.20738201619436344,0.20752130759259066,0.0001392913982272148,0.00010282347599665324,0.00016860920780648785,0.06716657537781268,0.01147743010484264,0.008472520729266212,0.013893179494652758,0.03354070022678764,share,5,True,0.369479377848257,48,22.099631694225575
b12-17_mlp,Vag/Vg 250hPa,120,0.20738201619436344,0.20736583570639291,-1.618048797051112e-05,-5.630250088870525e-05,2.0827236585319036e-05,-0.0078022618679463385,-0.0013332511706204149,-0.004639252867745991,0.0017161372146978447,-0.0038961838523351336,share,11,False,0.41958443181163374,48,19.625424630423353
b18-23_attn,Vag/Vg 250hPa,120,0.20738201619436344,0.20781645427147546,0.0004344380771120389,0.0003366185817867517,0.0005273280199617147,0.2094868615342581,0.03579713269014663,0.02773693346193895,0.043451143203853126,0.10461060407870894,share,4,True,0.600393413342188,48,11.985250626293205
b18-23_mlp,Vag/Vg 250hPa,120,0.20738201619436344,0.20903409334520498,0.001652077150841554,0.0015825464623048903,0.0017320360677937666,0.7966347232795669,0.13612900917012102,0.13039977083970114,0.14271751996301962,0.39781224952249494,share,1,True,0.2781673223210069,48,27.10753742763107
adaln,Vag/Vg 250hPa,120,0.20738201619436344,0.20747617073357105,9.415453920761745e-05,8.104584024598201e-05,0.00010424699479093155,0.0454014966849264,0.007758211609350884,0.006678071859068744,0.008589816827031041,0.02267196118889276,share,8,True,0.40756804994461154,48,20.202741603702677
head,Vag/Vg 250hPa,120,0.20738201619436344,0.207974877829353,0.0005928616349895796,0.0005199260621642072,0.0006727642069260279,0.2858790004403927,0.04885102787421196,0.04284123150549179,0.05543489591107232,0.14275823653311237,share,3,True,0.3221678192524953,48,24.608029481669618
embed,|Vag| 250hPa,120,5.324753324190776,5.3671343723932905,0.04238104820251465,0.0397073154648145,0.044766247769196826,0.7959250996656351,0.11101029964175305,0.1040068892740867,0.11725794404491949,0.4135392045560291,share,1,True,0.22878549157100408,48,30.125922431964796
b0-5_attn,|Vag| 250hPa,120,5.324753324190776,5.325622071822484,0.0008687476317087809,0.00037448406219482423,0.00127797598640124,0.016315265305568084,0.0022755438810343745,0.0009809004193728672,0.003347451353903722,0.008476930604927012,share,11,True,0.20413311775004736,48,31.72540459594566
b0-5_mlp,|Vag| 250hPa,120,5.324753324190776,5.327124714851379,0.0023713906606038413,0.0018314480781555175,0.002795718361934026,0.044535220999448476,0.006211474207607434,0.004797181961211934,0.007322931976322205,0.02313918718554776,share,9,True,0.21924166938765752,48,30.737466418953918
b6-11_attn,|Vag| 250hPa,120,5.324753324190776,5.327275683482488,0.002522359291712443,0.0015154488384723664,0.0034000247716903685,0.0473704440026013,0.006606912114093115,0.003969473073121919,0.008905814855998201,0.02461228542802727,share,8,True,-0.17480487611535342,48,68.33612126556841
b6-11_mlp,|Vag| 250hPa,120,5.324753324190776,5.318924576044083,-0.005828748146692912,-0.006465093791484832,-0.0052800868948300675,-0.10946512996597323,-0.015267462834066964,-0.016934267306823826,-0.013830333443588607,-0.05687485266109571,share,5,True,0.008054107054806478,48,47.232983356894955
b12-17_attn,|Vag| 250hPa,120,5.324753324190776,5.328943838675817,0.004190514485041301,0.003264236698547999,0.004983782768249512,0.07869875334888213,0.010976374779940897,0.008550139965295137,0.013054212718126141,0.04088955088000099,share,6,True,0.4068880537689661,48,20.235706275863198
b12-17_mlp,|Vag| 250hPa,120,5.324753324190776,5.32386381427447,-0.000889509916305542,-0.002127213031053543,0.00025880162914593876,-0.016705185426420188,-0.0023299273267509686,-0.005571890408436953,0.0006778890003376523,-0.008679521598332433,share,10,False,0.5390674502277693,48,14.375433893941942
b18-23_attn,|Vag| 250hPa,120,5.324753324190776,5.33531180024147,0.010558476050694784,0.008292492479085922,0.012602067490418749,0.19829042601329142,0.027656219934606423,0.02172084254456197,0.03300907711230167,0.10302585642676791,share,4,True,0.5406171176557192,48,14.312692037382039
b18-23_mlp,|Vag| 250hPa,120,5.324753324190776,5.3620248436927795,0.03727151950200399,0.0357695626715819,0.03904438043634097,0.6999670638764903,0.09762671579641129,0.09369258285572954,0.10227043821222989,0.36368223961338275,share,2,True,0.2214753739591751,48,30.593479694015162
adaln,|Vag| 250hPa,120,5.324753324190776,5.328542063633601,0.0037887394428253174,0.0034160681068897245,0.004105904946724573,0.0711533325987661,0.009923990053356245,0.00894783777716861,0.010754753781889862,0.03696917282388193,share,7,True,0.3692179802654098,48,22.113014424037374
head,|Vag| 250hPa,120,5.324753324190776,5.339639097452164,0.014885773261388143,0.013198674470186234,0.016731919596592582,0.2795579880435193,0.03899087493659123,0.034571792580684546,0.04382655660435633,0.145250084526003,share,3,True,0.2983537337159303,48,25.939788138664568
embed,div/vort 850hPa,120,0.25756708936144906,0.25764169823378325,7.46088723341624e-05,4.1367330898841224e-05,0.00011497180288036664,0.028966772315178153,0.008369882176387258,0.004640730716638731,0.01289793577639781,0.35354171325009126,colmax,5,True,-0.2447524164993719,48,79.11063510462748
b0-5_attn,div/vort 850hPa,120,0.25756708936144906,0.2575531095887224,-1.3979772726694742e-05,-2.9136201677223048e-05,1.8950241307417547e-06,-0.005427623832436389,-0.0015682994115102065,-0.0032686002009730216,0.0002125903823432615,-0.06624457180516163,colmax,11,False,0.16519444633195063,48,34.38968208457346
b0-5_mlp,div/vort 850hPa,120,0.25756708936144906,0.2576703776915868,0.00010328833013772964,9.379992261528968e-05,0.000113590892093877,0.040101524769254604,0.011587243264803216,0.010522800786049853,0.012743020412883754,0.48944223459216457,colmax,3,True,-0.04987506216992286,48,53.03934354070064
b6-11_attn,div/vort 850hPa,120,0.25756708936144906,0.25749968737363815,-6.740198781092961e-05,-9.52369999140501e-05,-3.7640480635066854e-05,-0.02616871121929054,-0.007561388864115773,-0.010684017103797065,-0.004222639722619696,-0.3193911595447966,colmax,6,True,-0.042796668541197506,48,52.29217079060259
b6-11_mlp,div/vort 850hPa,120,0.25756708936144906,0.2575148856267333,-5.2203734715779625e-05,-7.143171969801188e-05,-3.3602731612821426e-05,-0.020268014382272683,-0.005856396096987839,-0.008013458169576453,-0.0037696710271185496,-0.2473726948560131,colmax,7,True,0.05928787200465508,48,42.62692261200374
b12-17_attn,div/vort 850hPa,120,0.25756708936144906,0.2575928770626585,2.578770120938619e-05,1.010929699987173e-05,3.936070327957471e-05,0.010012032699254441,0.002892953799860762,0.0011340960146945973,0.004415620267710864,0.12219763925011475,colmax,9,True,-0.08714486338147404,48,57.16455037500384
b12-17_mlp,div/vort 850hPa,120,0.25756708936144906,0.2575239520519972,-4.313730945189794e-05,-7.77265445018808e-05,-1.0365728909770655e-05,-0.016747989643724433,-0.004839293052194013,-0.00871963345786396,-0.0011628634361147598,-0.20441051863533125,colmax,8,True,0.49642613176190387,48,16.152849220140823
b18-23_attn,div/vort 850hPa,120,0.25756708936144906,0.25748275127261877,-8.433808883031209e-05,-0.00010469449528803428,-6.710054973761241e-05,-0.03274412466258791,-0.009461339441370599,-0.011744991750477655,-0.007527572495120917,-0.399644592988361,colmax,4,True,-0.06042893525538047,48,54.174283140672614
b18-23_mlp,div/vort 850hPa,120,0.25756708936144906,0.25735605663309497,-0.00021103272835413614,-0.0002573794142032663,-0.00017294531377653286,-0.081933110661506,-0.02367438370834194,-0.028873715740674946,-0.019401605385276664,-1.0,colmax,1,True,0.11394009604746101,48,38.18057680177964
adaln,div/vort 850hPa,120,0.25756708936144906,0.2575818623105685,1.4772949119408926e-05,6.434926763176918e-06,2.0940058554212246e-05,0.005735573265991972,0.0016572806914091358,0.0007218924122085981,0.002349128426447946,0.07000311863768492,colmax,10,True,0.2157815860853086,48,30.961551234798765
head,div/vort 850hPa,120,0.25756708936144906,0.2577740053335826,0.00020691597213347754,0.0001784711688136061,0.00023207721145202713,0.08033478681086784,0.023212551711183547,0.020021514976952953,0.026035226842432157,0.9804923328586729,colmax,2,True,0.14622855506876586,48,35.75293005524597
embed,div/vort 500hPa,120,0.19044145289808512,0.19056822018076977,0.00012676728268464407,9.143286539862552e-05,0.00015866868974020082,0.06656496301384746,0.01608931028598126,0.01160466415766318,0.020138238572573137,0.1568619587412322,share,3,True,-0.1965874389896611,48,71.49029011853426
b0-5_attn,div/vort 500hPa,120,0.19044145289808512,0.1904531472052137,1.1694307128588358e-05,3.490465072294076e-06,2.3113532612721122e-05,0.006140631123438538,0.00148424208507715,0.0004430100133188563,0.0029335707931543832,0.01447054700127396,share,9,True,0.04737598095295133,48,43.65762987294662
b0-5_mlp,div/vort 500hPa,120,0.19044145289808512,0.19046218693256378,2.0734034478664398e-05,6.603597042461236e-06,3.670023288577795e-05,0.010887353652862664,0.0026315647629471138,0.0008381288891713164,0.004657995517155489,0.02565631440584249,share,7,True,0.15059228343712158,48,35.43528926964707
b6-11_attn,div/vort 500hPa,120,0.19044145289808512,0.19035329452405372,-8.815837403138478e-05,-0.00011495195794850588,-6.380408691863219e-05,-0.04629158866928136,-0.011189065538519748,-0.01458970863969319,-0.00809801811798198,-0.10908725766731556,share,5,True,0.06070136658960878,48,42.50615283796738
b6-11_mlp,div/vort 500hPa,120,0.19044145289808512,0.19044532409558693,3.871197501818339e-06,-1.795849141975244e-05,2.2939941845834232e-05,0.0020327494056086694,0.0004913325936000016,-0.0022792926897338135,0.0029115386437537165,0.0047902235493996895,share,11,False,-0.0024489071345878415,48,48.235672224311976
b12-17_attn,div/vort 500hPa,120,0.19044145289808512,0.19044974818825722,8.295290172100067e-06,-6.007317764063676e-06,2.395984095831712e-05,0.004355821721513171,0.0010528386714984477,-0.0007624490913239063,0.003040984293558765,0.010264600117362398,share,10,False,0.23958935481211693,48,29.445001949496902
b12-17_mlp,div/vort 500hPa,120,0.19044145289808512,0.19053826729456583,9.681439648071925e-05,8.264520826439063e-05,0.00011553468648344277,0.0508368293811167,0.012287688369902976,0.010489334245044892,0.014663668576457147,0.11979822825495882,share,4,True,0.08494436466093312,48,40.48379983982121
b18-23_attn,div/vort 500hPa,120,0.19044145289808512,0.19050535187125206,6.38989731669426e-05,4.8716366291046145e-05,7.931805836657682e-05,0.0335530800645268,0.00811006108568317,0.006183083810449984,0.010067052202389876,0.07906865147101734,share,6,True,-0.15561218000522298,48,65.6918341628777
b18-23_mlp,div/vort 500hPa,120,0.19044145289808512,0.1907065398991108,0.00026508700102567673,0.00021902075968682766,0.0003135750768706202,0.13919606104220295,0.03364485632221406,0.02779812651217751,0.039798965497057096,0.3280189125862183,share,2,True,0.21338009984095044,48,31.11782961710321
adaln,div/vort 500hPa,120,0.19044145289808512,0.19042741196850935,-1.404092957576116e-05,-2.202408698697885e-05,-6.076685773829629e-06,-0.007372832627608221,-0.001782075531349998,-0.0027952982961736163,-0.0007712532828267079,-0.017374259897016724,share,8,True,-0.08559199260101355,48,56.98595727860028
head,div/vort 500hPa,120,0.19044145289808512,0.19081754175325236,0.00037608885516722995,0.0003325087173531453,0.0004266096046194434,0.19748266432754752,0.04773321757584709,0.04220202415789769,0.0541453137934419,0.4653727147330067,share,1,True,0.30992670260067795,48,25.286543292388266
embed,div/vort 250hPa,120,0.23001563331733146,0.23010661701361337,9.098369628190994e-05,5.320725807299217e-05,0.00012812574859708545,0.03955544019757478,0.009941121549573108,0.0058135670613361085,0.013999361341477197,0.18691300900614083,share,2,True,0.13689251956102144,48,36.44069984475547
b0-5_attn,div/vort 250hPa,120,0.23001563331733146,0.23002878235032162,1.3149032990137735e-05,5.2978827928503355e-06,2.3502297699451445e-05,0.005716582303776379,0.0014366984477008537,0.0005788608173922766,0.0025679237893410705,0.02701281023022496,share,9,True,-0.10848344074104904,48,59.68167904788825
b0-5_mlp,div/vort 250hPa,120,0.23001563331733146,0.23000255910058817,-1.3074216743310293e-05,-3.070016391575337e-05,1.6745800773302711e-06,-0.005684055711671127,-0.0014285238248399627,-0.0033543818678534332,0.0001829690897768426,-0.026859110936961098,share,10,False,0.17076539296618834,48,33.99764066887864
b6-11_attn,div/vort 250hPa,120,0.23001563331733146,0.22999411883453527,-2.151448279619217e-05,-6.023660923043887e-05,1.8136265377203614e-05,-0.0093534871895036,-0.002350729826258671,-0.006581612734643228,0.0019816167724320414,-0.044198432037616406,share,8,False,-0.064420639251751,48,54.610215688407244
b6-11_mlp,div/vort 250hPa,120,0.23001563331733146,0.23007048200815916,5.4848690827687584e-05,3.952095285058022e-05,7.74861934284369e-05,0.023845636071187337,0.005992914386150413,0.004318164815212961,0.008466348354314783,0.11267880138530896,share,4,True,0.024453785339035885,48,45.70847311402092
b12-17_attn,div/vort 250hPa,120,0.23001563331733146,0.23001288001736006,-2.75329997142156e-06,-1.9347900524735452e-05,1.8490206760664776e-05,-0.0011970055824958143,-0.00030083290520018115,-0.0021140032632823128,0.002020289352885459,-0.005656261543390905,share,11,False,0.011038262796124357,48,46.95189601875472
b12-17_mlp,div/vort 250hPa,120,0.23001563331733146,0.2299867169931531,-2.891632417837779e-05,-4.438848700374365e-05,-1.2253240371743844e-05,-0.012571460366124155,-0.0031594747759359654,-0.004850004591356647,-0.0013388217547703795,-0.059404457968281574,share,7,True,0.05219272378717284,48,43.23803826970574
b18-23_attn,div/vort 250hPa,120,0.23001563331733146,0.23005719979604086,4.156647870937983e-05,2.6225973851978778e-05,5.7930297528704e-05,0.018071153734161353,0.004541664431365233,0.002865519917003905,0.0063296189610872544,0.08539239365794624,share,5,True,-0.1347807192485085,48,62.9545315687124
b18-23_mlp,div/vort 250hPa,120,0.23001563331733146,0.2300947935630878,7.916024575630824e-05,4.8278411850333217e-05,0.0001253958170612653,0.03441515892404501,0.00864925978077684,0.005275028164798123,0.013701081733936162,0.1626234186192217,share,3,True,-0.08421294734098607,48,56.8278633348891
adaln,div/vort 250hPa,120,0.23001563331733146,0.22998081458111605,-3.481873621543249e-05,-4.5712656962374847e-05,-2.7697215167184677e-05,-0.015137552049514943,-0.0038043880724261047,-0.0049946869360951865,-0.00302627167078953,-0.07153012046963363,share,6,True,0.1502144618634595,48,35.462696030156536
head,div/vort 250hPa,120,0.23001563331733146,0.2303474365423123,0.00033180322498083115,0.00027853010687977074,0.00038758597802370783,0.1442524667543239,0.036253706156919745,0.03043294305309427,0.042348678674312565,0.6816423349843571,share,1,True,0.36033949477978333,48,22.570618855362152
embed,Hyps 600-500,120,33.37370002269745,33.18333204587301,-0.19036797682444254,-0.21310915847619374,-0.16575792630513508,-0.5704131597484645,-0.10140343163700516,-0.11351699137239435,-0.08829438032991885,-0.1545518391627793,share,4,True,0.3493953096141813,48,23.142977388478023
b0-5_attn,Hyps 600-500,120,33.37370002269745,33.38394061724345,0.010240594546000162,0.001532714565594991,0.018276627858479815,0.03068462453679255,0.00545486402855065,0.0008164320452629724,0.009735423018712165,0.00831391260024905,share,11,True,0.741377101438096,48,7.128782801105813
b0-5_mlp,Hyps 600-500,120,33.37370002269745,33.45069062709808,0.07699060440063477,0.07298547029495239,0.08110782106717428,0.23069244449453752,0.04101063435281029,0.03887721701415182,0.043203754780649875,0.06250546812999633,share,7,True,0.1721470885381804,48,33.90098404776525
b6-11_attn,Hyps 600-500,120,33.37370002269745,33.337833325068154,-0.03586669762929281,-0.04509091873963674,-0.025555734833081562,-0.10746994670923474,-0.019105136702961222,-0.02401860844526995,-0.01361278957368783,-0.02911867939015027,share,8,True,0.35180869262190967,48,23.015965886269417
b6-11_mlp,Hyps 600-500,120,33.37370002269745,33.397828698158264,0.02412867546081543,0.01838886340459188,0.029579062263170877,0.07229847288255578,0.012852636947645128,0.009795207598646596,0.01575589796206235,0.01958906761124983,share,9,True,0.362931725138379,48,22.436396944427337
b12-17_attn,Hyps 600-500,120,33.37370002269745,33.39350517590841,0.019805153210957844,0.007782476147015889,0.029750115672747292,0.05934359449952616,0.010549623593152131,0.004145496533108202,0.01584701309084399,0.01607897979856635,share,10,True,0.6304560081069027,48,10.879233492146849
b12-17_mlp,Hyps 600-500,120,33.37370002269745,33.23279579480489,-0.14090422789255777,-0.1595770517985026,-0.1183775931596756,-0.42220139749781666,-0.07505554494411915,-0.08500200996413923,-0.06305626805284784,-0.1143942795940357,share,5,True,0.6445043452380641,48,10.376251955784713
b18-23_attn,Hyps 600-500,120,33.37370002269745,33.59336749712626,0.21966747442881265,0.2057553420464198,0.23280919293562571,0.6582053361761412,0.11701041371395009,0.10959982928428037,0.12401062129312357,0.17833888211421456,share,2,True,0.5217432289916468,48,15.085544375060245
b18-23_mlp,Hyps 600-500,120,33.37370002269745,33.15495447317759,-0.21874554951985678,-0.2317084143559138,-0.20039460957050326,-0.6554429067531858,-0.11651933138466751,-0.12342426886496158,-0.10674432449711135,-0.1775904096419746,share,3,True,0.5589484086736549,48,13.579972413375947
adaln,Hyps 600-500,120,33.37370002269745,33.464632511138916,0.09093248844146729,0.08819671670595805,0.09349322815736134,0.27246750698791,0.04843706661735749,0.04697980134205336,0.04980109747513297,0.07382430366025976,share,6,True,0.28975697675139633,48,26.43262702234192
head,Hyps 600-500,120,33.37370002269745,34.94652267297109,1.5728226502736409,1.50503671169281,1.6417494972546893,4.712760794290007,0.8377964443107878,0.8016888651712014,0.8745117518556209,1.2769092645284503,share,1,True,0.20430030875475302,48,31.714336450900724
embed,|DryAir Md err|,120,54770494751850.664,53837295010965.336,-933199740885.3334,-1870791707501.3335,-79885105910.93439,-1.703836609680801,-0.029240984443658403,-0.05861959537673441,-0.0025031287910619576,-0.0935322213687548,share,2,True,0.26930485701277773,48,27.63194883373364
b0-5_attn,|DryAir Md err|,120,54770494751850.664,54640960595349.336,-129534156501.33333,-255631759791.46664,632937884.2665298,-0.23650353550431719,-0.0040588376627542526,-0.00800999398507739,1.983254604215947e-05,-0.012982876944654382,share,8,False,0.07232862981492812,48,41.5247942942347
b0-5_mlp,|DryAir Md err|,120,54770494751850.664,54700958751104.0,-69536000746.66667,-237088448785.06665,120782485043.19998,-0.12695886911687443,-0.0021788487791247046,-0.007428955816166573,0.0037846118161841444,-0.006969415367351978,share,9,False,-0.15437184353583921,48,65.52507513634174
b6-11_attn,|DryAir Md err|,120,54770494751850.664,54513453051690.664,-257041700160.0,-500665307030.93335,6034185188.266454,-0.46930688014519845,-0.008054173213356703,-0.015687902399631998,0.00018907582963199087,-0.025762631671498,share,7,False,0.03434806292298085,48,44.81208467555114
b6-11_mlp,|DryAir Md err|,120,54770494751850.664,55092559703936.0,322064952085.3333,51300532847.46667,623991725687.4661,0.5880263699360703,0.010091619019139861,0.00160745660036406,0.019552226114517048,0.03227974577552333,share,6,True,0.11019013346526904,48,38.471674631400646
b12-17_attn,|DryAir Md err|,120,54770494751850.664,54832418014613.336,61923262762.666664,-232036301065.6,318682882516.26666,0.11305952784108146,0.0019403104006714426,-0.007270651257774994,0.009985644875209403,0.006206410125123446,share,10,False,-0.14354213586227096,48,64.08957733916262
b12-17_mlp,|DryAir Md err|,120,54770494751850.664,55271721167594.664,501226415744.0,6555985619.733334,1040774204391.4666,0.9151394706491378,0.015705484242437073,0.00020542598237071962,0.03261173464439625,0.05023664068826162,share,5,True,0.1285028000064619,48,37.06846416282733
b18-23_attn,|DryAir Md err|,120,54770494751850.664,55374316961557.336,603822209706.6666,217464188608.0,1054148588630.9331,1.1024589287396638,0.018920232258120184,0.006814047065751027,0.03303080908725746,0.060519554508314206,share,4,True,0.1304026176636186,48,36.92549335954153
b18-23_mlp,|DryAir Md err|,120,54770494751850.664,61554606970688.0,6784112218837.333,1601438167008.0,12851568727084.266,12.386435889568263,0.21257412659250888,0.05017964158941584,0.4026924834642161,0.6799542027741903,share,1,True,0.1797000764170018,48,33.37661590357125
adaln,|DryAir Md err|,120,54770494751850.664,54805710982485.336,35216230634.666664,-25840766827.2,128469934613.86665,0.06429781362067526,0.0011034692864098272,-0.0008096974610060512,0.004025491215801223,0.0035296326554590182,share,11,False,-0.08690304341458498,48,57.136699128861615
head,|DryAir Md err|,120,54770494751850.664,53911783245760.0,-858711506090.6666,-1542914904464.0,-143210422496.0005,-1.567835948864879,-0.026906961812233284,-0.048345867173643135,-0.004487371302099246,-0.0860664562587336,share,3,True,0.2993853569286661,48,25.881084997689584
embed,neg-q fraction,120,0.005695685371392756,0.0050719334518968635,-0.0006237519194958926,-0.0008219706360250711,-0.00044269074727859944,-10.951305748536592,-0.4955049830778544,-0.6529688059689861,-0.35167101596462436,-1.2018922498484483,share,2,True,0.8215449380204984,48,4.702515318850553
b0-5_attn,neg-q fraction,120,0.005695685371392756,0.005695734233692444,4.8862299687849976e-08,-1.5555963257914604e-05,1.2276648476472467e-05,0.0008578827042179432,3.881593342356454e-05,-0.012357568882677335,0.009752499840807808,9.415156485941021e-05,share,11,False,0.6337445485259963,48,10.760716347371146
b0-5_mlp,neg-q fraction,120,0.005695685371392756,0.005669080320634142,-2.6605050758613896e-05,-3.731551084153277e-05,-2.0050415074971785e-05,-0.4671088556302788,-0.021134901254631324,-0.029643229928684723,-0.015927935885884315,-0.05126461869559535,share,6,True,0.3857212399000886,48,21.278002844873516
b6-11_attn,neg-q fraction,120,0.005695685371392756,0.005717986631376941,2.230125998418468e-05,1.1884187370014842e-05,3.394095075843021e-05,0.3915465572623685,0.017715994301082113,0.009440730966298905,0.02696249855999521,0.04297174998436762,share,8,True,0.0676974681181314,48,41.91311009588198
b6-11_mlp,neg-q fraction,120,0.005695685371392756,0.005665999215731669,-2.968615566108686e-05,-4.0152083905316734e-05,-2.0099312799478267e-05,-0.5212042752605163,-0.02358251349411721,-0.031896587464009515,-0.015966779960582652,-0.057201524038099395,share,5,True,0.1710842228842149,48,33.97531665448072
b12-17_attn,neg-q fraction,120,0.005695685371392756,0.0056922129921683036,-3.4723792244525007e-06,-1.1933231598959536e-05,2.593297297911091e-06,-0.0609650814262482,-0.0027584383391441565,-0.009479691423291081,0.0020601006482766303,-0.00669084222101814,share,10,False,0.07783761511743545,48,41.06722000933355
b12-17_mlp,neg-q fraction,120,0.005695685371392756,0.005662282293997123,-3.340307739563286e-05,-5.443766090138524e-05,-1.4031271363516403e-05,-0.5864628261140216,-0.0265352150147256,-0.043244968713745974,-0.01114636229922778,-0.06436356921409586,share,4,True,0.7497671462513229,48,6.8644430807088135
b18-23_attn,neg-q fraction,120,0.005695685371392756,0.005689572050869174,-6.113320523581933e-06,-4.070111129597838e-05,2.548385787880153e-05,-0.10733248283493324,-0.00485638711145788,-0.03233273170568005,0.020244231997232597,-0.01177960712981977,share,9,False,0.6984134971405102,48,8.523337904242938
b18-23_mlp,neg-q fraction,120,0.005695685371392756,0.006948862338200949,0.0012531769668081931,0.0010141788476479027,0.00149541023298904,22.002215450706263,0.9955166666800769,0.8056579178911867,1.187945397892381,2.414715910313558,share,1,True,0.7030841476376655,48,8.368324567615076
adaln,neg-q fraction,120,0.005695685371392756,0.005672552634678141,-2.313273671461502e-05,-3.286505104824755e-05,-1.3937097802833409e-05,-0.4061449185870043,-0.01837651469446942,-0.026107809939367985,-0.011071551357354733,-0.044573902069192005,share,7,True,0.38395150909743125,48,21.36659223169468
head,neg-q fraction,120,0.005695685371392756,0.005787433747779384,9.174837638662818e-05,2.644976398187282e-05,0.00015547706511824798,1.6108399675207679,0.07288438923862291,0.021011542320932993,0.12351009770466806,0.17678769246014792,share,3,True,0.25712560079442476,48,28.36468459423148
embed,|neg-q mass|,120,414011632810.6667,359041862912.0,-54969769898.666664,-67824899128.53333,-41290810168.53334,-13.277349123135656,-0.4074776225588753,-0.5027695895059706,-0.3060787991657921,-2.144325894260967,share,2,True,0.6622265669746071,48,9.753859736899836
b0-5_attn,|neg-q mass|,120,414011632810.6667,412292490944.0,-1719141866.6666667,-3066953701.8666663,-530628206.93333554,-0.4152399909624893,-0.012743583281540204,-0.02273458675993264,-0.003933418688534824,-0.0670623222072262,share,10,True,0.7731649120153219,48,6.140480306983688
b0-5_mlp,|neg-q mass|,120,414011632810.6667,408753456320.0,-5258176490.666667,-6303716327.466666,-4020816553.0666666,-1.2700552530298839,-0.038977591853878106,-0.04672792604256446,-0.029805341605199584,-0.2051171767012305,share,5,True,0.6567106005964397,48,9.94614941525612
b6-11_attn,|neg-q mass|,120,414011632810.6667,413933729088.0,-77903722.66666667,-1317259308.2666667,1301137854.9333317,-0.01881679559044978,-0.0005774814731663863,-0.009764524978283916,0.009645020539961345,-0.0030389606884184957,share,11,False,0.6790491821303357,48,9.175216200753331
b6-11_mlp,|neg-q mass|,120,414011632810.6667,409596799445.3333,-4414833365.333333,-5337313996.8,-3429311744.000002,-1.0663549077985204,-0.03272609303287733,-0.03956421906577828,-0.025420659373948835,-0.17221904915343622,share,6,True,0.529072935145678,48,14.783139897021249
b12-17_attn,|neg-q mass|,120,414011632810.6667,410202803370.6667,-3808829440.0,-4677202829.866667,-2872269897.066667,-0.9199812609472814,-0.028233932355992957,-0.03467097448021046,-0.021291442754111652,-0.14857933024044917,share,8,True,0.36656583172504065,48,22.24908553349199
b12-17_mlp,|neg-q mass|,120,414011632810.6667,409818540074.6667,-4193092736.0,-5611736596.266666,-2916930140.8,-1.0127958742448089,-0.031082383324213498,-0.041598447490114765,-0.02162249835017664,-0.16356912803923626,share,7,True,0.6442089058329161,48,10.386741282956828
b18-23_attn,|neg-q mass|,120,414011632810.6667,408177609962.6667,-5834022848.0,-7728298579.733334,-3687871021.866667,-1.4091446678426982,-0.04324620176579747,-0.057288010073537815,-0.027337296828132608,-0.22758047348093324,share,4,True,0.6696791442143053,48,9.496076616070066
b18-23_mlp,|neg-q mass|,120,414011632810.6667,508444404992.0,94432772181.33333,73751578778.66667,113410632476.8,22.809207446718954,0.7000073234984917,0.5467026337584076,0.8406856164712772,3.683745430053026,share,1,True,0.689958958911119,48,8.806113245409874
adaln,|neg-q mass|,120,414011632810.6667,411165928576.0,-2845704234.6666665,-3775457265.0666666,-1895777207.4666688,-0.6873488591003062,-0.021094517917489466,-0.027986552486538866,-0.014052938384567611,-0.11100860143771188,share,9,True,0.7945333038166735,48,5.495802945436557
head,|neg-q mass|,120,414011632810.6667,425701701653.3333,11690068842.666666,8876665120.533333,16537116372.8,2.8236087868605124,0.08665565579664064,0.06580057377416727,0.12258564800234763,0.45602005195280054,share,3,True,0.027474485747248492,48,45.43297700495438
embed,EffRes Z500,120,313.96456001268035,313.96456001268035,0.0,0.0,0.0,0.0,nan,nan,nan,0.0,colmax,1,False,0.0,48,48.0
b0-5_attn,EffRes Z500,120,313.96456001268035,313.96456001268035,0.0,0.0,0.0,0.0,nan,nan,nan,0.0,colmax,2,False,0.0,48,48.0
b0-5_mlp,EffRes Z500,120,313.96456001268035,313.96456001268035,0.0,0.0,0.0,0.0,nan,nan,nan,0.0,colmax,3,False,0.0,48,48.0
b6-11_attn,EffRes Z500,120,313.96456001268035,313.96456001268035,0.0,0.0,0.0,0.0,nan,nan,nan,0.0,colmax,4,False,0.0,48,48.0
b6-11_mlp,EffRes Z500,120,313.96456001268035,313.96456001268035,0.0,0.0,0.0,0.0,nan,nan,nan,0.0,colmax,5,False,0.0,48,48.0
b12-17_attn,EffRes Z500,120,313.96456001268035,313.96456001268035,0.0,0.0,0.0,0.0,nan,nan,nan,0.0,colmax,6,False,0.0,48,48.0
b12-17_mlp,EffRes Z500,120,313.96456001268035,313.96456001268035,0.0,0.0,0.0,0.0,nan,nan,nan,0.0,colmax,7,False,0.0,48,48.0
b18-23_attn,EffRes Z500,120,313.96456001268035,313.96456001268035,0.0,0.0,0.0,0.0,nan,nan,nan,0.0,colmax,8,False,0.0,48,48.0
b18-23_mlp,EffRes Z500,120,313.96456001268035,313.96456001268035,0.0,0.0,0.0,0.0,nan,nan,nan,0.0,colmax,9,False,0.0,48,48.0
adaln,EffRes Z500,120,313.96456001268035,313.96456001268035,0.0,0.0,0.0,0.0,nan,nan,nan,0.0,colmax,10,False,0.0,48,48.0
head,EffRes Z500,120,313.96456001268035,313.96456001268035,0.0,0.0,0.0,0.0,nan,nan,nan,0.0,colmax,11,False,0.0,48,48.0
embed,DKE<1000km 500hPa,120,0.5255641937255859,0.5260424017906189,0.00047819316387176514,0.00021672576355437437,0.0007966697836915649,0.09098662875987151,0.016956727175699526,0.007685094481028981,0.02824990650599105,1.0,colmax,1,True,-0.1129884684080415,48,60.228581682252305
b0-5_attn,DKE<1000km 500hPa,120,0.5255641937255859,0.5256269574165344,6.275127331415813e-05,-1.392670286198457e-05,0.000151208850244681,0.011939791784174553,0.0022251598347844148,-0.0004938408131468683,0.005361865065971207,0.13122578500721907,colmax,9,False,0.0961994068750783,48,39.575307373743236
b0-5_mlp,DKE<1000km 500hPa,120,0.5255641937255859,0.5257633924484253,0.0001991645743449529,7.622539997100831e-05,0.00031892219558358185,0.03789538319895675,0.0070623748003585726,0.0027029522979830282,0.011308979444624782,0.4164939806591672,colmax,8,True,-0.05260752526980788,48,53.33076054603435
b6-11_attn,DKE<1000km 500hPa,120,0.5255641937255859,0.5256199836730957,5.574338138103485e-05,-0.00022109770216047764,0.0004253307823091745,0.010606388235395729,0.001976660022230375,-0.007840123401920208,0.015082227392480219,0.11657084540836994,colmax,10,False,0.2418740367562193,48,29.302525987863024
b6-11_mlp,DKE<1000km 500hPa,120,0.5255641937255859,0.5252558588981628,-0.0003083410362402598,-0.00044075117136041324,-0.00018422923361261688,-0.05866857478403845,-0.010933771587752468,-0.01562903431035393,-0.006532767693423333,-0.6448043584390224,colmax,4,True,-0.09421990590252838,48,57.98599000528419
b12-17_attn,DKE<1000km 500hPa,120,0.5255641937255859,0.5255318880081177,-3.2337382435798645e-05,-0.00014839861541986464,0.0001114046356330315,-0.006152888901483786,-0.0011466834178481483,-0.005262214153276772,0.0039504078168798515,-0.06762410021501356,colmax,11,False,0.023506860654138675,48,45.79517000857713
b12-17_mlp,DKE<1000km 500hPa,120,0.5255641937255859,0.5252323150634766,-0.00033189915120601654,-0.00044115750739971796,-0.00022624830404917401,-0.06315101749258056,-0.011769142225454065,-0.01564344298425541,-0.008022763718879418,-0.6940692094356673,colmax,3,True,-0.1429455512877669,48,64.01155322657128
b18-23_attn,DKE<1000km 500hPa,120,0.5255641937255859,0.5252792239189148,-0.0002850132683912913,-0.0003971611615270376,-0.00016475363324085885,-0.05422996061422203,-0.010106569057648776,-0.014083332781820949,-0.005842163002605518,-0.5960212105159287,colmax,6,True,0.13273961395319525,48,36.75028048587936
b18-23_mlp,DKE<1000km 500hPa,120,0.5255641937255859,0.5253003239631653,-0.0002638697624206543,-0.0004539451096206903,1.853673408428818e-05,-0.050206949676850354,-0.009356820442718744,-0.0160968912944252,0.0006573124970060329,-0.551805802249852,colmax,7,False,0.28734041855105164,48,26.5723497969958
adaln,DKE<1000km 500hPa,120,0.5255641937255859,0.5258520245552063,0.00028784386813640594,0.0002270601379374663,0.0003307110940416653,0.05476854365478929,0.010206942110314131,0.008051551344457963,0.011727013724406649,0.6019405752391637,colmax,5,True,0.10610624374982237,48,38.790939425989855
head,DKE<1000km 500hPa,120,0.5255641937255859,0.5252270102500916,-0.0003371797502040863,-0.0005084073481460412,-0.00016400528450806942,-0.06415576606902816,-0.011956392239255084,-0.018028121997463644,-0.005815626560320463,-0.7051120251783989,colmax,2,True,-0.09237530135841984,48,57.77059013894275
embed,DKEpert<1000km 500hPa,120,0.0,0.0024474686942994595,0.0024474686554943523,0.00221418895428845,0.0028714987577889888,nan,nan,nan,nan,0.04550476496403251,share,3,True,0.056755110337378,48,42.844131304320065
b0-5_attn,DKEpert<1000km 500hPa,120,0.0,9.784067515283823e-05,9.784067030219983e-05,9.058151611422241e-05,0.00010573983558591257,nan,nan,nan,nan,0.0018191108172234047,share,10,True,0.30983368685394963,48,25.29174761918021
b0-5_mlp,DKEpert<1000km 500hPa,120,0.0,0.00013786806084681302,0.0001378680652427041,0.00012937531881031342,0.00014603964371720697,nan,nan,nan,nan,0.002563323493778499,share,9,True,0.004588548273233538,48,47.56151139191504
b6-11_attn,DKEpert<1000km 500hPa,120,0.0,0.0005560133140534163,0.0005560133322433103,0.0005072444270354026,0.0006213250296999225,nan,nan,nan,nan,0.010337724221228025,share,5,True,0.024523568310357846,48,45.70209038560529
b6-11_mlp,DKEpert<1000km 500hPa,120,0.0,0.00025482309865765274,0.0002548230904722004,0.0002393415924416331,0.0002667366523610326,nan,nan,nan,nan,0.004737819548092934,share,7,True,0.011767893018353034,48,46.8834220402155
b12-17_attn,DKEpert<1000km 500hPa,120,0.0,0.00022648321464657784,0.00022648321889088643,0.00020759318207789573,0.0002517365928497384,nan,nan,nan,nan,0.004210908123702055,share,8,True,0.09501624931510394,48,39.669931893745684
b12-17_mlp,DKEpert<1000km 500hPa,120,0.0,0.00033284458913840353,0.00033284460308398894,0.0003210964057719442,0.00034724934080259117,nan,nan,nan,nan,0.0061884410241095965,share,6,True,0.19428125355514203,48,32.383075355345945
b18-23_attn,DKEpert<1000km 500hPa,120,0.0,0.0023567902389913797,0.002356790161381165,0.002309048904256391,0.0024120224461512407,nan,nan,nan,nan,0.04381881750454215,share,4,True,0.17170246033441508,48,33.93206317293273
b18-23_mlp,DKEpert<1000km 500hPa,120,0.0,0.01643753983080387,0.01643753901589662,0.015797591613954866,0.017122448990994597,nan,nan,nan,nan,0.3056163141563943,share,2,True,0.6434457133713297,48,10.413855242633865
adaln,DKEpert<1000km 500hPa,120,0.0,8.839132351567969e-05,8.839132912423035e-05,8.251299398883324e-05,9.466673502629417e-05,nan,nan,nan,nan,0.001643423153807097,share,11,True,0.14473920423248907,48,35.861895919223734
head,DKEpert<1000km 500hPa,120,0.0,0.021344810724258423,0.02134481173319121,0.020379648527402122,0.02261363824363798,nan,nan,nan,nan,0.39685519115430845,share,1,True,0.781795170955468,48,5.878246818079015
embed,RMSE Z500,168,471.53168869018555,471.0615743001302,-0.47011439005533856,-1.0264581203460692,-0.03674068450927736,-0.09969942664112694,-0.008553474369683048,-0.01867584445330347,-0.0006684766727470783,-1.0,colmax,1,True,-0.17367209303833683,48,68.17664027950329
b0-5_attn,RMSE Z500,168,471.53168869018555,471.4260450998942,-0.10564359029134114,-0.257590659459432,0.05057164827982581,-0.022404345842544856,-0.001922127382171636,-0.0046867212537285855,0.0009201234987578184,-0.2247189035819676,colmax,7,False,0.11161692831991216,48,38.36068555117592
b0-5_mlp,RMSE Z500,168,471.53168869018555,471.4912052154541,-0.04048347473144531,-0.20345479647318523,0.09026802380879716,-0.008585525788075829,-0.0007365746950872272,-0.003701748816532975,0.0016423773540724818,-0.08611409390527247,colmax,11,False,-0.08156899213317398,48,56.52608761867952
b6-11_attn,RMSE Z500,168,471.53168869018555,471.86358578999835,0.3318970998128255,-0.06701254844665527,0.737063932418823,0.07038701910676774,0.006038686321188694,-0.0012192566909473618,0.013410475382427846,0.7059922155834389,colmax,3,False,0.028279003332882573,48,45.35987576216426
b6-11_mlp,RMSE Z500,168,471.53168869018555,471.84790802001953,0.3162193298339844,0.027750730514526367,0.6274597803751626,0.06706215879411503,0.005753437865654247,0.0005049093735846749,0.011416287743955564,0.6726433747258008,colmax,4,True,0.000246991907895829,48,47.97629463187611
b12-17_attn,RMSE Z500,168,471.53168869018555,471.4800039927165,-0.05168469746907552,-0.32783287366231284,0.14945182800292964,-0.010961023131371,-0.0009403748203804627,-0.005964739947824302,0.0027191943224177026,-0.1099406837195338,colmax,10,False,0.08745402247989656,48,40.27959436949411
b12-17_mlp,RMSE Z500,168,471.53168869018555,471.6803347269694,0.14864603678385416,-0.039533408482869466,0.32821575800577785,0.03152408212410096,0.002704533391619846,-0.0007192887589861479,0.00597170631917489,0.31619120777467924,colmax,5,False,-0.2966980121129832,48,88.49897434304151
b18-23_attn,RMSE Z500,168,471.53168869018555,471.8767344156901,0.3450457255045573,0.15447079340616862,0.5880154450734457,0.0731755115892679,0.006277918378810979,0.002810511654639499,0.010698619622814442,0.7339612077476313,colmax,2,True,-0.007428851257308221,48,48.71850740534315
b18-23_mlp,RMSE Z500,168,471.53168869018555,471.65124130249023,0.1195526123046875,-0.10520343780517578,0.46691131591796875,0.02535409924130002,0.002175194435244636,-0.0019141190482665103,0.0084951961865052,0.2543053665951698,colmax,6,False,-0.030873316679456433,48,51.05825693610328
adaln,RMSE Z500,168,471.53168869018555,471.4346733093262,-0.097015380859375,-0.17349843978881835,-0.010226710637410494,-0.020574519843801597,-0.0017651418276050281,-0.0031567092803497622,-0.00018606941028322666,-0.20636547808705671,colmax,9,True,-0.11509222656959074,48,60.485881673125135
head,RMSE Z500,168,471.53168869018555,471.63600667317706,0.10431798299153645,-0.17871479988098143,0.39437522888183574,0.022123217907434715,0.0018980086819084736,-0.003251618101043599,0.007175441730004455,0.2218991487992037,colmax,8,False,-0.2779789579998541,48,84.96011392418755
embed,RMSE T850,168,2.2680493195851645,2.26479634642601,-0.0032529731591542563,-0.005100004064540068,-0.0015081890548268957,-0.14342603271736784,-0.012661133224375657,-0.019850096433868897,-0.005870132219496443,0.4977975322875564,share,1,True,0.09172430465894657,48,39.93428852899844
b0-5_attn,RMSE T850,168,2.2680493195851645,2.267812122901281,-0.000237196683883667,-0.0008418197433153788,0.00025261410822470916,-0.010458180156640122,-0.0009232104502860471,-0.00327650779749957,0.000983217727938906,0.03629784757731592,share,9,False,0.09798678109759792,48,39.43274659830968
b0-5_mlp,RMSE T850,168,2.2680493195851645,2.2676336765289307,-0.00041564305623372394,-0.0008366599058111508,6.302154312531125e-05,-0.018326014899435552,-0.001617754543701814,-0.003256424818987031,0.00024529072773620876,0.06360522438475931,share,5,False,-0.2364490766422794,48,77.72835296674033
b6-11_attn,RMSE T850,168,2.2680493195851645,2.268424483637015,0.0003751640518506368,-0.0007683521136641502,0.0018475085496902459,0.016541265157287488,0.0014602032691571445,-0.0029905590972849217,0.007190822283600658,-0.05741078394351175,share,7,False,-0.14365000769559622,48,64.1036969261456
b6-11_mlp,RMSE T850,168,2.2680493195851645,2.2693445459008217,0.0012952263156572978,0.0005281170209248861,0.002334604101876418,0.05710750222548953,0.005041244466498423,0.002055522635092635,0.009086682279209526,-0.1982065120561088,share,2,True,0.11812682632225872,48,37.857881002428925
b12-17_attn,RMSE T850,168,2.2680493195851645,2.268132989605268,8.367002010345459e-05,-0.0007626692454020181,0.000767716641227404,0.0036890741035013374,0.0003256581654954237,-0.0029684403927512097,0.0029880857288344565,-0.012803895850397594,share,11,False,0.04997073685492205,48,43.43111958296857
b12-17_mlp,RMSE T850,168,2.2680493195851645,2.2682580401500068,0.00020872056484222412,-0.00038011061648527783,0.000819615212579568,0.009202646654985438,0.0008123764780221549,-0.001479456152835551,0.003190083929832633,-0.03194019041434,share,10,False,-0.061716666135895756,48,54.31451048442486
b18-23_attn,RMSE T850,168,2.2680493195851645,2.2685486574967704,0.000499337911605835,-0.00013139719764391583,0.001337222134073575,0.02201618400860727,0.0019435093723511395,-0.0005114205815063559,0.005204699443167648,-0.07641292073852597,share,4,False,0.01531090797243011,48,46.55231815810138
b18-23_mlp,RMSE T850,168,2.2680493195851645,2.267057123283545,-0.000992196301619212,-0.0020412599047025044,0.00031065195798873836,-0.04374668103781309,-0.00386179932784928,-0.007944936012239999,0.0012091110605816262,0.15183429014806155,share,3,False,0.18370436227417725,48,33.10133159901616
adaln,RMSE T850,168,2.2680493195851645,2.2676489328344664,-0.0004003867506980896,-0.0006485530485709508,-2.7860452731450847e-05,-0.01765335291612274,-0.0015583743682598909,-0.0025242804503086275,-0.00010843769267866641,0.06127057516513947,share,6,True,-0.1750120425509638,48,68.36533495209282
head,RMSE T850,168,2.2680493195851645,2.26841177046299,0.0003624508778254191,-0.0006644215434789658,0.0013852288325627642,0.01598073175462132,0.0014107214006747737,-0.002586043372494232,0.005391549802975746,-0.0554653062688847,share,8,False,-0.049968733796467865,48,53.04930586509057
embed,RMSE Q700,168,0.0011767244917185355,0.0011763018434673238,-4.226482512118916e-07,-9.340192264062352e-07,-1.1532811186043554e-07,-0.03591734974383334,-0.00534374340483968,-0.011809250521657782,-0.0014581483192695052,-1.0,colmax,1,True,-0.227830581813366,48,76.32504802566102
b0-5_attn,RMSE Q700,168,0.0011767244917185355,0.0011766618651260312,-6.262659250448148e-08,-1.9385855315097918e-07,2.7595100012452548e-08,-0.0053221117555749264,-0.0007918178762216752,-0.00245104614038247,0.0003488980098098315,-0.1481766275499957,colmax,7,False,-0.09174291740849665,48,57.69694620611822
b0-5_mlp,RMSE Q700,168,0.0011767244917185355,0.001176688019768335,-3.647195020069679e-08,-1.9218817518170302e-07,1.385049472446553e-07,-0.0030994468507604266,-0.00046113226018982075,-0.0024299267550985737,0.0017511841022742891,-0.08629386279516828,colmax,10,False,-0.33875911492680383,48,97.1815853603385
b6-11_attn,RMSE Q700,168,0.0011767244917185355,0.0011766623404885952,-6.215122994035482e-08,-4.422556836895334e-07,3.66583299182821e-07,-0.005281714656043802,-0.0007858076406187223,-0.005591649524616119,0.004634887478454222,-0.14705190370986715,colmax,8,False,-0.10799385266204638,48,59.622576690190186
b6-11_mlp,RMSE Q700,168,0.0011767244917185355,0.0011769667083475117,2.4221662897616625e-07,-3.6677981067138415e-08,5.8722495547651e-07,0.02058397107231306,0.00306246035544337,-0.000463737206692223,0.007424565164973727,0.5730927036410065,colmax,3,False,-0.020958717983067823,48,50.05510938438622
b12-17_attn,RMSE Q700,168,0.0011767244917185355,0.0011768863526716207,1.618609530851245e-07,-1.1297609792867054e-07,3.9559733219599964e-07,0.013755212390347741,0.002046485222805443,-0.0014284106854335163,0.005001725734894196,0.3829684675637678,colmax,5,False,-0.04625870353781914,48,52.656226542882784
b12-17_mlp,RMSE Q700,168,0.0011767244917185355,0.0011768103164892334,8.582477069770296e-08,-2.7594360290095206e-07,4.0606161443671817e-07,0.007293531434223913,0.0010851235065392462,-0.0034888865714728734,0.005134030645774299,0.2030642986256563,colmax,6,False,0.17908906336564462,48,33.41878589389448
b18-23_attn,RMSE Q700,168,0.0011767244917185355,0.0011769088450819254,1.8435336338977018e-07,1.9248060804481308e-08,3.6172653684237334e-07,0.01566665474265205,0.002330867493120671,0.00024336241232507475,0.0045734811159501235,0.4361862680400539,colmax,4,True,-0.18324722859631298,48,69.53862779677202
b18-23_mlp,RMSE Q700,168,0.0011767244917185355,0.00117671670159325,-7.790125285585722e-09,-2.0214635393737505e-07,2.9214291619913015e-07,-0.000662017773948829,-9.849426916675783e-05,-0.0025558327582519114,0.003693702215100539,-0.01843169884945342,colmax,11,False,-0.19451945013232805,48,71.18351103049145
adaln,RMSE Q700,168,0.0011767244917185355,0.001176663152970529,-6.133874800677101e-08,-1.3589099883877983e-07,2.75883091186794e-08,-0.005212668593069687,-0.0007755350440524509,-0.0017181347059632055,0.000348812149301219,-0.14512954408515766,colmax,9,False,-0.3280670751174696,48,94.87140344668039
head,RMSE Q700,168,0.0011767244917185355,0.0011770438698780101,3.193781594745815e-07,-1.6527980430206906e-07,7.736191037110982e-07,0.027141285978347304,0.004038050384565537,-0.0020897113892222926,0.009781235274156154,0.7556594841190141,colmax,2,False,0.2212442047697386,48,30.60835664567225
embed,RMSE U500,168,5.759247759977977,5.764004131158193,0.004756371180216472,3.698791066805527e-05,0.00887705807884534,0.08258667413597535,0.010207352223680273,7.937745350430752e-05,0.019050501966231537,1.0,colmax,1,True,-0.12142054095159686,48,61.26729393830629
b0-5_attn,RMSE U500,168,5.759247759977977,5.758194853862126,-0.0010529061158498128,-0.0021699840823809304,0.000270405411720275,-0.018282007646322183,-0.0022595762979240428,-0.004656867811488528,0.0005803002280601048,-0.22136752493776,colmax,8,False,0.07118296606790483,48,41.620543866932934
b0-5_mlp,RMSE U500,168,5.759247759977977,5.760100016991298,0.0008522570133209229,-0.0005998124678929646,0.0021959317227204637,0.014798061289243474,0.0018289757444187751,-0.0012872202138899844,0.004712552427823903,0.17918219184948786,colmax,9,False,-0.009595896369158974,48,48.93013149689313
b6-11_attn,RMSE U500,168,5.759247759977977,5.762055277824402,0.0028075178464253745,-0.0006607691446940104,0.006381159275770187,0.048747995631223034,0.0060250393518337325,-0.0014180355449308637,0.01369420885277217,0.590264666076292,colmax,3,False,-0.020877751632716945,48,50.04700093382926
b6-11_mlp,RMSE U500,168,5.759247759977977,5.761119494835536,0.001871734857559204,-0.0006482310593128205,0.00440592070420583,0.032499641195612695,0.004016813708718438,-0.001391128340079253,0.009455272263967324,0.3935216127253588,colmax,5,False,0.05207149974305727,48,43.24855109509729
b12-17_attn,RMSE U500,168,5.759247759977977,5.7588733832041425,-0.0003743767738342285,-0.0023379127184549966,0.0012492239475250235,-0.006500445708132899,-0.0008034266986533082,-0.005017249007972903,0.002680881780564456,-0.07871058831392337,colmax,10,False,0.0020702580845665263,48,47.8016658268071
b12-17_mlp,RMSE U500,168,5.759247759977977,5.757891674836476,-0.0013560851414998372,-0.002943781763315201,0.00031069194277127574,-0.02354621988870683,-0.0029102099394938646,-0.006317466864820524,0.0006667566455109148,-0.2851091914651874,colmax,6,False,-0.13549272959442268,48,63.04591399788031
b18-23_attn,RMSE U500,168,5.759247759977977,5.762185702721278,0.0029379427433013916,0.0016189843416213989,0.004783930132786432,0.05101261251022523,0.006304936107303118,0.003474401553917543,0.01026649477692913,0.617685759160554,colmax,2,True,-0.17108606679844365,48,67.81419512302601
b18-23_mlp,RMSE U500,168,5.759247759977977,5.761252452929814,0.0020046929518381753,0.0003483104209105174,0.004786025981108347,0.034808242940495435,0.004302146801505571,0.0007474873206279438,0.010270992546598195,0.4214752961620077,colmax,4,True,0.08588874735839058,48,40.40684668069023
adaln,RMSE U500,168,5.759247759977977,5.7592684129873915,2.065300941467285e-05,-0.0007582724094390868,0.0008279939492543532,0.0003586060241789603,4.4322138367038896e-05,-0.0016272812342394188,0.0017769062923996995,0.00434217781416565,colmax,11,False,-0.06295289881118271,48,54.44949253693466
head,RMSE U500,168,5.759247759977977,5.7604414621988935,0.001193702220916748,-0.0015870176255702972,0.003979921340942381,0.0207267037409294,0.0025617300579413795,-0.0034057997737358043,0.00854106153836629,0.25096910558238233,colmax,7,False,0.1161261421759162,48,38.011783410829864
embed,RMSE MSLP,168,453.0964190165202,452.75680351257324,-0.3396155039469401,-0.8864694436391194,0.1626439412434894,-0.07495435622380356,-0.005536325915403462,-0.014451000313576125,0.0026513803298873254,0.3381013324826509,share,1,False,-0.15630580943646732,48,65.78530405178951
b0-5_attn,RMSE MSLP,168,453.0964190165202,452.98827425638837,-0.10814476013183594,-0.2693079153696696,0.018403704961140906,-0.023867935298754347,-0.0017629484849034343,-0.004390189416432905,0.00030001253632909024,0.10766259807533096,share,5,False,0.07170803672623546,48,41.57663534301078
b0-5_mlp,RMSE MSLP,168,453.0964190165202,453.0418408711751,-0.054578145345052086,-0.21796108881632487,0.07487037976582839,-0.012045591855154815,-0.0008897190999138752,-0.0035531464569176574,0.0012205179650997772,0.054334809368646785,share,8,False,-0.02776267061042001,48,50.7413228211199
b6-11_attn,RMSE MSLP,168,453.0964190165202,453.35472361246747,0.2583045959472656,-0.15720054308573406,0.6152562777201334,0.057008748051448996,0.0042108160905224516,-0.0025626434320178194,0.010029751985318141,-0.25715294814634776,share,4,False,0.10311163644192133,48,39.02655001414663
b6-11_mlp,RMSE MSLP,168,453.0964190165202,453.39366658528644,0.29724756876627606,-0.02593892415364583,0.6497714360555013,0.06560360141699513,0.004845654568551489,-0.0004228497708159713,0.01059240935326977,-0.29592229420953625,share,2,False,0.13324836819120273,48,36.71223316493918
b12-17_attn,RMSE MSLP,168,453.0964190165202,453.09854380289715,0.002124786376953125,-0.2609824657440185,0.20045795440673816,0.00046894795186533,3.4637729275338645e-05,-0.004254470045602652,0.003267814793591343,-0.0021153130435443077,share,11,False,0.00019434886993758744,48,47.9813461338438
b12-17_mlp,RMSE MSLP,168,453.0964190165202,453.13998730977374,0.04356829325358073,-0.15380557378133136,0.2641612211863199,0.009615678126114741,0.0007102392800871129,-0.002507299502416477,0.004306289311594385,-0.04337404456462022,share,9,False,-0.1878215705467749,48,70.20062749589292
b18-23_attn,RMSE MSLP,168,453.0964190165202,453.38904571533203,0.29262669881184894,0.07711299260457356,0.5564451058705647,0.06458375889330954,0.004770326317093332,0.001257076471507957,0.009071027159619716,-0.2913220263458378,share,3,True,0.09541610377337374,48,39.637930161250445
b18-23_mlp,RMSE MSLP,168,453.0964190165202,453.17278416951496,0.07636515299479167,-0.12920471827189128,0.38331352869669577,0.016854062356208413,0.0012448853796288078,-0.002106262587684551,0.006248680045478194,-0.07602467991807119,share,7,False,-0.08074144793765399,48,56.4319900909544
adaln,RMSE MSLP,168,453.0964190165202,453.0133571624756,-0.08306185404459636,-0.16610336303710938,-0.0052353541056315706,-0.018332048226046095,-0.001354053303763201,-0.0027077749476410603,-8.534541643260902e-05,0.08269152381024718,share,6,True,-0.017575313767684512,48,49.7174142154025
head,RMSE MSLP,168,453.0964190165202,453.1322657267253,0.035846710205078125,-0.18356234232584634,0.3043252786000569,0.007911497134072722,0.0005843639892286486,-0.002992386805372468,0.004961033601366755,-0.03568688809728161,share,10,False,-0.3671145787121987,48,103.68622434793693
embed,RMSE T2M,168,1.7416061510642369,1.7405139928062756,-0.0010921582579612732,-0.002596656605601311,0.00046796705573797154,-0.06270983007805135,-0.00561459205153295,-0.013348951429058014,0.0024057357002732643,-0.9176963320193405,colmax,2,False,-0.011881756816832715,48,49.15436453307592
b0-5_attn,RMSE T2M,168,1.7416061510642369,1.7414736151695251,-0.00013253589471181235,-0.0005317280068993569,0.0002239783604939775,-0.0076099808576597025,-0.0006813435466585427,-0.0027335194504571948,0.0011514330577807699,-0.11136454222758302,colmax,10,False,-0.047185887644087654,48,52.754175190197365
b0-5_mlp,RMSE T2M,168,1.7416061510642369,1.7410888373851776,-0.0005173136790593466,-0.0011370303730169932,-3.467823068300919e-05,-0.029703252870531813,-0.002659417945543626,-0.005845271642783406,-0.0001782746382538944,-0.434677723961344,colmax,5,True,0.005158694325644888,48,47.50730699733522
b6-11_attn,RMSE T2M,168,1.7416061510642369,1.7421363765994708,0.0005302255352338155,-0.0005666268989443779,0.001858304813504219,0.030444629223996055,0.00272579550989317,-0.0029129284696675127,0.009553215716834486,0.44552703354124895,colmax,4,False,-0.13427660775660968,48,62.88992264749902
b6-11_mlp,RMSE T2M,168,1.7416061510642369,1.742281066874663,0.0006749158104260763,4.653129726648331e-05,0.001702485357721646,0.038752493496515154,0.0034696225725983883,0.00023920915295517353,0.00875217550903152,0.567104409214505,colmax,3,True,0.08219155301002687,48,40.70887943357523
b12-17_attn,RMSE T2M,168,1.7416061510642369,1.7419399594267209,0.00033380836248397827,-0.0006072880700230598,0.001034825233121713,0.01916669634406144,0.001716049633902261,-0.0031219603441968945,0.005319853131410303,0.28048564172445384,colmax,8,False,0.19565163452532483,48,32.29094531210349
b12-17_mlp,RMSE T2M,168,1.7416061510642369,1.7419849336147308,0.00037878255049387616,-0.00014795816193024318,0.0010233982155720385,0.02174903609879966,0.0019472539641207439,-0.000760626689289223,0.005261108859287238,0.31827562964184136,colmax,6,False,-0.12343329587747208,48,61.51819131220498
b18-23_attn,RMSE T2M,168,1.7416061510642369,1.7419809475541115,0.0003747964898745219,-0.0001588698476552963,0.0011474289000034331,0.021520163421879075,0.0019267623328876186,-0.0008167217318291854,0.0058987286271903186,0.314926304410884,colmax,7,False,0.2159612685444874,48,30.949883095300024
b18-23_mlp,RMSE T2M,168,1.7416061510642369,1.7414445554216702,-0.0001615956425666809,-0.0016220675781369208,0.0013088746617237721,-0.009278541102300038,-0.0008307345604023422,-0.008338761955851814,0.00672869267672355,-0.1357822709051108,colmax,9,False,0.2939737457748733,48,26.190067853743123
adaln,RMSE T2M,168,1.7416061510642369,1.741487925251325,-0.0001182258129119873,-0.000358839084704717,0.00010106066862742057,-0.006788320817524875,-0.0006077779521630488,-0.001844728140886248,0.0005195349874086112,-0.09934036030809619,colmax,11,False,-0.09785820006339355,48,58.41342636683714
head,RMSE T2M,168,1.7416061510642369,1.7427962596217792,0.001190108557542165,0.0004984372605880102,0.001933113547662894,0.06833396613895339,0.006118137182893983,0.00256237762346758,0.009937794161515743,1.0,colmax,1,True,-0.29909836938894874,48,88.96643838067045
embed,SpecDiv> Z500,168,0.00878874362873224,0.008686890515188376,-0.0001018531135438631,-0.00014848091207871525,-6.435764589696193e-05,-1.1589041374569624,-0.03362523038364851,-0.04901867701934264,-0.021246681568577386,-1.3190776880839943,share,1,True,-0.0474495810037744,48,52.78206684446422
b0-5_attn,SpecDiv> Z500,168,0.00878874362873224,0.008787919214228168,-8.244145040710767e-07,-1.0449878027429803e-05,6.730440509272735e-06,-0.009380345347381547,-0.00027216769980304204,-0.0034498656342207127,0.002221950854848189,-0.010676814288889367,share,11,False,-0.11869394294715203,48,60.929241132224874
b0-5_mlp,SpecDiv> Z500,168,0.00878874362873224,0.008756693481700495,-3.2050147031744323e-05,-4.3028913933085274e-05,-2.4591869199260465e-05,-0.3646726811664604,-0.010580860420217806,-0.014205330537441899,-0.008118625328361462,-0.4150745360491993,share,7,True,-0.04291813761154837,48,52.30489947895011
b6-11_attn,SpecDiv> Z500,168,0.00878874362873224,0.008824614613937834,3.5870985205595694e-05,1.2747898532931382e-05,5.831967428093773e-05,0.40814690609845466,0.011842251058011738,0.004208521567606215,0.019253338610521323,0.46455738649477224,share,6,True,-0.04858943463579561,48,52.902810516142154
b6-11_mlp,SpecDiv> Z500,168,0.00878874362873224,0.008860091329552233,7.134770081999402e-05,4.716117837233469e-05,0.00010433001880301162,0.8118077376468631,0.02355434010746034,0.01556953374087251,0.034442942352183196,0.9240086726186955,share,3,True,0.19932214479682964,48,32.04521588839904
b12-17_attn,SpecDiv> Z500,168,0.00878874362873224,0.008770105380487317,-1.8638248244921368e-05,-3.3075256942538546e-05,-8.691819190668567e-06,-0.21206954067915962,-0.006153129436865159,-0.010919284605003996,-0.0028694696958221516,-0.24137992987576928,share,9,True,-0.10020297572484788,48,58.69072847549652
b12-17_mlp,SpecDiv> Z500,168,0.00878874362873224,0.008819376322207972,3.06326934757332e-05,2.1786374660829702e-05,4.073543386766686e-05,0.3485446244624604,0.010112910048151172,0.00719243469056445,0.013448173560136653,0.39671740100860586,share,8,True,-0.3010983296886329,48,89.35837826404267
b18-23_attn,SpecDiv> Z500,168,0.00878874362873224,0.008826207030021275,3.746340128903588e-05,2.6076179347001015e-05,5.2514840839042625e-05,0.4262657197845684,0.01236796260289489,0.008608647370319654,0.017336962615413704,0.48518042346170265,share,5,True,0.028723196098405308,48,45.31956386722406
b18-23_mlp,SpecDiv> Z500,168,0.00878874362873224,0.008880661412452659,9.191778372041881e-05,7.367971435693713e-05,0.00011668326187646015,1.0458580612127581,0.030345234882018828,0.024324218314509254,0.03852117452277888,1.190407376123261,share,2,True,0.11023060459727947,48,38.468522487562524
adaln,SpecDiv> Z500,168,0.00878874362873224,0.008744783893538019,-4.395973519422114e-05,-5.174155861216907e-05,-3.70844480736802e-05,-0.5001822450538616,-0.014512626782619645,-0.01708167544621974,-0.012242857058964008,-0.5693130416067839,share,4,True,0.09959970548362519,48,39.30449773790849
head,SpecDiv> Z500,168,0.00878874362873224,0.008793232380412519,4.488751680279772e-06,-1.3961173923841367e-05,1.5487597071720898e-05,0.051073872101640376,0.0014818919533510018,-0.0046090656758684566,0.005112990673588624,0.05813285409539001,share,10,False,-0.07971240457837883,48,56.31521676223235
embed,SpecDiv< Z500,168,0.007262560602005881,0.007188605489015269,-7.395511299061279e-05,-0.00011033190749003551,-4.425086905636516e-05,-1.018306311553349,-0.028610971091315843,-0.042684040196758595,-0.017119307700847797,-0.9533801832149381,share,1,True,-0.03638695699808009,48,51.62505250129614
b0-5_attn,SpecDiv< Z500,168,0.007262560602005881,0.007262290275927323,-2.7032607855896157e-07,-8.585506535988923e-06,6.04822052991949e-06,-0.003722186889350003,-0.00010458089111243665,-0.0033214698669537784,0.0023398715212211815,-0.00348486420860491,share,11,False,-0.13495565719091307,48,62.9769699068328
b0-5_mlp,SpecDiv< Z500,168,0.007262560602005881,0.007239443594395804,-2.311700761007766e-05,-3.1423381248411415e-05,-1.7474739433964714e-05,-0.3183038170269156,-0.008943263145762655,-0.01215674503267696,-0.006760442173036813,-0.2980091038935257,share,7,True,-0.07418563347919001,48,55.692493302697265
b6-11_attn,SpecDiv< Z500,168,0.007262560602005881,0.007292806883924641,3.024628191875915e-05,1.0497564168569322e-05,4.911110833442458e-05,0.41646856496323464,0.011701361306922082,0.004061186479348535,0.01899958561346604,0.3899149718145584,share,5,True,-0.03826986553091537,48,51.820101876079846
b6-11_mlp,SpecDiv< Z500,168,0.007262560602005881,0.007317985990084708,5.542538807882617e-05,3.4586301990202624e-05,8.352818937661747e-05,0.7631659288807582,0.021442387306602338,0.013380382320865514,0.03231450152564436,0.7145072802208763,share,3,True,0.15844994948426472,48,34.86935490198662
b12-17_attn,SpecDiv< Z500,168,0.007262560602005881,0.007249549972281481,-1.3010629724400738e-05,-2.5000707076590818e-05,-4.439253704428374e-06,-0.17914659081546624,-0.005033414673734511,-0.009672008851120118,-0.0017174114712060365,-0.16772439455221114,share,10,True,-0.09948334998527233,48,58.60546920307354
b12-17_mlp,SpecDiv< Z500,168,0.007262560602005881,0.0072831422682308284,2.0581666224946577e-05,1.3167060751584359e-05,2.9041117280333596e-05,0.2833940720475644,0.007962417114389414,0.005093933053269723,0.011235119971659078,0.2653251671577993,share,8,True,-0.32363432598857617,48,93.93505627013613
b18-23_attn,SpecDiv< Z500,168,0.007262560602005881,0.00729046232784943,2.7901725843548775e-05,1.8232580381057535e-05,4.020567478922506e-05,0.38418579028232086,0.01079432427625285,0.0070536276547740985,0.015554345772514421,0.3596905125425472,share,6,True,-0.03146052024960074,48,51.11831371576098
b18-23_mlp,SpecDiv< Z500,168,0.007262560602005881,0.007331455693929456,6.889509192357461e-05,5.62112332166483e-05,8.707052305301962e-05,0.9486336252333116,0.0266534037154286,0.021746406753146,0.033684922072824114,0.8881497533381474,share,2,True,0.0756392065684317,48,41.2492570127347
adaln,SpecDiv< Z500,168,0.007262560602005881,0.007230365120146113,-3.219548185976843e-05,-3.854246800377344e-05,-2.6536761045766386e-05,-0.443307582877535,-0.012455447142346197,-0.014910901941072006,-0.010266261147271184,-0.41504276246667804,share,4,True,0.04982926525387168,48,43.44344054533963
head,SpecDiv< Z500,168,0.007262560602005881,0.007277903496287763,1.5342894281881552e-05,-1.4717638502285506e-06,2.5756694109683547e-05,0.21126012053715496,0.005935696492164752,-0.0005693804156242403,0.009964477110237931,0.19779039974375215,share,9,False,-0.025420691051732325,48,50.50404078822469
embed,SpecRes Z500,168,0.0019478330044269871,0.0019262487039668486,-2.1584300460138667e-05,-2.5562695554981474e-05,-1.683883783698548e-05,-1.1081186329157786,-0.031040122038064586,-0.0367614040174188,-0.024215729502305626,-1.0,colmax,1,True,-0.014599064632306107,48,49.42227407585972
b0-5_attn,SpecRes Z500,168,0.0019478330044269871,0.0019548535152959325,7.020510868945469e-06,4.862080701665642e-06,9.60158510376156e-06,0.3604267333487739,0.010096111965457056,0.006992099587259482,0.013807923677212708,0.3252600602882993,colmax,6,True,0.27360476171647774,48,27.376602605205196
b0-5_mlp,SpecRes Z500,168,0.0019478330044269871,0.0019398639669816475,-7.969037445339685e-06,-1.0487377160946685e-05,-6.146164014353418e-06,-0.40912323732208317,-0.01146017658927924,-0.015081770545965845,-0.008838724304445928,-0.3692052684337257,colmax,4,True,0.17879817995011343,48,33.438877012910474
b6-11_attn,SpecRes Z500,168,0.0019478330044269871,0.0019485909724608064,7.579680338191489e-07,-2.765233330137562e-06,4.365919691432888e-06,0.03891339925427168,0.00109002468317878,-0.003976648684524578,0.006278576425524587,0.035116636521018825,colmax,11,False,-0.09534586085709056,48,58.11790279426859
b6-11_mlp,SpecRes Z500,168,0.0019478330044269871,0.001954778883373365,6.945878946377586e-06,4.087683798085588e-06,9.931405717604016e-06,0.3565951973598949,0.00998878469818144,0.005878448744721601,0.014282234722096736,0.3218023655297542,colmax,7,True,0.047432238168154284,48,43.65270697405077
b12-17_attn,SpecRes Z500,168,0.0019478330044269871,0.0019432382820620357,-4.594722364951546e-06,-6.255204092061225e-06,-3.144110238887759e-06,-0.2358889265408674,-0.006607614789393293,-0.008995533524431583,-0.004521506995162421,-0.21287335086151907,colmax,9,True,-0.01518079110933511,48,49.47982079689305
b12-17_mlp,SpecRes Z500,168,0.0019478330044269871,0.001962801554327598,1.496854990061062e-05,1.1338378923634688e-05,1.856311409937916e-05,0.768471930940202,0.021526090989414822,0.01630558591201056,0.026695390388739276,0.6934924728394212,colmax,2,True,0.39959135477461205,48,20.59144969172783
b18-23_attn,SpecRes Z500,168,0.0019478330044269871,0.0019433347091156368,-4.498295311350375e-06,-8.127801811497192e-06,-1.0785321137518638e-06,-0.23093844806648003,-0.006468944207176421,-0.01168849370847085,-0.0015510240183440503,-0.20840588832877452,colmax,10,True,0.2938250676220896,48,26.19859330476384
b18-23_mlp,SpecRes Z500,168,0.0019478330044269871,0.0019364506309405745,-1.1382373486412689e-05,-2.1245462752024952e-05,-2.9736880909088844e-06,-0.5843608492382617,-0.016368853961867557,-0.030552843618716626,-0.004276424960605745,-0.5273450259568692,colmax,3,True,0.5206453200793156,48,15.131092262193473
adaln,SpecRes Z500,168,0.0019478330044269871,0.001939999846702752,-7.833157724235207e-06,-8.804823240401068e-06,-7.069470302667469e-06,-0.402147294271747,-0.011264769601993718,-0.012662110055888307,-0.01016651993630846,-0.36290996498595274,colmax,5,True,0.15670521672728205,48,34.99435207149589
head,SpecRes Z500,168,0.0019478330044269871,0.001954036556223097,6.203551796109726e-06,8.141015617487331e-07,1.0820623780697739e-05,0.3184847870433679,0.008921252980902192,0.0011707496323416777,0.015561008488606067,0.28741037067966535,colmax,8,True,0.4811859272892804,48,16.812930119913897
embed,|RQE| Z500,168,0.005690679697484787,0.0056973730521955685,6.693354710781326e-06,-6.449530180058597e-05,7.956517086616559e-05,0.11761960023404075,0.0014809241136896408,-0.01426977230152342,0.017604024474565255,0.03374671312274317,share,11,False,0.6030098004009862,48,11.88734440424881
b0-5_attn,|RQE| Z500,168,0.005690679697484787,0.0057134704729833174,2.2790775498530518e-05,1.3900528453329267e-05,3.66241287338198e-05,0.40049302912978524,0.005042525081047294,0.003075532176175568,0.008103194545692345,0.11490706765546173,share,8,True,0.12759672569252298,48,37.13682047191188
b0-5_mlp,|RQE| Z500,168,0.005690679697484787,0.005646979991676441,-4.369970580834585e-05,-6.000296853017062e-05,-2.7260560060919187e-05,-0.7679171580797387,-0.009668686464274986,-0.013275830555664303,-0.006031477859954537,-0.22032620400157665,share,7,True,0.08014875500113323,48,40.876647365018975
b6-11_attn,|RQE| Z500,168,0.005690679697484787,0.0056410567012790125,-4.962299620577445e-05,-7.764567581034499e-05,-2.618005146359792e-05,-0.8720047313101672,-0.010979231618532074,-0.017179330634614715,-0.005792412203648501,-0.25019038876721394,share,5,True,0.05669766165516179,48,42.84907015846906
b6-11_mlp,|RQE| Z500,168,0.005690679697484787,0.005764216351963114,7.353665447832707e-05,5.907815081324467e-05,8.409532720179413e-05,1.2922297227663226,0.016270197765195914,0.013071211957525917,0.01860633468313824,0.3707588331885531,share,4,True,-0.1936980024094046,48,71.06208875442296
b12-17_attn,|RQE| Z500,168,0.005690679697484787,0.0056821578048887504,-8.521892596036196e-06,-2.15814849070739e-05,7.18356720123361e-07,-0.14975175284953696,-0.0018854934162409018,-0.004774966035586656,0.0001589385046855679,-0.04296587841639909,share,10,False,-0.012606474387342003,48,49.22567295591078
b12-17_mlp,|RQE| Z500,168,0.005690679697484787,0.005807086804755575,0.0001164071072707884,9.909975560731254e-05,0.0001366382572693207,2.0455747548441177,0.025755409598192936,0.021926107920625635,0.030231610124700103,0.5869040898412394,share,2,True,0.016734799845598818,48,46.41990184124566
b18-23_attn,|RQE| Z500,168,0.005690679697484787,0.005701882945383356,1.120324789856871e-05,-1.0453562481416157e-05,3.0058691178661915e-05,0.19687011910932914,0.0024787510421207734,-0.0023128809724897114,0.006650572473131975,0.05648479861182203,share,9,False,0.2834730880917019,48,26.797049420596007
b18-23_mlp,|RQE| Z500,168,0.005690679697484787,0.005969997636081341,0.00027931793859655346,0.00024354396052027975,0.0003179511838425242,4.908340540059014,0.06179990281815389,0.05388480656747662,0.07034762021055324,1.4082717487944938,share,1,True,0.07199910714887611,48,41.55231339261535
adaln,|RQE| Z500,168,0.005690679697484787,0.005643627372288999,-4.705232519578809e-05,-5.313441170073929e-05,-4.245167313759643e-05,-0.8268313751094559,-0.010410463212919321,-0.011756142465838695,-0.009392555621573906,-0.23722951923982635,share,6,True,-0.17600939432703538,48,68.5061826422104
head,|RQE| Z500,168,0.005690679697484787,0.0056080188357251854,-8.266086175960179e-05,-0.00012786455860502126,-3.276400266258863e-05,-1.4525657066261684,-0.01828895504984683,-0.028290403886626563,-0.0072491304735223215,-0.41676147594371044,share,3,True,-0.1275554281174769,48,62.03564363161245
embed,SpecDiv> T850,168,0.008269234055963656,0.008219975075917318,-4.925898004633685e-05,-6.894279140396976e-05,-3.45548093415952e-05,-0.595689754491977,-0.02204005796248973,-0.030847230641194125,-0.015460937275906415,-0.7514592369700203,colmax,2,True,-0.10050862379387947,48,58.726982091711996
b0-5_attn,SpecDiv> T850,168,0.008269234055963656,0.008275336362809563,6.102306845908363e-06,2.6016932679340244e-07,1.1343949881847949e-05,0.07379530927060245,0.0027303690913251044,0.00011640815618176694,0.005075649408175275,0.09309236289240302,colmax,11,True,-0.06800369570257693,48,55.00470029478145
b0-5_mlp,SpecDiv> T850,168,0.008269234055963656,0.00823834589876545,-3.088815719820559e-05,-3.8471279549412425e-05,-2.447152704310914e-05,-0.3735310548614776,-0.013820358731799839,-0.01721329248722945,-0.010949351244248295,-0.471207301039107,colmax,6,True,0.13810450449155148,48,36.35077764927047
b6-11_attn,SpecDiv> T850,168,0.008269234055963656,0.008287232427392155,1.799837142849962e-05,-2.449980820529163e-06,4.114440186337256e-05,0.21765463774144167,0.008053052441227926,-0.0010962005149245154,0.018409333710273153,0.2745700874772605,colmax,8,False,0.3561543742514946,48,22.788401248925297
b6-11_mlp,SpecDiv> T850,168,0.008269234055963656,0.008312460539552072,4.322648358841737e-05,3.330459682426105e-05,5.5392003317441165e-05,0.522738663531274,0.019340924292527623,0.01490155183346415,0.02478417057410458,0.6594318506735874,colmax,3,True,0.2596977583500346,48,28.208756714580336
b12-17_attn,SpecDiv> T850,168,0.008269234055963656,0.008252828469267115,-1.6405586696540315e-05,-2.4776917901666213e-05,-9.741340909386057e-06,-0.19839306259216155,-0.007340389130271646,-0.011085992973684853,-0.004358590414849794,-0.250271719987521,colmax,9,True,0.2461440502504886,48,29.037642623020144
b12-17_mlp,SpecDiv> T850,168,0.008269234055963656,0.008301260463971024,3.2026408007368445e-05,2.1844523386486494e-05,4.3713866277054565e-05,0.38729594289656666,0.01432964889140528,0.009773944997404147,0.01955899504221373,0.4885716289998041,colmax,5,True,0.3605538354199619,48,22.55950121251005
b18-23_attn,SpecDiv> T850,168,0.008269234055963656,0.00827742061422517,8.18655826151371e-06,2.699153264984489e-06,1.650743045805331e-05,0.09900020009240976,0.0036629304631832136,0.0012076883109220097,0.007385957317123117,0.12488818929707401,colmax,10,True,-0.1691865740882322,48,67.54940857466978
b18-23_mlp,SpecDiv> T850,168,0.008269234055963656,0.008334785156572858,6.555110060920318e-05,4.1040864743990824e-05,9.078375733224675e-05,0.792710669036253,0.02932967868138538,0.0183630078604424,0.04061958391694543,1.0,colmax,1,True,0.39798996579638535,48,20.670020778949013
adaln,SpecDiv> T850,168,0.008269234055963656,0.008233179347977663,-3.605470798599223e-05,-4.027761145456073e-05,-3.215553855019001e-05,-0.43601024885720924,-0.016132040352528656,-0.018021503697683124,-0.014387426065147771,-0.5500244488790514,colmax,4,True,0.28124369008952305,48,26.92719827037142
head,SpecDiv> T850,168,0.008269234055963656,0.008239557627045238,-2.9676428918416303e-05,-4.385264061662989e-05,-2.0987601358986778e-05,-0.35887760241849825,-0.013278192379670307,-0.019621087161966706,-0.009390530417206552,-0.4527220541320678,colmax,7,True,0.12271185369451248,48,37.50724719267229
embed,SpecDiv< T850,168,0.006892132689245045,0.006846220004566324,-4.591268467872093e-05,-6.312069162959232e-05,-3.3793105831136924e-05,-0.6661607770605783,-0.02488393464746137,-0.034210396895856164,-0.018315318368356925,-0.9042337107212404,colmax,2,True,-0.12265932316535236,48,61.42157651501791
b0-5_attn,SpecDiv< T850,168,0.006892132689245045,0.006897071715987598,4.939026742552717e-06,3.889363142661751e-08,9.616521856514737e-06,0.07166180578995399,0.002676872841215212,2.1079720983315895e-05,0.005211999757537661,0.09727234445167936,colmax,11,True,-0.08472350310778175,48,56.88633798198015
b0-5_mlp,SpecDiv< T850,168,0.006892132689245045,0.006870609960363557,-2.1522728881488245e-05,-2.7409578857865807e-05,-1.682957833205971e-05,-0.31227966511837163,-0.011664971949902172,-0.014855549698005002,-0.009121360040037036,-0.42388235707713146,colmax,6,True,0.08576483723883929,48,40.41693588469246
b6-11_attn,SpecDiv< T850,168,0.006892132689245045,0.006906416014923404,1.4283325678358475e-05,-3.331117477500811e-06,3.346268495079128e-05,0.20724101410071735,0.007741332165953857,-0.0018054119508189867,0.01813623558001176,0.281304930651724,colmax,7,False,0.33836466181033986,48,23.729329635874826
b6-11_mlp,SpecDiv< T850,168,0.006892132689245045,0.00692610300029628,3.39703110512346e-05,2.5704112582995247e-05,4.3514711190558346e-05,0.4928853314772102,0.018411360739805163,0.013931214481619858,0.02358427168975508,0.6690329836113684,colmax,3,True,0.2891933910585688,48,26.465166099845966
b12-17_attn,SpecDiv< T850,168,0.006892132689245045,0.006879845178142811,-1.2287511102234324e-05,-1.8842815431222938e-05,-6.838438518267749e-06,-0.17828314770272194,-0.006659632852828268,-0.01021250207967126,-0.003706323391237549,-0.24199808478312043,colmax,9,True,0.24717691024408864,48,28.973843254692362
b12-17_mlp,SpecDiv< T850,168,0.006892132689245045,0.006916116641756768,2.3983952511722844e-05,1.61105788720306e-05,3.284574971379091e-05,0.34799028969870305,0.012998915464556423,0.008731673928233243,0.017801866631067496,0.47235526585289056,colmax,5,True,0.23666889400561789,48,29.627892530758437
b18-23_attn,SpecDiv< T850,168,0.006892132689245045,0.006899717399695267,7.5847104502220946e-06,2.1561512160891043e-06,1.5125497642050804e-05,0.11004881641437048,0.0041107907429930295,0.001168599186186826,0.008197775788301142,0.14937812770354336,colmax,10,True,-0.13926055507102048,48,63.53200955943299
b18-23_mlp,SpecDiv< T850,168,0.006892132689245045,0.006942907930351794,5.077524110674858e-05,2.8218734951224177e-05,7.59090619491568e-05,0.7367130523470875,0.027519361811464974,0.01529409925108868,0.041141487366962166,1.0,colmax,1,True,0.49328435667146353,48,16.28782272519372
adaln,SpecDiv< T850,168,0.006892132689245045,0.006864383807017778,-2.774888222726683e-05,-3.1454151758225636e-05,-2.4578451363292215e-05,-0.40261677304280696,-0.015039446652167467,-0.017047642981892035,-0.013321124254435778,-0.5465041942179709,colmax,4,True,0.27263164909316084,48,27.434239018341817
head,SpecDiv< T850,168,0.006892132689245045,0.006877970154164359,-1.4162535080686212e-05,-2.649007874424569e-05,-6.547027199606729e-06,-0.20548842744694104,-0.0076758656100437105,-0.014357195465492417,-0.0035483831562058963,-0.2789260035400178,colmax,8,True,0.13083580103559328,48,36.89296139376329
embed,SpecRes T850,168,0.0021629182616986022,0.002165324396628421,2.406134929818412e-06,-2.5164812541333958e-06,7.96803530344429e-06,0.11124483862505301,0.0031751255841235416,-0.003320738131909023,0.010514586041554566,0.13450231270116744,colmax,10,False,0.13024608368278168,48,36.937255157031494
b0-5_attn,SpecRes T850,168,0.0021629182616986022,0.002166085716453381,3.1674547547784946e-06,1.6751870740942347e-06,4.937602716381661e-06,0.14644357167205205,0.004179760039147078,0.0022105698526021884,0.006515639881510914,0.17705989161886643,colmax,9,True,0.4668090408341458,48,17.44819218281247
b0-5_mlp,SpecRes T850,168,0.0021629182616986022,0.0021578567999919565,-5.061461706645787e-06,-6.845427136189149e-06,-3.2687628845451428e-06,-0.23401077129335782,-0.006679083686734677,-0.009033197001968645,-0.00431344582322988,-0.2829343844169345,colmax,7,True,0.057494543515638236,48,42.78061025340917
b6-11_attn,SpecRes T850,168,0.0021629182616986022,0.0021591326488608806,-3.7856128377219043e-06,-1.1311975534529968e-05,2.5902894473498826e-06,-0.175023388759451,-0.004995478858512917,-0.014927235576674948,0.0034181351148027824,-0.21161476663457615,colmax,8,False,0.481393889757065,48,16.803831488560494
b6-11_mlp,SpecRes T850,168,0.0021629182616986022,0.0021739246221841313,1.1006360485528907e-05,9.119531083949066e-06,1.3330017221354257e-05,0.5088662239545425,0.014523947236960072,0.012034095054694967,0.017590234941447562,0.6152526699066311,colmax,5,True,-0.0884938414552415,48,57.32018802074394
b12-17_attn,SpecRes T850,168,0.0021629182616986022,0.002164594470135247,1.6762084366443257e-06,-1.3178643105978456e-06,5.211420284467748e-06,0.07749753961242857,0.00221191763834906,-0.0017390482292272543,0.006876968398477431,0.09369961281218958,colmax,11,False,0.5671373213072328,48,13.25819268979012
b12-17_mlp,SpecRes T850,168,0.0021629182616986022,0.002180807433129909,1.788917143130675e-05,1.231579032416145e-05,2.4406960862203655e-05,0.8270849503696855,0.023606475757617082,0.01625186537227874,0.03220732341479007,1.0,colmax,1,True,0.686827919033286,48,8.911555065449235
b18-23_attn,SpecRes T850,168,0.0021629182616986022,0.0021455180867633317,-1.7400174935270723e-05,-2.3354351984986958e-05,-1.1443975442186156e-05,-0.8044767684196195,-0.022961198027814985,-0.030818305145403773,-0.015101422102420924,-0.9726652238806173,colmax,2,True,0.5653143707991483,48,13.329533409310367
b18-23_mlp,SpecRes T850,168,0.0021629182616986022,0.0021777418429943887,1.4823581295786425e-05,2.0953198145434726e-06,3.0079083262535275e-05,0.6853509704127718,0.019561135843757006,0.002764975258715047,0.039692232397401585,0.8286343139316436,colmax,4,True,0.8847492345677156,48,2.9351579718341014
adaln,SpecRes T850,168,0.0021629182616986022,0.0021544537570055886,-8.464504693013927e-06,-1.0506060849972224e-05,-6.828346946955816e-06,-0.3913464897358861,-0.01116972497039083,-0.01386375393154823,-0.009010658055734021,-0.47316359650960205,colmax,6,True,0.49056183172167706,48,16.405245027047933
head,SpecRes T850,168,0.0021629182616986022,0.002147234536096221,-1.5683725602381553e-05,-2.155400995131155e-05,-1.1338755393808244e-05,-0.7251187379621397,-0.020696178671182525,-0.028442581331890458,-0.014962574166909411,-0.876716155502564,colmax,3,True,0.4233074435905418,48,19.448533647672935
embed,|RQE| T850,168,0.003757897910872998,0.0037372408726999615,-2.0657038173036806e-05,-4.126107899840766e-05,8.266410956518109e-06,-0.5496966299501725,-0.005696634192487002,-0.011378653196664042,0.0022796452671282157,-0.2667988518206285,colmax,6,False,-0.3421752350345752,48,97.93552130109568
b0-5_attn,|RQE| T850,168,0.003757897910872998,0.003759668337200613,1.7704263276148897e-06,-1.2963634670389487e-05,1.294583658667155e-05,0.04711214539629687,0.00048823413447212033,-0.003575008377466444,0.003570100163064213,0.02286618766368985,colmax,11,False,-0.034487929772393205,48,51.42910395451531
b0-5_mlp,|RQE| T850,168,0.003757897910872998,0.003728593578974445,-2.9304331898553453e-05,-4.2540382029680286e-05,-1.267815411362487e-05,-0.7798064927140546,-0.008081316289533957,-0.011731449242711555,-0.0034962808131693375,-0.3784841775676158,colmax,5,True,-0.11892891707096702,48,60.95829162938542
b6-11_attn,|RQE| T850,168,0.003757897910872998,0.00373822110244267,-1.967680843032819e-05,-6.04033687750416e-05,1.6340754890128054e-05,-0.5236121070079062,-0.005426314206532029,-0.01665756208721368,0.004506323813626754,-0.25413855813842723,colmax,7,False,0.12161043837991524,48,37.591214841638795
b6-11_mlp,|RQE| T850,168,0.003757897910872998,0.0037895646534404173,3.166674256741923e-05,9.656381015095878e-06,5.524916365023576e-05,0.8426717095159916,0.008732803171642886,0.002662960188459129,0.015236176266888975,0.4089962213902822,colmax,4,True,0.25647291209762085,48,28.404353070956894
b12-17_attn,|RQE| T850,168,0.003757897910872998,0.003763716063379737,5.818152506738746e-06,-1.2941609111294383e-05,2.693062621498635e-05,0.15482465582432836,0.0016044839647076758,-0.0035689343434254176,0.007426714557831722,0.07514515854171981,colmax,10,False,-0.03650208993819162,48,51.63695717185479
b12-17_mlp,|RQE| T850,168,0.003757897910872998,0.003802402452796135,4.450454192313676e-05,1.7914209350540963e-05,7.049375385577149e-05,1.1842935326786965,0.012273109683809092,0.004940238608401597,0.019440208475565504,0.5748046058894583,colmax,3,True,0.016941040829212838,48,46.40075298929984
b18-23_attn,|RQE| T850,168,0.003757897910872998,0.0038196570712898392,6.175916041684104e-05,2.9706288766343885e-05,9.616193743416562e-05,1.6434496593999743,0.017031451555774766,0.008192164767315675,0.026518776613304346,0.7976590327516863,colmax,2,True,-0.05883038029953897,48,54.00074247036703
b18-23_mlp,|RQE| T850,168,0.003757897910872998,0.003764145327901739,6.247417028741135e-06,-6.530972214022768e-05,8.074604971473792e-05,0.16624765166358116,0.0017228631308386791,-0.018010597314549653,0.022267505334507946,0.08068938422587711,colmax,9,False,0.009875268125809267,48,47.06124472001667
adaln,|RQE| T850,168,0.003757897910872998,0.003746240698698481,-1.1657212174516948e-05,-2.067544321562309e-05,-2.9543139665596324e-06,-0.3102056642036042,-0.0032147335405086526,-0.005701709789193215,-0.000814717280196194,-0.15056034643195662,colmax,8,True,0.023476628017896517,48,45.797940638778655
head,|RQE| T850,168,0.003757897910872998,0.0036804723971120743,-7.742551376092403e-05,-0.00015238123612562048,-2.218682498854239e-05,-2.0603410629358287,-0.021351794258533407,-0.04202248902941496,-0.006118506670401088,-1.0,colmax,1,True,-0.02278249469624945,48,50.238109201860965
embed,SpecDiv> Q700,168,0.07217507452393572,0.07150353863835335,-0.0006715358855823675,-0.0007655681692995131,-0.0005583823386890193,-0.9304263140866772,-0.08556669943026592,-0.0975482365756544,-0.07114874240910825,-0.6313537978766334,share,2,True,0.2638603069915533,48,27.957761683737722
b0-5_attn,SpecDiv> Q700,168,0.07217507452393572,0.07217390812002122,-1.1664039144913356e-06,-3.0375685309991243e-05,3.241944359615445e-05,-0.001616075802047861,-0.00014862248661367186,-0.003870451588233947,0.004130866042226357,-0.001096610854435048,share,11,False,0.3863366175007972,48,21.247251200118285
b0-5_mlp,SpecDiv> Q700,168,0.07217507452393572,0.07184974678481619,-0.0003253277391195297,-0.0003805503210363289,-0.0002751440042629838,-0.4507480473908481,-0.04145306523035302,-0.04848949346909145,-0.03505868385930485,-0.30586139632673526,share,7,True,0.4270052836366449,48,19.273752312499678
b6-11_attn,SpecDiv> Q700,168,0.07217507452393572,0.07266756248039503,0.0004924879564593235,0.00039331020670942964,0.0005845648352988063,0.682351850285929,0.06275251978058595,0.050115350442033295,0.07448490041025622,0.46301939835940187,share,3,True,0.323030308245674,48,24.560696003476377
b6-11_mlp,SpecDiv> Q700,168,0.07217507452393572,0.07256897810536127,0.0003939035814255476,0.00036683407379314306,0.00044809338287450374,0.5457612396297779,0.05019095789216912,0.04674177747897562,0.05709578986365411,0.3703339277461795,share,4,True,0.11308628189455143,48,38.24668326394358
b12-17_attn,SpecDiv> Q700,168,0.07217507452393572,0.07179671052532892,-0.00037836399860680103,-0.0004215079029866805,-0.0003358985704835505,-0.5242308388352583,-0.04821091357753015,-0.053708283975122215,-0.04279999421728092,-0.3557241729427919,share,5,True,0.3988285967730343,48,20.62885147005355
b12-17_mlp,SpecDiv> Q700,168,0.07217507452393572,0.07232167385518551,0.00014659933124979338,7.444645937842627e-05,0.00022421135411908224,0.20311628663601314,0.018679598786966786,0.009485923165158937,0.0285688761519019,0.13782739915747833,share,10,True,0.3781305869339702,48,21.65958154486532
b18-23_attn,SpecDiv> Q700,168,0.07217507452393572,0.07233060477301478,0.0001555302490790685,8.883310171465079e-05,0.00022595265181735147,0.21549025076169387,0.019817570975707334,0.011319060495603911,0.028790751259346388,0.1462239257037062,share,9,True,0.26034142207491723,48,28.169836457452853
b18-23_mlp,SpecDiv> Q700,168,0.07217507452393572,0.07377466489560902,0.0015995903716733058,0.0014841075482157368,0.001695152969720463,2.2162642466587643,0.20381884495393662,0.18910409291118782,0.21599537383263565,1.5038771238964064,share,1,True,0.36629544641366,48,22.262987593193667
adaln,SpecDiv> Q700,168,0.07217507452393572,0.0718312687240541,-0.00034380579988161725,-0.0003668369667138904,-0.000315720756771043,-0.4763497677686492,-0.04380752864061824,-0.04674214609320069,-0.040228949306403625,-0.32323380201645063,share,6,True,0.4012470801252079,48,20.510401457123432
head,SpecDiv> Q700,168,0.07217507452393572,0.07194850291125476,-0.00022657161268095175,-0.00031371348692725104,-0.00017289328194844232,-0.3139194717503379,-0.028869618881035515,-0.03997318418783482,-0.0220299582012137,-0.21301445124276533,share,8,True,0.1272804321544002,48,37.16070825121106
embed,SpecDiv< Q700,168,0.05114476281839112,0.05065779799285034,-0.000486964825540781,-0.0005584500594219814,-0.00041117711419550086,-0.9521303818925396,-0.07438929725247535,-0.08530946239262878,-0.06281188079105435,-0.8497068457795429,share,2,True,0.14385669511202412,48,35.92659710803913
b0-5_attn,SpecDiv< Q700,168,0.05114476281839112,0.05114172104125222,-3.0417771389087043e-06,-2.143287177508076e-05,1.7686714030181366e-05,-0.005947387320398157,-0.00046466531440085313,-0.003274109721744472,0.002701842429685928,-0.005307608933347873,share,11,False,0.41588781297076566,48,19.80198199359891
b0-5_mlp,SpecDiv< Q700,168,0.05114476281839112,0.0509538067659984,-0.00019095605239272118,-0.00022465047465326885,-0.0001613262245276322,-0.3733638438617519,-0.02917066243506695,-0.034317860470380476,-0.024644376434536933,-0.3331999693837107,share,7,True,0.3170865232064991,48,24.888149949544857
b6-11_attn,SpecDiv< Q700,168,0.05114476281839112,0.05148421158082783,0.0003394487624367078,0.00028196671434367696,0.000390607778293391,0.6637018997273472,0.05185457668908052,0.04307355404021682,0.059669685785472944,0.5923054851314092,share,3,True,0.22136258210321821,48,30.600737738899365
b6-11_mlp,SpecDiv< Q700,168,0.05114476281839112,0.05137715946572522,0.00023239664733409882,0.00021639982393632332,0.00026316266545715433,0.45438992093738173,0.03550117456597938,0.03305748173968341,0.04020102627475409,0.4055098270325909,share,5,True,0.0037999319136968147,48,47.63658747912103
b12-17_attn,SpecDiv< Q700,168,0.05114476281839112,0.050892796367406845,-0.00025196645098427933,-0.00028282337783214944,-0.00022228533246864874,-0.4926534743723063,-0.03849067989480716,-0.04320441892315483,-0.033956558676517465,-0.4396572546494698,share,4,True,0.3625950921621899,48,22.453798455758058
b12-17_mlp,SpecDiv< Q700,168,0.05114476281839112,0.05124530754983425,0.00010054473144312699,4.455979409006735e-05,0.0001593173035265256,0.19658851835944413,0.015359326838826699,0.00680700451905128,0.024337491391367535,0.17544089867151197,share,9,True,0.40180555735347595,48,20.483107016098714
b18-23_attn,SpecDiv< Q700,168,0.05114476281839112,0.051239315032338105,9.455221394697826e-05,5.132334190420806e-05,0.0001423597335815429,0.18487174196646833,0.014443903091707748,0.007840211729179248,0.021747033836417667,0.16498453124440537,share,10,True,0.24698987261897756,48,28.98538866107789
b18-23_mlp,SpecDiv< Q700,168,0.05114476281839112,0.0521023302183797,0.0009575673999885718,0.000884574232622981,0.0010119563046221932,1.8722687274722105,0.14627907853082586,0.13512855976691182,0.15458758908810055,1.6708631350571086,share,1,True,0.2173460759223593,48,30.860072660326008
adaln,SpecDiv< Q700,168,0.05114476281839112,0.05093489781332513,-0.00020986500506599745,-0.00022735819608593982,-0.0001906045654322952,-0.4103352787287386,-0.03205921542158556,-0.03473149505745394,-0.029116968889644115,-0.3661942755230947,share,6,True,0.3860582937410927,48,21.26115621074464
head,SpecDiv< Q700,168,0.05114476281839112,0.050979889541243516,-0.000164873277147611,-0.00022513150858382384,-0.00012539666301260397,-0.32236590427265466,-0.025186228202628703,-0.03439134375741018,-0.019155735999933917,-0.2876880319289113,share,8,True,0.08904945973865767,48,40.15026640115812
embed,SpecRes Q700,168,0.006896034135327985,0.006773651577532291,-0.00012238255779569349,-0.00013661520958218413,-0.00010470616034581328,-1.7746802784622935,-0.12140667940542461,-0.1355258400411759,-0.10387123353066952,2.6336220336857163,share,1,True,0.42586974757244245,48,19.32732787370022
b0-5_attn,SpecRes Q700,168,0.006896034135327985,0.0068920338138317066,-4.0003214962780476e-06,-6.932131509529427e-06,-1.1701786813015741e-06,-0.058009015294524596,-0.00396842293677202,-0.006876854699986477,-0.0011608476776977605,0.08608526430712667,share,11,True,0.45017612186453176,48,18.198855816609456
b0-5_mlp,SpecRes Q700,168,0.006896034135327985,0.006875982944620773,-2.0051190707211692e-05,-2.3498889398373042e-05,-1.70021955758178e-05,-0.2907640872090612,-0.01989130253308974,-0.023311509278425936,-0.016866620085744577,0.431493332050666,share,8,True,0.18015506083215996,48,33.34524282962253
b6-11_attn,SpecRes Q700,168,0.006896034135327985,0.006938024821768825,4.1990686440840364e-05,3.392501627483095e-05,4.646561840975967e-05,0.608910652366474,0.041655852750253665,0.03365449822987068,0.046095101616245165,-0.9036222073802472,share,3,True,-0.005314758154586817,48,48.51294295056971
b6-11_mlp,SpecRes Q700,168,0.006896034135327985,0.006912022246979177,1.598811165119211e-05,1.1809644638560714e-05,2.1912148319339998e-05,0.23184501899846952,0.01586062246529316,0.011715474544332371,0.021737420871128725,-0.34405755101066,share,9,True,0.03941905241509567,48,44.35928452239113
b12-17_attn,SpecRes Q700,168,0.006896034135327985,0.006859376706415787,-3.665742891219755e-05,-4.20008014771156e-05,-3.102417128199401e-05,-0.5315726139521796,-0.03636512261167105,-0.04166588712924003,-0.030776784572029668,0.7888527108789395,share,5,True,0.2697093100034117,48,27.60785704543826
b12-17_mlp,SpecRes Q700,168,0.006896034135327985,0.006922887618808697,2.6853483480711777e-05,1.5684096918751796e-05,3.710268574650399e-05,0.3894047354426935,0.026639353830994725,0.015559031946017331,0.03680682896843766,-0.5778758595165312,share,6,True,0.6002260232532035,48,11.991525325175852
b18-23_attn,SpecRes Q700,168,0.006896034135327985,0.006888015913621833,-8.018221706151962e-06,-1.6347335379881162e-05,5.900192869982358e-07,-0.11627294106731688,-0.007954284414495734,-0.016216981744338294,0.0005853144738092138,0.17254881526133595,share,10,False,0.5831506376887107,48,12.638575833916407
b18-23_mlp,SpecRes Q700,168,0.006896034135327985,0.007009017669285337,0.00011298353395735224,0.0001002711069304496,0.00012427439093395755,1.638384203734493,0.11208260337352464,0.09947154522668851,0.12328342706818564,-2.4313589275565204,share,2,True,0.45846752152979675,48,17.822514785454345
adaln,SpecRes Q700,168,0.006896034135327985,0.006872985958276938,-2.3048177051047485e-05,-2.706941013457254e-05,-1.9181010429747403e-05,-0.3342236508513351,-0.022864390910895416,-0.026853558685939194,-0.019028061072264936,0.4959872387964105,share,7,True,0.6973466677268347,48,8.558864388361894
head,SpecRes Q700,168,0.006896034135327985,0.006854865185838814,-4.1168949489171304e-05,-5.476374280988239e-05,-3.023429987176012e-05,-0.596994572260963,-0.04084066832819391,-0.054327056780917184,-0.02999321159561038,0.8859387680013922,share,4,True,0.4719683691773697,48,17.21879274732714
embed,|RQE| Q700,168,0.3065831493586302,0.2988250156243642,-0.0077581337342659635,-0.009273642969007293,-0.006078874265464644,-2.5305153758436907,-0.12501931767152677,-0.14944116149917577,-0.0979587023001091,1.5256484313121468,share,1,True,0.5159334536847048,48,15.327318073664467
b0-5_attn,|RQE| Q700,168,0.3065831493586302,0.3065778200204174,-5.329338212807973e-06,-0.0003002919489517808,0.0002073822077363729,-0.001738301085352183,-8.588021937070744e-05,-0.0048390883485790615,0.003341883885541092,0.0010480222129184075,share,11,False,0.15712302893028937,48,34.96438459853995
b0-5_mlp,|RQE| Q700,168,0.3065831493586302,0.3058034817998608,-0.000779667558769385,-0.0009610621569057305,-0.0005701444732646147,-0.254308679521508,-0.012564040469869005,-0.015487144100854864,-0.009187657169005768,0.15332277435844277,share,8,True,0.08636794513045754,48,40.367850349700575
b6-11_attn,|RQE| Q700,168,0.3065831493586302,0.30741144499431056,0.0008282956356803576,-9.058156671623388e-05,0.001739002849596242,0.27016998077459453,0.013347663078517362,-0.0014596868335053138,0.028023356793285936,-0.16288555734183913,share,7,False,0.5472313423967309,48,14.046312900623953
b6-11_mlp,|RQE| Q700,168,0.3065831493586302,0.30690270972748596,0.00031956036885579425,-6.459529201189675e-06,0.0006646395272885758,0.1042328547815861,0.00514959146589045,-0.0001040928090276654,0.010710408333403868,-0.06284201744306511,share,10,False,-0.05747234546208533,48,53.85377536435802
b12-17_attn,|RQE| Q700,168,0.3065831493586302,0.3055230363582571,-0.0010601130003730457,-0.0013854510616511106,-0.0006975090752045314,-0.3457831921261148,-0.01708331004607166,-0.022326006785612897,-0.011240088356123034,0.20847278371720115,share,5,True,0.09207479116926703,48,39.90606721835813
b12-17_mlp,|RQE| Q700,168,0.3065831493586302,0.30620826439311105,-0.0003748849655191104,-0.0009198407176882028,4.945330632229639e-05,-0.12227839863455221,-0.006041125894428453,-0.014822876587438348,0.0007969208607099971,0.07372168090382286,share,9,False,0.051713282245176434,48,43.27963069465199
b18-23_attn,|RQE| Q700,168,0.3065831493586302,0.31208494616051513,0.005501796801884969,0.0051741176052019005,0.006023667473345994,1.7945529013563495,0.0886593226797638,0.08337889945071679,0.09706906624614123,-1.0819364485972178,share,2,True,0.3582563501000556,48,22.67885233367633
b18-23_mlp,|RQE| Q700,168,0.3065831493586302,0.3076406068479021,0.0010574574892719586,0.0002508819336071611,0.0017468801156307256,0.3449170287030296,0.017040517514091868,0.004042865105192489,0.028150295881793592,-0.20795057354598287,share,6,True,0.3461590224550002,48,23.314011493920002
adaln,|RQE| Q700,168,0.3065831493586302,0.3054966991767287,-0.001086450181901455,-0.0012251550254101554,-0.0009346173998589318,-0.3543737430365306,-0.017507723516740504,-0.019742898300671236,-0.015060997092409038,0.21365202927551488,share,4,True,0.16205675275639597,48,34.61214417651136
head,|RQE| Q700,168,0.3065831493586302,0.30300639880200225,-0.003576750556627909,-0.004274410203409692,-0.002863005672891935,-1.1666494274425865,-0.05763794868550086,-0.06888046344422193,-0.046136226568737504,0.7033732676987063,share,3,True,0.390876196734565,48,21.021240154504316
embed,Vag/Vg 850hPa,168,0.3023090126613776,0.30504359242816764,0.002734579766790072,0.002663903792078296,0.0028203428878138463,0.9045644199344892,0.3196241454033544,0.31136337046011076,0.329648341660948,0.620344859621899,share,1,True,0.0721301359055093,48,41.541368892610656
b0-5_attn,Vag/Vg 850hPa,168,0.3023090126613776,0.3023648119221131,5.579926073551178e-05,3.458075225353241e-05,7.833048390845456e-05,0.018457690111281483,0.006521949457580419,0.004041880043387639,0.009155452067013327,0.012658173291689575,share,9,True,0.1512363312612348,48,35.388612219028374
b0-5_mlp,Vag/Vg 850hPa,168,0.3023090126613776,0.30226777990659076,-4.123275478680929e-05,-8.283954424162706e-05,-8.789092923204105e-06,-0.013639274073841433,-0.0048193818192511,-0.00968248169440436,-0.0010272899509335975,-0.009353732442068127,share,11,True,0.408523516068298,48,20.156476554946664
b6-11_attn,Vag/Vg 850hPa,168,0.3023090126613776,0.30256665125489235,0.0002576385935147603,0.00020361108084519705,0.0003164298987636963,0.08522359001031388,0.03011340765229874,0.023798544295597936,0.036985074343300575,0.058445827424044895,share,5,True,0.10772673769837735,48,38.6639729212168
b6-11_mlp,Vag/Vg 850hPa,168,0.3023090126613776,0.30251708813011646,0.0002080754687388738,0.00018017129041254522,0.00024634815442065396,0.06882873484554142,0.024320352502692395,0.021058846197756637,0.028793754449818437,0.047202333979488774,share,6,True,0.10859453777012615,48,38.596132967693
b12-17_attn,Vag/Vg 850hPa,168,0.3023090126613776,0.3022098143895467,-9.919827183087666e-05,-0.00012587276287376878,-7.571517489850521e-05,-0.03281353438906257,-0.011594528433394794,-0.014712305982689567,-0.008849768569525898,-0.022503325286390975,share,8,True,0.2272058951549994,48,30.226482107857663
b12-17_mlp,Vag/Vg 850hPa,168,0.3023090126613776,0.3024666849523783,0.0001576722910006841,0.00010816254653036595,0.00021252248746653392,0.052156000779671106,0.01842910997766899,0.0126422940443239,0.02484013056061664,0.035768272849431695,share,7,True,0.5329425352838663,48,14.62465669153278
b18-23_attn,Vag/Vg 850hPa,168,0.3023090126613776,0.3019804550955693,-0.0003285575658082962,-0.00038096510494748753,-0.00027641683506468936,-0.1086826895817096,-0.03840258472714166,-0.044528101749349194,-0.0323082529007221,-0.07453393735824679,share,4,True,0.6426087358128771,48,10.443619534564643
b18-23_mlp,Vag/Vg 850hPa,168,0.3023090126613776,0.3035957633207242,0.0012867506593465805,0.0012010823003947735,0.001397266797721386,0.42564085272174657,0.15039845786748499,0.1403853376248012,0.1633158452885109,0.29190194662989283,share,2,True,0.42412026101046596,48,19.410037360106408
adaln,Vag/Vg 850hPa,168,0.3023090126613776,0.3023507942756017,4.1781614224116005e-05,2.9649678617715838e-05,5.2509363740682595e-05,0.013820829837751621,0.004883533807328468,0.003465524503896852,0.006137418522258076,0.009478242297192178,share,10,True,0.19031661397421942,48,32.65081077838272
head,Vag/Vg 850hPa,168,0.3023090126613776,0.3026738769064347,0.000364864245057106,0.00029082434872786204,0.00044155654807885483,0.12069248013647473,0.04264619519638617,0.03399223714499382,0.05161017281007095,0.08277017976575132,share,3,True,0.2176261888760645,48,30.8419310269708
embed,|Vag| 850hPa,168,2.559359888235728,2.5863468945026398,0.026987006266911823,0.026419705152511595,0.027683790028095245,1.054443589233364,0.27491167001026373,0.2691326778828685,0.282009678048963,0.7051412633688929,share,1,True,-0.06854654341927918,48,55.064731062792
b0-5_attn,|Vag| 850hPa,168,2.559359888235728,2.559202566742897,-0.00015732149283091226,-0.00041717663407325745,0.00013501097758611045,-0.0061469078090209675,-0.0016026051165105003,-0.00424970165375308,0.0013753320005495807,-0.004110640324928642,share,9,False,0.21910658856646056,48,30.74619077638303
b0-5_mlp,|Vag| 850hPa,168,2.559359888235728,2.5606672813495,0.0013073931137720745,0.0011280765136082967,0.0014329828321933745,0.051082816441001364,0.013318173224262885,0.011491507994187777,0.014597532590242285,0.034160766957517213,share,7,True,-0.08306891228509902,48,56.69707188055231
b6-11_attn,|Vag| 850hPa,168,2.559359888235728,2.56079330543677,0.0014334172010421753,0.001012410099307696,0.00191209465265274,0.056006863576747265,0.01460195742582587,0.010313235502419615,0.01947815659801275,0.03745363995104765,share,6,True,-0.09445960426117078,48,58.014044709373486
b6-11_mlp,|Vag| 850hPa,168,2.559359888235728,2.559030383825302,-0.00032950441042582196,-0.0006427687903245291,3.7643437584241023e-05,-0.012874485215635811,-0.0033566008341197103,-0.006547767463753363,0.00038346677615364266,-0.008609593593127152,share,8,False,0.18203779932954714,48,33.215676905130515
b12-17_attn,|Vag| 850hPa,168,2.559359888235728,2.5593709349632263,1.1046727498372396e-05,-0.00026082297166188557,0.00031142470737298314,0.00043162071692806603,0.00011253098156535071,-0.002656955647745281,0.003172426223924448,0.00028863903269792253,share,10,False,0.16302627225909028,48,34.54327721550717
b12-17_mlp,|Vag| 850hPa,168,2.559359888235728,2.559355000654856,-4.887580871582031e-06,-0.00025379384557406106,0.00022947390874226853,-0.00019096887835306516,-4.97888875271156e-05,-0.002585351232924145,0.0023376085087832474,-0.00012770719792030386,share,11,False,0.08318198386709094,48,40.6277665524572
b18-23_attn,|Vag| 850hPa,168,2.559359888235728,2.556309844056765,-0.0030500441789627075,-0.003658550977706909,-0.002511886507272721,-0.11917214898078396,-0.031070239156974565,-0.03726898601317821,-0.025588125921075455,-0.07969435306804083,share,4,True,0.4683700760588608,48,17.378613719551016
b18-23_mlp,|Vag| 850hPa,168,2.559359888235728,2.565783823529879,0.006423935294151306,0.00538542332748572,0.007747316112120945,0.2509977328190288,0.06543944749878694,0.054860317073648836,0.07892048452561883,0.1678504760519413,share,3,True,0.6280927479765854,48,10.964699719539954
adaln,|Vag| 850hPa,168,2.559359888235728,2.5615512430667877,0.002191354831059774,0.0020802381138006845,0.002296719575921694,0.08562120712809815,0.022322928680322977,0.021191003115640837,0.02339625995996589,0.057257729841548595,share,5,True,0.0858729147043335,48,40.408135703559125
head,|Vag| 850hPa,168,2.559359888235728,2.566781168182691,0.007421279946962993,0.006947558000683785,0.008000034466385841,0.2899662521506027,0.07559921406824284,0.0707734957175637,0.08149487992635618,0.19391001231699584,share,2,True,0.148971895535354,48,35.55295753798188
embed,Vag/Vg 500hPa,168,0.1801840222130219,0.18274660563717285,0.0025625834241509438,0.0024710585130378604,0.002645141064810256,1.4222034743576424,0.4529894223615616,0.4368105084475509,0.46758318645187064,0.6226755064744786,share,1,True,0.14077786656809751,48,36.15310536205024
b0-5_attn,Vag/Vg 500hPa,168,0.1801840222130219,0.18005763987700144,-0.00012638233602046967,-0.0001429566958298286,-0.0001042386672149102,-0.07014070086139747,-0.02234068200514714,-0.0252705416168559,-0.018426332272505903,-0.030709316367738396,share,8,True,0.3972297394956858,48,20.70738382268481
b0-5_mlp,Vag/Vg 500hPa,168,0.1801840222130219,0.1801601933936278,-2.3828819394111633e-05,-3.645105753093958e-05,-8.038625431557518e-06,-0.013224712769448614,-0.004212234821768985,-0.006443475494218981,-0.0014209926812543486,-0.005790103083115611,share,11,True,-0.004617432982634527,48,48.44532984705687
b6-11_attn,Vag/Vg 500hPa,168,0.1801840222130219,0.18028180518498024,9.778297195831935e-05,4.955586045980453e-05,0.00014936906130363543,0.05426839225662073,0.017285155116022,0.00876001943693004,0.02640405934142067,0.023760030996415205,share,9,True,0.48367656861454156,48,16.704128939398753
b6-11_mlp,Vag/Vg 500hPa,168,0.1801840222130219,0.18033209225783745,0.00014807004481554031,0.00011969078332185745,0.0001731369256352385,0.0821771225866437,0.026174431410858637,0.021157812185933114,0.030605519099909554,0.03597915653409942,share,6,True,0.16113786104443586,48,34.67752109439325
b12-17_attn,Vag/Vg 500hPa,168,0.1801840222130219,0.1800440326333046,-0.0001399895797173182,-0.0001561473123729229,-0.00012797422241419553,-0.07769256008272256,-0.024746042706413174,-0.02760225488407525,-0.02262208072612655,-0.034015705256702715,share,7,True,0.11792462930833054,48,37.873409962705644
b12-17_mlp,Vag/Vg 500hPa,168,0.1801840222130219,0.1797102214768529,-0.00047380073616902035,-0.0005081839549044768,-0.00044634772930294273,-0.26295380153567177,-0.08375404280264517,-0.08983198518185423,-0.07890115816866576,-0.11512761324434749,share,4,True,0.3071406723209943,48,25.44274570658092
b18-23_attn,Vag/Vg 500hPa,168,0.1801840222130219,0.18035909440368414,0.0001750721906622251,0.0001417449985941251,0.0001991628048320611,0.09716299398358787,0.030947617069649467,0.02505634916337108,0.03520612951232047,0.0425403379897053,share,5,True,0.22666524498904772,48,30.260960267817104
b18-23_mlp,Vag/Vg 500hPa,168,0.1801840222130219,0.1807589748253425,0.000574952612320582,0.0004833730713774761,0.0006549399578943848,0.3190918957513594,0.10163472115124014,0.08544615028912293,0.11577413262414339,0.13970624554170813,share,3,True,0.3466714026365273,48,23.286878010515558
adaln,Vag/Vg 500hPa,168,0.1801840222130219,0.1801531668752432,-3.085533777872721e-05,-4.056400309006373e-05,-1.9834563136100783e-05,-0.017124347319901985,-0.005454316727966634,-0.007170523369216261,-0.00350616772634169,-0.007497458579392725,share,10,True,0.3405988975039003,48,23.609785879091177
head,Vag/Vg 500hPa,168,0.1801840222130219,0.18142246610174576,0.0012384438887238503,0.0011007783856863778,0.0013697242907558878,0.6873217022870677,0.21892047552211838,0.194585261256569,0.2421269916196733,0.3009262716615166,share,2,True,0.5175559378345185,48,15.259612121440163
embed,|Vag| 500hPa,168,2.6670693457126617,2.7077067544062934,0.04063740869363149,0.03868773939708869,0.042574971665938696,1.5236727443535167,0.32966533004865206,0.31384890885466893,0.34538354036986785,0.7011896908838007,share,1,True,0.48251040740838014,48,16.75502601551406
b0-5_attn,|Vag| 500hPa,168,2.6670693457126617,2.6647415260473886,-0.0023278196652730307,-0.002612881362438202,-0.0019666582345962526,-0.08728005775384214,-0.018884113503188013,-0.021196636902223356,-0.0159542415927391,-0.04016602445868618,share,5,True,0.3981740533852089,48,20.66097948790298
b0-5_mlp,|Vag| 500hPa,168,2.6670693457126617,2.6678847074508667,0.0008153617382049561,0.0006156449516614279,0.0010769734779993692,0.030571448752004047,0.006614508778373559,0.004994334105118704,0.008736797657424135,0.014068890304514161,share,9,True,-0.03939316534596376,48,51.93682798912681
b6-11_attn,|Vag| 500hPa,168,2.6670693457126617,2.66794183353583,0.0008724878231684367,-4.522676269213358e-05,0.0018254266430934268,0.032713353500574284,0.007077936202987484,-0.00036689582651146897,0.014808519935704112,0.015054588535396242,share,8,False,0.33342859347162107,48,23.994856320023214
b6-11_mlp,|Vag| 500hPa,168,2.6670693457126617,2.6670681883891425,-1.1573235193888347e-06,-0.00041928750773270924,0.0004092093557119368,-4.339307942064734e-05,-9.38862620076903e-06,-0.0034014116319292342,0.0033196540243697467,-1.996936681988742e-05,share,11,False,0.0458291433334115,48,43.79319644317379
b12-17_attn,|Vag| 500hPa,168,2.6670693457126617,2.665488049387932,-0.0015812963247299194,-0.001862263927857081,-0.0013539706667264307,-0.05928965916360097,-0.012828046658361484,-0.015107357288529943,-0.010983898852598673,-0.027284925805488837,share,7,True,0.14654627110521087,48,35.729721529215745
b12-17_mlp,|Vag| 500hPa,168,2.6670693457126617,2.6590890089670816,-0.007980336745580038,-0.008464790880680084,-0.007603086903691291,-0.29921744473605466,-0.06473937270373548,-0.06866943954301746,-0.061678985793372616,-0.1376989831701262,share,3,True,0.11190490389996693,48,38.33831873866499
b18-23_attn,|Vag| 500hPa,168,2.6670693457126617,2.668917258580526,0.001847912867863973,0.001306229829788208,0.0022467294087012606,0.06928626999648545,0.014990936308913756,0.010596607948183685,0.018226280067055265,0.031885336547081526,share,6,True,0.13341782197362884,48,36.69956810175659
b18-23_mlp,|Vag| 500hPa,168,2.6670693457126617,2.67133962114652,0.004270275433858235,0.002921478326121966,0.0056360304355621334,0.1601111512425705,0.03464201595418519,0.02370008687984861,0.045721513586446196,0.07368267829353481,share,4,True,0.3196990224343856,48,24.743859295215206
adaln,|Vag| 500hPa,168,2.6670693457126617,2.667801653345426,0.0007323076327641805,0.0005956149349610012,0.0008837174624204634,0.027457390035297423,0.005940743891235967,0.00483184337850254,0.007169035090671404,0.012635809692517005,share,10,True,0.0426439019115459,48,44.07362151545417
head,|Vag| 500hPa,168,2.6670693457126617,2.6865950375795364,0.019525691866874695,0.01767452297111352,0.021431778868039448,0.7321028940721929,0.15839946149741324,0.14338211111472154,0.17386232737741458,0.3369115867511462,share,2,True,0.47401762296734545,48,17.128122285771838
embed,Vag/Vg 250hPa,168,0.21449742807696262,0.21650182300557694,0.0020043949286142984,0.0018176417099311948,0.00219309040500472,0.9344610546542836,0.266680491773318,0.24183337233209554,0.29178602448088026,0.31290789659604357,share,2,True,0.6518122366072927,48,10.117985732553546
b0-5_attn,Vag/Vg 250hPa,168,0.21449742807696262,0.2146409209817648,0.00014349290480216345,9.729623949776094e-05,0.00018900046125054355,0.0668972612346091,0.019091426481046763,0.012945058195140916,0.02514611029600035,0.02240080653623591,share,7,True,0.7215157040417607,48,7.7648122376182656
b0-5_mlp,Vag/Vg 250hPa,168,0.21449742807696262,0.21449593578775725,-1.4922892053922017e-06,-2.5560008361935614e-05,2.149386952320732e-05,-0.0006957142650944802,-0.00019854591202599564,-0.0034007048722695943,0.0028597137284333335,-0.0002329626111631961,share,10,False,0.18899339215096375,48,32.740566460449344
b6-11_attn,Vag/Vg 250hPa,168,0.21449742807696262,0.21471900244553885,0.00022157436857620874,0.00017497710262735685,0.0002651074978833397,0.10329931251982512,0.02947999954136596,0.023280332189821222,0.035271990015061226,0.03459017413235506,share,5,True,0.058641632743494036,48,42.682245087238634
b6-11_mlp,Vag/Vg 250hPa,168,0.21449742807696262,0.21449735636512438,-7.171183824539185e-08,-2.3134184690813223e-05,1.7939042299985877e-05,-3.34324932882931e-05,-9.54110790056272e-06,-0.003077954180609488,0.0023867515099980385,-1.1194999621114689e-05,share,11,False,-0.18352065013648783,48,69.57798897920439
b12-17_attn,Vag/Vg 250hPa,168,0.21449742807696262,0.21467606692264476,0.00017863884568214417,0.0001382724071542422,0.00020982321196546158,0.08328251172226073,0.02376751933276281,0.01839685034728476,0.027916533091156055,0.027887471004224035,share,6,True,0.41318641991030675,48,19.93158966677093
b12-17_mlp,Vag/Vg 250hPa,168,0.21449742807696262,0.21446709583202997,-3.033224493265152e-05,-7.957553025335073e-05,1.0613266689081964e-05,-0.014141076284498934,-0.0040356408209536,-0.010587355434867836,0.0014120726108214933,-0.004735194060520575,share,9,False,0.3189200475702513,48,24.786822959324706
b18-23_attn,Vag/Vg 250hPa,168,0.21449742807696262,0.2152195287247499,0.000722100647787253,0.0005592823804666598,0.0008775211094568172,0.33664769515472237,0.09607395883548057,0.07441133388124899,0.11675232144655022,0.11272778213720433,share,4,True,0.6375102808947006,48,10.625586123067057
b18-23_mlp,Vag/Vg 250hPa,168,0.21449742807696262,0.21737792001416287,0.0028804919372002282,0.002746992550479869,0.003025593119673431,1.3429027858397886,0.3832433396210473,0.36548152951377744,0.402548744033338,0.44967618923996344,share,1,True,0.31733265201672733,48,24.87453161737997
adaln,Vag/Vg 250hPa,168,0.21449742807696262,0.21454638770471016,4.8959627747535706e-05,3.686625665674607e-05,5.993104229370752e-05,0.022825274963189198,0.006513974575747821,0.004904977215173477,0.007973697998938068,0.007643131559506483,share,8,True,0.25832538899688545,48,28.291872388054955
head,Vag/Vg 250hPa,168,0.21449742807696262,0.21554922064145407,0.001051792564491431,0.0009136050784339508,0.0011892899172380566,0.4903520633888641,0.13993876872159494,0.12155321694602533,0.15823249972467085,0.16419628403165998,share,3,True,0.4301502923903991,48,19.12581223861621
embed,|Vag| 250hPa,168,5.349811464548111,5.4020016094048815,0.052190144856770836,0.04814098899563154,0.05604940305153529,0.9755511049804677,0.17752916816946812,0.16375562387697076,0.19065675957485684,0.3422182113748691,share,2,True,0.5581648010685849,48,13.610941239439807
b0-5_attn,|Vag| 250hPa,168,5.349811464548111,5.352369397878647,0.0025579333305358887,0.0015104365845521291,0.0035111640890439348,0.047813522915465076,0.008701025407176663,0.005137877106188646,0.011943520021742388,0.016772733081973582,share,9,True,0.608962083589262,48,11.665793855032206
b0-5_mlp,|Vag| 250hPa,168,5.349811464548111,5.3510229885578156,0.0012115240097045898,0.00047050118446350097,0.001971133550008138,0.022646106647553142,0.0041211008371495475,0.0016004493593529167,0.00670497658981832,0.00794413544504707,share,11,True,0.2108826056186642,48,31.281013332379715
b6-11_attn,|Vag| 250hPa,168,5.349811464548111,5.354268451531728,0.0044569869836171465,0.003357816239198049,0.005570704489946365,0.08331110382398532,0.015160816163955282,0.011421894410270557,0.018949219952007802,0.02922509829854696,share,6,True,-0.03243172245239054,48,51.21780429110471
b6-11_mlp,|Vag| 250hPa,168,5.349811464548111,5.346225808064143,-0.003585656483968099,-0.004290086030960083,-0.0030332704385121665,-0.0670239784659584,-0.012196912169668622,-0.014593088533131196,-0.010317924567175094,-0.02351166014035447,share,7,True,-0.1875153233469372,48,70.15607451879703
b12-17_attn,|Vag| 250hPa,168,5.349811464548111,5.355239560206731,0.005428095658620198,0.004501262307167053,0.006169516841570536,0.10146330753131876,0.018464124015439048,0.015311422401623717,0.0209861305404951,0.0355927961603215,share,5,True,0.3405236453507079,48,23.613805793693757
b12-17_mlp,|Vag| 250hPa,168,5.349811464548111,5.348250200351079,-0.001561264197031657,-0.0029870726168155673,-0.00027848929166793864,-0.0291835367914883,-0.005310771505855368,-0.010160778790332618,-0.0009473047532172062,-0.010237431654157957,share,10,True,0.42222265764455486,48,19.49997933445421
b18-23_attn,|Vag| 250hPa,168,5.349811464548111,5.366829603910446,0.017018139362335205,0.013505537062883377,0.020171902577082314,0.31810727303401704,0.05788863267344423,0.04594022045801151,0.06861642355530621,0.11159036307505188,share,4,True,0.5581097475112295,48,13.613118173056106
b18-23_mlp,|Vag| 250hPa,168,5.349811464548111,5.4142341911792755,0.06442272663116455,0.06225108901659648,0.06705419768889745,1.2042055511316272,0.21913932412770315,0.2117523160950979,0.22809049430022177,0.42242899191242766,share,1,True,0.1554699383077711,48,35.083078855859796
adaln,|Vag| 250hPa,168,5.349811464548111,5.352401236693065,0.0025897721449534097,0.0022517646352450053,0.0029415992399056752,0.048408661914820635,0.008809327812823488,0.007659566834036291,0.010006097273375255,0.016981504721756583,share,8,True,0.21377866889742517,48,31.09184965921726
head,|Vag| 250hPa,168,5.349811464548111,5.376831740140915,0.027020275592803955,0.023649249225854874,0.03052492067217827,0.5050696790318817,0.09191174048021346,0.08044491070911014,0.10383308554216003,0.17717579457964985,share,3,True,0.4934320626563129,48,16.281464420449307
embed,div/vort 850hPa,168,0.25753160441915196,0.2576187752808134,8.717086166143417e-05,3.8349690536657975e-06,0.0001764510680610934,0.03384860738084677,0.01027363820373091,0.0004519753944028928,0.020795876045855154,0.3667375421530649,colmax,4,True,0.280847230437764,48,26.950390428052387
b0-5_attn,div/vort 850hPa,168,0.25753160441915196,0.25752325914800167,-8.345271150271097e-06,-1.7929961904883386e-05,4.7129423667987165e-06,-0.003240484277296135,-0.0009835430656050255,-0.002113159582302782,0.0005554501106067037,-0.03510948695377333,colmax,10,False,-0.259453392622633,48,81.63397447728826
b0-5_mlp,div/vort 850hPa,168,0.25753160441915196,0.2576243268946807,9.272247552871704e-05,7.152416122456392e-05,0.00011389198092122872,0.03600430934985528,0.01092793106297556,0.008429575448048858,0.013422891365184157,0.3900938011812001,colmax,3,True,-0.04201195005804829,48,52.210018283439986
b6-11_attn,div/vort 850hPa,168,0.25753160441915196,0.2575180248046915,-1.3579614460468292e-05,-5.139727145433426e-05,3.2425679576893594e-05,-0.005272989500102851,-0.0016004435800446631,-0.006057494001053209,0.0038215717286008343,-0.057130953344948554,colmax,9,False,0.12376612186824196,48,37.427028037116514
b6-11_mlp,div/vort 850hPa,168,0.25753160441915196,0.25750034395605326,-3.1260463098684944e-05,-4.7655395853022735e-05,-5.397604157527339e-06,-0.012138495843720292,-0.0036842435859396343,-0.005616490259682022,-0.0006361418394229664,-0.1315162565205012,colmax,7,True,-0.24518956937665984,48,79.18425197267206
b12-17_attn,div/vort 850hPa,168,0.25753160441915196,0.25755059781173867,1.899339258670807e-05,-2.11822334676981e-06,4.040577138463656e-05,0.007375169595027607,0.0022384916241294053,-0.0002496460386491381,0.004762076095573033,0.07990732202982517,colmax,8,False,-0.13036832178146718,48,62.39156277823152
b12-17_mlp,div/vort 850hPa,168,0.25753160441915196,0.2574910158291459,-4.058859000603358e-05,-6.082136339197556e-05,-2.0758341997861868e-05,-0.0157606248357668,-0.004783622428112829,-0.007168182929907273,-0.0024465020917614367,-0.17076072731832062,colmax,6,True,-0.2373473346038215,48,77.8764367526736
b18-23_attn,div/vort 850hPa,168,0.25753160441915196,0.2574516066039602,-7.999781519174576e-05,-0.00010390293318778275,-5.891562129060434e-05,-0.031063300122785444,-0.009428249241828161,-0.012245618817256313,-0.006943579151925257,-0.3365597352356523,colmax,5,True,0.010719791204692299,48,46.981814777344105
b18-23_mlp,div/vort 850hPa,168,0.25753160441915196,0.25738420865188044,-0.0001473957672715187,-0.0001857626795147856,-0.00010773842222988605,-0.05723405001260391,-0.017371524805964517,-0.021893308437202892,-0.012697655495590272,-0.6201104403770855,colmax,2,True,-0.13353123793503377,48,62.79453086250106
adaln,div/vort 850hPa,168,0.25753160441915196,0.2575383239115278,6.7194923758506775e-06,-6.330952358742555e-06,1.8790705750385912e-05,0.002609191361583024,0.0007919347390454868,-0.0007461428369424213,0.0022146036966116034,0.028269654233852536,colmax,11,False,0.089069263646499,48,40.14866345466953
head,div/vort 850hPa,168,0.25753160441915196,0.257769297187527,0.00023769276837507883,0.0002023763411367933,0.0002756839928527673,0.09229654314125114,0.028013598344515847,0.023851333693470714,0.032491104792902556,1.0,colmax,1,True,0.13118954046414513,48,36.86641412950978
embed,div/vort 500hPa,168,0.21315989612291256,0.21319982688874006,3.993076582749685e-05,-2.1131786828239758e-05,0.00010875580677141721,0.018732775983561146,0.0052219308004894365,-0.002763501431063829,0.014222499502392896,0.022607839390376815,share,8,False,-0.010467927039769304,48,49.015551717097544
b0-5_attn,div/vort 500hPa,168,0.21315989612291256,0.21318054820100465,2.0652078092098236e-05,8.885857338706652e-06,3.461467567831278e-05,0.009688538260588101,0.002700767702506179,0.0011620446331083087,0.004526721121613539,0.011692709992107487,share,11,True,-0.1273610435540407,48,62.011132657868075
b0-5_mlp,div/vort 500hPa,168,0.21315989612291256,0.21313406651218733,-2.5829610725243885e-05,-4.505690497656663e-05,-2.684063899020371e-06,-0.012117481381371089,-0.0033778575746203922,-0.005892299709159081,-0.0003510074413630366,-0.01462410446408597,share,10,True,0.09334446621325258,48,39.80398398364928
b6-11_attn,div/vort 500hPa,168,0.21315989612291256,0.21312324081858,-3.665530433257421e-05,-9.695560826609532e-05,1.0019843466579913e-05,-0.017196154154362122,-0.0047935835621708694,-0.012679333005335693,0.001310341240141862,-0.020753351857468495,share,9,False,0.039711050358129114,48,44.33334585309326
b6-11_mlp,div/vort 500hPa,168,0.21315989612291256,0.2132839784026146,0.00012408227970202765,9.942614318182071e-05,0.0001429851244514187,0.05821089330540823,0.016226813203887445,0.013002416274658497,0.018698825577507953,0.07025240294198251,share,5,True,-0.22590028942157048,48,76.01503151094843
b12-17_attn,div/vort 500hPa,168,0.21315989612291256,0.21310914835582176,-5.0747767090797424e-05,-8.241036751617987e-05,-2.418687411894408e-05,-0.02380737090504828,-0.006636520050036604,-0.010777184646833277,-0.003163029316164569,-0.028732165387595803,share,7,True,-0.08824263421785414,48,57.2911702201023
b12-17_mlp,div/vort 500hPa,168,0.21315989612291256,0.21332936144123474,0.0001694653183221817,0.00013144862993309895,0.00020438553765416144,0.07950150164478612,0.022161762916952845,0.017190144869626126,0.02672844139432736,0.09594718807593518,share,3,True,0.07327458210856537,48,41.44588980333205
b18-23_attn,div/vort 500hPa,168,0.21315989612291256,0.21332026024659476,0.00016036412368218103,0.00013015915950139365,0.00020097786715875067,0.07523184548265666,0.02097155762970183,0.01702151486155837,0.02628280457396738,0.09079431052856779,share,4,True,-0.14223978879228244,48,63.91939046092262
b18-23_mlp,div/vort 500hPa,168,0.21315989612291256,0.21378859505057335,0.0006286989276607832,0.0005267820321023464,0.00072986235221227,0.29494240666089555,0.08221786451002129,0.06888972103523765,0.0954474730988109,0.3559542144235435,share,1,True,0.3943956105759987,48,20.847032557958354
adaln,div/vort 500hPa,168,0.21315989612291256,0.21309182668725649,-6.806943565607071e-05,-7.989720907062293e-05,-5.501897539943458e-05,-0.031933509489430606,-0.008901754706131866,-0.010448527301515673,-0.00719508570135752,-0.038539277592475496,share,6,True,-0.018492452330592622,48,49.80872315037443
head,div/vort 500hPa,168,0.21315989612291256,0.21378094361474118,0.0006210474918286005,0.000563225126825273,0.0006751455056170623,0.29135287787459385,0.08121725088260798,0.07365555296595808,0.0882918981775702,0.3516221554505939,share,2,True,0.135637090462926,48,36.53404772194169
embed,div/vort 250hPa,168,0.2577426802987854,0.25773924216628075,-3.4381325046221414e-06,-7.104883746554455e-05,4.184471908956761e-05,-0.001333939920480583,-0.00033955995850102054,-0.00701698967940082,0.004132706071810347,-0.002856659408301362,share,11,False,-0.08736067587811344,48,57.18941871408866
b0-5_attn,div/vort 250hPa,168,0.2577426802987854,0.25777824440350133,3.556410471598307e-05,1.7311951766411463e-05,5.190021668871242e-05,0.013798298626659648,0.003512414342742836,0.0017097786706799423,0.005125816239287147,0.029549336506998106,share,7,True,-0.25097398098065354,48,80.16644223612802
b0-5_mlp,div/vort 250hPa,168,0.2577426802987854,0.2576994728296995,-4.32074690858523e-05,-7.618581876158714e-05,-1.056257945795854e-05,-0.016763800638592147,-0.00426729522204339,-0.007524332881956198,-0.0010431910456000044,-0.035900019242148244,share,6,True,0.27474646422578397,48,27.309092979760102
b6-11_attn,div/vort 250hPa,168,0.2577426802987854,0.2577486888815959,6.0085828105608625e-06,-7.50747974961996e-05,8.383323438465588e-05,0.0023312331522258862,0.0005934251012900454,-0.007414605192793094,0.00827961387479701,0.00499238310137001,share,9,False,0.3540482359651065,48,22.898508228974126
b6-11_mlp,div/vort 250hPa,168,0.2577426802987854,0.2579129487276077,0.00017026842882235846,0.00013055459906657536,0.00021004142084469398,0.06606140225785526,0.016816204886585123,0.012893951638445008,0.02074430117211497,0.141471833467203,share,3,True,-0.008511400351353861,48,48.82410875326204
b12-17_attn,div/vort 250hPa,168,0.2577426802987854,0.2577374630297224,-5.217269062995911e-06,-3.958680511762698e-05,2.5040951247016545e-05,-0.0020242161899410097,-0.0005152726557623613,-0.003909707925700415,0.002473117122400582,-0.004334900046583538,share,10,False,0.23869106623231803,48,29.50116442835076
b12-17_mlp,div/vort 250hPa,168,0.2577426802987854,0.25775066825250786,7.98795372247696e-06,-1.9388304402430852e-05,3.746032404402891e-05,0.003099197119086762,0.0007889135252541543,-0.0019148452915772989,0.003699690474618051,0.006636993520090505,share,8,False,-0.012131083459805526,48,49.1788851664855
b18-23_attn,div/vort 250hPa,168,0.2577426802987854,0.25784134523322183,9.866493443648021e-05,7.011406123638153e-05,0.00012365526830156642,0.038280402113497064,0.0097444356777166,0.006924668462241326,0.012212553680366974,0.08197825792010434,share,4,True,-0.12648012852769422,48,61.90019017906635
b18-23_mlp,div/vort 250hPa,168,0.2577426802987854,0.2580837874362866,0.0003411071375012398,0.00028894088851908845,0.0004063063844417532,0.13234406389574868,0.03368873226922139,0.028536641907456816,0.04012799938753499,0.2834174983866,share,2,True,0.02096850056020505,48,46.02836615167347
adaln,div/vort 250hPa,168,0.2577426802987854,0.25766146214058,-8.121815820535024e-05,-9.52347181737423e-05,-6.869145824263493e-05,-0.03151133452604705,-0.008021341351056794,-0.00940565755027127,-0.006784168056026438,-0.06748216232222293,share,5,True,0.14656757790051633,48,35.728165570306736
head,div/vort 250hPa,168,0.2577426802987854,0.25834864160666865,0.0006059613078832626,0.00048269852995872495,0.0007078674699490269,0.2351032072688965,0.05984649988953183,0.04767270969950642,0.06991104862799069,0.5034782891305593,share,1,True,0.382102513695367,48,21.459391795274325
embed,Hyps 600-500,168,37.46638576189677,37.258803288141884,-0.2075824737548828,-0.24391756852467855,-0.16927440563837692,-0.5540499024221166,-0.10164421303322516,-0.11943594682730549,-0.08288639901312976,-0.09069880742231311,share,4,True,0.53431922568735,48,14.568465800846342
b0-5_attn,Hyps 600-500,168,37.46638576189677,37.47997991243998,0.01359415054321289,0.0005206823348999028,0.02544837196667989,0.03628359198991143,0.006656471082677625,0.0002549557542786432,0.012460973678270953,0.005939678913571078,share,11,True,0.7860578687218104,48,5.749658217234727
b0-5_mlp,Hyps 600-500,168,37.46638576189677,37.56183703740438,0.09545127550760905,0.09043701887130737,0.10098869403203328,0.2547651009473212,0.04673838598457432,0.0442831200821873,0.049449821771852406,0.04170543253907603,share,7,True,0.2934771214225566,48,26.21855277534395
b6-11_attn,Hyps 600-500,168,37.46638576189677,37.41046849886576,-0.05591726303100586,-0.06925959785779318,-0.04170660575230916,-0.14924648293103734,-0.027380279717014174,-0.033913447469393794,-0.020421931790764822,-0.02443187509760916,share,8,True,0.5055040922709949,48,15.766017304667502
b6-11_mlp,Hyps 600-500,168,37.46638576189677,37.50016117095947,0.03377540906270345,0.026823679606119793,0.04268669287363688,0.09014856484249668,0.01653836574906411,0.013134402702218903,0.020901838318273445,0.014757456478745384,share,9,True,0.279169527703192,48,27.048692077876833
b12-17_attn,Hyps 600-500,168,37.46638576189677,37.49757711092631,0.031191349029541016,0.014790205160776775,0.044341633717219026,0.0832515557485733,0.015273062644469869,0.007242127608240522,0.021712191700327656,0.013628405653422599,share,10,True,0.6692338726653688,48,9.51141381208067
b12-17_mlp,Hyps 600-500,168,37.46638576189677,37.296346505482994,-0.17003925641377768,-0.19871378938357037,-0.13506624897321065,-0.45384483439207857,-0.08326091355545698,-0.09730159957816745,-0.0661361353677804,-0.07429508615413044,share,5,True,0.6703486975632871,48,9.473029517755947
b18-23_attn,Hyps 600-500,168,37.46638576189677,37.78840025266012,0.3220144907633464,0.3012668887774149,0.3424913187821706,0.8594757252802175,0.1576766521126651,0.14751744339894307,0.1677032744557815,0.14069747679867398,share,2,True,0.586052100106662,48,12.527645966701852
b18-23_mlp,Hyps 600-500,168,37.46638576189677,37.215222676595054,-0.2511630853017171,-0.2761747439702352,-0.21537451545397443,-0.67036913274178,-0.12298376489450294,-0.13523089884579764,-0.10545964085860828,-0.10974044144147596,share,3,True,0.5960874216068115,48,12.147081356831306
adaln,Hyps 600-500,168,37.46638576189677,37.59363881746928,0.12725305557250977,0.12316286365191143,0.1307724138100942,0.3396459332405792,0.06231035046347101,0.06030755932506791,0.06403362888852568,0.05560055322830684,share,6,True,0.30619380170353533,48,25.495984956288257
head,Hyps 600-500,168,37.46638576189677,40.12332558631897,2.6569398244222007,2.561392577489217,2.7626891771952313,7.0915295681504,1.3009892051335934,1.2542038260680068,1.352770116821157,1.1608941213047623,share,1,True,0.34486586610293973,48,23.382583512348504
embed,|DryAir Md err|,168,63586980735765.336,62946884756181.336,-640095979584.0,-2267352109522.1333,874376494990.9327,-1.0066462854147902,-0.013814405332850105,-0.0489334757165446,0.018870593943070366,-0.0892123049228966,colmax,3,False,0.3177986151203079,48,24.848763762918146
b0-5_attn,|DryAir Md err|,168,63586980735765.336,63551998661546.664,-34982074218.666664,-181196276443.73334,139710046315.73328,-0.05501452312075345,-0.0007549751413133021,-0.003910536681114096,0.003015190331504847,-0.00487556799537989,colmax,10,False,0.17378781056343362,48,33.78650275292835
b0-5_mlp,|DryAir Md err|,168,63586980735765.336,63236348139456.0,-350632596309.3333,-576741908963.2,-104442038450.13383,-0.551421992760407,-0.0075672726635069906,-0.012447112240944518,-0.002254044235486289,-0.04886883076220004,colmax,4,True,-0.05531316368198115,48,53.620977777319865
b6-11_attn,|DryAir Md err|,168,63586980735765.336,63542995333504.0,-43985402261.333336,-521438393184.5333,478805677923.7327,-0.0691735977276763,-0.0009492829121679876,-0.011253564386145169,0.010333474856079003,-0.006130391759755432,colmax,9,False,0.10847578106563935,48,38.60541045624819
b6-11_mlp,|DryAir Md err|,168,63586980735765.336,63676444858176.0,89464122410.66667,-171855928163.2,354321209214.3997,0.1406956602994462,0.0019307942701528584,-0.0037089554164088643,0.00764687946531769,0.012468912198678093,colmax,7,False,-0.0029037658548960545,48,48.27957333758163
b12-17_attn,|DryAir Md err|,168,63586980735765.336,63542450401408.0,-44530334357.333336,-400823910244.26666,242992867423.99985,-0.0700305846292316,-0.0009610435122859825,-0.008650490144948002,0.005244216602904202,-0.006206340757813848,colmax,8,False,-0.01697902973467246,48,49.65814047088802
b12-17_mlp,|DryAir Md err|,168,63586980735765.336,63867015560917.336,280034825152.0,-302162288801.60004,878988747921.5997,0.44039648039852713,0.006043647679958391,-0.006521197549967171,0.018970134533097614,0.03902938466622846,colmax,6,False,0.09393351864962962,48,39.75670400748306
b18-23_attn,|DryAir Md err|,168,63586980735765.336,63923761399381.336,336780663616.0,-220290161021.33334,869591897358.9319,0.5296377650253384,0.0072683234137500595,-0.004754251975094867,0.018767333849035703,0.04693824084658736,colmax,5,False,-0.09107192967072046,48,57.61891873932539
b18-23_mlp,|DryAir Md err|,168,63586980735765.336,70761954862229.33,7174974126464.0,170599433738.1334,14670036313650.666,11.283715696896332,0.15484865394733902,0.003681838040515303,0.31660537536278277,1.0,colmax,1,True,0.17113957169026772,48,33.971442448525856
adaln,|DryAir Md err|,168,63586980735765.336,63576930383146.664,-10050352618.666666,-96723301563.73334,99249799164.26651,-0.015805676731893818,-0.00021690441627607947,-0.002087460217764983,0.002141986512319936,-0.0014007510607734724,colmax,11,False,-0.20200710110941808,48,72.30182240150886
head,|DryAir Md err|,168,63586980735765.336,62642927924608.0,-944052811157.3334,-1967109389246.4,204977948705.0664,-1.4846636846626349,-0.0203743322953219,-0.04245370585637129,0.004423787303816906,-0.1315757791620895,colmax,2,False,0.45535338271294606,48,17.963360610771357
embed,neg-q fraction,168,0.00819436097056799,0.007335907377031011,-0.0008584535935369786,-0.0010716402367203653,-0.0006703009235328261,-10.476150570133782,-0.5022000777079149,-0.6269154374886,-0.3921297300404067,-1.1596243005598823,share,2,True,0.8424883508848658,48,4.103450181324314
b0-5_attn,neg-q fraction,168,0.00819436097056799,0.008184824212852012,-9.536757715977728e-06,-2.6166072833196573e-05,3.033383897369876e-06,-0.11638195766858792,-0.00557905576038487,-0.01530729664256014,0.001774546277685853,-0.012882532124345236,share,10,False,0.49508027984397035,48,16.210598784714595
b0-5_mlp,neg-q fraction,168,0.00819436097056799,0.00814794877927246,-4.641219129553065e-05,-5.956923414487391e-05,-3.687298394652317e-05,-0.5663918328986378,-0.02715138739087366,-0.034848329882689245,-0.02157089858168201,-0.06269494970226694,share,6,True,0.3260589261973571,48,24.394972880498024
b6-11_attn,neg-q fraction,168,0.00819436097056799,0.008248451450829938,5.409048026194796e-05,4.103247999106922e-05,6.90081276843557e-05,0.6600939408970007,0.0316432287025409,0.024004226664322052,0.0403701345611157,0.07306700771357143,share,4,True,0.1984494244906975,48,32.10350544479331
b6-11_mlp,neg-q fraction,168,0.00819436097056799,0.008165750736225164,-2.861023434282591e-05,-4.0544599930096104e-05,-1.7996252548376416e-05,-0.3491453994470883,-0.016737144579953244,-0.023718814143042544,-0.010527906803918097,-0.03864754395395828,share,9,True,0.18228750952036432,48,33.19852339381113
b12-17_attn,neg-q fraction,168,0.00819436097056799,0.008192698153531333,-1.6628170366554211e-06,-1.3745123699967127e-05,8.903342586563655e-06,-0.020292211224619307,-0.0009727571196735006,-0.00804097302661131,0.005208504422947415,-0.0022461820389683513,share,11,False,0.32797282221996626,48,24.29063606852829
b12-17_mlp,neg-q fraction,168,0.00819436097056799,0.008144769878223693,-4.959109234429585e-05,-7.97173828080607e-05,-2.0676359842279207e-05,-0.6051855968075379,-0.029011062003147143,-0.0466351077592119,-0.012095784323910742,-0.06698910250560615,share,5,True,0.7479844444336127,48,6.920397207027901
b18-23_attn,neg-q fraction,168,0.00819436097056799,0.00823808332158175,4.3722351013760395e-05,-4.300818624566697e-05,0.00012711630418683244,0.5335663289767157,0.025577816019401834,-0.025160025698838254,0.07436373768038788,0.059061434531675186,share,7,False,0.8670755465245644,48,3.4173088382511057
b18-23_mlp,neg-q fraction,168,0.00819436097056799,0.009715985048387665,0.001521624077819676,0.0013302350346142096,0.001731702656403892,18.569160954526573,0.8901584615364054,0.7781948177310186,1.01305558641776,2.0554544476733088,share,1,True,0.692729247884885,48,8.71314542473631
adaln,neg-q fraction,168,0.00819436097056799,0.008161349188109549,-3.301178245844009e-05,-4.587416575911144e-05,-2.2448015655148387e-05,-0.4028597541285991,-0.0193120744565807,-0.026836639490424773,-0.01313221272678894,-0.04459328428678141,share,8,True,0.6196877994857403,48,11.270681689693856
head,neg-q fraction,168,0.00819436097056799,0.008353159986048317,0.0001587990154803265,4.6893859962438004e-05,0.0002625024942365901,1.9379060313634118,0.09289829818940014,0.027433166212433132,0.1535654041134355,0.21451036915956392,share,3,True,0.43619553547309564,48,18.84326585681576
embed,|neg-q mass|,168,672058997973.3334,578669888981.3334,-93389108992.0,-114614711029.33334,-72183579394.13335,-13.895968847024585,-0.39442921775381756,-0.48407561976260427,-0.3048675917610215,-1.5143766766186568,share,2,True,0.750405466406992,48,6.844435670700055
b0-5_attn,|neg-q mass|,168,672058997973.3334,669130334421.3334,-2928663552.0,-5016026834.133333,-1013191472.0000005,-0.43577476989843184,-0.012369220419250714,-0.021185206302684077,-0.004279217609518396,-0.04749054600351606,share,10,True,0.7310283110136446,48,7.458365059197054
b0-5_mlp,|neg-q mass|,168,672058997973.3334,662834210474.6666,-9224787498.666666,-10884925849.6,-7340987931.733335,-1.3726157266676007,-0.03896092120716106,-0.045972521148411605,-0.03100468736351079,-0.14958706840152908,share,4,True,0.6596496034506713,48,9.843535045229412
b6-11_attn,|neg-q mass|,168,672058997973.3334,673893002837.3334,1834004864.0,704652206.9333334,3216560332.7999997,0.27289343190562737,0.007745925747360798,0.0029761009797515544,0.013585153446885807,0.0297398082155885,share,11,True,0.30459914277359734,48,25.585821768901795
b6-11_mlp,|neg-q mass|,168,672058997973.3334,666115627648.0,-5943370325.333333,-7114102980.266666,-4704140147.2,-0.8843524665626394,-0.025101844674878457,-0.030046438003462,-0.019867951825339375,-0.09637634943024512,share,6,True,0.36160535103100616,48,22.505010814850937
b12-17_attn,|neg-q mass|,168,672058997973.3334,666658841770.6666,-5400156202.666667,-6795642525.866667,-4023117479.4666667,-0.8035241279339198,-0.02280757799015622,-0.02870141919698343,-0.016991650284335413,-0.08756771203499238,share,7,True,0.31996392099106763,48,24.729260605790184
b12-17_mlp,|neg-q mass|,168,672058997973.3334,663899144490.6666,-8159853482.666667,-11148619784.533333,-5469210051.200001,-1.2141573146514797,-0.03446316878801877,-0.047086233374653,-0.023099227153039085,-0.13231833917415858,share,5,True,0.8216660763937474,48,4.699010671618776
b18-23_attn,|neg-q mass|,168,672058997973.3334,667270347477.3334,-4788650496.0,-7673481475.2,-1271131754.6666687,-0.7125342433388577,-0.020224881569386316,-0.032408974969134974,-0.005368629265947496,-0.07765167375397035,share,8,True,0.6606494818417106,48,9.80870740617285
b18-23_mlp,|neg-q mass|,168,672058997973.3334,839265757440.0,167206759466.66666,136023641216.0,196231979286.4,24.879773944087756,0.7061983142513721,0.5744963088302811,0.8287864283494596,2.7113870069260098,share,1,True,0.7951479342046841,48,5.477486824801153
adaln,|neg-q mass|,168,672058997973.3334,667724733909.3334,-4334264064.0,-5745719731.2,-2934790555.733334,-0.6449231506564814,-0.018305778936690022,-0.02426706672192394,-0.012395097840245497,-0.0702834461070858,share,9,True,0.8312143861209238,48,4.424227729751279
head,|neg-q mass|,168,672058997973.3334,696724801706.6666,24665803733.333332,19165787802.666664,34015274291.199997,3.6701842855635785,0.10417610550970423,0.08094676962052444,0.14366362603918692,0.39997509652879537,share,3,True,0.315005216451565,48,25.003512684952096
embed,EffRes Z500,168,313.96456001268035,313.96456001268035,0.0,0.0,0.0,0.0,nan,nan,nan,0.0,colmax,1,False,0.0,48,48.0
b0-5_attn,EffRes Z500,168,313.96456001268035,313.96456001268035,0.0,0.0,0.0,0.0,nan,nan,nan,0.0,colmax,2,False,0.0,48,48.0
b0-5_mlp,EffRes Z500,168,313.96456001268035,313.96456001268035,0.0,0.0,0.0,0.0,nan,nan,nan,0.0,colmax,3,False,0.0,48,48.0
b6-11_attn,EffRes Z500,168,313.96456001268035,313.96456001268035,0.0,0.0,0.0,0.0,nan,nan,nan,0.0,colmax,4,False,0.0,48,48.0
b6-11_mlp,EffRes Z500,168,313.96456001268035,313.96456001268035,0.0,0.0,0.0,0.0,nan,nan,nan,0.0,colmax,5,False,0.0,48,48.0
b12-17_attn,EffRes Z500,168,313.96456001268035,313.96456001268035,0.0,0.0,0.0,0.0,nan,nan,nan,0.0,colmax,6,False,0.0,48,48.0
b12-17_mlp,EffRes Z500,168,313.96456001268035,313.96456001268035,0.0,0.0,0.0,0.0,nan,nan,nan,0.0,colmax,7,False,0.0,48,48.0
b18-23_attn,EffRes Z500,168,313.96456001268035,313.96456001268035,0.0,0.0,0.0,0.0,nan,nan,nan,0.0,colmax,8,False,0.0,48,48.0
b18-23_mlp,EffRes Z500,168,313.96456001268035,313.96456001268035,0.0,0.0,0.0,0.0,nan,nan,nan,0.0,colmax,9,False,0.0,48,48.0
adaln,EffRes Z500,168,313.96456001268035,313.96456001268035,0.0,0.0,0.0,0.0,nan,nan,nan,0.0,colmax,10,False,0.0,48,48.0
head,EffRes Z500,168,313.96456001268035,313.96456001268035,0.0,0.0,0.0,0.0,nan,nan,nan,0.0,colmax,11,False,0.0,48,48.0
embed,DKE<1000km 500hPa,168,0.5554717183113098,0.5557562708854675,0.0002845252553621928,-9.961863979697227e-05,0.0006872712324062982,0.05122227656875041,0.018543745645299255,-0.006492579070262759,0.04479244876469839,0.5292834934142747,colmax,6,False,0.11914618250467485,48,37.77967874147575
b0-5_attn,DKE<1000km 500hPa,168,0.5554717183113098,0.5555140376091003,4.237517714500427e-05,-7.093163828055064e-05,0.00016884971410036073,0.007628683227463046,0.0027617741899613195,-0.00462292268854838,0.011004668624487401,0.0788277362753115,colmax,11,False,0.15271736061055738,48,35.28147322180684
b0-5_mlp,DKE<1000km 500hPa,168,0.5554717183113098,0.5555658340454102,9.412318468093872e-05,-2.9102371384700137e-05,0.00023299455642700193,0.016944730586820334,0.006134416411741775,-0.0018967278386093835,0.015185266368082703,0.1750911283280897,colmax,9,False,0.251761527546544,48,28.691924050549996
b6-11_attn,DKE<1000km 500hPa,168,0.5554717183113098,0.5554143786430359,-5.7347118854522705e-05,-0.00031334745387236277,0.00014865373571713755,-0.010324039525588231,-0.003737560604858422,-0.020422213401810177,0.009688409068829633,-0.10667904810744133,colmax,10,False,-0.12435610010586172,48,61.63360792167455
b6-11_mlp,DKE<1000km 500hPa,168,0.5554717183113098,0.5549340844154358,-0.0005375668406486511,-0.0008233537897467613,-0.00032708228876193377,-0.09677663710675802,-0.03503556388218007,-0.05366153958361736,-0.021317372196582775,-1.0,colmax,1,True,0.17018900708230375,48,34.03802925765133
b12-17_attn,DKE<1000km 500hPa,168,0.5554717183113098,0.5553703904151917,-0.00010132665435473125,-0.00019819497441252073,-5.473879476388383e-06,-0.018241550847699843,-0.006603897791257252,-0.01291722658856365,-0.0003567564804535732,-0.18849126600231922,colmax,8,True,-0.14970654789157514,48,64.90219836687463
b12-17_mlp,DKE<1000km 500hPa,168,0.5554717183113098,0.5550500750541687,-0.000421673059463501,-0.0005259536517163118,-0.0003089167798558871,-0.07591260763806568,-0.027482263218470474,-0.03427868196174047,-0.02013344714837453,-0.7844104724813239,colmax,3,True,0.08374399006091289,48,40.58180610958149
b18-23_attn,DKE<1000km 500hPa,168,0.5554717183113098,0.5550398230552673,-0.0004319039483865102,-0.0005664517792562644,-0.0003094855075081191,-0.07775444561934239,-0.028149054648539083,-0.03691812068311437,-0.020170513597576073,-0.803442317731794,colmax,2,True,-0.06985909425728785,48,55.21016891880973
b18-23_mlp,DKE<1000km 500hPa,168,0.5554717183113098,0.5556226968765259,0.00015098353226979574,-7.86051775018374e-05,0.00044061637793978034,0.027181138058923863,0.009840252020777053,-0.005123040540433376,0.028716881491828505,0.28086466808036853,colmax,7,False,0.3469600027298505,48,23.271604060580252
adaln,DKE<1000km 500hPa,168,0.5554717183113098,0.5558736324310303,0.0004019389549891154,0.000308946892619133,0.0004979332288106282,0.07235993265342561,0.026196105989844388,0.020135409727835528,0.032452469400836965,0.74770042457254,colmax,4,True,0.23251258104820544,48,29.88967145337829
head,DKE<1000km 500hPa,168,0.5554717183113098,0.555079460144043,-0.00039223209023475647,-0.0007333502173423768,-7.676205908258761e-05,-0.07061243326033904,-0.025563467488952735,-0.047795616181806895,-0.005002916514475729,-0.7296433867860459,colmax,5,True,0.19723190125670184,48,32.18496658770235
embed,DKEpert<1000km 500hPa,168,0.0,0.0028314136434346437,0.0028314134591103843,0.0026207630511635217,0.0030853564907981,nan,nan,nan,nan,0.04001198740783922,share,4,True,0.2486252405865527,48,28.884558216125082
b0-5_attn,DKEpert<1000km 500hPa,168,0.0,0.00011475139763206244,0.00011475139262984158,9.826109104551505e-05,0.00012704895226534063,nan,nan,nan,nan,0.0016216039597338919,share,10,True,0.1396803739198842,48,36.234143358819026
b0-5_mlp,DKEpert<1000km 500hPa,168,0.0,0.00016675751248840243,0.00016675750900200606,0.00014506413548739754,0.00020005741106009125,nan,nan,nan,nan,0.002356525970759249,share,9,True,-0.03276114567688103,48,51.251595995057
b6-11_attn,DKEpert<1000km 500hPa,168,0.0,0.0006577735184691846,0.0006577734723881198,0.0005890419464928225,0.0007360001045981334,nan,nan,nan,nan,0.0092952951854207,share,5,True,0.2183615849892865,48,30.794342486466498
b6-11_mlp,DKEpert<1000km 500hPa,168,0.0,0.00030364119447767735,0.0003036411835637409,0.00027042561260562554,0.00034771977159380184,nan,nan,nan,nan,0.004290891241673706,share,7,True,-0.10433471209793542,48,59.18289666540812
b12-17_attn,DKEpert<1000km 500hPa,168,0.0,0.00025860368623398244,0.0002586036701662427,0.00024085656166334955,0.00027907638898341244,nan,nan,nan,nan,0.0036544457189815584,share,8,True,0.1347006769265223,48,36.603809579128765
b12-17_mlp,DKEpert<1000km 500hPa,168,0.0,0.0004133687762077898,0.00041336875801789574,0.00038299156470505594,0.0004465360513980461,nan,nan,nan,nan,0.005841501348871483,share,6,True,0.19314725735313587,48,32.459473387187174
b18-23_attn,DKEpert<1000km 500hPa,168,0.0,0.0028547223191708326,0.0028547223046189174,0.0027862661189525777,0.0029296556806608955,nan,nan,nan,nan,0.04034137527239776,share,3,True,0.49080840207623,48,16.394592803677533
b18-23_mlp,DKEpert<1000km 500hPa,168,0.0,0.021850386634469032,0.02185038624641796,0.020780604183285808,0.02303457625481921,nan,nan,nan,nan,0.308777715432204,share,2,True,0.8261125123718934,48,4.570692851399347
adaln,DKEpert<1000km 500hPa,168,0.0,0.00010500654025236145,0.00010500653797862469,9.77717902249727e-05,0.00011222439362654769,nan,nan,nan,nan,0.0014838950001536046,share,11,True,0.21288344389744376,48,31.15022707500767
head,DKEpert<1000km 500hPa,168,0.0,0.027039825916290283,0.02703982397603492,0.025440867212212954,0.028998662940769766,nan,nan,nan,nan,0.3821120129799874,share,1,True,0.8836855295615234,48,2.9639207253168682
