group,metric,lead,fp32_mean,group_mean,mean_delta,ci_lo,ci_hi,rel_pct,svr,svr_ci_lo,svr_ci_hi,distortion,share,norm,rank,significant,lag1_autocorr,n,n_eff
encoder_io,RMSE Z500,24,39.31072394053141,38.74245516459147,-0.5682687759399414,-0.8857757647832235,-0.21340885957082117,-1.445582067630219,-0.40351356706450187,-0.6289674069735279,-0.151536339518486,0.40351356706450187,-0.0849959363354586,share,5,True,0.32008010979768964,12,6.180714808041572
enc0_attn,RMSE Z500,24,39.31072394053141,39.69068400065104,0.3799600601196289,0.32514925797780353,0.4419525702794393,0.9665557436551562,0.2698002172428313,0.23088042572457965,0.31381956154780716,0.2698002172428313,0.056830609822838773,share,6,True,0.37397014634957926,12,5.467628437025501
enc0_mlp,RMSE Z500,24,39.31072394053141,39.07232062021891,-0.2384033203125,-0.3756024996439616,-0.12691027323404952,-0.6064587380104026,-0.16928428633123574,-0.2667060215986532,-0.09011583817023607,0.16928428633123574,-0.03565797434836498,share,8,True,0.2008092466923572,12,7.986521644556181
enc1_attn,RMSE Z500,24,39.31072394053141,42.42751375834147,3.1167898178100586,2.6261290470759073,3.621394157409668,7.928599388108662,2.2131551660472977,1.8647491191198136,2.5714621954829338,2.2131551660472977,0.46617811877383064,share,1,True,0.47640398295398595,12,4.25571339355293
enc1_mlp,RMSE Z500,24,39.31072394053141,41.18907960255941,1.8783556620279949,1.653849975268046,2.144368783632914,4.778227093628546,1.3337737801044072,1.1743578587546357,1.522663101723775,1.3337737801044072,0.28094557544712406,share,4,True,0.23413019739833757,12,7.4468947041359606
enc2_attn,RMSE Z500,24,39.31072394053141,39.33968734741211,0.028963406880696613,0.015874210993448892,0.042003377278645816,0.07367813150557073,0.020566197052511653,0.01127188361124748,0.029825556694414796,0.020566197052511653,0.0043320555193584135,share,18,True,-0.12436368981525044,12,15.408639546864231
enc2_mlp,RMSE Z500,24,39.31072394053141,39.14052963256836,-0.17019430796305338,-0.2119475523630778,-0.12227280934651692,-0.43294625716005736,-0.12085075796510795,-0.15049870150468123,-0.0868228900537468,0.12085075796510795,-0.02545595530980567,share,11,True,0.3745922330734821,12,5.459723271051701
downsample,RMSE Z500,24,39.31072394053141,39.49785772959391,0.1871337890625,-0.007872899373372396,0.3604296922683714,0.4760375040296709,0.1328790634643033,-0.005590350629479466,0.2559321873045197,0.1328790634643033,0.027989592768071433,share,10,False,-0.07455597199503315,12,13.933497082193275
dec0_attn,RMSE Z500,24,39.31072394053141,39.35044892628988,0.03972498575846354,0.026224486033121743,0.05023566881815592,0.10105381375972322,0.028207727370680443,0.01862135727263068,0.03567110278961978,0.028207727370680443,0.005941664408480917,share,17,True,-0.45033402203644574,12,31.662880662392624
dec0_mlp,RMSE Z500,24,39.31072394053141,39.08946895599365,-0.2212549845377604,-0.28939517339070636,-0.17043961683909098,-0.5628361992836132,-0.15710767830585254,-0.20549233681365509,-0.12102494571533018,0.15710767830585254,-0.03309309850531342,share,9,True,-0.22055908225777374,12,18.7913011155737
dec1_attn,RMSE Z500,24,39.31072394053141,39.441843350728355,0.1311194101969401,0.10088802178700765,0.15508429209391275,0.33354616006384236,0.09310464195828462,0.071638082662594,0.110121510362733,0.09310464195828462,0.019611524534333808,share,12,True,0.26157588274842697,12,7.023825937219412
dec1_mlp,RMSE Z500,24,39.31072394053141,39.260656674702965,-0.05006726582845052,-0.07557683785756429,-0.024859189987182638,-0.12736286898249807,-0.03555152400233211,-0.05366523856764622,-0.017651894404140837,0.03555152400233211,-0.007488558792987801,share,16,True,0.1206157274850988,12,9.416797401069081
dec2_attn,RMSE Z500,24,39.31072394053141,39.33120346069336,0.020479520161946613,0.008208250999450684,0.03202253977457682,0.052096522549235365,0.014541999459054978,0.005828475503815395,0.022738411466531147,0.014541999459054978,0.003063120948333649,share,19,True,-0.47384847142866887,12,33.61423600757682
dec2_mlp,RMSE Z500,24,39.31072394053141,39.18311595916748,-0.12760798136393228,-0.14266459147135416,-0.10389289855957033,-0.3246136640906829,-0.09061126341297128,-0.10130258890819319,-0.07377177115019477,0.09061126341297128,-0.019086320275058494,share,13,True,-0.14121730395373147,12,15.946534216971406
upsample,RMSE Z500,24,39.31072394053141,39.389549573262535,0.0788256327311198,0.03601280053456624,0.12504607041676838,0.20051941259175451,0.05597212725059542,0.025571796690130006,0.088792113974254,0.05597212725059542,0.011789946491666098,share,14,True,0.4696617036116944,12,4.330288760345315
decoder_io,RMSE Z500,24,39.31072394053141,41.38638814290365,2.075664202372233,1.7850608189900716,2.42423391342163,5.280147487266483,1.4738776821618522,1.2675274253919078,1.7213883908815761,1.4738776821618522,0.31045700532606135,share,3,True,0.41308368801044903,12,4.984132081936914
decoder_heads,RMSE Z500,24,39.31072394053141,41.545101165771484,2.2343772252400718,2.0240519841512046,2.403975629806518,5.683887248223154,1.5865758642695384,1.4372291257740213,1.7070034860086711,1.5865758642695384,0.33419570531880693,share,2,True,0.031870751476731796,12,11.258726895449938
film,RMSE Z500,24,39.31072394053141,39.37704849243164,0.06632455190022786,0.058842976888020836,0.0721239964167277,0.16871872418468434,0.047095419728012844,0.04178293882416083,0.05121346147678709,0.047095419728012844,0.009920160370355062,share,15,True,-0.19880447096103435,12,17.95523455901958
cond_embed,RMSE Z500,24,39.31072394053141,39.63854821523031,0.32782427469889325,0.24243210951487223,0.38252102533976234,0.8339309018954223,0.23277988876880323,0.1721450296464236,0.2716186951442344,0.23277988876880323,0.04903266264354784,share,7,True,-0.2071501947195338,12,18.270550412142857
encoder_io,RMSE T850,24,0.619096964597702,0.6287839363018671,0.00968697170416514,0.0071227457374334335,0.012295169259111087,1.5646937811203567,0.5802817652603357,0.42667611677251405,0.7365214578652977,0.5802817652603357,0.13378246812017006,share,4,True,-0.011983341377588731,12,12.291088404787759
enc0_attn,RMSE T850,24,0.619096964597702,0.6188235233227412,-0.00027344127496083576,-0.0006256048878033956,0.0001058186093966161,-0.04416776217575574,-0.01638004017923222,-0.0374758097511482,0.006338886014466213,0.01638004017923222,-0.003776376123247839,share,11,False,0.3059046832877557,12,6.378064116882877
enc0_mlp,RMSE T850,24,0.619096964597702,0.6194771081209183,0.00038014352321624756,-0.0005222578843434651,0.0010774781306584675,0.06140290535316551,0.02277185909496975,-0.031284981137876956,0.06454451719096746,0.02277185909496975,0.005249993530372326,share,10,False,0.14685553024123155,12,8.926785778285256
enc1_attn,RMSE T850,24,0.619096964597702,0.6366932491461436,0.01759628454844157,0.016136921445528668,0.019195200006167094,2.842250173181819,1.0540758630896454,0.9666551682248117,1.1498562073134306,1.0540758630896454,0.24301447846937924,share,2,True,0.010938993509644147,12,11.74030495814587
enc1_mlp,RMSE T850,24,0.619096964597702,0.6429102073113123,0.023813242713610332,0.021872686967253682,0.025697956482569378,3.846447983973644,1.4264922971216165,1.3102465653830027,1.5393929090220073,1.4264922971216165,0.3288741292391346,share,1,True,0.05663026669819932,12,10.713716194214427
enc2_attn,RMSE T850,24,0.619096964597702,0.619001587231954,-9.537736574808757e-05,-0.00016701221466064453,-2.8987228870392038e-05,-0.015405884893986702,-0.005713420855599665,-0.010004586128980477,-0.0017364312452449902,0.005713420855599665,-0.0013172144796389715,share,16,True,-0.3054401021480429,12,22.554255254620976
enc2_mlp,RMSE T850,24,0.619096964597702,0.6184092114369074,-0.000687753160794576,-0.0009102914482355118,-0.0005530177305142086,-0.11108973232351217,-0.041198697631960025,-0.05452947986380175,-0.033127598044399006,0.041198697631960025,-0.009498253749310015,share,7,True,0.16092135471866867,12,8.67323501497311
downsample,RMSE T850,24,0.619096964597702,0.6242365141709646,0.005139549573262532,0.004235789179801941,0.006020934134721755,0.8301687566183246,0.30787608244312725,0.253737834443064,0.36067394381985185,0.30787608244312725,0.07098003875054024,share,5,True,-0.4022473782521979,12,28.150388516615898
dec0_attn,RMSE T850,24,0.619096964597702,0.6192248066266378,0.00012784202893575033,5.189639826615652e-05,0.0001986643920342127,0.020649758639799485,0.007658161961328204,0.0031087665491569758,0.011900656637039254,0.007658161961328204,0.0017655695384307805,share,15,True,-0.6878483336336684,12,64.88570200305878
dec0_mlp,RMSE T850,24,0.619096964597702,0.6184558719396591,-0.0006410926580429077,-0.0009685794512430827,-0.0004367625961701075,-0.10355286727330328,-0.038403578606988495,-0.05802112475672425,-0.026163529536924565,0.038403578606988495,-0.008853846248959608,share,8,True,0.059895265031723,12,10.64374678500113
dec1_attn,RMSE T850,24,0.619096964597702,0.619191954533259,9.498993555704753e-05,-1.0884677370389303e-05,0.0001862503588199615,0.015343305005343281,0.005690212500910738,-0.0006520283109800914,0.01115701483363967,0.005690212500910738,0.0013118638531723617,share,17,False,-0.2762401813360293,12,21.16017189832804
dec1_mlp,RMSE T850,24,0.619096964597702,0.6196570744117101,0.000560109814008077,0.00038235473136107127,0.0007281699528296788,0.09047206593429905,0.03355243739098512,0.02290431780392671,0.043619797656254004,0.03355243739098512,0.007735428121887752,share,9,True,-0.40569316262956007,12,28.38318001891077
dec2_attn,RMSE T850,24,0.619096964597702,0.6190642863512039,-3.267824649810791e-05,-0.00019819488128026326,8.417218923568725e-05,-0.005278372915193131,-0.001957535455108332,-0.011872531384129375,0.005042193581974662,0.001957535455108332,-0.00045130476312596566,share,18,False,0.3618521503091172,12,5.623058416842393
dec2_mlp,RMSE T850,24,0.619096964597702,0.6193278878927231,0.00023092329502105713,-6.72638416290283e-06,0.0004312559962272644,0.037300020550272664,0.013833072023626915,-0.0004029327425608303,0.02583366591875775,0.013833072023626915,0.0031891791674250295,share,13,False,0.23277167160729917,12,7.46832536207502
upsample,RMSE T850,24,0.619096964597702,0.6192680398623148,0.00017107526461283365,-8.610052367051443e-05,0.00045739722748597446,0.027633032367393492,0.010247976310205376,-0.00515770721657862,0.027399612458516978,0.010247976310205376,0.002362644573884254,share,14,False,-0.08850998674001574,12,14.330513391104462
decoder_io,RMSE T850,24,0.619096964597702,0.6291002333164215,0.010003268718719482,0.009428673361738523,0.010520810882250467,1.6157838417475925,0.599229006519774,0.5648088370135557,0.6302315003250654,0.599229006519774,0.1381507058479552,share,3,True,-0.2356188385452857,12,19.397948052938613
decoder_heads,RMSE T850,24,0.619096964597702,0.6217194596926371,0.002622495094935099,0.002069088319937388,0.003399254009127617,0.42360005700225545,0.15709616271731067,0.12394525961674488,0.2036266004717154,0.15709616271731067,0.036218116161380313,share,6,True,0.21635426385270765,12,7.7310937390738985
film,RMSE T850,24,0.619096964597702,0.6191088954607645,1.193086306254069e-05,-9.522276620070139e-05,9.778663516044612e-05,0.001927139647711491,0.0007146983072154147,-0.005704159829449756,0.005857744092033815,0.0007146983072154147,0.00016477185606149407,share,19,False,-0.2448382743414484,12,19.781271725696097
cond_embed,RMSE T850,24,0.619096964597702,0.6188368449608485,-0.00026011963685353595,-0.0007510997354984283,0.000262163703640302,-0.042015976773939666,-0.015582029829543736,-0.044993367763652654,0.015704476216253486,0.015582029829543736,-0.0035923968901267205,share,12,False,0.23707183123035008,12,7.400651921829313
encoder_io,RMSE Q700,24,0.0006135621758100266,0.0006198751313301424,6.312955520115793e-06,5.008452232383813e-06,7.582177931908518e-06,1.028902329544909,0.7720117127365421,0.6124839267061498,0.9272249983124453,0.7720117127365421,0.1585332637873628,share,2,True,0.5818484135184459,12,3.172123823557596
enc0_attn,RMSE Q700,24,0.0006135621758100266,0.0006133312272140756,-2.3094859595100084e-07,-3.953190268172572e-07,-1.0562265136589606e-07,-0.037640618189363095,-0.028242717780302292,-0.048343587721799114,-0.01291660042985135,0.028242717780302292,-0.0057996661890862685,share,11,True,0.22579479619396772,12,7.579133534029362
enc0_mlp,RMSE Q700,24,0.0006135621758100266,0.0006136362062534317,7.403044340511163e-08,-2.828033757396042e-07,5.238450588270399e-07,0.012065679131438703,0.009053187405758497,-0.03458404193989999,0.0640610439571448,0.009053187405758497,0.0018590797567385243,share,16,False,0.2336447080583349,12,7.454547847713964
enc1_attn,RMSE Q700,24,0.0006135621758100266,0.0006188402573267618,5.278081516735256e-06,4.6218751473740365e-06,6.109918103902601e-06,0.860235804100394,0.645456908212642,0.5652093915772182,0.7471822548160983,0.645456908212642,0.1325451267187839,share,4,True,-0.05318665719622894,12,13.348185238844957
enc1_mlp,RMSE Q700,24,0.0006135621758100266,0.0006302608671830967,1.669869137307008e-05,1.584081231461217e-05,1.815072998094062e-05,2.721597261275831,2.0420839789389635,1.9371738969447925,2.219653868200778,2.0420839789389635,0.41934368710744874,share,1,True,-0.48450859873050733,12,34.55751762472774
enc2_attn,RMSE Q700,24,0.0006135621758100266,0.0006135719498464217,9.774036395053068e-09,-1.0210933396592736e-07,1.7141671075175205e-07,0.001592998522464224,0.0011952675024638562,-0.012486956632315582,0.02096255993527058,0.0011952675024638562,0.00024544920127297383,share,19,False,0.6485918970657086,12,2.5578781763498024
enc2_mlp,RMSE Q700,24,0.0006135621758100266,0.0006132224759009356,-3.396999090909958e-07,-4.250867884062851e-07,-2.1438439337847147e-07,-0.05536519728298488,-0.041541922447915026,-0.05198388908863925,-0.026217080444923303,0.041541922447915026,-0.008530669212679358,share,8,True,-0.5003992897458426,12,36.03836245106756
downsample,RMSE Q700,24,0.0006135621758100266,0.0006167770479805768,3.214872170550128e-06,2.50550535080644e-06,4.185865933929258e-06,0.5239684415529436,0.3931469123625198,0.30639840103153015,0.5118897984693862,0.3931469123625198,0.08073305383389216,share,5,True,-0.3490919355530591,12,24.871566525131556
dec0_attn,RMSE Q700,24,0.0006135621758100266,0.000613614839191238,5.2663381211459637e-08,-3.6275984408954774e-08,1.285284573289876e-07,0.00858321834163478,0.006440208076550912,-0.004436192329491908,0.01571775282777809,0.006440208076550912,0.0013225022224420233,share,17,False,0.3441102790689637,12,5.855677747382667
dec0_mlp,RMSE Q700,24,0.0006135621758100266,0.0006132739508757368,-2.882249342898528e-07,-4.6119190907726683e-07,-5.420018472553544e-08,-0.04697566858800208,-0.035247044663226965,-0.056399186481270465,-0.006628143871324171,0.035247044663226965,-0.007238010689647696,share,10,True,-0.29074615692409056,12,21.838378507638694
dec1_attn,RMSE Q700,24,0.0006135621758100266,0.0006136740315317487,1.1185572172204654e-07,-2.4688900642407437e-08,2.6582662637035016e-07,0.018230543884875938,0.013678842981050385,-0.003019207154207492,0.032507954231774265,0.013678842981050385,0.0028089620751140334,share,14,False,0.5382903346123001,12,3.601736200239983
dec1_mlp,RMSE Q700,24,0.0006135621758100266,0.0006134122231742367,-1.4995263578991094e-07,-3.506105713313445e-07,1.2686856886527128e-07,-0.024439680557547902,-0.018337716908768065,-0.042876187993810565,0.01551476496706182,0.018337716908768065,-0.0037656658104976244,share,12,False,0.48727633931955805,12,4.136880124765657
dec2_attn,RMSE Q700,24,0.0006135621758100266,0.0006135506749463578,-1.1500863668819269e-08,-1.0489602573215962e-07,1.1191623343620445e-07,-0.001874441437599343,-0.00140644131431355,-0.01282774133711235,0.013686242962238089,0.00140644131431355,-0.00028881392368149925,share,18,False,0.4338626634941566,12,4.738004699498061
dec2_mlp,RMSE Q700,24,0.0006135621758100266,0.0006134147406555712,-1.4743515445540348e-07,-2.2927051759324966e-07,-3.647243526453783e-08,-0.024029374734640244,-0.01802985396396472,-0.0280375054763433,-0.004460216316514147,0.01802985396396472,-0.003702445892154858,share,13,True,0.0013687104480252315,12,11.967195848632109
upsample,RMSE Q700,24,0.0006135621758100266,0.0006139843996303777,4.222238203510642e-07,3.238734886205445e-07,5.377118213800713e-07,0.06881516446049547,0.05163377655184435,0.039606508530463935,0.0657568111892384,0.05163377655184435,0.010603040061938466,share,7,True,-0.10672666100182521,12,14.867476003388296
decoder_io,RMSE Q700,24,0.0006135621758100266,0.0006192775666325664,5.715390822539727e-06,4.859406302178589e-06,6.405738895409739e-06,0.9315096412183903,0.6989354896938474,0.5942570908782244,0.7833581973182747,0.6989354896938474,0.14352699904670696,share,3,True,-0.2144845359837615,12,18.553185900747412
decoder_heads,RMSE Q700,24,0.0006135621758100266,0.0006138978205854073,3.356447753806909e-07,-1.2646948259013396e-07,9.358978180292356e-07,0.05470428077440915,0.041046019900987094,-0.015465960682314895,0.11445100082534564,0.041046019900987094,0.008428835201630123,share,9,False,0.11928209469601443,12,9.442315671562811
film,RMSE Q700,24,0.0006135621758100266,0.0006136586307547987,9.645494477202494e-08,-4.0636223275214425e-09,2.2203857952263204e-07,0.01572048417826357,0.011795481035480783,-0.0004969406204412384,0.027153111331871375,0.011795481035480783,0.0024222120929593472,share,15,False,0.10294790960423651,12,9.759867162368314
cond_embed,RMSE Q700,24,0.0006135621758100266,0.000614295257643486,7.330818334594369e-07,5.240823763112227e-07,9.421865494611359e-07,0.11947963260473482,0.08964862179397769,0.06409006552665254,0.1152200501728678,0.08964862179397769,0.018409420961581047,share,6,True,-0.445626706397542,12,31.292128746033065
encoder_io,RMSE U500,24,1.5035564402739208,1.5225516657034557,0.018995225429534912,0.01553118551770846,0.021859531104564667,1.2633530023039459,0.5434732199559252,0.44436342355366926,0.6254239940555072,0.5434732199559252,0.11591283474515292,share,4,True,0.09249322034174767,12,9.968099712776665
enc0_attn,RMSE U500,24,1.5035564402739208,1.5042531788349152,0.0006967385609944662,0.0002252534031867981,0.0013442727426687868,0.04633936860178878,0.01993441723636294,0.0064447349040467165,0.03846104583845816,0.01993441723636294,0.004251644287177307,share,11,True,-0.1715410127824013,12,16.969448542775343
enc0_mlp,RMSE U500,24,1.5035564402739208,1.5032424330711365,-0.0003140072027842204,-0.0012247758607069651,0.0006653169790903727,-0.02088429768070522,-0.008984073719975422,-0.03504211535745916,0.01903541299148704,0.008984073719975422,-0.0019161375652074182,share,15,False,-0.16593719414008393,12,16.774811478682444
enc1_attn,RMSE U500,24,1.5035564402739208,1.5524241427580516,0.04886770248413086,0.04169582848747571,0.053992137561241785,3.2501408776665577,1.3981559586865628,1.1929611602073653,1.5447713932937401,1.3981559586865628,0.2982009317778888,share,2,True,0.16264888072725417,12,8.642517614593705
enc1_mlp,RMSE U500,24,1.5035564402739208,1.5654304126898448,0.06187397241592407,0.05750770370165507,0.06703439354896545,4.115174579322859,1.770278912724106,1.645355408860499,1.9179239459408175,1.770278912724106,0.37756790864517575,share,1,True,-0.22313223858966538,12,18.893288654983092
enc2_attn,RMSE U500,24,1.5035564402739208,1.5034147600332897,-0.00014168024063110352,-0.0004205018281936645,0.0002317378918329873,-0.00942300779911474,-0.0040536195195763685,-0.012030996073909695,0.006630262890402305,0.0040536195195763685,-0.000864562433325578,share,18,False,0.641885201127124,12,2.6173435167845116
enc2_mlp,RMSE U500,24,1.5035564402739208,1.5016421874364216,-0.0019142528374989827,-0.0025051077206929527,-0.0012963972985744476,-0.1273149970446231,-0.05476877109274775,-0.07167374582375684,-0.03709127942766767,0.05476877109274775,-0.011681170809821362,share,8,True,0.1875111168163311,12,8.210337116121508
downsample,RMSE U500,24,1.5035564402739208,1.518097072839737,0.014540632565816244,0.01330498605966568,0.01616821438074112,0.9670825900733866,0.41602267001543175,0.3806695341489427,0.4625894840277353,0.41602267001543175,0.08872997827500458,share,5,True,0.3883723874920915,12,5.286428494413363
dec0_attn,RMSE U500,24,1.5035564402739208,1.5037085215250652,0.00015208125114440918,-5.798935890197753e-05,0.0004017738004525501,0.010114768363248322,0.004351203283213759,-0.0016591360667210133,0.011495167658624784,0.004351203283213759,0.0009280315728355963,share,17,False,-0.4775696647692274,12,33.93913940582816
dec0_mlp,RMSE U500,24,1.5035564402739208,1.5002934734026592,-0.0032629668712615967,-0.003993713359038036,-0.002248477190732956,-0.2170165870638779,-0.09335688690363018,-0.11426430641052615,-0.06433127858251547,0.09335688690363018,-0.019911305666284723,share,7,True,-0.20311001184733654,12,18.11708059682916
dec1_attn,RMSE U500,24,1.5035564402739208,1.503901074330012,0.0003446340560913086,1.300374666849772e-05,0.0007077880203723905,0.022921258348540776,0.009860339950437764,0.00037205076084178,0.02025055379863588,0.009860339950437764,0.002103029023764616,share,14,True,0.0934081777143258,12,9.949716939350044
dec1_mlp,RMSE U500,24,1.5035564402739208,1.5030653576056163,-0.0004910826683044434,-0.0011318442722161612,8.99444023768106e-05,-0.03266140566129842,-0.014050387556495458,-0.03238324564201021,0.0025734032037720064,0.014050387556495458,-0.0029966890568655607,share,13,False,0.7134623395396819,12,2.0067274583038404
dec2_attn,RMSE U500,24,1.5035564402739208,1.5033462345600128,-0.0002102057139078776,-0.0003691690663496653,1.800134778022755e-05,-0.013980566893091283,-0.006014204812385076,-0.01056231219479071,0.0005150373433555113,0.006014204812385076,-0.001282719190097408,share,16,False,-0.5994316741136562,12,47.91487206806684
dec2_mlp,RMSE U500,24,1.5035564402739208,1.5029354294141133,-0.0006210108598073324,-0.0008790232241153717,-0.0003362424671649934,-0.04130279670074743,-0.017767768687931396,-0.025149771651734317,-0.00962024783511915,0.017767768687931396,-0.003789538030744767,share,12,True,-0.06670892429094238,12,13.715450007669114
upsample,RMSE U500,24,1.5035564402739208,1.5051593383153279,0.0016028980414072673,0.0009745694696903229,0.002212243030468623,0.10660710821838178,0.04586058549587757,0.027883449434603868,0.0632945814491065,0.04586058549587757,0.009781218784488992,share,9,True,0.3346875494208553,12,5.98173663222829
decoder_io,RMSE U500,24,1.5035564402739208,1.5337425867716472,0.03018614649772644,0.028485896438360213,0.03227175573507944,2.007649708994434,0.8636571487944874,0.815011220483615,0.9233286052875315,0.8636571487944874,0.18420217351795923,share,3,True,-0.4878421943054174,12,34.860556908727524
decoder_heads,RMSE U500,24,1.5035564402739208,1.5073413749535878,0.003784934679667155,0.0028455833594004313,0.00461699441075325,0.2517321317833342,0.10829093054527239,0.08141510911377567,0.13209702765775574,0.10829093054527239,0.023096462301695313,share,6,True,-0.32700969055046203,12,23.661731919483994
film,RMSE U500,24,1.5035564402739208,1.5036140978336334,5.765755971272787e-05,-0.00010637640953063965,0.0003595275183518727,0.003834745285798763,0.0016496429457033548,-0.0030435400742902592,0.010286457446177271,0.0016496429457033548,0.000351838477283807,share,19,False,-0.2641590672977781,12,20.615744698878082
cond_embed,RMSE U500,24,1.5035564402739208,1.5046467781066895,0.001090337832768758,0.0004931400219599406,0.0017062524954477947,0.0725172533310501,0.031195703099855806,0.014109250591308546,0.048817664270360286,0.031195703099855806,0.006653469288635217,share,10,True,-0.5567833061327723,12,42.149584914302814
encoder_io,RMSE MSLP,24,43.22458998362223,43.283074061075844,0.05848407745361328,-0.20454254150390624,0.4133800268173218,0.13530279286807084,0.06199830131878652,-0.21683320782015852,0.4382194364289311,0.06199830131878652,0.009929576914612074,share,8,False,0.24565992146714358,12,7.266895872938336
enc0_attn,RMSE MSLP,24,43.22458998362223,43.30300490061442,0.0784149169921875,0.047419071197509766,0.11599729855855304,0.18141274913631075,0.0831267562598598,0.05026841479532593,0.12296740893113114,0.0831267562598598,0.013313486053437639,share,7,True,-0.05245623028402138,12,13.328645247906467
enc0_mlp,RMSE MSLP,24,43.22458998362223,43.17095756530762,-0.05363241831461588,-0.13132752577463785,0.010966595013936304,-0.12407848943144902,-0.0568551129794615,-0.1392188073905176,0.011625561891685758,0.0568551129794615,-0.009105849762168484,share,11,False,-0.24793084093633705,12,19.91195877501525
enc1_attn,RMSE MSLP,24,43.22458998362223,46.11220773061117,2.887617746988932,2.438733180363973,3.3567930857340493,6.6804977168853386,3.0611305327213385,2.5852731398943667,3.5584979409006805,3.0611305327213385,0.49026715932156606,share,1,True,-0.028360995122495576,12,12.700531657871956
enc1_mlp,RMSE MSLP,24,43.22458998362223,45.65030161539713,2.4257116317749023,2.179764231046041,2.67952561378479,5.611878869629539,2.571469145230986,2.310743119911453,2.8405344433550974,2.571469145230986,0.41184355245206916,share,2,True,-0.1869637528906161,12,17.518979117263264
enc2_attn,RMSE MSLP,24,43.22458998362223,43.22318045298258,-0.0014095306396484375,-0.023018415768941244,0.015017803510030101,-0.003260946234961414,-0.001494227302880823,-0.024401559174047578,0.01592020166342988,0.001494227302880823,-0.00023931373305824128,share,19,False,-0.011885247097111694,12,12.28867692693858
enc2_mlp,RMSE MSLP,24,43.22458998362223,43.17044544219971,-0.05414454142252604,-0.0896417220433553,-0.02142005761464438,-0.12526328518799454,-0.057398008826313324,-0.0950281638346248,-0.022707157983500727,0.057398008826313324,-0.009192799339064476,share,10,True,-0.0919435066890929,12,14.430073653779495
downsample,RMSE MSLP,24,43.22458998362223,43.33670139312744,0.11211140950520833,-0.04372157255808512,0.26075507799784325,0.25936951524048524,0.11884802240901794,-0.046348738795398026,0.2764234745591455,0.11884802240901794,0.019034563117978364,share,6,False,-0.41137460586958824,12,28.77296059483755
dec0_attn,RMSE MSLP,24,43.22458998362223,43.233519872029625,0.008929888407389322,-0.008302664756774903,0.020379948616027828,0.02065927845879591,0.009466472522603788,-0.008801559907441052,0.021604550335260802,0.009466472522603788,0.0015161393945284294,share,18,False,-0.33222929463431417,12,23.940480478036356
dec0_mlp,RMSE MSLP,24,43.22458998362223,43.214257876078285,-0.010332107543945312,-0.07742772897084553,0.07048027515411377,-0.0239033095463951,-0.010952948984716398,-0.08208024953409329,0.0747153332375214,0.010952948984716398,-0.0017542117618085157,share,17,False,0.12605266271443177,12,9.313390389883057
dec1_attn,RMSE MSLP,24,43.22458998362223,43.26213423411051,0.03754425048828125,0.009320998191833497,0.06673874855041503,0.08685854626384366,0.03980023035169976,0.009881083529914762,0.07074898369644578,0.03980023035169976,0.0063743592984011116,share,13,True,-0.0796375251180469,12,14.076682453919336
dec1_mlp,RMSE MSLP,24,43.22458998362223,43.208510398864746,-0.01607958475748698,-0.042131209373474116,0.017701991399129195,-0.037200086255484495,-0.017045783814686015,-0.04466281298073467,0.01876567853149872,0.017045783814686015,-0.0027300332082886695,share,15,False,-0.11345529446721994,12,15.07139284710623
dec2_attn,RMSE MSLP,24,43.22458998362223,43.27964496612549,0.05505498250325521,0.04996821880340577,0.06442101796468098,0.1273695887551866,0.058363156998494356,0.05297073700433667,0.06829198402257593,0.058363156998494356,0.00934737636465735,share,9,True,-0.8250092082343508,12,125.15007377154579
dec2_mlp,RMSE MSLP,24,43.22458998362223,43.21342213948568,-0.01116784413655599,-0.03183552424112956,0.010171373685201004,-0.025836784434016564,-0.011838903783830896,-0.033748474977801673,0.010782556860219525,0.011838903783830896,-0.001896105267494153,share,16,False,-0.5270001933371183,12,38.73997845649307
upsample,RMSE MSLP,24,43.22458998362223,43.25569534301758,0.03110535939534505,0.0031346718470255533,0.06627645492553709,0.07196218496723937,0.03297443557951864,0.0033230297573138908,0.07025891151439469,0.03297443557951864,0.0052811478272475985,share,14,True,-0.30694959560868434,12,22.6295159023512
decoder_io,RMSE MSLP,24,43.22458998362223,43.08295917510986,-0.14163080851236978,-0.2527175744374593,-0.004646420478820828,-0.3276625841125008,-0.150141199527988,-0.2679030090019562,-0.004925617184065137,0.150141199527988,-0.024046442516216588,share,4,True,-0.14511214056673905,12,16.073857565260727
decoder_heads,RMSE MSLP,24,43.22458998362223,44.060805320739746,0.8362153371175131,0.750804050763448,0.9851399024327595,1.934582462053092,0.8864623106882774,0.7959187833221409,1.044335538345962,0.8864623106882774,0.14197478815789402,share,3,True,0.45080753904718485,12,4.542511224998152
film,RMSE MSLP,24,43.22458998362223,43.26896890004476,0.04437891642252604,0.024048749605814615,0.05764071146647135,0.10267053184157716,0.047045581504595035,0.025493804285173463,0.061104258685826925,0.047045581504595035,0.007534766438850409,share,12,True,0.2156192779711649,12,7.743023523002481
cond_embed,RMSE MSLP,24,43.22458998362223,43.33783753712972,0.11324755350748698,0.08423391977945964,0.15922164916992188,0.2619979820523374,0.12005243566578297,0.08929541453212717,0.16878904843015607,0.12005243566578297,0.019227460565418634,share,5,True,-0.25852637901642506,12,20.367975502842125
encoder_io,RMSE T2M,24,0.6403933763504028,0.6410638938347498,0.0006705174843470255,-0.001628403862317403,0.0032749315102895095,0.10470400055795388,0.053101859447251334,-0.12896199582975654,0.2593593110075617,0.053101859447251334,0.0164580917005251,share,9,False,-0.008472342376629192,12,12.205073671395596
enc0_attn,RMSE T2M,24,0.6403933763504028,0.6349414785703024,-0.005451897780100505,-0.006125824774305026,-0.004861786092321079,-0.8513357541533035,-0.43176489263603623,-0.4851367693721179,-0.3850307975017989,0.43176489263603623,-0.13381878280797346,share,4,True,-0.27037690297603134,12,20.893695522925015
enc0_mlp,RMSE T2M,24,0.6403933763504028,0.636737585067749,-0.0036557912826538086,-0.004374733194708824,-0.002679441745082539,-0.5708665045051116,-0.28952162977378504,-0.34645847818701003,-0.21219929720853073,0.28952162977378504,-0.08973270581674665,share,6,True,0.19962270004712418,12,8.006290310326087
enc1_attn,RMSE T2M,24,0.6403933763504028,0.6498314042886099,0.009438027938206991,0.00863047776122888,0.0108326015373071,1.473786001971826,0.7474478216208833,0.6834936116329736,0.8578915504975112,0.7474478216208833,0.23165977458499304,share,3,True,-0.012524382948051041,12,12.304397582646754
enc1_mlp,RMSE T2M,24,0.6403933763504028,0.6549500624338785,0.014556686083475748,0.013210336615641912,0.01560484804213047,2.27308504757407,1.1528216884236089,1.0461970859683618,1.2358312300176537,1.1528216884236089,0.3572990712552539,share,2,True,-0.1406395285876353,12,15.927744873528843
enc2_attn,RMSE T2M,24,0.6403933763504028,0.640200545390447,-0.00019283095995585123,-0.00025334606568018595,-9.701413412888849e-05,-0.030111329547909044,-0.015271313234472835,-0.020063827544131094,-0.0076830672356379675,0.015271313234472835,-0.00473310494616599,share,14,True,-0.08681272845083443,12,14.281575255955428
enc2_mlp,RMSE T2M,24,0.6403933763504028,0.6400486628214518,-0.0003447135289510091,-0.0004929641882578531,-0.0002241359402736028,-0.05382840324107176,-0.02729970476720454,-0.03904046598112097,-0.017750521761676376,0.02729970476720454,-0.008461116976557615,share,11,True,-0.168422839687548,12,16.860821515326826
downsample,RMSE T2M,24,0.6403933763504028,0.6360299934943517,-0.004363382856051127,-0.0053488754977782564,-0.003088409081101418,-0.681359773100405,-0.34555958426977434,-0.423606008067741,-0.2445876040055415,0.34555958426977434,-0.1071007943056439,share,5,True,-0.22786891112879273,12,19.08280490957312
dec0_attn,RMSE T2M,24,0.6403933763504028,0.6402771472930908,-0.00011622905731201172,-0.00027052039901415506,-2.1834174791971903e-05,-0.018149634522205752,-0.009204799590094903,-0.02142395469381877,-0.001729164873424756,0.009204799590094903,-0.002852883822066977,share,16,True,0.30178697165815926,12,6.436196184564554
dec0_mlp,RMSE T2M,24,0.6403933763504028,0.6403382271528244,-5.5149197578430176e-05,-0.00039177176853020986,0.00020188093185424805,-0.00861176889316455,-0.004367559395248877,-0.031026498001244216,0.015988028826487918,0.004367559395248877,-0.0013536567981371644,share,17,False,0.10900515214250915,12,9.641017585566598
dec1_attn,RMSE T2M,24,0.6403933763504028,0.6401775479316711,-0.00021582841873168945,-0.0002947965015967687,-0.00011346042156219492,-0.0337024751820036,-0.017092604777299306,-0.02334650886632388,-0.008985536543448804,0.017092604777299306,-0.005297585804976679,share,13,True,0.2958320871212684,12,6.52091813324113
dec1_mlp,RMSE T2M,24,0.6403933763504028,0.6404338131348292,4.0436784426371254e-05,-0.0001344637324412664,0.00028414738674958527,0.00631436643783235,0.0032024048488445557,-0.010648900867667005,0.022503148606444208,0.0032024048488445557,0.0009925353502327889,share,18,False,0.33927876139394825,12,5.920093032028908
dec2_attn,RMSE T2M,24,0.6403933763504028,0.6402462820212046,-0.0001470943291982015,-0.0002105236053466797,-8.173746367295583e-05,-0.022969370800880393,-0.011649185259020107,-0.016672488283187282,-0.0064732261407962595,0.011649185259020107,-0.00361048297037143,share,15,True,-0.33950056689799,12,24.336140195132234
dec2_mlp,RMSE T2M,24,0.6403933763504028,0.6401697446902593,-0.00022363166014353433,-0.0003304839134216308,-9.279996156692507e-05,-0.03492098269629357,-0.017710585125847982,-0.02617278554217446,-0.007349324411183852,0.017710585125847982,-0.0054891191590137394,share,12,True,-0.2512107550754033,12,20.05174241306952
upsample,RMSE T2M,24,0.6403933763504028,0.6399457156658173,-0.0004476606845855713,-0.0006614009539286296,-0.00021330341696739196,-0.0699040154251417,-0.03545263965200399,-0.052379872730684666,-0.01689263640671705,0.03545263965200399,-0.010987991766991811,share,10,True,-0.10297259974747733,12,14.755035568861938
decoder_io,RMSE T2M,24,0.6403933763504028,0.6429075300693512,0.0025141537189483643,0.0019215012590090435,0.003166160980860391,0.3925952097250768,0.19910925595384515,0.15217394350720087,0.25074519206124823,0.19910925595384515,0.06171080310599801,share,7,True,-0.1175475646908704,12,15.196933273341381
decoder_heads,RMSE T2M,24,0.6403933763504028,0.6582288295030594,0.017835453152656555,0.01685682386159897,0.019214256107807158,2.7850777055660183,1.4124847578176438,1.3349818794023098,1.5216795252011721,1.4124847578176438,0.4377775827765307,share,1,True,0.14089925542690782,12,9.036037919947235
film,RMSE T2M,24,0.6403933763504028,0.6403857072194418,-7.66913096110026e-06,-0.00010193089644114176,9.253757695356993e-05,-0.0011975656283028067,-0.0006073594259447235,-0.00807245189351169,0.007328544772792954,0.0006073594259447235,-0.0001882415650115988,share,19,False,0.30552647684551004,12,6.383388177611084
cond_embed,RMSE T2M,24,0.6403933763504028,0.6418808450301489,0.001487468679745992,0.0011103654901186625,0.0020185435811678563,0.2322742137376662,0.1178005862755107,0.08793577135244933,0.15985924310342314,0.1178005862755107,0.03651045126251844,share,8,True,0.04304308764040583,12,11.009595945162063
encoder_io,SpecDiv> Z500,24,4.364433940888072e-05,3.840180837263082e-05,-5.242531036249905e-06,-8.080853528250978e-06,-2.7297303290652072e-06,-12.011938105272726,-0.8674218373859387,-1.3370466987518612,-0.45165735428809656,0.8674218373859387,-0.6146771759396217,share,2,True,0.6052164170852385,12,2.9512550111961486
enc0_attn,SpecDiv> Z500,24,4.364433940888072e-05,4.4873351574400054e-05,1.2290121655193313e-06,8.323792750767704e-07,1.8457673528852563e-06,2.8159715146685276,0.20335063033733303,0.1377243082008623,0.3053980792018317,0.20335063033733303,0.14409942866780776,share,7,True,0.3056773822871393,12,6.381263492486551
enc0_mlp,SpecDiv> Z500,24,4.364433940888072e-05,4.232066703480086e-05,-1.3236723740798577e-06,-1.706673701088827e-06,-8.182350939023308e-07,-3.032861516539572,-0.21901297577108428,-0.28238383852767746,-0.13538403180806324,0.21901297577108428,-0.15519816499755226,share,6,True,-0.13266884119005132,12,15.671091665760075
enc1_attn,SpecDiv> Z500,24,4.364433940888072e-05,5.738555197846532e-05,1.3741212569584604e-05,1.1314406386494132e-05,1.6653325981981956e-05,31.484524123163958,2.273601772235965,1.8720658225658047,2.7554359758661393,2.273601772235965,1.6111320424914823,share,1,True,-0.09970298490589113,12,14.657869122770844
enc1_mlp,SpecDiv> Z500,24,4.364433940888072e-05,4.7791437888614986e-05,4.147098479734268e-06,1.995769707718864e-06,7.17452456531949e-06,9.502030586102581,0.6861731019306938,0.3302172585910032,1.1870867788456,0.6861731019306938,0.4862397121238606,share,3,True,0.546728145918806,12,3.5166246009852182
enc2_attn,SpecDiv> Z500,24,4.364433940888072e-05,4.379455125066064e-05,1.5021184177991623e-07,-3.890877451340202e-08,3.22738545340447e-07,0.3441725635314605,0.02485384080569318,-0.006437791296890955,0.05339986736534996,0.02485384080569318,0.017612063726381882,share,19,False,0.04321074615241015,12,11.005897982279478
enc2_mlp,SpecDiv> Z500,24,4.364433940888072e-05,4.287605588615406e-05,-7.682835227266575e-07,-1.1302388126447718e-06,-5.810765060232372e-07,-1.7603279901409794,-0.1271191148528913,-0.1870077298103182,-0.09614410425637221,0.1271191148528913,-0.09007983792660079,share,10,True,-0.42374888937729044,12,29.64850975135662
downsample,SpecDiv> Z500,24,4.364433940888072e-05,4.317406577077539e-05,-4.7027363810533035e-07,-1.8895016485961e-06,1.2635183111342485e-06,-1.077513474770658,-0.07781081703071684,-0.31263429447265567,0.20905996882735534,0.07781081703071684,-0.055138723984781896,share,15,False,0.32012134528764113,12,6.180146912760238
dec0_attn,SpecDiv> Z500,24,4.364433940888072e-05,4.384435396787012e-05,2.0001455898939943e-07,2.2290343319279295e-08,3.346765879541635e-07,0.45828293359092664,0.03309412859225135,0.003688128963715867,0.05537511916399052,0.03309412859225135,0.023451341235045442,share,18,True,0.22200323208227485,12,7.639882587793459
dec0_mlp,SpecDiv> Z500,24,4.364433940888072e-05,4.100634532733238e-05,-2.6379940815483374e-06,-3.482489379772839e-06,-2.1491143115781604e-06,-6.044298338060216,-0.4364788033504381,-0.5762078117596435,-0.35558944181950686,0.4364788033504381,-0.3092999814363469,share,4,True,-0.14693054923103258,12,16.133699991678405
dec1_attn,SpecDiv> Z500,24,4.364433940888072e-05,4.421671398328423e-05,5.723745744035114e-07,3.57925531109989e-07,8.146362233674154e-07,1.3114520282716091,0.09470429484710091,0.05922185671309868,0.1347885677334922,0.09470429484710091,0.0671098720334256,share,13,True,0.030987269544325607,12,11.278657951428913
dec1_mlp,SpecDiv> Z500,24,4.364433940888072e-05,4.303805083812525e-05,-6.062885707554718e-07,-7.340683320459599e-07,-5.192907413705445e-07,-1.3891574004030054,-0.1003156571500241,-0.1214579173584858,-0.08592111823516384,0.1003156571500241,-0.07108622608041307,share,12,True,-0.5157049074958273,12,37.556562458442045
dec2_attn,SpecDiv> Z500,24,4.364433940888072e-05,4.4150591747893486e-05,5.062523390127657e-07,2.937814542747219e-07,6.712989109776874e-07,1.159949596830772,0.08376380245552242,0.048608667663545116,0.11107217692543724,0.08376380245552242,0.05935716086476233,share,14,True,0.2782588839516083,12,6.775539369463581
dec2_mlp,SpecDiv> Z500,24,4.364433940888072e-05,4.4044679877212424e-05,4.003404683317058e-07,1.9215273520482395e-07,7.404088970967371e-07,0.9172792480168569,0.06623977277750956,0.03179332224789844,0.12250701836492342,0.06623977277750956,0.04693918772954082,share,16,True,0.28226171813741846,12,6.716927800715912
upsample,SpecDiv> Z500,24,4.364433940888072e-05,4.4485307322853863e-05,8.409679139731452e-07,6.403454714624482e-07,1.1793020424496109e-06,1.926865947252774,0.13914537235491772,0.10595066420723512,0.1951256630473611,0.13914537235491772,0.0986019498678284,share,8,True,-0.4927946681090807,12,35.31811456028126
decoder_io,SpecDiv> Z500,24,4.364433940888072e-05,4.282424273090631e-05,-8.200966779744098e-07,-2.4548077287060247e-06,5.948212447037802e-07,-1.8790447720868406,-0.13569204689945433,-0.40616904616106103,0.09841828945398519,0.13569204689945433,-0.09615483561836294,share,9,False,0.10305216367144658,12,9.75781054643632
decoder_heads,SpecDiv> Z500,24,4.364433940888072e-05,4.292826618742159e-05,-7.160732214591311e-07,-1.2485347876160327e-06,-3.294297054405265e-08,-1.640701248220577,-0.11848047158253178,-0.20658081602676778,-0.005450697733725511,0.11848047158253178,-0.08395827559036016,share,11,True,0.40605972697440934,12,5.06897618897295
film,SpecDiv> Z500,24,4.364433940888072e-05,4.3970073268913744e-05,3.25733860033021e-07,1.9171210396962124e-07,4.473872498541215e-07,0.7463370151656848,0.0538954679361842,0.03172041602130553,0.07402406730797371,0.0538954679361842,0.03819169935448429,share,17,True,0.12555006599568233,12,9.322907549891314
cond_embed,SpecDiv> Z500,24,4.364433940888072e-05,4.593922161196436e-05,2.2948822030836404e-06,1.3589366593199279e-06,3.3378637605589262e-06,5.2581439750619285,0.37970799284138207,0.22484775498088452,0.5522782595101352,0.37970799284138207,0.26907074120339214,share,5,True,0.569132378320985,12,3.2950766497347175
encoder_io,SpecDiv< Z500,24,4.872337194683496e-05,4.423735663294792e-05,-4.486015313887037e-06,-7.342587506779334e-06,-1.9654518382594704e-06,-9.207111771291203,-0.7662548669485381,-1.254185066120546,-0.3357182112502244,0.7662548669485381,-0.18752747133327602,share,4,True,0.6144546438653223,12,2.865700991474913
enc0_attn,SpecDiv< Z500,24,4.872337194683496e-05,5.043211801118256e-05,1.7087460643476031e-06,1.279966375022923e-06,2.3181263107593017e-06,3.5070357326913255,0.29187037862583654,0.21863065454896247,0.3959584271418077,0.29187037862583654,0.0714301682399166,share,8,True,0.4052207840886569,12,5.079166684518533
enc0_mlp,SpecDiv< Z500,24,4.872337194683496e-05,4.8055170433750995e-05,-6.682015130839621e-07,-1.093035590808237e-06,-1.5887341457225105e-07,-1.3714188620054408,-0.11413529060365936,-0.18670106600217293,-0.027137118049478336,0.11413529060365936,-0.0279326153216203,share,14,True,-0.17032211108693238,12,16.926888760940194
enc1_attn,SpecDiv< Z500,24,4.872337194683496e-05,6.194893376232358e-05,1.3225561815488618e-05,1.0846707679471971e-05,1.60879440500139e-05,27.1441841708325,2.25905406026487,1.8527227323622038,2.747976670823586,2.25905406026487,0.5528639540179163,share,1,True,-0.11507647467162495,12,15.120987648163318
enc1_mlp,SpecDiv< Z500,24,4.872337194683496e-05,5.322267800996391e-05,4.4993060631289454e-06,2.336202366374588e-06,7.507215408016538e-06,9.2343897463386,0.7685250556526377,0.3990459925247364,1.2823051062300899,0.7685250556526377,0.18808306029654687,share,3,True,0.5515052903729311,12,3.4688483171276756
enc2_attn,SpecDiv< Z500,24,4.872337194683496e-05,4.932187857775716e-05,5.98506630922202e-07,4.306913448696529e-07,8.257433516215921e-07,1.2283768692677286,0.10223072966902892,0.07356625336016252,0.14104496256884058,0.10223072966902892,0.02501918232993912,share,16,True,0.02003759652335086,12,11.528544518163345
enc2_mlp,SpecDiv< Z500,24,4.872337194683496e-05,4.840209142760917e-05,-3.2128051922578987e-07,-7.138927912819782e-07,-1.3663914918045825e-07,-0.659397136093862,-0.05487782459199915,-0.12193980348348567,-0.023339290160494967,0.05487782459199915,-0.01343038735791785,share,17,True,-0.32654880247675555,12,23.637326191214665
downsample,SpecDiv< Z500,24,4.872337194683496e-05,4.884932301744508e-05,1.2595107061012337e-07,-1.3493958325246544e-06,1.9047302960946866e-06,0.25850236873498056,0.021513662816447586,-0.23048987838076906,0.32534638370243324,0.021513662816447586,0.005265092544405454,share,19,False,0.32977016792976466,12,6.048231625893734
dec0_attn,SpecDiv< Z500,24,4.872337194683496e-05,4.93466232001083e-05,6.232512532733381e-07,5.265183896578189e-07,6.65597788914359e-07,1.2791628090793994,0.1064573508418694,0.08993444078630039,0.11369054929593939,0.1064573508418694,0.026053573907747773,share,15,True,-0.34394373856599053,12,24.582228401479984
dec0_mlp,SpecDiv< Z500,24,4.872337194683496e-05,4.656369886409569e-05,-2.15967308273927e-06,-2.922973787159814e-06,-1.7364818252948075e-06,-4.432519746572181,-0.3688930810253559,-0.4992722346356677,-0.29660791524291547,0.3688930810253559,-0.09028012696677891,share,7,True,-0.1929381677606345,12,17.737498468248553
dec1_attn,SpecDiv< Z500,24,4.872337194683496e-05,4.981905613021809e-05,1.0956841833831277e-06,8.702110676495067e-07,1.393711931996222e-06,2.248785623003875,0.1871534712681093,0.14864047917864706,0.2380594974142005,0.1871534712681093,0.04580253742193922,share,10,True,0.18825338858682614,12,8.197712230842345
dec1_mlp,SpecDiv< Z500,24,4.872337194683496e-05,4.853812606597785e-05,-1.8524588085711002e-07,-3.205324143588465e-07,-8.278639143100017e-08,-0.3801992215547871,-0.03164179073341966,-0.054750041034616115,-0.014140717521569297,0.03164179073341966,-0.007743774637706001,share,18,True,-0.2826577292832176,12,21.456832226014967
dec2_attn,SpecDiv< Z500,24,4.872337194683496e-05,4.9641354356329735e-05,9.179824094947738e-07,7.224337499186125e-07,1.0698753385440796e-06,1.8840699500363818,0.15680028707682403,0.12339868194595273,0.18274507058632372,0.15680028707682403,0.038374126688350774,share,12,True,0.15907919760155867,12,8.706091567912138
dec2_mlp,SpecDiv< Z500,24,4.872337194683496e-05,4.968691943455875e-05,9.635474877237964e-07,7.05260390532203e-07,1.3597117534421462e-06,1.9775878581949988,0.16458324377957917,0.12046530582239008,0.23225193759300902,0.16458324377957917,0.040278869161016945,share,11,True,0.5307764829929961,12,3.6783176816741117
upsample,SpecDiv< Z500,24,4.872337194683496e-05,5.0139064721103445e-05,1.4156927742684882e-06,1.2366600458335596e-06,1.6867765452843742e-06,2.905572249419102,0.2418140381797241,0.21123351406031973,0.28811777197409255,0.2418140381797241,0.05917975476399477,share,9,True,-0.51776056409921,12,37.76780871346545
decoder_io,SpecDiv< Z500,24,4.872337194683496e-05,5.21122309085816e-05,3.38885896174664e-06,1.7402652285151514e-06,4.867967152222262e-06,6.955304664554889,0.5788499349973286,0.29725415715881864,0.8314959405040165,0.5788499349973286,0.1416633933090183,share,5,True,0.05764261768732686,12,10.691975151756953
decoder_heads,SpecDiv< Z500,24,4.872337194683496e-05,5.569630866375519e-05,6.9729367169202305e-06,6.027942314782801e-06,8.368962054798127e-06,14.311276987415457,1.191045130792175,1.0296309337350753,1.4294997803385079,1.191045130792175,0.29148745574789037,share,2,True,0.431888825100893,12,4.761077801070851
film,SpecDiv< Z500,24,4.872337194683496e-05,4.946884322028685e-05,7.454712734518883e-07,6.3376340525186e-07,8.49665813499693e-07,1.530007558313734,0.12733371410582256,0.10825292822001831,0.14513115076947838,0.12733371410582256,0.03116269853766932,share,13,True,-0.1869077555217345,12,17.516946155844845
cond_embed,SpecDiv< Z500,24,4.872337194683496e-05,5.142458212503698e-05,2.701210178202018e-06,1.6849227449711179e-06,3.859333727026144e-06,5.5439721642202295,0.4613928622336273,0.2878011249247644,0.6592115819038619,0.4613928622336273,0.11291782992577806,share,6,True,0.6288057223854198,12,2.734722299999967
encoder_io,SpecRes Z500,24,7.767544108598183e-05,6.774913284364932e-05,-9.926308242332501e-06,-1.9733001257312328e-05,-5.930914691513719e-07,-12.779210653396488,-0.2702715137280281,-0.5372861682318323,-0.01614857459927668,0.2702715137280281,0.653538347753733,share,2,True,0.7432973037259493,12,1.767014925512017
enc0_attn,SpecRes Z500,24,7.767544108598183e-05,7.855186534773868e-05,8.764242617568622e-07,5.161572327475975e-07,1.4785874024407044e-06,1.1283157836036175,0.023863102586600307,0.014053824766536036,0.040258678824075966,0.023863102586600307,-0.05770290927669931,share,10,True,-0.14531089108359005,12,16.080385896607044
enc0_mlp,SpecRes Z500,24,7.767544108598183e-05,7.726209514657967e-05,-4.133459394021581e-07,-1.5225463926071824e-06,6.609294966134863e-07,-0.5321449529261252,-0.011254499659714768,-0.041455585319844605,0.01799565469420237,0.011254499659714768,0.027214289108568292,share,11,False,0.09651821952973626,12,9.887461213633896
enc1_attn,SpecRes Z500,24,7.767544108598183e-05,8.928210445446894e-05,1.160666336848711e-05,8.564853639351592e-06,1.4527109813874023e-05,14.942513626204278,0.31602388333606074,0.23320210308345418,0.3955412086383511,0.31602388333606074,-0.764171272500441,share,1,True,-0.4271714401682865,12,29.897352337060077
enc1_mlp,SpecRes Z500,24,7.767544108598183e-05,7.566644156516607e-05,-2.008999520815754e-06,-1.0777319926091877e-05,5.835933355532081e-06,-2.586402462255628,-0.054700632734146035,-0.2934426877793225,0.15889961338183392,0.054700632734146035,0.13227054766168012,share,5,False,0.45595459673085903,12,4.484030514336518
enc2_attn,SpecRes Z500,24,7.767544108598183e-05,7.782316030594909e-05,1.4771921996725723e-07,-2.493440357890601e-07,4.7668214241033007e-07,0.19017493547766448,0.004022069052521452,-0.006789088989234262,0.012979004988675005,0.004022069052521452,-0.009725687797721096,share,15,False,0.31813032474936875,12,6.207607813410556
enc2_mlp,SpecRes Z500,24,7.767544108598183e-05,7.749488395347726e-05,-1.8055713250456998e-07,-6.762942878898078e-07,1.7453265475827023e-07,-0.23245073343671724,-0.004916173095279105,-0.0184140041243215,0.004752139833349024,0.004916173095279105,0.011887703582380435,share,14,False,0.21880793118922232,12,7.691371696755026
downsample,SpecRes Z500,24,7.767544108598183e-05,7.61106069451974e-05,-1.5648341407844175e-06,-3.3834976420621388e-06,-8.148197139235008e-08,-2.014580308661839,-0.04260698757665437,-0.09212518965665989,-0.0022185746414600067,0.04260698757665437,0.10302713696875584,share,6,True,-0.002795432020482484,12,12.067278440799276
dec0_attn,SpecRes Z500,24,7.767544108598183e-05,7.776441195043542e-05,8.897086445358582e-08,-1.778700266186206e-07,2.832966780867234e-07,0.11454182069606875,0.0024224807074811738,-0.004843009119547844,0.00771354466850898,0.0024224807074811738,-0.005857753994102705,share,17,False,-0.14606094051351276,12,16.105050042367544
dec0_mlp,SpecRes Z500,24,7.767544108598183e-05,7.871467293322591e-05,1.039231847244082e-06,-3.3596855549452204e-07,2.0051358433192943e-06,1.337915604616545,0.028295994604639888,-0.009147683896343168,0.054595433304505954,0.028295994604639888,-0.06842200018376246,share,9,False,0.42428253838397295,12,4.850589228757243
dec1_attn,SpecRes Z500,24,7.767544108598183e-05,7.75702101236675e-05,-1.0523096231433253e-07,-5.178478659217944e-07,1.9685324635550668e-07,-0.13547520405818936,-0.002865207364250521,-0.014099856984757948,0.005359880388146932,0.002865207364250521,0.006928302805483295,share,16,False,0.22229180051388311,12,7.635245847112595
dec1_mlp,SpecRes Z500,24,7.767544108598183e-05,7.768467988474488e-05,9.2387987630597e-09,-4.290154909843598e-07,3.461746018729172e-07,0.011894105310368216,0.0002515521446404361,-0.011681147041820033,0.009425572063477008,0.0002515521446404361,-0.0006082734014937733,share,19,False,0.2194636433313278,12,7.680783540571049
dec2_attn,SpecRes Z500,24,7.767544108598183e-05,7.799614377290709e-05,3.2070268692526344e-07,-3.710473113945529e-09,5.588019045414209e-07,0.4128752697654664,0.008732027913689829,-0.00010102801169083585,0.015214945267408499,0.008732027913689829,-0.0211147487078307,share,13,False,0.3432943261829034,12,5.8665237634095035
dec2_mlp,SpecRes Z500,24,7.767544108598183e-05,7.902532100464062e-05,1.3498799186587955e-06,8.054153871247156e-07,1.9372109818505123e-06,1.73784647989905,0.03675425748024633,0.021929687306072573,0.05274598891080451,0.03675425748024633,-0.08887476291980555,share,8,True,0.7091145306998924,12,2.0423591098788796
upsample,SpecRes Z500,24,7.767544108598183e-05,7.731128744126181e-05,-3.641536447200148e-07,-1.3033796638713586e-06,4.6975416125860587e-07,-0.46881438924423957,-0.009915101806764965,-0.03548815794522056,0.012790371318709932,0.009915101806764965,0.023975516928224614,share,12,False,0.7063330871171554,12,2.065249148129647
decoder_io,SpecRes Z500,24,7.767544108598183e-05,7.62484924052842e-05,-1.42694868069763e-06,-3.4916686975824027e-06,4.469967128291802e-07,-1.837065436317365,-0.03885267014977737,-0.09507044928423625,0.012170736114417392,0.03885267014977737,0.09394889422589221,share,7,False,0.0639096778197732,12,10.55830593550218
decoder_heads,SpecRes Z500,24,7.767544108598183e-05,7.507879233041119e-05,-2.5966487555706408e-06,-3.2419551037795222e-06,-2.1358840702608482e-06,-3.342946907371036,-0.0707010272756921,-0.08827129804412612,-0.058155419590449245,0.0707010272756921,0.1709607938805714,share,4,True,-0.08934760803339972,12,14.354732290518422
film,SpecRes Z500,24,7.767544108598183e-05,7.77231859198461e-05,4.774483386427164e-08,-1.584298312688285e-07,2.1726534669141962e-07,0.061467090751916184,0.0012999866824765954,-0.0043136954113607755,0.005915656928777433,0.0012999866824765954,-0.0031434727872303525,share,18,False,-0.1027345247938218,12,14.747936550757355
cond_embed,SpecRes Z500,24,7.767544108598183e-05,8.111801707855193e-05,3.4425759925701036e-06,1.5935481769702164e-06,5.7938702487566225e-06,4.432000571144989,0.09373376303867997,0.04338880754795859,0.15775432761568936,0.09373376303867997,-0.2266558091160242,share,3,True,0.6445071085876477,12,2.594038465794121
encoder_io,|RQE| Z500,24,0.002150436028993378,0.0019224159380731483,-0.00022802009092022976,-0.00029952362334976595,-0.0001597846208217865,-10.603435203183714,-0.34936274873393236,-0.45891743987081046,-0.2448152446147275,0.34936274873393236,-0.5234639901379796,colmax,3,True,0.02464543278789955,12,11.422736521354283
enc0_attn,|RQE| Z500,24,0.002150436028993378,0.002218019653810188,6.758362481681009e-05,5.5328127928078175e-05,7.881601147043208e-05,3.1427870397263606,0.10354877432122281,0.08477141982202908,0.12075856254784247,0.10354877432122281,0.15515121396461523,colmax,5,True,-0.12090565978122339,12,15.300824157310828
enc0_mlp,|RQE| Z500,24,0.002150436028993378,0.002098379695477585,-5.2056333515793085e-05,-8.402012123648698e-05,-1.934970350703226e-05,-2.4207338797313924,-0.07975851466724551,-0.12873207964120287,-0.029646798126961246,0.07975851466724551,-0.11950532930742254,colmax,8,True,0.13772388217148623,12,9.09474924108391
enc1_attn,|RQE| Z500,24,0.002150436028993378,0.0019649247794101634,-0.00018551124958321452,-0.00030846562003716826,-7.069715526692263e-05,-8.626680686244482,-0.2842324981711005,-0.4726179893674488,-0.10831919412032136,0.2842324981711005,-0.4258767660797239,colmax,4,True,0.17581077044581683,12,8.411447660834263
enc1_mlp,|RQE| Z500,24,0.002150436028993378,0.002160296484362334,9.86045536895593e-06,-7.304888276848942e-05,0.00014277101339151463,0.45853283873650613,0.015107773080714435,-0.11192241163025554,0.21874771418908948,0.015107773080714435,0.0226365724668396,colmax,15,False,0.05113816900852646,12,10.832393216809654
enc2_attn,|RQE| Z500,24,0.002150436028993378,0.0021532128545610854,2.7768255677074194e-06,-4.7380609127382435e-06,9.749723540153355e-06,0.12912848976992147,0.004254534805129569,-0.007259456732354895,0.01493811445139507,0.004254534805129569,0.00637473735635778,colmax,17,False,0.14063899942723557,12,9.040837646311799
enc2_mlp,|RQE| Z500,24,0.002150436028993378,0.0021181930787861347,-3.224295020724336e-05,-4.5734017961270485e-05,-2.2509253903990627e-05,-1.4993680245552958,-0.04940128594034552,-0.07007172991254586,-0.03448772774412785,0.04940128594034552,-0.07401989579597348,colmax,10,True,0.15981414938813224,12,8.69297051830361
downsample,|RQE| Z500,24,0.002150436028993378,0.0022067602549213916,5.6324225928013526e-05,2.2200562913591663e-05,9.945085087868693e-05,2.6192002537447707,0.08629759908922151,0.03401476445181467,0.15237439160157787,0.08629759908922151,0.1293030974890083,colmax,7,True,-0.18297909813438296,12,17.375013472969265
dec0_attn,|RQE| Z500,24,0.002150436028993378,0.002158963596836353,8.527567842975259e-06,3.592404633915674e-07,1.76115883126234e-05,0.3965506403353475,0.013065579132143979,0.0005504130589564415,0.026983731466982915,0.013065579132143979,0.01957667270125679,colmax,16,True,0.26696408772933583,12,6.9429205077256855
dec0_mlp,|RQE| Z500,24,0.002150436028993378,0.0020887495193164796,-6.168650967689852e-05,-8.138862225071837e-05,-4.380588895098003e-05,-2.868558229364026,-0.09451346367572035,-0.12470020808440965,-0.06711753211256179,0.09451346367572035,-0.14161325154655302,colmax,6,True,0.03556482605319187,12,11.175758191276419
dec1_attn,|RQE| Z500,24,0.002150436028993378,0.00218099068539838,3.055465640500188e-05,2.1535358488714943e-05,3.653029804506028e-05,1.420858653456646,0.046814553512333774,0.03299556633902115,0.05597017914336684,0.046814553512333774,0.07014409254249736,colmax,11,True,0.22611765974233833,12,7.573977920718852
dec1_mlp,|RQE| Z500,24,0.002150436028993378,0.0021372836005563536,-1.3152428437024355e-05,-2.2425407466168204e-05,-4.9065468677630024e-06,-0.611616819086733,-0.020151595119276854,-0.034359261774875,-0.0075176037935763725,0.020151595119276854,-0.030193930025479973,colmax,13,True,-0.045762502257548306,12,13.150971384775312
dec2_attn,|RQE| Z500,24,0.002150436028993378,0.0021506292881288878,1.932591355095307e-07,-8.429556328337639e-06,5.799451901111747e-06,0.008986974404441853,0.0002961034816145802,-0.01291541003071443,0.008885675157595837,0.0002961034816145802,0.00044366352892924064,colmax,19,False,-0.2094729306743671,12,18.359491700231647
dec2_mlp,|RQE| Z500,24,0.002150436028993378,0.002103572759854918,-4.686326913846036e-05,-5.7649686641525474e-05,-3.489563023322263e-05,-2.1792449766755966,-0.07180192085178244,-0.08832841398953384,-0.05346561019198319,0.07180192085178244,-0.1075836508753541,colmax,9,True,0.25408745597885407,12,7.137421306289407
upsample,|RQE| Z500,24,0.002150436028993378,0.002147975921009978,-2.4601079834004245e-06,-1.7647088194886844e-05,1.8678974205007148e-05,-0.11440042624992684,-0.0037692735047796266,-0.02703812288660403,0.02861913503084459,0.0037692735047796266,-0.005647651204610734,colmax,18,False,0.19181725336997069,12,8.137315458504933
decoder_io,|RQE| Z500,24,0.002150436028993378,0.0024878953505928316,0.0003374593215994537,0.00014527229650411754,0.0005606348100021326,15.692599875078304,0.5170409138250791,0.22258007448705297,0.8589809672814843,0.5170409138250791,0.7747028004453517,colmax,2,True,0.6479506311583624,12,2.5635430735750497
decoder_heads,|RQE| Z500,24,0.002150436028993378,0.002586034456423173,0.00043559842742979527,0.00039174196839060943,0.0004727813104788462,20.256283914369657,0.6674055050889823,0.6002104916240187,0.7243755474016718,0.6674055050889823,1.0,colmax,1,True,0.3756292781629694,12,5.446560916506419
film,|RQE| Z500,24,0.002150436028993378,0.0021614170206400254,1.0980991646647453e-05,5.00662960500146e-06,1.6378545357535276e-05,0.5106402375423216,0.016824611419171864,0.007670946334759182,0.02509451515118335,0.016824611419171864,0.025208979085254487,colmax,14,True,0.048414677901496415,12,10.891705453836572
cond_embed,|RQE| Z500,24,0.002150436028993378,0.0021658743013783046,1.5438272384926677e-05,-2.0814154413528738e-05,4.5104138068078706e-05,0.7179135848162549,0.02365386863207602,-0.031890567928186765,0.06910665455462618,0.02365386863207602,0.03544152460792536,colmax,12,False,0.3274343479270032,12,6.079990198746748
encoder_io,SpecDiv> T850,24,0.0002900640295896058,0.0002774941640382167,-1.2569865551389134e-05,-2.5114019384394247e-05,-3.5855085419219646e-06,-4.33347960075349,-0.492962387259416,-0.9849164176654266,-0.14061573237508063,0.492962387259416,-0.10736124046719067,share,4,True,0.2210610559159835,12,7.655036808946717
enc0_attn,SpecDiv> T850,24,0.0002900640295896058,0.00029188109328970313,1.8170637000973027e-06,8.555734590724266e-07,3.166173943706477e-06,0.6264353779640162,0.0712612283512772,0.033553702952179076,0.12417035483689923,0.0712612283512772,0.015519832893422686,share,10,True,0.4095736589737564,12,5.026424867695995
enc0_mlp,SpecDiv> T850,24,0.0002900640295896058,0.0002864423586288467,-3.6216709607591233e-06,-6.149302256138374e-06,-1.8953946588832576e-06,-1.2485763801472414,-0.1420339426372477,-0.24116206396739698,-0.07433319569106914,0.1420339426372477,-0.03093327333705103,share,7,True,-0.1191130486715945,12,15.24526678912344
enc1_attn,SpecDiv> T850,24,0.0002900640295896058,0.000369716096126164,7.965206653655817e-05,6.471154168442202e-05,9.89876954918145e-05,27.46016686358977,3.1237782702988586,2.5378438569268935,3.882078967309263,3.1237782702988586,0.6803210928692102,share,2,True,0.6210272725609343,12,2.8054264146242747
enc1_mlp,SpecDiv> T850,24,0.0002900640295896058,0.0003794848210721587,8.942079148255289e-05,7.732401475853597e-05,0.00010450260597281157,30.8279491287041,3.5068861046802677,3.0324772171996455,4.098361585855955,3.5068861046802677,0.7637573415464189,share,1,True,0.3278775247279324,12,6.073956033646504
enc2_attn,SpecDiv> T850,24,0.0002900640295896058,0.0002901107970198306,4.6767430224766336e-08,-1.876790823492532e-07,4.3237535768033316e-07,0.016123140222155354,0.0018341154052392509,-0.007360359432270925,0.016956807345539636,0.0018341154052392509,0.0003994481326682777,share,18,False,-0.16532952299443793,12,16.75386234589446
enc2_mlp,SpecDiv> T850,24,0.0002900640295896058,0.00028839319323499996,-1.6708363546058536e-06,-2.6455389767458352e-06,-8.566031889737743e-07,-0.5760232859516637,-0.06552651456127123,-0.1037522003901095,-0.03359408668646211,0.06552651456127123,-0.014270881650626658,share,11,True,0.34416296971087296,12,5.854977812074645
downsample,SpecDiv> T850,24,0.0002900640295896058,0.0002928635585703887,2.7995289807828763e-06,-3.1241379474522544e-07,5.1893348427256535e-06,0.9651417256885528,0.10979134851733809,-0.0122521795830473,0.20351426050661264,0.10979134851733809,0.0239112266453386,share,9,False,-0.22989651308757672,12,19.164642684872426
dec0_attn,SpecDiv> T850,24,0.0002900640295896058,0.00029055352085075964,4.894912611537924e-07,8.160550351021811e-08,9.328139640274457e-07,0.16875283083060805,0.019196767034181113,0.0032003877574854414,0.036582905099177464,0.019196767034181113,0.004180823476629232,share,15,True,-0.010260995827447786,12,12.248817010161815
dec0_mlp,SpecDiv> T850,24,0.0002900640295896058,0.0002832579593814444,-6.806070208161448e-06,-7.808692468339965e-06,-6.0557169490493836e-06,-2.3464026952224817,-0.2669190536647921,-0.3062396860833633,-0.23749185475104653,0.2669190536647921,-0.05813173874196697,share,6,True,-0.46494584330516314,12,32.85527249849622
dec1_attn,SpecDiv> T850,24,0.0002900640295896058,0.00029111447899291915,1.050449403313299e-06,6.183812123102447e-07,1.5765303639151776e-06,0.3621439737976187,0.04119630742552579,0.02425154647920171,0.061828041724495165,0.04119630742552579,0.008972057061920814,share,13,True,0.3848928408756092,12,5.329860687867962
dec1_mlp,SpecDiv> T850,24,0.0002900640295896058,0.00028952775998429087,-5.362696053149799e-07,-1.032840494493333e-06,-4.5949248791051795e-08,-0.1848797336483657,-0.021031310459921508,-0.04050572488162861,-0.0018020281350034383,0.021031310459921508,-0.004580364826981324,share,14,True,-0.2711826587984256,12,20.93006168106824
dec2_attn,SpecDiv> T850,24,0.0002900640295896058,0.00029015639787151787,9.236828191205859e-08,-3.444565057482881e-07,6.628817573073318e-07,0.031844100781039594,0.0036224801746894604,-0.013508823995491925,0.025996759648461484,0.0036224801746894604,0.0007889323306887598,share,16,False,-0.36769925732711406,12,25.956621557245494
dec2_mlp,SpecDiv> T850,24,0.0002900640295896058,0.00029127325251465663,1.209222925050805e-06,4.26158355063914e-07,2.515806166532758e-06,0.4168813784879366,0.047423054560514516,0.016712990222845805,0.09866436587294208,0.047423054560514516,0.010328167211022553,share,12,True,0.6284585100865002,12,2.7378639684993704
upsample,SpecDiv> T850,24,0.0002900640295896058,0.0002931521982342626,3.0881686446567378e-06,2.334870532649802e-06,3.8101045599129667e-06,1.064650673517155,0.12111115915328315,0.0915684696078161,0.14942389255349775,0.12111115915328315,0.026376544371677055,share,8,True,0.08972710495280502,12,10.023862571574208
decoder_io,SpecDiv> T850,24,0.0002900640295896058,0.00026097334436296177,-2.909068522664408e-05,-3.573312533262651e-05,-2.1618000209855383e-05,-10.029056435505893,-1.1408724761382882,-1.4013743183008653,-0.8478102607905097,1.1408724761382882,-0.2484682146522984,share,3,True,0.26900363910422814,12,6.912475315627356
decoder_heads,SpecDiv> T850,24,0.0002900640295896058,0.0002798300229187589,-1.0234006670846915e-05,-1.3148797491642956e-05,-7.726739962284531e-06,-3.528188822766614,-0.4013551568283837,-0.515666820346746,-0.3030256896518332,0.4013551568283837,-0.08741029461609512,share,5,True,0.2603406941652913,12,7.042470112333329
film,SpecDiv> T850,24,0.0002900640295896058,0.0002899944059511957,-6.96236384101212e-08,-2.8232389013282957e-07,2.690607288968747e-07,-0.024002851545787154,-0.0027304854503035405,-0.01107211992771586,0.010551968013699542,0.0027304854503035405,-0.0005946666776180183,share,17,False,-0.3720452436495407,12,26.21931398287823
cond_embed,SpecDiv> T850,24,0.0002900640295896058,0.00029009446249498677,3.0432905380924545e-08,-2.087965458485996e-06,2.696354022191372e-06,0.010491788804003805,0.0011935113885257543,-0.0818853974787907,0.10574505433187334,0.0011935113885257543,0.0002599323325582922,share,19,False,0.40606577595212684,12,5.068902757232846
encoder_io,SpecDiv< T850,24,0.000277010774880182,0.00026599321063258685,-1.1017564247595146e-05,-2.3441020554552477e-05,-1.9634536632414333e-06,-3.9773053060339167,-0.44922900775913893,-0.9557817107244647,-0.08005765349737103,0.44922900775913893,-0.0894936570964027,share,4,True,0.1863853350830413,12,8.22951505744979
enc0_attn,SpecDiv< T850,24,0.000277010774880182,0.0002788150741253048,1.8042992451228201e-06,8.519412100819561e-07,3.059536296253403e-06,0.6513462322551352,0.07356830796462194,0.03473696144388489,0.1247492116843331,0.07356830796462194,0.014655992405723019,share,10,True,0.3270181324173154,12,6.085660936886562
enc0_mlp,SpecDiv< T850,24,0.000277010774880182,0.0002743982731772121,-2.612501702969894e-06,-5.141918791196076e-06,-9.793218850973063e-07,-0.94310472367001,-0.1065218701175621,-0.20965605687766026,-0.03993076771166549,0.1065218701175621,-0.021220872991086832,share,9,True,-0.16449417118148585,12,16.725113783991567
enc1_attn,SpecDiv< T850,24,0.000277010774880182,0.0003492258862631085,7.221511138292651e-05,5.7275017388747075e-05,9.179924503162813e-05,26.069423261301793,2.9444913687568324,2.335325544986079,3.7430127777650823,2.9444913687568324,0.5865901273680174,share,2,True,0.6174800740207657,12,2.837895307322272
enc1_mlp,SpecDiv< T850,24,0.000277010774880182,0.00035678241692949086,7.977164204930887e-05,6.783696092801013e-05,9.502383830598167e-05,28.797306561022122,3.2526005566929417,2.76597712182502,3.8744920053430674,3.2526005566929417,0.6479704423903042,share,1,True,0.32995843808769293,12,6.045676701377881
enc2_attn,SpecDiv< T850,24,0.000277010774880182,0.0002770719220279716,6.114714778959751e-08,-2.162926951617313e-07,4.088078640052117e-07,0.022073923953335767,0.0024932073833668013,-0.008819095641240584,0.01666868892108163,0.0024932073833668013,0.0004966870856142053,share,18,False,0.02313313947023466,12,11.457357673339457
enc2_mlp,SpecDiv< T850,24,0.000277010774880182,0.0002753567544762821,-1.6540204038998734e-06,-2.813671320230545e-06,-6.410934171678197e-07,-0.5970960532547162,-0.06744085427225856,-0.11472433896842575,-0.026139875675159137,0.06744085427225856,-0.01343530489412655,share,11,True,0.47452603391704146,12,4.276416589434235
downsample,SpecDiv< T850,24,0.000277010774880182,0.00028041464975103736,3.4038748708553612e-06,3.6670317058451476e-07,5.676260722490649e-06,1.2287878954627922,0.13878923656872605,0.014951916572646173,0.23144325867700152,0.13878923656872605,0.02764905233549091,share,7,True,-0.2382041486173887,12,19.504503413140828
dec0_attn,SpecDiv< T850,24,0.000277010774880182,0.00027745180947628495,4.410345961029331e-07,2.803462848532945e-08,8.402498982225848e-07,0.15921207263280565,0.017982698311745173,0.0011430809981534333,0.0342602611217484,0.017982698311745173,0.0035824432718785017,share,14,True,-0.21161366868523987,12,18.44192808362896
dec0_mlp,SpecDiv< T850,24,0.000277010774880182,0.000271096204717954,-5.9145701622279985e-06,-7.082358267022452e-06,-5.03787553801279e-06,-2.135140831538514,-0.24116006274975413,-0.28877533231391805,-0.2054138081971715,0.24116006274975413,-0.048042970485657366,share,6,True,-0.3368290936413023,12,24.189766121945667
dec1_attn,SpecDiv< T850,24,0.000277010774880182,0.0002779420295458597,9.312546656777462e-07,3.8143674222131573e-07,1.562339457450434e-06,0.33617994320998895,0.0379708799542328,0.015552661675502549,0.06370266498846198,0.0379708799542328,0.007564411139039253,share,13,True,0.38488492433071586,12,5.329959752142343
dec1_mlp,SpecDiv< T850,24,0.000277010774880182,0.0002766712204902433,-3.395543899387121e-07,-9.054041584022343e-07,2.3609918571310114e-07,-0.122578044152103,-0.013844955041285325,-0.036916854084950185,0.009626683407250187,0.013844955041285325,-0.002758138137963319,share,16,False,-0.22854452012782117,12,19.11002595247171
dec2_attn,SpecDiv< T850,24,0.000277010774880182,0.0002771206442654754,1.0986938529337446e-07,-4.0982995415106415e-07,6.864577395996695e-07,0.03966249520109724,0.004479802779386779,-0.016710363517366548,0.027989555794625993,0.004479802779386779,0.0008924488999448324,share,17,False,-0.2387450595502701,12,19.52688898914917
dec2_mlp,SpecDiv< T850,24,0.000277010774880182,0.0002783246054605115,1.3138305803295225e-06,5.368363720966347e-07,2.535295485965131e-06,0.47428861960254276,0.053569990126798944,0.021888909866681894,0.10337387193225933,0.053569990126798944,0.010672005245119642,share,12,True,0.5820865345436722,12,3.169840255876029
upsample,SpecDiv< T850,24,0.000277010774880182,0.0002801699762737068,3.1592013935248056e-06,2.259478363460706e-06,3.854411928235398e-06,1.1404615560139433,0.12881294589538822,0.09212773354076421,0.1571593872388012,0.12881294589538822,0.02566161447820002,share,8,True,0.2297191389007221,12,7.516651600181018
decoder_io,SpecDiv< T850,24,0.000277010774880182,0.000263875777212282,-1.3134997667899976e-05,-1.8816932242771142e-05,-7.103371899574995e-06,-4.741691969773153,-0.5355650157027462,-0.767239619440942,-0.28963213996113046,0.5355650157027462,-0.10669318107309164,share,3,True,0.12380492598977481,12,9.356019576851693
decoder_heads,SpecDiv< T850,24,0.000277010774880182,0.0002703557111090049,-6.655063771177083e-06,-9.414542607070567e-06,-4.3292632047572035e-06,-2.4024566459754713,-0.2713528714073293,-0.38386757170974456,-0.17652092332710792,0.2713528714073293,-0.05405786448873359,share,5,True,0.2786804232416598,12,6.769349685636193
film,SpecDiv< T850,24,0.000277010774880182,0.00027703383966581896,2.306478563696146e-08,-3.2151250100772207e-07,5.023267779809731e-07,0.008326313533088336,0.0009404411477002332,-0.013109316956457425,0.02048181929980518,0.0009404411477002332,0.00018735103062791895,share,19,False,0.02993655807901861,12,11.302406164476276
cond_embed,SpecDiv< T850,24,0.000277010774880182,0.00027744407998397946,4.3330510379746556e-07,-1.5609511441046683e-06,2.940687651668361e-06,0.15642175073691159,0.017667536804098417,-0.06364605804587817,0.11990328952943297,0.017667536804098417,0.0035196580211307436,share,15,False,0.3364641955210675,12,5.957832376229696
encoder_io,SpecRes T850,24,0.00015180477688166624,0.00014214293181188017,-9.661845069786068e-06,-2.6665871587283618e-05,3.74134754110855e-06,-6.364651540127489,-0.2533840236321352,-0.6993183794235031,0.09811766664907516,0.2533840236321352,-0.43694159026713647,share,3,False,0.5136932020355586,12,3.8552604766445993
enc0_attn,SpecRes T850,24,0.00015180477688166624,0.00015419754345202819,2.392766570361952e-06,1.212655888593872e-06,3.9171249530530365e-06,1.576212962143572,0.06275083245815288,0.03180216885219845,0.10272746814976551,0.06275083245815288,0.10820906595381194,share,7,True,0.48526583904329146,12,4.158723488489568
enc0_mlp,SpecRes T850,24,0.00015180477688166624,0.00015294357520663956,1.1387983249733225e-06,-1.7194751762872329e-06,4.563070145498686e-06,0.7501729183799205,0.029865237912955426,-0.04509361675294189,0.11966752366975499,0.029865237912955426,0.05150034465605568,share,10,False,0.48075464460359546,12,4.207951862561879
enc1_attn,SpecRes T850,24,0.00015180477688166624,0.00016830197576685654,1.64971988851903e-05,-1.1479163731564768e-05,5.309068884192431e-05,10.867377973257112,0.4326426890512797,-0.30104360742977215,1.3923150556652786,0.4326426890512797,0.7460596049495427,share,2,False,0.783344422542149,12,1.4578602409220056
enc1_mlp,SpecRes T850,24,0.00015180477688166624,0.0001736117653005446,2.1806988418878365e-05,2.1546162921974147e-07,5.2257957865246354e-05,14.365152972674364,0.5718930938101993,0.005650528874734084,1.3704765016468947,0.5718930938101993,0.9861863991669987,share,1,True,0.7043558699183168,12,2.081566193772799
enc2_attn,SpecRes T850,24,0.00015180477688166624,0.00015177083757104506,-3.393931062115977e-08,-3.791050858126255e-07,1.7818195677439985e-07,-0.02235720859272821,-0.0008900659265778041,-0.009942114712954706,0.004672861220609937,0.0008900659265778041,-0.0015348513920755945,share,18,False,0.007072254997804487,12,11.831457853093493
enc2_mlp,SpecRes T850,24,0.00015180477688166624,0.00014990196268627187,-1.9028141953943607e-06,-2.88293795165373e-06,-1.018906633968679e-06,-1.2534613432340331,-0.04990172307369058,-0.0756056853318993,-0.026721051802808055,0.04990172307369058,-0.0860517483475755,share,9,True,0.20381039633685966,12,7.936694410540822
downsample,SpecRes T850,24,0.00015180477688166624,0.0001557180609476442,3.91328406597798e-06,-1.1010855814674868e-06,8.812317476743677e-06,2.5778398719484534,0.1026267400368259,-0.02887621287449795,0.231104974635092,0.1026267400368259,0.17697205353690532,share,5,False,0.17365509159063922,12,8.448937828466384
dec0_attn,SpecRes T850,24,0.00015180477688166624,0.00015210731695939708,3.0254007773085806e-07,-3.714944568855572e-07,8.118944075855927e-07,0.19929549250396245,0.007934180443976126,-0.009742524286283293,0.02129211038601567,0.007934180443976126,0.013681894268481704,share,16,False,0.47985983806208266,12,4.21775210240766
dec0_mlp,SpecRes T850,24,0.00015180477688166624,0.0001508671675765072,-9.376093051590336e-07,-3.16577229568793e-06,1.6761491375897695e-06,-0.6176415027373691,-0.024589011376207757,-0.08302307855183924,0.043957381806727015,0.024589011376207757,-0.04240189093143098,share,13,False,0.2586390448957615,12,7.0682150671622
dec1_attn,SpecRes T850,24,0.00015180477688166624,0.00015183479930177177,3.002242010552436e-08,-2.906924085740077e-07,3.9520211127334365e-07,0.019776993005251226,0.0007873446066011607,-0.007623472700274791,0.010364262765452508,0.0007873446066011607,0.0013577162425837082,share,19,False,0.3257290506050675,12,6.1032466543946615
dec1_mlp,SpecRes T850,24,0.00015180477688166624,0.0001512677057083541,-5.370711733121425e-07,-1.0722175754078004e-06,1.7826835119194536e-07,-0.35379069377427846,-0.01408481029117513,-0.028119143031542775,0.004675126933315835,0.01408481029117513,-0.02428819038792975,share,15,False,-0.07213108208432693,12,13.865722556923904
dec2_attn,SpecRes T850,24,0.00015180477688166624,0.00015071211570708934,-1.0926611745768848e-06,-1.4226821501021429e-06,-6.486155901560175e-07,-0.7197804950687606,-0.028655280940769245,-0.03731015400669017,-0.017010087290491263,0.028655280940769245,-0.04941386534294247,share,11,True,-0.09146417261685216,12,14.41612942125475
dec2_mlp,SpecRes T850,24,0.00015180477688166624,0.0001528685464412168,1.0637695595505647e-06,3.6153566422096145e-07,2.0581840772138087e-06,0.7007484095047857,0.027897591947443075,0.009481352746308543,0.05397633258381107,0.027897591947443075,0.048107287963176454,share,12,True,0.36922795754667764,12,5.52812588124635
upsample,SpecRes T850,24,0.00015180477688166624,0.00015242339213727973,6.186152556135008e-07,-8.145158062689006e-07,1.7252356580380972e-06,0.40750710769511506,0.01622332188266411,-0.021360857146196875,0.04524468666076498,0.01622332188266411,0.027975891933574457,share,14,False,0.5294592071935905,12,3.6918209306397096
decoder_io,SpecRes T850,24,0.00015180477688166624,0.00014946840686510163,-2.336370016564615e-06,-1.1415610060794279e-05,8.587530555814737e-06,-1.5390622512398575,-0.061271820362953575,-0.2993768983591852,0.22520988792303456,0.061271820362953575,-0.10565862142444835,share,8,False,0.3499765418894146,12,5.778086696536092
decoder_heads,SpecRes T850,24,0.00015180477688166624,0.00014707090243367324,-4.733874447993003e-06,-6.11878203926608e-06,-3.0721881709420523e-06,-3.1183962357674146,-0.12414690427533207,-0.16046641212304286,-0.08056881418463725,0.12414690427533207,-0.21408194961636084,share,4,True,-0.34099429266592907,12,24.418500982471215
film,SpecRes T850,24,0.00015180477688166624,0.0001519896968602552,1.8491997858897472e-07,-1.309198599604618e-07,6.138544828597029e-07,0.12181433442843645,0.004849567332782763,-0.0034334022798475695,0.016098469564370596,0.004849567332782763,0.008362712187292452,share,17,False,0.14884082432883428,12,8.890622522942698
cond_embed,SpecRes T850,24,0.00015180477688166624,0.0001546864902290205,2.881713347354283e-06,-1.3826472998819858e-06,8.333933737958431e-06,1.8983021526395152,0.07557356981333015,-0.03626023120612534,0.21855925529286768,0.07557356981333015,0.13032090698954804,share,6,False,0.6735939050791969,12,2.3403963931526657
encoder_io,|RQE| T850,24,0.0020447036125309146,0.002460889552215425,0.00041618593968451023,0.0002731022153360148,0.0006105397107603493,20.354340704145343,0.39886897479508004,0.26173878129548855,0.5851359339223945,0.39886897479508004,0.699617876593317,colmax,3,True,0.06121240161990411,12,10.6156422252179
enc0_attn,|RQE| T850,24,0.0020447036125309146,0.0020699748153371425,2.527120280622815e-05,-4.436759190866724e-05,7.736063301611766e-05,1.235934765867983,0.024219700364697182,-0.0425215131298085,0.07414175597577428,0.024219700364697182,0.04248145734970017,colmax,10,False,0.4326067623860948,12,4.752678145973933
enc0_mlp,|RQE| T850,24,0.0020447036125309146,0.0021991075894523724,0.0001544039769214578,6.526576423008616e-05,0.00023196683869173282,7.551411166645225,0.14797942483504145,0.06255013921759539,0.2223149950850461,0.14797942483504145,0.2595565399283821,colmax,6,True,0.33138622811262136,12,6.026324362707656
enc1_attn,|RQE| T850,24,0.0020447036125309146,0.0014498275328757397,-0.0005948760796551748,-0.0008452234555382651,-0.00026522901574329205,-29.09351145121922,-0.5701240464827914,-0.8100547881047272,-0.2541931754725554,0.5701240464827914,-1.0,colmax,1,True,-0.300003106712721,12,22.285866451910653
enc1_mlp,|RQE| T850,24,0.0020447036125309146,0.0016918515975703485,-0.0003528520149605659,-0.0005083319772287117,-0.0001954127728822641,-17.25687834648118,-0.3381702937114801,-0.4871809335184961,-0.18728189722242425,0.3381702937114801,-0.5931521320626973,colmax,5,True,-0.10840766849840684,12,14.91813192199614
enc2_attn,|RQE| T850,24,0.0020447036125309146,0.0020518107800550447,7.107167524130394e-06,-1.445968391635688e-05,2.1698608179576695e-05,0.3475891312840793,0.006811447369403492,-0.013858034954160742,0.020795756833180724,0.006811447369403492,0.011947307627918284,colmax,16,False,0.11468209108334884,12,9.530802541803315
enc2_mlp,|RQE| T850,24,0.0020447036125309146,0.0020680087715542563,2.3305159023342032e-05,1.1246086675479697e-05,3.973874906174994e-05,1.1397817698622408,0.022335461150185313,0.010778151386146283,0.038085270516141564,0.022335461150185313,0.039176493761273905,colmax,11,True,-0.5186207174053108,12,37.85673639845335
downsample,|RQE| T850,24,0.0020447036125309146,0.002033159294417904,-1.1544318113010377e-05,-0.00014596202314957435,0.00013161529835391164,-0.564596161627598,-0.011063973794826642,-0.13988872996723514,0.12613895404916578,0.011063973794826642,-0.0194062570471856,colmax,14,False,0.43389575597221564,12,4.737618407781272
dec0_attn,|RQE| T850,24,0.0020447036125309146,0.0020595942672419674,1.4890654711052775e-05,3.940821382760381e-06,2.39078770391643e-05,0.7282549226105814,0.014271073605051452,0.003776848843052507,0.022913100839896578,0.014271073605051452,0.025031523741355137,colmax,13,True,0.18936412633929206,12,8.178849747107202
dec0_mlp,|RQE| T850,24,0.0020447036125309146,0.0019895773657481186,-5.512624678279584e-05,-9.695946124944991e-05,-1.810343740847506e-05,-2.696050735419844,-0.052832514128714855,-0.09292510202187103,-0.017350176521722844,0.052832514128714855,-0.09266845426824064,colmax,9,True,0.6693288305557946,12,2.377035585019712
dec1_attn,|RQE| T850,24,0.0020447036125309146,0.002051618736004457,6.915123473542432e-06,-1.2237511509738396e-05,1.8777158099207245e-05,0.338196862917602,0.00662739402624735,-0.011728324300509798,0.017995864555812334,0.00662739402624735,0.011624477281975845,colmax,17,False,-0.23410721327412337,12,19.33597863298577
dec1_mlp,|RQE| T850,24,0.0020447036125309146,0.0019586519896013974,-8.605162292951718e-05,-0.00010560415660923657,-6.132277248980252e-05,-4.208513273129268,-0.0824711249096212,-0.10121010265929699,-0.05877121032282154,0.0824711249096212,-0.14465470351303716,colmax,7,True,0.0505480142543595,12,10.845219518152458
dec2_attn,|RQE| T850,24,0.0020447036125309146,0.002036500814332006,-8.202798198908567e-06,-2.5032194874559842e-05,6.39217857193822e-06,-0.40117296945327063,-0.0078614902524814,-0.023990637247512835,0.006126208193455148,0.0078614902524814,-0.01378908730649145,colmax,15,False,-0.10169627671072867,12,14.71702162395639
dec2_mlp,|RQE| T850,24,0.0020447036125309146,0.0020226921721283966,-2.2011440402517717e-05,-8.643686063199614e-05,1.7592079711903304e-05,-1.0765100754760328,-0.021095572507256452,-0.08284033336379598,0.016860095765175023,0.021095572507256452,-0.037001723813263505,colmax,12,False,0.40233956235657886,12,5.1142572342955965
upsample,|RQE| T850,24,0.0020447036125309146,0.002047547920180174,2.844307649259766e-06,-3.0268183763837442e-05,3.354300370119744e-05,0.13910610964975553,0.0027259596441966765,-0.02900876333290571,0.03214732219927071,0.0027259596441966765,0.004781344798581403,colmax,18,False,-0.24255965531094717,12,19.685663654281008
decoder_io,|RQE| T850,24,0.0020447036125309146,0.002490710981267815,0.0004460073687369004,0.0003154852834995836,0.0006207780340143169,21.812812673854317,0.4274495723089412,0.30235834417617535,0.5949482536346519,0.4274495723089412,0.7497483660721953,colmax,2,True,0.4941518603157739,12,4.062624313788186
decoder_heads,|RQE| T850,24,0.0020447036125309146,0.0024607562518212944,0.00041605263929038,0.0003509147810594489,0.00048234530549962074,20.347821402603874,0.3987412208599356,0.3363136656363881,0.46227553397814597,0.3987412208599356,0.6993937956482443,colmax,4,True,0.17226193088266137,12,8.473240124695563
film,|RQE| T850,24,0.0020447036125309146,0.0020452670457113222,5.634331804079314e-07,-1.6031700761232058e-05,1.5514675033045934e-05,0.02755573849211912,0.0005399894460759634,-0.015364642187819999,0.014869129239207154,0.0005399894460759634,0.0009471437828438665,colmax,19,False,0.09783373281447022,12,9.86123388509133
cond_embed,|RQE| T850,24,0.0020447036125309146,0.0019807027953599268,-6.400081717098753e-05,-8.157832514067801e-05,-4.1686692808677174e-05,-3.130077962339389,-0.06133782498849098,-0.07818395532301783,-0.03995216281405133,0.06133782498849098,-0.10758680565553447,colmax,8,True,-0.0026817172184465665,12,12.064534275921638
encoder_io,SpecDiv> Q700,24,0.00442619901150465,0.004694084598061939,0.00026788558655728895,0.00016314846676929542,0.00038460907817352554,6.052271618627999,0.6441200591761185,0.392283890374438,0.9247769742916876,0.6441200591761185,0.07666969368301899,share,4,True,0.6191723337313872,12,2.822387648319022
enc0_attn,SpecDiv> Q700,24,0.00442619901150465,0.00449946060931931,7.326159781465928e-05,6.237019551917911e-05,8.445113974933818e-05,1.6551808362939966,0.17615454913481737,0.1499666127802225,0.20305935019464477,0.17615454913481737,0.02096769869317789,share,6,True,0.714107169538364,12,2.0014582673168433
enc0_mlp,SpecDiv> Q700,24,0.00442619901150465,0.004498989592927198,7.27905814225475e-05,5.774192007568975e-05,8.942611554327108e-05,1.6445392815223403,0.17502200926860445,0.1388381116508562,0.21502147829556267,0.17502200926860445,0.02083289232689671,share,7,True,0.1248289017700539,12,9.336578356257656
enc1_attn,SpecDiv> Q700,24,0.00442619901150465,0.0052500192153578,0.0008238202038531502,0.0007633142997898782,0.0008974446721064548,18.612362474255296,1.9808423636218768,1.8353583642525986,2.1578694200513837,1.9808423636218768,0.23577992191004163,share,2,True,0.46468618508118853,12,4.385762523369239
enc1_mlp,SpecDiv> Q700,24,0.00442619901150465,0.006818367207112412,0.0023921681956077614,0.0022622892312938346,0.002568022131648225,54.04565383052136,5.751871683415789,5.439582966225965,6.174705360824235,5.751871683415789,0.6846460280022743,share,1,True,0.4761042391847905,12,4.259014345256879
enc2_attn,SpecDiv> Q700,24,0.00442619901150465,0.004427435613858203,1.2366023535529773e-06,-2.0329801676174004e-07,3.848454798571765e-06,0.027938245667191646,0.0029733603490366602,-0.0004888218596223557,0.009253453925795824,0.0029733603490366602,0.00035391946566834585,share,18,False,0.2749074181747565,12,6.82489634765795
enc2_mlp,SpecDiv> Q700,24,0.00442619901150465,0.00444229020892332,1.609119741866986e-05,1.4201833982951939e-05,2.033556520473212e-05,0.3635443724253101,0.03869063344067483,0.034147735468224326,0.04889604413356769,0.03869063344067483,0.004605351086399597,share,14,True,-0.4136817310756167,12,28.933399609104196
downsample,SpecDiv> Q700,24,0.00442619901150465,0.0044510413038854795,2.484229238082965e-05,-1.0292662773281336e-05,7.31156663581108e-05,0.5612556578739264,0.059732287369587286,-0.02474829138740543,0.1758036628492368,0.059732287369587286,0.007109941866226105,share,12,False,0.2842891387435167,12,6.687380649719097
dec0_attn,SpecDiv> Q700,24,0.00442619901150465,0.004430728343625863,4.529332121213277e-06,3.23436688631773e-06,7.664046521919468e-06,0.10233006038455482,0.010890595912372012,0.007776904375430903,0.018427889916248174,0.010890595912372012,0.0012963090354538966,share,17,True,-0.48368737072949675,12,34.48346493849964
dec0_mlp,SpecDiv> Q700,24,0.00442619901150465,0.0043869461709012585,-3.925284060339133e-05,-4.443126575400432e-05,-3.294633934274317e-05,-0.8868295461041107,-0.09438186778623167,-0.10683318163748519,-0.07921814054951361,0.09438186778623167,-0.011234285890207023,share,8,True,-0.522563617140815,12,38.26847735456005
dec1_attn,SpecDiv> Q700,24,0.00442619901150465,0.004436103665890793,9.904654386142889e-06,6.162016264473398e-06,1.564222620800137e-05,0.2237733631135551,0.023815340912180818,0.01481631890660903,0.037611100321701604,0.023815340912180818,0.0028347430990257713,share,15,True,0.5207357055586402,12,3.7818350106954526
dec1_mlp,SpecDiv> Q700,24,0.00442619901150465,0.004459798025588195,3.359901408354441e-05,2.787781219619016e-05,3.9933245473851754e-05,0.7590940668554056,0.08078747056861021,0.06703107200457978,0.09601787378064514,0.08078747056861021,0.009616143036818042,share,9,True,0.26107147517169593,12,7.031435150598724
dec2_attn,SpecDiv> Q700,24,0.00442619901150465,0.004455700594310959,2.9501582806309063e-05,2.6929245602029066e-05,3.5087194798203804e-05,0.6665218335106048,0.07093536276885558,0.06475028199039636,0.08436574091271538,0.07093536276885558,0.008443445375289795,share,10,True,-0.05661459134163096,12,13.440291719300049
dec2_mlp,SpecDiv> Q700,24,0.00442619901150465,0.004454071284271777,2.787227276712656e-05,2.3015029728412625e-05,3.469687071628868e-05,0.629711241963601,0.0670177526714193,0.05533870821913358,0.08342722244305048,0.0670177526714193,0.00797713174033775,share,11,True,0.1810552805227663,12,8.320810038101659
upsample,SpecDiv> Q700,24,0.00442619901150465,0.004421017404335241,-5.181607169409593e-06,-1.1401747663815817e-05,1.2893452852343348e-06,-0.11706674634243676,-0.012458964886764243,-0.02741504115361442,0.0031001785952600443,0.012458964886764243,-0.0014829921966682947,share,16,False,-0.20622158329982743,12,18.23513803735145
decoder_io,SpecDiv> Q700,24,0.00442619901150465,0.004044619078437488,-0.0003815799330671628,-0.00040776566747808825,-0.0003471636679023505,-8.62093936751045,-0.9174935173866773,-0.9804560567867893,-0.8347409996440361,0.9174935173866773,-0.10920937165684265,share,3,True,-0.3405928045216273,12,24.3963271322646
decoder_heads,SpecDiv> Q700,24,0.00442619901150465,0.004402223664025466,-2.3975347479184467e-05,-3.6581669701263304e-05,-1.3085307242969677e-05,-0.541668989958819,-0.05764775341415288,-0.08795914537828206,-0.03146309207597786,0.05764775341415288,-0.006861819520774807,share,13,True,0.1780265571325055,12,8.37305513588728
film,SpecDiv> Q700,24,0.00442619901150465,0.004425087672037383,-1.1113394672671955e-06,-2.9844746071224414e-06,1.5213930358489354e-06,-0.02510821281145704,-0.002672170804784288,-0.007176048496129976,0.003658128027248605,0.002672170804784288,-0.00031806883538694437,share,19,False,0.3850428064928834,12,5.327984295858162
cond_embed,SpecDiv> Q700,24,0.00442619901150465,0.004339247670335074,-8.695134116957585e-05,-9.832782476829986e-05,-7.281656920289e-05,-1.964469761607431,-0.20907098339765515,-0.23642527812847355,-0.17508449583545257,0.20907098339765515,-0.024885746107035814,share,5,True,0.28446024147641663,12,6.684891306883363
encoder_io,SpecDiv< Q700,24,0.003546863386873156,0.0038099673499042788,0.0002631039630311231,0.00016260895693752294,0.0003736896935151888,7.41793337755448,1.1868683493989023,0.7335329430027825,1.6857232579096078,1.1868683493989023,0.09123718242404749,share,3,True,0.653290619481008,12,2.5165040660146913
enc0_attn,SpecDiv< Q700,24,0.003546863386873156,0.003606009103047351,5.914571617419521e-05,4.914523257563512e-05,6.949119706405324e-05,1.667549880637971,0.2668077581232752,0.22169533440653408,0.31347647297661707,0.2668077581232752,0.020510099635206357,share,7,True,0.6655092277292889,12,2.41000722206803
enc0_mlp,SpecDiv< Q700,24,0.003546863386873156,0.0036123269819654524,6.54635950922966e-05,5.2873364378077285e-05,7.963244036848967e-05,1.845675684453356,0.2953078629367557,0.23851302725969217,0.3592238671356527,0.2953078629367557,0.0227009654235551,share,6,True,0.10402915330298364,12,9.738556385216736
enc1_attn,SpecDiv< Q700,24,0.003546863386873156,0.004189785725126664,0.000642922338253508,0.0005938891908347917,0.0007025763232377357,18.12650412849127,2.9002382389213928,2.6790485233723316,3.169338809956585,2.9002382389213928,0.22294769711542373,share,2,True,0.5560234975325729,12,3.4239316038976453
enc1_mlp,SpecDiv< Q700,24,0.003546863386873156,0.005349388617711763,0.0018025252308386068,0.0016977573211382454,0.0019432914899274085,50.82026100891575,8.131234972018355,7.6586243939658605,8.766234976013054,8.131234972018355,0.6250659298906733,share,1,True,0.434298281698776,12,4.7329211128765465
enc2_attn,SpecDiv< Q700,24,0.003546863386873156,0.003548070885396252,1.2074985230962436e-06,-3.7053056682149546e-08,3.530438698362559e-06,0.03404412269063315,0.0054470550823262276,-0.00016714723608828597,0.01592589447268765,0.0054470550823262276,0.00041872711364468435,share,17,False,0.21643745606234419,12,7.729744328729356
enc2_mlp,SpecDiv< Q700,24,0.003546863386873156,0.0035597283664780357,1.2864979604880014e-05,1.0581204454259327e-05,1.709985372144729e-05,0.3627142689648818,0.05803423457703022,0.047732069561390485,0.07713785428209628,0.05803423457703022,0.0044612193505927595,share,13,True,-0.2951696063940025,12,22.050744998684152
downsample,SpecDiv< Q700,24,0.003546863386873156,0.003584468252180765,3.760486530760924e-05,7.323027239181101e-06,7.771492140212407e-05,1.0602287487807909,0.1696364581620939,0.033034353233751715,0.3505738926376167,0.1696364581620939,0.013040327924274647,share,8,True,0.28568256756029553,12,6.667127178633427
dec0_attn,SpecDiv< Q700,24,0.003546863386873156,0.003550854278728366,3.990891855210066e-06,2.6672865108897288e-06,6.97252641354377e-06,0.11251890529475274,0.018003009815030356,0.012032194050148801,0.03145323552045478,0.018003009815030356,0.001383930990752024,share,16,True,-0.3472794359595089,12,24.769180139559957
dec0_mlp,SpecDiv< Q700,24,0.003546863386873156,0.0035182817955501378,-2.8581591323018074e-05,-3.323273898179953e-05,-2.2781359439250087e-05,-0.8058272396054993,-0.12893225068119432,-0.14991369041699756,-0.10276726417658488,0.12893225068119432,-0.009911305901535593,share,9,True,-0.5099323648718501,12,36.97283207393228
dec1_attn,SpecDiv< Q700,24,0.003546863386873156,0.0035551872570067644,8.32387013360858e-06,5.18219555184866e-06,1.3048381273013849e-05,0.2346825695180422,0.03754917977012071,0.02337700964298051,0.058861563943822234,0.03754917977012071,0.0028864880981070216,share,15,True,0.49276599137529986,12,4.0775366927327745
dec1_mlp,SpecDiv< Q700,24,0.003546863386873156,0.0035726859932765365,2.5822606403380632e-05,2.1618786073910694e-05,3.1177711207419634e-05,0.7280406259499419,0.11648640288832318,0.09752286756895086,0.14064341035565678,0.11648640288832318,0.008954566187248658,share,10,True,0.2982470516761396,12,6.4864660150886575
dec2_attn,SpecDiv< Q700,24,0.003546863386873156,0.0035706970181005695,2.3833631227413814e-05,2.1354242926463483e-05,2.9028183780610553e-05,0.6719636091883728,0.10751408769816437,0.0963295070237951,0.13094684007350266,0.10751408769816437,0.008264844569695066,share,12,True,0.026567706429220385,12,11.378876862862574
dec2_mlp,SpecDiv< Q700,24,0.003546863386873156,0.003572436534644415,2.5573147771259148e-05,2.1027759551846732e-05,3.2171180646400895e-05,0.721007408007443,0.11536108895713655,0.09485673261373526,0.14512497505592875,0.11536108895713655,0.00886806082843949,share,11,True,0.10814602360919819,12,9.65779553296841
upsample,SpecDiv< Q700,24,0.003546863386873156,0.0035457007276515165,-1.1626592216392357e-06,-7.2982831625267865e-06,5.1397514956382396e-06,-0.03277992679228091,-0.005244783907481995,-0.03292273210468255,0.02318554347745454,0.005244783907481995,-0.0004031780832170585,share,18,False,-0.09231004560548411,12,14.440746516809755
decoder_io,SpecDiv< Q700,24,0.003546863386873156,0.003354846208821982,-0.0001920171780511737,-0.00021913231369884064,-0.00016046695624633386,-5.413717899646882,-0.8661941406898268,-0.9885111743031401,-0.7238703260073017,0.8661941406898268,-0.06658625016732786,share,4,True,-0.2809884376956821,12,21.37915724621147
decoder_heads,SpecDiv< Q700,24,0.003546863386873156,0.003535790330109497,-1.107305676365892e-05,-2.2022038562378534e-05,-1.8389522059199759e-06,-0.3121929309327221,-0.04995082724135778,-0.09934194931087889,-0.008295557938842329,0.04995082724135778,-0.003839830036380997,share,14,True,0.15367893872471564,12,8.803014768155306
film,SpecDiv< Q700,24,0.003546863386873156,0.003546451140816013,-4.12246057142814e-07,-2.177296361575524e-06,1.866686216089872e-06,-0.011622834380047603,-0.0018596519480378144,-0.009821836619426715,0.00842066673041406,0.0018596519480378144,-0.00014295553850963473,share,19,False,0.35940235097164713,12,5.65481719436909
cond_embed,SpecDiv< Q700,24,0.003546863386873156,0.003479470789898187,-6.739259697496891e-05,-7.922260895914709e-05,-5.325561942299828e-05,-1.9000618186870988,-0.30400963714835827,-0.35737510772232256,-0.24023738902523922,0.30400963714835827,-0.023369889960601645,share,5,True,0.40631150815668,12,5.0659202181015734
encoder_io,SpecRes Q700,24,0.0003574570570587336,0.0005314790032571182,0.0001740219461983846,0.00013282901172715356,0.000207375423603177,48.683315313534614,2.51754115147349,1.921611098128082,3.0000593265982634,2.51754115147349,0.565805291276748,share,1,True,0.5871267478906744,12,3.1216656337601996
enc0_attn,SpecRes Q700,24,0.0003574570570587336,0.0003812798652991963,2.3822808240462717e-05,2.0443971940646104e-05,2.7091732317785496e-05,6.664523128032245,0.3446398652538652,0.295758907336158,0.39193074474052964,0.3446398652538652,0.07745615567452055,share,7,True,0.6390557424950254,12,2.6425770507758317
enc0_mlp,SpecRes Q700,24,0.0003574570570587336,0.00038595367974873324,2.849662268999964e-05,2.4790928667547028e-05,3.172221277054632e-05,7.972040872399779,0.4122550164925878,0.35864547240865674,0.4589189916000926,0.4122550164925878,0.09265233640783464,share,4,True,0.3787323165997014,12,5.407294883164848
enc1_attn,SpecRes Q700,24,0.0003574570570587336,0.0003322452466818504,-2.5211810376883175e-05,-3.941520638666892e-05,-1.0281142749590808e-05,-7.0531018702872155,-0.364734285034326,-0.5702120119903638,-0.14873526311883317,0.364734285034326,-0.08197228008037838,share,5,True,-0.02481540957537094,12,12.610725226441048
enc1_mlp,SpecRes Q700,24,0.0003574570570587336,0.0003560451138279556,-1.411943230777979e-06,-1.0667951119103237e-05,1.5503664083856462e-05,-0.3949966024998587,-0.020426304064981138,-0.1543311434618318,0.2242884485686352,0.020426304064981138,-0.00459071380598077,share,16,False,-0.34956690434475485,12,24.89849142104684
enc2_attn,SpecRes Q700,24,0.0003574570570587336,0.00035753756552973454,8.050847100093961e-08,-3.728295268956572e-07,7.210451561453124e-07,0.02252255744043439,0.001164700161185515,-0.0053936511856624795,0.010431217971766958,0.001164700161185515,0.0002617607714431773,share,19,False,-0.4084575185987104,12,28.571895940841006
enc2_mlp,SpecRes Q700,24,0.0003574570570587336,0.0003598625019852382,2.4054449265046665e-06,1.7266368558921384e-06,3.3666528300576208e-06,0.6729325604304489,0.034799097024090384,0.024978914633007426,0.048704702065177935,0.034799097024090384,0.00782093004372906,share,13,True,-0.1917702533909946,12,17.69452695931322
downsample,SpecRes Q700,24,0.0003574570570587336,0.0004081197112100199,5.066265415128631e-05,4.1900769914112365e-05,6.055176084676835e-05,14.173074261885942,0.7329266190560308,0.6061701690023934,0.8759903739505221,0.7329266190560308,0.16472174007434348,share,3,True,0.3577829594682976,12,5.675873623718408
dec0_attn,SpecRes Q700,24,0.0003574570570587336,0.0003583273343489661,8.702772902324796e-07,2.778258628192513e-07,1.66761295380032e-06,0.2434634519159835,0.012590129803831852,0.0040192519269594655,0.02412502749013352,0.012590129803831852,0.0028295712491928095,share,17,True,0.30416527819595857,12,6.402575502699328
dec0_mlp,SpecRes Q700,24,0.0003574570570587336,0.00035489942335213226,-2.5576337066013366e-06,-4.538021554859976e-06,-5.893683313236883e-07,-0.7155079627316164,-0.03700078207046457,-0.06565066223089829,-0.008526275334210812,0.03700078207046457,-0.008315748191283192,share,12,True,-0.007058673541321008,12,12.170612462667755
dec1_attn,SpecRes Q700,24,0.0003574570570587336,0.0003551121092944716,-2.3449477642619363e-06,-3.047504075463318e-06,-1.5367666492238641e-06,-0.6560082443348262,-0.03392389651736915,-0.04408764001820647,-0.02223209982505653,0.03392389651736915,-0.007624232930221647,share,14,True,0.16424525099491843,12,8.614213353664566
dec1_mlp,SpecRes Q700,24,0.0003574570570587336,0.0003621697032940574,4.712646235323821e-06,2.9149536506641503e-06,6.57294858683599e-06,1.318381087255885,0.0681769230200373,0.042170059182184916,0.0950895499985664,0.0681769230200373,0.01532243624503503,share,10,True,0.2402031495588616,12,7.351668320256051
dec2_attn,SpecRes Q700,24,0.0003574570570587336,0.00036103247475693934,3.5754176982057593e-06,3.019408086402109e-06,4.754764631798025e-06,1.000236987241319,0.05172486221179371,0.043681180889354375,0.06878624154953475,0.05172486221179371,0.011624914537291435,share,11,True,-0.319060333753266,12,23.245413345187263
dec2_mlp,SpecRes Q700,24,0.0003574570570587336,0.00037044415027291205,1.2987093214178458e-05,1.0515076307153018e-05,1.5603231107282528e-05,3.6331897657973933,0.18788171445596605,0.15211953372802445,0.22572886504644593,0.18788171445596605,0.042225513617171175,share,8,True,0.24656194386263958,12,7.252954189851789
upsample,SpecRes Q700,24,0.0003574570570587336,0.0003552757855989815,-2.181271459752073e-06,-4.718157500368155e-06,3.011815351783277e-07,-0.6102191624639458,-0.03155602372243478,-0.06825665340375552,0.0043571338296091245,0.03155602372243478,-0.007092064883768868,share,15,False,0.047039702716511984,12,10.921766899318856
decoder_io,SpecRes Q700,24,0.0003574570570587336,0.00042023466327615705,6.277760621742345e-05,5.199520322397196e-05,7.906799701231649e-05,17.5622791543065,0.9081912396450871,0.7522043435047595,1.1438611082774885,0.9081912396450871,0.20411162239855457,share,2,True,0.04617335840871351,12,10.940748593048959
decoder_heads,SpecRes Q700,24,0.0003574570570587336,0.0003522228798829019,-5.234177175831671e-06,-8.027075303592332e-06,-1.1138126258932377e-06,-1.4642813933791343,-0.0757218082093938,-0.11612611423005591,-0.016113307441811626,0.0757218082093938,-0.01701811298093065,share,9,True,-0.27612884299850465,12,21.155071545350197
film,SpecRes Q700,24,0.0003574570570587336,0.0003573485725307061,-1.0848452802747488e-07,-7.022784605699902e-07,5.688198143616319e-07,-0.030348968046712766,-0.0015694242569612316,-0.010159723890588319,0.00822900399468244,0.0015694242569612316,-0.00035272056956328726,share,18,False,-0.23132753426129604,12,19.22266123704027
cond_embed,SpecRes Q700,24,0.0003574570570587336,0.0003328304264869075,-2.4626630571826052e-05,-2.9857892089542776e-05,-1.9404881883626027e-05,-6.889395547107541,-0.35626860428298507,-0.43194823224185097,-0.28072659655132864,0.35626860428298507,-0.08006965896113079,share,6,True,0.4968629562530389,12,4.033531927382999
encoder_io,|RQE| Q700,24,0.09026958793401718,0.0876547956528763,-0.002614792281140884,-0.004333023812311391,5.370502670605938e-05,-2.896648074933248,-0.10661389614026205,-0.17667198806992299,0.002189734986119655,0.10661389614026205,0.06632398245575138,share,6,False,0.17459368308187473,12,8.432597540478247
enc0_attn,|RQE| Q700,24,0.09026958793401718,0.08941520828132828,-0.0008543796526889006,-0.0011222388905783494,-0.0005744772730395201,-0.9464756317636144,-0.03483593867593331,-0.04575746279642492,-0.023423375066738767,0.03483593867593331,0.02167126677869999,share,11,True,-0.5050917951230224,12,36.493841410379986
enc0_mlp,|RQE| Q700,24,0.09026958793401718,0.08785611561809976,-0.0024134723159174123,-0.003723961409802238,-0.0006082351940373586,-2.673627266008511,-0.09840540247975169,-0.15183846068329743,-0.02479979930859265,0.09840540247975169,0.06121751876539349,share,7,True,0.22558442580915988,12,7.582494273419499
enc1_attn,|RQE| Q700,24,0.09026958793401718,0.08193727349862456,-0.008332314435392618,-0.01002741902290533,-0.006882157611350219,-9.230477978345428,-0.3397365489526973,-0.40885167742520045,-0.2806087665507656,0.3397365489526973,0.21134844263333222,share,2,True,-0.2804025126957719,12,21.351978603912762
enc1_mlp,|RQE| Q700,24,0.09026958793401718,0.07738757839736839,-0.01288200953664879,-0.015498630002063389,-0.010776582024603461,-14.270597475270332,-0.5252429559027526,-0.6319313932789243,-0.4393975785398857,0.5252429559027526,0.32675106954604105,share,1,True,-0.22862748712988565,12,19.113372073242623
enc2_attn,|RQE| Q700,24,0.09026958793401718,0.09021280379965901,-5.678413435816765e-05,-0.0002085291314870119,0.00015042875893413963,-0.06290505546527383,-0.002315280585207673,-0.008502435672203776,0.0061334876185710945,0.002315280585207673,0.0014403247088112473,share,17,False,-0.47501061362343155,12,33.71520991242496
enc2_mlp,|RQE| Q700,24,0.09026958793401718,0.09009143741180499,-0.00017815052221218744,-0.00045247361995279787,6.918679767598696e-05,-0.1973538666670408,-0.007263797361439529,-0.018448874838657536,0.002820978979824198,0.007263797361439529,0.004518772751053354,share,14,False,-0.35355682867774285,12,25.126233309742563
downsample,|RQE| Q700,24,0.09026958793401718,0.0871943427870671,-0.003075245146950086,-0.00606670231403162,-0.00025172344564149894,-3.406734446597835,-0.12538811173166234,-0.24735990506283953,-0.010263613474482982,0.12538811173166234,0.0780033299947097,share,5,True,0.4404205118156948,12,4.661801052629593
dec0_attn,|RQE| Q700,24,0.09026958793401718,0.09008801775053144,-0.00018157018348574638,-0.0003361760755069554,-1.1216317458699203e-05,-0.2011421428205318,-0.007403228479728977,-0.013707031895971982,-0.0004573270745989076,0.007403228479728977,0.004605512166626807,share,13,True,-0.49814895210490545,12,35.822954840211644
dec0_mlp,|RQE| Q700,24,0.09026958793401718,0.08881483723719914,-0.001454750696818034,-0.0019626586387554803,-0.0008628211605052156,-1.6115623546231188,-0.05931509008159535,-0.08002420910458193,-0.035180127407132694,0.05931509008159535,0.03689962693753754,share,9,True,-0.17089603282225702,12,16.94691251049688
dec1_attn,|RQE| Q700,24,0.09026958793401718,0.09036189410835505,9.230617433786392e-05,-0.0005760359034563104,0.0005908754343787829,0.10225611576440936,0.003763633905048885,-0.023486925683197,0.024091983385083893,0.003763633905048885,-0.002341338213171878,share,16,False,0.03570097185551603,12,11.172711672754986
dec1_mlp,|RQE| Q700,24,0.09026958793401718,0.09009915497153997,-0.00017043296247720718,-0.0009550646645948291,0.0005634024661655226,-0.18880440952249128,-0.00694912643404852,-0.038941206034890055,0.022971817855730534,0.00694912643404852,0.004323017508789632,share,15,False,-0.10896469626450775,12,14.934959702926097
dec2_attn,|RQE| Q700,24,0.09026958793401718,0.09103716490790248,0.0007675769738852978,0.0005393099738284946,0.0010961837445696194,0.8503162487529692,0.03129670083688555,0.021989485723918047,0.04469510665803137,0.03129670083688555,-0.01946952425880451,share,12,True,-0.2560806837566831,12,20.261563150687458
dec2_mlp,|RQE| Q700,24,0.09026958793401718,0.08876179220775764,-0.0015077957262595494,-0.001987384174329539,-0.0009897314632932351,-1.6703252565655633,-0.061477914754294524,-0.08103235254324731,-0.04035468828455258,0.061477914754294524,0.03824510957010399,share,8,True,-0.18606999658063506,12,17.48656505986347
upsample,|RQE| Q700,24,0.09026958793401718,0.09026998467743397,3.9674341678619385e-07,-0.0004042524378746748,0.00031202184036374083,0.0004395095024430538,1.617656658108245e-05,-0.016482734684842126,0.012722182301807453,1.617656658108245e-05,-1.0063362816292716e-05,share,19,False,-0.0937176699766106,12,14.481813894992973
decoder_io,|RQE| Q700,24,0.09026958793401718,0.09427750933294494,0.004007921398927768,0.001935299881733954,0.006206863047555087,4.439946487689043,0.1634164667096155,0.0789087003505378,0.2530747306704376,0.1634164667096155,-0.1016605833143017,share,4,True,-0.057154308248072785,12,13.454854606595218
decoder_heads,|RQE| Q700,24,0.09026958793401718,0.09610037226229906,0.005830784328281879,0.0047762550879269835,0.006788485287688673,6.4593009248517985,0.23774073347060568,0.19474402137269017,0.2767894301323058,0.23774073347060568,-0.14789734552968153,share,3,True,-0.04009835541503384,12,13.002561601378346
film,|RQE| Q700,24,0.09026958793401718,0.09027185166875522,2.263734738032023e-06,-0.00026468466967344284,0.00022649702926476797,0.0025077490546281285,9.230009664260816e-05,-0.010792086272402291,0.009235047436951952,9.230009664260816e-05,-5.7419437915811015e-05,share,18,False,-0.2514965055557132,12,20.06397856274322
cond_embed,|RQE| Q700,24,0.09026958793401718,0.0913924512763818,0.001122863342364629,0.00039343050060172875,0.0017008641269057987,1.2438999313759904,0.04578292380086768,0.016041487819928296,0.0693499643097891,0.04578292380086768,-0.028481332592393962,share,10,True,-0.41873945445570376,12,29.28957346920259
encoder_io,Vag/Vg 850hPa,24,0.3618840699394544,0.36818711211284,0.00630304217338562,0.005742143032451471,0.0069838768492142345,1.7417296579095514,0.9090256595159419,0.8281327037837868,1.0072157355445772,0.9090256595159419,0.12146497691392984,share,3,True,0.20413131107948732,12,7.93138105385228
enc0_attn,Vag/Vg 850hPa,24,0.3618840699394544,0.36208027849594754,0.00019620855649312338,0.00015495413293441137,0.00025205488006273903,0.05421862214768127,0.028297226571312752,0.02234750760199405,0.03635139148373665,0.028297226571312752,0.003781105556517535,share,12,True,0.46304878689055246,12,4.404100953466967
enc0_mlp,Vag/Vg 850hPa,24,0.3618840699394544,0.3651187891761462,0.003234719236691793,0.003120758446554343,0.0033959669992327684,0.8938551059274268,0.46651167905849983,0.45007623732037016,0.489766854838253,0.46651167905849983,0.06233578748161352,share,5,True,0.2018399850756622,12,7.969380531543118
enc1_attn,Vag/Vg 850hPa,24,0.3618840699394544,0.35690374424060184,-0.004980325698852539,-0.005106854687134425,-0.004786071181297302,-1.3762213129983258,-0.7182632970662574,-0.7365113261698045,-0.6902478822749343,0.7182632970662574,-0.0959751068443256,share,4,True,0.22937750219221406,12,7.522075161781823
enc1_mlp,Vag/Vg 850hPa,24,0.3618840699394544,0.35918477177619934,-0.002699298163255056,-0.003191724916299184,-0.002318515256047249,-0.7459013500391621,-0.38929317392859825,-0.4603110319145925,-0.33437660763644417,0.38929317392859825,-0.052017768573405586,share,6,True,0.44185292499547707,12,4.6452483356270795
enc2_attn,Vag/Vg 850hPa,24,0.3618840699394544,0.36177075902620953,-0.00011331091324488322,-0.00014048150430123011,-9.82354705532392e-05,-0.0313113846829016,-0.01634171639810825,-0.020260262994341315,-0.014167533859217585,0.01634171639810825,-0.0021835975522266284,share,15,True,-0.24846974387495901,12,19.934842016535974
enc2_mlp,Vag/Vg 850hPa,24,0.3618840699394544,0.3618572453657786,-2.6824573675791424e-05,-6.300769746303558e-05,-7.584691047668457e-06,-0.007412477062137429,-0.0038686439192540762,-0.009086979297514649,-0.0010938652466810433,0.0038686439192540762,-0.0005169323213501328,share,19,True,-0.1849587399117055,12,17.446362012887604
downsample,Vag/Vg 850hPa,24,0.3618840699394544,0.3636325846115748,0.0017485146721204121,0.0015931092202663422,0.001924898164967696,0.4831698373495551,0.25217104047136707,0.22975844358910025,0.2776090934785714,0.25217104047136707,0.03369536303906622,share,7,True,0.41753840495678723,12,4.930758218668245
dec0_attn,Vag/Vg 850hPa,24,0.3618840699394544,0.3617527211705844,-0.0001313487688700358,-0.00015386690696080527,-0.00010718405246734619,-0.03629581398595725,-0.01894313856138409,-0.02219070771385856,-0.01545809964514095,0.01894313856138409,-0.0025312023527049184,share,14,True,-0.19282948036766068,12,17.733494244725186
dec0_mlp,Vag/Vg 850hPa,24,0.3618840699394544,0.36238493770360947,0.00050086776415507,0.0004260186105966568,0.000568113165597121,0.13840558503690656,0.07223522183681927,0.06144046601796369,0.08193336341889287,0.07223522183681927,0.009652147286418793,share,10,True,0.8209166738681359,12,1.1801747682486163
dec1_attn,Vag/Vg 850hPa,24,0.3618840699394544,0.36171665290991467,-0.00016741702953974405,-0.00018836998691161474,-0.00014514382928609862,-0.04626261376129489,-0.024144908364117812,-0.027166746925534797,-0.02093266418215873,0.024144908364117812,-0.0032262683746443668,share,13,True,0.018187912212826764,12,11.57128749234591
dec1_mlp,Vag/Vg 850hPa,24,0.3618840699394544,0.3618143821756045,-6.968776384989421e-05,-0.0001044188936551412,-4.375129938125612e-05,-0.01925693050306233,-0.010050379443965316,-0.01505930803883621,-0.0063098187638118124,0.010050379443965316,-0.0013429424069146124,share,17,True,-0.3548673136594266,12,25.201649378729677
dec2_attn,Vag/Vg 850hPa,24,0.3618840699394544,0.3618426248431206,-4.144509633382162e-05,-6.731245666742325e-05,-1.2622214853763616e-05,-0.011452589317003001,-0.005977217824693271,-0.009707812296435218,-0.0018203776630977676,0.005977217824693271,-0.000798682212636887,share,18,True,0.13195692834232953,12,9.202220154388996
dec2_mlp,Vag/Vg 850hPa,24,0.3618840699394544,0.3622040127714475,0.00031994283199310303,0.0002828075860937436,0.00034727491438388817,0.08841031108294753,0.046142201790743964,0.04078655122291353,0.050084038690731254,0.046142201790743964,0.006165570153712824,share,11,True,-0.2897366221341565,12,21.790282236025956
upsample,Vag/Vg 850hPa,24,0.3618840699394544,0.363353172938029,0.0014691029985745747,0.0013317504897713663,0.0015809541568160056,0.4059595656753737,0.21187424825031356,0.19206524944205394,0.2280054385693884,0.21187424825031356,0.028310862738555338,share,9,True,0.518126602326919,12,3.8089582009918246
decoder_io,Vag/Vg 850hPa,24,0.3618840699394544,0.3876670052607854,0.025782935321331024,0.024894083787997564,0.02701795467485984,7.124639480716762,3.7184186841860614,3.5902283866957623,3.896533355082108,3.7184186841860614,0.49685906542120484,share,1,True,0.30575028935689685,12,6.380237167567765
decoder_heads,Vag/Vg 850hPa,24,0.3618840699394544,0.3862091551224391,0.02432508518298467,0.023306164269646008,0.02523776236921549,6.721789435786554,3.50816732507547,3.36121840267206,3.63979376169393,3.50816732507547,0.46876505485819225,share,2,True,0.5922991519273738,12,3.072544610068763
film,Vag/Vg 850hPa,24,0.3618840699394544,0.3617929940422376,-9.107589721679688e-05,-0.00011630021035671234,-7.131677120923996e-05,-0.025167147377345038,-0.01313497915071618,-0.016772833262603218,-0.01028531512239664,0.01313497915071618,-0.0017551099054302446,share,16,True,0.017684136118106607,12,11.582955799573059
cond_embed,Vag/Vg 850hPa,24,0.3618840699394544,0.3636270488301913,0.0017429788907368977,0.0016475391884644827,0.001842976175248623,0.4816401260847181,0.2513726692746244,0.23760834152373037,0.26579429219932843,0.2513726692746244,0.03358868382933662,share,8,True,0.12033271753580002,12,9.422207549904106
encoder_io,|Vag| 850hPa,24,3.8793204029401145,3.9542312820752463,0.07491087913513184,0.06709461212158203,0.08554359277089436,1.9310309887875545,0.4702044368032223,0.4211428923194096,0.5369443974673466,0.4702044368032223,0.11579138526580489,share,3,True,0.1264179878870066,12,9.306477931003611
enc0_attn,|Vag| 850hPa,24,3.8793204029401145,3.880967934926351,0.0016475319862365723,0.0011324882507324219,0.0023235251506169632,0.04246960330958787,0.01034131301951778,0.007108460163193727,0.014584421481333196,0.01034131301951778,0.002546626246528564,share,17,True,0.26822588027344263,12,6.924073679071547
enc0_mlp,|Vag| 850hPa,24,3.8793204029401145,3.918415347735087,0.03909494479497274,0.03804569294055303,0.0405247688293457,1.0077781862344473,0.24539314865084946,0.23880715095641342,0.25436794126538104,0.24539314865084946,0.060429911742646315,share,6,True,-0.12037323069996822,12,15.284299247848201
enc1_attn,|Vag| 850hPa,24,3.8793204029401145,3.8081732988357544,-0.07114710410435994,-0.07376183172067007,-0.06795417219400407,-1.8340094839920404,-0.4465797812254165,-0.46299203723436166,-0.4265382229365107,0.4465797812254165,-0.10997363583243137,share,4,True,0.1315805272378883,12,9.209272713964406
enc1_mlp,|Vag| 850hPa,24,3.8793204029401145,3.8326661189397178,-0.04665428400039673,-0.053033668796221414,-0.04196534256140391,-1.202640647187526,-0.2928419955303402,-0.3328844442334288,-0.2634102081320407,0.2928419955303402,-0.07211454778477827,share,5,True,0.4654625773821936,12,4.377081455653427
enc2_attn,|Vag| 850hPa,24,3.8793204029401145,3.8776692350705466,-0.001651167869567871,-0.001987429956595103,-0.0014567126830418906,-0.042563328059122434,-0.010364134917936455,-0.012474801980910008,-0.009143568659476494,0.010364134917936455,-0.0025522463109632168,share,16,True,-0.3749260013757716,12,26.395454062756368
enc2_mlp,|Vag| 850hPa,24,3.8793204029401145,3.8809900879859924,0.0016696850458780925,0.0011516014734903972,0.0020030051469802856,0.04304065847751704,0.010480364477096044,0.00722843101717605,0.012572565132373722,0.010480364477096044,0.002580868715624947,share,14,True,-0.08332353555006895,12,14.181538340685611
downsample,|Vag| 850hPa,24,3.8793204029401145,3.896638512611389,0.017318109671274822,0.015789469083150227,0.018954735994338986,0.4464212251751499,0.10870319636469561,0.09910814695248574,0.11897605615994009,0.10870319636469561,0.02676898111694435,share,8,True,-0.0014067307558212605,12,12.033809098438308
dec0_attn,|Vag| 850hPa,24,3.8793204029401145,3.877633194128672,-0.0016872088114420574,-0.0020232334733009338,-0.0013355160752932234,-0.04349238104084756,-0.01059035854488441,-0.012699535325420242,-0.008382835594441656,0.01059035854488441,-0.002607955583555897,share,13,True,-0.16747141626207684,12,16.82783903015528
dec0_mlp,|Vag| 850hPa,24,3.8793204029401145,3.8935909271240234,0.014270524183909098,0.013126727441946666,0.015113080044587453,0.3678614474095398,0.089573955936059,0.08239451405684098,0.09486255364735889,0.089573955936059,0.022058261534259008,share,10,True,0.5579363427205766,12,3.404993992302365
dec1_attn,|Vag| 850hPa,24,3.8793204029401145,3.8761447270711265,-0.003175675868988037,-0.0034195383389790854,-0.002917546530564626,-0.08186165459757361,-0.01993324468604203,-0.021463933107849748,-0.018313005254906502,0.01993324468604203,-0.004908711688752048,share,12,True,-0.06569566792602421,12,13.687561510845848
dec1_mlp,|Vag| 850hPa,24,3.8793204029401145,3.8793973326683044,7.692972819010417e-05,-0.0003861844539642334,0.0003950496514638262,0.0019830722961629976,0.0004828764517874757,-0.0024240223285972883,0.002479667853594077,0.0004828764517874757,0.00011891196443156423,share,19,False,-0.3486510396173659,12,24.846608284906498
dec2_attn,|Vag| 850hPa,24,3.8793204029401145,3.878315806388855,-0.0010045965512593587,-0.0013578742742538451,-0.000586231549580892,-0.025896199512109926,-0.0063057030040625335,-0.008523174680988075,-0.003679688167985862,0.0063057030040625335,-0.0015528268743680736,share,18,True,0.11441816584027997,12,9.5359016351854
dec2_mlp,|Vag| 850hPa,24,3.8793204029401145,3.884658853212992,0.005338450272878011,0.004869470496972402,0.005692243576049805,0.1376130280147015,0.033508657660158106,0.030564941420971964,0.03572936555710531,0.033508657660158106,0.008251759416066705,share,11,True,-0.35825600971000054,12,25.398090770050796
upsample,|Vag| 850hPa,24,3.8793204029401145,3.89546004931132,0.016139646371205647,0.014444797734419505,0.01739290157953898,0.4160431388697232,0.1013061576608417,0.0906678450695669,0.10917265403905221,0.1013061576608417,0.024947404603955246,share,9,True,0.5127155450410001,12,3.865507615544145
decoder_io,|Vag| 850hPa,24,3.8793204029401145,4.212692856788635,0.33337245384852093,0.3241666326920191,0.3462949454784393,8.593578751470487,2.092529265672943,2.0347456966883137,2.1736418219410285,2.092529265672943,0.5153010976008874,share,1,True,0.4067652915444949,12,5.0604152265160565
decoder_heads,|Vag| 850hPa,24,3.8793204029401145,4.181898554166158,0.3025781512260437,0.2887611389160156,0.31357936064402264,7.799772119795041,1.8992380122726178,1.8125106828573494,1.9682909661059835,1.8992380122726178,0.4677016701196153,share,2,True,0.7814608285786161,12,1.47208965529094
film,|Vag| 850hPa,24,3.8793204029401145,3.8776667515436807,-0.0016536513964335124,-0.0020195916295051575,-0.0013315171003341676,-0.042627347696782655,-0.010379723646364511,-0.01267667601405334,-0.008357734623926798,0.010379723646364511,-0.002556085152790166,share,15,True,0.13593221159039978,12,9.12802133359525
cond_embed,|Vag| 850hPa,24,3.8793204029401145,3.89973117907842,0.020410776138305664,0.019507483144601184,0.02147751450538635,0.5261430874035683,0.12811540339175828,0.12244556773802184,0.13481116132305626,0.12811540339175828,0.03154938335647246,share,7,True,0.07975451528659219,12,10.227274496397765
encoder_io,Vag/Vg 500hPa,24,0.24617122610410055,0.2539782834549745,0.007807057350873947,0.007212735774616401,0.008794072487701973,3.17139312925732,2.6966748947003025,2.4913872937461448,3.0376047509252433,2.6966748947003025,0.07888039320547464,share,3,True,0.20248041722142388,12,7.958744987678796
enc0_attn,Vag/Vg 500hPa,24,0.24617122610410055,0.2462126910686493,4.146496454874674e-05,-1.7875743408997855e-05,0.00010335749636093768,0.01684395256300673,0.0143226216848178,-0.0061745503214156216,0.03570123198652019,0.0143226216848178,0.00041895077246871624,share,18,False,0.04749625066164436,12,10.91177651933413
enc0_mlp,Vag/Vg 500hPa,24,0.24617122610410055,0.250661210467418,0.00448998436331749,0.004113020437459152,0.005001369832704465,1.8239273672946534,1.550908052289354,1.420699049155023,1.7275482759782463,1.550908052289354,0.04536558605212106,share,5,True,0.6378725059549263,12,2.653155183166908
enc1_attn,Vag/Vg 500hPa,24,0.24617122610410055,0.2411239743232727,-0.00504725178082784,-0.005265544603268306,-0.004793444244811932,-2.0503012722914513,-1.743396590146247,-1.818798210438248,-1.6557276542464454,1.743396590146247,-0.05099606512230428,share,4,True,0.20592632018414767,12,7.901713395172554
enc1_mlp,Vag/Vg 500hPa,24,0.24617122610410055,0.24491727352142334,-0.0012539525826772053,-0.0014924104325473309,-0.0010607567615807058,-0.5093822712435675,-0.43313406023227036,-0.5155009839384216,-0.36640132123764513,0.43313406023227036,-0.012669597306279024,share,9,True,-0.17973991948586476,12,17.259012562158226
enc2_attn,Vag/Vg 500hPa,24,0.24617122610410055,0.24601911505063376,-0.00015211105346679688,-0.00021622224400440852,-9.407103061676035e-05,-0.06179075267004291,-0.05254144303735749,-0.07468641139381146,-0.032493547207566434,0.05254144303735749,-0.001536888890282938,share,15,True,0.10360492422951985,12,9.746912752093387
enc2_mlp,Vag/Vg 500hPa,24,0.24617122610410055,0.24615964541832605,-1.158068577448527e-05,-5.911911527315775e-05,2.417725821336105e-05,-0.004704321442339505,-0.0040001428435736345,-0.020420630563982113,0.008351188202730307,0.0040001428435736345,-0.00011700811284269428,share,19,False,-0.1169513743311913,12,15.17857126137616
downsample,Vag/Vg 500hPa,24,0.24617122610410055,0.24865947912136713,0.0024882530172665915,0.0022971664865811666,0.0027496461135645706,1.0107814209831179,0.8594799732800676,0.7934758148813748,0.9497690756594463,0.8594799732800676,0.025140634630373998,share,6,True,0.6517978039571417,12,2.529623385201398
dec0_attn,Vag/Vg 500hPa,24,0.24617122610410055,0.2460121102631092,-0.0001591158409913381,-0.00021237221856911976,-0.00011216045046846075,-0.06463624669280049,-0.054961001881513497,-0.07335655476938964,-0.038741904582360535,0.054961001881513497,-0.0016076633664298004,share,14,True,-0.03638600503007128,12,12.906238520071476
dec0_mlp,Vag/Vg 500hPa,24,0.24617122610410055,0.24643806368112564,0.00026683757702509564,0.0002092073361078898,0.000306172917286555,0.10839511231595188,0.09216970781515807,0.07226335682113572,0.10575672527772316,0.09216970781515807,0.002696054614659576,share,11,True,-0.03795494813321433,12,12.946856650246852
dec1_attn,Vag/Vg 500hPa,24,0.24617122610410055,0.24592773243784904,-0.00024349366625150046,-0.00029693860560655596,-0.00020004250109195712,-0.09891231810680108,-0.08410637033753199,-0.10256705529604901,-0.06909768512298055,0.08410637033753199,-0.0024601940620829293,share,12,True,-0.0010251341265855283,12,12.024628466519566
dec1_mlp,Vag/Vg 500hPa,24,0.24617122610410055,0.2461194433271885,-5.178277691205343e-05,-0.00011621381466587384,1.982351144154864e-06,-0.021035267903388354,-0.017886549079976857,-0.04014199746998578,0.0006847338661249134,0.017886549079976857,-0.0005231991543698472,share,17,False,-0.05836345482630419,12,13.487540944550872
dec2_attn,Vag/Vg 500hPa,24,0.24617122610410055,0.2459967223306497,-0.00017450377345085144,-0.00022829848652084668,-0.00012172081818183265,-0.07088715290269446,-0.06027622492650218,-0.0788577269808227,-0.04204419921631341,0.06027622492650218,-0.0017631388687187417,share,13,True,0.09576620906320625,12,9.90248230096282
dec2_mlp,Vag/Vg 500hPa,24,0.24617122610410055,0.2465138373275598,0.0003426112234592438,0.0002792854482928912,0.00040681567043066025,0.13917598286420396,0.1183430636437777,0.0964693895558805,0.14052024417346268,0.1183430636437777,0.003461651017594816,share,10,True,0.3141810491072698,12,6.2623239136672435
upsample,Vag/Vg 500hPa,24,0.24617122610410055,0.24774408092101416,0.0015728548169136047,0.0014684885740280152,0.0016753081853191057,0.6389271572496771,0.5432876828174644,0.5072380146268934,0.5786766154254294,0.5432876828174644,0.015891699117514677,share,8,True,-0.14519148057692827,12,16.07646327179578
decoder_io,Vag/Vg 500hPa,24,0.24617122610410055,0.29250089327494305,0.04632966717084249,0.04357715199391047,0.05047745633249482,18.820098475380167,16.002963053095286,15.05220295984668,17.43567174191845,16.002963053095286,0.46810241032823063,share,2,True,0.6832021696419328,12,2.2585367538502603
decoder_heads,Vag/Vg 500hPa,24,0.24617122610410055,0.30101966112852097,0.05484843502442042,0.05290238683422406,0.057398239088555174,22.28060358330676,18.945473447482485,18.273279167035447,19.82621407703445,18.945473447482485,0.5541737337111903,share,1,True,0.29750429020943736,12,6.4970486657319855
film,Vag/Vg 500hPa,24,0.24617122610410055,0.24602399518092474,-0.00014723092317581177,-0.00020170925805966058,-9.328806772828117e-05,-0.05980833970967466,-0.05085577272047519,-0.06967340801937628,-0.032223100063405584,0.05085577272047519,-0.0014875813754350088,share,16,True,0.07311166330407985,12,10.364867348570879
cond_embed,Vag/Vg 500hPa,24,0.24617122610410055,0.24804735432068506,0.0018761282165845234,0.0017131405572096507,0.0020792587970693906,0.762123277474821,0.6480428711511875,0.5917444850335318,0.718207225288809,0.6480428711511875,0.018955891416822582,share,7,True,0.4184286736821909,12,4.920131724140097
encoder_io,|Vag| 500hPa,24,4.240131199359894,4.385869224866231,0.1457380255063375,0.1377899765968323,0.1593615546822548,3.437111227320953,1.2772069260470875,1.2075524684646386,1.396599690977401,1.2772069260470875,0.07485461780436224,share,3,True,-0.16331725034463526,12,16.684707566739917
enc0_attn,|Vag| 500hPa,24,4.240131199359894,4.240420778592427,0.00028957923253377277,-0.0009183292587598165,0.0014678468306859327,0.006829487554005139,0.0025377906702561404,-0.008047978457267638,0.01286379537539992,0.0025377906702561404,0.00014873498320075356,share,18,False,0.012874471884793261,12,11.694940159109684
enc0_mlp,|Vag| 500hPa,24,4.240131199359894,4.324360609054565,0.08422940969467163,0.07971239934364954,0.08987534294525781,1.986481213302721,0.7381627757418342,0.6985769717945938,0.787642141381618,0.7381627757418342,0.043262286892363,share,5,True,0.4857883954742862,12,4.153040414842408
enc1_attn,|Vag| 500hPa,24,4.240131199359894,4.14388124148051,-0.09624995787938435,-0.10268962134917577,-0.08860626618067424,-2.2699759359784575,-0.8435074676508804,-0.8999428609290221,-0.7765203107695993,0.8435074676508804,-0.04943633472263543,share,4,True,0.5399129313615448,12,3.5852967471218777
enc1_mlp,|Vag| 500hPa,24,4.240131199359894,4.211572249730428,-0.02855894962946574,-0.03330054183801015,-0.024987959861755376,-0.6735392912789375,-0.25028257478208654,-0.2918365507482319,-0.21898742824557316,0.25028257478208654,-0.014668575699310052,share,8,True,-0.014839760593369597,12,12.361519111302528
enc2_attn,|Vag| 500hPa,24,4.240131199359894,4.237533330917358,-0.0025978684425354004,-0.003858591616153717,-0.0014518549044926978,-0.06126858628637681,-0.02276698587233905,-0.033815607970648996,-0.012723646647407546,0.02276698587233905,-0.0013343288321382184,share,16,True,0.11693036558300136,12,9.48746308591295
enc2_mlp,|Vag| 500hPa,24,4.240131199359894,4.24133038520813,0.001199185848236084,0.00027381380399068195,0.0019162937998771657,0.028281809968925434,0.010509326345430524,0.002399626903748542,0.01679385805482713,0.010509326345430524,0.0006159312096773848,share,17,True,-0.1076564148717804,12,14.895469861590897
downsample,|Vag| 500hPa,24,4.240131199359894,4.284415026505788,0.04428382714589437,0.04240460197130839,0.046657854318618776,1.044397568466269,0.3880909635361349,0.37162196445202905,0.4088962676912659,0.3880909635361349,0.022745257762369072,share,6,True,0.32611344261954245,12,6.097999182175186
dec0_attn,|Vag| 500hPa,24,4.240131199359894,4.237436433633168,-0.0026947657267252603,-0.0038072735071182254,-0.0017417013645172146,-0.06355382887991938,-0.023616166325089595,-0.033365870545813914,-0.0152637792239769,0.023616166325089595,-0.0013840976495015167,share,15,True,-0.0056604202426471725,12,12.136623431862867
dec0_mlp,|Vag| 500hPa,24,4.240131199359894,4.24931275844574,0.009181559085845947,0.007930851479371389,0.009915644427140553,0.21653950441986394,0.08046459265254055,0.0695037441581329,0.0868979094135827,0.08046459265254055,0.004715873526015907,share,10,True,0.03383515114214829,12,11.214532774867989
dec1_attn,|Vag| 500hPa,24,4.240131199359894,4.235114634037018,-0.0050165653228759766,-0.006075044473012289,-0.004128260910511017,-0.1183115589355654,-0.04396376273854637,-0.05323997529140373,-0.03617891356161432,0.04396376273854637,-0.0025766307635214183,share,12,True,-0.019845195552897498,12,12.485928030050529
dec1_mlp,|Vag| 500hPa,24,4.240131199359894,4.240251163641612,0.0001199642817179362,-0.001229673127333323,0.0012212569514910379,0.0028292587204859715,0.0010513331092285817,-0.01077650825546423,0.010702751265555447,0.0010513331092285817,6.161659201139966e-05,share,19,False,0.008379647861411274,12,11.800559690885876
dec2_attn,|Vag| 500hPa,24,4.240131199359894,4.236979365348816,-0.003151834011077881,-0.004266823828220368,-0.002038655678431194,-0.07433340769157552,-0.02762178377752476,-0.03739323986785331,-0.017866203026088878,0.02762178377752476,-0.0016188591101212997,share,13,True,0.11714805455972935,12,9.483276009873602
dec2_mlp,|Vag| 500hPa,24,4.240131199359894,4.2480385303497314,0.007907330989837646,0.006739199161529541,0.008923816680908202,0.1864878848803397,0.06929761722569956,0.05906043954700045,0.07820581095449836,0.06929761722569956,0.004061398780726224,share,11,True,0.22566829810848515,12,7.581154246249204
upsample,|Vag| 500hPa,24,4.240131199359894,4.268443524837494,0.028312325477600098,0.02638542652130127,0.02981566786766052,0.6677228639027546,0.2481212303162279,0.231234431663458,0.26129609875659837,0.2481212303162279,0.014541903497150808,share,9,True,-0.27727188246059054,12,21.20750835280919
decoder_io,|Vag| 500hPa,24,4.240131199359894,5.127026319503784,0.8868951201438904,0.8606461187203726,0.9269458825389544,20.916690508958293,7.7724985376303355,7.542459697022611,8.123492116325536,7.7724985376303355,0.4555310463434124,share,2,True,0.5972814266559285,12,3.0255300033422703
decoder_heads,|Vag| 500hPa,24,4.240131199359894,5.30584720770518,1.0657160083452861,1.0215439255038898,1.1161242326100667,25.134033789005645,9.339634335849194,8.952522667861736,9.781397787337102,9.339634335849194,0.5473778323503354,share,1,True,0.5047861085826167,12,3.9491105500741246
film,|Vag| 500hPa,24,4.240131199359894,4.237408498922984,-0.0027227004369099936,-0.003829424579938253,-0.001601686080296835,-0.06421264599833663,-0.023860978241547925,-0.033559996296638514,-0.014036724787515198,0.023860978241547925,-0.0013984456005396136,share,14,True,0.1063785912073287,12,9.69239371652171
cond_embed,|Vag| 500hPa,24,4.240131199359894,4.273680686950684,0.033549487590789795,0.03125832279523214,0.03608493606249491,0.7912370163417244,0.29401824106930974,0.27393911940264326,0.3162381959331586,0.29401824106930974,0.017231838172746188,share,7,True,0.19705067741728957,12,8.049276486590756
encoder_io,Vag/Vg 250hPa,24,0.27963046977917355,0.2868746692935626,0.007244199514389038,0.006392887607216836,0.008608215178052585,2.5906331023617852,1.4041976800934524,1.2391814898694373,1.6685950958083369,1.4041976800934524,0.09558687907299636,share,3,True,0.5725322614661026,12,3.26200802877286
enc0_attn,Vag/Vg 250hPa,24,0.27963046977917355,0.27964936196804047,1.8892188866933186e-05,-5.431001385052999e-05,0.0001160213102897008,0.006756126713177037,0.003662015068213134,-0.010527318484710353,0.022489283243317816,0.003662015068213134,0.0002492815623121407,share,19,False,0.5748958619643149,12,3.2391028382445577
enc0_mlp,Vag/Vg 250hPa,24,0.27963046977917355,0.2827795048554738,0.003149035076300303,0.002853211387991905,0.003545710009833177,1.126141610671799,0.6104011547294781,0.5530594241470654,0.6872916407399345,0.6104011547294781,0.04155137285176321,share,5,True,0.731649300541199,12,1.859619261532452
enc1_attn,Vag/Vg 250hPa,24,0.27963046977917355,0.27445464332898456,-0.005175826450188954,-0.005404433918495973,-0.0049063248559832575,-1.8509522421774516,-1.003269371513799,-1.0475820765975195,-0.9510298504164784,1.003269371513799,-0.06829479171775035,share,4,True,0.3616147964408798,12,5.626130431847184
enc1_mlp,Vag/Vg 250hPa,24,0.27963046977917355,0.278080294529597,-0.0015501752495765686,-0.0019379937400420507,-0.0012511699150005978,-0.5543656421994193,-0.30048212847672917,-0.37565590351250727,-0.24252367546709322,0.30048212847672917,-0.020454491048860123,share,8,True,0.08660537842625946,12,10.087135289868913
enc2_attn,Vag/Vg 250hPa,24,0.27963046977917355,0.27953822662432987,-9.224315484364827e-05,-0.0001735808327794075,1.5533839662869164e-06,-0.03298751917718174,-0.01788018452262025,-0.033646478429175376,0.0003011040981714895,0.01788018452262025,-0.0012171441813326582,share,15,False,0.5297181982242449,12,3.689164205446541
enc2_mlp,Vag/Vg 250hPa,24,0.27963046977917355,0.27969230711460114,6.183733542760213e-05,-1.145489513874054e-05,0.0001539226621389389,0.022113947552437892,0.011986395843754282,-0.0022203884842740703,0.029835987352363102,0.011986395843754282,0.0008159407940068347,share,18,False,0.6215991889656601,12,2.8002047382056485
downsample,Vag/Vg 250hPa,24,0.27963046977917355,0.28171302129824954,0.0020825515190760293,0.0018192405502001445,0.0024468356122573213,0.7447512857667611,0.4036766251334101,0.3526370795073866,0.4742885509264642,0.4036766251334101,0.027479171414565053,share,6,True,0.5163480443108919,12,3.82750087622981
dec0_attn,Vag/Vg 250hPa,24,0.27963046977917355,0.2795280988017718,-0.0001023709774017334,-0.0001846104860305786,-1.2993502120176952e-05,-0.036609378614060405,-0.01984333654683126,-0.035784439079867905,-0.0025186282483249107,0.01984333654683126,-0.0013507803337066441,share,14,True,0.4172521268774788,12,4.934178149993206
dec0_mlp,Vag/Vg 250hPa,24,0.27963046977917355,0.2801010509332021,0.00047058115402857464,0.00039492752403020854,0.0005475505565603574,0.1682867944971077,0.09121628462470001,0.07655177248317963,0.10613584285313234,0.09121628462470001,0.006209296662083179,share,10,True,0.32647708689401467,12,6.093037744207636
dec1_attn,Vag/Vg 250hPa,24,0.27963046977917355,0.2794565086563428,-0.00017396112283070883,-0.0002566395948330561,-8.246488869190221e-05,-0.06221107555556708,-0.0337201929102218,-0.0497463830156663,-0.01598478964588539,0.0337201929102218,-0.002295409006667045,share,13,True,0.5129139233762002,12,3.863427277106349
dec1_mlp,Vag/Vg 250hPa,24,0.27963046977917355,0.27969394624233246,6.347646315892537e-05,-1.634657382965088e-05,0.00014937172333399454,0.022700123920348612,0.012304120300836005,-0.003168579358351367,0.0289538446533034,0.012304120300836005,0.0008375690089570139,share,17,False,0.3559843302376464,12,5.699319575318263
dec2_attn,Vag/Vg 250hPa,24,0.27963046977917355,0.279439148803552,-0.00019132097562154135,-0.00027921435733636223,-8.572085450092969e-05,-0.0684192161793488,-0.037085183751132775,-0.054122219030789724,-0.016615917988833242,0.037085183751132775,-0.0025244714650030334,share,12,True,0.5292427318156323,12,3.694042221476109
dec2_mlp,Vag/Vg 250hPa,24,0.27963046977917355,0.279892161488533,0.0002616917093594869,0.00017233900725841523,0.00036956332623958585,0.09358483342897037,0.05072567237448221,0.03340576604788403,0.07163523924520356,0.05072567237448221,0.0034530100568414064,share,11,True,0.6484781376821702,12,2.5588827970415258
upsample,Vag/Vg 250hPa,24,0.27963046977917355,0.2813560167948405,0.0017255470156669617,0.0016207386429111163,0.0017724583546320598,0.6170811846897944,0.3344757569803183,0.31415996175880306,0.3435689346618587,0.3344757569803183,0.02276851342839338,share,7,True,-0.431257021311898,12,30.198323143012498
decoder_io,Vag/Vg 250hPa,24,0.27963046977917355,0.3144860342144966,0.03485556443532308,0.03258002332101266,0.038233460485935206,12.464866387003106,6.756316225307105,6.315230975332257,7.411079224095995,6.756316225307105,0.45991756799112016,share,2,True,0.6777308889451037,12,2.3050355442226667
decoder_heads,Vag/Vg 250hPa,24,0.27963046977917355,0.3229035958647728,0.043273126085599266,0.04141812659800053,0.04569261775662502,15.475111177895744,8.387955513800431,8.028387010491427,8.856943782926855,8.387955513800431,0.5709869064261344,share,1,True,0.3003537965554644,12,6.45651549876205
film,Vag/Vg 250hPa,24,0.27963046977917355,0.2795545632640521,-7.590651512145996e-05,-0.00015927211691935857,2.353334178527194e-05,-0.027145294710338237,-0.014713530767039075,-0.030872912409094323,0.004561644647429641,0.014713530767039075,-0.0010015829723292059,share,16,False,0.5476190444621145,12,3.507692339325898
cond_embed,Vag/Vg 250hPa,24,0.27963046977917355,0.2807348122199376,0.0011043424407641094,0.0009146500999728838,0.0013574808835983276,0.3949292227117515,0.21406300175327067,0.17729350854129358,0.26313073014261734,0.21406300175327067,0.014571747662501997,share,9,True,0.42483507106971685,12,4.844054787324705
encoder_io,|Vag| 250hPa,24,7.755388657251994,7.972902417182922,0.21751375993092856,0.1947289208571116,0.25297080477078754,2.8046790372979364,1.0204916301525964,0.9135938523909154,1.1868425658382813,1.0204916301525964,0.08849407180729878,share,3,True,0.48254791559651505,12,4.1883469313323385
enc0_attn,|Vag| 250hPa,24,7.755388657251994,7.755291263262431,-9.739398956298828e-05,-0.0025076280037562054,0.0029687821865081745,-0.0012558234521478952,-0.0004569354656356456,-0.0117648345106171,0.013928394111893292,0.0004569354656356456,-3.9624117153431066e-05,share,19,False,0.629610846900661,12,2.727442472321129
enc0_mlp,|Vag| 250hPa,24,7.755388657251994,7.851105292638143,0.0957166353861491,0.08922986686229706,0.10466636617978413,1.2341952107925027,0.44906595936252774,0.4186325146580162,0.4910546839835528,0.44906595936252774,0.03894169641361849,share,5,True,0.71925620827637,12,1.9595249878789476
enc1_attn,|Vag| 250hPa,24,7.755388657251994,7.611006220181783,-0.14438243707021078,-0.15424908896287284,-0.13420721193154656,-1.8617047249488916,-0.6773873460601858,-0.7236779148834559,-0.6296490692163553,0.6773873460601858,-0.05874106427961781,share,4,True,0.4821691560456451,12,4.192483767528145
enc1_mlp,|Vag| 250hPa,24,7.755388657251994,7.703055779139201,-0.05233287811279297,-0.0648543914159139,-0.04287095169226329,-0.6747937521333243,-0.245525911155506,-0.3042720774979801,-0.20113415993785225,0.245525911155506,-0.02129129428440176,share,8,True,0.19459784527117377,12,8.09044306835494
enc2_attn,|Vag| 250hPa,24,7.755388657251994,7.752656102180481,-0.002732555071512858,-0.005421379208564758,0.00039505958557128906,-0.03523427635000175,-0.01282010655461707,-0.025435044238031092,0.0018534689511830226,0.01282010655461707,-0.0011117224252509155,share,15,False,0.5737387389697424,12,3.2503076944726836
enc2_mlp,|Vag| 250hPa,24,7.755388657251994,7.758097251256307,0.002708594004313151,0.0004556099573771159,0.0056900451580683365,0.034925316112692416,0.012707690362949059,0.0021375482096634784,0.02669552243886981,0.012707690362949059,0.0011019740194396063,share,16,True,0.6770974100155774,12,2.310438890831678
downsample,|Vag| 250hPa,24,7.755388657251994,7.816805720329285,0.061417063077290855,0.05542053480943044,0.06953117648760478,0.7919275975919056,0.28814544348289506,0.26001201914565675,0.3262137699371099,0.28814544348289506,0.024987136408662482,share,6,True,0.4707415619769728,12,4.318298619193958
dec0_attn,|Vag| 250hPa,24,7.755388657251994,7.752569794654846,-0.0028188625971476236,-0.005545851588249207,0.00018788178761800127,-0.03634714805055876,-0.013225028558436174,-0.02601902118594231,0.0008814697138386207,0.013225028558436174,-0.0011468360859841886,share,14,False,0.48081496466351437,12,4.207291641905794
dec0_mlp,|Vag| 250hPa,24,7.755388657251994,7.772610227266948,0.017221570014953613,0.015075207750002543,0.019435539841651917,0.22205940638255284,0.08079704044437398,0.07072712704048872,0.09118414275125086,0.08079704044437398,0.007006484803635763,share,10,True,0.3478910968113318,12,5.805592793643439
dec1_attn,|Vag| 250hPa,24,7.755388657251994,7.749531348546346,-0.005857308705647786,-0.008606547117233278,-0.0027803619702657075,-0.07552566305198218,-0.02748025923156128,-0.04037863765694422,-0.01304439829623529,0.02748025923156128,-0.0023830083088063453,share,13,True,0.5524694265597897,12,3.4592416374878585
dec1_mlp,|Vag| 250hPa,24,7.755388657251994,7.75761874516805,0.002230087916056315,-0.00040874381860097253,0.005129526058832803,0.028755334060156738,0.010462722236802816,-0.0019176701551725272,0.024065780534301685,0.010462722236802816,0.0009072969004018189,share,18,False,0.4687160836942153,12,4.340802872964772
dec2_attn,|Vag| 250hPa,24,7.755388657251994,7.749286929766337,-0.006101727485656738,-0.008999381462732952,-0.0026564995447794595,-0.0786772624212852,-0.028626978957846414,-0.04222166663012822,-0.012463283020864876,0.028626978957846414,-0.0024824485146858863,share,12,True,0.5614295250997401,12,3.370530410885462
dec2_mlp,|Vag| 250hPa,24,7.755388657251994,7.764602581659953,0.009213924407958984,0.006415801246960958,0.012508669495582577,0.1188067396125032,0.043228220330367585,0.030100493299023166,0.05868590809446097,0.043228220330367585,0.003748625780933897,share,11,True,0.6488461443820461,12,2.5556333935539572
upsample,|Vag| 250hPa,24,7.755388657251994,7.8078625202178955,0.052473862965901695,0.04894949694474538,0.05447587966918945,0.6766116475263153,0.2461873583330153,0.22965237669633026,0.25558005739619005,0.2461873583330153,0.02134865306353696,share,7,True,-0.32645282521051583,12,23.632248041870497
decoder_io,|Vag| 250hPa,24,7.755388657251994,8.854109048843384,1.09872039159139,1.0492452849944434,1.1714322100083032,14.167186715574678,5.154777168364173,4.92265883157884,5.4959132975506595,5.154777168364173,0.4470073123673065,share,2,True,0.6646993499372528,12,2.4170177040704846
decoder_heads,|Vag| 250hPa,24,7.755388657251994,9.139278888702393,1.3838902314503987,1.3360228409369785,1.4320432523886364,17.84424085769493,6.492685330314416,6.268109784419283,6.718600945260516,6.492685330314416,0.5630268243916154,share,1,True,0.13131947109590886,12,9.214166831895154
film,|Vag| 250hPa,24,7.755388657251994,7.753045042355855,-0.0023436148961385093,-0.005108444889386495,0.0009300748507181779,-0.0302191804913222,-0.010995347542931352,-0.023966875724874378,0.0043635565900507775,0.010995347542931352,-0.0009534846208046556,share,17,False,0.5726870578758371,12,3.260505820157127
cond_embed,|Vag| 250hPa,24,7.755388657251994,7.786839326222737,0.03145066897074381,0.026311061779658,0.03748180568218231,0.40553311201669534,0.1475545476182097,0.12344147025500891,0.17585034157755958,0.1475545476182097,0.012795502037059129,share,9,True,0.2932201260872876,12,6.558325466688638
encoder_io,div/vort 850hPa,24,0.4148590738574664,0.41771751393874484,0.002858440081278483,0.0024775299554069836,0.003278915211558342,0.6890147188296911,0.38566591101088704,0.3342728271853208,0.4423971768642098,0.38566591101088704,0.09704976178135252,share,4,True,0.42959899262936624,12,4.787924532500123
enc0_attn,div/vort 850hPa,24,0.4148590738574664,0.41496696571509045,0.00010789185762405396,2.4633978803952535e-05,0.00018275038649638492,0.026006869422150445,0.014556964770318662,0.003323661020384234,0.024657013018162137,0.014556964770318662,0.0036631445063836257,share,14,True,0.05347019133400456,12,10.781850115387611
enc0_mlp,div/vort 850hPa,24,0.4148590738574664,0.4155844772855441,0.0007254034280776978,0.0006108806778987248,0.0009066692863901456,0.17485538434358203,0.09787274386905362,0.08242112706990379,0.12232946165688043,0.09787274386905362,0.024628898241179652,share,9,True,-0.26737865591590526,12,20.759078333984675
enc1_attn,div/vort 850hPa,24,0.4148590738574664,0.41247262557347614,-0.0023864482839902243,-0.0026732062300046286,-0.001977471572657427,-0.5752431209471723,-0.321983923173162,-0.36067382442860185,-0.2668040448222212,0.321983923173162,-0.081024695595921,share,5,True,-0.10380388811402978,12,14.779852848830146
enc1_mlp,div/vort 850hPa,24,0.4148590738574664,0.4107012674212456,-0.004157806436220805,-0.004667242926855881,-0.0036187393590807926,-1.0022214043820836,-0.5609787721402313,-0.6297128657984375,-0.48824686610419765,0.5609787721402313,-0.14116585014709326,share,3,True,0.2610708341929151,12,7.031444823922195
enc2_attn,div/vort 850hPa,24,0.4148590738574664,0.4148842270175616,2.5153160095214844e-05,-1.3015543421109518e-05,6.175966312487918e-05,0.006063061333414812,0.0033937099001861613,-0.0017560806831951644,0.008332725565522005,0.0033937099001861613,0.0008540001279988343,share,18,False,0.19331411401029913,12,8.112055759857427
enc2_mlp,div/vort 850hPa,24,0.4148590738574664,0.4149969443678856,0.0001378705104192098,0.00010133453955252965,0.00016689548889795938,0.033233095069430285,0.01860173888220128,0.013672239543994704,0.022517841528673994,0.01860173888220128,0.004680979769522837,share,13,True,0.005494400217376149,12,11.868854958129534
downsample,div/vort 850hPa,24,0.4148590738574664,0.4170580158631007,0.002198942005634308,0.001957607020934423,0.002520523965358734,0.5300455369549903,0.2966852366147047,0.2641238835387114,0.340073656849253,0.2966852366147047,0.07465848216149051,share,6,True,0.4762160113761182,12,4.257783288522503
dec0_attn,div/vort 850hPa,24,0.4148590738574664,0.41488903760910034,2.9963751633961994e-05,8.371410270531972e-06,5.2880247433980296e-05,0.007222633786300326,0.004042763620235588,0.0011294858302527654,0.007134698724202587,0.004042763620235588,0.0010173293388927663,share,17,True,-0.3123234850676099,12,22.90013033578672
dec0_mlp,div/vort 850hPa,24,0.4148590738574664,0.4152837668855985,0.0004246930281321208,0.00038261959950129193,0.00045554178456465403,0.10237043249005398,0.0573003522681116,0.0516237291027232,0.0614625223380837,0.0573003522681116,0.014419178306507966,share,10,True,-0.21808277778427285,12,18.693786142721024
dec1_attn,div/vort 850hPa,24,0.4148590738574664,0.4148692563176155,1.0182460149129232e-05,-3.514029085636139e-05,4.661778608957926e-05,0.002454438335999283,0.0013738359588036395,-0.0047411916643166525,0.006289756101344232,0.0013738359588036395,0.00034571490173728483,share,19,False,0.17648101637612154,12,8.399819177640849
dec1_mlp,div/vort 850hPa,24,0.4148590738574664,0.4152204742034276,0.00036140034596125287,0.0003212509676814079,0.0004010784129301707,0.08711400297958038,0.04876078899735288,0.043343762188838654,0.05411422563048126,0.04876078899735288,0.012270265069733648,share,11,True,-0.3551384298899156,12,25.217289899757798
dec2_attn,div/vort 850hPa,24,0.4148590738574664,0.41482588400443393,-3.3189853032430015e-05,-6.296659509340922e-05,7.114621500174194e-06,-0.00800027168836449,-0.004478035061817522,-0.008495567011882886,0.0009599176139228659,0.004478035061817522,-0.001126861938248067,share,16,False,0.12483879974218935,12,9.33639060592571
dec2_mlp,div/vort 850hPa,24,0.4148590738574664,0.41515573610862094,0.0002966622511545817,0.00022384673357009888,0.00036908903469641996,0.07150916295409421,0.04002620803683228,0.0302018065708451,0.04979816080197756,0.04002620803683228,0.010072277181054183,share,12,True,0.34800032285264426,12,5.804150038488933
upsample,div/vort 850hPa,24,0.4148590738574664,0.41567165901263553,0.0008125851551691691,0.0007210825259486834,0.0008855719119310379,0.19587016564770857,0.10963546033194214,0.09728975993075471,0.1194829656977731,0.10963546033194214,0.027588892365712738,share,7,True,0.153565102340189,12,8.80506765618361
decoder_io,div/vort 850hPa,24,0.4148590738574664,0.43587342152992886,0.021014347672462463,0.01987959761172533,0.022283109712104003,5.0654183544946125,2.8352938347320102,2.682191302056878,3.0064775062314424,2.8352938347320102,0.7134791626245427,share,1,True,0.4450296200661898,12,4.608656090316457
decoder_heads,div/vort 850hPa,24,0.4148590738574664,0.42018695424000424,0.005327880382537842,0.005036401251951854,0.005601515372594197,1.2842627095022507,0.718847267412181,0.679520375386574,0.75576659569047,0.718847267412181,0.18089220246784787,share,2,True,0.17416845885278104,12,8.439997190393917
film,div/vort 850hPa,24,0.4148590738574664,0.41491997241973877,6.089856227238973e-05,2.8725403050581615e-05,8.516417195399602e-05,0.014679337179765465,0.008216544279469279,0.003875683387318889,0.011490504270929233,0.008216544279469279,0.0020676280745121857,share,15,True,0.10017247665028417,12,9.814761330035497
cond_embed,div/vort 850hPa,24,0.4148590738574664,0.41562313338120777,0.0007640595237414042,0.0006674261142810185,0.0008453642949461935,0.18417327036793052,0.10308829428338986,0.09005033972288745,0.11405808121773839,0.10308829428338986,0.025941350057165222,share,8,True,0.23662519793341522,12,7.407658876842856
encoder_io,div/vort 500hPa,24,0.26162326087554294,0.270238995552063,0.008615734676520029,0.008375752406815687,0.008887882344424725,3.293183735913539,1.914969358116564,1.861629891404864,1.9754580412628366,1.914969358116564,0.15690606554106756,share,5,True,-0.4417378141874394,12,30.990552844032546
enc0_attn,div/vort 500hPa,24,0.26162326087554294,0.26165145138899487,2.8190513451894123e-05,-3.515041122833888e-05,8.822046220302579e-05,0.010775232048386041,0.006265741863786671,-0.007812677961277848,0.019608250279349485,0.006265741863786671,0.0005133935430223624,share,15,False,0.008030863157143128,12,11.808794826809397
enc0_mlp,div/vort 500hPa,24,0.26162326087554294,0.2624410962065061,0.0008178353309631348,0.0006467108925183614,0.0010057503978411356,0.31260038890509356,0.18177551393819097,0.14374067786789022,0.2235423055712341,0.18177551393819097,0.014894066363442522,share,8,True,-0.24643855040490353,12,19.84876298130123
enc1_attn,div/vort 500hPa,24,0.26162326087554294,0.24798467382788658,-0.013638587047656378,-0.013950984925031662,-0.013294768147170543,-5.21306362515847,-3.0313696120940086,-3.100804475767869,-2.954950979917926,3.0313696120940086,-0.24838009914802553,share,2,True,-0.5062452520963775,12,36.60712753021391
enc1_mlp,div/vort 500hPa,24,0.26162326087554294,0.2526646616558234,-0.008958599219719568,-0.009541383571922779,-0.008603401482105255,-3.4242365108281687,-1.9911758708357958,-2.120707967489186,-1.9122281305511017,1.9911758708357958,-0.16315016758306594,share,4,True,-0.26400865837997617,12,20.609079268748616
enc2_attn,div/vort 500hPa,24,0.26162326087554294,0.26162456969420117,1.3088186581929524e-06,-2.2300022343794505e-05,2.6354752480983725e-05,0.0005002684600034749,0.00029090352939966307,-0.004956496581778405,0.0058577179238549874,0.00029090352939966307,2.383564418754163e-05,share,19,False,-0.18083826186881632,12,17.298243414973257
enc2_mlp,div/vort 500hPa,24,0.26162326087554294,0.26173219581445056,0.00010893493890762329,4.3709203600883485e-05,0.0001759681850671768,0.04163809385414122,0.024212336831228504,0.009714991083868653,0.039111427528677675,0.024212336831228504,0.0019838763965809077,share,12,True,0.6097638029486078,12,2.909019544382318
downsample,div/vort 500hPa,24,0.26162326087554294,0.2643299276630084,0.0027066667874654136,0.0023331418633461,0.0032044495766361553,1.0345665665993686,0.6015951227877875,0.5185739050928373,0.7122344152044372,0.6015951227877875,0.04929265492695232,share,6,True,0.5410705007174323,12,3.5735899096290553
dec0_attn,div/vort 500hPa,24,0.26162326087554294,0.26161472251017887,-8.538365364074707e-06,-4.8438707987467446e-05,3.172345459461204e-05,-0.003263610940212423,-0.0018977729299355628,-0.010766190583322633,0.0070509881934782866,0.0018977729299355628,-0.00015549704879842149,share,18,False,-0.04330963480533247,12,13.086486571981391
dec0_mlp,div/vort 500hPa,24,0.26162326087554294,0.26211252560218173,0.0004892647266387939,0.0004264529794454574,0.0005277746667464574,0.18701117209587206,0.10874603207941408,0.09478522946407789,0.11730541303273587,0.10874603207941408,0.008910279407063475,share,9,True,-0.059004296930588514,12,13.504898610817216
dec1_attn,div/vort 500hPa,24,0.26162326087554294,0.2615218212207158,-0.00010143965482711792,-0.00012884810566902158,-8.391973872979482e-05,-0.038773178840307274,-0.02254640352624144,-0.028638320871227432,-0.01865235342572255,0.02254640352624144,-0.0018473754968503565,share,13,True,-0.16714878956769894,12,16.816671812895034
dec1_mlp,div/vort 500hPa,24,0.26162326087554294,0.2618236541748047,0.0002003932992617289,0.0001519411181410154,0.0002633010347684224,0.0765961323894125,0.04454025594635562,0.03377107076787741,0.05852239332717813,0.04454025594635562,0.003649476838422289,share,11,True,-0.05884545318072123,12,13.500594010952058
dec2_attn,div/vort 500hPa,24,0.26162326087554294,0.2615852082769076,-3.805259863535563e-05,-7.379278540611267e-05,-9.667128324510124e-08,-0.014544807104693061,-0.008457730317764017,-0.016401494266981495,-2.1486565240765828e-05,0.008457730317764017,-0.000692997609566438,share,14,True,-0.18341921781708614,12,17.390845980776472
dec2_mlp,div/vort 500hPa,24,0.26162326087554294,0.2616361230611801,1.2862185637156168e-05,-2.529670794804891e-05,4.47909037272135e-05,0.004916300482652745,0.0028588033752577893,-0.005622552504286695,0.009955414294931306,0.0028588033752577893,0.00023424060957737779,share,17,False,-0.12916188994332867,12,15.55965744131037
upsample,div/vort 500hPa,24,0.26162326087554294,0.26301869998375577,0.0013954391082127888,0.0013009880979855855,0.001486077904701233,0.5333773088611622,0.31015615425431475,0.28916307621522824,0.3303019136641252,0.31015615425431475,0.025413138680849174,share,7,True,0.1458295772376509,12,8.945523205867008
decoder_io,div/vort 500hPa,24,0.26162326087554294,0.31187697251637775,0.05025371164083481,0.04774033681799968,0.05385876465588808,19.208426449795322,11.16960091471784,10.610967675429773,11.970875131880847,11.16960091471784,0.9151990478406424,share,1,True,0.6630445384721619,12,2.431363348842591
decoder_heads,div/vort 500hPa,24,0.26162326087554294,0.2727481996019681,0.011124938726425171,0.010874070537587007,0.01158300538857778,4.252274315821416,2.4726755839042798,2.4169165671067336,2.5744874032013056,2.4726755839042798,0.20260261376269303,share,3,True,-0.40453098490766104,12,28.30436410915241
film,div/vort 500hPa,24,0.26162326087554294,0.2616390710075696,1.5810132026672363e-05,-8.059789737065633e-06,5.150934060414627e-05,0.0060430911126795476,0.0035140263152908064,-0.0017914027020127638,0.01144868227924244,0.0035140263152908064,0.00028792734515728654,share,16,False,0.21807827062776727,12,7.703167340495284
cond_embed,div/vort 500hPa,24,0.26162326087554294,0.2620757768551509,0.00045251597960789997,0.0004009793202082316,0.0004902073492606481,0.1729647348991521,0.10057810129283568,0.08912334702341601,0.1089555433404836,0.10057810129283568,0.008241026983831874,share,10,True,-0.250271155767175,12,20.011573497026756
encoder_io,div/vort 250hPa,24,0.26181501025954884,0.2688598409295082,0.007044830669959386,0.006441760435700416,0.007972452758500972,2.6907665312907505,1.2987355056614198,1.1875577127047312,1.4697453991088238,1.2987355056614198,0.1837754823309251,share,5,True,0.4441200851898435,12,4.619116544483881
enc0_attn,div/vort 250hPa,24,0.26181501025954884,0.2617628102501233,-5.220000942548116e-05,-0.00012819236144423485,4.214424019058543e-05,-0.01993774511771994,-0.009623227131039616,-0.023632643446229156,0.007769416137712767,0.009623227131039616,-0.0013617193030278957,share,15,False,-0.09755133440740126,12,14.594310474424875
enc0_mlp,div/vort 250hPa,24,0.26181501025954884,0.26215020194649696,0.00033519168694814044,0.0002358350281914075,0.0004862054872016112,0.1280261535103927,0.06179358531616874,0.04347688950096633,0.08963342894369125,0.06179358531616874,0.008744002067343671,share,9,True,-0.1141381760695147,12,15.092261289141307
enc1_attn,div/vort 250hPa,24,0.26181501025954884,0.2443416677415371,-0.01747334251801173,-0.01891174716874957,-0.01594544254864256,-6.673926945857547,-3.221262709335777,-3.4864368886652732,-2.939589801599277,3.221262709335777,-0.45581960725815146,share,2,True,0.31283015165625266,12,6.281115778550527
enc1_mlp,div/vort 250hPa,24,0.26181501025954884,0.2513295536239942,-0.010485456635554632,-0.01141131337111195,-0.009400785341858864,-4.0049104232640955,-1.9330251447685176,-2.103709590138018,-1.7330627628334354,1.9330251447685176,-0.2735296192250652,share,4,True,0.48741816189164316,12,4.135341503076507
enc2_attn,div/vort 250hPa,24,0.26181501025954884,0.261779756595691,-3.5253663857777916e-05,-5.7484737286965055e-05,2.4257227778434384e-06,-0.013465104167568312,-0.006499117878302797,-0.010597482444334016,0.0004471892151944489,0.006499117878302797,-0.0009196472396451211,share,19,False,-0.26650982019921343,12,20.7202744643675
enc2_mlp,div/vort 250hPa,24,0.26181501025954884,0.2618580721318722,4.306187232335409e-05,-6.001008053620656e-06,8.864651123682656e-05,0.016447442138884605,0.007938584353074478,-0.0011063036989989437,0.01634224823702461,0.007938584353074478,0.001123336631786316,share,17,False,0.018521542883181894,12,11.563566394542772
downsample,div/vort 250hPa,24,0.26181501025954884,0.26326104750235874,0.0014460372428099315,0.0010680245856444042,0.0018465957914789517,0.552312581840289,0.26658127039933927,0.19689351175046912,0.3404254312634163,0.26658127039933927,0.03772215461459889,share,7,True,0.0023309289228084806,12,11.944187800123535
dec0_attn,div/vort 250hPa,24,0.26181501025954884,0.26175280660390854,-6.220365564028422e-05,-0.00010262656336029371,-1.0651691506306345e-05,-0.02375862849827402,-0.011467429090448117,-0.018919512463000502,-0.001963671038053775,0.011467429090448117,-0.001622680140033218,share,12,True,0.07772631461077702,12,10.26910457194102
dec0_mlp,div/vort 250hPa,24,0.26181501025954884,0.2621111484865348,0.0002961382269859314,0.0002416590539117654,0.00034411428496241566,0.11310972074991286,0.054593963714456066,0.04455056597997214,0.0634384928216532,0.054593963714456066,0.007725231173126022,share,10,True,-0.029663083923999887,12,12.733677140775955
dec1_attn,div/vort 250hPa,24,0.26181501025954884,0.261639470855395,-0.00017553940415382385,-0.00021345034862558048,-0.00015433734903732936,-0.06704711237900525,-0.03236121171646771,-0.03935020718637766,-0.028452549739651098,0.03236121171646771,-0.004579221301090287,share,11,True,-0.45918565760358,12,32.37752130177025
dec1_mlp,div/vort 250hPa,24,0.26181501025954884,0.2618577828009923,4.2772541443506874e-05,-2.4407667418320973e-05,0.00010994561016559598,0.016336932478051795,0.007885245344069737,-0.004499626147399168,0.020268800529522426,0.007885245344069737,0.00111578898096429,share,18,False,-0.45473701056460003,12,32.015457614042596
dec2_attn,div/vort 250hPa,24,0.26181501025954884,0.2617535690466563,-6.144121289253235e-05,-0.00010153008624911309,-7.112044841051228e-06,-0.023467414198912028,-0.011326870500195284,-0.01871737364346752,-0.0013111266381910934,0.011326870500195284,-0.001602790622416377,share,13,True,0.1391632905501977,12,9.068094626195673
dec2_mlp,div/vort 250hPa,24,0.26181501025954884,0.2618752953906854,6.028513113657633e-05,2.188698078195254e-05,9.029501428206761e-05,0.023025849845970635,0.011113743386961753,0.004034930062189101,0.01664615468081964,0.011113743386961753,0.0015726324124794413,share,14,True,0.0805885781625023,12,10.210118156913191
upsample,div/vort 250hPa,24,0.26181501025954884,0.26344408839941025,0.0016290781398614247,0.0015209699980914591,0.0017203584313392637,0.6222248824643198,0.3003254046625779,0.280395346901723,0.31715319812749543,0.3003254046625779,0.042497064150092,share,6,True,0.35572673338891375,12,5.70268256052393
decoder_io,div/vort 250hPa,24,0.26181501025954884,0.30313323934872943,0.041318229089180626,0.039996797839800514,0.0429008108874162,15.78145922505361,7.617138532228305,7.373528747655531,7.908892197897871,7.617138532228305,1.077850957057511,share,1,True,0.316319898254047,12,6.232650005392574
decoder_heads,div/vort 250hPa,24,0.26181501025954884,0.27441756054759026,0.012602550288041433,0.012007424297432104,0.013260758171478907,4.813532377516464,2.323317661949896,2.213604413959123,2.444660244671111,2.323317661949896,0.32875733517068423,share,3,True,0.13636773917456674,12,9.11992374707248
film,div/vort 250hPa,24,0.26181501025954884,0.26176485791802406,-5.0152341524759926e-05,-7.261686647931736e-05,-1.853328819076221e-05,-0.019155640264873156,-0.009245733457868733,-0.01338713550756043,-0.0034166668494442524,0.009245733457868733,-0.0013083026669527,share,16,True,0.11607542708530917,12,9.503922958573945
cond_embed,div/vort 250hPa,24,0.26181501025954884,0.26232712094982463,0.000512110690275828,0.0004201069784661134,0.000585962397356828,0.19560020251251062,0.09440913024724702,0.07744797209060875,0.10802391229570675,0.09440913024724702,0.013359212381581042,share,8,True,-0.00802227623010086,12,12.194091686646667
encoder_io,HypsRel 600-500,24,0.0011465394452681034,0.0011724205669042009,2.5881121636097396e-05,2.0727458431201735e-05,3.225117790615222e-05,2.257325009000927,0.5962994592595009,0.4775593742858009,0.7430651660435694,0.5962994592595009,0.05362727995508949,share,4,True,0.4520836714488658,12,4.527973195961349
enc0_attn,HypsRel 600-500,24,0.0011465394452681034,0.0011471536375143975,6.141922462937903e-07,2.079597400569109e-07,1.20012910840108e-06,0.05356922073886167,0.014150951782381519,0.004791379689307051,0.027650901241583956,0.014150951782381519,0.00127264420767233,share,18,True,0.3285317160762394,12,6.065056113890119
enc0_mlp,HypsRel 600-500,24,0.0011465394452681034,0.00114967009590195,3.130650633846411e-06,2.5984608572257673e-06,3.7740279938666007e-06,0.27305215243722814,0.07212999909128064,0.0598683791937986,0.08695337410856578,0.07212999909128064,0.006486901160755707,share,9,True,0.05710582543869117,12,10.70349800602052
enc1_attn,HypsRel 600-500,24,0.0011465394452681034,0.0011125136716687446,-3.402577359935892e-05,-3.6501495471106175e-05,-3.096084030047999e-05,-2.9676932389711577,-0.7839517422570014,-0.8409922227337359,-0.7133358665432187,0.7839517422570014,-0.07050350105214609,share,3,True,0.0887034858928089,12,10.044569812613775
enc1_mlp,HypsRel 600-500,24,0.0011465394452681034,0.0011231329618604784,-2.340648340762507e-05,-2.5556369215122794e-05,-2.103527353209015e-05,-2.0414895888864746,-0.5392839458575305,-0.5888171833464555,-0.48465141538017403,0.5392839458575305,-0.04849967695040521,share,5,True,0.20262002027744488,12,7.956428128032654
enc2_attn,HypsRel 600-500,24,0.0011465394452681034,0.0011447690686612166,-1.7703766068869029e-06,-2.0963850687619396e-06,-1.3318899785920711e-06,-0.15441044040773697,-0.0407893687227195,-0.0483005837412746,-0.030686663630524094,0.0407893687227195,-0.003668329497398915,share,15,True,0.599374687323419,12,3.005864598347753
enc2_mlp,HypsRel 600-500,24,0.0011465394452681034,0.0011441506131268109,-2.3888321412926634e-06,-2.593329732823546e-06,-2.1453234876649088e-06,-0.208351500783653,-0.05503854640240099,-0.059750158401459745,-0.049428121919069576,0.05503854640240099,-0.004949807500929264,share,11,True,0.10193529376953402,12,9.779863242151057
downsample,HypsRel 600-500,24,0.0011465394452681034,0.0011425124133823425,-4.0270318857611015e-06,-4.982310529998555e-06,-2.821229446747537e-06,-0.3512336101807149,-0.09278256830070702,-0.1147921298262962,-0.06500095386886834,0.09278256830070702,-0.008344258388885918,share,7,True,-0.07780784975497199,12,14.024945011322378
dec0_attn,HypsRel 600-500,24,0.0011465394452681034,0.001144361808671773,-2.177636596330354e-06,-2.4792423099470565e-06,-1.7651268078358292e-06,-0.18993124094576108,-0.05017261396601875,-0.05712159115750088,-0.04066841367373082,0.05017261396601875,-0.00451219730867373,share,13,True,0.6043424081100321,12,2.9594001122695404
dec0_mlp,HypsRel 600-500,24,0.0011465394452681034,0.001145929061523923,-6.103837441804664e-07,-8.670242125816626e-07,-2.891760711638535e-07,-0.05323704707235223,-0.014063204126669556,-0.019976184819063315,-0.006662598989731971,0.014063204126669556,-0.001264752756447283,share,19,True,0.13875325876458558,12,9.075680631673626
dec1_attn,HypsRel 600-500,24,0.0011465394452681034,0.001143837856271385,-2.701588996718504e-06,-2.8120790282138147e-06,-2.570403936655621e-06,-0.23562983444383567,-0.06224444521901242,-0.06479012878561359,-0.05922194946019963,0.06224444521901242,-0.005597858991108965,share,10,True,-0.3313872263449918,12,23.89521610363901
dec1_mlp,HypsRel 600-500,24,0.0011465394452681034,0.0011442744178116811,-2.265027456422364e-06,-2.5896691381701965e-06,-1.8690767389791306e-06,-0.19755338255219965,-0.052186094036542695,-0.059665818524577585,-0.04306341372830186,0.052186094036542695,-0.004693276559626045,share,12,True,0.1940249752019862,12,8.100082074028695
dec2_attn,HypsRel 600-500,24,0.0011465394452681034,0.0011432947705089984,-3.2446747591052282e-06,-3.4467087523653054e-06,-2.982536340202115e-06,-0.28299722024360907,-0.07475710796200045,-0.07941195880760653,-0.06871745482637084,0.07475710796200045,-0.0067231661794386775,share,8,True,0.48513304878239144,12,4.160168289081412
dec2_mlp,HypsRel 600-500,24,0.0011465394452681034,0.0011457090969043825,-8.303483637209216e-07,-1.6286662051258753e-06,1.8562565931683e-07,-0.0724221366432583,-0.019131175504898183,-0.037524369735052396,0.004276803835307222,0.019131175504898183,-0.001720533011962108,share,17,False,0.7308813671499471,12,1.865768304801948
upsample,HypsRel 600-500,24,0.0011465394452681034,0.0011453915502014544,-1.147895066649007e-06,-1.6621397094430917e-06,-3.809463796177768e-07,-0.10011823591299003,-0.026447432114950077,-0.03829559722683302,-0.008776981282608658,0.026447432114950077,-0.0023785093615260634,share,16,True,0.30523034160787593,12,6.38755906519541
decoder_io,HypsRel 600-500,24,0.0011465394452681034,0.0016571127093573783,0.0005105732640892749,0.00048470894710721154,0.0005268567068270221,44.531678887845324,11.763576771114838,11.167664490056282,12.13874629567899,11.763576771114838,1.0579392870172415,share,1,True,0.5387311046663043,12,3.5972670775409727
decoder_heads,HypsRel 600-500,24,0.0011465394452681034,0.0012531600205539877,0.00010662057528588414,0.00010284678087000367,0.00010941653179424899,9.299337735471656,2.4565315322437655,2.369583539757712,2.5209501991583285,2.4565315322437655,0.22092440660894727,share,2,True,0.5108070382524018,12,3.8855495058863094
film,HypsRel 600-500,24,0.0011465394452681034,0.0011446472806451542,-1.8921646229493252e-06,-2.225084983933684e-06,-1.4895025514431741e-06,-0.1650326668444335,-0.0435953571626108,-0.051265821913820314,-0.034318047667316685,0.0435953571626108,-0.003920681776577001,share,14,True,0.5887070532522861,12,3.1066239372884614
cond_embed,HypsRel 600-500,24,0.0011465394452681034,0.0011298232081261809,-1.6716237141922517e-05,-1.7737092741228298e-05,-1.5529348504994807e-05,-1.457973139163445,-0.3851410811608486,-0.40866153171964675,-0.35779523957204645,0.3851410811608486,-0.03463707414269232,share,6,True,0.08591757685739755,12,10.1011249025502
encoder_io,|DryAir Md err|,24,62122406969344.0,65191876930218.664,3069469960874.6665,1649267441664.0,4947802324992.0,4.941002949852507,0.11651440987130983,0.06260475754279335,0.18781427262838002,0.11651440987130983,-0.1148735533647664,share,10,True,0.1414231254749413,12,9.026383174086913
enc0_attn,|DryAir Md err|,24,62122406969344.0,53876069761024.0,-8246337208320.0,-8796093022208.0,-7834020347904.0,-13.274336283185841,-0.3130237877139667,-0.33389204022823116,-0.2973725983282684,0.3130237877139667,0.30861551650235747,share,5,True,0.151396822691224,12,8.844247202196946
enc0_mlp,|DryAir Md err|,24,62122406969344.0,61160334295040.0,-962072674304.0,-1695080426154.6667,-273732582331.7396,-1.5486725663716814,-0.036519441899962785,-0.06434377858564871,-0.010390650731061078,0.036519441899962785,0.03600514359194171,share,17,True,0.15693816832617963,12,8.74441025203829
enc1_attn,|DryAir Md err|,24,62122406969344.0,37978964142762.664,-24143442826581.332,-26205027128661.332,-22493030060305.07,-38.86430678466076,-0.9164640895847803,-0.994720036513272,-0.8538158565159157,0.9164640895847803,0.9035576510930133,share,2,True,0.588508509188364,12,3.108512079839354
enc1_mlp,|DryAir Md err|,24,62122406969344.0,42468636622848.0,-19653770346496.0,-23181370152277.332,-16859178292565.334,-31.63716814159292,-0.746040027384954,-0.8799446476848175,-0.6399597437707765,0.746040027384954,0.735533647663952,share,3,True,0.6313672922252012,12,2.711585866885784
enc2_attn,|DryAir Md err|,24,62122406969344.0,62947040690176.0,824633720832.0,687194767360.0,962072674304.0,1.3274336283185841,0.031302378771396674,0.02608531564283056,0.036519441899962785,0.031302378771396674,-0.030861551650235748,share,18,True,-0.2666666666666667,12,20.727272727272727
enc2_mlp,|DryAir Md err|,24,62122406969344.0,63267731581610.664,1145324612266.6667,870446705322.6666,1420202519210.6667,1.8436578171091447,0.04347552607138427,0.03304139981425204,0.053909652328516494,0.04347552607138427,-0.042863266180882986,share,15,True,-0.010204081632653074,12,12.247422680412372
downsample,|DryAir Md err|,24,62122406969344.0,54059321698986.664,-8063085270357.333,-9208409882624.0,-7009386627072.0,-12.979351032448376,-0.3060677035425452,-0.34954322961392953,-0.2660702195568717,0.3060677035425452,0.3017573939134162,share,6,True,-0.23913567857278797,12,19.543074532633288
dec0_attn,|DryAir Md err|,24,62122406969344.0,62672162783232.0,549755813888.0,183251937962.66666,824633720832.0,0.8849557522123894,0.020868252514264447,0.0069560841714214824,0.031302378771396674,0.020868252514264447,-0.020574367766823833,share,19,True,0.21189138534559038,12,7.803754932341576
dec0_mlp,|DryAir Md err|,24,62122406969344.0,65054437976746.664,2932031007402.6665,2657153100458.6665,3252721898837.3335,4.719764011799409,0.11129734674274372,0.1008632204856115,0.12347049404273132,0.11129734674274372,-0.10972996142306043,share,11,True,0.40540540540540515,12,5.07692307692308
dec1_attn,|DryAir Md err|,24,62122406969344.0,63221918597120.0,1099511627776.0,824633720832.0,1374389534720.0,1.7699115044247788,0.041736505028528895,0.031302378771396674,0.05217063128566112,0.041736505028528895,-0.041148735533647667,share,16,True,0.33333333333333337,12,5.999999999999999
dec1_mlp,|DryAir Md err|,24,62122406969344.0,66062323635541.336,3939916666197.3335,3573412790272.0,4306420542122.6665,6.342182890855458,0.1495558096855619,0.13564364134271892,0.16346797802840485,0.1495558096855619,-0.14744963566223748,share,9,True,0.2680313340262674,12,6.926977083283052
dec2_attn,|DryAir Md err|,24,62122406969344.0,67116022278826.664,4993615309482.667,4856176356010.667,5176867247445.333,8.03834808259587,0.1895532936712354,0.18433623054266932,0.19650937784265687,0.1895532936712354,-0.18688384054864982,share,8,True,-0.031249999999999993,12,12.774193548387096
dec2_mlp,|DryAir Md err|,24,62122406969344.0,59785944760320.0,-2336462209024.0,-2611340115968.0,-2107397286570.6667,-3.7610619469026547,-0.0886900731856239,-0.09912419944275613,-0.07999496797134706,0.0886900731856239,0.08744106300900129,share,12,True,0.02222222222222222,12,11.478260869565217
upsample,|DryAir Md err|,24,62122406969344.0,59785944760320.0,-2336462209024.0,-2748779069440.0,-1832519379626.6667,-3.7610619469026547,-0.0886900731856239,-0.10434126257132224,-0.06956084171421482,0.0886900731856239,0.08744106300900129,share,13,True,0.23820766037950522,12,7.3828553706767615
decoder_io,|DryAir Md err|,24,62122406969344.0,23502061043712.0,-38620345925632.0,-46776202489582.93,-30740512593237.332,-62.16814159292036,-1.4659947391270776,-1.7755839602814047,-1.1668831197559537,1.4659947391270776,1.4453493356193743,share,1,True,-0.06362177559108333,12,13.630668649038544
decoder_heads,|DryAir Md err|,24,62122406969344.0,72384515495253.33,10262108525909.334,9254222867114.666,11728124029610.666,16.519174041297937,0.3895407135996031,0.35128225065678487,0.4451893869709749,0.3895407135996031,-0.38405486498071156,share,4,True,0.48152160479320066,12,4.1995612634687545
film,|DryAir Md err|,24,62122406969344.0,63817487395498.664,1695080426154.6667,1466015503701.3333,1832519379626.6667,2.728613569321534,0.06434377858564871,0.05564867337137186,0.06956084171421482,0.06434377858564871,-0.06343763394770682,share,14,True,0.0,12,12.0
cond_embed,|DryAir Md err|,24,62122406969344.0,69727362394794.664,7604955425450.667,7146825580544.0,7925646316885.333,12.24188790560472,0.28867749311399155,0.27128728268543784,0.30085064041397913,0.28867749311399155,-0.28461208744106303,share,7,True,-0.20597977048911884,12,18.225930156444594
encoder_io,neg-q fraction,24,0.0002520761568121088,0.0002774933696703859,2.54172128582771e-05,1.0193782685519182e-05,4.218477753662834e-05,10.0831483547341,0.11315952370575574,0.0453835595541187,0.18781010177217775,0.11315952370575574,0.009851408852709432,share,3,True,-0.3962821533296074,12,27.75366991776724
enc0_attn,neg-q fraction,24,0.0002520761568121088,0.00023545079905791985,-1.662535775418898e-05,-3.168060646506395e-05,-6.0700489598275535e-06,-6.595371003922874,-0.07401746113516801,-0.1410446675756851,-0.027024357587697532,0.07401746113516801,-0.00644379057107132,share,4,True,0.3628450844158081,12,5.61021870676354
enc0_mlp,neg-q fraction,24,0.0002520761568121088,0.00024485473303078226,-7.221423781326545e-06,-1.6922427895830576e-05,-6.420750992219888e-07,-2.8647785941568493,-0.032150373061309814,-0.07534004185724814,-0.0028585711901777393,0.032150373061309814,-0.0027989378129380403,share,18,True,0.6425598240547307,12,2.6113399637128296
enc1_attn,neg-q fraction,24,0.0002520761568121088,0.00023645857656144167,-1.5617580250667135e-05,-3.0771771311795724e-05,-5.229504762382936e-06,-6.195580116808939,-0.06953075274051528,-0.13699845866818922,-0.023282185636476084,0.06953075274051528,-0.006053188018576134,share,5,True,0.6690688638320499,12,2.3792748879743053
enc1_mlp,neg-q fraction,24,0.0002520761568121088,0.00024462596646420326,-7.450190347905543e-06,-1.8524237073809976e-05,6.003438613788569e-07,-2.955531551307618,-0.03316886064522483,-0.08247142816062994,0.002672780284451323,0.03316886064522483,-0.0028876050083448085,share,17,False,0.3095146733701603,12,6.327400592032865
enc2_attn,neg-q fraction,24,0.0002520761568121088,0.0002388080133641779,-1.3268143447930925e-05,-2.647616216222559e-05,-4.023876518507077e-06,-5.263545595000745,-0.05907086671537126,-0.11787405316779824,-0.017914629460907015,0.05907086671537126,-0.005142574307843503,share,12,True,0.47782542445121,12,4.240077889384256
enc2_mlp,neg-q fraction,24,0.0002520761568121088,0.00023736125778365627,-1.471489902845254e-05,-2.96587155086551e-05,-4.476296051810398e-06,-5.837481503425433,-0.06551194164059293,-0.13204304261830144,-0.01992883846128969,0.06551194164059293,-0.005703319532472492,share,6,True,0.45944154837890616,12,4.444646259837069
downsample,neg-q fraction,24,0.0002520761568121088,0.00024332141917208597,-8.754737640022844e-06,-1.8721443213583675e-05,-2.0339635530793515e-06,-3.4730526483503965,-0.03897681256547458,-0.0833494061267064,-0.00905537315144189,0.03897681256547458,-0.003393231994828394,share,15,True,0.039411156150295834,12,11.089996540819952
dec0_attn,neg-q fraction,24,0.0002520761568121088,0.00023869054318007935,-1.3385613632029466e-05,-2.7102623649473873e-05,-4.036547195103902e-06,-5.3101466641316515,-0.059593853643809785,-0.12066311127233112,-0.01797104035602447,0.059593853643809785,-0.005188104351519434,share,11,True,0.5170638621171111,12,3.820032761512909
dec0_mlp,neg-q fraction,24,0.0002520761568121088,0.00023922225742959805,-1.2853899382510766e-05,-2.664989704044274e-05,-3.363404933528121e-06,-5.099212692333983,-0.057226618040182,-0.11864753514553317,-0.014974155601946287,0.057226618040182,-0.00498201824388728,share,13,True,0.4773789268471439,12,4.244986011285611
dec1_attn,neg-q fraction,24,0.0002520761568121088,0.00023826393870270598,-1.3812218109402844e-05,-2.7612537724053255e-05,-4.241198409242013e-06,-5.479383010309111,-0.061493131890385654,-0.12293329070278246,-0.01888216440596655,0.061493131890385654,-0.005353451163871953,share,8,True,0.49188768928232995,12,4.087001838285266
dec1_mlp,neg-q fraction,24,0.0002520761568121088,0.00023945720560429132,-1.2618951207817494e-05,-2.5584748853664982e-05,-3.690316441407053e-06,-5.00600745719213,-0.05618060942814138,-0.11390540774691207,-0.016429592542722568,0.05618060942814138,-0.004890955130830511,share,14,True,0.47157181006720206,12,4.309091976220987
dec2_attn,neg-q fraction,24,0.0002520761568121088,0.0002382330249020015,-1.3843131910107331e-05,-2.8657421847810837e-05,-3.956790322945381e-06,-5.4916466853410695,-0.06163076267560038,-0.1275852008249267,-0.01761595619648099,0.06163076267560038,-0.005365432984680913,share,7,True,0.5428907338685294,12,3.555216888122846
dec2_mlp,neg-q fraction,24,0.0002520761568121088,0.0002435378122148298,-8.538344597279016e-06,-1.6878996507330155e-05,-2.6814507407380106e-06,-3.3872083362661236,-0.038013412928123845,-0.07514668174085808,-0.01193803940480228,0.038013412928123845,-0.0033093606298271344,share,16,True,0.4831201014412516,12,4.1821014877200575
upsample,neg-q fraction,24,0.0002520761568121088,0.00023827630252526433,-1.3799854286844493e-05,-2.8861298504049655e-05,-4.171795874678243e-06,-5.47447821379257,-0.06143808713470428,-0.12849287647934818,-0.018573178609648168,0.06143808713470428,-0.005348659093565747,share,9,True,0.48797881755969785,12,4.129261866348522
decoder_io,neg-q fraction,24,0.0002520761568121088,0.0023656677925221934,0.0021135916357100846,0.0011936954201094826,0.0033322287859846255,838.4734448667044,9.409883929407147,5.314430261984566,14.835356827010841,9.409883929407147,0.8192029341354912,share,1,True,0.5738633905748713,12,3.249099854361394
decoder_heads,neg-q fraction,24,0.0002520761568121088,0.001104909818801995,0.0008528336619898861,0.00038055733674961323,0.0014956408621401348,338.3238116509237,3.796885658908262,1.6942725864332315,6.658716222676976,3.796885658908262,0.33054816570416323,share,2,True,0.6866070158390243,12,2.2297522627468096
film,neg-q fraction,24,0.0002520761568121088,0.00023865962937937488,-1.3416527432733952e-05,-2.7198606399754984e-05,-4.0605094341117444e-06,-5.322410339163609,-0.0597314844290245,-0.12109043437680919,-0.018077722216390917,0.0597314844290245,-0.005200086172328393,share,10,True,0.5401259089519359,12,3.5831415214176423
cond_embed,neg-q fraction,24,0.0002520761568121088,0.00025350437150943134,1.4282146973224978e-06,-5.750239152272722e-06,7.556077580754083e-06,0.5665806379248526,0.006358529387141036,-0.025600538001296694,0.03364027932131934,0.006358529387141036,0.0005535589992193308,share,19,False,-0.020694755167710164,12,12.50716988053107
encoder_io,|neg-q mass|,24,3984658786.6666665,5359408128.0,1374749341.3333333,461625394.6666667,2112721764.8,34.50105554667501,0.5380540384637532,0.1806725054451943,0.8268841770081488,0.5380540384637532,0.015023688711545163,share,3,True,-0.0657973712251364,12,13.690358023798533
enc0_attn,|neg-q mass|,24,3984658786.6666665,3824637624.0,-160021162.66666666,-263646551.46666667,-92015242.66666667,-4.015931381681267,-0.06262962288744145,-0.10318687740275567,-0.03601323632496133,0.06262962288744145,-0.0017487610743874595,share,5,True,-0.13049219653009855,12,15.60182243819365
enc0_mlp,|neg-q mass|,24,3984658786.6666665,3962010344.0,-22648442.666666668,-224891445.33333334,174636501.33333334,-0.5683910186350746,-0.008864223953652389,-0.08801877312426427,0.06834982347723662,0.008864223953652389,-0.0002475092310975509,share,16,False,0.22698822402776875,12,7.560089925897154
enc1_attn,|neg-q mass|,24,3984658786.6666665,3351345306.6666665,-633313480.0,-928519960.0,-391480890.40000015,-15.893794523113813,-0.24786836791428632,-0.363407276695008,-0.15321911255241186,0.24786836791428632,-0.006921046836885421,share,4,True,-0.32421484150816343,12,23.514245464581208
enc1_mlp,|neg-q mass|,24,3984658786.6666665,4009157349.3333335,24498562.666666668,-634479281.5999999,431302994.199999,0.6148220959004809,0.009588330165390657,-0.2483246432803244,0.1688048219799437,0.009588330165390657,0.0002677279183325967,share,15,False,0.45706920503687115,12,4.471420792530358
enc2_attn,|neg-q mass|,24,3984658786.6666665,3923075824.0,-61582962.666666664,-177731641.33333334,13618285.599999994,-1.5455015338511175,-0.02410254783699392,-0.069561209819852,0.005329970594440254,0.02410254783699392,-0.0006729977845571301,share,12,False,0.07242180716307982,12,10.379253983549773
enc2_mlp,|neg-q mass|,24,3984658786.6666665,3891450029.3333335,-93208757.33333333,-253707445.33333334,20044287.19999993,-2.3391904382183335,-0.036480358124592736,-0.09929687648915408,0.007845000795292092,0.036480358124592736,-0.001018614312633749,share,7,False,0.2101589838974883,12,7.832104970790369
downsample,|neg-q mass|,24,3984658786.6666665,3988788938.6666665,4130152.0,-116684882.66666666,129998178.2,0.10365133430797584,0.0016164728334503878,-0.04566852331464137,0.05087912586712122,0.0016164728334503878,4.5135586622056426e-05,share,17,False,-0.3232938795511506,12,23.465912417167363
dec0_attn,|neg-q mass|,24,3984658786.6666665,3911266042.6666665,-73392744.0,-198721883.26666665,10244365.866666619,-1.8418827791625314,-0.02872469992590562,-0.07777644157228737,0.004009474498612406,0.02872469992590562,-0.0008020587509230682,share,10,False,0.09008258644565162,12,10.016680477627805
dec0_mlp,|neg-q mass|,24,3984658786.6666665,3982482749.3333335,-2176037.3333333335,-151725631.3333333,104601049.86666667,-0.054610380708499245,-0.0008516648379786408,-0.05938288982789065,0.04093911203748821,0.0008516648379786408,-2.3780413299921006e-05,share,18,False,0.17346187358910667,12,8.452304876846569
dec1_attn,|neg-q mass|,24,3984658786.6666665,3904563152.0,-80095634.66666667,-229735180.33333334,21571249.866666622,-2.0101002107051182,-0.0313480999044669,-0.08991453048136222,0.008442628598907957,0.0313480999044669,-0.0008753100264944048,share,8,False,-0.019360699480265527,12,12.473830476996085
dec1_mlp,|neg-q mass|,24,3984658786.6666665,3917533088.0,-67125698.66666667,-205669624.33333334,35199003.46666655,-1.6846034318240866,-0.026271882565349552,-0.08049567192703323,0.013776304811152834,0.026271882565349552,-0.0007335705288171939,share,11,False,-0.19430542765323572,12,17.787962863017274
dec2_attn,|neg-q mass|,24,3984658786.6666665,3927300976.0,-57357810.666666664,-201604187.73333332,41293831.99999991,-1.439466055628037,-0.022448893582816695,-0.07890452762531869,0.0161617193791086,0.022448893582816695,-0.0006268240083650299,share,13,False,-0.0895493714031144,12,14.360572716597382
dec2_mlp,|neg-q mass|,24,3984658786.6666665,3982653653.3333335,-2005133.3333333333,-65852317.6,52006504.0,-0.050321330901477536,-0.0007847758534744372,-0.02577350238445143,0.02035448111322027,0.0007847758534744372,-2.1912721191723548e-05,share,19,False,-0.2335203011493829,12,19.31198391293267
upsample,|neg-q mass|,24,3984658786.6666665,3824652168.0,-160006618.66666666,-326709450.1333333,-60334603.60000006,-4.01556638179599,-0.06262393060761985,-0.12786864758780003,-0.023613960850931894,0.06262393060761985,-0.0017486021330284413,share,6,True,-0.30915620171697683,12,22.740125133420886
decoder_io,|neg-q mass|,24,3984658786.6666665,61973567658.666664,57988908872.0,35406078382.73333,88170625082.66666,1455.3042550604475,22.695894929053015,13.857350490902869,34.508516915229755,22.695894929053015,0.6337208459908237,share,1,True,0.502005945787333,12,3.9786318205414926
decoder_heads,|neg-q mass|,24,3984658786.6666665,19836978794.666668,15852320008.0,6870552125.333333,29126568442.333336,397.8338135512257,6.204334523304235,2.6890198862913897,11.399654690351642,6.204334523304235,0.17323908729791113,share,2,True,0.2415003823455216,12,7.331447932909753
film,|neg-q mass|,24,3984658786.6666665,3910519056.0,-74139730.66666667,-199419340.26666668,10007576.8,-1.8606293445940862,-0.029017058089386365,-0.0780494146476124,0.003916799194283495,0.029017058089386365,-0.0008102220537261744,share,9,False,0.08813600630992649,12,10.056066393197028
cond_embed,|neg-q mass|,24,3984658786.6666665,4018296066.6666665,33637280.0,-140081250.13333336,185390895.19999993,0.8441696466597329,0.013165072208278063,-0.05482547260156572,0.07255891445638024,0.013165072208278063,0.00036759866590148886,share,14,False,-0.04276670540230866,12,13.07225786592263
encoder_io,EffRes Z500,24,55.636112936486484,55.636112936486484,0.0,0.0,0.0,0.0,0.0,0.0,0.0,0.0,0.0,colmax,1,False,0.0,12,12.0
enc0_attn,EffRes Z500,24,55.636112936486484,55.636112936486484,0.0,0.0,0.0,0.0,0.0,0.0,0.0,0.0,0.0,colmax,2,False,0.0,12,12.0
enc0_mlp,EffRes Z500,24,55.636112936486484,55.636112936486484,0.0,0.0,0.0,0.0,0.0,0.0,0.0,0.0,0.0,colmax,3,False,0.0,12,12.0
enc1_attn,EffRes Z500,24,55.636112936486484,55.636112936486484,0.0,0.0,0.0,0.0,0.0,0.0,0.0,0.0,0.0,colmax,4,False,0.0,12,12.0
enc1_mlp,EffRes Z500,24,55.636112936486484,55.636112936486484,0.0,0.0,0.0,0.0,0.0,0.0,0.0,0.0,0.0,colmax,5,False,0.0,12,12.0
enc2_attn,EffRes Z500,24,55.636112936486484,55.636112936486484,0.0,0.0,0.0,0.0,0.0,0.0,0.0,0.0,0.0,colmax,6,False,0.0,12,12.0
enc2_mlp,EffRes Z500,24,55.636112936486484,55.636112936486484,0.0,0.0,0.0,0.0,0.0,0.0,0.0,0.0,0.0,colmax,7,False,0.0,12,12.0
downsample,EffRes Z500,24,55.636112936486484,55.636112936486484,0.0,0.0,0.0,0.0,0.0,0.0,0.0,0.0,0.0,colmax,8,False,0.0,12,12.0
dec0_attn,EffRes Z500,24,55.636112936486484,55.636112936486484,0.0,0.0,0.0,0.0,0.0,0.0,0.0,0.0,0.0,colmax,9,False,0.0,12,12.0
dec0_mlp,EffRes Z500,24,55.636112936486484,55.636112936486484,0.0,0.0,0.0,0.0,0.0,0.0,0.0,0.0,0.0,colmax,10,False,0.0,12,12.0
dec1_attn,EffRes Z500,24,55.636112936486484,55.636112936486484,0.0,0.0,0.0,0.0,0.0,0.0,0.0,0.0,0.0,colmax,11,False,0.0,12,12.0
dec1_mlp,EffRes Z500,24,55.636112936486484,55.636112936486484,0.0,0.0,0.0,0.0,0.0,0.0,0.0,0.0,0.0,colmax,12,False,0.0,12,12.0
dec2_attn,EffRes Z500,24,55.636112936486484,55.636112936486484,0.0,0.0,0.0,0.0,0.0,0.0,0.0,0.0,0.0,colmax,13,False,0.0,12,12.0
dec2_mlp,EffRes Z500,24,55.636112936486484,55.636112936486484,0.0,0.0,0.0,0.0,0.0,0.0,0.0,0.0,0.0,colmax,14,False,0.0,12,12.0
upsample,EffRes Z500,24,55.636112936486484,55.636112936486484,0.0,0.0,0.0,0.0,0.0,0.0,0.0,0.0,0.0,colmax,15,False,0.0,12,12.0
decoder_io,EffRes Z500,24,55.636112936486484,55.636112936486484,0.0,0.0,0.0,0.0,0.0,0.0,0.0,0.0,0.0,colmax,16,False,0.0,12,12.0
decoder_heads,EffRes Z500,24,55.636112936486484,55.636112936486484,0.0,0.0,0.0,0.0,0.0,0.0,0.0,0.0,0.0,colmax,17,False,0.0,12,12.0
film,EffRes Z500,24,55.636112936486484,55.636112936486484,0.0,0.0,0.0,0.0,0.0,0.0,0.0,0.0,0.0,colmax,18,False,0.0,12,12.0
cond_embed,EffRes Z500,24,55.636112936486484,55.636112936486484,0.0,0.0,0.0,0.0,0.0,0.0,0.0,0.0,0.0,colmax,19,False,0.0,12,12.0
encoder_io,DKE<1000km 500hPa,24,0.14625154435634613,0.15174664556980133,0.005495095004638036,0.005149123569329579,0.005915888678282499,3.7572900823295283,0.5607845057400898,0.5254774873562608,0.6037272705319809,0.5607845057400898,0.15787417532738912,share,4,True,-0.016466446530804483,12,12.401811118029828
enc0_attn,DKE<1000km 500hPa,24,0.14625154435634613,0.14643524587154388,0.00018369654814402261,0.00012398781254887583,0.0002650375477969646,0.12560314569941974,0.018746569052975257,0.012653183269685113,0.02704756698809368,0.018746569052975257,0.005277605032169213,share,10,True,-0.15838217839824714,12,16.516506404680932
enc0_mlp,DKE<1000km 500hPa,24,0.14625154435634613,0.14639152586460114,0.00013996660709381104,-1.78676409025987e-05,0.0003187235444784163,0.09570264831581943,0.014283848507254409,-0.0018234254665020551,0.0325263212387047,0.014283848507254409,0.004021243063069418,share,12,False,-0.02885080721185958,12,12.712989701506848
enc1_attn,DKE<1000km 500hPa,24,0.14625154435634613,0.15357846021652222,0.007326922068993251,0.00623675932486852,0.008225321117788552,5.009808128993953,0.7477258113988124,0.636472707471719,0.8394090791331845,0.7477258113988124,0.21050259883660583,share,3,True,0.30171201130171577,12,6.437257850912761
enc1_mlp,DKE<1000km 500hPa,24,0.14625154435634613,0.15878178179264069,0.012530238678057989,0.011991320208956798,0.013043576820443072,8.567593731237102,1.2787337976776183,1.2237361812444107,1.331120894936534,1.2787337976776183,0.3599939757700448,share,1,True,-0.5257975755982274,12,38.61129754930516
enc2_attn,DKE<1000km 500hPa,24,0.14625154435634613,0.14626345038414001,1.1897335449854532e-05,-2.0418999095757803e-05,6.33173311750094e-05,0.008134843975246334,0.0012141448645090714,-0.002083796241185486,0.006461649568895509,0.0012141448645090714,0.0003418106549848121,share,19,False,0.24126710187403277,12,7.335081034344199
enc2_mlp,DKE<1000km 500hPa,24,0.14625154435634613,0.14597608149051666,-0.00027546783288319904,-0.0003522752784192562,-0.00018093266213933628,-0.18835207682838387,-0.02811199667709366,-0.03595033711447321,-0.01846450942602581,0.02811199667709366,-0.007914195643378644,share,9,True,0.24001273659697725,12,7.354639909477284
downsample,DKE<1000km 500hPa,24,0.14625154435634613,0.14912347495555878,0.0028719219068686166,0.0026191195162634058,0.003174662931511799,1.963686467439546,0.2930848885611832,0.26728594176484943,0.32398016438962335,0.2930848885611832,0.08251036647571328,share,5,True,-0.2620584443786552,12,20.522900786895065
dec0_attn,DKE<1000km 500hPa,24,0.14625154435634613,0.1462637037038803,1.2168039878209433e-05,-2.1751193950573604e-05,5.0303526222705834e-05,0.008319939057868578,0.001241770747033127,-0.002219749165125257,0.005133566947609472,0.001241770747033127,0.0003495879979330106,share,18,False,-0.3843140747591504,12,26.980913832992794
dec0_mlp,DKE<1000km 500hPa,24,0.14625154435634613,0.14597295224666595,-0.00027859707673390705,-0.0004002546270688375,-0.00012069344520568848,-0.19049170805869603,-0.028431341741133202,-0.04084671748560006,-0.012316987050927054,0.028431341741133202,-0.008004098873789011,share,8,True,0.20003267276281161,12,7.999455468779256
dec1_attn,DKE<1000km 500hPa,24,0.14625154435634613,0.14630575478076935,5.420918265978495e-05,-5.160955091317494e-06,0.00011681411415338515,0.03706571482510998,0.005532146337558033,-0.0005266849158364864,0.011921094214691839,0.005532146337558033,0.001557430763319275,share,14,False,-0.22303652510740232,12,18.889482936527486
dec1_mlp,DKE<1000km 500hPa,24,0.14625154435634613,0.14638365805149078,0.00013210376103719076,6.44285852710406e-05,0.00020434173444906865,0.09032640031965412,0.013481430671739177,0.006575055083899076,0.020853448112976136,0.013481430671739177,0.0037953433587208287,share,13,True,0.4312115190634904,12,4.7690098076518685
dec2_attn,DKE<1000km 500hPa,24,0.14625154435634613,0.14623357355594635,-1.7973283926645916e-05,-4.59679402410984e-05,2.201075355211893e-05,-0.012289294614102438,-0.0018342065305191838,-0.0046911124605192095,0.0022462376976692504,0.0018342065305191838,-0.0005163727606982748,share,17,False,-0.5053848817660852,12,36.52257667678054
dec2_mlp,DKE<1000km 500hPa,24,0.14625154435634613,0.14621278643608093,-3.874674439430237e-05,-8.697900921106339e-05,1.5846360474824897e-05,-0.026493219555329444,-0.0039541762036610535,-0.008876367132691972,0.0016171500982519091,0.0039541762036610535,-0.0011131946422597947,share,15,False,0.16142587454667512,12,8.664254625261918
upsample,DKE<1000km 500hPa,24,0.14625154435634613,0.14656968414783478,0.00031812737385431927,0.00020045358687639239,0.00045197994137803713,0.21752068448161557,0.03246548093503591,0.020456655534695424,0.04612538051047091,0.03246548093503591,0.009139804999536481,share,7,True,0.16586808086581054,12,8.5855194029987
decoder_io,DKE<1000km 500hPa,24,0.14625154435634613,0.1544293314218521,0.008177789549032847,0.007784654945135116,0.008784865339597067,5.591591690776079,0.8345583955200311,0.7944382894345063,0.896511591392166,0.8345583955200311,0.23494803637877135,share,2,True,0.24389646450266722,12,7.294210318055404
decoder_heads,DKE<1000km 500hPa,24,0.14625154435634613,0.1473436951637268,0.001092152049144109,0.0009281584993004799,0.0012266487504045168,0.7467627145993874,0.11145611614637563,0.09472027414255205,0.12518175074893123,0.11145611614637563,0.031377547420966184,share,6,True,-0.24720598225546228,12,19.88123103303466
film,DKE<1000km 500hPa,24,0.14625154435634613,0.14628838002681732,3.683318694432577e-05,-2.8665177524089806e-06,8.024219423532485e-05,0.02518481807679332,0.0037588941625162384,-0.0002925333847045561,0.00818886283053827,0.0037588941625162384,0.0010582181033461538,share,16,False,-0.30186833485155173,12,22.377469463294897
cond_embed,DKE<1000km 500hPa,24,0.14625154435634613,0.14642520248889923,0.00017363950610160828,9.037566681702932e-05,0.0002634931976596514,0.11872660866199987,0.01772022949993706,0.0092230022600414,0.026889963229157418,0.01772022949993706,0.004988666038878117,share,11,True,-0.2214971376669983,12,18.828403029986664
encoder_io,DKEpert<1000km 500hPa,24,0.0,0.02348937653005123,0.0234893752882878,0.02246138038656985,0.025344842299818992,nan,nan,nan,nan,0.0,0.17908265044922544,share,3,True,0.15589047709326076,12,8.7632128437923
enc0_attn,DKEpert<1000km 500hPa,24,0.0,0.0006108030793257058,0.000610803093877621,0.0005889140056145455,0.0006430220312419503,nan,nan,nan,nan,0.0,0.004656753771086124,share,11,True,0.028150540831494503,12,11.342885158228404
enc0_mlp,DKEpert<1000km 500hPa,24,0.0,0.0025696440134197474,0.0025696438970044255,0.0024439533158632305,0.002786141947338668,nan,nan,nan,nan,0.0,0.01959092713784014,share,7,True,0.33776800849589167,12,5.940330346951712
enc1_attn,DKEpert<1000km 500hPa,24,0.0,0.022362036630511284,0.022362036475290854,0.021508268585118152,0.023448236674691238,nan,nan,nan,nan,0.0,0.17048783598064138,share,4,True,-0.1298938369634114,12,15.582841059580891
enc1_mlp,DKEpert<1000km 500hPa,24,0.0,0.045372769236564636,0.0453727695470055,0.043430155143141747,0.04800545995434125,nan,nan,nan,nan,0.0,0.3459213252363994,share,1,True,0.3270010112905187,12,6.085894280261186
enc2_attn,DKEpert<1000km 500hPa,24,0.0,0.00017136054520960897,0.00017136054642226858,0.00016491895815609798,0.0001814549899184688,nan,nan,nan,nan,0.0,0.0013064502763097663,share,19,True,0.0447940026755371,12,10.971035379740066
enc2_mlp,DKEpert<1000km 500hPa,24,0.0,0.0003353734500706196,0.00033537344036934275,0.00032196827911927056,0.0003475124040051014,nan,nan,nan,nan,0.0,0.002556882158614234,share,14,True,-0.21174838084931769,12,18.447130607685
downsample,DKEpert<1000km 500hPa,24,0.0,0.013202455826103687,0.013202456136544546,0.012462943883535142,0.014200835028896106,nan,nan,nan,nan,0.0,0.10065533069118844,share,5,True,0.6325468462080438,12,2.7009563956742695
dec0_attn,DKEpert<1000km 500hPa,24,0.0,0.00019077125762123615,0.00019077125398325734,0.00018383195438218536,0.00020159791674814186,nan,nan,nan,nan,0.0,0.0014544372242151003,share,17,True,0.08856810010708122,12,10.047311507327052
dec0_mlp,DKEpert<1000km 500hPa,24,0.0,0.000536557228770107,0.0005365572384713838,0.0005020620055802283,0.000562118455733677,nan,nan,nan,nan,0.0,0.00409070446548162,share,12,True,-0.16700959033209872,12,16.811856320852936
dec1_attn,DKEpert<1000km 500hPa,24,0.0,0.0003177606558892876,0.0003177606680158836,0.0003072338877245784,0.0003338683109783839,nan,nan,nan,nan,0.0,0.0024226026421900995,share,15,True,0.009656064935473272,12,11.770470790500159
dec1_mlp,DKEpert<1000km 500hPa,24,0.0,0.0009048021747730672,0.0009048021020134911,0.0008743236140920392,0.0009545893893421938,nan,nan,nan,nan,0.0,0.00689819786911913,share,10,True,0.22267778807792815,12,7.629047189716629
dec2_attn,DKEpert<1000km 500hPa,24,0.0,0.00025859245215542614,0.0002585924303275533,0.0002477140267122498,0.00027413183355141273,nan,nan,nan,nan,0.0,0.0019715048714920727,share,16,True,0.18403000572193073,12,8.26975658050713
dec2_mlp,DKEpert<1000km 500hPa,24,0.0,0.0003554087597876787,0.0003554087646383171,0.00033768327096671177,0.000382044687285088,nan,nan,nan,nan,0.0,0.002709631175080698,share,13,True,0.2270097668855653,12,7.559746505455743
upsample,DKEpert<1000km 500hPa,24,0.0,0.0011714312713593245,0.0011714311694959179,0.0011234851324843475,0.0012412781570067938,nan,nan,nan,nan,0.0,0.008930973943643625,share,8,True,0.22286846506958663,12,7.625986510850365
decoder_io,DKEpert<1000km 500hPa,24,0.0,0.027995266020298004,0.027995265709857147,0.026679029688239098,0.03006568867325162,nan,nan,nan,nan,0.0,0.21343549250759913,share,2,True,0.301106996030609,12,6.445831183153051
decoder_heads,DKEpert<1000km 500hPa,24,0.0,0.006255246698856354,0.0062552471257125335,0.005842299705060819,0.0069486186451589065,nan,nan,nan,nan,0.0,0.04768991174686768,share,6,True,0.3804178780075235,12,5.386039678536527
film,DKEpert<1000km 500hPa,24,0.0,0.00018014648230746388,0.00018014647624416588,0.0001719280313712564,0.00019293433348745263,nan,nan,nan,nan,0.0,0.0013734340755745679,share,18,True,0.11689898502344115,12,9.48806680086319
cond_embed,DKEpert<1000km 500hPa,24,0.0,0.0009669954888522625,0.0009669954500471553,0.0009335196636432859,0.001014615759171041,nan,nan,nan,nan,0.0,0.007372359036433494,share,9,True,0.2788756963282938,12,6.766483770787899
encoder_io,RMSE Z500,72,128.01566696166992,123.20223236083984,-4.813434600830078,-5.82456194559733,-3.9573255379994716,-3.7600355605469,-0.8844669875916836,-1.0702612968243561,-0.7271572354822134,0.8844669875916836,-0.5093499361258765,share,2,True,-0.06076724963614036,12,13.552771653993515
enc0_attn,RMSE Z500,72,128.01566696166992,128.61342493693033,0.5977579752604166,0.3835359255472819,0.7823645909627276,0.46694126543073483,0.1098378267352611,0.07047459721245475,0.14375923022780282,0.1098378267352611,0.06325379105911627,share,9,True,-0.019438539951654066,12,12.475773297082977
enc0_mlp,RMSE Z500,72,128.01566696166992,126.71035448710124,-1.3053124745686848,-1.6783905824025471,-0.8725034872690837,-1.0196505674258742,-0.23985072780432415,-0.3084037045322758,-0.16032222208130661,0.23985072780432415,-0.1381260743484941,share,6,True,-0.2874087856528154,12,21.679898821074794
enc1_attn,RMSE Z500,72,128.01566696166992,139.02049255371094,11.004825592041016,7.5873055775960285,15.024270741144813,8.596467802129288,2.022132998064595,1.3941648458247822,2.7607046911763637,2.022132998064595,1.164513009362559,share,1,True,0.46805131667212346,12,4.3482023601223965
enc1_mlp,RMSE Z500,72,128.01566696166992,131.7699991861979,3.7543322245279946,1.0319537162780763,6.200314807891845,2.9327130917906366,0.6898572824639654,0.18962114798715926,1.1393057587840698,0.6898572824639654,0.39727741983424536,share,4,True,-0.007338313482036649,12,12.177421498140689
enc2_attn,RMSE Z500,72,128.01566696166992,127.99456469217937,-0.021102269490559895,-0.12600515683492025,0.0765978495279948,-0.0164841304126301,-0.003877534915389677,-0.023153405152233797,0.014074829066202211,0.003877534915389677,-0.002233008341959013,share,16,False,0.6514860973818366,12,2.532365751094186
enc2_mlp,RMSE Z500,72,128.01566696166992,127.86692873636882,-0.14873822530110678,-0.38528130849202474,0.12846884727478022,-0.11618751738069806,-0.027330598830431086,-0.07079531074101592,0.023606107441224197,0.027330598830431086,-0.01573924065438225,share,12,False,0.284971649850404,12,6.677454870536695
downsample,RMSE Z500,72,128.01566696166992,126.89993286132812,-1.1157341003417969,-2.059760491053263,-0.28624731699625666,-0.871560588498802,-0.20501576535649765,-0.3784802968691168,-0.05259784814074767,0.20501576535649765,-0.11806519457946998,share,7,True,-0.22180207408082978,12,18.840483122147038
dec0_attn,RMSE Z500,72,128.01566696166992,128.0060831705729,-0.009583791097005209,-0.08189303080240885,0.08279318809509263,-0.007486420470609085,-0.0017610183879540838,-0.015047816842898135,0.015213220442415496,0.0017610183879540838,-0.0010141414162480843,share,19,False,0.005068894679843006,12,11.878960066359447
dec0_mlp,RMSE Z500,72,128.01566696166992,128.00342814127603,-0.012238820393880209,-0.40984379450480146,0.28528731664021795,-0.00956040825654935,-0.002248879127512015,-0.07530865927757587,0.052421448398483374,0.002248879127512015,-0.0012950923618665,share,17,False,-0.030762287577117565,12,12.76172737852435
dec1_attn,RMSE Z500,72,128.01566696166992,128.129976272583,0.11430931091308594,0.01721336046854655,0.23487728436787922,0.0892932198270014,0.021004297401182738,0.003162949191689369,0.04315862193759698,0.021004297401182738,0.012096028104782526,share,13,True,0.12911497383456805,12,9.255585618968466
dec1_mlp,RMSE Z500,72,128.01566696166992,127.79017130533855,-0.22549565633138022,-0.3490897496541341,-0.11144183476765981,-0.1761469214536823,-0.04143475094395826,-0.06414512398744994,-0.020477399624717948,0.04143475094395826,-0.023861589005331897,share,11,True,-0.1536811608007141,12,16.358106765893023
dec2_attn,RMSE Z500,72,128.01566696166992,128.02664057413736,0.010973612467447916,-0.1657145341237386,0.18878124554951986,0.008572085532885285,0.002016397596927656,-0.030449989861980564,0.03468849032169163,0.002016397596927656,0.0011612100865358852,share,18,False,0.534028412282117,12,3.645081804121277
dec2_mlp,RMSE Z500,72,128.01566696166992,127.70107396443684,-0.31459299723307294,-0.42988905906677244,-0.13377903302510588,-0.24574570027219203,-0.057806357342466246,-0.07899196989314908,-0.024581852285318034,0.057806357342466246,-0.03328972684466944,share,10,True,0.06660320477422904,12,10.501338728941986
upsample,RMSE Z500,72,128.01566696166992,127.90618387858073,-0.1094830830891927,-0.3119820753733317,0.1478905200958252,-0.08552319078412005,-0.020117479663159687,-0.05732660132963409,0.027174833284317322,0.020117479663159687,-0.011585324410292728,share,14,False,0.3009290003264667,12,6.448354978616995
decoder_io,RMSE Z500,72,128.01566696166992,132.0093994140625,3.993732452392578,3.071322441101074,4.9007201035817465,3.1197216303129287,0.7338469937465568,0.5643544646757941,0.9005056693400303,0.7338469937465568,0.4226103683177082,share,3,True,-0.3076009301547523,12,22.662091624941144
decoder_heads,RMSE Z500,72,128.01566696166992,129.89405059814453,1.8783836364746094,1.3931370258331297,2.153270896275838,1.4673076202751258,0.3451523608958365,0.2559884595354376,0.3956628023510497,0.3451523608958365,0.1987675463780564,share,5,True,0.10028300960067836,12,9.812569848470378
film,RMSE Z500,72,128.01566696166992,128.12220509847006,0.1065381368001302,-0.04454464912414551,0.24940277735392252,0.08322273306753113,0.019576346773879913,-0.008185064281826384,0.0458276763841733,0.019576346773879913,0.011273694913141266,share,15,False,0.038794298738387134,12,11.103707855489711
cond_embed,RMSE Z500,72,128.01566696166992,128.9485823313395,0.9329153696695963,0.4726524353027344,1.389999723434448,0.7287509347968535,0.17142288513639622,0.08684972588138842,0.25541198127576675,0.17142288513639622,0.09871960945934788,share,8,True,0.43704960620055355,12,4.700884852161867
encoder_io,RMSE T850,72,1.1567243734995525,1.1413004696369171,-0.015423903862635294,-0.028285906215508777,-0.0036747547487417944,-1.3334121953332612,-0.41814674042534405,-0.766839549139353,-0.0996237226148269,0.41814674042534405,-0.2174444274089293,share,3,True,0.34997681247055945,12,5.77808313320448
enc0_attn,RMSE T850,72,1.1567243734995525,1.154540369908015,-0.0021840035915374756,-0.0034228434165318807,-0.0006796876589457195,-0.18880933449426623,-0.0592090038301501,-0.09279432952615758,-0.01842653984533629,0.0592090038301501,-0.030789832110621782,share,9,True,0.06713584303413254,12,10.4901076621717
enc0_mlp,RMSE T850,72,1.1567243734995525,1.1495074331760406,-0.00721694032351176,-0.010807923724253972,-0.003458653638760252,-0.6239118400935598,-0.19565345446889126,-0.2930061102760521,-0.09376515557850192,0.19565345446889126,-0.10174359683945174,share,6,True,0.2968233474444537,12,6.506761192490005
enc1_attn,RMSE T850,72,1.1567243734995525,1.2055492401123047,0.04882486661275228,0.042149861653645836,0.05787182847658793,4.2209594378164255,1.323657033112261,1.142695611747665,1.5689229299828684,1.323657033112261,0.6883273688995443,share,1,True,-0.25224978939004583,12,20.096279826417888
enc1_mlp,RMSE T850,72,1.1567243734995525,1.1891874969005585,0.032463123401006065,0.01999088873465856,0.04288905958334603,2.806470075735689,0.8800851817444558,0.5419590939524299,1.1627354931931195,0.8800851817444558,0.45766138992460664,share,2,True,0.2774903719811222,12,6.786834348333277
enc2_attn,RMSE T850,72,1.1567243734995525,1.1564723054567974,-0.00025206804275512695,-0.0005374205609162649,-1.3956675926844608e-05,-0.021791538981107538,-0.0068336415593713345,-0.014569635403983965,-0.00037836974335146207,0.0068336415593713345,-0.003553626352518852,share,19,True,-0.2171337821366211,12,18.656578930562993
enc2_mlp,RMSE T850,72,1.1567243734995525,1.1554648876190186,-0.0012594858805338542,-0.002194352944691976,-0.00036930243174235054,-0.10888383692680455,-0.034145046561966395,-0.05948957795234419,-0.010011901619687139,0.034145046561966395,-0.01775608747055057,share,10,True,0.016036778201371463,12,11.621192180154885
downsample,RMSE T850,72,1.1567243734995525,1.1482345461845398,-0.008489827315012613,-0.015190159032742182,-0.003633894522984824,-0.7339542167100275,-0.2301618092386133,-0.41180984675811516,-0.09851598942577929,0.2301618092386133,-0.11968861163519925,share,5,True,-0.012632876603438202,12,12.307068193074468
dec0_attn,RMSE T850,72,1.1567243734995525,1.1571059326330821,0.0003815591335296631,9.106422464052835e-05,0.0007766269147396087,0.03298617564141876,0.0103441845453572,0.0024687789188730246,0.021054592651582694,0.0103441845453572,0.005379176896582983,share,14,True,-0.4258926427037057,12,29.804027931336382
dec0_mlp,RMSE T850,72,1.1567243734995525,1.1556712687015533,-0.0010531047979990642,-0.0021415255963802334,-0.0003366038203239445,-0.09104198218050875,-0.02854999243585544,-0.058057412418987764,-0.009125432285930197,0.02854999243585544,-0.014846550642554229,share,11,True,-0.36830549200649326,12,25.9930483743365
dec1_attn,RMSE T850,72,1.1567243734995525,1.1570366720358531,0.0003122985363006592,-0.0003576842447121938,0.0010581793884436288,0.02699852648179545,0.008466508619135992,-0.009696929023930696,0.02868756613135342,0.008466508619135992,0.004402748941599084,share,17,False,0.0029530022705722045,12,11.92933661464367
dec1_mlp,RMSE T850,72,1.1567243734995525,1.1563541889190674,-0.00037018458048502606,-0.0010266679028669995,0.0006660076479117075,-0.03200283394782027,-0.010035816941294767,-0.027833280141426577,0.018055670571655698,0.010035816941294767,-0.005218819752512907,share,15,False,-0.02036290525358206,12,12.49886813056265
dec2_attn,RMSE T850,72,1.1567243734995525,1.1573761602242787,0.000651786724726359,0.00024431968728701273,0.0010631779829661052,0.05634762607745908,0.017670137004489345,0.006623581278167321,0.02882307955421291,0.017670137004489345,0.009188814479984014,share,12,True,-0.2166142753859826,12,18.636248843856656
dec2_mlp,RMSE T850,72,1.1567243734995525,1.157060593366623,0.00033621986707051593,-0.0001571379601955414,0.00088768204053243,0.029066549886323977,0.009115023196063799,-0.004260058052619798,0.024065331001054006,0.009115023196063799,0.004739989118822438,share,16,False,0.015005806232580575,12,11.64518493650921
upsample,RMSE T850,72,1.1567243734995525,1.1564212342103322,-0.00030313928922017414,-0.001196875919898351,0.0008579271535078683,-0.026206700244679457,-0.00821819863577742,-0.03244767142328204,0.02325866693391173,0.00821819863577742,-0.004273622926898115,share,18,False,0.15386493165683182,12,8.799661504174894
decoder_io,RMSE T850,72,1.1567243734995525,1.1666288177172344,0.009904444217681885,0.003291135529677073,0.01582695593436559,0.8562492884728443,0.26851250514995867,0.08922368852196513,0.42907360508403686,0.26851250514995867,0.1396317184610322,share,4,True,-0.14681435661032285,12,16.129868553166023
decoder_heads,RMSE T850,72,1.1567243734995525,1.1539685527483623,-0.0027558207511901855,-0.004801141222318014,-0.0011186798413594563,-0.2382435102368189,-0.07471114152223543,-0.13016040363798137,-0.030327751872026718,0.07471114152223543,-0.03885124483535331,share,8,True,-0.11503763947345319,12,15.11979748575991
film,RMSE T850,72,1.1567243734995525,1.157373309135437,0.0006489356358846029,0.00014457752307256062,0.0011526025831699366,0.05610114654377982,0.01759284311596016,0.003919540769312864,0.031247407754264517,0.01759284311596016,0.009148620156535883,share,13,True,-0.08742091183653385,12,14.299090469297482
cond_embed,RMSE T850,72,1.1567243734995525,1.159952034552892,0.00322766105333964,0.0021219698091348013,0.004574191321929296,0.2790345848401792,0.08750287609878861,0.057527249059182446,0.12400772258313557,0.08750287609878861,0.04550319529115798,share,7,True,0.03821379795828348,12,11.11662592733558
encoder_io,RMSE Q700,72,0.001054160122293979,0.001054168145249908,8.022955929239592e-09,-4.0644770100091895e-06,5.019884702051055e-06,0.0007610756430228718,0.0004937274430894475,-0.25012524801913966,0.30892041043311647,0.0004937274430894475,0.00021455829950483605,share,19,False,0.25555162419945343,12,7.115104100400914
enc0_attn,RMSE Q700,72,0.001054160122293979,0.0010511939181014895,-2.9662041924893856e-06,-3.732405457412824e-06,-2.3231293501642844e-06,-0.2813808006732952,-0.18253825953370123,-0.22968978258318706,-0.14296385573332854,0.18253825953370123,-0.07932534257170694,share,7,True,-0.03215865602741566,12,12.797452753454433
enc0_mlp,RMSE Q700,72,0.001054160122293979,0.0010478673211764544,-6.292801117524505e-06,-7.5718419490537295e-06,-4.616804896310595e-06,-0.5969492664767677,-0.38725485133261395,-0.46596618477724094,-0.28411514369546276,0.38725485133261395,-0.16828868546784576,share,4,True,0.01480884225830832,12,11.649774224071123
enc1_attn,RMSE Q700,72,0.001054160122293979,0.0010641476934930931,9.987571199114123e-06,8.269023965112865e-06,1.369850530560749e-05,0.9474434659300116,0.614628577584595,0.5088703085431866,0.8429970273220532,0.614628577584595,0.26709810094500996,share,3,True,-0.49552043559997944,12,35.57378037412336
enc1_mlp,RMSE Q700,72,0.001054160122293979,0.0010687707011432697,1.4610578849290809e-05,5.213351687416434e-06,2.0905747078359127e-05,1.3859923687396216,0.8991254346826277,0.32082624175627644,1.2865259565063103,0.8991254346826277,0.3907314187356225,share,1,True,0.2441726292108237,12,7.2899276487244
enc2_attn,RMSE Q700,72,0.001054160122293979,0.001053880958352238,-2.791639417409897e-07,-5.416763694180797e-07,7.074995664879628e-08,-0.026482119351422195,-0.0171795657827593,-0.03333440831702428,0.0043539059048789,0.0171795657827593,-0.007465694832589071,share,13,False,0.03507898836352309,12,11.186636256566654
enc2_mlp,RMSE Q700,72,0.001054160122293979,0.0010532879484041284,-8.721738898505768e-07,-1.2083988015850384e-06,-3.040283142278592e-07,-0.08273637670457708,-0.05367300884651825,-0.07436406927832653,-0.01870970294919008,0.05367300884651825,-0.02332458863407893,share,10,True,-0.3796446057884609,12,26.687501106528746
downsample,RMSE Q700,72,0.001054160122293979,0.0010491814949394513,-4.9786273545275135e-06,-7.070216573386764e-06,-2.486991919189071e-06,-0.4722837877507094,-0.3063814603402694,-0.4350964883335378,-0.15304785070179447,0.3063814603402694,-0.1331436727905506,share,5,True,-0.2555721689266142,12,20.239525442506025
dec0_attn,RMSE Q700,72,0.001054160122293979,0.0010539956371455144,-1.6448514846464e-07,-2.9115471988916397e-07,5.948119602786991e-08,-0.015603431109374597,-0.01012230809864762,-0.01791747040145163,0.0036604337710136013,0.01012230809864762,-0.004398834302423815,share,16,False,-0.6135784376233205,12,50.108335395127526
dec0_mlp,RMSE Q700,72,0.001054160122293979,0.0010539869351002078,-1.7318719377120337e-07,-5.170926063631971e-07,3.53045470546931e-07,-0.016428926697997955,-0.010657826256387927,-0.03182153967089744,0.021726186583199626,0.010657826256387927,-0.004631553522080209,share,14,False,-0.26466624867696303,12,20.638240740097135
dec1_attn,RMSE Q700,72,0.001054160122293979,0.0010545506762961547,3.905540021757285e-07,8.313994233806928e-08,7.643834881794948e-07,0.037048830999776024,0.024034437005918955,0.005116377493683875,0.04703965826151861,0.024034437005918955,0.010444604620877497,share,12,True,-0.08000761640431331,12,14.087172489622903
dec1_mlp,RMSE Q700,72,0.001054160122293979,0.0010527498088777065,-1.4103134162724018e-06,-1.722539309412241e-06,-9.664057870395483e-07,-0.13378550245321277,-0.0867897621664877,-0.1060039387425346,-0.059471977963003006,0.0867897621664877,-0.0377160800873229,share,9,True,-0.1730714424926487,12,17.02306345828024
dec2_attn,RMSE Q700,72,0.001054160122293979,0.0010541505374324818,-9.584861497084299e-09,-3.204714933720728e-07,3.267790210278083e-07,-0.0009092415179039868,-0.0005898460867864257,-0.019721605403439726,0.02010976651627005,0.0005898460867864257,-0.0002563284158534196,share,18,False,0.20590316231290523,12,7.902095582839619
dec2_mlp,RMSE Q700,72,0.001054160122293979,0.0010526515446448077,-1.5085776491711538e-06,-1.782202161848545e-06,-9.619531435115884e-07,-0.14310706858160294,-0.09283687857646718,-0.10967555152971731,-0.05919796520219045,0.09283687857646718,-0.04034396523325335,share,8,True,0.1673907185617821,12,8.55866953402529
upsample,RMSE Q700,72,0.001054160122293979,0.0010547735534297924,6.134311358133951e-07,-3.5429062942663826e-08,1.1163043382111925e-06,0.058191457145855156,0.037750149554331244,-0.0021802812843563025,0.0686966364362053,0.037750149554331244,0.016405018614618853,share,11,False,0.17555929288364397,12,8.4158141110246
decoder_io,RMSE Q700,72,0.001054160122293979,0.0010674009778692077,1.324085557522873e-05,5.68212999496609e-06,1.8598102663721258e-05,1.2560573384634433,0.8148335632318428,0.349674551182828,1.1445150335438072,0.8148335632318428,0.35410084278992987,share,2,True,0.21657666101550482,12,7.727486782433128
decoder_heads,RMSE Q700,72,0.001054160122293979,0.0010543283036289115,1.6818133493264517e-07,-1.1625891299142191e-06,1.8742798905198755e-06,0.015954059670428664,0.010349768988390158,-0.07154497214476614,0.11534195452922733,0.010349768988390158,0.004497681596391581,share,15,False,-0.1367302037511927,12,15.801273836160998
film,RMSE Q700,72,0.001054160122293979,0.0010542075712389003,4.7448944921294846e-08,-4.061063615760455e-07,5.266488490936656e-07,0.004501113627599595,0.0029199769336765266,-0.024991518997699812,0.03240962457756643,0.0029199769336765266,0.0012689294351610073,share,17,False,0.30633257114504314,12,6.372044401345071
cond_embed,RMSE Q700,72,0.001054160122293979,0.0010572301786548148,3.0700563608358302e-06,2.382945967838168e-06,4.168300074525177e-06,0.2912324509254836,0.18892925382423634,0.14664493113232863,0.2565144512790468,0.18892925382423634,0.08210266614631306,share,6,True,-0.31620560417998467,12,23.098269518893733
encoder_io,RMSE U500,72,3.018864949544271,2.9929455121358237,-0.025919437408447266,-0.0316867803533872,-0.018215300639470425,-0.8585822102562115,-0.2562650104223229,-0.31328662615432434,-0.1800943490655522,0.2562650104223229,-0.13246924965869622,share,4,True,-0.048338986676487006,12,13.219063998622904
enc0_attn,RMSE U500,72,3.018864949544271,3.0168694853782654,-0.0019954641660054526,-0.004945250352223715,0.0008991057674090068,-0.06609981563788365,-0.01972911823819533,-0.04889360108721299,0.008889442514703205,0.01972911823819533,-0.010198432806470155,share,12,False,-0.04236071069152212,12,13.061628389673391
enc0_mlp,RMSE U500,72,3.018864949544271,3.0022966066996255,-0.016568342844645183,-0.021804383397102358,-0.01109427263339361,-0.5488268975777253,-0.16381090703688897,-0.21557954559190018,-0.10968887353620316,0.16381090703688897,-0.08467760739293215,share,5,True,0.4000773879779779,12,5.141909587341682
enc1_attn,RMSE U500,72,3.018864949544271,3.0933754642804465,0.07451051473617554,0.04446728626887003,0.11326746145884196,2.4681632329204946,0.7366841160377849,0.4396472577537728,1.1198733496352944,0.7366841160377849,0.38080888189215123,share,3,True,0.2597469588437902,12,7.051445079119276
enc1_mlp,RMSE U500,72,3.018864949544271,3.1076669295628867,0.08880198001861572,0.06623587956031163,0.10920879791180292,2.9415684869249055,0.8779835756611333,0.654872947216173,1.0797454163089448,0.8779835756611333,0.45384980684182485,share,1,True,-0.1296925841433632,12,15.576462710451553
enc2_attn,RMSE U500,72,3.018864949544271,3.018209954102834,-0.0006549954414367676,-0.0023230666915575664,0.00102159430583318,-0.021696745378942704,-0.006475928122254049,-0.022968118502824184,0.010100484486071605,0.006475928122254049,-0.003347555476984135,share,16,False,0.5699388981849419,12,3.287219157221463
enc2_mlp,RMSE U500,72,3.018864949544271,3.0154762069384256,-0.0033887426058451333,-0.006402552127838135,-0.000645895799001058,-0.11225220943907077,-0.03350443705705016,-0.06330191747276032,-0.00638596012152628,0.03350443705705016,-0.017319210413743773,share,9,True,0.015035410522013848,12,11.644495306481225
downsample,RMSE U500,72,3.018864949544271,3.009903530279795,-0.008961419264475504,-0.02064178436994553,0.0033765822649001885,-0.29684730566792406,-0.08860139072544765,-0.2040849499679138,0.03338420798533506,0.08860139072544765,-0.04580008690524934,share,6,False,-0.19283111338782813,12,17.73355439991273
dec0_attn,RMSE U500,72,3.018864949544271,3.0183001160621643,-0.0005648334821065267,-0.0014768347144126892,0.00040266513824462795,-0.018710127532925717,-0.005584498455654453,-0.014601438199336604,0.003981142963208603,0.005584498455654453,-0.002886755077962264,share,18,False,0.2157629856536914,12,7.740689824584257
dec0_mlp,RMSE U500,72,3.018864949544271,3.018388489882151,-0.00047645966211954754,-0.0048202579220136006,0.0026448220014572126,-0.01578274186102542,-0.004710748090507912,-0.04765780318289323,0.02614930745170153,0.004710748090507912,-0.002435093514531396,share,19,False,-0.029406987994490826,12,12.727151033582524
dec1_attn,RMSE U500,72,3.018864949544271,3.019486407438914,0.0006214578946431478,-0.0005765318870544434,0.0018842384219169615,0.020585813046620827,0.006144343001667861,-0.005700160374493995,0.018629431311395814,0.006144343001667861,0.0031761515383440034,share,17,False,0.061593175653315554,12,10.607530408463816
dec1_mlp,RMSE U500,72,3.018864949544271,3.0149807929992676,-0.0038841565450032554,-0.005930755535761515,-0.00170515924692154,-0.1286628123457331,-0.03840258574296046,-0.05863727307170832,-0.016858878736374785,0.03840258574296046,-0.019851175585539796,share,8,True,0.18148649062693498,12,8.31339350081339
dec2_attn,RMSE U500,72,3.018864949544271,3.0196052392323813,0.0007402896881103516,-0.0019820903738339743,0.0034240861733754466,0.024522120084308707,0.007319230801564772,-0.019596891796077688,0.03385387827210393,0.007319230801564772,0.0037834779346749433,share,14,False,0.8213277374630998,12,1.1772000757146768
dec2_mlp,RMSE U500,72,3.018864949544271,3.016006648540497,-0.0028583010037740073,-0.003971217572689056,-0.0017465914289156597,-0.09468131405498936,-0.028259970499342802,-0.03926335655429021,-0.017268517972876204,0.028259970499342802,-0.014608225606981787,share,11,True,-0.10334776357853652,12,14.76623001107311
upsample,RMSE U500,72,3.018864949544271,3.0218623280525208,0.0029973785082499185,0.001260709265867869,0.005044729510943095,0.09928826093073172,0.029635027279024857,0.01246460978554483,0.04987714973621714,0.029635027279024857,0.015319023930726408,share,10,True,0.1689516611874334,12,8.531216813208982
decoder_io,RMSE U500,72,3.018864949544271,3.1017035841941833,0.08283863464991252,0.07166236440340677,0.09178724537293116,2.7440324769220923,0.819024087498609,0.7085245050396906,0.9074988404055649,0.819024087498609,0.42337229785892067,share,2,True,-0.7035461144828995,12,68.95694194777418
decoder_heads,RMSE U500,72,3.018864949544271,3.0198936661084494,0.0010287165641784668,-0.0026435256004333496,0.005864946047465005,0.03407626976933043,0.010170902125942544,-0.026136489958148084,0.057986615847231034,0.010170902125942544,0.005257572115503611,share,13,False,0.49572596605533575,12,4.045719967872844
film,RMSE U500,72,3.018864949544271,3.0195571184158325,0.0006921688715616862,-0.0011401991049448648,0.0026169816652933755,0.02292811646530184,0.00684346115579478,-0.011273127996867398,0.025874050549911622,0.00684346115579478,0.003537541714659304,share,15,False,0.40138720673174516,12,5.1258877523020665
cond_embed,RMSE U500,72,3.018864949544271,3.0269410808881125,0.008076131343841553,0.0032100876172383628,0.012838517626126608,0.26752211439802,0.07984856501272293,0.031738078405207155,0.12693419233683925,0.07984856501272293,0.04127555094676179,share,7,True,0.29686353098820745,12,6.506187757251563
encoder_io,RMSE MSLP,72,127.44974772135417,125.14795430501302,-2.301793416341146,-3.28321746190389,-1.5800329367319743,-1.806039994189397,-0.2959633866913919,-0.42215437422442215,-0.20315980388130267,0.2959633866913919,-0.2027227212827856,share,3,True,-0.6305061409521191,12,52.95371820750601
enc0_attn,RMSE MSLP,72,127.44974772135417,127.83475240071614,0.3850046793619792,0.04265782038370768,0.6571379979451496,0.30208351624494567,0.049503699153476424,0.0054849201062116765,0.08449445811023315,0.049503699153476424,0.033907993546584705,share,7,True,0.15879954590703912,12,8.711088543976114
enc0_mlp,RMSE MSLP,72,127.44974772135417,126.36566416422527,-1.0840835571289062,-1.504038921991984,-0.6260458310445158,-0.8505968638706598,-0.13939089352959097,-0.19338853344015478,-0.08049664364514836,0.13939089352959097,-0.09547701685081302,share,4,True,-0.20213200080655225,12,18.080163666497747
enc1_attn,RMSE MSLP,72,127.44974772135417,139.62366485595703,12.173917134602865,8.932608366012573,15.88505395253499,9.551935058529056,1.5653158614836478,1.148550085000816,2.0424918814134574,1.5653158614836478,1.072176848138163,share,1,True,0.13713675795019992,12,9.105640840651695
enc1_mlp,RMSE MSLP,72,127.44974772135417,133.20052909851074,5.750781377156575,2.7248974800109864,8.989438597361245,4.5121951827865665,0.7394324444678108,0.3503658846382611,1.155857286253978,0.7394324444678108,0.5064807475784189,share,2,True,-0.08239160854776995,12,14.154948258501644
enc2_attn,RMSE MSLP,72,127.44974772135417,127.39533106486003,-0.054416656494140625,-0.22580008506774904,0.10487414995829261,-0.04269655881399844,-0.0069968650679471025,-0.02903325616339795,0.013484663036084095,0.0069968650679471025,-0.00479256418464262,share,16,False,0.6691501833523984,12,2.3785743424221364
enc2_mlp,RMSE MSLP,72,127.44974772135417,127.4168135325114,-0.03293418884277344,-0.34509056409200034,0.2676378885904948,-0.025840921172145502,-0.004234660677470824,-0.044371563207553325,0.0344127389329697,0.004234660677470824,-0.0029005680258052616,share,17,False,0.12543676163353526,12,9.325054252861595
downsample,RMSE MSLP,72,127.44974772135417,127.08257293701172,-0.36717478434244794,-1.7974211692810058,0.6779543240865054,-0.2880937710015788,-0.04721114063068745,-0.23111146847261874,0.08717101037575371,0.04721114063068745,-0.03233768544991316,share,8,False,-0.23541770485459493,12,19.389688398991478
dec0_attn,RMSE MSLP,72,127.44974772135417,127.45413144429524,0.0043837229410807295,-0.11361436843872069,0.12599835395812986,0.0034395697280350424,0.0005636567898527313,-0.014608475730796747,0.016200802074699313,0.0005636567898527313,0.0003860816690397344,share,19,False,0.36732887992043795,12,5.552470625352776
dec0_mlp,RMSE MSLP,72,127.44974772135417,127.80410957336426,0.3543618520100911,-0.09719394048055013,0.718836180369059,0.2780404499386215,0.045563660531209256,-0.012497145741354332,0.09242757795202576,0.045563660531209256,0.03120922948527824,share,9,False,-0.23212200756584772,12,19.25496528936928
dec1_attn,RMSE MSLP,72,127.44974772135417,127.55599276224773,0.10624504089355469,0.01211700439453125,0.2382078488667806,0.08336229988139346,0.013660931471428581,0.0015579980513022906,0.030628639905986587,0.013660931471428581,0.009357175000951555,share,14,True,-0.1438585631660626,12,16.03275132757672
dec1_mlp,RMSE MSLP,72,127.44974772135417,127.24094772338867,-0.20879999796549478,-0.3465259710947673,-0.08287315368652359,-0.16382927522304572,-0.026847393906119635,-0.04455612708492106,-0.010655786508351257,0.026847393906119635,-0.018389358267732463,share,11,True,-0.1524018742689254,12,16.315305651837537
dec2_attn,RMSE MSLP,72,127.44974772135417,127.64554659525554,0.1957988739013672,-0.03886459668477376,0.40314194361368816,0.1536282946039611,0.025175716212762347,-0.004997189398301726,0.05183577905045747,0.025175716212762347,0.017244327948632603,share,12,False,0.36637005902246017,12,5.564787695340954
dec2_mlp,RMSE MSLP,72,127.44974772135417,127.43627421061198,-0.0134735107421875,-0.13788263003031415,0.10305376052856435,-0.010571626058958465,-0.001732416923938953,-0.017728876040733213,0.013250598320764856,0.001732416923938953,-0.001186634188584489,share,18,False,0.17994660448847194,12,8.339903440295446
upsample,RMSE MSLP,72,127.44974772135417,127.38113975524902,-0.06860796610514323,-0.1744693120320638,0.10655139287312815,-0.05383138635561849,-0.008821576192864116,-0.02243317236731284,0.013700322047815882,0.008821576192864116,-0.006042416096845073,share,15,False,-0.22892815842785416,12,19.125504403151552
decoder_io,RMSE MSLP,72,127.44974772135417,127.16396713256836,-0.2857805887858073,-1.6221358617146808,0.7304676850636794,-0.22423001527677786,-0.03674551778071988,-0.20857337582873786,0.09392315070729446,0.03674551778071988,-0.02516916515494509,share,10,False,-0.22950910694205912,12,19.148972968062328
decoder_heads,RMSE MSLP,72,127.44974772135417,128.09698740641275,0.6472396850585938,-0.03185731569925944,1.244033622741699,0.5078391261108388,0.08322173824595758,-0.00409619689513104,0.15995718882967988,0.08322173824595758,0.05700346058242645,share,6,False,0.22993925972989077,12,7.513158727261607
film,RMSE MSLP,72,127.44974772135417,127.56246376037598,0.11271603902180989,-0.0490228811899821,0.24223899841308594,0.08843959367282792,0.014492969006906622,-0.006303336276554228,0.031146962994198592,0.014492969006906622,0.009927086419006147,share,13,False,-0.04152073397809251,12,13.039665281034305
cond_embed,RMSE MSLP,72,127.44974772135417,128.42625872294107,0.9765110015869141,0.5909162839253744,1.4947980244954426,0.766192965498746,0.12555927092296115,0.07597970495529724,0.1922003437009158,0.12555927092296115,0.08600292545755472,share,5,True,0.15530995590371263,12,8.773645961725132
encoder_io,RMSE T2M,72,1.1017859776814778,1.0833497991164525,-0.01843617856502533,-0.02568983534971873,-0.009228816007574405,-1.673299437320953,-1.032632860753846,-1.438919029554262,-0.5169172473384185,1.032632860753846,-1.4299716332112185,share,4,True,-0.12134223986274467,12,15.314389161316862
enc0_attn,RMSE T2M,72,1.1017859776814778,1.0880677700042725,-0.013718207677205404,-0.014711637794971467,-0.012828965981801351,-1.2450882435509891,-0.7683735535628626,-0.8240167868310575,-0.718566040981666,0.7683735535628626,-1.064030041134348,share,6,True,-0.3210386899410241,12,23.34811136427687
enc0_mlp,RMSE T2M,72,1.1017859776814778,1.0842613379160564,-0.01752463976542155,-0.019457497199376422,-0.014762030045191448,-1.5905666000849992,-0.9815764601552611,-1.0898381638708334,-0.8268393182640738,0.9815764601552611,-1.3592696370568966,share,5,True,-0.20283440074518488,12,18.106667952599853
enc1_attn,RMSE T2M,72,1.1017859776814778,1.1268962522347767,0.02511027455329895,0.021708807597557705,0.030954761803150172,2.279051926776131,1.4064571220566269,1.2159368067495195,1.733813985474214,1.4064571220566269,1.9476368265102917,share,1,True,-0.25689362329049786,12,20.296856482745767
enc1_mlp,RMSE T2M,72,1.1017859776814778,1.113974799712499,0.012188822031021118,0.004244258999824524,0.019789717843135192,1.106278558442941,0.68271079707323,0.23772612623114037,1.1084462475664922,0.68271079707323,0.9454057783799841,share,8,True,0.14761503269614049,12,8.912936234039899
enc2_attn,RMSE T2M,72,1.1017859776814778,1.1015370388825734,-0.00024893879890441895,-0.0005269194642702739,-2.777526775995896e-05,-0.022594115730921585,-0.013943365929041345,-0.029513402240989268,-0.0015557266438925427,0.013943365929041345,-0.01930852533150771,share,16,True,0.11628906537541323,12,9.499807482149517
enc2_mlp,RMSE T2M,72,1.1017859776814778,1.100324273109436,-0.0014617045720418294,-0.0022387256224950156,-0.0006831325590610508,-0.13266683381810135,-0.08187185692961185,-0.12539375423416477,-0.038263088321109424,0.08187185692961185,-0.1133746924170176,share,12,True,0.10114953455121085,12,9.79540493542645
downsample,RMSE T2M,72,1.1017859776814778,1.080659161011378,-0.021126816670099895,-0.023956743131081263,-0.018327842156092327,-1.917506403063661,-1.1833387846467371,-1.3418464193400759,-1.0265648062768453,1.1833387846467371,-1.6386665182126499,share,2,True,-0.1234437576927063,12,15.379874606592942
dec0_attn,RMSE T2M,72,1.1017859776814778,1.1015380024909973,-0.0002479751904805501,-0.0004317936797936757,-1.5360116958618207e-05,-0.022506656964574188,-0.01388939304524243,-0.024185290961904984,-0.0008603388961843564,0.01388939304524243,-0.019233784641250466,share,17,True,0.15620023267463623,12,8.757650207767938
dec0_mlp,RMSE T2M,72,1.1017859776814778,1.101628839969635,-0.00015713771184285483,-0.0010363556444644927,0.0005097349484761545,-0.014262090371990808,-0.008801475009600383,-0.05804754440445476,0.02855087653955051,0.008801475009600383,-0.012188126169990382,share,18,False,0.2988830635676855,12,6.477413920602211
dec1_attn,RMSE T2M,72,1.1017859776814778,1.1013214786847432,-0.00046449899673461914,-0.0007734278837839763,-9.576777617136669e-05,-0.04215873192651069,-0.02601715567700687,-0.04332063965434603,-0.005364070017388472,0.02601715567700687,-0.036028094794310926,share,15,True,-0.15239109313702262,12,16.31494549629572
dec1_mlp,RMSE T2M,72,1.1017859776814778,1.1007375419139862,-0.0010484357674916585,-0.001402903844912847,-0.0004588464895884198,-0.09515784269626613,-0.05872416683766688,-0.07857835644330194,-0.025700551853485413,0.05872416683766688,-0.0813201825676201,share,13,True,-0.3051376924389831,12,22.539216962624675
dec2_attn,RMSE T2M,72,1.1017859776814778,1.1018488705158234,6.289283434549968e-05,-0.00018029039104779562,0.00030978595217068987,0.005708262368508901,0.003522704405473513,-0.010098284827165809,0.017351489240738652,0.003522704405473513,0.004878178453800045,share,19,False,-0.3972512874053257,12,27.81758815657412
dec2_mlp,RMSE T2M,72,1.1017859776814778,1.1002535720666249,-0.0015324056148529053,-0.002111788590749105,-0.0009899504482746126,-0.1390837826850541,-0.08583190862030132,-0.11828385617340027,-0.05544833273342517,0.08583190862030132,-0.11885850161867531,share,11,True,-0.17763796778639615,12,17.184226727245278
upsample,RMSE T2M,72,1.1017859776814778,1.0995806753635406,-0.0022053023179372153,-0.0027791780730088552,-0.0016605623066425325,-0.2001570506985305,-0.12352167415641788,-0.15566515555017638,-0.09301012132857522,0.12352167415641788,-0.17105061909562996,share,10,True,-0.0499947970025319,12,13.263019533235084
decoder_io,RMSE T2M,72,1.1017859776814778,1.1147725284099579,0.01298655072848002,0.008373107761144638,0.020364313572645187,1.1786817940638543,0.7273925549579772,0.4689879841581551,1.1406300556071927,0.7273925549579772,1.0072802825968614,share,7,True,0.17670076692522468,12,8.396009482268926
decoder_heads,RMSE T2M,72,1.1017859776814778,1.1213629146416981,0.019576936960220337,0.01612315773963928,0.023110909511645635,1.7768366413063896,1.0965281306387833,0.9030777415366366,1.2944702460686497,1.0965281306387833,1.5184526673758043,share,3,True,-0.36449234913848194,12,25.765084287285443
film,RMSE T2M,72,1.1017859776814778,1.1022718846797943,0.00048590699831644696,0.00033835868040720625,0.0006346474091211955,0.04410175915824923,0.027216243971714727,0.018951882619135916,0.0355473759021891,0.027216243971714727,0.037688570954149674,share,14,True,-0.4169897084807765,12,29.165654104424423
cond_embed,RMSE T2M,72,1.1017859776814778,1.1057760218779247,0.003990044196446736,0.0027138163646062215,0.005652983983357747,0.3621433088886382,0.22348724485276286,0.15200416649577372,0.31663053175262856,0.22348724485276286,0.30948116476816323,share,9,True,-0.10599003290492036,12,14.845338288546793
encoder_io,SpecDiv> Z500,72,0.0004235520852186407,0.0003650921037963902,-5.845998142225047e-05,-9.230561378596273e-05,-3.19353413336406e-05,-13.80231226864885,-0.42862083443931714,-0.676772524414696,-0.2341456893675918,0.42862083443931714,-0.7332938678391888,colmax,2,True,0.4181378122431402,12,4.923602059547364
enc0_attn,SpecDiv> Z500,72,0.0004235520852186407,0.00044197191527928226,1.841983006064159e-05,1.6094609842790913e-05,2.3227444944495798e-05,4.348893726053348,0.1350517523055122,0.11800354589518657,0.17030054734526173,0.1350517523055122,0.2310494820815573,colmax,5,True,-0.21795690783339655,12,18.688845973320266
enc0_mlp,SpecDiv> Z500,72,0.0004235520852186407,0.0004216704267795042,-1.8816584391364206e-06,-1.1247701574272165e-05,5.714492453989805e-06,-0.44425668171721894,-0.013796070246533922,-0.08246665696773613,0.04189790116994535,0.013796070246533922,-0.02360261774324525,colmax,13,False,0.4114241019404183,12,5.004102428890741
enc1_attn,SpecDiv> Z500,72,0.0004235520852186407,0.0005032745320932008,7.972244687456016e-05,4.256497989748217e-05,0.00011982683548315732,18.82234786623866,0.5845144126219716,0.3120807902721574,0.8785544737355222,0.5845144126219716,1.0,colmax,1,True,-0.14025140526157517,12,15.915137223692591
enc1_mlp,SpecDiv> Z500,72,0.0004235520852186407,0.0004260778708461051,2.5257856274644532e-06,-3.603053404124997e-05,3.730292331359425e-05,0.5963341264535681,0.018518725407028574,-0.26417109944849987,0.2735000889277245,0.018518725407028574,0.03168223914951668,colmax,11,False,0.16732977927728887,12,8.559742778821898
enc2_attn,SpecDiv> Z500,72,0.0004235520852186407,0.00042536421460681595,1.8121293881752838e-06,9.63299559468093e-07,3.0806006179773238e-06,0.42784097904744095,0.013286292461531181,0.007062784676785585,0.022586555372204668,0.013286292461531181,0.02273047879509508,colmax,14,True,-0.11371174041813406,12,15.079225907068594
enc2_mlp,SpecDiv> Z500,72,0.0004235520852186407,0.000421949570106032,-1.6025151126086712e-06,-3.3930021648605666e-06,-5.014194660664849e-07,-0.37835136894236776,-0.01174942837916323,-0.024877042102572744,-0.0036763410579486308,0.01174942837916323,-0.020101178218101607,colmax,16,True,-0.5439038725135326,12,40.6204862388622
downsample,SpecDiv> Z500,72,0.0004235520852186407,0.0004326228760570909,9.070790838450193e-06,-5.55486240045866e-06,2.010169428103836e-05,2.1415998539513232,0.06650583602001024,-0.04072751477772404,0.14738295782460462,0.06650583602001024,0.1137796341439782,colmax,7,False,0.4073543269329924,12,5.053274744465043
dec0_attn,SpecDiv> Z500,72,0.0004235520852186407,0.0004250423953635618,1.4903101449211438e-06,5.416994099505245e-07,2.756753625969092e-06,0.35185994755564354,0.010926756429764359,0.003971668267070438,0.020212152155367525,0.010926756429764359,0.018693733112157013,colmax,17,True,0.08928183350594371,12,10.032865381362337
dec0_mlp,SpecDiv> Z500,72,0.0004235520852186407,0.0004126227989521188,-1.0929286266521862e-05,-1.8796213225868996e-05,-5.827288199119117e-06,-2.5803877841564833,-0.08013207813986395,-0.13781134378029294,-0.042724904621235,0.08013207813986395,-0.1370917062257086,colmax,6,True,0.2521221030001161,12,7.16745974094331
dec1_attn,SpecDiv> Z500,72,0.0004235520852186407,0.0004277148230661017,4.162737847461055e-06,1.377964751251663e-06,7.83162662022126e-06,0.9828160438195503,0.0305206420926399,0.010103054895680417,0.05742044823330672,0.0305206420926399,0.05221537986673871,colmax,8,True,0.28204089682734607,12,6.720151642114198
dec1_mlp,SpecDiv> Z500,72,0.0004235520852186407,0.00042235600024772185,-1.1960849709187944e-06,-3.5097018553642556e-06,9.860719728749231e-07,-0.2823938336418216,-0.008769536455932122,-0.025732668763847447,0.0072297489932148335,0.008769536455932122,-0.01500311415178692,colmax,18,False,-0.3161527369597257,12,23.095556123599707
dec2_attn,SpecDiv> Z500,72,0.0004235520852186407,0.000427503412841664,3.951327623023341e-06,3.1921405631389157e-06,5.034742995727962e-06,0.932902412930782,0.028970610351216744,0.023404351464597555,0.0369140682483192,0.028970610351216744,0.04956355177156799,colmax,9,True,-0.004575662107586504,12,12.110320680740625
dec2_mlp,SpecDiv> Z500,72,0.0004235520852186407,0.0004259795229396938,2.4274377210531384e-06,-4.212842516911526e-07,6.1029231195182835e-06,0.573114336056232,0.017797651594040096,-0.0030888002887267062,0.04474582331993885,0.017797651594040096,0.030448610350264426,colmax,12,False,0.44277573776245205,12,4.634601880137462
upsample,SpecDiv> Z500,72,0.0004235520852186407,0.00042524064823131386,1.6885630126732092e-06,-3.0369083106052134e-07,3.4827105992008e-06,0.39866714663948843,0.01238032017608357,-0.002226620916632501,0.025534772451568728,0.01238032017608357,0.02118052165822369,colmax,15,False,-0.2668252626584327,12,20.734352095957465
decoder_io,SpecDiv> Z500,72,0.0004235520852186407,0.00038334181711737375,-4.02102681012669e-05,-5.546560660150135e-05,-2.7096703221711032e-05,-9.493582844837151,-0.29481635551861246,-0.406666475182455,-0.19866943613197638,0.29481635551861246,-0.5043782482559275,colmax,3,True,-0.316208619354591,12,23.09842428453421
decoder_heads,SpecDiv> Z500,72,0.0004235520852186407,0.0004240425744986472,4.904892800065378e-07,-9.379927602518971e-06,6.277047638529135e-06,0.11580376938844338,0.003596202382642648,-0.06877238579555632,0.04602248121169743,0.003596202382642648,0.006152461436341782,colmax,19,False,-0.24220277267919804,12,19.6707413734571
film,SpecDiv> Z500,72,0.0004235520852186407,0.00042723319226449047,3.681107045849785e-06,2.478668314627915e-06,5.591104581981198e-06,0.8691037476417028,0.026989388899327598,0.018173267515096216,0.04099323764844974,0.026989388899327598,0.046174034919448076,colmax,10,True,-0.014049974087581458,12,12.342004532927422
cond_embed,SpecDiv> Z500,72,0.0004235520852186407,0.0004482269675160448,2.467488229740411e-05,1.813522685552016e-05,3.387927426956593e-05,5.825701999475875,0.1809129661471272,0.1329650793320442,0.24839834796958823,0.1809129661471272,0.3095098465332979,colmax,4,True,0.4423458317560065,12,4.639559994277395
encoder_io,SpecDiv< Z500,72,0.000429140464499748,0.00037009694885152083,-5.9043515648227185e-05,-9.274099429603666e-05,-3.254314287914899e-05,-13.75855239310854,-0.4154474325948798,-0.652552741034852,-0.2289830645969798,0.4154474325948798,-1.2977222708860523,share,2,True,0.4299358126830711,12,4.783970152455596
enc0_attn,SpecDiv< Z500,72,0.000429140464499748,0.00044828548804313567,1.914502354338765e-05,1.6735257789453804e-05,2.412099129287526e-05,4.461248734888036,0.1347099811172532,0.11775416497663792,0.16972234451573281,0.1347099811172532,0.42079004199063036,share,5,True,-0.2195495049212053,12,18.75147001806559
enc0_mlp,SpecDiv< Z500,72,0.000429140464499748,0.0004280024901769745,-1.1379743227735162e-06,-1.0504017518542242e-05,6.342707577762965e-06,-0.2651752554026945,-0.008007119927814622,-0.07390933724220133,0.044629144283701405,0.008007119927814622,-0.02501163093265104,share,18,False,0.383060524902068,12,5.352819755808876
enc1_attn,SpecDiv< Z500,72,0.000429140464499748,0.0005056039129461473,7.646344844639923e-05,3.774386714212597e-05,0.00011838581479726902,17.817813693130333,0.538019171041034,0.2655768805133692,0.8329971932261641,0.538019171041034,1.6805964019627135,share,1,True,-0.12980630179187413,12,15.58006642592334
enc1_mlp,SpecDiv< Z500,72,0.000429140464499748,0.00043319264780924033,4.052183309492345e-06,-3.438501365356691e-05,3.888387169960571e-05,0.9442557029004484,0.028512346086609852,-0.24194300568454005,0.2735982857659482,0.028512346086609852,0.089063269161867,share,12,False,0.16423985245648717,12,8.614308941032395
enc2_attn,SpecDiv< Z500,72,0.000429140464499748,0.0004313855727862877,2.2451082865397134e-06,1.4125556238771726e-06,3.5244374885223806e-06,0.5231639689715235,0.01579723807602265,0.009939154213538947,0.024798972247373843,0.01579723807602265,0.04934541908635298,share,14,True,-0.09732593072392591,12,14.587669699260887
enc2_mlp,SpecDiv< Z500,72,0.000429140464499748,0.00042788950668182224,-1.2509578179257612e-06,-2.957948405916492e-06,-2.1995353260232831e-07,-0.29150311411067037,-0.008802104821096559,-0.020812989495875685,-0.0015476573406339024,0.008802104821096559,-0.027494904435115947,share,17,True,-0.5509943899218922,12,41.45144795813359
downsample,SpecDiv< Z500,72,0.000429140464499748,0.00043959332348701235,1.0452858987264335e-05,-4.32924656100416e-06,2.1611873307847415e-05,2.4357663403867784,0.07354937086415979,-0.030461844100799135,0.15206745703972335,0.07354937086415979,0.22974424461819198,share,6,False,0.40092170265141874,12,5.131578413395276
dec0_attn,SpecDiv< Z500,72,0.000429140464499748,0.00043102593432801467,1.8854698282666504e-06,9.460871903381e-07,3.1851761984095593e-06,0.4393596000005629,0.01326671677302143,0.0066569459816485125,0.022411830655129746,0.01326671677302143,0.04144089592840496,share,16,True,0.07870698907952434,12,10.248859275936956
dec0_mlp,SpecDiv< Z500,72,0.000429140464499748,0.0004195166572268742,-9.623807272873819e-06,-1.7604363286712517e-05,-4.545869220843696e-06,-2.242577447011984,-0.06771592069693105,-0.12386944526654169,-0.03198606444716856,0.06771592069693105,-0.211522449021013,share,7,True,0.25110309045914336,12,7.1830714695079365
dec1_attn,SpecDiv< Z500,72,0.000429140464499748,0.0004337117910229911,4.5713265232431395e-06,1.6796311077390177e-06,8.349808194907381e-06,1.065228497753519,0.03216518946719026,0.011818375375444308,0.05875169083597947,0.03216518946719026,0.10047356041683893,share,9,True,0.2862303320628858,12,6.65917744414272
dec1_mlp,SpecDiv< Z500,72,0.000429140464499748,0.00042847000319549505,-6.704613042529672e-07,-3.0714845706825145e-06,1.5330553651438062e-06,-0.15623353184243033,-0.004717561690696397,-0.021611863134087462,0.010787025611235325,0.004717561690696397,-0.01473612397134603,share,19,False,-0.2978158894024093,12,22.179070186556775
dec2_attn,SpecDiv< Z500,72,0.000429140464499748,0.0004334474142524414,4.306949752693375e-06,3.5818151445710104e-06,5.394135951064527e-06,1.0036223821759656,0.030304957240894582,0.025202698204949525,0.03795471708170184,0.030304957240894582,0.09466280170302134,share,10,True,-0.0938210856233954,12,14.484836072918917
dec2_mlp,SpecDiv< Z500,72,0.000429140464499748,0.0004324562917948545,3.315827295106525e-06,3.9568112697452307e-07,7.093840940797236e-06,0.7726671263619495,0.02333112995654405,0.002784128054081244,0.049914338157794766,0.02333112995654405,0.07287883995438874,share,13,True,0.4362691503968809,12,4.709959963540354
upsample,SpecDiv< Z500,72,0.000429140464499748,0.00043106788022366044,1.927415723912418e-06,-1.8277205526828766e-08,3.7015515772509376e-06,0.4491339976898286,0.013561860354202305,-0.00012860375991784203,0.02604519874033963,0.013561860354202305,0.04236282820757488,share,15,False,-0.28422998432467567,12,21.53032325244325
decoder_io,SpecDiv< Z500,72,0.000429140464499748,0.00039239389055486146,-3.674657394488653e-05,-5.2109936526297436e-05,-2.3435595600555344e-05,-8.562831283626974,-0.2585596341013171,-0.3666607434339395,-0.16489970010576283,0.2585596341013171,-0.8076559612600271,share,3,True,-0.2921529553854537,12,21.905630012298843
decoder_heads,SpecDiv< Z500,72,0.000429140464499748,0.0004375304282196642,8.389963719916219e-06,-2.0135975319135468e-06,1.4551083101347704e-05,1.9550623662805737,0.05903423684609196,-0.014168260743429957,0.10238567350809769,0.05903423684609196,0.1844037004186789,share,8,False,-0.23046255937520704,12,19.187566365210543
film,SpecDiv< Z500,72,0.000429140464499748,0.00043325010968449834,4.1096451847503585e-06,2.831849815265741e-06,6.212513289938213e-06,0.9576456952249889,0.028916664635157286,0.019925722957551587,0.043713059223022335,0.028916664635157286,0.0903262284289519,share,11,True,0.009513616751252198,12,11.77382494080185
cond_embed,SpecDiv< Z500,72,0.000429140464499748,0.00045427346776705235,2.513300326730435e-05,1.8505517800804228e-05,3.461028736637672e-05,5.856591336965174,0.17684315654590985,0.1302102318057648,0.243528097368029,0.17684315654590985,0.5524003392438924,share,4,True,0.4303111211098398,12,4.77956609984083
encoder_io,SpecRes Z500,72,0.0002822368751367321,0.0002360225104591033,-4.6214364677628815e-05,-7.638786963373907e-05,-2.240882622572827e-05,-16.374318435618967,-0.8268699915082028,-1.3667360258217514,-0.4009399692114826,0.8268699915082028,1.2659696550185073,share,1,True,0.7898434119577425,12,1.4089942391936072
enc0_attn,SpecRes Z500,72,0.0002822368751367321,0.00028717668586371775,4.9398107269856455e-06,2.6979123504133895e-06,7.664229800260118e-06,1.7502357636976071,0.08838336916166653,0.04827119831328286,0.13712882723941747,0.08838336916166653,-0.1353183263585136,share,7,True,0.16033316348928708,12,8.683714604716272
enc0_mlp,SpecRes Z500,72,0.0002822368751367321,0.000284067255051923,1.8303799151908606e-06,-2.5403807285329093e-06,4.9672082847488725e-06,0.6485261411373398,0.03274925957520069,-0.04545263374455601,0.0888735677939111,0.03274925957520069,-0.05014037185084745,share,11,False,-0.26511750289242286,12,20.6582822348628
enc1_attn,SpecRes Z500,72,0.0002822368751367321,0.0003114143000857439,2.9177424949011765e-05,1.4785292175171586e-05,4.2268949876718876e-05,10.337920916562199,0.5220441152466893,0.26453927259652416,0.7562784097417665,0.5220441152466893,-0.7992695529775273,share,2,True,-0.04614212052006061,12,13.160981018561419
enc1_mlp,SpecRes Z500,72,0.0002822368751367321,0.00027195225629839115,-1.0284618838340975e-05,-2.593258068372961e-05,-5.434500811437305e-07,-3.6439670873476406,-0.18401297412275566,-0.4639871805945486,-0.009723439175568142,0.18401297412275566,0.2817309175100274,share,4,True,-0.15940140741333414,12,16.551082777985492
enc2_attn,SpecRes Z500,72,0.0002822368751367321,0.0002831750231659195,9.381480291873837e-07,3.5628819811487725e-07,1.8206948728523756e-06,0.33239739801288887,0.01678539688555144,0.006374728321048015,0.03257597425726887,0.01678539688555144,-0.02569908609912285,share,16,True,-0.2562384810605713,12,20.268407801230357
enc2_mlp,SpecRes Z500,72,0.0002822368751367321,0.00028328193244912353,1.045057312391388e-06,-1.4040839838950583e-07,2.0566732321943462e-06,0.37027667340956094,0.018698223746024006,-0.0025121948985747243,0.03679811222987351,0.018698223746024006,-0.02862769735062764,share,15,False,-0.14007855392444135,12,15.909526049768031
downsample,SpecRes Z500,72,0.0002822368751367321,0.0002833758499036776,1.1389747669454664e-06,-7.028161477743803e-06,6.984015271882524e-06,0.4035527839491846,0.02037860008336647,-0.12574825732124442,0.12495839094267867,0.02037860008336647,-0.031200417940241146,share,13,False,0.253493677064204,12,7.1464866868815635
dec0_attn,SpecRes Z500,72,0.0002822368751367321,0.0002826237105182372,3.8683538150507957e-07,-2.560546060218864e-07,1.2051168596372008e-06,0.13706053871156057,0.006921280230755066,-0.004581343298427804,0.02156201809644204,0.006921280230755066,-0.010596745360214809,share,17,False,0.07229496691381763,12,10.381901193730892
dec0_mlp,SpecRes Z500,72,0.0002822368751367321,0.0002877553312525076,5.5184561157754315e-06,2.727683749981225e-07,9.964242781279596e-06,1.9552569497171366,0.0987365247454862,0.004880386985555248,0.17828078783328344,0.0987365247454862,-0.151169404445039,share,6,True,0.1440180173573048,12,8.978690576430155
dec1_attn,SpecRes Z500,72,0.0002822368751367321,0.0002820463923853822,-1.9048275134991854e-07,-1.4143766293273075e-06,9.266778761229938e-07,-0.06749038418797597,-0.0034081280158203735,-0.025306105572136077,0.016580172266905085,0.0034081280158203735,0.005217974642636703,share,19,False,0.31779600507393907,12,6.212227012065806
dec1_mlp,SpecRes Z500,72,0.0002822368751367321,0.0002843923436254651,2.1554684887329736e-06,2.9668381102965223e-07,4.103869954027079e-06,0.7637090255087108,0.03856576247249796,0.005308283301478823,0.07342667020758117,0.03856576247249796,-0.05904566076195498,share,9,True,0.2583469559054201,12,7.072641203896938
dec2_attn,SpecRes Z500,72,0.0002822368751367321,0.0002836219039939654,1.3850288572333132e-06,6.594565547857201e-07,2.017074317942994e-06,0.49073277776418256,0.024781013596266232,0.011799033474967479,0.03608960624652501,0.024781013596266232,-0.037940681794790806,share,12,True,0.2369250738317747,12,7.4029537501833085
dec2_mlp,SpecRes Z500,72,0.0002822368751367321,0.00028596441249343724,3.7275373567050942e-06,2.2236557015276047e-06,5.14881310967515e-06,1.3207123820724191,0.06669330637747052,0.03978577188856936,0.09212285145478398,0.06669330637747052,-0.10211000874844589,share,8,True,0.2997085339166847,12,6.465678553079712
upsample,SpecRes Z500,72,0.0002822368751367321,0.0002801583298908857,-2.078545245846423e-06,-3.847609150398057e-06,-3.6595444422952607e-07,-0.736454173409996,-0.03718944751856383,-0.06884163761006097,-0.006547677335894149,0.03718944751856383,0.05693846980651744,share,10,True,0.18393987228211708,12,8.27129971874207
decoder_io,SpecRes Z500,72,0.0002822368751367321,0.00026187480640752864,-2.0362068729203504e-05,-2.910703427308666e-05,-1.1162317756922372e-05,-7.214531665764412,-0.36431926987749325,-0.5207846813453373,-0.19971681214837006,0.36431926987749325,0.5577867683432906,share,3,True,0.35817992591266234,12,5.670707350406913
decoder_heads,SpecRes Z500,72,0.0002822368751367321,0.00028201472499252606,-2.2215014420604953e-07,-3.338587536442598e-06,2.016975167862254e-06,-0.0787105313926208,-0.0039747227757979215,-0.05973419449048506,0.03608783224774797,0.0039747227757979215,0.006085452940543895,share,18,False,-0.19441798771647995,12,17.79212499043901
film,SpecRes Z500,72,0.0002822368751367321,0.00028332005967968144,1.0831845429493114e-06,6.329416464723182e-07,1.9233512527231746e-06,0.38378562065093486,0.019380398282611816,0.011324627255929778,0.034412707933997755,0.019380398282611816,-0.02967213271727005,share,14,True,-0.30799733871091206,12,22.68194754524776
cond_embed,SpecRes Z500,72,0.0002822368751367321,0.0002909633209734845,8.726445836752342e-06,5.044534100306918e-06,1.4078118950540857e-05,3.0918872073412587,0.15613405583448614,0.0902570856005466,0.2518864898021672,0.15613405583448614,-0.23904722487375926,share,5,True,0.363781652008233,12,5.5981250111840595
encoder_io,|RQE| Z500,72,0.0051304475249101715,0.004520754562690854,-0.0006096929622193178,-0.0009153779203188606,-0.0003770081345768028,-11.883816358300884,-0.3926057616137867,-0.5894485713974075,-0.2427706648791441,0.3926057616137867,-0.5604962580055323,colmax,3,True,-0.059810551066115616,12,13.52677019212935
enc0_attn,|RQE| Z500,72,0.0051304475249101715,0.005170652157782267,4.020463287209471e-05,1.0183663107454777e-05,6.617092731175943e-05,0.7836476774567275,0.025889376271778956,0.006557669282858297,0.04261011512968502,0.025889376271778956,0.036960482858893834,colmax,14,True,0.1233116463736291,12,9.365397641410429
enc0_mlp,|RQE| Z500,72,0.0051304475249101715,0.0049812607079123454,-0.0001491868169978261,-0.0002731383816959957,-8.232629043050114e-05,-2.9078714142084165,-0.09606737741725621,-0.17588476334279696,-0.0530132016575221,0.09606737741725621,-0.1371487910351809,colmax,7,True,0.23733274566502657,12,7.396560936485013
enc1_attn,|RQE| Z500,72,0.0051304475249101715,0.004706959521475558,-0.00042348800343461335,-0.0006616213475354016,-0.0001916629104622796,-8.25440668437649,-0.27270091738887436,-0.42604453248656177,-0.12341943830424305,0.27270091738887436,-0.38931635420444755,colmax,5,True,0.018319150996192093,12,11.568249675478944
enc1_mlp,|RQE| Z500,72,0.0051304475249101715,0.004580635732660691,-0.0005498117922494808,-0.0007109715506279221,-0.00038540736713912346,-10.716643910301128,-0.35404587360596745,-0.45782310837893764,-0.24817926773573243,0.35404587360596745,-0.5054469565162795,colmax,4,True,-0.31746750817539565,12,23.163161149795442
enc2_attn,|RQE| Z500,72,0.0051304475249101715,0.0051308138645254076,3.6633961523572606e-07,-9.587443491909653e-06,9.781719806293646e-06,0.0071405001894477085,0.00023590077721314843,-0.006173739549770825,0.006298841863720137,0.00023590077721314843,0.00033677932372942374,colmax,19,False,-0.3503285873047995,12,24.941751677874464
enc2_mlp,|RQE| Z500,72,0.0051304475249101715,0.005085470135478924,-4.4977389431248106e-05,-6.370031963645792e-05,-3.0326171933362882e-05,-0.876675752219795,-0.02896274572167851,-0.04101919171721876,-0.019528238911253312,0.02896274572167851,-0.04134812115807852,colmax,13,True,0.1188865567918209,12,9.449895750660467
downsample,|RQE| Z500,72,0.0051304475249101715,0.005019780151390781,-0.00011066737351939082,-0.00020334161429976422,-3.2038217856704e-05,-2.157070567081348,-0.07126316221237365,-0.13093982429998652,-0.020630693975199628,0.07126316221237365,-0.10173751803716284,colmax,9,True,0.06540385959303566,12,10.526668909541543
dec0_attn,|RQE| Z500,72,0.0051304475249101715,0.0051263435937774675,-4.1039311327040195e-06,-1.5001588811477026e-05,7.480402321865161e-06,-0.07999167933748381,-0.0026426859219447637,-0.009660124957499775,0.004816931197734527,0.0026426859219447637,-0.003772781031652405,colmax,18,False,0.2736122529912052,12,6.84403981167236
dec0_mlp,|RQE| Z500,72,0.0051304475249101715,0.0049666947646376984,-0.0001637527602724731,-0.00025013734217888364,-0.0001195156728499569,-3.191783162724001,-0.10544697273380652,-0.16107347110702372,-0.07696093717933157,0.10544697273380652,-0.15053939451212198,colmax,6,True,0.10714004034988871,12,9.677474506671528
dec1_attn,|RQE| Z500,72,0.0051304475249101715,0.0051772779746291535,4.683044971898198e-05,2.73853632582662e-05,6.560762703884393e-05,0.912794634222517,0.030156005592899257,0.017634534208735453,0.042247383482168166,0.030156005592899257,0.04305165625114045,colmax,12,True,0.1631322587429032,12,8.63393893480253
dec1_mlp,|RQE| Z500,72,0.0051304475249101715,0.005055233331707616,-7.521419320255518e-05,-9.69181138013179e-05,-5.2518011458839006e-05,-1.46603571788549,-0.048433436887587625,-0.062409462206405725,-0.033818454804177445,0.048433436887587625,-0.06914508851386834,colmax,10,True,-0.14938874172354044,12,16.21500393567527
dec2_attn,|RQE| Z500,72,0.0051304475249101715,0.0051061516666474445,-2.429585826272766e-05,-3.586720801346625e-05,-1.414203288732097e-05,-0.47356216284763686,-0.01564507797921335,-0.023096334371039685,-0.009106622409226078,0.01564507797921335,-0.02233540238306555,colmax,15,True,-0.11322387613602548,12,15.064328136648658
dec2_mlp,|RQE| Z500,72,0.0051304475249101715,0.005011084314901382,-0.00011936321000879009,-0.00012945323639238873,-0.00010785827665434529,-2.3265652641263492,-0.07686276023850515,-0.08336013307780481,-0.06945427202913519,0.07686276023850515,-0.10973167922084237,colmax,8,True,-0.41028783599761837,12,28.697820843836404
upsample,|RQE| Z500,72,0.0051304475249101715,0.0051444485822382075,1.4001057328035435e-05,-3.53378073972029e-05,7.326031530586382e-05,0.27290128707203914,0.009015842590117198,-0.022755432072626546,0.04717525651276658,0.009015842590117198,0.012871298713895753,colmax,16,False,0.27265137193928507,12,6.858267495070895
decoder_io,|RQE| Z500,72,0.0051304475249101715,0.006218220999774833,0.0010877734748646617,0.0006333609145561544,0.0017003654172488797,21.202311681059587,0.7004609861461583,0.40784650577330345,1.0949335174064256,0.7004609861461583,1.0,colmax,1,True,0.7112695411875959,12,2.024675495214128
decoder_heads,|RQE| Z500,72,0.0051304475249101715,0.005830314844691505,0.0006998673197813332,0.000594593642745167,0.0008173562377730074,13.641447775914775,0.4506726485921112,0.38288270396125895,0.5263284769969474,0.4506726485921112,0.6433943610073863,colmax,2,True,0.4417928428225185,12,4.645941973894475
film,|RQE| Z500,72,0.0051304475249101715,0.005139691658162822,9.2441332526505e-06,1.7433315709543728e-06,1.5610867800811928e-05,0.18018181080240858,0.005952668311776665,0.001122601147745731,0.010052464145363092,0.005952668311776665,0.008498215360326408,colmax,17,True,-0.3549475426810871,12,25.20627636975955
cond_embed,|RQE| Z500,72,0.0051304475249101715,0.005080001661553979,-5.044586335619291e-05,-0.00011958837664375703,1.840835708814355e-05,-0.9832643860259767,-0.03248411549828385,-0.07700775406931701,0.011853879743570633,0.03248411549828385,-0.04637533872800977,colmax,11,False,-0.14388099075122132,12,16.033485696175994
encoder_io,SpecDiv> T850,72,0.0008108405988120163,0.0007621409167768434,-4.869968203517298e-05,-0.00010827973613534899,-3.68302668600068e-07,-6.006073463332268,-0.14531637492321312,-0.3230990034281252,-0.0010989888730044005,0.14531637492321312,-0.17163349848902354,share,5,True,0.1028512183522246,12,9.76177493448166
enc0_attn,SpecDiv> T850,72,0.0008108405988120163,0.000823333757580258,1.2493158768241605e-05,7.491444921470247e-06,1.8289751339276938e-05,1.5407663092530959,0.03727869398058537,0.022353936893031803,0.05457531244148844,0.03727869398058537,0.04402994962109737,share,9,True,0.225242936916901,12,7.587952133306391
enc0_mlp,SpecDiv> T850,72,0.0008108405988120163,0.0007994892536468493,-1.1351345165167004e-05,-2.3376392891805154e-05,5.852900964479444e-07,-1.3999478050060832,-0.03387160369369241,-0.06975348774073009,0.0017464638687547224,0.03387160369369241,-0.04000582759137835,share,10,False,0.12530136876793627,12,9.32762001905053
enc1_attn,SpecDiv> T850,72,0.0008108405988120163,0.00100944808703692,0.00019860748822490373,0.00015880846755559713,0.00023975123622221872,24.494023673196523,0.5926305679080854,0.4738731311556111,0.7154005750183133,0.5926305679080854,0.6999573016829596,share,2,True,0.24981968209595365,12,7.202770082602543
enc1_mlp,SpecDiv> T850,72,0.0008108405988120163,0.0010131978585074346,0.00020235725969541818,0.00013368383297347465,0.0002966855020834675,24.956478497980623,0.6038196183107573,0.39890301500356895,0.8852883602793271,0.6038196183107573,0.7131727143740301,share,1,True,0.17297239728657762,12,8.460839535115149
enc2_attn,SpecDiv> T850,72,0.0008108405988120163,0.0008118184002038712,9.778013918548822e-07,-6.086989742470905e-07,2.510788059832217e-06,0.12059107465604023,0.002917689556096072,-0.0018163142891401277,0.0074920123460311076,0.002917689556096072,0.0034460897217004583,share,18,False,0.4565665653829626,12,4.477104837079578
enc2_mlp,SpecDiv> T850,72,0.0008108405988120163,0.0008035729139616402,-7.267684850376099e-06,-1.0208812091150322e-05,-4.392768096295187e-06,-0.8963148689180307,-0.021686252813277903,-0.030462366556865392,-0.013107706435761191,0.021686252813277903,-0.025613682156791415,share,11,True,-0.24081663742442885,12,19.61291617163301
downsample,SpecDiv> T850,72,0.0008108405988120163,0.0008086264667023594,-2.21413210965693e-06,-3.0198269450920633e-05,2.181950731028336e-05,-0.27306626146999946,-0.006606812166536324,-0.09010948043547343,0.06510785229872526,0.006606812166536324,-0.007803320765479232,share,16,False,-0.023240583558185455,12,12.571045434533243
dec0_attn,SpecDiv> T850,72,0.0008108405988120163,0.0008141498886592066,3.3092898471901813e-06,1.8363247363595291e-06,5.270350569238264e-06,0.4081307536942166,0.009874684681032394,0.0054794619331777735,0.01572634989162875,0.009874684681032394,0.011663012369921308,share,12,True,0.4106344026948569,12,5.013621640129238
dec0_mlp,SpecDiv> T850,72,0.0008108405988120163,0.0007941303580688933,-1.6710240743122995e-05,-2.3337044088596787e-05,-1.0323279639123946e-05,-2.0608539788961733,-0.049862165570834976,-0.06963607372074375,-0.030803929549121936,0.049862165570834976,-0.0588923163248705,share,6,True,0.23031465609631907,12,7.507204828519156
dec1_attn,SpecDiv> T850,72,0.0008108405988120163,0.0008140856613560269,3.2450625440105796e-06,-7.267620579417173e-07,7.866172988239365e-06,0.40020967731080626,0.009683034993003364,-0.0021686061033324242,0.023472098695516322,0.009683034993003364,0.011436654490720607,share,13,False,0.7204926302356213,12,1.9494930569468367
dec1_mlp,SpecDiv> T850,72,0.0008108405988120163,0.0008081133273662999,-2.7272714457164207e-06,-4.792848024711324e-06,-7.370477154230093e-07,-0.3363511212576451,-0.00813798331654124,-0.014301516383739533,-0.002199297771048112,0.00813798331654124,-0.009611790467532232,share,15,True,-0.486756752384277,12,34.761452998149046
dec2_attn,SpecDiv> T850,72,0.0008108405988120163,0.0008117610705085099,9.204716964935263e-07,-9.63876664172858e-07,3.1670789515677197e-06,0.11352067198437442,0.002746621837433198,-0.0028761391626646897,0.009450337519761114,0.002746621837433198,0.003244041252984116,share,19,False,0.07074586055268103,12,10.414282309354016
dec2_mlp,SpecDiv> T850,72,0.0008108405988120163,0.0008137254335451871,2.8848347331707678e-06,-2.8444859102213134e-07,5.916683342851077e-06,0.35578321280377606,0.008608140919157887,-0.0008487742911647315,0.0176549607517088,0.008608140919157887,0.010167094673413691,share,14,False,0.39675055151217786,12,5.18273887489548
upsample,SpecDiv> T850,72,0.0008108405988120163,0.0008234568182767058,1.2616219464689493e-05,8.162474235480962e-06,1.935510372277349e-05,1.5559432375702258,0.037645898314494934,0.0243562404667763,0.05775424790709807,0.037645898314494934,0.0444636554888809,share,8,True,0.19207012866952183,12,8.133043705060015
decoder_io,SpecDiv> T850,72,0.0008108405988120163,0.0007605721887860758,-5.026841002594059e-05,-8.266401224924873e-05,-1.7287204779374104e-05,-6.199542807746695,-0.1499973472690753,-0.24666351184783958,-0.051583785070291294,0.1499973472690753,-0.1771622054945157,share,4,True,-0.11628921147707807,12,15.158206408359902
decoder_heads,SpecDiv> T850,72,0.0008108405988120163,0.0007585223429487087,-5.231825586330766e-05,-7.171314191509737e-05,-4.128124237468001e-05,-6.452347840002153,-0.1561139409261444,-0.2139868964632936,-0.12318028051769242,0.1561139409261444,-0.18438652807174263,share,3,True,-0.22694452191799377,12,19.045637318999844
film,SpecDiv> T850,72,0.0008108405988120163,0.0008129343453523082,2.0937465402918556e-06,-5.511668859981001e-07,4.94934053373678e-06,0.2582192533722976,0.0062475902208865616,-0.0016446426445477157,0.014768478859958436,0.0062475902208865616,0.007379042914490439,share,17,False,0.6282513969202258,12,2.739738621072315
cond_embed,SpecDiv> T850,72,0.0008108405988120163,0.0008272470295196399,1.640643070762356e-05,8.721049258989903e-06,2.8900770242519974e-05,2.023385451056724,0.04895561811140424,0.02602298846485036,0.08623783541540235,0.04895561811140424,0.05782159107390927,share,7,True,0.1071663890149751,12,9.67695861988038
encoder_io,SpecDiv< T850,72,0.0007964954905522367,0.0007505073396411414,-4.598815091109524e-05,-0.00010593283271494633,2.712960485951025e-06,-5.7738118365504025,-0.1351694042494322,-0.31136015701556374,0.007973994287075733,0.1351694042494322,-0.15512315394334134,share,4,False,0.06016910727096816,12,10.637897893270578
enc0_attn,SpecDiv< T850,72,0.0007964954905522367,0.0008088580070761964,1.2362516523959735e-05,7.186927905422635e-06,1.846313534770161e-05,1.552113812394392,0.036336185744842375,0.02112397963635501,0.054267261372393016,0.036336185744842375,0.041700144839061884,share,8,True,0.23964730736136175,12,7.360345363944643
enc0_mlp,SpecDiv< T850,72,0.0007964954905522367,0.0007873314001092998,-9.164090442936867e-06,-2.133374764525797e-05,2.6437552151037207e-06,-1.1505514534153984,-0.026935300096200168,-0.06270462939882028,0.007770584603363186,0.026935300096200168,-0.030911497513317683,share,10,False,0.0937874575249205,12,9.942105694198082
enc1_attn,SpecDiv< T850,72,0.0007964954905522367,0.0009881360795892153,0.00019164058903697878,0.000150064604288976,0.00023602608428821738,24.06047382692751,0.5632743160345032,0.44107324949596655,0.6937331588356485,0.5632743160345032,0.6464250465831108,share,2,True,0.2800809226098764,12,6.748814685143429
enc1_mlp,SpecDiv< T850,72,0.0007964954905522367,0.0009927138695881392,0.00019621837903590253,0.00012666389520745727,0.0002936365265971593,24.635215310491947,0.5767294590370944,0.3722933607007413,0.8630630625428054,0.5767294590370944,0.6618664420002945,share,1,True,0.1808046172604507,12,8.325123775076083
enc2_attn,SpecDiv< T850,72,0.0007964954905522367,0.0007973253353460071,8.298447937704623e-07,-7.675944895405943e-07,2.4281747149264743e-06,0.10418700464896587,0.002439098423641641,-0.002256130933747041,0.007136945563753037,0.002439098423641641,0.00279915889512484,share,19,False,0.3884836412773807,12,5.285043400237989
enc2_mlp,SpecDiv< T850,72,0.0007964954905522367,0.0007890415048071494,-7.453985745087266e-06,-1.0467484874728447e-05,-4.619360212624695e-06,-0.9358478275776767,-0.021908922026350072,-0.030766266233279393,-0.01357732710673885,0.021908922026350072,-0.02514312394212125,share,11,True,-0.2428232604290988,12,19.696694768517336
downsample,SpecDiv< T850,72,0.0007964954905522367,0.0007941375321631009,-2.3579583891356983e-06,-3.0497069625804823e-05,2.2362622985383492e-05,-0.29604164958935897,-0.006930564164681969,-0.08963767081313417,0.06572872286673455,0.006930564164681969,-0.007953656212379749,share,16,False,-0.04482724507392559,12,13.126344816920033
dec0_attn,SpecDiv< T850,72,0.0007964954905522367,0.0007994962991991391,3.000808646902442e-06,1.4784146818177153e-06,5.038600769087982e-06,0.3767514923181652,0.008820044055532732,0.004345389580051614,0.014809568350008124,0.008820044055532732,0.010122061715154776,share,13,True,0.4283657337688677,12,4.802419319227089
dec0_mlp,SpecDiv< T850,72,0.0007964954905522367,0.0007825413267710246,-1.3954163781212022e-05,-2.0827901062148156e-05,-7.235948699720519e-06,-1.7519451078796617,-0.04101439104937721,-0.06121783378025437,-0.02126806265404121,0.04101439104937721,-0.047068948272527944,share,7,True,0.2842253775138665,12,6.6883084700145305
dec1_attn,SpecDiv< T850,72,0.0007964954905522367,0.0007995589257916436,3.0634352394069233e-06,-1.0370989912189545e-06,7.850913486133019e-06,0.3846142603121258,0.009004117540360764,-0.003048264607588994,0.023075580942272758,0.009004117540360764,0.010333308185333592,share,12,False,0.7434249825515448,12,1.766006705304531
dec1_mlp,SpecDiv< T850,72,0.0007964954905522367,0.0007940698827345235,-2.4256078177131712e-06,-4.5110159286802325e-06,-4.4012970950764915e-07,-0.3045350345965446,-0.007129400881911784,-0.013258879158202806,-0.0012936391102489695,0.007129400881911784,-0.008181845267940812,share,15,True,-0.4833404674027301,12,34.45225431020495
dec2_attn,SpecDiv< T850,72,0.0007964954905522367,0.000797381297161337,8.858066091003517e-07,-1.1497452457357818e-06,3.349627089240433e-06,0.11121300994261657,0.0026035826459684165,-0.0033793570044849935,0.009845299042044174,0.0026035826459684165,0.002987924329750586,share,18,False,0.103074486879593,12,9.757370227908952
dec2_mlp,SpecDiv< T850,72,0.0007964954905522367,0.0007994883587040628,2.9928681518261633e-06,-1.6949622173948833e-07,6.1763720926440625e-06,0.37575456324945533,0.008796705174372211,-0.0004981870951790929,0.018153731333957517,0.008796705174372211,0.010095277541064254,share,14,False,0.3807999879451768,12,5.381228425208311
upsample,SpecDiv< T850,72,0.0007964954905522367,0.0008084355504252017,1.1940059872965017e-05,7.384966860020844e-06,1.8914528724659854e-05,1.4990743845500718,0.035094491684418874,0.021706060171903612,0.05559400690655331,0.035094491684418874,0.040275151513426095,share,9,True,0.206954050838417,12,7.884766933197062
decoder_io,SpecDiv< T850,72,0.0007964954905522367,0.0007631489424966276,-3.334654805560907e-05,-6.457725491297121e-05,-2.227199244468267e-06,-4.186658738329931,-0.09801292170162601,-0.1898069155144936,-0.006546233954949667,0.09801292170162601,-0.11248161983093051,share,5,True,-0.17014712140321583,12,16.92078899645695
decoder_heads,SpecDiv< T850,72,0.0007964954905522367,0.0007478266464507518,-4.8668844101484865e-05,-6.951091678881009e-05,-3.6769735743291676e-05,-6.110372836855755,-0.143048557777935,-0.20430804511664907,-0.10807443170389955,0.143048557777935,-0.16416543057785046,share,3,True,-0.19560887509239616,12,17.836231724656027
film,SpecDiv< T850,72,0.0007964954905522367,0.0007984646363183856,1.9691457661489644e-06,-7.292281225090847e-07,5.01886424899566e-06,0.2472262290880882,0.0057877573857058615,-0.0021433636475630463,0.014751558327644028,0.0057877573857058615,0.00664214793957955,share,17,False,0.6288453296679137,12,2.7343640079645133
cond_embed,SpecDiv< T850,72,0.0007964954905522367,0.0008145824952710731,1.8087004718836397e-05,1.0200753968092613e-05,3.0890619988592025e-05,2.2708232417356284,0.05316172979487945,0.029982284772172674,0.09079440286315578,0.05316172979487945,0.06100948095952005,share,6,True,0.11979854856534118,12,9.432426422366968
encoder_io,SpecRes T850,72,0.0003018521923271085,0.000288885050395038,-1.2967141932070566e-05,-6.398042463236682e-05,2.0623874070224628e-05,-4.295858125826845,-0.08915911652733936,-0.43991483745215504,0.1418050639921324,0.08915911652733936,-0.13845189297739435,share,3,False,0.4313358426750712,12,4.767553277465337
enc0_attn,SpecRes T850,72,0.0003018521923271085,0.0003060688256179371,4.216633290828516e-06,1.7705587955182029e-06,8.047476543045675e-06,1.3969198826487474,0.02899261077726223,0.012173959288413996,0.05533261705710887,0.02899261077726223,0.04502155248743296,share,7,True,0.047383971557571854,12,10.914232651765175
enc0_mlp,SpecRes T850,72,0.0003018521923271085,0.00030326107056074153,1.4088782336330041e-06,-2.5406844846050565e-06,6.345812880681477e-06,0.46674440982898124,0.009687126065509118,-0.01746916824145028,0.04363236502332532,0.009687126065509118,0.015042779622756085,share,12,False,-0.29598351521147576,12,22.09011084052845
enc1_attn,SpecRes T850,72,0.0003018521923271085,0.00035830331580655184,5.645112347944329e-05,9.183829388348385e-06,0.00011616634095238014,18.70157809497333,0.38814507643776724,0.06314592058083608,0.7987333202478539,0.38814507643776724,0.6027361270026256,share,2,True,0.8192531786884191,12,1.1922265032416615
enc1_mlp,SpecRes T850,72,0.0003018521923271085,0.00036924171763530467,6.738952530819613e-05,2.2824260349807445e-05,0.00012848286496591754,22.32533903055706,0.4633550377678434,0.15693441922971765,0.8834189360518144,0.4633550377678434,0.7195268930227519,share,1,True,0.7163002729697587,12,1.983567082042223
enc2_attn,SpecRes T850,72,0.0003018521923271085,0.000302374023400868,5.218310737594342e-07,-9.103091088036309e-07,1.5401026909482113e-06,0.1728763570462794,0.003587991691356064,-0.006259078240440107,0.010589395566552147,0.003587991691356064,0.005571659534144042,share,17,False,0.48699633913078716,12,4.139918686033231
enc2_mlp,SpecRes T850,72,0.0003018521923271085,0.0002984193749095236,-3.4328174175849804e-06,-5.463252212697019e-06,-1.5484578398172753e-06,-1.1372511132418528,-0.023603271233930828,-0.037564078746249924,-0.010646843668494931,0.023603271233930828,-0.03665264652767777,share,8,True,0.4433908833562471,12,4.627512530904975
downsample,SpecRes T850,72,0.0003018521923271085,0.00030198450076568406,1.3230843857551614e-07,-1.7505966904233596e-05,1.3502307698824239e-05,0.04383219401373017,0.0009097227094684175,-0.12036704397274083,0.09283879453266944,0.0009097227094684175,0.0014126747338485002,share,19,False,0.6371090078467937,12,2.6599889713916975
dec0_attn,SpecRes T850,72,0.0003018521923271085,0.00030261507466396626,7.628823368577287e-07,-3.7281167048301237e-07,1.8175182049162683e-06,0.2527337406352229,0.005245405311738284,-0.002563368192117823,0.012496841499198018,0.005245405311738284,0.00814539581738851,share,14,False,0.7724560376266337,12,1.5405332998479584
dec0_mlp,SpecRes T850,72,0.0003018521923271085,0.0002999987937073456,-1.8533986197629322e-06,-5.714285816793563e-06,2.842982091048421e-06,-0.6140086661204227,-0.01274354706509076,-0.03929012867129673,0.019547697778646143,0.01274354706509076,-0.019788982698895584,share,10,False,0.3366846225590616,12,5.954871025636832
dec1_attn,SpecRes T850,72,0.0003018521923271085,0.00030250235431594774,6.501619888391966e-07,-1.203500005431124e-06,2.9027899624149214e-06,0.21539084537594969,0.0044703658545753614,-0.008274992113682619,0.019958923089539803,0.0044703658545753614,0.0069418657224769595,share,16,False,0.5756677511478528,12,3.2316374962401317
dec1_mlp,SpecRes T850,72,0.0003018521923271085,0.0003010903504521896,-7.618418749189004e-07,-1.921606099131168e-06,6.493853864715974e-07,-0.25238904811177065,-0.0052382513322621425,-0.013212526168804294,0.004465026113455004,0.0052382513322621425,-0.008134286667372544,share,15,False,0.11429407908112338,12,9.5382998532946
dec2_attn,SpecRes T850,72,0.0003018521923271085,0.00030156590037222486,-2.862919548836847e-07,-1.4343618659040658e-06,1.0721003642781086e-06,-0.09484508052651092,-0.0019684783200517,-0.00986234572078073,0.007371518088443691,0.0019684783200517,-0.0030567771453023393,share,18,False,0.471049005524683,12,4.314888157950833
dec2_mlp,SpecRes T850,72,0.0003018521923271085,0.00030351114461761125,1.6589522905026872e-06,-1.5349693664271859e-09,3.741104592336341e-06,0.5495909364490976,0.01140657836222261,-1.0554099995520352e-05,0.025722983679551586,0.01140657836222261,0.01771285347091174,share,11,False,0.44151941190463984,12,4.649099416767106
upsample,SpecRes T850,72,0.0003018521923271085,0.00030448200353324256,2.629811206134036e-06,-3.341885227807017e-08,4.769922255339525e-06,0.8712248156489072,0.01808198329291885,-0.00022978042193717418,0.03279689976542564,0.01808198329291885,0.02807884278353718,share,9,False,0.055611668454763695,12,10.73563348833755
decoder_io,SpecRes T850,72,0.0003018521923271085,0.0002937678630890635,-8.08432923804503e-06,-2.025736249985736e-05,2.8746967473125453e-06,-2.6782410211168104,-0.055586007800034844,-0.1392850138544707,0.019765760536676436,0.055586007800034844,-0.08631745471155682,share,6,False,-0.47241771782364717,12,33.49053448306972
decoder_heads,SpecRes T850,72,0.0003018521923271085,0.00028951987345256686,-1.233231887454167e-05,-2.2344986336975123e-05,-7.31213594917796e-07,-4.085548883864819,-0.08479421767322287,-0.15363904020305968,-0.005027658250150764,0.08479421767322287,-0.13167380305742551,share,4,True,0.5172152657163464,12,3.81845407327121
film,SpecRes T850,72,0.0003018521923271085,0.00030267320047035656,8.210081432480365e-07,-1.6647248533748402e-07,1.7670136003289372e-06,0.27199012103193,0.0056450651267035004,-0.001144626919066236,0.012149583333199827,0.0056450651267035004,0.008766012755780471,share,13,False,0.4669003281262952,12,4.36102981219981
cond_embed,SpecRes T850,72,0.0003018521923271085,0.00031129316751806374,9.440975190955214e-06,4.642165413315524e-06,1.6079038080836956e-05,3.1276815047029047,0.06491399659166738,0.03191847279787536,0.11055580616043709,0.06491399659166738,0.10080254335055684,share,5,True,0.21090758641796245,12,7.81984444493855
encoder_io,|RQE| T850,72,0.004121761167577158,0.004014366529493903,-0.00010739463808325429,-0.00034078091654616096,0.00020085913735480657,-2.6055521830825223,-0.0692391328268183,-0.21970719922993692,0.12949727043177325,0.0692391328268183,-0.0584891816606278,colmax,7,False,-0.015966319017107284,12,12.389409086107527
enc0_attn,|RQE| T850,72,0.004121761167577158,0.0040268495892329765,-9.491157834418118e-05,-0.0001426961583395799,-2.6634620735421783e-05,-2.302694758026745,-0.06119109386710081,-0.0919986177847314,-0.017171788795099552,0.06119109386710081,-0.05169066767715396,colmax,9,True,0.004089978885978481,12,11.902240341674966
enc0_mlp,|RQE| T850,72,0.004121761167577158,0.004209036114237581,8.727494666042428e-05,-7.067736199436088e-05,0.00018245092117770878,2.1174188195801262,0.056267628739435555,-0.045566886227439346,0.11762918327454673,0.056267628739435555,0.04753161145425106,colmax,10,False,0.3571959732620657,12,5.683518425356951
enc1_attn,|RQE| T850,72,0.004121761167577158,0.0028050058657148234,-0.0013167553018623341,-0.0019330154871568083,-0.0006220364620579253,-31.94642407280346,-0.8489343311105156,-1.246247656868974,-0.40103738872107125,0.8489343311105156,-0.7171302164407564,colmax,2,True,0.3508349776893352,12,5.766788983398324
enc1_mlp,|RQE| T850,72,0.004121761167577158,0.0031085525115486234,-0.001013208656028534,-0.0015058478592739752,-0.0006730262049435025,-24.581935120324196,-0.6532326936253308,-0.9708454891800438,-0.4339113351626328,0.6532326936253308,-0.5518128856361775,colmax,3,True,-0.18233405662136362,12,17.351840069100597
enc2_attn,|RQE| T850,72,0.004121761167577158,0.004112548311240971,-9.212856336186329e-06,-3.3451709896326065e-05,1.2407435375886652e-05,-0.22351747133378436,-0.005939683721277553,-0.02156688104857132,0.007999282658462014,0.005939683721277553,-0.005017498428950799,colmax,18,False,-0.07410909667459628,12,13.92098044575476
enc2_mlp,|RQE| T850,72,0.004121761167577158,0.004116156739958872,-5.60442761828502e-06,-2.861376900303488e-05,2.4112139362841836e-05,-0.1359716730404202,-0.003613268922978308,-0.01844777903288963,0.01554550254909682,0.003613268922978308,-0.003052278874626839,colmax,19,False,-0.4823695075669782,12,34.36512019837289
downsample,|RQE| T850,72,0.004121761167577158,0.0037519499892368913,-0.00036981117834026617,-0.0005815752437532258,-0.00021111121653423961,-8.97216416247736,-0.23842349818334602,-0.37495135948782216,-0.13610695863152802,0.23842349818334602,-0.20140626735300057,colmax,5,True,-0.08767059358336672,12,14.306287872781695
dec0_attn,|RQE| T850,72,0.004121761167577158,0.004099850562245895,-2.191060533126195e-05,-4.781646275660023e-05,2.688126793752114e-06,-0.5315835741191521,-0.014126136461963567,-0.03082807927101802,0.0017330806402424432,0.014126136461963567,-0.011932936302844394,colmax,17,False,0.4148844975852478,12,4.962515343803873
dec0_mlp,|RQE| T850,72,0.004121761167577158,0.004090885864570737,-3.087530300642053e-05,-7.687801019831872e-05,1.0497723997104906e-05,-0.74908035063491,-0.01990582811287625,-0.049564548608622534,0.00676805955294858,0.01990582811287625,-0.016815282760853603,colmax,16,False,0.31144448156422544,12,6.300431575550953
dec1_attn,|RQE| T850,72,0.004121761167577158,0.004086023351798455,-3.57378157787025e-05,-7.696228470498075e-05,4.8584770411252975e-06,-0.8670520761810613,-0.02304077203299202,-0.04961888180313606,0.003132342016234933,0.02304077203299202,-0.019463500567078226,colmax,14,False,0.1580246691604988,12,8.72494709236084
dec1_mlp,|RQE| T850,72,0.004121761167577158,0.004020126720812793,-0.00010163444676436484,-0.00015136238628959592,-2.5445456170321756e-05,-2.465801453122703,-0.06552544042136235,-0.09758588097447725,-0.016405114361948827,0.06552544042136235,-0.05535207088430283,colmax,8,True,0.234393007756427,12,7.442754332853228
dec2_attn,|RQE| T850,72,0.004121761167577158,0.0040877820865716785,-3.3979081005478896e-05,-6.967377363859365e-05,1.454465188241251e-05,-0.824382578805564,-0.021906886089114896,-0.04491985590349946,0.009377182153409764,0.021906886089114896,-0.018505659845419534,colmax,15,False,0.0785625881649188,12,10.25183801417953
dec2_mlp,|RQE| T850,72,0.004121761167577158,0.004043809526289503,-7.795164128765464e-05,-0.00010833376096949602,-2.999387167316551e-05,-1.891221691854503,-0.05025673666315002,-0.069844601176279,-0.019337554479758247,0.05025673666315002,-0.04245396035957821,colmax,11,True,-0.34016090789948095,12,24.372503974565774
upsample,|RQE| T850,72,0.004121761167577158,0.004177626794747387,5.586562717022995e-05,2.7331154948721333e-06,0.00011345142653832833,1.3553824420901301,0.036017511201019634,0.0017620856139371286,0.07314404640378581,0.036017511201019634,0.030425493064294613,colmax,12,True,-0.013743343392293906,12,12.334436517315444
decoder_io,|RQE| T850,72,0.004121761167577158,0.005957906503075113,0.0018361453354979556,0.0013111357300658712,0.0025653344656651218,44.54759169312262,1.1837938377829431,0.8453112984806789,1.6539143572112684,1.1837938377829431,1.0,colmax,1,True,0.5371639386354456,12,3.6131687693018724
decoder_heads,|RQE| T850,72,0.004121761167577158,0.004811863861201952,0.0006901026936247945,0.0005197448170899103,0.0008294823259348051,16.74290832407567,0.4449208351630244,0.33508824154369005,0.5347812327313337,0.4449208351630244,0.37584317552817315,colmax,4,True,-0.40854627190672327,12,28.577984143190683
film,|RQE| T850,72,0.004121761167577158,0.00408500794825765,-3.675321931950748e-05,-7.445177931610184e-05,-6.832180952187634e-06,-0.891687262440576,-0.023695419805817658,-0.048000316675626827,-0.0044048221856165404,0.023695419805817658,-0.02001650882910102,colmax,13,True,0.21500105975115313,12,7.753069190668435
cond_embed,|RQE| T850,72,0.004121761167577158,0.004012950278896217,-0.00010881088868093987,-0.00016035833177738824,-1.7600756837055088e-05,-2.6399125096542355,-0.07015221345169266,-0.10338571861673651,-0.011347504514598384,0.07015221345169266,-0.059260498925282935,colmax,6,True,-0.23263410277465973,12,19.275823028857243
encoder_io,SpecDiv> Q700,72,0.006766892891998093,0.007264654656561713,0.0004977617645636201,0.00016008373640943318,0.0007775303771874557,7.355839267859959,0.8934711554190138,0.28734670100448845,1.3956495133532223,0.8934711554190138,0.08274045370794024,share,3,True,0.0014364134953276126,12,11.965575523894186
enc0_attn,SpecDiv> Q700,72,0.006766892891998093,0.0068536678639551,8.677497195700805e-05,7.392860910234353e-05,0.00010779245931189508,1.2823458763418611,0.1557591200759477,0.13270018811328185,0.19348503646375673,0.1557591200759477,0.014424170479448245,share,5,True,-0.7483476119393329,12,83.3696493204515
enc0_mlp,SpecDiv> Q700,72,0.006766892891998093,0.006816476893921693,4.958400192360083e-05,5.456692694375913e-06,0.00012264416242639223,0.7327440040056541,0.08900216658428353,0.009794640475619341,0.22014350902298024,0.08900216658428353,0.008242101157389622,share,8,True,-0.35623400641763847,12,25.28062718325228
enc1_attn,SpecDiv> Q700,72,0.006766892891998093,0.008045769257781407,0.001278876365783314,0.0010179314219082396,0.0016415796397874754,18.89901888790934,2.295554270176257,1.8271639736471363,2.9465984772034077,2.295554270176257,0.21258123518996946,share,2,True,0.38368313159787476,12,5.345011622917483
enc1_mlp,SpecDiv> Q700,72,0.006766892891998093,0.009896240274732312,0.003129347382734219,0.0026828734126562873,0.0035311070590978485,46.24496696903092,5.617108064156359,4.815697344593029,6.338257633682006,5.617108064156359,0.5201757963152892,share,1,True,0.040256931512252216,12,11.071223342016564
enc2_attn,SpecDiv> Q700,72,0.006766892891998093,0.006765599983433883,-1.292908564209938e-06,-1.2984627392143012e-05,1.0500140100096662e-05,-0.019106384345743275,-0.002320741750279909,-0.02330711369306188,0.018847514966360585,0.002320741750279909,-0.00021491373749728626,share,19,False,0.021085226111545702,12,11.504404320289504
enc2_mlp,SpecDiv> Q700,72,0.006766892891998093,0.00677519078211238,8.297890114287535e-06,-1.0473167640157044e-05,2.538602566346524e-05,0.12262481831358465,0.014894525847022758,-0.018799100008317613,0.045567344251356265,0.014894525847022758,0.0013793168574864098,share,13,False,-0.06710234543565759,12,13.726294714727155
downsample,SpecDiv> Q700,72,0.006766892891998093,0.006805474792296688,3.858190029859543e-05,-9.487546049058437e-05,0.00019689494899163633,0.5701568048198139,0.06925364198728311,-0.17029931453202038,0.3534219984251931,0.06925364198728311,0.006413276717666182,share,9,False,-0.1374122061214437,12,15.823254827298147
dec0_attn,SpecDiv> Q700,72,0.006766892891998093,0.006773284209581713,6.391317583620548e-06,-3.8696394767612215e-06,1.4113339905937513e-05,0.09444981154021714,0.011472271099596369,-0.006945915698020587,0.025333127231325477,0.011472271099596369,0.0010623968217484704,share,14,False,-0.06354386276035706,12,13.628536186162345
dec0_mlp,SpecDiv> Q700,72,0.006766892891998093,0.0067136870153869195,-5.320587661117315e-05,-7.865574055661757e-05,-3.0339514099371952e-05,-0.7862674562809994,-0.09550335006655664,-0.14118528259612248,-0.05445874441758703,0.09550335006655664,-0.008844147309298778,share,7,True,-0.6842490059344023,12,64.00926189012715
dec1_attn,SpecDiv> Q700,72,0.006766892891998093,0.00676965294405818,2.760052060087522e-06,-1.569966358753542e-05,2.219247301885237e-05,0.04078758307747573,0.004954231278300282,-0.028180542508206737,0.039834989188336924,0.004954231278300282,0.000458789678048862,share,16,False,0.1579011613166866,12,8.72715772450632
dec1_mlp,SpecDiv> Q700,72,0.006766892891998093,0.006799694926788409,3.2802034790317215e-05,2.275676912783335e-05,4.63935585382084e-05,0.48474292875399133,0.058878913590104665,0.04084788799331383,0.08327539257152952,0.058878913590104665,0.005452518522538299,share,11,True,-0.26466634247827936,12,20.638244903526772
dec2_attn,SpecDiv> Q700,72,0.006766892891998093,0.006800249645796915,3.335675379882256e-05,1.7961461950714392e-05,4.935450269840657e-05,0.49294047255080986,0.05987462171544986,0.032240419623609524,0.08859022064447868,0.05987462171544986,0.00554472669462317,share,10,True,0.2114036299575075,12,7.811728648065756
dec2_mlp,SpecDiv> Q700,72,0.006766892891998093,0.006794233301964899,2.7340409966806572e-05,3.4541502827778458e-06,4.9157959680693844e-05,0.40403195976600775,0.04907542005378359,0.006200121953621817,0.08823743035477195,0.04907542005378359,0.004544659888044767,share,12,True,-0.3171083785807902,12,23.144669003439144
upsample,SpecDiv> Q700,72,0.006766892891998093,0.006765327843216558,-1.565048781534036e-06,-3.029194582874576e-05,2.3236603010445822e-05,-0.023128026503636833,-0.0028092273104789903,-0.0543733604432777,0.041709179004452084,0.0028092273104789903,-0.00026015024752395257,share,18,False,-0.2526535505548718,12,20.113620152767094
decoder_io,SpecDiv> Q700,72,0.006766892891998093,0.006539111801733573,-0.00022778109026451906,-0.0005322502266305188,0.00011056471557822075,-3.3661104719696704,-0.4088619263065769,-0.955377167984184,0.19846117401735747,0.4088619263065769,-0.03786291373966462,share,4,False,0.2603395160028393,12,7.0424879131901585
decoder_heads,SpecDiv> Q700,72,0.006766892891998093,0.00677115466290464,4.261770906547706e-06,-3.744263958651572e-05,6.59399074114238e-05,0.06297973049916727,0.007649782781814364,-0.06720869467069338,0.11836064852180404,0.007649782781814364,0.0007084129065561997,share,15,False,-0.2505159963655852,12,20.022031002154357
film,SpecDiv> Q700,72,0.006766892891998093,0.006765077589079738,-1.8153029183546703e-06,-2.199941372964531e-05,1.2484223892291387e-05,-0.02682623986115225,-0.0032584278491534346,-0.039488452112827664,0.022408900682305395,0.0032584278491534346,-0.0003017487436257594,share,17,False,0.21457969577834282,12,7.759921957710653
cond_embed,SpecDiv> Q700,72,0.006766892891998093,0.006707619177177548,-5.927371482054392e-05,-0.00011456227124047776,2.4115647344538895e-06,-0.8759369442752017,-0.10639498297567539,-0.20563669638705945,0.004328704378387165,0.10639498297567539,-0.00985277376920748,share,6,False,0.5623919096066862,12,3.3610626453139525
encoder_io,SpecDiv< Q700,72,0.0059946245746687055,0.006403588457033038,0.0004089638823643327,7.484352099709212e-05,0.0006817942000149435,6.8221767230007755,0.833328460681329,0.15250548724230562,1.389263296101432,0.833328460681329,0.08435693207496647,share,3,True,0.05578597993937507,12,10.731879808991325
enc0_attn,SpecDiv< Q700,72,0.0059946245746687055,0.0060540997656062245,5.9475190937519073e-05,4.8659486734929186e-05,7.422303315252066e-05,0.992142046540187,0.12119008902731755,0.09915138457688545,0.15124114532194116,0.12119008902731755,0.012267940662770671,share,5,True,-0.8293162734428094,12,128.61094448836272
enc0_mlp,SpecDiv< Q700,72,0.0059946245746687055,0.006013445556163788,1.882098149508238e-05,-2.554765281577905e-05,8.863275094578662e-05,0.31396430686608134,0.038350720477160274,-0.05205737502273605,0.18060321973812915,0.038350720477160274,0.003882201646722564,share,9,False,-0.31823342171066954,12,23.202664319832344
enc1_attn,SpecDiv< Q700,72,0.0059946245746687055,0.007023886505824824,0.0010292619311561186,0.0007900069913982104,0.0013467371735411385,17.169747968962696,2.0972836421875307,1.6097639387208014,2.744189558454854,2.0972836421875307,0.21230573788551726,share,2,True,0.28653482333609814,12,6.654761273982375
enc1_mlp,SpecDiv< Q700,72,0.0059946245746687055,0.008450833925356468,0.0024562093506877622,0.00207977204117924,0.002794345444029507,40.97353087075524,5.004914237136144,4.237863802603403,5.693919898311492,5.004914237136144,0.5066420148400265,share,1,True,-0.06297033119962658,12,13.612849623775364
enc2_attn,SpecDiv< Q700,72,0.0059946245746687055,0.005992319008025031,-2.3055666436751685e-06,-1.5440764642941454e-05,9.989226236939425e-06,-0.03846056771290946,-0.004697955944335514,-0.03146299511158811,0.02035462514513793,0.004697955944335514,-0.00047556896132345817,share,17,False,0.1938192179383281,12,8.103546365627215
enc2_mlp,SpecDiv< Q700,72,0.0059946245746687055,0.005998327629640698,3.7030549719929695e-06,-1.4164407427112261e-05,1.934990771890927e-05,0.06177292549129517,0.007545558991148635,-0.02886221582565865,0.039428491143282285,0.007545558991148635,0.0007638287149865964,share,14,False,-0.07081640414640236,12,13.829125812269984
downsample,SpecDiv< Q700,72,0.0059946245746687055,0.005990463735846181,-4.160838822523753e-06,-0.00013967382838018236,0.000154928138363175,-0.06940949797100017,-0.008478365842653771,-0.28460747127256997,0.31569053558473464,0.008478365842653771,-0.0008582557361723918,share,13,False,-0.10006978664627798,12,14.668734579496423
dec0_attn,SpecDiv< Q700,72,0.0059946245746687055,0.005997798444392781,3.1738697240749994e-06,-9.270459607553978e-06,1.183909577472756e-05,0.05294526261889226,0.006467260522557,-0.018890024688510615,0.024124026309549195,0.006467260522557,0.0006546737359316936,share,16,False,0.0018433065007152684,12,11.955842040636387
dec0_mlp,SpecDiv< Q700,72,0.0059946245746687055,0.005954070676428576,-4.055389824012915e-05,-6.412223447114228e-05,-2.006619858245055e-05,-0.676504387138712,-0.08263496864245695,-0.13065917371079935,-0.04088804683623023,0.08263496864245695,-0.008365047836106997,share,6,True,-0.7079246014755693,12,70.17056322185424
dec1_attn,SpecDiv< Q700,72,0.0059946245746687055,0.005998122816284497,3.4982416157921157e-06,-1.4853298004406193e-05,2.2156498744152456e-05,0.05835630859311064,0.00712821945039725,-0.030265939110549617,0.04514736334614436,0.00712821945039725,0.0007215818880120583,share,15,False,0.1588623461807708,12,8.709966182865555
dec1_mlp,SpecDiv< Q700,72,0.0059946245746687055,0.006012958940118551,1.833436544984579e-05,7.042314003532132e-06,3.214071815212568e-05,0.30584676690715107,0.037359163478103356,0.014349826332511898,0.06549178628699183,0.037359163478103356,0.0037818274121146234,share,10,True,-0.25340828250101677,12,20.14608391370573
dec2_attn,SpecDiv< Q700,72,0.0059946245746687055,0.006018750097913046,2.4125523244341213e-05,8.031935431063176e-06,4.038309270981697e-05,0.40245261306750835,0.049159561553721885,0.016366336191754243,0.0822869254147078,0.049159561553721885,0.00497636885152333,share,8,True,0.22855868494267748,12,7.535086352932175
dec2_mlp,SpecDiv< Q700,72,0.0059946245746687055,0.006007103133015335,1.2478558346629143e-05,-1.5363541509335238e-05,3.585974821665633e-05,0.208162466076014,0.025427032231796733,-0.03130564078805954,0.07306989705067526,0.025427032231796733,0.002573950767374431,share,12,False,-0.20513403578418654,12,18.19376986870679
upsample,SpecDiv< Q700,72,0.0059946245746687055,0.005996469059027731,1.8444843590259552e-06,-2.3457148927263916e-05,2.4217055761255312e-05,0.0307689720357157,0.003758428012693231,-0.047797643387283976,0.049346073504315996,0.003758428012693231,0.00038046157251870965,share,18,False,-0.23574939540054624,12,19.40331176130175
decoder_io,SpecDiv< Q700,72,0.0059946245746687055,0.005919584849228461,-7.503972544024388e-05,-0.0003466905405124029,0.00024367556422172728,-1.2517835688549517,-0.15290528476389906,-0.7064366975091474,0.4965274235577732,0.15290528476389906,-0.015478435370112923,share,4,False,0.2262169944492636,12,7.572392250834224
decoder_heads,SpecDiv< Q700,72,0.0059946245746687055,0.006008070621949931,1.3446047281225523e-05,-2.5488367343011004e-05,7.249433644271145e-05,0.22430174089707067,0.027398443643318816,-0.05193657151442392,0.14771865292030942,0.027398443643318816,0.00277351459650084,share,11,False,-0.28247702260018775,12,21.44840619177401
film,SpecDiv< Q700,72,0.0059946245746687055,0.005993610791241129,-1.013783427576224e-06,-2.072733671714862e-05,1.2962343559289972e-05,-0.016911541581104785,-0.0020657437480352324,-0.04223522013892019,0.02641282096266535,0.0020657437480352324,-0.00020911298876654232,share,19,False,0.1947346551367572,12,8.088142498262764
cond_embed,SpecDiv< Q700,72,0.0059946245746687055,0.005967615249877174,-2.700932479153077e-05,-8.508104559344549e-05,3.883937800613539e-05,-0.45055907096606546,-0.05503576238186498,-0.17336605948586184,0.07914136304789694,0.05503576238186498,-0.005571210258611774,share,7,False,0.5524110386216886,12,3.459823077081731
encoder_io,SpecRes Q700,72,0.00046717756292006624,0.0007516763240952665,0.00028449876117520034,0.00016475999533819655,0.00037087574467780835,60.89735119061741,5.56972419821323,3.2255596795640638,7.260754321493351,5.56972419821323,0.6246718880144679,share,1,True,0.38991741709224054,12,5.267212932843809
enc0_attn,SpecRes Q700,72,0.00046717756292006624,0.0004945664259139448,2.7388862993878622e-05,1.2085431202043158e-05,4.1057079033635054e-05,5.8626238003996,0.5362006229777925,0.23660039268293512,0.8037877059885205,0.5362006229777925,0.06013752990094617,share,4,True,0.08919762336309536,12,10.034568828653558
enc0_mlp,SpecRes Q700,72,0.00046717756292006624,0.0004943790166483571,2.7201453728290897e-05,1.1224156575432668e-05,4.0863173247392586e-05,5.822508589297352,0.5325316512142545,0.2197389409517433,0.7999915497404334,0.5325316512142545,0.05972603672156464,share,5,True,-0.2059542261800348,12,18.22495779373236
enc1_attn,SpecRes Q700,72,0.00046717756292006624,0.0004584121415973641,-8.76542132270212e-06,-4.872185212055531e-05,4.530985903935888e-05,-1.876250491978759,-0.1716034862398688,-0.9538434459843211,0.887045754669339,0.1716034862398688,-0.019246172687278143,share,9,False,0.07515676756858967,12,10.322326123914689
enc1_mlp,SpecRes Q700,72,0.00046717756292006624,0.0004790603100749043,1.1882747154838095e-05,-1.386435366536413e-05,4.153378613409583e-05,2.5435183745909526,0.2326323815828283,-0.2714269326994039,0.8131203549671266,0.2326323815828283,0.026090862643300343,share,8,False,-0.4059484963587634,12,28.400537416187124
enc2_attn,SpecRes Q700,72,0.00046717756292006624,0.0004679140571776467,7.364942575804889e-07,-2.6998410855109495e-07,1.8845767651024887e-06,0.1576476089684347,0.014418586117375027,-0.005285566152620355,0.03689496843017088,0.014418586117375027,0.001617115155419952,share,18,False,-0.26391973608388475,12,20.605139923619895
enc2_mlp,SpecRes Q700,72,0.00046717756292006624,0.00046776225402330357,5.846911032373706e-07,-1.5713590983068571e-06,3.8074777573153047e-06,0.1251539349584327,0.011446686701653894,-0.03076300493460685,0.07454022264096334,0.011446686701653894,0.0012838020589468506,share,19,False,-0.0636139303971058,12,13.630453911150132
downsample,SpecRes Q700,72,0.00046717756292006624,0.0005183157287926102,5.113816587254405e-05,2.2565744681439053e-05,7.920131611172106e-05,10.94619475150046,1.001148401265442,0.44177687693168244,1.550549763575706,1.001148401265442,0.11228370377868528,share,3,True,-0.28650630024447826,12,21.637297719970885
dec0_attn,SpecRes Q700,72,0.00046717756292006624,0.00046902292281932506,1.845359899258862e-06,9.299740971376499e-08,3.411129364394581e-06,0.39500182494307884,0.0361272071725645,0.0018206403469536731,0.06678078205199704,0.0361272071725645,0.004051843486328355,share,15,True,0.20706312339762625,12,7.8829701071847
dec0_mlp,SpecRes Q700,72,0.00046717756292006624,0.00046567485939400893,-1.502703526057303e-06,-6.984118347948728e-06,3.439603400086826e-06,-0.32165575689567405,-0.029418912607030657,-0.13673034218170052,0.06733822745162119,0.029418912607030657,-0.0032994753469950773,share,17,False,-0.3454626534642273,12,24.667120870983517
dec1_attn,SpecRes Q700,72,0.00046717756292006624,0.0004646716018517812,-2.5059610682850084e-06,-5.2410662950327e-06,2.2189439429590677e-07,-0.5364044139067049,-0.04906000976648175,-0.10260604878313256,0.00434409827393481,0.04906000976648175,-0.005502320731907654,share,12,False,0.3978483004324536,12,5.169245040806716
dec1_mlp,SpecRes Q700,72,0.00046717756292006624,0.00047324264839213964,6.065085472073406e-06,-2.103286533383652e-07,1.113815651478944e-05,1.2982398885263113,0.1187381385370455,-0.0041176720251336245,0.21805528996910364,0.1187381385370455,0.013317064640840601,share,10,False,0.10767181921469175,12,9.667067432495779
dec2_attn,SpecRes Q700,72,0.00046717756292006624,0.00046960996405687183,2.432401136805614e-06,-9.963345291907898e-07,7.383100940690686e-06,0.5206588093833171,0.047619903213162236,-0.01950556309569287,0.14454135335194687,0.047619903213162236,0.005340805718310984,share,13,False,0.42950867783012253,12,4.788985175263183
dec2_mlp,SpecRes Q700,72,0.00046717756292006624,0.00048002378753153607,1.2846224611469855e-05,2.685678312748981e-06,2.153947085995848e-05,2.749752049558047,0.2514946911495479,0.05257839234640015,0.42168518263438093,0.2514946911495479,0.028206363179778614,share,7,True,-0.07507154871866306,12,13.947953019232926
upsample,SpecRes Q700,72,0.00046717756292006624,0.00047126498005430523,4.087417134239028e-06,-3.4862556882823505e-07,9.144303718737015e-06,0.87491726030053,0.08002068630008143,-0.006825155437575713,0.1790209893627489,0.08002068630008143,0.008974712465533047,share,11,False,-0.11043419485383456,12,14.979454314857051
decoder_io,SpecRes Q700,72,0.00046717756292006624,0.0005708264410107707,0.00010364887809070449,5.591919804525484e-05,0.00015916452436310157,22.18618493637691,2.0291675859493075,1.0947482133517397,3.116015335814904,2.0291675859493075,0.22758109771743262,share,2,True,-0.1421381108225359,12,15.976531307401592
decoder_heads,SpecRes Q700,72,0.00046717756292006624,0.0004650737707076284,-2.1037922124378383e-06,-1.290026072335119e-05,1.3548936779746625e-05,-0.4503196170826799,-0.04118662009361674,-0.2525525735764506,0.26525191438617124,0.04118662009361674,-0.0046192814615610206,share,14,False,0.16340051204536654,12,8.62918122479228
film,SpecRes Q700,72,0.00046717756292006624,0.00046872229237730306,1.5447294572368264e-06,-8.794748282525689e-07,3.857471771577061e-06,0.33065146527619704,0.030241667844614586,-0.0172177629610879,0.07551897161635183,0.030241667844614586,0.0033917513824584166,share,16,False,0.22610208077713628,12,7.574226629472936
cond_embed,SpecRes Q700,72,0.00046717756292006624,0.00044355135711763677,-2.3626205802429467e-05,-4.057235879978786e-05,-6.8019192743425565e-06,-5.057221852598237,-0.46253786704090577,-0.7942981813077442,-0.1331633720305321,0.46253786704090577,-0.05187589051093731,share,6,True,0.007478515641524407,12,11.821847937588727
encoder_io,|RQE| Q700,72,0.172707616041104,0.16816203420360884,-0.004545581837495168,-0.008710738271474838,-0.0021157574529449144,-2.6319521638312295,-0.1806437534074924,-0.34616920617946745,-0.08408128623869521,0.1806437534074924,0.05107941229596302,share,5,True,-0.09481691281566557,12,14.513973073286731
enc0_attn,|RQE| Q700,72,0.172707616041104,0.17238416522741318,-0.00032345081369082135,-0.0012825993665804467,0.0004288768395781513,-0.18728231047659236,-0.012854101216669517,-0.050971156604417964,0.017043785552793407,0.012854101216669517,0.0036346672572685253,share,15,False,-0.26951319087957915,12,20.854802715600574
enc0_mlp,|RQE| Q700,72,0.172707616041104,0.17148696010311446,-0.0012206559379895527,-0.0025103920449813205,-0.00025346999367078144,-0.7067759754723496,-0.048509492984749394,-0.09976426731316512,-0.010073027539659158,0.048509492984749394,0.013716701218262935,share,10,True,-0.18357307582449497,12,17.396384770427765
enc1_attn,|RQE| Q700,72,0.172707616041104,0.15595685597509146,-0.016750760066012543,-0.022476392270376285,-0.0129620927075545,-9.698912213591033,-0.6656837955909,-0.8932233557623718,-0.5151202117612341,0.6656837955909,0.188230904265073,share,2,True,-0.12417371826365234,12,15.402694461759467
enc1_mlp,|RQE| Q700,72,0.172707616041104,0.14134728349745274,-0.03136033254365126,-0.0345739487092942,-0.02784274659740428,-18.15804841877244,-1.2462756983194057,-1.3739864528336458,-1.1064850288341428,1.2462756983194057,0.35240094953793083,share,1,True,-0.18839044293015444,12,17.570869133980153
enc2_attn,|RQE| Q700,72,0.172707616041104,0.17302989587187767,0.00032227983077367145,-0.00017352867871522903,0.0008088193523387113,0.18660429583891056,0.012807565755007569,-0.006896118685707225,0.03214289586206074,0.012807565755007569,-0.003621508739535273,share,16,False,-0.49268754812576093,12,35.308123250933946
enc2_mlp,|RQE| Q700,72,0.172707616041104,0.17282903815309206,0.00012142211198806763,-0.0008534710699071487,0.001215759633729855,0.0703050130453827,0.004825377001302912,-0.03391737801770456,0.048314911342416826,0.004825377001302912,-0.001364439216323249,share,17,False,0.024045793010335832,12,11.436451928041624
downsample,|RQE| Q700,72,0.172707616041104,0.16960225192209086,-0.0031053641190131507,-0.005150152634208401,-0.0009400520784159506,-1.798047005798564,-0.12340876266449638,-0.2046697069208533,-0.037358151698605783,0.12340876266449638,0.03489546109493653,share,6,True,-0.08672904989142982,12,14.279167203497346
dec0_attn,|RQE| Q700,72,0.172707616041104,0.17235683898131052,-0.0003507770597934723,-0.0008569934560606877,8.721432338157748e-06,-0.2031045693491526,-0.013940060250956727,-0.03405735944988937,0.00034659419387386025,0.013940060250956727,0.0039417365480828815,share,14,False,-0.024317421227939007,12,12.598163913313945
dec0_mlp,|RQE| Q700,72,0.172707616041104,0.17157885680596033,-0.0011287592351436615,-0.0022107170273860297,5.336833807329326e-05,-0.6535665658629782,-0.044857470884757354,-0.08785502842666423,0.0021208851247945274,0.044857470884757354,0.012684043630936004,share,11,False,-0.024500659792854332,12,12.602784451810741
dec1_attn,|RQE| Q700,72,0.172707616041104,0.1734501545627912,0.0007425385216871897,-0.0003364551191528638,0.0015866550616919993,0.4299396510171661,0.02950886166008165,-0.013370898984942764,0.06305448586202995,0.02950886166008165,-0.008344021216829575,share,12,False,0.4948508151983419,12,4.055113832088721
dec1_mlp,|RQE| Q700,72,0.172707616041104,0.17270584652821222,-1.7695128917694092e-06,-0.0005020816499988238,0.00039060832932591373,-0.00102457143021896,-7.032134980729224e-05,-0.019952982261736883,0.015522975329500479,7.032134980729224e-05,1.9884292438901126e-05,share,19,False,-0.2499042082608892,12,19.995913407746976
dec2_attn,|RQE| Q700,72,0.172707616041104,0.17478550349672636,0.002077887455622355,0.0011090540637572605,0.003201469965279102,1.2031243921100867,0.08257631312360363,0.04407437726813491,0.1272280582826458,0.08257631312360363,-0.02334954552459021,share,9,True,0.13316714199130242,12,9.179576349015077
dec2_mlp,|RQE| Q700,72,0.172707616041104,0.17002099379897118,-0.0026866222421328225,-0.003360831489165624,-0.0018151301580170793,-1.5555899060603169,-0.10676774572699393,-0.13356116696988538,-0.07213420336262696,0.10676774572699393,0.030189993293581952,share,7,True,-0.22968036610088213,12,19.155898076386137
upsample,|RQE| Q700,72,0.172707616041104,0.1726842982073625,-2.331783374150594e-05,-0.0015342371848722299,0.0011286350588003795,-0.013501334959053774,-0.0009266626713553219,-0.06097137255489112,0.044852536053191935,0.0009266626713553219,0.000262026135731709,share,18,False,0.3991487565435652,12,5.153286873719717
decoder_io,|RQE| Q700,72,0.172707616041104,0.18650953968365988,0.013801923642555872,0.008714131793628137,0.019059393368661404,7.991496819266527,0.5484955238224886,0.3463040664901953,0.7574300670125217,0.5484955238224886,-0.1550943693060857,share,3,True,-0.08354305269773701,12,14.187809553572398
decoder_heads,|RQE| Q700,72,0.172707616041104,0.18382318628331026,0.011115570242206255,0.008780164582033952,0.012939332301417986,6.436062576163853,0.4417384620058338,0.34892824336612244,0.5142157015487759,0.4417384620058338,-0.12490739702956552,share,4,True,0.026303806522599272,12,11.384888419461902
film,|RQE| Q700,72,0.172707616041104,0.17332807555794716,0.00062045951684316,-0.00014909356832504272,0.0017175047658383842,0.35925428829698636,0.024657379399797646,-0.005925054867342,0.0682545202106114,0.024657379399797646,-0.006972200392997429,share,13,False,0.016436555627878068,12,11.611901664806423
cond_embed,|RQE| Q700,72,0.172707616041104,0.17531585196654,0.00260823592543602,0.00012579392641782762,0.004771934201320012,1.5102031891953545,0.10365263330132003,0.004999115148811013,0.18963911242989426,0.10365263330132003,-0.029309154023262212,share,8,True,0.21458400398794536,12,7.759851867963673
encoder_io,Vag/Vg 850hPa,72,0.35660316050052643,0.36416858186324436,0.007565421362717946,0.006853169575333596,0.008463578050335248,2.1215239237081236,1.0360967670293681,0.9385527256813929,1.1591007869920809,1.0360967670293681,0.13632906857601768,share,3,True,0.33779219979787695,12,5.940005931882461
enc0_attn,Vag/Vg 850hPa,72,0.35660316050052643,0.3567981993158658,0.00019503881533940634,0.00013469873617092767,0.00028984341770410527,0.05469351843815709,0.026710883152422073,0.018447211117333117,0.03969452772424015,0.026710883152422073,0.003514603979947876,share,12,True,0.03573198162077272,12,11.172017882892277
enc0_mlp,Vag/Vg 850hPa,72,0.35660316050052643,0.3602413336435954,0.0036381731430689492,0.0034672694901625315,0.0038612308601538342,1.0202302015389957,0.49825373243620447,0.474848199054752,0.5288018497785507,0.49825373243620447,0.06555996449280178,share,5,True,0.23846991136933055,12,7.378750973016442
enc1_attn,Vag/Vg 850hPa,72,0.35660316050052643,0.351723812520504,-0.00487934798002243,-0.0051810848837097485,-0.004503138487537702,-1.3682851192832397,-0.6682346461527812,-0.7095580061369985,-0.6167121439415956,0.6682346461527812,-0.08792596386670434,share,4,True,0.119735069409297,12,9.433641452938431
enc1_mlp,Vag/Vg 850hPa,72,0.35660316050052643,0.3546096980571747,-0.0019934624433517456,-0.002338937483727932,-0.0016682896142204606,-0.5590142388400965,-0.2730079256298274,-0.32032129460978226,-0.22847497751817333,0.2730079256298274,-0.03592223950442083,share,9,True,-0.1956112979811161,12,17.836321593980536
enc2_attn,Vag/Vg 850hPa,72,0.35660316050052643,0.3564778467019399,-0.0001253137985865275,-0.00015722525616486868,-9.390544146299363e-05,-0.03514096689738747,-0.01716192864279873,-0.021532254688489835,-0.012860503023101825,0.01716192864279873,-0.0022581575594999544,share,15,True,0.2509689779531297,12,7.185128027130991
enc2_mlp,Vag/Vg 850hPa,72,0.35660316050052643,0.3565717736879985,-3.138681252797445e-05,-0.00012723586211601894,4.5043726762135826e-05,-0.00880160806312543,-0.0042984750522749695,-0.0174251583709861,0.0061688116808918435,0.0042984750522749695,-0.000565591090351588,share,19,False,-0.03776263146257033,12,12.94187067010216
downsample,Vag/Vg 850hPa,72,0.35660316050052643,0.35863779733578366,0.002034636835257212,0.0019224364931384721,0.002246273805697759,0.5705605167383839,0.2786468256054301,0.26328080616576044,0.30763085310955884,0.2786468256054301,0.03666420300235872,share,8,True,-0.5722178472636681,12,44.103322325353425
dec0_attn,Vag/Vg 850hPa,72,0.35660316050052643,0.35647360732158023,-0.00012955317894617716,-0.00016759100059668224,-8.925336102644608e-05,-0.036329789888664185,-0.017742518681905663,-0.022951860256869745,-0.012223393036866259,0.017742518681905663,-0.0023345512919916585,share,14,True,0.09893406946429922,12,9.83934474949835
dec0_mlp,Vag/Vg 850hPa,72,0.35660316050052643,0.3570162082711856,0.00041304777065912884,0.00029641638199488324,0.0005175173282623291,0.11582840995558678,0.05656756435504918,0.04059470588021637,0.07087484027481074,0.05656756435504918,0.007443130415558186,share,10,True,0.5043062448234781,12,3.954198211027347
dec1_attn,Vag/Vg 850hPa,72,0.35660316050052643,0.35641581068436307,-0.00018734981616338095,-0.0002320187787214915,-0.0001403500636418661,-0.05253734035907525,-0.02565786220275889,-0.031775349316046024,-0.019221169611028967,0.02565786220275889,-0.003376048036307386,share,13,True,-0.22882853639469863,12,19.121483525593227
dec1_mlp,Vag/Vg 850hPa,72,0.35660316050052643,0.3564932619531949,-0.00010989854733149211,-0.00016257483512163162,-5.0743420918782554e-05,-0.03081816414000343,-0.015050784897786017,-0.022264888232126218,-0.006949394070903796,0.015050784897786017,-0.001980374374042421,share,16,True,-0.11161585055331585,12,15.015340171195101
dec2_attn,Vag/Vg 850hPa,72,0.35660316050052643,0.3565162817637126,-8.687873681386311e-05,-0.00013400750855604808,-3.0157466729482014e-05,-0.02436286226177035,-0.011898184386665846,-0.01835254637062285,-0.004130114144625332,0.011898184386665846,-0.0015655568541445837,share,17,True,0.296444277753175,12,6.512172417925753
dec2_mlp,Vag/Vg 850hPa,72,0.35660316050052643,0.35696368167797726,0.00036052117745081585,0.0003250729913512866,0.0004000990961988767,0.10109870505488233,0.049373961937291974,0.04451927516521469,0.05479422231600602,0.049373961937291974,0.00649659998661879,share,11,True,0.31529566207511206,12,6.246847984076634
upsample,Vag/Vg 850hPa,72,0.35660316050052643,0.35896073281764984,0.002357572317123413,0.0021956993887821833,0.002459652970234553,0.6611192996198734,0.322873365368238,0.3007046044119188,0.33685347693028606,0.322873365368238,0.04248350788204754,share,6,True,-0.10414694552686292,12,14.790107909064073
decoder_io,Vag/Vg 850hPa,72,0.35660316050052643,0.3839719792207082,0.027368818720181782,0.02667492497712374,0.02820891241232554,7.674867121695456,3.748204261712896,3.6531743844099274,3.8632564599580985,3.748204261712896,0.49318674866350126,share,1,True,0.217255009769276,12,7.716493099132175
decoder_heads,Vag/Vg 850hPa,72,0.35660316050052643,0.3813508426149686,0.02474768211444219,0.024098604917526245,0.02551588111867507,6.939838132591552,3.3892353381137132,3.3003431597360255,3.494441441853443,3.3892353381137132,0.4459538061823429,share,2,True,0.11789255527638921,12,9.468968450251651
film,Vag/Vg 850hPa,72,0.35660316050052643,0.35653237998485565,-7.078051567077637e-05,-0.0001018894836306572,-3.7928236027558656e-05,-0.01984853851867975,-0.009693506804069997,-0.013953930590600919,-0.005194333645570061,0.009693506804069997,-0.0012754665354502497,share,18,True,0.1639260314866298,12,8.619867028273173
cond_embed,Vag/Vg 850hPa,72,0.35660316050052643,0.35890932381153107,0.0023061633110046387,0.0022065116092562674,0.0023870183775822323,0.6467029926957796,0.31583281832107135,0.30218535560084964,0.3269060512664063,0.31583281832107135,0.041557116398404724,share,7,True,0.2653614947390825,12,6.966911906031089
encoder_io,|Vag| 850hPa,72,3.7840824921925864,3.8756091594696045,0.09152666727701823,0.07824031164248783,0.1076264664530754,2.418728118793878,1.4368253458964813,1.2282503688080144,1.6895669807468816,1.4368253458964813,0.13392799121132154,share,3,True,0.6306484257843928,12,2.7180714251480973
enc0_attn,|Vag| 850hPa,72,3.7840824921925864,3.7870684266090393,0.0029859344164530435,0.002055006225903829,0.004365882277488709,0.07890775168389426,0.046874494378335255,0.032260379616106616,0.06853751480440001,0.046874494378335255,0.004369220579986289,share,13,True,0.06231064771891823,12,10.592261549420403
enc0_mlp,|Vag| 850hPa,72,3.7840824921925864,3.8300015131632485,0.04591902097066244,0.042795777817567195,0.049110244214534755,1.213478328376924,0.72085672025738,0.6718266937386314,0.7709539277448099,0.72085672025738,0.06719180780807862,share,5,True,0.2744968149872456,12,6.830961143076831
enc1_attn,|Vag| 850hPa,72,3.7840824921925864,3.7053372859954834,-0.07874520619710286,-0.0830884133776029,-0.07430354754130046,-2.0809590266483866,-1.23617642265285,-1.3043579739436284,-1.1664493373743954,1.23617642265285,-0.11522529550409376,share,4,True,-0.18805540568810034,12,17.558667140754018
enc1_mlp,|Vag| 850hPa,72,3.7840824921925864,3.749648948510488,-0.03443354368209839,-0.04536680181821188,-0.025477179388205217,-0.909957532721407,-0.5405527130331279,-0.7121877443366359,-0.39995181924553985,0.5405527130331279,-0.05038548297266229,share,6,True,0.4284827646286174,12,4.801042752685655
enc2_attn,|Vag| 850hPa,72,3.7840824921925864,3.782078206539154,-0.0020042856534322104,-0.002465207874774933,-0.001619030038515727,-0.05296622516997192,-0.03146414605649246,-0.03869990312943051,-0.025416236210878216,0.03146414605649246,-0.0029328059172678738,share,17,True,-0.20507162433882534,12,18.19139929435556
enc2_mlp,|Vag| 850hPa,72,3.7840824921925864,3.786599020163218,0.0025165279706319175,0.001361072063446045,0.0034885689616203307,0.06650298918757931,0.03950554826734396,0.021366699963322553,0.05476506961400591,0.03950554826734396,0.003682353416341024,share,14,True,-0.15607135996871715,12,16.438423418252953
downsample,|Vag| 850hPa,72,3.7840824921925864,3.805429756641388,0.021347264448801678,0.01889646053314209,0.02483070542414983,0.5641331681549197,0.3351186221252781,0.2966448385974228,0.38980319038521444,0.3351186221252781,0.031236756789490835,share,9,True,-0.3148882005489103,12,23.030778946193532
dec0_attn,|Vag| 850hPa,72,3.7840824921925864,3.7820438543955484,-0.0020386377970377603,-0.002617453038692474,-0.0014974325895309453,-0.05387403158477461,-0.03200342091579593,-0.04108991378768829,-0.02350734668287987,0.03200342091579593,-0.0029830722901597155,share,16,True,0.30595116522839927,12,6.37740999741182
dec0_mlp,|Vag| 850hPa,72,3.7840824921925864,3.8045886754989624,0.02050618330637614,0.01902258594830831,0.02184875706831614,0.541906349787168,0.3219149653185146,0.29862481010369485,0.3429912709164499,0.3219149653185146,0.030006030147715034,share,10,True,0.3572088839687062,12,5.683350207537677
dec1_attn,|Vag| 850hPa,72,3.7840824921925864,3.779590050379435,-0.004492441813151042,-0.005264736215273539,-0.003698188066482544,-0.11871944711617571,-0.07052430132263031,-0.08264811402636459,-0.05805576129775944,0.07052430132263031,-0.006573643786767052,share,12,True,-0.04287939552933194,12,13.075209840742179
dec1_mlp,|Vag| 850hPa,72,3.7840824921925864,3.785262862841288,0.0011803706487019856,0.00045243601004282634,0.001873117188612619,0.03119304748607769,0.0185299707294503,0.007102536844898718,0.02940500656805571,0.0185299707294503,0.0017271979256820978,share,19,True,-0.08135916193186785,12,14.125553105685043
dec2_attn,|Vag| 850hPa,72,3.7840824921925864,3.7825881838798523,-0.001494308312733968,-0.0022376875082651777,-0.0006413340568542488,-0.03948931652037349,-0.023458300429770856,-0.03512818967110646,-0.010067940366339316,0.023458300429770856,-0.0021865726845392403,share,18,True,0.343410033423749,12,5.864984928566281
dec2_mlp,|Vag| 850hPa,72,3.7840824921925864,3.790963669617971,0.0068811774253845215,0.006146445373694102,0.007420481244723002,0.18184533343503845,0.10802370968538204,0.09648956706095815,0.11648993510162063,0.10802370968538204,0.010069002807249008,share,11,True,0.1122610068660957,12,9.577669136871345
upsample,|Vag| 850hPa,72,3.7840824921925864,3.8089598615964255,0.02487736940383911,0.02205408811569214,0.026380478839079537,0.6574214345265126,0.39053574179075207,0.3462146468127487,0.41413220606135576,0.39053574179075207,0.036402244395003246,share,8,True,0.10562127734923987,12,9.707252285828579
decoder_io,|Vag| 850hPa,72,3.7840824921925864,4.139596005280812,0.3555135130882263,0.3476545289158821,0.3639908547202746,9.394972594327177,5.58100542290941,5.457631678537766,5.714086411053385,5.58100542290941,0.5202113446595624,share,1,True,0.16824354453606277,12,8.543661561195245
decoder_heads,|Vag| 850hPa,72,3.7840824921925864,4.085675815741221,0.30159332354863483,0.2905507827798526,0.3139893159270286,7.970051503128954,4.734542885914134,4.561192288413841,4.9291405541861435,4.734542885914134,0.4413116874818946,share,2,True,0.2761040224476304,12,6.807244219767304
film,|Vag| 850hPa,72,3.7840824921925864,3.781958738962809,-0.002123753229777018,-0.0026376123229662576,-0.0016868174076080326,-0.05612333330890114,-0.033339599919414264,-0.04140638298143744,-0.026480391750909774,0.033339599919414264,-0.003107618930685252,share,15,True,-0.27308025861700913,12,21.016024512333562
cond_embed,|Vag| 850hPa,72,3.7840824921925864,3.8113352060317993,0.027252713839213055,0.02584468921025594,0.028550527493158975,0.7201934391081996,0.4278249296473323,0.4057211479329942,0.44819857164389004,0.4278249296473323,0.03987800854253604,share,7,True,0.5086634668108737,12,3.908120351540695
encoder_io,Vag/Vg 500hPa,72,0.2426200546324253,0.2508205597599347,0.008200505127509436,0.0075244877797861895,0.00914085665717721,3.379978270936168,3.5385311841839333,3.2468286086994738,3.94429438536311,3.5385311841839333,0.07947612245311007,share,3,True,0.3185536243891613,12,6.201762564733262
enc0_attn,Vag/Vg 500hPa,72,0.2426200546324253,0.24260456239183745,-1.549224058787028e-05,-8.993595838546753e-05,5.7823645571867535e-05,-0.006385391599775775,-0.006684926791785113,-0.03880751104695644,0.024950996293248408,0.006684926791785113,-0.00015014480094698336,share,19,False,0.28007085682054883,12,6.748962115746789
enc0_mlp,Vag/Vg 500hPa,72,0.2426200546324253,0.24740881969531378,0.004788765062888463,0.004477125654617945,0.005206858397771914,1.9737713232912864,2.066359845555973,1.931886938431437,2.246767793649515,2.066359845555973,0.04641085794344087,share,5,True,0.7320941133043943,12,1.8560600233287057
enc1_attn,Vag/Vg 500hPa,72,0.2426200546324253,0.23674617956082025,-0.005873875071605046,-0.006518818127612273,-0.0053409623603026075,-2.421017949445315,-2.534586563838616,-2.8128805323465738,-2.304633869697151,2.534586563838616,-0.056927324257028365,share,4,True,0.3231247069753839,12,6.138879784705363
enc1_mlp,Vag/Vg 500hPa,72,0.2426200546324253,0.24223552023371062,-0.00038453439871470135,-0.0010686235191921395,-1.0129964600007148e-05,-0.15849242112210363,-0.165927213029698,-0.4611127714717001,-0.0043710960574316615,0.165927213029698,-0.0037267585940726545,share,11,True,0.09000379936318909,12,10.018271875769129
enc2_attn,Vag/Vg 500hPa,72,0.2426200546324253,0.24240256225069365,-0.0002174923817316691,-0.00028404273713628455,-0.00015073198204239213,-0.08964320037812819,-0.09384831337989571,-0.12256489903603761,-0.06504109327626824,0.09384831337989571,-0.0021078520035477904,share,16,True,-0.0697052898117897,12,13.798276328094456
enc2_mlp,Vag/Vg 500hPa,72,0.2426200546324253,0.24255509302020073,-6.496161222457886e-05,-0.0001551260550816854,1.0182460149129232e-05,-0.026775038165331024,-0.02803104041242757,-0.06693714287728146,0.004393747971516346,0.02803104041242757,-0.0006295828083312349,share,17,False,0.08882507585288597,12,10.042108078012987
downsample,Vag/Vg 500hPa,72,0.2426200546324253,0.24529672165711722,0.0026766670246918998,0.002491108855853478,0.0029339725772539772,1.1032340375766172,1.1549861367412717,1.0749174877123018,1.2660138975252115,1.1549861367412717,0.02594122104832139,share,7,True,0.057954396540165494,12,10.685287833282175
dec0_attn,Vag/Vg 500hPa,72,0.2426200546324253,0.24238764370481172,-0.00023241092761357626,-0.0002959670809408029,-0.0001748376525938511,-0.09579213390487605,-0.10028568998109051,-0.12771027261329107,-0.07544272898476365,0.10028568998109051,-0.0022524367773997514,share,14,True,-0.07347508674701518,12,13.903243028551863
dec0_mlp,Vag/Vg 500hPa,72,0.2426200546324253,0.24304649978876114,0.0004264451563358307,0.0003574660668770472,0.0004735150684912999,0.17576665580341427,0.1840117725158746,0.1542471841995145,0.20432251550171693,0.1840117725158746,0.004132941439276376,share,9,True,-0.32362750489206243,12,23.48340622007406
dec1_attn,Vag/Vg 500hPa,72,0.2426200546324253,0.24222309390703836,-0.00039696072538693744,-0.0004716898004213969,-0.000322361042102178,-0.16361414392900933,-0.171289193023718,-0.20353490938667645,-0.13909930940937323,0.171289193023718,-0.003847189743726106,share,10,True,0.08516646150866125,12,10.11642255017153
dec1_mlp,Vag/Vg 500hPa,72,0.2426200546324253,0.24256091813246408,-5.913649996121725e-05,-0.0001373103198905786,1.3432403405507378e-05,-0.024374118640279073,-0.02551749507896621,-0.0592496244180325,0.005796103726522745,0.02551749507896621,-0.0005731280743425927,share,18,False,0.014845458129879993,12,11.648920934450768
dec2_attn,Vag/Vg 500hPa,72,0.2426200546324253,0.24238484973708788,-0.0002352048953374227,-0.00031144473080833753,-0.00017660322288672134,-0.0969437154293627,-0.10149129155864073,-0.13438890348572677,-0.07620457541276382,0.10149129155864073,-0.0022795148314339536,share,13,True,-0.16551859490204882,12,16.760377227558337
dec2_mlp,Vag/Vg 500hPa,72,0.2426200546324253,0.24292563771208128,0.00030558307965596515,0.0002178370952606201,0.00040337701017657905,0.12595128631016517,0.13185959156274565,0.09399705782341923,0.17405783025541588,0.13185959156274565,0.002961592960519496,share,12,True,0.28573800647686526,12,6.666322282689588
upsample,Vag/Vg 500hPa,72,0.2426200546324253,0.24522242695093155,0.002602372318506241,0.0024441931396722793,0.0027330157657464347,1.0726122053054896,1.1229278512369032,1.054673280537967,1.1793007093573047,1.1229278512369032,0.025221185504825234,share,8,True,-0.18239721305400522,12,17.354107377309216
decoder_io,Vag/Vg 500hPa,72,0.2426200546324253,0.2911689132452011,0.0485488586127758,0.045651800092309715,0.052736190551271045,20.010241398357767,20.94891076667353,19.698825344168778,22.755751249363996,20.94891076667353,0.4705167513552363,share,2,True,0.7245971995685646,12,1.9162930370082831
decoder_heads,Vag/Vg 500hPa,72,0.2426200546324253,0.2982916384935379,0.055671583861112595,0.05406392207369209,0.057877552695572376,22.94599428124615,24.022378195291388,23.32866954198846,24.97425730404143,24.022378195291388,0.5395474482738539,share,1,True,-0.09762381348073508,12,14.596446535867912
film,Vag/Vg 500hPa,72,0.2426200546324253,0.24240116278330484,-0.00021889184912045798,-0.000276117833952109,-0.00017432831227779392,-0.0902200147683933,-0.09445218581451753,-0.11914529053475491,-0.07522294781717626,0.09445218581451753,-0.002121415099946256,share,15,True,-0.11147770452027814,12,15.011139869081356
cond_embed,Vag/Vg 500hPa,72,0.2426200546324253,0.24544142559170723,0.0028213709592819214,0.002608288327852885,0.003129341701666514,1.1628762360788187,1.2174261178228292,1.1254806188083541,1.350315989702603,1.2174261178228292,0.02734363558817013,share,6,True,0.4042324921276923,12,5.091186918510348
encoder_io,|Vag| 500hPa,72,4.138371070226033,4.290833751360576,0.15246268113454184,0.14093851645787556,0.16712037722269693,3.6841230171806343,1.059863697062972,0.979752002260782,1.161758533562065,1.059863697062972,0.075924754064092,share,3,True,0.34634516232109036,12,5.826037981689744
enc0_attn,|Vag| 500hPa,72,4.138371070226033,4.136579215526581,-0.001791854699452718,-0.003476815422375997,-0.00021175841490427824,-0.043298550783529635,-0.012456305583959422,-0.024169524110055303,-0.001472065523408897,0.012456305583959422,-0.0008923241173653518,share,17,True,0.2233770962175088,12,7.617826812521059
enc0_mlp,|Vag| 500hPa,72,4.138371070226033,4.227765599886577,0.0893945296605428,0.08566799014806747,0.09398178259531657,2.1601380867873736,0.6214374297905667,0.5955319169427506,0.6533263013402012,0.6214374297905667,0.0445175017823701,share,5,True,0.5635791370696943,12,3.349398972525581
enc1_attn,|Vag| 500hPa,72,4.138371070226033,4.0229654510815935,-0.1154056191444397,-0.12348314126332602,-0.10753005643685659,-2.7886725763849003,-0.802256822837387,-0.8584087440309807,-0.7475088481487849,0.802256822837387,-0.05747074094429464,share,4,True,0.0951682552491432,12,9.914440895239578
enc1_mlp,|Vag| 500hPa,72,4.138371070226033,4.132839063803355,-0.00553200642267863,-0.020356157422065733,0.002536400159200032,-0.1336759398517755,-0.038456445444129884,-0.14150841440540876,0.01763210793589941,0.038456445444129884,-0.002754878925106964,share,12,False,0.27137516144096696,12,6.877197484964692
enc2_attn,|Vag| 500hPa,72,4.138371070226033,4.134407937526703,-0.0039631326993306475,-0.005350054800510406,-0.002589049438635509,-0.09576552300599245,-0.02755022044350039,-0.03719158562713872,-0.017998106090562217,0.02755022044350039,-0.001973596904376286,share,16,True,0.007026965749600182,12,11.832529630559725
enc2_mlp,|Vag| 500hPa,72,4.138371070226033,4.138867815335591,0.0004967451095581055,-0.0012431780497233075,0.0020019719998041786,0.012003397016086666,0.0034531867365601857,-0.008642110148414315,0.013916962691064015,0.0034531867365601857,0.00024737365232648304,share,19,False,0.04081912738808365,12,11.058761477825216
downsample,|Vag| 500hPa,72,4.138371070226033,4.18491264184316,0.046541571617126465,0.0426542321840922,0.05102257132530212,1.124635051505529,0.3235396478284356,0.2965163139045188,0.35468988657475636,0.3235396478284356,0.023177195576590637,share,7,True,0.004616655237196569,12,11.889709447762879
dec0_attn,|Vag| 500hPa,72,4.138371070226033,4.134124497572581,-0.004246572653452556,-0.005526900291442871,-0.0030457774798075357,-0.10261459355360834,-0.02952058929334311,-0.03842094952415164,-0.021173109092390206,0.02952058929334311,-0.0021147469133391533,share,14,True,-0.00844479493358699,12,12.20440120466365
dec0_mlp,|Vag| 500hPa,72,4.138371070226033,4.155538519223531,0.01716744899749756,0.015472614268461863,0.018373764554659524,0.41483590297183986,0.11934170269228915,0.10755984375828982,0.12772755854058038,0.11934170269228915,0.008549202554641025,share,9,True,-0.1749109922353979,12,17.08777086368263
dec1_attn,|Vag| 500hPa,72,4.138371070226033,4.129325985908508,-0.009045084317525228,-0.010460495948791504,-0.007482930024464925,-0.21856629490286852,-0.06287805273841976,-0.07271746650981994,-0.05201853871108459,0.06287805273841976,-0.004504353440374398,share,10,True,0.1486422628304637,12,8.894233806842202
dec1_mlp,|Vag| 500hPa,72,4.138371070226033,4.139492412408193,0.0011213421821594238,-0.00039676725864410404,0.002472113569577535,0.02709622126993502,0.0077951526367778705,-0.0027581780045504395,0.017185211541044965,0.0077951526367778705,0.0005584161892510349,share,18,False,-0.05817410178089272,12,13.48241670289748
dec2_attn,|Vag| 500hPa,72,4.138371070226033,4.134205063184102,-0.004166007041931152,-0.00578247308731079,-0.0028872370719909674,-0.10066779830121927,-0.028960527209639743,-0.040197596283093655,-0.02007099530617088,0.028960527209639743,-0.002074626116595537,share,15,True,-0.09409532079445278,12,14.492853553916206
dec2_mlp,|Vag| 500hPa,72,4.138371070226033,4.146826148033142,0.00845507780710856,0.0067700544993082685,0.010153855880101521,0.20430932034924443,0.05877654752568112,0.04706289393286178,0.07058581911616948,0.05877654752568112,0.004210536626540015,share,11,True,0.14532834520857119,12,8.954689631495548
upsample,|Vag| 500hPa,72,4.138371070226033,4.183619379997253,0.04524830977121989,0.041227229436238605,0.04753274917602539,1.0933845468030605,0.3145493738081102,0.2865963230136038,0.33042994455025065,0.3145493738081102,0.02253316526792591,share,8,True,-0.16888066412276156,12,16.876719580429725
decoder_io,|Vag| 500hPa,72,4.138371070226033,5.05737026532491,0.918999195098877,0.8946482519308726,0.9547813187042872,22.20678570152198,6.3885396561789785,6.21926098115531,6.637283634252721,6.3885396561789785,0.457651586301355,share,2,True,0.6495755899110981,12,2.5491968642027807
decoder_heads,|Vag| 500hPa,72,4.138371070226033,5.20358403523763,1.0652129650115967,1.0233831435441971,1.1092919816573459,25.73990942173815,7.404963253009592,7.114177934936906,7.711384137106715,7.404963253009592,0.5304644506613265,share,1,True,0.24398490921654786,12,7.292838540231984
film,|Vag| 500hPa,72,4.138371070226033,4.133806804815928,-0.004564265410105388,-0.005822201569875081,-0.0035477777322133397,-0.1102913521444101,-0.03172907085152235,-0.04047377387682319,-0.024662827622079758,0.03172907085152235,-0.0022729544447646576,share,13,True,-0.006221571678745722,12,12.15025252715752
cond_embed,|Vag| 500hPa,72,4.138371070226033,4.187134941418965,0.04876387119293213,0.04599376420180003,0.05204451183478037,1.1783349140382595,0.3389882456549187,0.319731494986272,0.3617940358557088,0.3389882456549187,0.024283876552513434,share,6,True,-0.013780630270924998,12,12.335356551142425
encoder_io,Vag/Vg 250hPa,72,0.27468056976795197,0.28235524396101636,0.007674674193064372,0.006676594292124112,0.009008256718516348,2.7940360687135164,1.7506902459497777,1.5230155977108075,2.0548972859812245,1.7506902459497777,0.09748325491962076,share,3,True,0.6008886272281835,12,2.991673744071859
enc0_attn,Vag/Vg 250hPa,72,0.27468056976795197,0.2747349515557289,5.438178777694702e-05,-3.150633225838344e-05,0.0001760410144925115,0.019798192432354547,0.012405173564820467,-0.0071869928524459096,0.04015718181726315,0.012405173564820467,0.0006907542323602033,share,17,False,0.38352800782688923,12,5.3469563783510665
enc0_mlp,Vag/Vg 250hPa,72,0.27468056976795197,0.2781219258904457,0.003441356122493744,0.0032582158843676248,0.0036889838054776193,1.2528575011333984,0.78501685477853,0.7432402502657204,0.8415038610437324,0.78501685477853,0.04371190069038042,share,5,True,0.49088610937925425,12,4.097809114334459
enc1_attn,Vag/Vg 250hPa,72,0.27468056976795197,0.26879435280958813,-0.005886216958363851,-0.006599759248395761,-0.00541094404955705,-2.142931683641286,-1.3427205318845161,-1.5054885524944894,-1.234304770553022,1.3427205318845161,-0.07476637754641491,share,4,True,0.37598807095537484,12,5.442011676261364
enc1_mlp,Vag/Vg 250hPa,72,0.27468056976795197,0.2736416310071945,-0.0010389387607574463,-0.0016486310089627902,-0.0005918877199292185,-0.3782352576431357,-0.23699507091010072,-0.37607358357567855,-0.1350170745898197,0.23699507091010072,-0.013196538317199094,share,9,True,0.42781706347823867,12,4.80887602052795
enc2_attn,Vag/Vg 250hPa,72,0.27468056976795197,0.2745291739702225,-0.0001513957977294922,-0.00021724955489238102,-7.86706805229187e-05,-0.055117039351341886,-0.03453529618264857,-0.04955737105175537,-0.01794577718467452,0.03453529618264857,-0.0019230204139689452,share,15,True,0.2772690447369856,12,6.790089761348646
enc2_mlp,Vag/Vg 250hPa,72,0.27468056976795197,0.27472840746243793,4.783769448598226e-05,-2.839099615812302e-05,0.0001248780637979507,0.017415754789789167,0.010912383121229934,-0.0064763452879525625,0.028486265699948086,0.010912383121229934,0.0006076315487839538,share,18,False,0.4637608976654737,12,4.396120458113873
downsample,Vag/Vg 250hPa,72,0.27468056976795197,0.27725449701150257,0.0025739272435506186,0.0024504033848643304,0.0027653888488809266,0.9370620010454518,0.5871453570160265,0.5589680026288408,0.6308201706294264,0.5871453570160265,0.0326938706863093,share,7,True,-0.23330284559197,12,19.30310300751083
dec0_attn,Vag/Vg 250hPa,72,0.27468056976795197,0.2744990612069766,-0.00018150856097539267,-0.00025646413365999857,-9.960861255725228e-05,-0.06607986911077464,-0.04140439831871507,-0.05850271242006242,-0.02272198428620766,0.04140439831871507,-0.0023055109408615547,share,14,True,0.3739803268386176,12,5.467499010863892
dec0_mlp,Vag/Vg 250hPa,72,0.27468056976795197,0.27540608247121173,0.000725512703259786,0.0006066829587022464,0.0008260419592261314,0.26412960475241976,0.16549862325848305,0.13839205567108118,0.18843061794979088,0.16549862325848305,0.009215419185248491,share,10,True,0.5420689180435428,12,3.5635067403143914
dec1_attn,Vag/Vg 250hPa,72,0.27468056976795197,0.27434782683849335,-0.00033274292945861816,-0.00040923307339350384,-0.00023363636185725538,-0.12113813865309687,-0.07590287044867544,-0.09335123966011563,-0.05329540896632808,0.07590287044867544,-0.004226480890150251,share,11,True,0.22298868993759483,12,7.624057194858151
dec1_mlp,Vag/Vg 250hPa,72,0.27468056976795197,0.2747226705153783,4.2100747426350914e-05,-4.7958642244338987e-05,0.0001419423768917719,0.015327166192321977,0.009603712941080356,-0.010939972834551701,0.03237885133103369,0.009603712941080356,0.0005347611886089494,share,19,False,0.5478007347743078,12,3.5058719515981847
dec2_attn,Vag/Vg 250hPa,72,0.27468056976795197,0.27439242353041965,-0.0002881462375322978,-0.0003369525074958801,-0.0002233918756246567,-0.10490230079824048,-0.0657298010006469,-0.07686312843800598,-0.05095851209344387,0.0657298010006469,-0.0036600163630236045,share,12,True,0.2486205807997918,12,7.221211286319686
dec2_mlp,Vag/Vg 250hPa,72,0.27468056976795197,0.2749342868725459,0.0002537171045939128,0.00017996331055959066,0.00035754473259051636,0.09236805676071337,0.05787608034808691,0.041051907155905946,0.08156047541439762,0.05787608034808691,0.0032226995651421825,share,13,True,0.5491747172480202,12,3.492119599417424
upsample,Vag/Vg 250hPa,72,0.27468056976795197,0.27774705986181897,0.003066490093866984,0.0028328674534956614,0.003173287895818551,1.1163840589298075,0.6995051726737865,0.646212893751937,0.7238671019833657,0.6995051726737865,0.03895037470112703,share,6,True,-0.20092191320545572,12,18.0346116313546
decoder_io,Vag/Vg 250hPa,72,0.27468056976795197,0.3113202552000682,0.03663968543211619,0.03428170022865137,0.040078293159604074,13.33901610262026,8.357975633498786,7.820089386870839,9.142365544617203,8.357975633498786,0.4653951041181012,share,2,True,0.6567432332669952,12,2.486252014244527
decoder_heads,Vag/Vg 250hPa,72,0.27468056976795197,0.31835870693127316,0.043678137163321175,0.04144015560547511,0.046612627555926635,15.901429504176479,9.963535489517751,9.453023592155734,10.632929860917956,9.963535489517751,0.5547970991855349,share,1,True,0.38687371960657446,12,5.305108360412419
film,Vag/Vg 250hPa,72,0.27468056976795197,0.2745382835467656,-0.00014228622118631998,-0.00019654836505651472,-6.811482210954033e-05,-0.05180061382081823,-0.03245728656325954,-0.044835167839799184,-0.015537852379393681,0.03245728656325954,-0.0018073111147819685,share,16,True,0.4495868236312428,12,4.556441883128835
cond_embed,Vag/Vg 250hPa,72,0.27468056976795197,0.27656321227550507,0.0018826425075531006,0.0016471197207768757,0.0021729543805122375,0.6853934041070114,0.4294545659752151,0.37572883962703113,0.4956783758057713,0.4294545659752151,0.023913213104494534,share,8,True,0.4409013445448425,12,4.656240963937204
encoder_io,|Vag| 250hPa,72,7.558339079221089,7.778842528661092,0.22050344944000244,0.1934459497531255,0.25431896050771075,2.9173532323549316,1.1001275581317362,0.9651332932561953,1.268838640486105,1.1001275581317362,0.08690048124745417,share,3,True,0.5558615240034742,12,3.42553731789977
enc0_attn,|Vag| 250hPa,72,7.558339079221089,7.558082461357117,-0.00025661786397298175,-0.0028273155291875206,0.003459354241689044,-0.0033951621021933174,-0.00128030824362407,-0.01410593683269942,0.017259280724574548,0.00128030824362407,-0.00010113318377821382,share,19,False,0.3855264453519354,12,5.321935702139412
enc0_mlp,|Vag| 250hPa,72,7.558339079221089,7.663060744603475,0.10472166538238525,0.1011267105738322,0.10887622733910879,1.3855116088967148,0.5224734139678817,0.5045375999696362,0.5432011990078199,0.5224734139678817,0.04127084243750251,share,5,True,0.3562674380480202,12,5.695625012233209
enc1_attn,|Vag| 250hPa,72,7.558339079221089,7.405684073766072,-0.1526550054550171,-0.1734242926041285,-0.13854500552018484,-2.0196898267595143,-0.7616206404676232,-0.8652419906710621,-0.6912235568257656,0.7616206404676232,-0.06016138737314068,share,4,True,0.40339969758023947,12,5.101329037893568
enc1_mlp,|Vag| 250hPa,72,7.558339079221089,7.528781294822693,-0.02955778439839681,-0.04921532372633616,-0.015174205104510001,-0.3910618998247275,-0.1474685917910793,-0.2455432513696304,-0.07570657624908006,0.1474685917910793,-0.011648732459072351,share,9,True,0.48784898615885214,12,4.130669324149816
enc2_attn,|Vag| 250hPa,72,7.558339079221089,7.553806225458781,-0.004532853762308757,-0.006550919016202291,-0.002130531271298728,-0.05997155876176809,-0.022615144359697827,-0.032683600003156954,-0.010629566888725345,0.022615144359697827,-0.0017863991441827481,share,16,True,0.28885815092979616,12,6.621133739726239
enc2_mlp,|Vag| 250hPa,72,7.558339079221089,7.560632586479187,0.0022935072580973306,0.0002623190482457479,0.004486481348673503,0.03034406413973272,0.011442680583074339,0.0013087523788445662,0.022383784848965513,0.011442680583074339,0.0009038719574653059,share,18,True,0.4327350367612791,12,4.751178259905188
downsample,|Vag| 250hPa,72,7.558339079221089,7.633652329444885,0.07531325022379558,0.07140735785166423,0.08091494937737782,0.99642592683943,0.3757500495982615,0.356262917543906,0.4036978373851181,0.3757500495982615,0.029680976444491212,share,7,True,-0.19409217277082247,12,17.780080536648114
dec0_attn,|Vag| 250hPa,72,7.558339079221089,7.553338368733724,-0.005000710487365723,-0.007311131556828817,-0.0024108797311782836,-0.06616149970187711,-0.02494935762393285,-0.03647642396171431,-0.012028270933385687,0.02494935762393285,-0.001970781631919615,share,14,True,0.4042143938219221,12,5.091407199350788
dec0_mlp,|Vag| 250hPa,72,7.558339079221089,7.587024648984273,0.028685569763183594,0.02493469516436259,0.03158392608165741,0.37952213393077533,0.1431169711736206,0.12440324799269555,0.15757734205369553,0.1431169711736206,0.011304992387234043,share,10,True,0.515236035217307,12,3.839116442711877
dec1_attn,|Vag| 250hPa,72,7.558339079221089,7.546648025512695,-0.011691053708394369,-0.014150420824686686,-0.008499463399251304,-0.1546775499995056,-0.058328567652191986,-0.07059875003286416,-0.042405204719450945,0.058328567652191986,-0.00460744807452883,share,11,True,0.32813022691400245,12,6.070517117711845
dec1_mlp,|Vag| 250hPa,72,7.558339079221089,7.5607064962387085,0.002367417017618815,-0.00023518999417622882,0.005279149611790973,0.03132192129521113,0.011811428389382912,-0.001173401117520899,0.02633853568359689,0.011811428389382912,0.0009329998177668664,share,17,False,0.6090803164506591,12,2.9153524250049063
dec2_attn,|Vag| 250hPa,72,7.558339079221089,7.549309412638347,-0.009029666582743326,-0.010838282108306885,-0.006768232583999637,-0.11946628072782707,-0.045050474600943025,-0.054073951497973484,-0.03376781272317084,0.045050474600943025,-0.0035585945414334983,share,13,True,0.35351170115199876,12,5.731653135745451
dec2_mlp,|Vag| 250hPa,72,7.558339079221089,7.568451126416524,0.01011204719543457,0.007952570915222168,0.013135352730751034,0.13378663075905095,0.05045064744827596,0.03967666920427625,0.06553441028509657,0.05045064744827596,0.003985161093451889,share,12,True,0.5360276022938765,12,3.624719219992417
upsample,|Vag| 250hPa,72,7.558339079221089,7.650171279907227,0.09183220068613689,0.08159639437993367,0.09653944373130798,1.214978578277815,0.4581657790627541,0.40709767729042,0.48165097990640676,0.4581657790627541,0.036191100202309825,share,6,True,0.05484677730574735,12,10.752119564985502
decoder_io,|Vag| 250hPa,72,7.558339079221089,8.704641580581665,1.1463025013605754,1.098499608039856,1.2174778699874877,15.166063461110367,5.719089542158127,5.480593135711368,6.074195027743542,5.719089542158127,0.45175818916383387,share,2,True,0.5677483091699971,12,3.308579737972204
decoder_heads,|Vag| 250hPa,72,7.558339079221089,8.933212836583456,1.3748737573623657,1.3172752936681111,1.4311447143554688,18.190157162200915,6.8594686988695655,6.572100599290964,7.140213651693546,6.8594686988695655,0.5418381956051626,share,1,True,0.18231746093151108,12,8.2991166019752
film,|Vag| 250hPa,72,7.558339079221089,7.55344820022583,-0.004890878995259603,-0.00679336686929067,-0.002411396304766339,-0.06470838293965006,-0.02440139045369796,-0.03389321175875434,-0.012030848202999682,0.02440139045369796,-0.0019274970051058984,share,15,True,0.510782480279383,12,3.8858077276364598
cond_embed,|Vag| 250hPa,72,7.558339079221089,7.608427882194519,0.05008880297342936,0.04316365718841553,0.056495598951975506,0.6626958971863322,0.24990118134135564,0.2153505031477861,0.2818657280784986,0.24990118134135564,0.01974001356692734,share,8,True,0.24692570012489512,12,7.247337670236568
encoder_io,div/vort 850hPa,72,0.4078478068113327,0.4123695641756058,0.004521757364273071,0.003985692312320073,0.0049738616372148195,1.1086874291725202,0.7175462669303971,0.6324794564243981,0.7892895532632288,0.7175462669303971,0.12325862788816326,share,3,True,-0.6009376038560983,12,48.14097101583485
enc0_attn,div/vort 850hPa,72,0.4078478068113327,0.4081217298905055,0.0002739230791727702,5.6881209214528405e-05,0.0004445015142361323,0.06716306293624007,0.04346816227679194,0.009026335568744801,0.07053682373696332,0.04346816227679194,0.007466871874308154,share,13,True,0.3944361131945111,12,5.2112582088959565
enc0_mlp,div/vort 850hPa,72,0.4078478068113327,0.4092438593506813,0.0013960525393486023,0.001113190936545531,0.001633274865647157,0.3422974246847932,0.22153605497789286,0.1766494609397092,0.2591802673836678,0.22153605497789286,0.038055009722433,share,6,True,-0.04038440509942535,12,13.010014559513936
enc1_attn,div/vort 850hPa,72,0.4078478068113327,0.407302829126517,-0.0005449776848157247,-0.001425890438258648,0.00011757264534632341,-0.13362280628073286,-0.08648113372681143,-0.22627095586954912,0.018657306433103676,0.08648113372681143,-0.014855552000821047,share,9,False,0.24970561843912392,12,7.204522765910166
enc1_mlp,div/vort 850hPa,72,0.4078478068113327,0.40598325182994205,-0.0018645549813906352,-0.0034041146437327066,-0.0007945802062749879,-0.4571693043952457,-0.2958815253897223,-0.5401903636211985,-0.12608992806518288,0.2958815253897223,-0.05082592233809438,share,5,True,0.22391006903724694,12,7.609283890342449
enc2_attn,div/vort 850hPa,72,0.4078478068113327,0.40785570442676544,7.897615432739258e-06,-8.469906946023305e-05,9.790373345216115e-05,0.0019364123824730127,0.001253252665918967,-0.013440681621677207,0.015536096432817004,0.001253252665918967,0.00021528117574798659,share,18,False,0.07355114937498608,12,10.355711708727275
enc2_mlp,div/vort 850hPa,72,0.4078478068113327,0.407991756995519,0.00014395018418629965,4.778361568848292e-05,0.0002120270083347956,0.03529507374619521,0.02284309151635068,0.007582661406959356,0.03364603097041919,0.02284309151635068,0.003923939468146163,share,14,True,-0.174653594275154,12,17.078699360085565
downsample,div/vort 850hPa,72,0.4078478068113327,0.41093820085128147,0.0030903940399487815,0.002465014283855756,0.003591991898914178,0.7577321707600537,0.49040683258016604,0.3911668970312286,0.5700041311978821,0.49040683258016604,0.08424108113529476,share,4,True,0.18018809210222658,12,8.335741531885535
dec0_attn,div/vort 850hPa,72,0.4078478068113327,0.40784184883038205,-5.957980950673421e-06,-5.792969216903051e-05,7.51137112577756e-05,-0.0014608343728153325,-0.000945456964006164,-0.009192716683283902,0.011919605314109846,0.000945456964006164,-0.00016240866057214457,share,19,False,-0.4227598917989061,12,29.577152486498896
dec0_mlp,div/vort 850hPa,72,0.4078478068113327,0.4082699343562126,0.00042212754487991333,0.00029302227000395457,0.0005054122457901636,0.10350124184318253,0.06698635499336877,0.046498964679103236,0.08020259403855515,0.06698635499336877,0.011506778843729882,share,11,True,0.1781515306961493,12,8.37089404434998
dec1_attn,div/vort 850hPa,72,0.4078478068113327,0.40791767090559006,6.986409425735474e-05,1.4994665980339052e-05,0.00012385565787553785,0.017129942368348527,0.011086556838039767,0.002379465710184167,0.019654341838195453,0.011086556838039767,0.0019044260235744057,share,16,True,-0.5663332482735006,12,43.3420337262472
dec1_mlp,div/vort 850hPa,72,0.4078478068113327,0.40816768010457355,0.00031987329324086505,0.00021934409936269126,0.0004042793686191241,0.07842957296784876,0.05075988580661355,0.03480716168330088,0.064154072936699,0.05075988580661355,0.008719429205656973,share,12,True,0.5709260728959189,12,3.277612622316003
dec2_attn,div/vort 850hPa,72,0.4078478068113327,0.407784807185332,-6.299962600072224e-05,-0.00012324502070744833,-7.932136456171727e-06,-0.015446846825846827,-0.009997251690681268,-0.019557441366738596,-0.001258730720024722,0.009997251690681268,-0.0017173074167293003,share,17,True,-0.36880222885294983,12,26.02294795240764
dec2_mlp,div/vort 850hPa,72,0.4078478068113327,0.40827006846666336,0.00042226165533065796,0.00035345877210299175,0.0004659999161958695,0.10353412431760188,0.06700763664241269,0.056089480705048135,0.07394835089962401,0.06700763664241269,0.011510434561808622,share,10,True,-0.22666516422378302,12,19.03442246450796
upsample,div/vort 850hPa,72,0.4078478068113327,0.408508559068044,0.0006607522567113241,0.0005618638048569362,0.0007297396659851074,0.1620095157253066,0.10485310842088202,0.08916074950943707,0.11580054633091254,0.10485310842088202,0.01801145218001724,share,8,True,-0.028380613939521505,12,12.701030407915429
decoder_io,div/vort 850hPa,72,0.4078478068113327,0.43075376252333325,0.02290595571200053,0.021674931173523267,0.023764970215658345,5.616299837698197,3.6348883160963883,3.4395401381814774,3.771203160233945,3.6348883160963883,0.6243936691154393,share,1,True,0.30964217498338187,12,6.325616308366473
decoder_heads,div/vort 850hPa,72,0.4078478068113327,0.41323674966891605,0.0053889428575833636,0.004860923190911611,0.005698036712904771,1.321312207049883,0.8551577447990308,0.7713676361833604,0.9042070688006639,0.8551577447990308,0.14689724566860451,share,2,True,-0.07444211823934531,12,13.930306978041918
film,div/vort 850hPa,72,0.4078478068113327,0.4079456627368927,9.785592555999756e-05,5.592256784439087e-05,0.00013382056107123688,0.023993245501321273,0.015528509919037464,0.008874211188542059,0.021235647183080124,0.015528509919037464,0.002667455624786845,share,15,True,-0.47580796041117546,12,33.784747167899695
cond_embed,div/vort 850hPa,72,0.4078478068113327,0.40878910571336746,0.0009412989020347595,0.0007758257910609246,0.0010688615341981251,0.2307966075370358,0.1493723476976758,0.12311383723562172,0.1696149399322446,0.1493723476976758,0.025658875908325354,share,7,True,-0.019931429893628567,12,12.488082499569563
encoder_io,div/vort 500hPa,72,0.25359945620099705,0.2639439565440019,0.010344500343004862,0.009613693536569674,0.010943541768938303,4.079070396273267,1.7238676075397543,1.6020817175295998,1.8236953493832155,1.7238676075397543,0.1629104905729849,share,4,True,-0.3472071050538302,12,24.76510603256347
enc0_attn,div/vort 500hPa,72,0.25359945620099705,0.2537875523169835,0.00018809611598650614,8.390471339225769e-05,0.0002893396963675816,0.07417055178439559,0.03134542903973551,0.013982368673285284,0.04821724719461662,0.03134542903973551,0.002962233990446529,share,14,True,-0.23402687899986538,12,19.33269215591154
enc0_mlp,div/vort 500hPa,72,0.25359945620099705,0.2547226808965206,0.0011232246955235798,0.0007995756653447946,0.0014021944875518481,0.442912895930399,0.1871806858135161,0.1332459319987371,0.23366983193112745,0.1871806858135161,0.0176891178987853,share,8,True,0.20539421582615408,12,7.91049872721586
enc1_attn,div/vort 500hPa,72,0.25359945620099705,0.24063101783394814,-0.012968438367048899,-0.014046654291450977,-0.011739342566579582,-5.113748491940934,-2.1611358770410587,-2.3408160398695284,-1.9563122155072301,2.1611358770410587,-0.204233610738879,share,2,True,0.32555134613690845,12,6.105673590045286
enc1_mlp,div/vort 500hPa,72,0.25359945620099705,0.24581090112527212,-0.007788555075724919,-0.00867928834632039,-0.0070215476366380855,-3.0712033820576847,-1.2979300458586893,-1.4463670105474489,-1.1701114722068529,1.2979300458586893,-0.12265815517122282,share,5,True,-0.19347256554268497,12,17.757202265721794
enc2_attn,div/vort 500hPa,72,0.25359945620099705,0.25360526517033577,5.808969338734944e-06,-5.1129050552845e-05,4.130747790137923e-05,0.0022906079633431427,0.0009680403832175784,-0.00852044188986989,0.006883717989482638,0.0009680403832175784,9.148262490383802e-05,share,19,False,-0.46992205156908706,12,33.27635995996919
enc2_mlp,div/vort 500hPa,72,0.25359945620099705,0.2538379170000553,0.0002384607990582784,0.00014231353998184204,0.00032081815103689827,0.094030485171577,0.039738492293887234,0.023715954715483923,0.053462999675695934,0.039738492293887234,0.0037554028197485313,share,11,True,-0.16102510893131333,12,16.606338825502615
downsample,div/vort 500hPa,72,0.25359945620099705,0.2572777606546879,0.003678304453690847,0.0028648823499679565,0.0044336184859275814,1.4504386203318622,0.6129740140300446,0.47742063113389077,0.7388439304609162,0.6129740140300446,0.05792782281966709,share,6,True,0.358491881220791,12,5.666649563214698
dec0_attn,div/vort 500hPa,72,0.25359945620099705,0.2535493051012357,-5.015109976132711e-05,-0.00011750338599085808,-2.7194929619630584e-06,-0.019775712658302594,-0.008357470491023587,-0.01958144658217888,-0.0004531920992424346,0.008357470491023587,-0.0007898052099169102,share,16,True,0.1233907755882432,12,9.363892709046711
dec0_mlp,div/vort 500hPa,72,0.25359945620099705,0.25438109040260315,0.0007816342016061147,0.0006786013642946879,0.0008759628050029277,0.30821604009537373,0.13025606229547262,0.11308607197552559,0.14597552853051315,0.13025606229547262,0.012309575814203796,share,9,True,-0.5607415732015635,12,42.63754030839102
dec1_attn,div/vort 500hPa,72,0.25359945620099705,0.25340315451224643,-0.00019630168875058493,-0.0002856755629181862,-0.0001237770852943262,-0.07740619467062294,-0.03271285333479788,-0.04760663471903321,-0.020626932265400567,0.03271285333479788,-0.003091459553799364,share,13,True,0.1977149486518466,12,8.038156847766247
dec1_mlp,div/vort 500hPa,72,0.25359945620099705,0.2538268280526002,0.0002273718516031901,0.00011139077444871267,0.00036868822450439125,0.08965786244548585,0.03789056569659501,0.018562805498938583,0.061440346699224435,0.03789056569659501,0.003580768394696955,share,12,True,-0.2799509952996166,12,21.331064751608874
dec2_attn,div/vort 500hPa,72,0.25359945620099705,0.25355082253615063,-4.863366484642029e-05,-0.00011493858570853869,7.777785261471094e-07,-0.019177353758942754,-0.008104596325078336,-0.019154033369370684,0.0001296135301471258,0.008104596325078336,-0.0007659078675414314,share,17,False,-0.20111759094020779,12,18.04196828948292
dec2_mlp,div/vort 500hPa,72,0.25359945620099705,0.25371144711971283,0.00011199091871579488,3.723775347073873e-05,0.00018751307701071098,0.04416055160111758,0.01866281702463526,0.0062055154775228945,0.03124826803910911,0.01866281702463526,0.0017636903574609745,share,15,True,-0.27837892200073067,12,21.258452021026333
upsample,div/vort 500hPa,72,0.25359945620099705,0.2551644518971443,0.0015649956961472828,0.0014201434950033825,0.0017227371533711751,0.6171131908527846,0.2607999707160105,0.23666095876250826,0.28708692315042816,0.2607999707160105,0.02464635392238819,share,7,True,0.25556929341534285,12,7.11483509979468
decoder_io,div/vort 500hPa,72,0.25359945620099705,0.30735354125499725,0.05375408505400022,0.051030502654612064,0.05791724026203155,21.196451230319667,8.95789288268423,8.504019295841966,9.651665241939714,8.95789288268423,0.846546868005166,share,1,True,0.46729944935199125,12,4.356579436187484
decoder_heads,div/vort 500hPa,72,0.25359945620099705,0.2658466659486294,0.012247209747632345,0.011825038741032282,0.012857393672068914,4.829351738800848,2.040946151736099,1.970593123654619,2.142630744234468,2.040946151736099,0.19287533297692985,share,3,True,-0.46876860996432945,12,33.17805319898072
film,div/vort 500hPa,72,0.25359945620099705,0.2536255270242691,2.6070823272069294e-05,-3.8695335388183596e-05,7.819853102167447e-05,0.010280315132618487,0.004344593382995523,-0.0064484153924054925,0.01303145730732312,0.004344593382995523,0.0004105766801744504,share,18,False,0.20912202356006354,12,7.849113267605445
cond_embed,div/vort 500hPa,72,0.25359945620099705,0.2541784718632698,0.0005790156622727712,0.00042611391594012577,0.0007439692194263141,0.22831896840262025,0.09649053229769317,0.07101009739033225,0.12397935094495997,0.09649053229769317,0.009118635261497672,share,10,True,0.20235971730697927,12,7.960748563462114
encoder_io,div/vort 250hPa,72,0.2592812478542328,0.2663709248105685,0.007089676956335704,0.0055508103221654885,0.008313428206990162,2.7343577736564666,2.4870676949599675,1.947231322122658,2.9163611904061435,2.4870676949599675,0.17641302812116977,share,5,True,0.12791785002006295,12,9.278145389376627
enc0_attn,div/vort 250hPa,72,0.2592812478542328,0.25937797253330547,9.672467907269795e-05,-0.00014067916199564934,0.0002878399565815925,0.03730492655106176,0.03393114046079347,-0.04935042898403851,0.10097462292594489,0.03393114046079347,0.0024068083262967516,share,15,False,0.4290382753659262,12,4.794511675241482
enc0_mlp,div/vort 250hPa,72,0.2592812478542328,0.25971577937404317,0.0004345315198103587,-8.205628643433253e-05,0.0008371556488176185,0.16759080087991984,0.15243420991085105,-0.028785449663800852,0.29367526653903614,0.15243420991085105,0.010812484362257823,share,10,False,0.16186385199761724,12,8.656465005548016
enc1_attn,div/vort 250hPa,72,0.2592812478542328,0.241514902561903,-0.017766345292329788,-0.01928619410221775,-0.016009309173872076,-6.852152031572286,-6.232456528864903,-6.765621424751694,-5.6160860234092365,6.232456528864903,-0.44208146449681174,share,2,True,0.0877091688058509,12,10.064721607843545
enc1_mlp,div/vort 250hPa,72,0.2592812478542328,0.2472671022017797,-0.012014145652453104,-0.013875579337279002,-0.01038061253105601,-4.633634615646182,-4.214577577904666,-4.867570882444954,-3.6415320809242733,4.214577577904666,-0.29894899695591726,share,4,True,0.6360095953103206,12,2.669840610224322
enc2_attn,div/vort 250hPa,72,0.2592812478542328,0.25924291958411533,-3.832827011744181e-05,-7.837265729904175e-05,3.4022765854994328e-06,-0.014782507579950348,-0.013445605914046848,-0.027493227877248522,0.0011935229541809426,0.013445605914046848,-0.0009537255696850235,share,17,False,-0.40016452181544326,12,28.010971129346412
enc2_mlp,div/vort 250hPa,72,0.2592812478542328,0.2594694184760253,0.00018817062179247537,1.6320962458848953e-05,0.0002786045583585897,0.0725739417523416,0.06601049349397685,0.005725414392228845,0.09773483348109653,0.06601049349397685,0.004682265411851877,share,11,True,-0.13083592198037902,12,15.612738039845924
downsample,div/vort 250hPa,72,0.2592812478542328,0.2607317976653576,0.0014505498111248016,0.0003573298454284668,0.0021466571216781933,0.5594503355446271,0.5088547189664013,0.12535176433052944,0.7530500490167581,0.5088547189664013,0.036094152977229135,share,7,True,0.05513487621387196,12,10.745907220998056
dec0_attn,div/vort 250hPa,72,0.2592812478542328,0.25924324865142506,-3.7999202807744346e-05,-0.00010103552291790644,2.6338671644528616e-05,-0.014655592381716473,-0.013330168683203126,-0.03544338996545586,0.009239639517950902,0.013330168683203126,-0.0009455373601351458,share,18,False,-0.21965274117456773,12,18.755538292175792
dec0_mlp,div/vort 250hPa,72,0.2592812478542328,0.25976210832595825,0.00048086047172546387,0.0003850969175497691,0.0005458113426963488,0.18545902401542064,0.16868646517707192,0.1350924885527805,0.1914713133367392,0.16868646517707192,0.011965291570168747,share,9,True,-0.5897726822930933,12,46.504148709928614
dec1_attn,div/vort 250hPa,72,0.2592812478542328,0.259108517318964,-0.00017273053526878357,-0.0002622108906507492,-6.209857140978193e-05,-0.06661898486615284,-0.060594091500350895,-0.09198391399503415,-0.021784257845262566,0.060594091500350895,-0.004298068439990814,share,12,True,-0.2752701029102577,12,21.115785751871798
dec1_mlp,div/vort 250hPa,72,0.2592812478542328,0.2594110630452633,0.00012981519103050232,4.896000027656555e-05,0.00023185887063543,0.05006732731534988,0.04553933414956171,0.017175230378340452,0.08133638676328643,0.04553933414956171,0.003230202319070889,share,13,True,0.32187178160195434,12,6.15607257378231
dec2_attn,div/vort 250hPa,72,0.2592812478542328,0.2591828443109989,-9.840354323387146e-05,-0.00015673634285728137,-2.304588754971822e-05,-0.037952433524692714,-0.0345200881441924,-0.054983308456410834,-0.008084526668787517,0.0345200881441924,-0.00244858364445311,share,14,True,-0.05444955710522401,12,13.382040884592763
dec2_mlp,div/vort 250hPa,72,0.2592812478542328,0.2593751462797324,9.389842549959819e-05,4.166333625713986e-06,0.00017651645466685293,0.0362148926220795,0.03293968711211303,0.001461555135834321,0.06192219684120794,0.03293968711211303,0.0023364824208796874,share,16,True,-0.4686077090682876,12,33.1643736831782
upsample,div/vort 250hPa,72,0.2592812478542328,0.2612677377959092,0.001986489941676458,0.0017875805497169495,0.0021072516528268656,0.766152569118017,0.6968631985257536,0.6270855307965445,0.7392265604165749,0.6968631985257536,0.049429996331527636,share,6,True,0.17636072439168424,12,8.401905216965485
decoder_io,div/vort 250hPa,72,0.2592812478542328,0.3036259313424428,0.044344683488210045,0.042651095272352293,0.04658389020090301,17.10292736370218,15.556171377906377,14.962058477393953,16.34168794118214,15.556171377906377,1.103432489718583,share,1,True,0.18446154381090027,12,8.262371645078591
decoder_heads,div/vort 250hPa,72,0.2592812478542328,0.27251863727966946,0.013237389425436655,0.012336287647485733,0.014296295618017514,5.105417200428887,4.643693049538332,4.32758539955437,5.015158688915232,4.643693049538332,0.3293870746640343,share,3,True,0.2595182349175037,12,7.054904752190396
film,div/vort 250hPa,72,0.2592812478542328,0.25925203785300255,-2.9210001230239868e-05,-7.126536220312118e-05,1.915351798137026e-05,-0.011265759275681075,-0.01024690558919601,-0.024999979716510398,0.0067190784727829845,0.01024690558919601,-0.0007268349178935012,share,19,False,0.15174834662783268,12,8.837885350796324
cond_embed,div/vort 250hPa,72,0.2592812478542328,0.25999870027105015,0.0007174524168173472,0.00047599902997414275,0.0009918237725893657,0.2767081779939199,0.25168322048055897,0.16698106522653744,0.34793304110928946,0.25168322048055897,0.017852428843107185,share,8,True,0.2079748487671368,12,7.867963330937297
encoder_io,HypsRel 600-500,72,0.0011585352455331104,0.001206920669776272,4.8385424243161744e-05,4.114315841689353e-05,5.711936347641468e-05,4.176430922556591,0.7664518271978604,0.6517303390137326,0.9048022455040069,0.7664518271978604,0.09069852561989616,share,3,True,0.47189690029684866,12,4.3054898717157
enc0_attn,HypsRel 600-500,72,0.0011585352455331104,0.0011587979108043265,2.62665271216069e-07,-7.978504513093345e-07,1.523665216424991e-06,0.022672186472428055,0.004160762878780174,-0.012638391536333414,0.024135698041994617,0.004160762878780174,0.0004923663107948161,share,19,False,0.546803290562115,12,3.515870793938056
enc0_mlp,HypsRel 600-500,72,0.0011585352455331104,0.0011626596784367184,4.124432903608042e-06,3.543978341808187e-06,5.119384498732058e-06,0.35600409392034915,0.0653332937464556,0.05613857309543831,0.0810938761942576,0.0653332937464556,0.007731253558829858,share,8,True,-0.321958343237337,12,23.396055331746076
enc1_attn,HypsRel 600-500,72,0.0011585352455331104,0.0011132995921001882,-4.523565343292211e-05,-5.253344296371155e-05,-3.695893185086885e-05,-3.9045556539893203,-0.7165577189922505,-0.8321587333032802,-0.5854498806504334,0.7165577189922505,-0.08479427711948759,share,4,True,0.43558360366491183,12,4.717939616146509
enc1_mlp,HypsRel 600-500,72,0.0011585352455331104,0.0011517786066983495,-6.756638834760858e-06,-1.2298259278088831e-05,-1.1953175454121343e-06,-0.5832052896803956,-0.10702888858828954,-0.19481121520550465,-0.018934489695877178,0.10702888858828954,-0.012665326181273523,share,6,True,-0.30724177851405293,12,22.644121506808926
enc2_attn,HypsRel 600-500,72,0.0011585352455331104,0.001156514066527401,-2.0211790057093255e-06,-2.5034971396971447e-06,-1.4695140175020352e-06,-0.1744598633060371,-0.03201659107574746,-0.03965677654209422,-0.023277913161348043,0.03201659107574746,-0.0037887020461049616,share,15,True,0.46742643096171443,12,4.355164043400119
enc2_mlp,HypsRel 600-500,72,0.0011585352455331104,0.0011554316300251726,-3.1036155079377094e-06,-3.639022133017004e-06,-2.652999463227909e-06,-0.26789133260331266,-0.04916298274091628,-0.05764411920927868,-0.04202497586725927,0.04916298274091628,-0.005817730340574177,share,11,True,-0.11896829671075382,12,15.240790439661065
downsample,HypsRel 600-500,72,0.0011585352455331104,0.0011519419448500449,-6.593300683065465e-06,-1.0035584113907934e-05,-3.6625156837438045e-06,-0.5691066118606947,-0.104441522108068,-0.15896919168151405,-0.05801627002046986,0.104441522108068,-0.012359148654301754,share,7,True,0.2214628675195421,12,7.648571101254559
dec0_attn,HypsRel 600-500,72,0.0011585352455331104,0.0011561929829576358,-2.342262575474541e-06,-2.935237918069432e-06,-1.6231195011630364e-06,-0.2021744771689469,-0.037102732048553785,-0.04649578877842969,-0.025711108807787462,0.037102732048553785,-0.004390573515333505,share,14,True,0.46095409490004985,12,4.427620884037388
dec0_mlp,HypsRel 600-500,72,0.0011585352455331104,0.001158122390520481,-4.128550126294e-07,-9.87758244925453e-07,3.7652388941448844e-07,-0.03563594756579211,-0.006539851282637468,-0.015646635810160552,0.00596434623731062,0.006539851282637468,-0.0007738971296828569,share,18,False,0.1296187128470741,12,9.246106962508403
dec1_attn,HypsRel 600-500,72,0.0011585352455331104,0.0011549041112231973,-3.6311343099128526e-06,-3.974185866435534e-06,-3.308214735766511e-06,-0.3134245871166357,-0.057519171737486184,-0.06295329774614755,-0.05240394744186791,0.057519171737486184,-0.006806564856842397,share,10,True,0.1478665880771723,12,8.908353156444042
dec1_mlp,HypsRel 600-500,72,0.0011585352455331104,0.0011559664974122444,-2.5687481208656695e-06,-2.976939467638052e-06,-2.1506942970780125e-06,-0.22172377843227697,-0.0406903881002307,-0.04715636434150059,-0.034068184779271156,0.0406903881002307,-0.004815120894270594,share,13,True,0.046855457792560444,12,10.925801094457988
dec2_attn,HypsRel 600-500,72,0.0011585352455331104,0.0011545780187431605,-3.9572267899498285e-06,-4.472467415700764e-06,-3.1016796274309346e-06,-0.3415715495240609,-0.06268465661375333,-0.0708463525217764,-0.04913231732514566,0.06268465661375333,-0.007417825533331538,share,9,True,0.41486109954294265,12,4.962795858726323
dec2_mlp,HypsRel 600-500,72,0.0011585352455331104,0.0011559594645062857,-2.5757810268246255e-06,-3.367696095432427e-06,-1.5476765158916551e-06,-0.22233082996446574,-0.04080179321255674,-0.05334616501075897,-0.02451605027900576,0.04080179321255674,-0.0048283040834495305,share,12,True,0.5103971997752277,12,3.889859967677112
upsample,HypsRel 600-500,72,0.0011585352455331104,0.001158058657621055,-4.7658791205524323e-07,-9.673155026511963e-07,9.027600495605717e-08,-0.041137109457204044,-0.007549415588037945,-0.015322811488805071,0.001430021747933149,0.007549415588037945,-0.0008933645127186077,share,17,False,0.38844195778471297,12,5.2855623279294175
decoder_io,HypsRel 600-500,72,0.0011585352455331104,0.0017310088429676582,0.0005724735974345481,0.0005376573715585,0.0005988774015533103,49.4135676615621,9.068297770237141,8.516789534932128,9.486548601522552,9.068297770237141,1.0731023248384484,share,1,True,0.6738370332898994,12,2.338313421604964
decoder_heads,HypsRel 600-500,72,0.0011585352455331104,0.0012639805333962536,0.00010544528786314332,0.00010179500152448583,0.00010855606606856579,9.101603794075487,1.6703115621339744,1.612489011689874,1.7195880059566262,1.6703115621339744,0.19765729643476798,share,2,True,-0.0040374465363008484,12,12.097291526206718
film,HypsRel 600-500,72,0.0011585352455331104,0.0011565306621673717,-2.004583365738694e-06,-2.4157061446629183e-06,-1.4845013608638845e-06,-0.17302739588352076,-0.0317537069783572,-0.03826611872296782,-0.023515320952727584,0.0317537069783572,-0.003757593502559069,share,16,True,0.31715747114694165,12,6.221055967667643
cond_embed,HypsRel 600-500,72,0.0011585352455331104,0.0011419482926929342,-1.6586952840176176e-05,-1.741968498093354e-05,-1.4972692162488214e-05,-1.4317175851256507,-0.26274648844883275,-0.27593742519958514,-0.23717570829467394,0.26274648844883275,-0.031092259511258602,share,5,True,-0.2331274468787443,12,19.29594337718485
encoder_io,|DryAir Md err|,72,198370222844586.66,204921479626752.0,6551256782165.333,731862427238.4,11454391447278.926,3.302540415704388,0.15042359102840075,0.016804313752997915,0.2630046038243068,0.15042359102840075,-0.044799498746867165,share,10,True,0.11080046627476271,12,9.606040624458528
enc0_attn,|DryAir Md err|,72,198370222844586.66,171111497072640.0,-27258725771946.668,-28404050384213.332,-26434092051114.668,-13.741339491916861,-0.6258883682650241,-0.6521861988643948,-0.6069539302334772,0.6258883682650241,0.18640350877192982,share,4,True,0.31598168497190415,12,6.237335879421751
enc0_mlp,|DryAir Md err|,72,198370222844586.66,195942134666581.34,-2428088178005.3335,-4123168604160.0,-687194767360.0,-1.2240184757505774,-0.05575140087066602,-0.09467219015773473,-0.015778698359622458,0.05575140087066602,0.01660401002506266,share,16,True,0.14082419830276172,12,9.037421923295033
enc1_attn,|DryAir Md err|,72,198370222844586.66,166713450561536.0,-31656772283050.668,-39124288755029.336,-24830637593941.332,-15.958429561200926,-0.7268720377666078,-0.8983338932745052,-0.570136967394358,0.7268720377666078,0.21647869674185466,share,3,True,0.5780869973439107,12,3.2082870211810683
enc1_mlp,|DryAir Md err|,72,198370222844586.66,182931247071232.0,-15438975773354.666,-27396164725418.668,-6000355643665.072,-7.782909930715935,-0.35449475647951784,-0.6290441079369486,-0.13777433451010354,0.35449475647951784,0.1055764411027569,share,6,True,0.6900012431271413,12,2.2011729858795404
enc2_attn,|DryAir Md err|,72,198370222844586.66,200248555208704.0,1878332364117.3333,1511828488192.0,2565527131477.3335,0.9468822170900693,0.043128442182968046,0.0347131363911694,0.058907140542590504,0.043128442182968046,-0.012844611528822054,share,17,True,0.2842465753424658,12,6.688
enc2_mlp,|DryAir Md err|,72,198370222844586.66,201119001914026.66,2748779069440.0,2107397286570.6667,3573412790272.0,1.3856812933025404,0.06311479343848983,0.0483880083028422,0.08204923147003677,0.06311479343848983,-0.018796992481203006,share,15,True,0.3825441875374911,12,5.359300495666205
downsample,|DryAir Md err|,72,198370222844586.66,180365719939754.66,-18004502904832.0,-21486289726122.668,-14522716083541.334,-9.07621247113164,-0.41340189702210833,-0.49334730204419547,-0.33345649200002125,0.41340189702210833,0.1231203007518797,share,5,True,0.2902101411509755,12,6.601620956559829
dec0_attn,|DryAir Md err|,72,198370222844586.66,198416035829077.34,45812984490.666664,-229064922453.33334,366503875925.3333,0.023094688221709004,0.0010519132239748302,-0.0052595661198741525,0.008415305791798642,0.0010519132239748302,-0.0003132832080200501,share,19,False,0.22043335708870276,12,7.665145876749128
dec0_mlp,|DryAir Md err|,72,198370222844586.66,204921479626752.0,6551256782165.333,5360119185408.0,8200524223829.333,3.302540415704388,0.15042359102840075,0.12307384720505515,0.18829246709149464,0.15042359102840075,-0.044799498746867165,share,11,True,0.4663107653532249,12,4.367608127202526
dec1_attn,|DryAir Md err|,72,198370222844586.66,199698799394816.0,1328576550229.3333,1007885658794.6666,1786706395136.0,0.6697459584295612,0.03050548349527008,0.02314209092744627,0.04102461573501839,0.03050548349527008,-0.009085213032581453,share,18,True,-0.26722012163494235,12,20.751991025664648
dec1_mlp,|DryAir Md err|,72,198370222844586.66,205929365285546.66,7559142440960.0,7101012596053.333,8200524223829.333,3.8106235565819864,0.173565681955847,0.1630465497160987,0.18829246709149464,0.173565681955847,-0.05169172932330827,share,9,True,0.06461897962995289,12,10.54327647656824
dec2_attn,|DryAir Md err|,72,198370222844586.66,207853510634154.66,9483287789568.0,9025157944661.334,10262108525909.334,4.780600461893765,0.21774603736278988,0.2072269051230416,0.23562856217036202,0.21774603736278988,-0.06484962406015038,share,8,True,0.2379377014594046,12,7.38708221884381
dec2_mlp,|DryAir Md err|,72,198370222844586.66,193468233504085.34,-4901989340501.333,-5726623061333.333,-4168981588650.6665,-2.4711316397228638,-0.11255471496530685,-0.1314891529968538,-0.09572410338170956,0.11255471496530685,0.03352130325814536,share,12,True,0.24155543254726183,12,7.330590782209317
upsample,|DryAir Md err|,72,198370222844586.66,193743111411029.34,-4627111433557.333,-5589184107861.333,-3390160852309.3335,-2.33256351039261,-0.10624323562145786,-0.1283334133249293,-0.07784157857413745,0.10624323562145786,0.03164160401002506,share,13,True,0.13197763438314863,12,9.201832325139867
decoder_io,|DryAir Md err|,72,198370222844586.66,145502038742357.34,-52868184102229.336,-59144562977450.664,-47462251932330.664,-26.6512702078522,-1.2139078604669544,-1.358019972151506,-1.0897821000379242,1.2139078604669544,0.36152882205513787,share,1,True,0.3850416412946708,12,5.327998873424446
decoder_heads,|DryAir Md err|,72,198370222844586.66,231996953460736.0,33626730616149.332,32023276158976.0,36054818794154.664,16.95150115473441,0.7721043063975255,0.7352873435584064,0.8278557072681915,0.7721043063975255,-0.2299498746867168,share,2,True,0.5159378167976584,12,3.8317839518633954
film,|DryAir Md err|,72,198370222844586.66,201485505789952.0,3115282945365.3335,2611340115968.0,3756664728234.6665,1.5704387990762128,0.07153009923028847,0.05995905376656533,0.08625688436593609,0.07153009923028847,-0.02130325814536341,share,14,True,0.4544763222638206,12,4.50078425659428
cond_embed,|DryAir Md err|,72,198370222844586.66,212847125943637.34,14476903099050.666,12461131781461.334,16171983525205.334,7.297921478060045,0.3324045787760464,0.2861203969211539,0.37132536806311517,0.3324045787760464,-0.09899749373433583,share,7,True,0.10907041501937322,12,9.639744127139815
encoder_io,neg-q fraction,72,0.00045402891415354435,0.0005923737122467779,0.0001383447980932336,5.533962251765464e-05,0.0002553031966546843,30.470481896764817,0.5601029772083179,0.22404808678700028,1.0336209420806783,0.5601029772083179,0.04948621889551863,share,3,True,0.7037933044767926,12,2.0862157028900947
enc0_attn,neg-q fraction,72,0.00045402891415354435,0.0004301326552346533,-2.389625891889106e-05,-4.6704806917811464e-05,-8.890617217123995e-06,-5.263157956237514,-0.09674643318060781,-0.18908915814078084,-0.035994567494867256,0.09674643318060781,-0.008547740977201727,share,5,True,0.5928208886544004,12,3.0676075200614465
enc0_mlp,neg-q fraction,72,0.00045402891415354435,0.00046544842501816674,1.1419510864622376e-05,5.407574161608864e-06,1.9463238913886016e-05,2.515150579322026,0.04623305047745454,0.021893113648918872,0.07879890109375591,0.04623305047745454,0.004084782529702469,share,16,True,-0.3534864879168165,12,25.12219397034357
enc1_attn,neg-q fraction,72,0.00045402891415354435,0.0004155104902376176,-3.851842391592678e-05,-6.112265194246902e-05,-2.164574025679637e-05,-8.483694036917779,-0.15594575444855746,-0.24746126923234923,-0.08763497962199535,0.15594575444855746,-0.013778119478907684,share,4,True,0.5394523436591486,12,3.5899597014832043
enc1_mlp,neg-q fraction,72,0.00045402891415354435,0.0004301388408597025,-2.389007329384185e-05,-4.97289468114559e-05,-2.1982655776279747e-06,-5.26179557052674,-0.09672139004885506,-0.20133269589044878,-0.008899901634857434,0.09672139004885506,-0.008545528366395903,share,6,True,0.5120651282159125,12,3.8723321847370613
enc2_attn,neg-q fraction,72,0.00045402891415354435,0.00043441110127181065,-1.9617812881733698e-05,-3.926747592023124e-05,-7.109981153045435e-06,-4.320828975905114,-0.07942470951433739,-0.15897836762575868,-0.02878548139578044,0.07942470951433739,-0.0070173320276382765,share,12,True,0.5265606186174268,12,3.7216161004705373
enc2_mlp,neg-q fraction,72,0.00045402891415354435,0.0004328963338669685,-2.113258028657583e-05,-4.076183028397888e-05,-8.152087868514491e-06,-4.654456936068431,-0.08555739932214948,-0.1650284131618057,-0.03300455635882777,0.08555739932214948,-0.007559167444690222,share,7,True,0.5279469577572162,12,3.70735154002217
downsample,neg-q fraction,72,0.00045402891415354435,0.0004624559829646084,8.427068811063995e-06,1.2984440900254413e-07,2.013097777838387e-05,1.8560643492881408,0.03411784465531818,0.0005256882879482586,0.08150230975933437,0.03411784465531818,0.003014379850775952,share,18,True,-0.32394826669687854,12,23.500241797677802
dec0_attn,neg-q fraction,72,0.00045402891415354435,0.000434287450540675,-1.9741463612869364e-05,-3.98044286005946e-05,-7.026827504811737e-06,-4.348063085293542,-0.07992532206788203,-0.16115227513103997,-0.02844882539871115,0.07992532206788203,-0.007061562148552882,share,11,True,0.5387154223443966,12,3.5974260421939794
dec0_mlp,neg-q fraction,72,0.00045402891415354435,0.00043400922972599193,-2.001968442755242e-05,-4.107187455322977e-05,-5.5757446716597825e-06,-4.409341300404962,-0.08105172731602359,-0.1662836589004765,-0.022573969052637647,0.08105172731602359,-0.007161082306350334,share,9,True,0.5481079190488581,12,3.502795189333672
dec1_attn,neg-q fraction,72,0.00045402891415354435,0.00043423798877029185,-1.9790925383252517e-05,-3.9819427729526066e-05,-6.837788426613166e-06,-4.358957054563178,-0.08012557307284521,-0.16121300062911315,-0.027683481475650303,0.08012557307284521,-0.007079254725576928,share,10,True,0.5574783244549851,12,3.409524243875702
dec1_mlp,neg-q fraction,72,0.00045402891415354435,0.0004379043480942831,-1.612456605926127e-05,-3.35813647628432e-05,-4.331777828762533e-06,-3.5514403502963323,-0.06528194468069526,-0.1359575686373922,-0.017537642845521235,0.06528194468069526,-0.0057677904525626,share,15,True,0.6157315888184605,12,2.8539523309998116
dec2_attn,neg-q fraction,72,0.00045402891415354435,0.0004338917538007081,-2.0137160352836265e-05,-4.120838014500805e-05,-6.21828429719548e-06,-4.4352154070139775,-0.08152734054043584,-0.16683631566397167,-0.025175356037888265,0.08152734054043584,-0.007203103686508279,share,8,True,0.5812578439414596,12,3.1777903217715284
dec2_mlp,neg-q fraction,72,0.00045402891415354435,0.0004454349279967573,-8.593986156787045e-06,-1.8984993463770176e-05,-2.2299511272194757e-06,-1.892827943085738,-0.034793626495877056,-0.0768626757774582,-0.009028183803072543,0.034793626495877056,-0.003074086528741127,share,17,True,0.3717502441529502,12,5.495896284545512
upsample,neg-q fraction,72,0.00045402891415354435,0.0004352581477746753,-1.877076637886906e-05,-3.621240290764642e-05,-7.332404363088095e-06,-4.1342667380256595,-0.07599535564901426,-0.14660959399984788,-0.02968598436995926,0.07599535564901426,-0.006714341750929829,share,13,True,0.6186981480741092,12,2.82672975721549
decoder_io,neg-q fraction,72,0.00045402891415354435,0.0026405891500568637,0.0021865602359033196,0.001309013127618641,0.0033359568308393736,481.59052600862873,8.852511369089713,5.299672702473895,13.505960314693935,8.852511369089713,0.7821370948058853,share,1,True,0.6826564887685429,12,2.2631607581203164
decoder_heads,neg-q fraction,72,0.00045402891415354435,0.0014585435699245863,0.001004514655771042,0.0004984728718066359,0.0017131596568409197,221.2446442191418,4.0668796882957565,2.0181180890395356,6.935901005711255,4.0668796882957565,0.3593169589632269,share,2,True,0.7150326405751868,12,1.9939027585800886
film,neg-q fraction,72,0.00045402891415354435,0.0004354992689172832,-1.8529645236261178e-05,-3.837018081374784e-05,-5.873596410784439e-06,-4.081159736446827,-0.0750191521942842,-0.15534557718113995,-0.023779852093776404,0.0750191521942842,-0.0066280922221590415,share,14,True,0.5053516041628955,12,3.9431191580959966
cond_embed,neg-q fraction,72,0.00045402891415354435,0.000446659094923992,-7.369819229552377e-06,-2.496695332041554e-05,4.8178898964579186e-06,-1.623204822382752,-0.029837462259893168,-0.10108124829646052,0.019505716962696106,0.029837462259893168,-0.0026361995003834474,share,19,False,0.36244395112059935,12,5.615403540277888
encoder_io,|neg-q mass|,72,5574049610.666667,8819489493.333334,3245439882.6666665,1329295765.6,5771735470.133332,58.224093959553144,0.9861660443993517,0.4039225480650201,1.7538114226981123,0.9861660443993517,0.02839163508398431,share,3,True,-0.21955188443606885,12,18.75156377648274
enc0_attn,|neg-q mass|,72,5574049610.666667,5188078168.0,-385971442.6666667,-553088104.0,-267557641.53333336,-6.9244350091190485,-0.11728207719963855,-0.16806248996911033,-0.08130061579909638,0.11728207719963855,-0.003376540854001851,share,7,True,0.12803311002951873,12,9.275971234010996
enc0_mlp,|neg-q mass|,72,5574049610.666667,5973052293.333333,399002682.6666667,72272678.93333334,805968344.0,7.158219078336212,0.12124177661451707,0.0219609250143519,0.24490320032072227,0.12124177661451707,0.0034905402575180922,share,6,True,-0.3168285351897899,12,23.130272905451886
enc1_attn,|neg-q mass|,72,5574049610.666667,4375805914.666667,-1198243696.0,-2366988552.133333,-479439470.53333336,-21.496825103727193,-0.3641007963887607,-0.7192380145639642,-0.14568346457746975,0.3641007963887607,-0.010482430421901234,share,4,True,-0.162627691272847,12,16.66108629324175
enc1_mlp,|neg-q mass|,72,5574049610.666667,6107234656.0,533185045.3333333,-577467840.8,2173116617.599999,9.565487976874381,0.1620147055866039,-0.17547056698571445,0.6603276893966731,0.1620147055866039,0.004664389354488138,share,5,False,0.11415872624321513,12,9.540916419444642
enc2_attn,|neg-q mass|,72,5574049610.666667,5420574477.333333,-153475133.33333334,-305749101.6666666,-45263092.600000046,-2.7533865690689003,-0.04663526998646351,-0.09290555150309047,-0.013753736504263018,0.04663526998646351,-0.0013426253874977043,share,12,True,0.12523463645233618,12,9.328884858777286
enc2_mlp,|neg-q mass|,72,5574049610.666667,5415064285.333333,-158985325.33333334,-379625828.79999995,64863498.666666664,-2.8522409457765554,-0.04830960827186599,-0.11535388590587946,0.01970955624463778,0.04830960827186599,-0.0013908294418517,share,10,False,-0.13531692559183067,12,15.75583414354069
downsample,|neg-q mass|,72,5574049610.666667,5944920613.333333,370871002.6666667,134669658.66666666,614964848.2666664,6.653528916516224,0.11269362641272893,0.04092099973788295,0.18686448487268872,0.11269362641272893,0.0032444397528915356,share,8,True,-0.31454029693606983,12,23.012999148925335
dec0_attn,|neg-q mass|,72,5574049610.666667,5453319104.0,-120730506.66666667,-290991112.6666667,29020848.133333314,-2.1659388613196624,-0.03668542031349182,-0.08842115858207271,0.008818334661385891,0.03668542031349182,-0.0010561700763867122,share,15,False,0.07478055201162175,12,10.330139817919301
dec0_mlp,|neg-q mass|,72,5574049610.666667,5572600021.333333,-1449589.3333333333,-247208244.66666666,299589434.6666667,-0.026006035729559274,-0.00044047519921466735,-0.07511720617222503,0.09103386240706075,0.00044047519921466735,-1.2681242870479378e-05,share,19,False,-0.13142612229467146,12,15.631501034091905
dec1_attn,|neg-q mass|,72,5574049610.666667,5416205904.0,-157843706.66666666,-309023886.93333334,-25655803.86666679,-2.831759989444878,-0.04796271367346903,-0.09390063449628781,-0.007795825382625025,0.04796271367346903,-0.0013808423763811072,share,11,True,0.2850695976376227,12,6.676031278087843
dec1_mlp,|neg-q mass|,72,5574049610.666667,5501507349.333333,-72542261.33333333,-249160664.4,125839246.26666631,-1.3014283402593745,-0.022042840877427212,-0.07571047245200173,0.03823777244612734,0.022042840877427212,-0.0006346114814644873,share,16,False,0.02201308454622001,12,11.483065298186613
dec2_attn,|neg-q mass|,72,5574049610.666667,5439155714.666667,-134893896.0,-320608700.79999995,31287575.86666648,-2.4200340043953505,-0.04098913695564534,-0.09742081988841599,0.009507107217134098,0.04098913695564534,-0.0011800737061079276,share,14,False,-0.0478492957083827,12,13.206093837693016
dec2_mlp,|neg-q mass|,72,5574049610.666667,5555778400.0,-18271210.666666668,-105213692.53333333,93169344.0,-0.32779060006395233,-0.005551927689607601,-0.031970449225204076,0.028310628683180992,0.005551927689607601,-0.00015983951776803922,share,18,False,0.2683269965392807,12,6.922564973769134
upsample,|neg-q mass|,72,5574049610.666667,5305461565.333333,-268588045.3333333,-417098496.53333336,-140688159.0,-4.818544219975281,-0.08161371641914085,-0.12674040787137295,-0.042749793639948006,0.08161371641914085,-0.0023496518335625115,share,9,True,0.12186449027162576,12,9.392958069462669
decoder_io,|neg-q mass|,72,5574049610.666667,73887555498.66667,68313505888.0,40629299730.13333,104815338369.33327,1225.5632916734944,20.757882541723877,12.345702662857327,31.849404508806753,20.757882541723877,0.5976176421687598,share,1,True,0.6475273285012089,12,2.567284915287759
decoder_heads,|neg-q mass|,72,5574049610.666667,28941269602.666668,23367219992.0,10566936060.8,41219527677.86666,419.2144244156671,7.10041157477416,3.2108909464493385,12.525050542206078,7.10041157477416,0.20442023482959304,share,2,True,0.6967719302097953,12,2.144505559466998
film,|neg-q mass|,72,5574049610.666667,5532933674.666667,-41115936.0,-250668612.13333336,191815040.66666615,-0.7376313250122375,-0.012493572961696862,-0.07616868055478761,0.05828531316226984,0.012493572961696862,-0.00035968888448159554,share,17,False,-0.026871390183749264,12,12.66272161552393
cond_embed,|neg-q mass|,72,5574049610.666667,5428960429.333333,-145089181.33333334,-316008097.0,5800002.133333181,-2.602940258294192,-0.04408709734689894,-0.09602287094610906,0.0017624005891729074,0.04408709734689894,-0.0012692637177014433,share,13,False,-0.33544480914004166,12,24.114381965692175
encoder_io,EffRes Z500,72,55.636112936486484,55.636112936486484,0.0,0.0,0.0,0.0,0.0,0.0,0.0,0.0,0.0,colmax,1,False,0.0,12,12.0
enc0_attn,EffRes Z500,72,55.636112936486484,55.636112936486484,0.0,0.0,0.0,0.0,0.0,0.0,0.0,0.0,0.0,colmax,2,False,0.0,12,12.0
enc0_mlp,EffRes Z500,72,55.636112936486484,55.636112936486484,0.0,0.0,0.0,0.0,0.0,0.0,0.0,0.0,0.0,colmax,3,False,0.0,12,12.0
enc1_attn,EffRes Z500,72,55.636112936486484,55.636112936486484,0.0,0.0,0.0,0.0,0.0,0.0,0.0,0.0,0.0,colmax,4,False,0.0,12,12.0
enc1_mlp,EffRes Z500,72,55.636112936486484,55.636112936486484,0.0,0.0,0.0,0.0,0.0,0.0,0.0,0.0,0.0,colmax,5,False,0.0,12,12.0
enc2_attn,EffRes Z500,72,55.636112936486484,55.636112936486484,0.0,0.0,0.0,0.0,0.0,0.0,0.0,0.0,0.0,colmax,6,False,0.0,12,12.0
enc2_mlp,EffRes Z500,72,55.636112936486484,55.636112936486484,0.0,0.0,0.0,0.0,0.0,0.0,0.0,0.0,0.0,colmax,7,False,0.0,12,12.0
downsample,EffRes Z500,72,55.636112936486484,55.636112936486484,0.0,0.0,0.0,0.0,0.0,0.0,0.0,0.0,0.0,colmax,8,False,0.0,12,12.0
dec0_attn,EffRes Z500,72,55.636112936486484,55.636112936486484,0.0,0.0,0.0,0.0,0.0,0.0,0.0,0.0,0.0,colmax,9,False,0.0,12,12.0
dec0_mlp,EffRes Z500,72,55.636112936486484,55.636112936486484,0.0,0.0,0.0,0.0,0.0,0.0,0.0,0.0,0.0,colmax,10,False,0.0,12,12.0
dec1_attn,EffRes Z500,72,55.636112936486484,55.636112936486484,0.0,0.0,0.0,0.0,0.0,0.0,0.0,0.0,0.0,colmax,11,False,0.0,12,12.0
dec1_mlp,EffRes Z500,72,55.636112936486484,55.636112936486484,0.0,0.0,0.0,0.0,0.0,0.0,0.0,0.0,0.0,colmax,12,False,0.0,12,12.0
dec2_attn,EffRes Z500,72,55.636112936486484,55.636112936486484,0.0,0.0,0.0,0.0,0.0,0.0,0.0,0.0,0.0,colmax,13,False,0.0,12,12.0
dec2_mlp,EffRes Z500,72,55.636112936486484,55.636112936486484,0.0,0.0,0.0,0.0,0.0,0.0,0.0,0.0,0.0,colmax,14,False,0.0,12,12.0
upsample,EffRes Z500,72,55.636112936486484,55.636112936486484,0.0,0.0,0.0,0.0,0.0,0.0,0.0,0.0,0.0,colmax,15,False,0.0,12,12.0
decoder_io,EffRes Z500,72,55.636112936486484,55.636112936486484,0.0,0.0,0.0,0.0,0.0,0.0,0.0,0.0,0.0,colmax,16,False,0.0,12,12.0
decoder_heads,EffRes Z500,72,55.636112936486484,55.636112936486484,0.0,0.0,0.0,0.0,0.0,0.0,0.0,0.0,0.0,colmax,17,False,0.0,12,12.0
film,EffRes Z500,72,55.636112936486484,55.636112936486484,0.0,0.0,0.0,0.0,0.0,0.0,0.0,0.0,0.0,colmax,18,False,0.0,12,12.0
cond_embed,EffRes Z500,72,55.636112936486484,55.636112936486484,0.0,0.0,0.0,0.0,0.0,0.0,0.0,0.0,0.0,colmax,19,False,0.0,12,12.0
encoder_io,DKE<1000km 500hPa,72,0.4567581117153168,0.4562339782714844,-0.0005241855978965759,-0.0034125370904803274,0.0031877266243100083,-0.11476218316674072,-0.03766641726890212,-0.24521476078592744,0.22906054964550923,0.03766641726890212,-0.019787744297230264,share,10,False,0.0016332050213913713,12,11.960866991712244
enc0_attn,DKE<1000km 500hPa,72,0.4567581117153168,0.4568643271923065,0.00010618070761362712,-0.0006337091947595278,0.0008234594017267221,0.023246594078178917,0.0076298296918704735,-0.045536457034941094,0.05917134227628848,0.0076298296918704735,0.004008268636125282,share,16,False,-0.2756579683197149,12,21.133518352271015
enc0_mlp,DKE<1000km 500hPa,72,0.4567581117153168,0.4544130861759186,-0.0023450031876564026,-0.0029233263184626898,-0.0014234005783994995,-0.5134015250100652,-0.1685049511425133,-0.21006153043164025,-0.10228133001351657,0.1685049511425133,-0.08852269814305382,share,3,True,-0.3336915760260328,12,24.019355506358846
enc1_attn,DKE<1000km 500hPa,72,0.4567581117153168,0.4552546441555023,-0.0015035072962443035,-0.007571401509145896,0.007337477492789423,-0.3291692492439746,-0.10803756038781984,-0.544058382561959,0.5272492988239529,0.10803756038781984,-0.05675664887872847,share,5,False,0.4041035765889547,12,5.092756118679055
enc1_mlp,DKE<1000km 500hPa,72,0.4567581117153168,0.4718686044216156,0.015110472838083902,0.01153091937303543,0.019534264877438545,3.3082001080128736,1.0857936145776694,0.8285775540985286,1.4036741468429912,1.0857936145776694,0.5704127964027771,share,2,True,-0.23815732875291865,12,19.50256726984554
enc2_attn,DKE<1000km 500hPa,72,0.4567581117153168,0.4566687047481537,-8.943676948547363e-05,-0.00033614362279574077,0.00017321606477101645,-0.019580772464409858,-0.006426660122178965,-0.02415428048636114,0.012446790983047153,0.006426660122178965,-0.0033761933415386554,share,17,False,-0.31618196587711894,12,23.097056237752334
enc2_mlp,DKE<1000km 500hPa,72,0.4567581117153168,0.45650479197502136,-0.00025337934494018555,-0.0009678255145748456,0.0003027839586138722,-0.05547341802479594,-0.018207085757669297,-0.06954506156168502,0.021757154285132255,0.018207085757669297,-0.009564943615382088,share,12,False,0.04028920146850142,12,11.070507668560747
downsample,DKE<1000km 500hPa,72,0.4567581117153168,0.4560389816761017,-0.0007191374897956848,-0.0036284465963641803,0.002827376872301101,-0.1574438303096721,-0.05167508011103265,-0.2607293754063548,0.20316688874300018,0.05167508011103265,-0.02714708076629895,share,8,False,-0.3291133570739492,12,23.773554672850185
dec0_attn,DKE<1000km 500hPa,72,0.4567581117153168,0.4567805528640747,2.2463500499725342e-05,-0.0001779010519385338,0.00024030655622482258,0.004918029738436832,0.0016141603022633772,-0.012783440219995435,0.017267714060703654,0.0016141603022633772,0.0008479859150898906,share,19,False,-0.5200823516385905,12,38.0085797676822
dec0_mlp,DKE<1000km 500hPa,72,0.4567581117153168,0.4582839012145996,0.001525809367497762,0.0004352182770768801,0.0022102838382124894,0.3340519365907034,0.10964012086480436,0.03127349033092828,0.15882441956989524,0.10964012086480436,0.057598540920465034,share,4,True,-0.3156204349947096,12,23.06825923391572
dec1_attn,DKE<1000km 500hPa,72,0.4567581117153168,0.45654258131980896,-0.00021554281314214072,-0.000638166939218839,0.00021042022854089715,-0.04718970513755602,-0.015488265171159341,-0.045856777287073776,0.015120171484762863,0.015488265171159341,-0.008136633453259979,share,14,False,-0.00704421735399019,12,12.170260568950264
dec1_mlp,DKE<1000km 500hPa,72,0.4567581117153168,0.45698288083076477,0.0002247542142868042,-0.0001593440150221189,0.0007128434255719183,0.049206396381321876,0.01615016904745507,-0.011449986766537494,0.05122280738488187,0.01615016904745507,0.008484359241990593,share,13,False,-0.24569738801743826,12,19.81746903529858
dec2_attn,DKE<1000km 500hPa,72,0.4567581117153168,0.45678719878196716,2.9064714908599854e-05,-0.0003154424329598745,0.00047303133954604455,0.0063632616947403246,0.0020885039267427644,-0.02266675458437262,0.03399062448130154,0.0020885039267427644,0.0010971784592920938,share,18,False,0.2103172074716844,12,7.8295123392777874
dec2_mlp,DKE<1000km 500hPa,72,0.4567581117153168,0.45646584033966064,-0.00029228876034418744,-0.0007363077873984973,0.00018010313312212612,-0.06399202188461793,-0.02100300056757094,-0.05290888660387408,0.012941675221212602,0.02100300056757094,-0.011033754597329389,share,11,False,0.12213156271509407,12,9.387866447611483
upsample,DKE<1000km 500hPa,72,0.4567581117153168,0.4573535919189453,0.0005954727530479431,1.79373969634374e-05,0.0013239378109574315,0.13036938334497078,0.04278890011203844,0.001288927970272234,0.0951342315120963,0.04278890011203844,0.022478798770059476,share,9,True,0.08231918633600978,12,10.174604592613326
decoder_io,DKE<1000km 500hPa,72,0.4567581117153168,0.48488858342170715,0.02813047170639038,0.025525165845950444,0.03070492458840211,6.15872385561526,2.0213719902182503,1.834162463580686,2.20636451363381,2.0213719902182503,1.0619112454065378,share,1,True,-0.6309560481199457,12,53.032904286155095
decoder_heads,DKE<1000km 500hPa,72,0.4567581117153168,0.45771193504333496,0.0009537935256958008,-0.0003305715198318163,0.002352847096820672,0.2088180746254492,0.0685367645952068,-0.023753885748034363,0.16906859111428343,0.0685367645952068,0.036005228824592846,share,6,False,0.2146581444183681,12,7.758645764065787
film,DKE<1000km 500hPa,72,0.4567581117153168,0.45687469840049744,0.00011658420165379842,-0.0002024177461862564,0.0004666621486345927,0.02552427529148039,0.008377393816379183,-0.014545136915391887,0.03353295337492486,0.008377393816379183,0.004400995335772773,share,15,False,-0.010479506397346874,12,12.254171747995468
cond_embed,DKE<1000km 500hPa,72,0.4567581117153168,0.4575517177581787,0.0007936060428619385,0.00011676357438166936,0.0016907031337420146,0.17374754746910034,0.057026168741587356,0.00839028300685248,0.12148889624001465,0.057026168741587356,0.029958231420137572,share,7,True,-0.24797421557839786,12,19.913799363221134
encoder_io,DKEpert<1000km 500hPa,72,0.0,0.13411705195903778,0.13411704761286578,0.12342523665477832,0.14686560633902748,nan,nan,nan,nan,0.0,0.28690475875503657,share,3,True,0.3082794403309187,12,6.344704701565435
enc0_attn,DKEpert<1000km 500hPa,72,0.0,0.0064103505574166775,0.006410350324586034,0.005639548522109786,0.0071209371866037445,nan,nan,nan,nan,0.0,0.013713096479124975,share,11,True,0.09377385298992515,12,9.942378613635652
enc0_mlp,DKEpert<1000km 500hPa,72,0.0,0.022953063249588013,0.022953062240655225,0.019567782959590354,0.026143532417093714,nan,nan,nan,nan,0.0,0.04910145952402249,share,7,True,0.6248714567665453,12,2.7703991599184197
enc1_attn,DKEpert<1000km 500hPa,72,0.0,0.2079893797636032,0.20798935865362486,0.1914557802180449,0.22306627550472816,nan,nan,nan,nan,0.0,0.44493327157321505,share,2,True,0.0980133018264843,12,9.857658700561577
enc1_mlp,DKEpert<1000km 500hPa,72,0.0,0.23066799342632294,0.23066798349221548,0.205051421529303,0.2525144562746087,nan,nan,nan,nan,0.0,0.49344765139309743,share,1,True,0.3849777964962291,12,5.328797660667295
enc2_attn,DKEpert<1000km 500hPa,72,0.0,0.0014003957621753216,0.0014003957136689376,0.0012622011090570595,0.001542363663126404,nan,nan,nan,nan,0.0,0.0029957429092200747,share,18,True,-0.3410263183302363,12,24.420270896383528
enc2_mlp,DKEpert<1000km 500hPa,72,0.0,0.003840151010081172,0.0038401506996403136,0.003299666535167489,0.00427721073210705,nan,nan,nan,nan,0.0,0.008214895344576598,share,13,True,-0.1868278062333497,12,17.51404411509808
downsample,DKEpert<1000km 500hPa,72,0.0,0.0757756158709526,0.0757756136978666,0.06987604550862063,0.08211796175067622,nan,nan,nan,nan,0.0,0.16210008014980878,share,5,True,0.5517888307181943,12,3.466021874182708
dec0_attn,DKEpert<1000km 500hPa,72,0.0,0.0016532797599211335,0.0016532797987262409,0.001332484701803575,0.0019235111212765332,nan,nan,nan,nan,0.0,0.003536715505230261,share,17,True,-0.004549913124650876,12,12.109697026934205
dec0_mlp,DKEpert<1000km 500hPa,72,0.0,0.008786278776824474,0.008786278893239796,0.008074001852461758,0.00938042900719059,nan,nan,nan,nan,0.0,0.018795710695152613,share,9,True,-0.2179498414612636,12,18.68856867805524
dec1_attn,DKEpert<1000km 500hPa,72,0.0,0.002362895989790559,0.002362895776362469,0.0019421598587844831,0.0027343845555151338,nan,nan,nan,nan,0.0,0.0050547343141449826,share,15,True,0.09631424850087682,12,9.89153341098878
dec1_mlp,DKEpert<1000km 500hPa,72,0.0,0.004632876720279455,0.004632876817292224,0.004264586693413245,0.004991282333018413,nan,nan,nan,nan,0.0,0.009910704338227008,share,12,True,-0.3480749322677448,12,24.8140468711916
dec2_attn,DKEpert<1000km 500hPa,72,0.0,0.0017343955114483833,0.001734395472643276,0.0014316904159689633,0.002079756040863382,nan,nan,nan,nan,0.0,0.0037102391047326606,share,16,True,-0.19645614862468253,12,17.867691674726203
dec2_mlp,DKEpert<1000km 500hPa,72,0.0,0.0026345595251768827,0.0026345594960730523,0.0021429249628757436,0.0033885925137534887,nan,nan,nan,nan,0.0,0.005635880524513722,share,14,True,0.297257630821166,12,6.50056567777363
upsample,DKEpert<1000km 500hPa,72,0.0,0.006882855668663979,0.006882855668663979,0.006171612798546751,0.008133119565900414,nan,nan,nan,nan,0.0,0.014723885444182268,share,10,True,0.037832014236689304,12,11.125129761632627
decoder_io,DKEpert<1000km 500hPa,72,0.0,0.12539175152778625,0.1253917453189691,0.11596335594852765,0.13436182549533743,nan,nan,nan,nan,0.0,0.2682394899152306,share,4,True,0.30557388851681494,12,6.382720588311533
decoder_heads,DKEpert<1000km 500hPa,72,0.0,0.026650086045265198,0.026650086355706055,0.024474181553038456,0.02900543624612813,nan,nan,nan,nan,0.0,0.0570101768028426,share,6,True,0.13605085075432752,12,9.125814908781782
film,DKEpert<1000km 500hPa,72,0.0,0.0013444962678477168,0.0013444961562830333,0.001171800761828005,0.0015134319403538635,nan,nan,nan,nan,0.0,0.0028761619214800966,share,19,True,0.12450135987142681,12,9.342793220582776
cond_embed,DKEpert<1000km 500hPa,72,0.0,0.01054359320551157,0.010543592972680926,0.009714780996243158,0.011514536599861458,nan,nan,nan,nan,0.0,0.022554977551922584,share,8,True,0.07611218815523843,12,10.302507363235804
encoder_io,RMSE Z500,120,285.1250394185384,280.18730545043945,-4.937733968098958,-12.733724816640217,1.5013028780619273,-1.7317784429486043,-0.15878451058942958,-0.4094830292708409,0.048277943744981386,0.15878451058942958,-0.31057292152371074,share,3,False,0.3636977788783564,12,5.599207369641709
enc0_attn,RMSE Z500,120,285.1250394185384,285.75754165649414,0.6325022379557291,0.11361522674560548,1.357434590657552,0.22183328382719544,0.02033960495834202,0.003653566249389013,0.043651518799362424,0.02033960495834202,0.03978303998986509,share,8,True,0.2457271763294145,12,7.265855683358352
enc0_mlp,RMSE Z500,120,285.1250394185384,284.6364606221517,-0.48857879638671875,-2.2317479451497397,1.2727771759033195,-0.1713559767963866,-0.01571140640015196,-0.07176713195142,0.04092915946279969,0.01571140640015196,-0.030730562879389297,share,9,False,-0.1159183303586572,12,15.14681326866148
enc1_attn,RMSE Z500,120,285.1250394185384,297.07861582438153,11.9535764058431,5.5905295054117845,21.08120772043863,4.192397984484381,0.3843955125281691,0.17977669457035148,0.6779160789443461,0.3843955125281691,0.7518544277606952,share,2,True,0.1774802150650979,12,8.382508082034432
enc1_mlp,RMSE Z500,120,285.1250394185384,304.55537668863934,19.43033727010091,14.609190241495769,25.051905314127605,6.814672366104925,0.6248284362732388,0.4697930543829749,0.8056032484406946,0.6248284362732388,1.2221267186837925,share,1,True,-0.23377090327314168,12,19.32222477914514
enc2_attn,RMSE Z500,120,285.1250394185384,285.32476806640625,0.19972864786783853,-0.2523088773091634,0.5632397333780921,0.07004949417110101,0.006422746913316023,-0.008113588512409918,0.018112305358442268,0.006422746913316023,0.01256250540856435,share,16,False,0.02468833423064294,12,11.421755862986078
enc2_mlp,RMSE Z500,120,285.1250394185384,285.7819658915202,0.6569264729817709,-0.21387675603230796,1.4674834569295239,0.230399432586298,0.021125023984597167,-0.006877712783323496,0.047190400295370645,0.021125023984597167,0.04131927221238395,share,7,False,-0.25952862436294805,12,20.41178631564523
downsample,RMSE Z500,120,285.1250394185384,284.73401769002277,-0.391021728515625,-5.55000197092692,4.618225161234537,-0.13714043821371985,-0.012574228217501652,-0.17847343587513811,0.1485099494537449,0.012574228217501652,-0.024594431654061746,share,10,False,0.39268736114268193,12,5.232869823926822
dec0_attn,RMSE Z500,120,285.1250394185384,285.4084663391113,0.2834269205729167,-0.27435181935628256,0.8439414978027341,0.0994044301233295,0.009114262769479723,-0.00882243143256637,0.027138934288578036,0.009114262769479723,0.017826948014918922,share,11,False,0.243620552266797,12,7.29849097158634
dec0_mlp,RMSE Z500,120,285.1250394185384,286.1403986612956,1.0153592427571614,0.15921659469604493,1.578738784790038,0.35611016304559057,0.03265127718003025,0.005119986056328663,0.050768078416332595,0.03265127718003025,0.06386392795896258,share,5,True,-0.028353057974513655,12,12.70032988522541
dec1_attn,RMSE Z500,120,285.1250394185384,284.91226450602215,-0.21277491251627603,-0.8507309595743815,0.36425422032674015,-0.07462512340206685,-0.006842280399851726,-0.027357265484940916,0.011713455702228417,0.006842280399851726,-0.013383087593229252,share,14,False,-0.10977736819128392,12,14.959548255067197
dec1_mlp,RMSE Z500,120,285.1250394185384,285.0482800801595,-0.07675933837890625,-0.4390555699666341,0.32681961059570297,-0.026921289878799565,-0.002468378016395148,-0.014118869961225477,0.010509657315427618,0.002468378016395148,-0.004827998456089816,share,18,False,-0.38380101100817376,12,26.94845728206535
dec2_attn,RMSE Z500,120,285.1250394185384,285.3584721883138,0.23343276977539062,-0.21174872716267903,0.6770193735758464,0.08187031565219073,0.007506582643736621,-0.006809280983480237,0.021771158711126525,0.007506582643736621,0.014682422697719117,share,13,False,0.40946256525944896,12,5.027766888993013
dec2_mlp,RMSE Z500,120,285.1250394185384,285.22017161051434,0.09513219197591145,-0.45567169189453127,0.6590596516927082,0.03336507806186246,0.0030592005648312458,-0.014653200649201207,0.02119362138976405,0.0030592005648312458,0.005983611710107669,share,17,False,0.49920298051418255,12,4.008506060846214
upsample,RMSE Z500,120,285.1250394185384,285.1391995747884,0.01416015625,-0.901921272277832,0.9956448237101236,0.004966296989867011,0.00045535330468436484,-0.029003411024990464,0.03201731342253279,0.00045535330468436484,0.0008906435875661165,share,19,False,0.11616754524544827,12,9.502148223385527
decoder_io,RMSE Z500,120,285.1250394185384,287.05327860514325,1.9282391866048176,-2.744632275899251,6.085915438334144,0.6762784463045115,0.06200709020018019,-0.08826014027734287,0.19570700054069298,0.06200709020018019,0.12128212687224303,share,4,False,0.05481973830962197,12,10.752702787360302
decoder_heads,RMSE Z500,120,285.1250394185384,284.85540771484375,-0.26963170369466144,-2.3872909228007,1.4248268127441401,-0.09456612588095635,-0.008670644953161414,-0.07676898416571397,0.04581867504364119,0.008670644953161414,-0.016959258334467698,share,12,False,-0.30237354839370856,12,22.40236525541681
film,RMSE Z500,120,285.1250394185384,285.3365071614583,0.21146774291992188,-0.09991455078125,0.5680524190266927,0.07416666854344767,0.006800245270791424,-0.003212988619690971,0.018267068644652284,0.006800245270791424,0.013300869417221892,share,15,False,0.12670021477687157,12,9.301140876016332
cond_embed,RMSE Z500,120,285.1250394185384,285.98278935750324,0.8577499389648438,-0.17723846435546875,2.500512282053629,0.30083290499988063,0.02758297736301136,-0.005699521886380646,0.08040988467461031,0.02758297736301136,0.05395063934229298,share,6,False,-0.027424696393555346,12,12.676752443748736
encoder_io,RMSE T850,120,1.8273481527964275,1.8111030260721843,-0.016245126724243164,-0.03535374676187833,0.005845821897188816,-0.889000090069477,-0.12559548039201987,-0.2733294041707631,0.045195634477134185,0.12559548039201987,-0.24718482824530247,share,3,False,0.26906288028335434,12,6.911592461550304
enc0_attn,RMSE T850,120,1.8273481527964275,1.825297435124715,-0.0020507176717122397,-0.004787377764781316,0.0016767933964729283,-0.11222369796220744,-0.015854654475716476,-0.037012515838887435,0.012963744495381612,0.015854654475716476,-0.031203591333351852,share,8,False,0.18533395417733958,12,8.2474584613218
enc0_mlp,RMSE T850,120,1.8273481527964275,1.8186313609282176,-0.008716791868209839,-0.012795552859703699,-0.0032180589934190217,-0.47701867073717497,-0.06739188193166105,-0.09892588931902224,-0.024879686817410884,0.06739188193166105,-0.13263415776117196,share,5,True,-0.606482301624075,12,48.98836240161415
enc1_attn,RMSE T850,120,1.8273481527964275,1.8803176879882812,0.05296953519185384,0.033402168750762934,0.08047108228007951,2.898710632168999,0.40952184193397395,0.2582412252978489,0.6221437609070547,0.40952184193397395,0.8059811216549246,share,2,True,-0.020792656073793728,12,12.509620101264943
enc1_mlp,RMSE T850,120,1.8273481527964275,1.8905610740184784,0.06321292122205098,0.036706944058338804,0.08863471100727716,3.4592708086477653,0.488716237345097,0.2837913394575163,0.6852589885774162,0.488716237345097,0.9618438403338749,share,1,True,0.19886006640901427,12,8.019016958241009
enc2_attn,RMSE T850,120,1.8273481527964275,1.8280496696631114,0.00070151686668396,-0.0010027567545572917,0.0022468954324722287,0.03838988567178152,0.005423617148076221,-0.007752584417640684,0.01737135794766366,0.005423617148076221,0.010674236596977735,share,16,False,0.061098992050656414,12,10.61805937033088
enc2_mlp,RMSE T850,120,1.8273481527964275,1.8283394575119019,0.0009913047154744465,-0.0018480817476908367,0.0040404195586840295,0.054248267576019006,0.0076640455976921965,-0.014288021192138036,0.031237579372091682,0.0076640455976921965,0.015083630309121233,share,12,False,-0.18897476382804615,12,17.592174114433487
downsample,RMSE T850,120,1.8273481527964275,1.8172197341918945,-0.010128418604532877,-0.026827846467494962,0.005298517147699985,-0.5542686865134678,-0.07830555106408643,-0.20741335676624958,0.04096427302950065,0.07830555106408643,-0.15411338154855939,share,4,False,0.330557196691262,12,6.037556040192446
dec0_attn,RMSE T850,120,1.8273481527964275,1.8281993766625722,0.000851223866144816,-0.0005814174811045329,0.0023076894382635747,0.04658246786974726,0.006581042561524946,-0.004495096227145251,0.017841372893802842,0.006581042561524946,0.01295216890104693,share,13,False,-0.014691893438058783,12,12.357863129477101
dec0_mlp,RMSE T850,120,1.8273481527964275,1.8293641606966655,0.002016007900238037,-0.002711114784081777,0.006730218728383382,0.11032423663508784,0.01558630381914117,-0.02096036365148894,0.05203314622798429,0.01558630381914117,0.03067544962993992,share,9,False,0.0726053829404343,12,10.37542378745717
dec1_attn,RMSE T850,120,1.8273481527964275,1.826970676581065,-0.00037747621536254883,-0.002010982483625412,0.0015723034739494296,-0.020657049658812383,-0.0029183709927156384,-0.015547450960413342,0.0121559045666306,0.0029183709927156384,-0.005743654392171289,share,18,False,-0.2922349396516126,12,21.90955748534173
dec1_mlp,RMSE T850,120,1.8273481527964275,1.8273820380369823,3.388524055480957e-05,-0.0025606023768583934,0.002556433031956351,0.0018543396069848161,0.0002619759844242603,-0.019796711412201105,0.01976447707603489,0.0002619759844242603,0.0005155956927126762,share,19,False,-0.054657471812824265,12,13.387623305198488
dec2_attn,RMSE T850,120,1.8273481527964275,1.8288297553857167,0.0014816025892893474,0.0005864950517813365,0.0025185714165369658,0.08107938200074362,0.01145467142919597,0.004534352303087453,0.019471758659137643,0.01145467142919597,0.022543971972514412,share,11,True,0.17640166468989,12,8.401195204298366
dec2_mlp,RMSE T850,120,1.8273481527964275,1.82784507671992,0.0004969239234924316,-0.0012708383301893872,0.002497210105260213,0.027193719091349888,0.0038418536185489145,-0.009825195782716463,0.019306608568458235,0.0038418536185489145,0.00756116321925344,share,17,False,0.021648945551370164,12,11.491435198464893
upsample,RMSE T850,120,1.8273481527964275,1.8257321119308472,-0.001616040865580241,-0.004330039272705714,0.0017997018992900846,-0.08843639692344239,-0.012494050202931975,-0.03347670792621181,0.013913983463511536,0.012494050202931975,-0.02458957634351431,share,10,False,0.25232288433666045,12,7.1643866770928595
decoder_io,RMSE T850,120,1.8273481527964275,1.8281517028808594,0.0008035500844319662,-0.015334803611040115,0.01633411025007565,0.04397356262966515,0.0062124636259482755,-0.1185575255237409,0.12628343616260973,0.0062124636259482755,0.012226767631821445,share,14,False,-0.1601576047183628,12,16.576790282123962
decoder_heads,RMSE T850,120,1.8273481527964275,1.823096474011739,-0.0042516787846883135,-0.010043998559316,0.0002936713397502868,-0.23266933442222734,-0.0328708817419438,-0.07765287679975416,0.0022704527714309786,0.0328708817419438,-0.06469327743556517,share,7,False,-0.22230921711203133,12,18.860594632323618
film,RMSE T850,120,1.8273481527964275,1.8280870815118153,0.0007389287153879801,-0.0001555765668551127,0.0017804498473803201,0.04043721576849943,0.005712858296520009,-0.0012028046308034817,0.013765140629030562,0.005712858296520009,0.011243492937861914,share,15,False,0.010979848722340134,12,11.73934557679939
cond_embed,RMSE T850,120,1.8273481527964275,1.8321395615736644,0.0047914087772369385,0.0013818760712941487,0.009735097487767538,0.26220557751430945,0.037043680689394544,0.010683658672691054,0.07526467884148023,0.037043680689394544,0.07290577511389189,share,6,True,0.10301312365150546,12,9.758580641858932
encoder_io,RMSE Q700,120,0.0013744647051983823,0.0013682739324091624,-6.1907727892200155e-06,-1.2594911822816357e-05,1.119789036844543e-06,-0.45041336935068665,-0.15086358918004017,-0.306926722671015,0.027288256082826198,0.15086358918004017,-0.11739706313256387,share,6,False,-0.033994246846650006,12,12.844572531433036
enc0_attn,RMSE Q700,120,0.0013744647051983823,0.0013708258823802073,-3.6388228181749582e-06,-4.968120871732633e-06,-1.980686405052742e-06,-0.26474472603134264,-0.08867485359760197,-0.12106865680726858,-0.04826755403246118,0.08867485359760197,-0.06900384276052901,share,8,True,-0.04012308081075283,12,13.003205640439214
enc0_mlp,RMSE Q700,120,0.0013744647051983823,0.0013659799005836248,-8.484804614757499e-06,-1.07793282950297e-05,-6.100408791098745e-06,-0.6173170240506722,-0.2067670905161679,-0.26268257791173627,-0.1486614994646864,0.2067670905161679,-0.16089932177137037,share,4,True,-0.06982949060544191,12,13.801721036739215
enc1_attn,RMSE Q700,120,0.0013744647051983823,0.0013931397309837241,1.867502578534186e-05,1.3187114867226532e-05,2.7022535262707e-05,1.3587126475282183,0.4550936553369191,0.32135818055921866,0.6585149862994422,0.4550936553369191,0.3541388540283125,share,2,True,-0.40181624526041193,12,28.12145065766305
enc1_mlp,RMSE Q700,120,0.0013744647051983823,0.001405862538376823,3.139783317844073e-05,1.1787232263789823e-05,4.3411606505590794e-05,2.284368093243176,0.7651370785282061,0.28724429507582505,1.0579019764558595,0.7651370785282061,0.5954044073937853,share,1,True,0.273312220954849,12,6.848480054642488
enc2_attn,RMSE Q700,120,0.0013744647051983823,0.0013748476436982553,3.8293849987288314e-07,-8.713832357898354e-08,8.083433688928676e-07,0.02786091912179091,0.0093318683293693,-0.0021234829152748575,0.01969860404720617,0.0093318683293693,0.007261751767686861,share,15,False,-0.32421681160491805,12,23.514348998526607
enc2_mlp,RMSE Q700,120,0.0013744647051983823,0.0013734734772394102,-9.912279589722555e-07,-2.0597130060195926e-06,-9.920525675018628e-08,-0.0721173817867653,-0.024155337738537945,-0.05019336153153756,-0.0024175432709986687,0.024155337738537945,-0.018796886146566136,share,12,True,-0.4250266133085778,12,29.741062378736437
downsample,RMSE Q700,120,0.0013744647051983823,0.0013660662128434826,-8.398492354899645e-06,-1.1962559316695357e-05,-4.54531133679363e-06,-0.6110373240677326,-0.2046637380340561,-0.291516858353829,-0.11076516705692384,0.2046637380340561,-0.15926256232878658,share,5,True,-0.045027672322023725,12,13.13161827249614
dec0_attn,RMSE Q700,120,0.0013744647051983823,0.0013745661417488009,1.0143655041853587e-07,-4.3976979213766754e-07,7.362471175535268e-07,0.007380076769879305,0.0024719178996246904,-0.010716796030759783,0.017941682962585068,0.0024719178996246904,0.0019235648793588989,share,18,False,-0.26565852641110627,12,20.682343110360556
dec0_mlp,RMSE Q700,120,0.0013744647051983823,0.001375386268288518,9.215630901356538e-07,-2.0394557698940237e-07,2.477102680131793e-06,0.06704887267386331,0.022457667268262035,-0.004969971082704192,0.060364774126892624,0.022457667268262035,0.017475815048758534,share,13,False,-0.08469593861052192,12,14.220794829170519
dec1_attn,RMSE Q700,120,0.0013744647051983823,0.00137474238484477,2.7767964638769627e-07,-5.078346778949101e-07,1.1909731256309897e-06,0.020202748410888993,0.006766804326793947,-0.012375476346139402,0.02902294858285365,0.006766804326793947,0.00526570366697492,share,16,False,0.11971753079355531,12,9.43397717725376
dec1_mlp,RMSE Q700,120,0.0013744647051983823,0.001373144012177363,-1.3206930210192998e-06,-1.811041389980043e-06,-5.862006219103933e-07,-0.09608780902298095,-0.0321841062723132,-0.044133456928310486,-0.014285184226913914,0.0321841062723132,-0.025044608685577948,share,10,True,0.021551806077451684,12,11.493669001629051
dec2_attn,RMSE Q700,120,0.0013744647051983823,0.0013747149981403102,2.5029294192790985e-07,-2.50576219211022e-07,8.046479100206245e-07,0.018210212381683823,0.006099414863266738,-0.006106318076987954,0.0196085490236872,0.006099414863266738,0.004746363225656043,share,17,False,-0.38115507069915877,12,26.781928821998633
dec2_mlp,RMSE Q700,120,0.0013744647051983823,0.0013729672549137224,-1.4974502846598625e-06,-1.9014633532303075e-06,-1.2148186215199532e-06,-0.1089478892398135,-0.036491522505209324,-0.0463369592019514,-0.029604041964579934,0.036491522505209324,-0.028396497754238924,share,9,True,-0.4340888470356511,12,30.409484022860283
upsample,RMSE Q700,120,0.0013744647051983823,0.0013755737939694275,1.109088771045208e-06,3.813554940279573e-07,2.1046187612228094e-06,0.08069241551641942,0.02702750018713591,0.009293291894473426,0.051287674573779106,0.02702750018713591,0.021031908116662848,share,11,True,0.009079432352235413,12,11.784054288029939
decoder_io,RMSE Q700,120,0.0013744647051983823,0.0013899689656682312,1.5504260469848912e-05,8.079988765530288e-06,2.358823718774753e-05,1.1280217244728097,0.3778249439450548,0.1969020907736919,0.5748242175468441,0.3778249439450548,0.29401089446732726,share,3,True,-0.1392126139563671,12,15.88144946025435
decoder_heads,RMSE Q700,120,0.0013744647051983823,0.0013745236889614414,5.898376305898031e-08,-2.011628627466659e-06,1.971474072585503e-06,0.00429139888684642,0.0014373814871574328,-0.0490215882846468,0.04804305773966434,0.0014373814871574328,0.0011185228066662304,share,19,False,-0.35323626714243583,12,25.107832088793828
film,RMSE Q700,120,0.0013744647051983823,0.0013748875935561955,4.2288835781315964e-07,-2.7475956206520397e-07,1.1432020983193065e-06,0.03076749488100696,0.01030541059320389,-0.0066956444867225014,0.027858811425113403,0.01030541059320389,0.008019330208122968,share,14,False,-0.19811309968194324,12,17.929407738773076
cond_embed,RMSE Q700,120,0.0013744647051983823,0.0013806200683272134,6.155363128830989e-06,4.420023712251956e-06,8.816704212222247e-06,0.44783711837420803,0.15000068746488807,0.10771201983900122,0.2148551864980027,0.15000068746488807,0.11672558151343035,share,7,True,0.04532472470375536,12,10.959372750703464
encoder_io,RMSE U500,120,4.700242638587952,4.685245116551717,-0.014997522036234537,-0.08262969851493834,0.03948129812876374,-0.3190797409714171,-0.040313531178005985,-0.22210968713785917,0.1061262346684093,0.040313531178005985,-0.07217473121402468,share,5,False,0.39193485692860675,12,5.242186213338701
enc0_attn,RMSE U500,120,4.700242638587952,4.699655652046204,-0.0005869865417480469,-0.005974091092745462,0.006607285141944875,-0.012488430638218915,-0.0015778273367198898,-0.016058433316235316,0.01776046702436763,0.0015778273367198898,-0.002824839715158171,share,19,False,-0.26116323008869846,12,20.483494294526295
enc0_mlp,RMSE U500,120,4.700242638587952,4.683595776557922,-0.016646862030029297,-0.030737428863843282,0.0003966460625330501,-0.3541702697082539,-0.04474697819027463,-0.08262260217657927,0.0010661896925323086,0.04474697819027463,-0.08011208716156532,share,4,False,0.08238590899701324,12,10.173237659976065
enc1_attn,RMSE U500,120,4.700242638587952,4.729473272959392,0.029230634371439617,-0.033207735419273375,0.12886722882588703,0.6218962853420072,0.07857231929640728,-0.08926281781359972,0.3463967603810884,0.07857231929640728,0.14067078373860328,share,3,False,-0.07184169810052403,12,13.857658064237533
enc1_mlp,RMSE U500,120,4.700242638587952,4.934403777122498,0.2341611385345459,0.20706355571746826,0.28020289043585456,4.981894692247051,0.6294281372737948,0.5565894878552052,0.753188955646257,0.6294281372737948,1.12688730802786,share,1,True,-0.12570310833159878,12,15.450629447167925
enc2_attn,RMSE U500,120,4.700242638587952,4.70212737719218,0.001884738604227702,-0.001698218782742818,0.005562894543011978,0.04009875125923107,0.00506620148984302,-0.00456483382253237,0.014953131727884972,0.00506620148984302,0.009070198519473816,share,15,False,-0.0010551649590908887,12,12.02535070819716
enc2_mlp,RMSE U500,120,4.700242638587952,4.704875230789185,0.00463259220123291,-0.003218922019004822,0.012610211968421924,0.09856070329647142,0.012452467126781405,-0.008652503584205537,0.03389641116192533,0.012452467126781405,0.022294089392924793,share,11,False,-0.2507000709588099,12,20.029897601499286
downsample,RMSE U500,120,4.700242638587952,4.685460646947225,-0.014781991640726725,-0.05702395339806875,0.03249650498231246,-0.3144942246038501,-0.03973418271643215,-0.15328111655059645,0.08735102129642193,0.03973418271643215,-0.07113750330886506,share,6,False,0.14899166191502064,12,8.887880039093824
dec0_attn,RMSE U500,120,4.700242638587952,4.7017654577891035,0.00152281920115153,-0.0021314611037572223,0.005933332443237302,0.03239873594289626,0.004093357502377223,-0.005729394726236898,0.015948873544711008,0.004093357502377223,0.007328481749526577,share,17,False,0.19582919318540726,12,8.069755895546965
dec0_mlp,RMSE U500,120,4.700242638587952,4.714258869489034,0.014016230901082357,0.0075142135222752895,0.02010186513264974,0.2982022839844949,0.03767580804773942,0.02019830211794741,0.05403407074870416,0.03767580804773942,0.06745232282207837,share,7,True,-0.3225379673438966,12,23.42633954836403
dec1_attn,RMSE U500,120,4.700242638587952,4.697909514109294,-0.0023331244786580405,-0.0074921051661173505,0.0027237474918365397,-0.049638383761374465,-0.006271468458943158,-0.02013887457364281,0.00732146811772491,0.006271468458943158,-0.011228030319219606,share,14,False,0.07571401135937283,12,10.310762662346802
dec1_mlp,RMSE U500,120,4.700242638587952,4.69754163424174,-0.0027010043462117514,-0.0061168670654296875,0.002401938041051229,-0.05746521092415749,-0.007260334251209116,-0.016442216958117584,0.006456440195361021,0.007260334251209116,-0.012998431489198914,share,13,False,-0.23599740888157547,12,19.41350602602848
dec2_attn,RMSE U500,120,4.700242638587952,4.7030671040217085,0.0028244654337565103,-0.0014771183331807455,0.0071669816970825195,0.06009190697025456,0.007592199234636458,-0.003970512984372785,0.01926493852781001,0.007592199234636458,0.013592581028529838,share,12,False,0.555998563027282,12,3.42417876871728
dec2_mlp,RMSE U500,120,4.700242638587952,4.701107978820801,0.0008653402328491211,-0.004342960317929585,0.005722524722417195,0.01841054386734994,0.002326045620887425,-0.011673932917631163,0.015382219693140508,0.002326045620887425,0.004164401196655801,share,18,False,0.3123345007551734,12,6.288020307466863
upsample,RMSE U500,120,4.700242638587952,4.705892602602641,0.005649964014689128,-0.0015864978233973185,0.013403820991516094,0.12020579466056017,0.015187175582104945,-0.004264526453959747,0.03602964237294519,0.015187175582104945,0.027190134019731905,share,10,False,0.09278678409255933,12,9.962198252543281
decoder_io,RMSE U500,120,4.700242638587952,4.792323708534241,0.09208106994628906,0.05069136222203573,0.131975785891215,1.9590705635135484,0.24751509450796463,0.13625903042224902,0.35475260155731336,0.24751509450796463,0.4431349697114249,share,2,True,-0.355466368841118,12,25.23622607069798
decoder_heads,RMSE U500,120,4.700242638587952,4.688972393671672,-0.011270244916280111,-0.02735073765118917,0.004175197084744756,-0.23978006632580828,-0.030294562576305088,-0.07351913285266358,0.011222983199725782,0.030294562576305088,-0.05423741972730411,share,8,False,-0.3452251369817341,12,24.653820046434014
film,RMSE U500,120,4.700242638587952,4.7019065618515015,0.0016639232635498047,-0.00209357738494873,0.0060883591572443605,0.035400795054480017,0.004472647028013042,-0.005627562805227872,0.016365587336059202,0.004472647028013042,0.008007537112952427,share,16,False,0.28608799828485537,12,6.661242490410243
cond_embed,RMSE U500,120,4.700242638587952,4.708633303642273,0.008390665054321289,0.00015580058097839356,0.021593869725863135,0.17851557248206265,0.022554215053283134,0.00041879395567141753,0.05804459819056534,0.022554215053283134,0.040379603613144396,share,9,True,0.031350680881697346,12,11.270455379427782
encoder_io,RMSE MSLP,120,280.2954966227214,277.0636240641276,-3.23187255859375,-11.149941412607829,3.3849252382914097,-1.1530233619642705,-0.08034772008931379,-0.27719916407294015,0.0841527692192887,0.08034772008931379,-0.1804098518414912,share,4,False,0.291010222423641,12,6.5900929234660035
enc0_attn,RMSE MSLP,120,280.2954966227214,280.79516983032227,0.49967320760091144,-0.056201966603597005,1.2077204704284665,0.17826658423751743,0.012422396704255134,-0.0013972394638913737,0.030025189590502824,0.012422396704255134,0.02789279828276006,share,11,False,0.2548472793439564,12,7.125833394281558
enc0_mlp,RMSE MSLP,120,280.2954966227214,279.3064702351888,-0.9890263875325521,-2.92163241704305,0.7148996988932289,-0.35285132991764934,-0.024588226765039235,-0.07263482683567912,0.01777315158850241,0.024588226765039235,-0.055209511144743706,share,9,False,-0.24745717383449847,12,19.89187268223569
enc1_attn,RMSE MSLP,120,280.2954966227214,294.9258155822754,14.630318959554037,5.579911740620931,29.805661296844477,5.2196054292111915,0.3637249771665243,0.13872242129917542,0.7409998035311715,0.3637249771665243,0.8166948504415596,share,2,True,0.3721447645197363,12,5.4908658478176156
enc1_mlp,RMSE MSLP,120,280.2954966227214,299.6926447550456,19.39714813232422,13.898089090983072,24.91589593887329,6.920249652969931,0.482233318427965,0.345520979498196,0.6194351405805871,0.482233318427965,1.082789174775735,share,1,True,-0.4619391188142845,12,32.604617877277406
enc2_attn,RMSE MSLP,120,280.2954966227214,280.4577916463216,0.1622950236002604,-0.33520669937133785,0.6621205647786453,0.05790140246837787,0.004034823431836145,-0.008333587901396123,0.01646100730759051,0.004034823431836145,0.00905964595803073,share,19,False,-0.05744351576026999,12,13.462664998117857
enc2_mlp,RMSE MSLP,120,280.2954966227214,281.38863372802734,1.0931371053059895,0.14279699325561523,1.9648575464884421,0.389994530228702,0.02717652771388528,0.003550082076469656,0.048848406395492976,0.02717652771388528,0.06102118806828855,share,7,True,-0.20760716871001816,12,18.288007478473805
downsample,RMSE MSLP,120,280.2954966227214,278.02477010091144,-2.270726521809896,-7.511349042256674,3.0219513575235917,-0.8101188028954674,-0.0564526279010052,-0.18673996557679165,0.07512886024920404,0.0564526279010052,-0.12675667989536057,share,5,False,0.17866984562145696,12,8.361936032516326
dec0_attn,RMSE MSLP,120,280.2954966227214,280.8225580851237,0.5270614624023438,-0.031671587626139315,1.1720905303955063,0.18803779181360525,0.013103297262870541,-0.0007873886767603488,0.029139392147483296,0.013103297262870541,0.029421667661530794,share,10,False,0.20334198623963756,12,7.94445492174538
dec0_mlp,RMSE MSLP,120,280.2954966227214,281.6083679199219,1.3128712972005208,0.44118630091349287,1.8448622703552244,0.4683882948599954,0.03263934873306416,0.010968351248497661,0.04586519877081274,0.03263934873306416,0.07328720793308523,share,6,True,0.04278651767855106,12,11.01525728720462
dec1_attn,RMSE MSLP,120,280.2954966227214,279.9398422241211,-0.35565439860026044,-1.0369298934936522,0.4361543973286944,-0.12688552006205522,-0.008841939014978033,-0.02577915784863802,0.010843252881090585,0.008841939014978033,-0.01985336865701364,share,14,False,-0.14989845028022677,12,16.231921242716638
dec1_mlp,RMSE MSLP,120,280.2954966227214,280.65345001220703,0.35795338948567706,-0.028024705251057942,0.8971522649129232,0.12770572263866353,0.008899094324415642,-0.0006967233801066998,0.022304140324791347,0.008899094324415642,0.019981703112504492,share,13,False,-0.6037206011507875,12,48.56332998812334
dec2_attn,RMSE MSLP,120,280.2954966227214,280.73524475097656,0.4397481282552083,0.039311472574869805,0.859836196899414,0.15688733267345734,0.010932596777337995,0.000977324178933199,0.0213764239828797,0.010932596777337995,0.02454765564784997,share,12,True,0.5230762866667341,12,3.7575823418039103
dec2_mlp,RMSE MSLP,120,280.2954966227214,280.51999918619794,0.2245025634765625,-0.44036677678426106,0.9666046460469563,0.08009495913476757,0.00558136770634206,-0.010947977024530547,0.02403079890359426,0.00558136770634206,0.012532200289625598,share,17,False,0.28991240929183915,12,6.6059145001760085
upsample,RMSE MSLP,120,280.2954966227214,280.0390040079753,-0.25649261474609375,-1.4258553822835285,0.8586868604024247,-0.09150793281967481,-0.006376673721182414,-0.035448250841118426,0.021347850279717123,0.006376673721182414,-0.014317951523717901,share,16,False,0.33909651972784904,12,5.9225318312959505
decoder_io,RMSE MSLP,120,280.2954966227214,276.8451271057129,-3.4503695170084634,-8.507146422068278,1.416008599599201,-1.2309757233283956,-0.08577978219473005,-0.21149652626666882,0.03520344956119267,0.08577978219473005,-0.19260680675872557,share,3,False,-0.1687670172714755,12,16.872771531779133
decoder_heads,RMSE MSLP,120,280.2954966227214,280.12888209025067,-0.16661453247070312,-2.752493413289388,1.8480905850728342,-0.05944245786259164,-0.004142210924181033,-0.06842985492438015,0.04594545803926719,0.004142210924181033,-0.009300769932202427,share,18,False,-0.38049459798034063,12,26.740582280246826
film,RMSE MSLP,120,280.2954966227214,280.56379826863605,0.26830164591471356,-0.09853728612263997,0.7317534446716307,0.09572099771401195,0.006670258543498273,-0.00244973962933348,0.018192153273658185,0.006670258543498273,0.014977156218487567,share,15,False,0.5785925825353964,12,3.203416173065576
cond_embed,RMSE MSLP,120,280.2954966227214,281.35641860961914,1.0609219868977864,-0.09687608083089191,3.0280822753906245,0.37850126016323077,0.026375626295410824,-0.0024084403344595707,0.07528128125706868,0.026375626295410824,0.05922287311814432,share,8,False,0.04195664628304276,12,11.033587899856354
encoder_io,RMSE T2M,120,1.614404211441676,1.6168898542722066,0.0024856428305308023,-0.012909543017546335,0.01739322617650032,0.15396657249246787,0.03125337357044402,-0.1623188841113321,0.21869473305354434,0.03125337357044402,0.06815541187005655,share,11,False,-0.4324676490611911,12,30.28833820715125
enc0_attn,RMSE T2M,120,1.614404211441676,1.6024386684099834,-0.011965543031692505,-0.014823844035466513,-0.008849253257115683,-0.741173923289458,-0.15044944581311798,-0.18638845843008664,-0.111266596498518,0.15044944581311798,-0.3280907874442027,share,5,True,-0.4104958554844989,12,28.712181963919875
enc0_mlp,RMSE T2M,120,1.614404211441676,1.5997096200784047,-0.014694591363271078,-0.020517975836992264,-0.0062319795290629075,-0.9102176059209293,-0.18476329249736115,-0.2579839532318988,-0.0783581542419633,0.18476329249736115,-0.4029202885967511,share,4,True,-0.315408362354308,12,23.057395796618124
enc1_attn,RMSE T2M,120,1.614404211441676,1.6462193032105763,0.03181509176890055,0.013848681002855301,0.05898051361242929,1.9707017327766645,0.4000288923324802,0.17412718976512043,0.7415948915364767,0.4000288923324802,0.8723581105697368,share,1,True,0.15700201164996966,12,8.743265576327081
enc1_mlp,RMSE T2M,120,1.614404211441676,1.6442248423894246,0.02982063094774882,0.009362133592367173,0.05379838347434996,1.8471601310503742,0.37495142410195476,0.11771532699095419,0.6764370791964536,0.37495142410195476,0.8176707286761526,share,2,True,0.20367716580792328,12,7.9389011287681095
enc2_attn,RMSE T2M,120,1.614404211441676,1.6143551468849182,-4.906455675760905e-05,-0.0010494641959667207,0.0012773285309473658,-0.003039174229717476,-0.0006169160357951946,-0.013195498630166986,0.016060563995575948,0.0006169160357951946,-0.0013453320939607826,share,19,False,0.1678458850571511,12,8.550656817894687
enc2_mlp,RMSE T2M,120,1.614404211441676,1.6139324307441711,-0.0004717806975046794,-0.0020643373330434165,0.001221301654974618,-0.02922320780391024,-0.005931961825460536,-0.02595606458520932,0.015356106837349682,0.005931961825460536,-0.012936053143205412,share,16,False,-0.26411882718178725,12,20.613961175398632
downsample,RMSE T2M,120,1.614404211441676,1.5937041342258453,-0.020700077215830486,-0.03243381753563881,-0.009464691082636515,-1.2822115470911186,-0.2602736154273754,-0.4078084764658131,-0.11900483951321406,0.2602736154273754,-0.5675885010742364,share,3,True,0.04630878654065738,12,10.937779275800251
dec0_attn,RMSE T2M,120,1.614404211441676,1.6153467396895091,0.000942528247833252,-0.000450484702984492,0.002766167869170506,0.05838242003788919,0.011850933315281732,-0.005664195409417804,0.03478057133223897,0.011850933315281732,0.025843777770968038,share,14,False,0.5996527107311379,12,3.0032565437472676
dec0_mlp,RMSE T2M,120,1.614404211441676,1.6184408764044445,0.004036664962768555,0.0011798925697803497,0.006791066378355026,0.25004053719382835,0.05075523985607665,0.014835447315035914,0.08538786500516161,0.05075523985607665,0.11068386806811101,share,10,True,0.05815359762141435,12,10.681017249243157
dec1_attn,RMSE T2M,120,1.614404211441676,1.6132629414399464,-0.0011412700017293294,-0.0026250665386517843,0.0009217560291290283,-0.0706929524614016,-0.014349824226826307,-0.03300642561032663,0.011589752624686925,0.014349824226826307,-0.03129320353970248,share,13,False,-0.19976183380581847,12,17.991071425823854
dec1_mlp,RMSE T2M,120,1.614404211441676,1.613731433947881,-0.0006727774937947592,-0.0027148822943369546,0.002073768774668374,-0.04167342286563806,-0.008459206642679441,-0.03413572919749604,0.026074651360747655,0.008459206642679441,-0.01844731134468517,share,15,False,0.26013960486574556,12,7.045508852613947
dec2_attn,RMSE T2M,120,1.614404211441676,1.6148669222990673,0.0004627108573913574,-0.0001316666603088379,0.0010750291248162584,0.028661400540955784,0.005817921667395945,-0.0016555183515751183,0.013516940738350245,0.005817921667395945,0.012687361464366336,share,17,False,-0.27365309421109196,12,21.042062695831067
dec2_mlp,RMSE T2M,120,1.614404211441676,1.6146318515141804,0.00022764007250467935,-0.0018011629581451416,0.002901036043961842,0.01410056235553269,0.0028622455882257305,-0.022647026395234363,0.03647634411091186,0.0028622455882257305,0.006241807032417764,share,18,False,0.23507163868030145,12,7.43207118385819
upsample,RMSE T2M,120,1.614404211441676,1.610340009133021,-0.004064202308654785,-0.00818103551864624,-0.0004592378934224491,-0.2517462652693045,-0.05110148226369444,-0.10286472220255449,-0.005774254154516066,0.05110148226369444,-0.11143893196048989,share,9,True,0.3211219668450482,12,6.166377217475268
decoder_io,RMSE T2M,120,1.614404211441676,1.6205192009607952,0.006114989519119263,-0.0013448389867941539,0.014063188185294466,0.378776856240887,0.07688717360071087,-0.0169094106080396,0.17682430820223835,0.07688717360071087,0.16767076272484907,share,8,False,-0.23302118034528405,12,19.29160725820889
decoder_heads,RMSE T2M,120,1.614404211441676,1.623741219441096,0.009337007999420166,0.0012223720550537112,0.019450565179189045,0.5783562712018784,0.11739940889809448,0.0153695655745145,0.24456280372818132,0.11739940889809448,0.25601732397675153,share,6,True,0.04113571384746153,12,11.051749815890265
film,RMSE T2M,120,1.614404211441676,1.6155545711517334,0.0011503597100575764,0.00022660767038663228,0.0021585250894228616,0.0712559904083932,0.014464114199037809,0.0028492646206168997,0.027140339775406357,0.014464114199037809,0.03154243999768468,share,12,True,-0.012660958998669772,12,12.307759546973758
cond_embed,RMSE T2M,120,1.614404211441676,1.6212813357512157,0.006877124309539795,0.0034262798726558685,0.01109179183840751,0.4259852805635627,0.08646991936911977,0.04308052770161672,0.13946328476216535,0.08646991936911977,0.1885682182657637,share,7,True,-0.14869604610693496,12,16.192045732016787
encoder_io,SpecDiv> Z500,120,0.001676100684562698,0.0016044692602008581,-7.163142436183989e-05,-0.0001562677396577783,1.4269675981874267e-05,-4.273694594935915,-0.19718779715336118,-0.4301756055219222,0.03928172583507928,0.19718779715336118,-0.7417663872845175,colmax,4,False,0.1092621947312221,12,9.636002844048317
enc0_attn,SpecDiv> Z500,120,0.001676100684562698,0.0017444960249122232,6.839534034952521e-05,4.041740127528707e-05,0.00010138570772445137,4.080622421997868,0.18827946839295356,0.11126148049044043,0.27909572575342234,0.18827946839295356,0.7082556988101638,colmax,5,True,0.5595846629237885,12,3.3887125018315194
enc0_mlp,SpecDiv> Z500,120,0.001676100684562698,0.0017369201086694375,6.081942410673946e-05,2.151151335662386e-05,9.539871474165313e-05,3.628625933209228,0.16742440026269978,0.059217137869556284,0.26261466358876245,0.16742440026269978,0.6298046548466295,colmax,6,True,0.05503537267907973,12,10.748052455394129
enc1_attn,SpecDiv> Z500,120,0.001676100684562698,0.0016747993213357404,-1.3013632269576192e-06,-0.00024926168165014434,0.00025684036118036593,-0.07764230627333409,-0.003582407446261359,-0.6861703834206974,0.7070330583599351,0.003582407446261359,-0.013476033849740417,colmax,18,False,0.32885543906840886,12,6.060655278519345
enc1_mlp,SpecDiv> Z500,120,0.001676100684562698,0.0017726693962079783,9.656871164528032e-05,-7.375657320759881e-05,0.00024179183067947932,5.761510184602992,0.2658354443307046,-0.2030379309912896,0.6656072929741248,0.2658354443307046,1.0,colmax,1,False,-0.2097660921678042,12,18.3707544843752
enc2_attn,SpecDiv> Z500,120,0.001676100684562698,0.0016893238450090091,1.3223160446311036e-05,4.658744971190269e-06,2.234256389783695e-05,0.7889239929378715,0.036400866003197765,0.012824645978388475,0.06150486322200953,0.036400866003197765,0.13693007000945429,colmax,11,True,0.15011823886248074,12,8.867419704374997
enc2_mlp,SpecDiv> Z500,120,0.001676100684562698,0.0016809117175095405,4.8110329468424124e-06,-4.505184915615245e-06,1.0400948061336141e-05,0.28703722820193417,0.0132438660444324,-0.012401924116309774,0.028631847751082705,0.0132438660444324,0.04981979012534073,colmax,15,False,-0.437784181586256,12,30.688233261942834
downsample,SpecDiv> Z500,120,0.001676100684562698,0.0017029465961968526,2.6845911634154618e-05,-1.0535179171711206e-05,7.255895422228301e-05,1.6016884833597471,0.07390172993031865,-0.029001360673659875,0.19974111186969087,0.07390172993031865,0.2779980303844789,colmax,8,False,-0.4638295803328671,12,32.761887488869235
dec0_attn,SpecDiv> Z500,120,0.001676100684562698,0.0016764969235130895,3.9623895039161045e-07,-8.991497937434663e-06,8.040755104351162e-06,0.023640521959156106,0.00109077107526715,-0.02475189746940544,0.022134681818798404,0.00109077107526715,0.00410318149264629,colmax,19,False,-0.5670876614730033,12,43.438475331197665
dec0_mlp,SpecDiv> Z500,120,0.001676100684562698,0.001646148399837936,-2.995228472476204e-05,-6.796707020839676e-05,4.123473627259938e-06,-1.7870218060663057,-0.08245298899476458,-0.18710052149265058,0.011351144953813428,0.08245298899476458,-0.31016552063761454,colmax,7,False,-0.10575506686759796,12,14.838284580413223
dec1_attn,SpecDiv> Z500,120,0.001676100684562698,0.0016848651430336758,8.764458470977843e-06,-9.63993564558526e-06,2.958734633769685e-05,0.5229076362596038,0.02412690065192843,-0.026536924144506806,0.08144838246511388,0.02412690065192843,0.09075878016444673,colmax,12,False,0.6460480853371557,12,2.5803760010353174
dec1_mlp,SpecDiv> Z500,120,0.001676100684562698,0.001661447264874975,-1.465341968772312e-05,-2.6976266478110723e-05,-6.482426154737676e-06,-0.87425653021234,-0.040338099859495775,-0.0742605722227479,-0.01784489621768598,0.040338099859495775,-0.15174086345428933,colmax,10,True,-0.4104775836226063,12,28.710920116455675
dec2_attn,SpecDiv> Z500,120,0.001676100684562698,0.0016832426238882665,7.141939325568576e-06,1.657120204375436e-06,1.1754907245631327e-05,0.42610443342381543,0.019660411552029296,0.004561739287334294,0.03235904194504543,0.019660411552029296,0.07395707371350885,colmax,13,True,0.18530569858743864,12,8.24794112489416
dec2_mlp,SpecDiv> Z500,120,0.001676100684562698,0.0016822231312592824,6.122446696584423e-06,-3.679774332946787e-07,1.2573455266344045e-05,0.3652791716496313,0.016853940683769286,-0.001012972450568507,0.03461235021730939,0.016853940683769286,0.06339990036393585,colmax,14,False,-0.23842242102854086,12,19.513532780748292
upsample,SpecDiv> Z500,120,0.001676100684562698,0.0016788136708782986,2.712986315600574e-06,-1.0293616044994754e-05,1.4426309644477428e-05,0.16186296805364075,0.007468339489916431,-0.028336382959548257,0.03971290875743415,0.007468339489916431,0.02809384395192113,colmax,16,False,-0.38310129994261277,12,26.904280391201006
decoder_io,SpecDiv> Z500,120,0.001676100684562698,0.0015858285963380088,-9.027208822468917e-05,-0.00017653459993501505,-1.8521570988620434e-05,-5.3858392312656065,-0.2485020279862423,-0.4859664482824392,-0.050986390618407304,0.2485020279862423,-0.9347964437620321,colmax,2,True,-0.1044093074835681,12,14.79795603119185
decoder_heads,SpecDiv> Z500,120,0.001676100684562698,0.0016780202616549407,1.9195770922427378e-06,-3.524183121044188e-05,3.883711287926416e-05,0.11452635930063854,0.005284233584039225,-0.097014112534382,0.10691124467627196,0.005284233584039225,0.019877836822487574,colmax,17,False,0.06492758393014847,12,10.53674368300918
film,SpecDiv> Z500,120,0.001676100684562698,0.0016940044394383829,1.790375487568478e-05,5.821724820028369e-06,3.23149363490908e-05,1.0681789608812162,0.049285659417806826,0.01602611009234657,0.08895692317438966,0.049285659417806826,0.1853991274259669,colmax,9,True,0.5819417250593515,12,3.1712288890411338
cond_embed,SpecDiv> Z500,120,0.001676100684562698,0.0017561364026429753,8.003571808027725e-05,2.2752313573922343e-05,0.00017123604217583,4.775113978380059,0.22032323219088285,0.06263282677615359,0.47138051840694517,0.22032323219088285,0.8287955458520285,colmax,3,True,0.17851925642489408,12,8.36453784625071
encoder_io,SpecDiv< Z500,120,0.0016625704107961308,0.00157550182484556,-8.70685859505708e-05,-0.0001716398347828848,-4.933387147805968e-06,-5.236986378752979,-0.24096883145676104,-0.4750260954340459,-0.013653518351676112,0.24096883145676104,-0.9371185043378332,colmax,3,True,0.07817994241897638,12,10.259735184976845
enc0_attn,SpecDiv< Z500,120,0.0016625704107961308,0.0017304503999184817,6.7879989122351e-05,3.9380922438188766e-05,0.00010198650415986777,4.082833946854997,0.1878629528610524,0.10898965175576596,0.28225528717917947,0.1878629528610524,0.730591787914398,colmax,5,True,0.5715949256946065,12,3.27111064537994
enc0_mlp,SpecDiv< Z500,120,0.0016625704107961308,0.001722885383060202,6.031497226407131e-05,2.0500684089104957e-05,9.316980892132657e-05,3.6278146099802875,0.1669262022248902,0.056737178341454954,0.25785442289791305,0.1669262022248902,0.6491695710938997,colmax,6,True,0.08212957487457527,12,10.178490041529205
enc1_attn,SpecDiv< Z500,120,0.0016625704107961308,0.0016679368951978784,5.366484401747584e-06,-0.00024142319865253132,0.00025920972936243437,0.3227823836452024,0.014852147432992428,-0.6681567804360623,0.7173823360603183,0.014852147432992428,0.05775942931900846,colmax,16,False,0.33562814674767205,12,5.969073247251729
enc1_mlp,SpecDiv< Z500,120,0.0016625704107961308,0.0017551675555296242,9.259714473349352e-05,-7.454607596931358e-05,0.00023250056134808495,5.569517184487415,0.2562695318760512,-0.20631184737754046,0.6434627135542876,0.2562695318760512,0.9966223389440085,colmax,2,False,-0.22129182472868184,12,18.820274863093484
enc2_attn,SpecDiv< Z500,120,0.0016625704107961308,0.001676008600043133,1.3438189247002205e-05,5.372126421813543e-06,2.205916486370066e-05,0.8082779026824648,0.03719119501473544,0.014867762146008687,0.06105039058674573,0.03719119501473544,0.14463512494975692,colmax,10,True,0.14147103155314486,12,9.025500723697169
enc2_mlp,SpecDiv< Z500,120,0.0016625704107961308,0.0016684521785161148,5.8817677199840546e-06,-3.407214777932192e-06,1.1534822260728104e-05,0.35377555631869684,0.016278232601472077,-0.009429722035759619,0.03192348435297936,0.016278232601472077,0.06330541961188092,colmax,15,False,-0.4148506322249195,12,29.01516864190668
downsample,SpecDiv< Z500,120,0.0016625704107961308,0.0016931116648872073,3.054125409107655e-05,-5.757813293409224e-06,7.648780204666156e-05,1.8369901143887017,0.08452520767626515,-0.015935179444015415,0.21168571969623518,0.08452520767626515,0.3287152770653645,colmax,7,False,-0.4206929931361595,12,29.428810139769165
dec0_attn,SpecDiv< Z500,120,0.0016625704107961308,0.0016631933491832267,6.229383870959282e-07,-8.302346395794303e-06,7.795079242593292e-06,0.03746839129644024,0.0017240286329363685,-0.02297736534367926,0.02157346551219884,0.0017240286329363685,0.006704680950502233,colmax,18,False,-0.5657168619935795,12,43.2634857300059
dec0_mlp,SpecDiv< Z500,120,0.0016625704107961308,0.001640909889829345,-2.166052096678565e-05,-5.916859154240228e-05,1.2357334586946853e-05,-1.3028333011420188,-0.059947113750924444,-0.16375350773480205,0.03419984880686211,0.059947113750924444,-0.23313201644386383,colmax,8,False,-0.06070854288951144,12,13.551174577729487
dec1_attn,SpecDiv< Z500,120,0.0016625704107961308,0.0016710466879885644,8.476277192433676e-06,-1.0572697162084902e-05,3.0183234048308805e-05,0.509829667206381,0.023458731847602124,-0.029260731096978503,0.08353436039877726,0.023458731847602124,0.09123010461472023,colmax,13,False,0.6522603468368531,12,2.5255558822472906
dec1_mlp,SpecDiv< Z500,120,0.0016625704107961308,0.001650023977466238,-1.2546433329892656e-05,-2.4946998261536162e-05,-4.069496450635294e-06,-0.7546407206829051,-0.03472319373798872,-0.06904268576095796,-0.011262636157703614,0.03472319373798872,-0.13503716304245625,colmax,11,True,-0.37789541516651093,12,26.57872226809545
dec2_attn,SpecDiv< Z500,120,0.0016625704107961308,0.0016700740282734234,7.503617477292816e-06,1.4153006001530837e-06,1.2479540600907054e-05,0.45132629743480573,0.020766823251594627,0.00391695039095447,0.03453806310148378,0.020766823251594627,0.08076137576686773,colmax,14,True,0.24764976831945024,12,7.23616756033012
dec2_mlp,SpecDiv< Z500,120,0.0016625704107961308,0.0016718245945715655,9.25418377543489e-06,2.275806279309715e-06,1.6290524702829615e-05,0.5566190589788901,0.025611646566979115,0.0062984642940974046,0.04508524697629612,0.025611646566979115,0.09960270703633879,colmax,12,True,-0.20492088125368374,12,18.1856751537423
upsample,SpecDiv< Z500,120,0.0016625704107961308,0.001662798555723081,2.281449269503355e-07,-1.3226993420782188e-05,1.183811691589653e-05,0.013722421947897358,0.0006314081692014667,-0.0366066947509816,0.032762875022359327,0.0006314081692014667,0.0024555220505974116,colmax,19,False,-0.316951936779395,12,23.136619649924523
decoder_io,SpecDiv< Z500,120,0.0016625704107961308,0.0015696594443094607,-9.291096648667008e-05,-0.00017634556873720916,-2.3278757726075135e-05,-5.5883928814888,-0.257138057077455,-0.4880495665257171,-0.06442570515848144,0.257138057077455,-1.0,colmax,1,True,-0.054495931045065414,12,13.383285792230588
decoder_heads,SpecDiv< Z500,120,0.0016625704107961308,0.001667316285117219,4.745874321088195e-06,-3.275167546235025e-05,4.1841946464652814e-05,0.28545403492508975,0.013134562562466586,-0.0906427143412437,0.11580072003452174,0.013134562562466586,0.051079807912331694,colmax,17,False,0.10193613844855673,12,9.779846546996994
film,SpecDiv< Z500,120,0.0016625704107961308,0.0016797229133468743,1.715250255074352e-05,5.144351356041928e-06,3.0889647556856886e-05,1.031685782410259,0.04747083521671323,0.01423737759531514,0.0854894126810865,0.04747083521671323,0.1846122497628349,colmax,9,True,0.5855675960259746,12,3.1365353707738324
cond_embed,SpecDiv< Z500,120,0.0016625704107961308,0.0017400933381092425,7.752292731311172e-05,2.1875444629889293e-05,0.00016720217269418448,4.662835739750081,0.21455050638301412,0.06054193108240026,0.4627445333041504,0.21455050638301412,0.8343786556588444,colmax,4,True,0.1872989744413298,12,8.213948227566632
encoder_io,SpecRes Z500,120,0.00042892561517267797,0.00038339782501376857,-4.552779015890943e-05,-8.139088019258149e-05,-1.854652752323697e-05,-10.614378938544096,-0.47324372062014136,-0.8460266319196214,-0.19278396028107952,0.47324372062014136,-1.0,colmax,1,True,0.5967329295282897,12,3.0306914551390456
enc0_attn,SpecRes Z500,120,0.00042892561517267797,0.0004377544367647109,8.82882159203291e-06,5.925108537970421e-06,1.2328964658081532e-05,2.0583572721527905,0.09177217616584572,0.06158920518215759,0.12815480579706867,0.09177217616584572,0.19392159297029218,colmax,4,True,0.10855935228856019,12,9.6497203784834
enc0_mlp,SpecRes Z500,120,0.00042892561517267797,0.0004373575381274956,8.431922954817614e-06,-6.692262104479595e-07,1.61870765320297e-05,1.9658240628559962,0.08764656877024772,-0.006956346896334765,0.1682583823471964,0.08764656877024772,0.18520387054559362,colmax,5,False,0.11631952440850654,12,9.49922085499369
enc1_attn,SpecRes Z500,120,0.00042892561517267797,0.0004639654665273459,3.503985135466792e-05,-1.2668054174961676e-05,8.901682194846216e-05,8.169213988435148,0.3642256645266737,-0.13167950980821302,0.925295338728999,0.3642256645266737,0.7696365501678296,colmax,2,False,0.1375526643882605,12,9.097924299536876
enc1_mlp,SpecRes Z500,120,0.00042892561517267797,0.0004306009116893013,1.675296516623348e-06,-1.6438481937560332e-05,2.3712629172223387e-05,0.3905797316275697,0.01741405752182431,-0.17087164402939228,0.24648358323520933,0.01741405752182431,0.03679722891833584,colmax,15,False,-0.023645127433237285,12,12.581226226593026
enc2_attn,SpecRes Z500,120,0.00042892561517267797,0.00043098422611365095,2.058610940972964e-06,1.3328237400855869e-06,3.0299779609777033e-06,0.47994590860333747,0.021398462293358806,0.013854185838745842,0.0314954457188718,0.021398462293358806,0.0452165794515311,colmax,13,True,-0.439022473554385,12,30.78246252049587
enc2_mlp,SpecRes Z500,120,0.00042892561517267797,0.00043072917227012414,1.8035570974461734e-06,-1.1046529228527408e-06,4.461612843442707e-06,0.42048248778989167,0.01874727651324984,-0.011482438690304915,0.046376735058471626,0.01874727651324984,0.0396144221178113,colmax,14,False,0.34504737145539116,12,5.8432377248030365
downsample,SpecRes Z500,120,0.00042892561517267797,0.0004350870488754784,6.161433702800423e-06,-3.9802246950178715e-06,1.7279218203232862e-05,1.4364807054761553,0.06404571361118425,-0.04137289196334551,0.17961077142912818,0.06404571361118425,0.1353334673458707,colmax,8,False,0.2707761578101972,12,6.886095597950803
dec0_attn,SpecRes Z500,120,0.00042892561517267797,0.00042934649051555124,4.208753428732355e-07,-7.340180066724619e-07,1.4134263134716698e-06,0.0981231542219269,0.004374835951479414,-0.007629832488407701,0.014692018327158926,0.004374835951479414,0.00924436133192978,colmax,18,False,-0.04533058739626029,12,13.139592494686768
dec0_mlp,SpecRes Z500,120,0.00042892561517267797,0.00043532951167435385,6.403896501675869e-06,-3.0790861273999324e-07,1.4755460930852372e-05,1.4930086418592121,0.06656602036561465,-0.0032005906062090124,0.15337729342910367,0.06656602036561465,0.14065906733719816,colmax,7,False,0.32844908933257627,12,6.066179722444462
dec1_attn,SpecRes Z500,120,0.00042892561517267797,0.00042855608141204965,-3.695337606283526e-07,-3.40081678587012e-06,2.7128169070541226e-06,-0.08615334397307672,-0.0038411601170212236,-0.035350171472745114,0.028198679575144783,0.0038411601170212236,-0.008116663675933713,colmax,19,False,0.7368068796282987,12,1.8184620762996633
dec1_mlp,SpecRes Z500,120,0.00042892561517267797,0.00043238702952900593,3.4614143563279263e-06,1.4007746358402073e-06,6.303965892584528e-06,0.8069964193988325,0.03598005971471553,0.0145605090451687,0.06552728044247852,0.03598005971471553,0.07602860460053659,colmax,10,True,0.23372207847256385,12,7.453327794630794
dec2_attn,SpecRes Z500,120,0.00042892561517267797,0.00043016753867656615,1.24192350388815e-06,-4.26656091197704e-08,2.413294108312887e-06,0.2895428624350572,0.012909313139386274,-0.0004434924588232735,0.025085256252991264,0.012909313139386274,0.027278361184528418,colmax,17,False,-0.01413835489080246,12,12.344186751825278
dec2_mlp,SpecRes Z500,120,0.00042892561517267797,0.0004331764963959965,4.250881223318477e-06,2.349400286523936e-06,6.21349123927454e-06,0.9910532439540004,0.044186261600133024,0.024421104756893967,0.06458683151217047,0.044186261600133024,0.0933689337541153,colmax,9,True,-0.16844659951933094,12,16.861646150598506
upsample,SpecRes Z500,120,0.00042892561517267797,0.0004262879774614703,-2.637637711207693e-06,-5.249212942241381e-06,-2.2085478121880823e-07,-0.6149405906070278,-0.027417220992784132,-0.054563532612565864,-0.00229569979162019,0.027417220992784132,-0.057934674667962725,colmax,11,True,0.35974466811925093,12,5.650372575607097
decoder_io,SpecRes Z500,120,0.00042892561517267797,0.00039715315991391736,-3.17724552587606e-05,-4.6910796057394086e-05,-2.0303861613986876e-05,-7.407451113864945,-0.33026234937850135,-0.4876195305321539,-0.21105076656744506,0.33026234937850135,-0.6978694803297625,colmax,3,True,-0.17941138239892757,12,17.247298201822677
decoder_heads,SpecRes Z500,120,0.00042892561517267797,0.0004264121659313484,-2.5134492413296052e-06,-1.1840409570140764e-05,4.797986124079484e-06,-0.5859872090683449,-0.026126330015249447,-0.12307646514539212,0.04987320484736605,0.026126330015249447,-0.0552069237834014,colmax,12,False,-0.16245195870063855,12,16.655072684268596
film,SpecRes Z500,120,0.00042892561517267797,0.0004305831898818724,1.657574709194402e-06,1.642789963322381e-07,3.164561348967254e-06,0.3864480577890158,0.017229846207053374,0.001707616450801907,0.032894387838476855,0.017229846207053374,0.036407976389998965,colmax,16,True,0.5776863130459717,12,3.2121494631364476
cond_embed,SpecRes Z500,120,0.00042892561517267797,0.000437264991584622,8.339376411944007e-06,2.084295798946793e-06,1.672977117171588e-05,1.9442477009881352,0.08668458335151406,0.021665446430052207,0.17389948264108882,0.08668458335151406,0.18317112213960723,colmax,6,True,-0.13071327239287528,12,15.608842097548772
encoder_io,|RQE| Z500,120,0.008736323565244675,0.008103604292652259,-0.0006327192725924154,-0.0010553107883121509,-0.00022052599185068782,-7.242397421147888,-0.2325411576131165,-0.3878547769696304,-0.0810491661153714,0.2325411576131165,-0.3885268514217012,colmax,3,True,-0.1525309620399507,12,16.31961868220062
enc0_attn,|RQE| Z500,120,0.008736323565244675,0.008732247127530476,-4.076437714199225e-06,-7.267503339486817e-05,8.201771512782821e-05,-0.04666079139303328,-0.0014981992584384217,-0.02671000730856689,0.030143691281068485,0.0014981992584384217,-0.0025031725422638676,colmax,18,False,-0.469668454303513,12,33.25470942612076
enc0_mlp,|RQE| Z500,120,0.008736323565244675,0.008536595579547187,-0.00019972798569748798,-0.00033067492283104605,-7.865681739834455e-05,-2.2861788967164274,-0.07340534580451877,-0.12153182727262032,-0.0289084719942729,0.07340534580451877,-0.12264473169261539,colmax,7,True,-0.10064406503082077,12,14.685763741385077
enc1_attn,|RQE| Z500,120,0.008736323565244675,0.008490760364414504,-0.0002455632008301715,-0.000819652690552175,0.00013346738317826097,-2.8108299675058355,-0.09025100619151712,-0.301244159547659,0.04905281241189466,0.09025100619151712,-0.15079024992026946,colmax,5,False,0.2176572286849721,12,7.709980308595692
enc1_mlp,|RQE| Z500,120,0.008736323565244675,0.008405722600097457,-0.0003306009651472171,-0.0008189765911083668,0.00011437289261569579,-3.784211547090954,-0.12150464585716968,-0.30099567502358154,0.042035079379583576,0.12150464585716968,-0.2030084393341483,colmax,4,False,-0.2976364072780037,12,22.170336060541626
enc2_attn,|RQE| Z500,120,0.008736323565244675,0.008740377379581332,4.053814336657524e-06,-3.062261772962908e-05,3.826861890653768e-05,0.04640183375057939,0.0014898845656029867,-0.01125462631605202,0.014064735066975014,0.0014898845656029867,0.0024892804576924785,colmax,19,False,0.14205276459224714,12,9.014790860883595
enc2_mlp,|RQE| Z500,120,0.008736323565244675,0.008689805787677566,-4.6517777567108474e-05,-0.00010314060491509736,2.6160508665876927e-05,-0.5324639960929112,-0.01709652023198785,-0.037906914966574924,0.009614682581084869,0.01709652023198785,-0.028564651712334056,colmax,13,False,0.03343366671724018,12,11.223551518538526
downsample,|RQE| Z500,120,0.008736323565244675,0.008541814245594045,-0.00019450931965063015,-0.0003932667304373657,5.817991526176529e-06,-2.226443631557305,-0.07148734726029814,-0.14453598097610199,0.0021382665948156076,0.07148734726029814,-0.11944016376551647,colmax,8,False,-0.3449705097232832,12,24.63957173876433
dec0_attn,|RQE| Z500,120,0.008736323565244675,0.00873147319847097,-4.850366773704688e-06,-3.368230730605622e-05,1.7612970744570086e-05,-0.05551954134346266,-0.0017826387677178615,-0.012379143597031843,0.0064732351034084475,0.0017826387677178615,-0.002978410509145138,colmax,17,False,0.12553435274545313,12,9.323205232659618
dec0_mlp,|RQE| Z500,120,0.008736323565244675,0.008513945581701895,-0.00022237798354278007,-0.0002813053569601228,-0.00016744120027093842,-2.5454412474768726,-0.08172982230939638,-0.1033871990057381,-0.06153909360718348,0.08172982230939638,-0.1365531626962787,colmax,6,True,-0.328068182594054,12,23.717909731755505
dec1_attn,|RQE| Z500,120,0.008736323565244675,0.0088183629559353,8.203939069062471e-05,5.737304066618284e-05,0.00011408515274524689,0.9390608083358811,0.030151657626781275,0.021086118078298115,0.04192932732576754,0.030151657626781275,0.05037701163580034,colmax,11,True,0.24242103261442002,12,7.317123076624778
dec1_mlp,|RQE| Z500,120,0.008736323565244675,0.00864850333891809,-8.782022632658482e-05,-0.00012082019044707219,-4.590520790467661e-05,-1.0052309266103203,-0.03227626844391261,-0.04440463277573972,-0.016871384591916484,0.03227626844391261,-0.05392678475875811,colmax,10,True,0.16127423725522916,12,8.666952929848897
dec2_attn,|RQE| Z500,120,0.008736323565244675,0.008723024123658737,-1.3299441585938135e-05,-4.231226145445058e-05,1.20670903318872e-05,-0.15223155926649407,-0.004887898434531024,-0.015550881229731538,0.004434976578636199,0.004887898434531024,-0.008166639438498621,colmax,16,False,0.28962477953366095,12,6.610064245724713
dec2_mlp,|RQE| Z500,120,0.008736323565244675,0.00859323691111058,-0.00014308665413409472,-0.00016651926077126215,-0.00011239716744360824,-1.6378360195280535,-0.0525881502787163,-0.06120025632532612,-0.041308947841405236,0.0525881502787163,-0.08786362233507879,colmax,9,True,0.05360426448447249,12,10.77895108154595
upsample,|RQE| Z500,120,0.008736323565244675,0.008785461812901,4.91382476563255e-05,-4.951774220292766e-07,0.00010018811250726382,0.5624591086782773,0.01805961267192624,-0.00018199087009120296,0.036821795495583516,0.01805961267192624,0.030173774489386063,colmax,12,False,-0.5772434012359353,12,44.77025520160859
decoder_io,|RQE| Z500,120,0.008736323565244675,0.010364832046131292,0.0016285084808866184,0.0009025642260288199,0.0026681238930905222,18.640661242965415,0.5985201711598559,0.33171635357491436,0.9806064800465863,0.5985201711598559,1.0,colmax,1,True,0.4949648593715527,12,4.053889059364929
decoder_heads,|RQE| Z500,120,0.008736323565244675,0.009496994859849414,0.0007606712946047386,0.0005928762577241287,0.0008859960488431776,8.706995441776941,0.27956692813496936,0.2178977901646961,0.32562710788700816,0.27956692813496936,0.46709691937901476,colmax,2,True,0.09689924035429114,12,9.87985834710594
film,|RQE| Z500,120,0.008736323565244675,0.008768379261406759,3.2055696162084736e-05,-2.8615245052302874e-06,5.927841799954573e-05,0.3669243237465526,0.011781320747641275,-0.0010516863478144795,0.02178639491509272,0.011781320747641275,0.019684083035682115,colmax,15,False,0.16935020301960024,12,8.524219295489976
cond_embed,|RQE| Z500,120,0.008736323565244675,0.008693665925723812,-4.265763952086369e-05,-0.00011459268474330504,2.7177408143567497e-05,-0.48827907073596344,-0.015677816853248764,-0.04211585883107569,0.009988420179987864,0.015677816853248764,-0.02619429988945427,colmax,14,False,-0.21183980118172116,12,18.450662233368533
encoder_io,SpecDiv> T850,120,0.0018545342803311844,0.0018433030733528237,-1.1231206978360811e-05,-0.00013129498984199017,0.00011305871157674118,-0.6056079468293857,-0.015309696508845904,-0.1789733241926458,0.15411474165296465,0.015309696508845904,-0.026008855842157275,share,12,False,-0.005206621744132917,12,12.125612940928773
enc0_attn,SpecDiv> T850,120,0.0018545342803311844,0.0018842090406299878,2.967476029880345e-05,1.1992427365233501e-05,4.849579587850407e-05,1.6001192651722838,0.040450823764779084,0.016347345723380105,0.06610651181883911,0.040450823764779084,0.06871982363509034,share,7,True,0.021111427816571823,12,11.503801197601776
enc0_mlp,SpecDiv> T850,120,0.0018545342803311844,0.001840073528001085,-1.4460752330099544e-05,-5.545835786809524e-05,2.053075925990318e-05,-0.7797511474156805,-0.01971201580470935,-0.07559745176768375,0.02798627912128196,0.01971201580470935,-0.033487729631138156,share,10,False,0.5506450267321671,12,3.4774300928031576
enc1_attn,SpecDiv> T850,120,0.0018545342803311844,0.002284256178730478,0.0004297218983992934,0.00028932796800897146,0.0005729190694789091,23.17141845027277,0.5857706887936354,0.3943942436705869,0.7809683406914342,0.5857706887936354,0.995135690155057,share,2,True,0.1316511176630757,12,9.207949716482737
enc1_mlp,SpecDiv> T850,120,0.0018545342803311844,0.002313696614388997,0.00045916233405781287,0.0002811360075914611,0.0007337366810437134,24.75890248714169,0.6259020954971668,0.3832274627496937,1.0001851026190074,0.6259020954971668,1.0633128725761483,share,1,True,0.3640849686612672,12,5.594211908627618
enc2_attn,SpecDiv> T850,120,0.0018545342803311844,0.0018532324271897476,-1.3018531414369743e-06,-1.0264938706920172e-05,5.427028857714805e-06,-0.07019838647600994,-0.0017746068194530445,-0.013992538521250665,0.00739779481550332,0.0017746068194530445,-0.0030147882367880336,share,19,False,0.07832938846737547,12,10.256650200465266
enc2_mlp,SpecDiv> T850,120,0.0018545342803311844,0.001845917848792548,-8.616431538636485e-06,-1.9000171596417205e-05,1.3891820951054341e-06,-0.46461430398028314,-0.011745394070284123,-0.025899875348891162,0.001893648324046019,0.011745394070284123,-0.019953645783039566,share,13,False,0.5111380184308711,12,3.882070140039898
downsample,SpecDiv> T850,120,0.0018545342803311844,0.001943920263632511,8.938598330132663e-05,3.840677624490733e-05,0.00013218666451090635,4.819861474082,0.12184552195723192,0.05235377545134524,0.18018880072976548,0.12184552195723192,0.2069970893131015,share,4,True,-0.4379791511438966,12,30.70304215377039
dec0_attn,SpecDiv> T850,120,0.0018545342803311844,0.00185770988658381,3.1756062526255846e-06,3.831203988132378e-07,6.580959113004302e-06,0.17123470222715334,0.004328792804990835,0.0005222463661723681,0.008970762176437457,0.004328792804990835,0.007353963415964634,share,16,True,-0.6334842760814047,12,53.48150170313157
dec0_mlp,SpecDiv> T850,120,0.0018545342803311844,0.0018305328170148034,-2.4001463316380978e-05,-6.048925182161232e-05,8.862954806924418e-06,-1.294204349357984,-0.03271733125833825,-0.0824552596368586,0.012081439557392392,0.03271733125833825,-0.055581791039852065,share,8,False,0.28303761772332875,12,6.705608992654887
dec1_attn,SpecDiv> T850,120,0.0018545342803311844,0.0018558567583871384,1.3224780559539795e-06,-6.556180596817285e-06,8.727851673029357e-06,0.07131052092053053,0.0018027214452795133,-0.008936985614088134,0.011897275203435375,0.0018027214452795133,0.0030625507283406467,share,18,False,-0.19123596169028442,12,17.674909940554524
dec1_mlp,SpecDiv> T850,120,0.0018545342803311844,0.0018350168538745493,-1.9517426456635196e-05,-3.639847127487883e-05,-6.430915527744224e-06,-1.0524165912505945,-0.026604965633748395,-0.0496161765763906,-0.008766231910201887,0.026604965633748395,-0.04519780751067763,share,9,True,-0.30423827319939084,12,22.494567716970586
dec2_attn,SpecDiv> T850,120,0.0018545342803311844,0.0018506432049131643,-3.8910754180202884e-06,-8.80438819876872e-06,1.895673146160932e-06,-0.20981415438303014,-0.005304076744173377,-0.012001605128364078,0.002584066040596531,0.005304076744173377,-0.009010823129984021,share,15,False,-0.008081611468730977,12,12.195538945030284
dec2_mlp,SpecDiv> T850,120,0.0018545342803311844,0.0018491098696055512,-5.424410725633304e-06,-1.3161082461010664e-05,3.2414267479907703e-06,-0.2924944975762113,-0.007394225937495366,-0.017940385088992074,0.00441851529074365,0.007394225937495366,-0.012561670073703804,share,14,False,-0.04324697077762345,12,13.084843493525767
upsample,SpecDiv> T850,120,0.0018545342803311844,0.001865894397875915,1.1360117544730505e-05,-4.6196842352704454e-06,2.933377400040626e-05,0.6125590486632475,0.015485419532355838,-0.006297271855550187,0.03998601203508753,0.015485419532355838,0.026307382647308322,share,11,False,0.11473324011578427,12,9.52981461063024
decoder_io,SpecDiv> T850,120,0.0018545342803311844,0.0017634055111557245,-9.112876917545994e-05,-0.00019614673074102028,1.396809141927703e-05,-4.913835788421559,-0.12422118139119052,-0.2673752629288303,0.019040450492005524,0.12422118139119052,-0.21103297491750844,share,3,False,-0.20645359136771194,12,18.243977842915385
decoder_heads,SpecDiv> T850,120,0.0018545342803311844,0.0017902148053205262,-6.431947501065831e-05,-0.00011837114774001141,-6.394250279602967e-06,-3.468227883022582,-0.0876763863330738,-0.1613563306949071,-0.008716252079668472,0.0876763863330738,-0.1489489025194338,share,5,True,0.11267936723145569,12,9.569556070511377
film,SpecDiv> T850,120,0.0018545342803311844,0.001851972929822902,-2.561350508282582e-06,-8.64580215420574e-06,2.264772047055883e-06,-0.13811286938439193,-0.003491476829706482,-0.01178543030249938,0.0030871991557940054,0.003491476829706482,-0.005931490378506119,share,17,False,0.02781670807296612,12,11.35046687944696
cond_embed,SpecDiv> T850,120,0.0018545342803311844,0.001886832556920126,3.229827658894161e-05,1.8413299403619022e-05,5.086250942743692e-05,1.7415842312267076,0.04402704119763515,0.02509988696130894,0.06933267141391622,0.04402704119763515,0.07479527546508712,share,6,True,0.13393953803480274,12,9.165149635397398
encoder_io,SpecDiv< T850,120,0.0018365215801168233,0.001817419067568456,-1.9102512548367184e-05,-0.00013493607063234475,0.00010442879065521992,-1.0401463699191626,-0.026188906853635494,-0.18499284719947043,0.14316838501651047,0.026188906853635494,-0.041292358907672085,share,8,False,-0.017972694307857234,12,12.439238971145063
enc0_attn,SpecDiv< T850,120,0.0018365215801168233,0.0018659111131758739,2.938953305905064e-05,1.257202845105591e-05,4.8869176922986904e-05,1.600282478422123,0.04029206848086105,0.017235831214993835,0.06699800977538595,0.04029206848086105,0.06352898050088934,share,7,True,0.004104896216333341,12,11.90188524170808
enc0_mlp,SpecDiv< T850,120,0.0018365215801168233,0.0018257041034909587,-1.0817476625864705e-05,-5.226939198716233e-05,2.5108135256838652e-05,-0.5890198483361461,-0.014830399248729469,-0.07165959109211331,0.03442241505377439,0.014830399248729469,-0.023383265744732602,share,11,False,0.5603146677506854,12,3.381512778187147
enc1_attn,SpecDiv< T850,120,0.0018365215801168233,0.0022575798793695867,0.0004210582992527634,0.0002712789542177537,0.0005713200371246785,22.926945362982305,0.5772568687579978,0.3719143879828346,0.783260694005025,0.5772568687579978,0.9101677263541564,share,2,True,0.1153465668933948,12,9.517975409964146
enc1_mlp,SpecDiv< T850,120,0.0018365215801168233,0.002304167477025961,0.00046764589690913755,0.0002864651789423078,0.0007465597065068625,25.46367556864701,0.6411269095428535,0.3927341949984159,1.0235084293169003,0.6411269095428535,1.0108723744051615,share,1,True,0.32779205574306575,12,6.075119440723719
enc2_attn,SpecDiv< T850,120,0.0018365215801168233,0.0018358371744398028,-6.844056770205498e-07,-9.12368268473074e-06,5.734589164300504e-06,-0.03726641082959743,-0.0009382973302704405,-0.012508264312746861,0.007861930261135748,0.0009382973302704405,-0.0014794244883978088,share,19,False,0.0605184501534927,12,10.630440796693723
enc2_mlp,SpecDiv< T850,120,0.0018365215801168233,0.0018292214081156999,-7.300172001123428e-06,-1.656876071744288e-05,1.8163244628036982e-06,-0.39749993031168496,-0.010008292054192682,-0.02271521769770418,0.0024901201897868396,0.010008292054192682,-0.015780192348775268,share,13,False,0.43294925385338806,12,4.748674061876831
downsample,SpecDiv< T850,120,0.0018365215801168233,0.0019231897022109479,8.666812209412456e-05,3.6803860954629875e-05,0.00013172708398390872,4.719145314296361,0.11881910146403993,0.05045686445458406,0.18059343365543196,0.11881910146403993,0.18734348135111858,share,3,True,-0.3680888622229197,12,25.98002371730073
dec0_attn,SpecDiv< T850,120,0.0018365215801168233,0.0018401844038938482,3.6628237770249448e-06,9.655971856166918e-07,7.148330526736875e-06,0.19944354679414922,0.00502160909330155,0.001323801499316887,0.009800122462932917,0.00502160909330155,0.007917630397232594,share,15,True,-0.6437048764098908,12,55.35988906659919
dec0_mlp,SpecDiv< T850,120,0.0018365215801168233,0.0018209186382591724,-1.5602941857650876e-05,-5.395052576204762e-05,1.785724695461492e-05,-0.8495920781207675,-0.02139111229049484,-0.07396436936290339,0.0244816893051459,0.02139111229049484,-0.03372761952493683,share,10,False,0.2990405240878608,12,6.475174218950506
dec1_attn,SpecDiv< T850,120,0.0018365215801168233,0.001838008698541671,1.487118424847722e-06,-6.0835016483906655e-06,9.107428437952568e-06,0.08097473184895136,0.0020387897042366343,-0.008340277626319857,0.012485980283157994,0.0020387897042366343,0.003214583818832405,share,18,False,-0.1456038304006644,12,16.09001357210516
dec1_mlp,SpecDiv< T850,120,0.0018365215801168233,0.0018195354011065017,-1.6986179010321695e-05,-3.4686779448141657e-05,-3.7593378995855675e-06,-0.9249103955119975,-0.0232874842392666,-0.047554416400455525,-0.005153926732638296,0.0232874842392666,-0.036717651585792196,share,9,True,-0.2668352207770212,12,20.73479670618607
dec2_attn,SpecDiv< T850,120,0.0018365215801168233,0.001833473671770965,-3.047908345858256e-06,-8.331593320084116e-06,2.8127981446838622e-06,-0.16596093282303684,-0.004178580569754577,-0.011422336242396825,0.003856252334486803,0.004178580569754577,-0.006588417362177098,share,16,False,0.011789215167093397,12,11.720355623712084
dec2_mlp,SpecDiv< T850,120,0.0018365215801168233,0.0018316669544825952,-4.8546256342281895e-06,-1.3117170844149464e-05,4.992640363828589e-06,-0.26433806641789537,-0.006655529644184971,-0.017983203233127406,0.006844743230030437,0.006655529644184971,-0.010493852237676984,share,14,False,0.007084046467203501,12,11.831178821857723
upsample,SpecDiv< T850,120,0.0018365215801168233,0.0018459042087973405,9.382628680517277e-06,-6.829808262409643e-06,2.810143535801519e-05,0.5108912839412666,0.012863270626529139,-0.009363439074286854,0.038526129543489024,0.012863270626529139,0.02028167080075827,share,12,False,0.14247626104867803,12,9.007001036477046
decoder_io,SpecDiv< T850,120,0.0018365215801168233,0.0017541843408253044,-8.233723929151893e-05,-0.0001933166694167691,1.8939763685921128e-05,-4.483325444304409,-0.11288160575376252,-0.2650306987519062,0.025965783597553707,0.11288160575376252,-0.17798176170196475,share,4,False,-0.23189908672039228,12,19.24589436761079
decoder_heads,SpecDiv< T850,120,0.0018365215801168233,0.0017780842802797754,-5.843729983704785e-05,-0.0001127746644973134,-2.704972090820493e-06,-3.1819555223157563,-0.08011558680228319,-0.15461029937774257,-0.0037084264150496118,0.08011558680228319,-0.1263191924285836,share,5,True,0.10850248512783572,12,9.650831028342033
film,SpecDiv< T850,120,0.0018365215801168233,0.0018341931863687932,-2.3283937480300665e-06,-7.815784435175979e-06,2.1069528884254372e-06,-0.12678281449227266,-0.003192150081375491,-0.010715179484513084,0.0028885620569681827,0.003192150081375491,-0.005033100754604946,share,17,False,-0.13861615550781325,12,15.862143170503463
cond_embed,SpecDiv< T850,120,0.0018365215801168233,0.00187021802412346,3.369644400663674e-05,1.9508316957702238e-05,5.443172412924464e-05,1.8347970626347483,0.04619669957834863,0.026745251148657497,0.07462407625668169,0.04619669957834863,0.07283888212669976,share,6,True,0.203779059253703,12,7.937213407648978
encoder_io,SpecRes T850,120,0.0004518314647915152,0.00041959333369353163,-3.223813109798357e-05,-8.404847667407011e-05,8.293831585130245e-06,-7.134990280692147,-0.14638826009771438,-0.3816508539773891,0.03766097890726133,0.14638826009771438,-0.3058940042350481,share,3,False,0.6206816913840434,12,2.808583405112868
enc0_attn,SpecRes T850,120,0.0004518314647915152,0.0004548857856813508,3.0543208898355565e-06,-2.2002196601533793e-06,8.406606896945346e-06,0.6759867622864393,0.013869188616554019,-0.009990849869792342,0.03817307378113641,0.013869188616554019,0.02898116036475179,share,10,False,0.1924230231762564,12,8.127085382896428
enc0_mlp,SpecRes T850,120,0.0004518314647915152,0.00045520829007728025,3.376825285765032e-06,-3.084605517263602e-06,8.923893832009829e-06,0.7473639064342656,0.015333630126841608,-0.014006706325115493,0.04052199202845085,0.015333630126841608,0.032041268308181645,share,8,False,-0.1135202964782666,12,15.073377884067487
enc1_attn,SpecRes T850,120,0.0004518314647915152,0.0005352244528088098,8.339298801729456e-05,1.2114124759439924e-05,0.00017208204141449336,18.456657961121383,0.37867438354591415,0.0550083266536494,0.7813973632704206,0.37867438354591415,0.7912808268011287,share,2,True,0.6379767657932952,12,2.6522224864260893
enc1_mlp,SpecRes T850,120,0.0004518314647915152,0.0005670696470284989,0.00011523818223698375,3.327245009738059e-05,0.00022494603878537114,25.50468287775335,0.5232783793583661,0.1510849392646159,1.021444423486544,0.5232783793583661,1.093446419027808,share,1,True,0.7701936679500417,12,1.5578385769467828
enc2_attn,SpecRes T850,120,0.0004518314647915152,0.00045153121269928914,-3.00252092226098e-07,-1.9056971723330207e-06,1.5592818575290316e-06,-0.06645223177731564,-0.0013633973147539609,-0.008653469783439591,0.007080452568166531,0.0013633973147539609,-0.002848965235976003,share,18,False,0.28569567107222027,12,6.666936927605063
enc2_mlp,SpecRes T850,120,0.0004518314647915152,0.0004493538108363282,-2.477653955187028e-06,-6.4373850060898495e-06,2.329744650827092e-07,-0.548357993689145,-0.011250635172419641,-0.029231148286990808,0.0010579002389126302,0.011250635172419641,-0.023509411484103352,share,12,False,0.09200520943467165,12,9.977917131388724
downsample,SpecRes T850,120,0.0004518314647915152,0.000468587033537915,1.6755568746399756e-05,-2.0955609519054026e-06,3.0110720338901346e-05,3.7083669580495324,0.07608439050880714,-0.009515611210394561,0.1367280239447978,0.07608439050880714,0.15898651201255373,share,4,False,0.06466316851322378,12,10.542340817063689
dec0_attn,SpecRes T850,120,0.0004518314647915152,0.0004522826432851919,4.5117849367670715e-07,-6.479683179350104e-07,1.6738757949497082e-06,0.09985548347875477,0.00204873025927275,-0.0029423217609187576,0.007600805533596605,0.00204873025927275,0.004281042087583597,share,17,False,-0.04869477398470263,12,13.228495906122639
dec0_mlp,SpecRes T850,120,0.0004518314647915152,0.00044981300986061495,-2.0184549309002855e-06,-8.479628771359179e-06,4.334694222052347e-06,-0.44672739465624517,-0.009165484950789428,-0.03850465457631418,0.01968316163530796,0.009165484950789428,-0.019152265970519763,share,13,False,-0.15317065414578962,12,16.341011229117022
dec1_attn,SpecRes T850,120,0.0004518314647915152,0.0004531089968319672,1.2775320404519637e-06,-1.8396987494876762e-06,5.1826153746029945e-06,0.28274525791191735,0.005801071161738134,-0.00835378137221753,0.023533437628189623,0.005801071161738134,0.012121961729253769,share,15,False,0.1984394949663661,12,8.026042283155524
dec1_mlp,SpecRes T850,120,0.0004518314647915152,0.00044935374171473086,-2.4777230767843625e-06,-5.617235729005188e-06,1.151319035367718e-07,-0.548373291782067,-0.011250949042672797,-0.025506979992994033,0.0005227957845713982,0.011250949042672797,-0.023510067349734137,share,11,False,-0.36115995626019626,12,25.568089594858076
dec2_attn,SpecRes T850,120,0.0004518314647915152,0.0004515694599831477,-2.620048083675404e-07,-2.89406470983522e-06,2.6643090374515517e-06,-0.05798728702712971,-0.0011897224413408478,-0.013141490621628291,0.012098206411833345,0.0011897224413408478,-0.0024860529202760245,share,19,False,0.48806441597306455,12,4.128334057572427
dec2_mlp,SpecRes T850,120,0.0004518314647915152,0.0004534634305552269,1.631965763711681e-06,-1.495399677272265e-06,5.145439536136109e-06,0.36118904743933783,0.007410498703001223,-0.006790373680199557,0.02336462801902523,0.007410498703001223,0.015485033568447115,share,14,False,0.4296877157895888,12,4.786882712176949
upsample,SpecRes T850,120,0.0004518314647915152,0.0004550941072617813,3.2626424702660492e-06,1.5842670109122992e-07,5.73721717955777e-06,0.7220927988650598,0.014815144001105866,0.0007193906202340748,0.026051796804396943,0.014815144001105866,0.030957835818200857,share,9,True,-0.3003852186687152,12,22.304592527806257
decoder_io,SpecRes T850,120,0.0004518314647915152,0.00043940182392058585,-1.2429640870929385e-05,-4.016028715341236e-05,1.688828448701921e-05,-2.750946279640947,-0.05644103546835571,-0.1823615191446487,0.07668703171954645,0.05644103546835571,-0.1179396102601623,share,5,False,-0.02953180625120998,12,12.730331354076819
decoder_heads,SpecRes T850,120,0.0004518314647915152,0.0004416193975581943,-1.0212067233320946e-05,-2.4089989043811025e-05,2.3683336015286126e-06,-2.2601496418654716,-0.04637138392864956,-0.10938883433342303,0.010754228717694256,0.04637138392864956,-0.09689799101640421,share,7,False,-0.12570976586019467,12,15.450838477697358
film,SpecRes T850,120,0.0004518314647915152,0.00045235569268697873,5.242278954635063e-07,-1.62891810759902e-06,2.7647887388108433e-06,0.1160228838213816,0.002380436051902189,-0.007396659778084867,0.012554468861180003,0.002380436051902189,0.004974176995175574,share,16,False,0.2030377827527521,12,7.949498132206602
cond_embed,SpecRes T850,120,0.0004518314647915152,0.00046225997114864487,1.0428506357129663e-05,1.9294913727208042e-06,1.9938879692441912e-05,2.308052265005847,0.04735419979521243,0.008761515488216872,0.09053930259179285,0.04735419979521243,0.09895169040901929,share,6,True,0.05125494469144181,12,10.829856944971935
encoder_io,|RQE| T850,120,0.0056590997652771575,0.00565704619900013,-2.05356627702713e-06,-0.0003822416814121728,0.00031270389542138824,-0.03628786135963368,-0.0010039581264242507,-0.18687229460515262,0.1528763013323841,0.0010039581264242507,-0.002497657645822833,share,19,False,0.1774433132667356,12,8.383146882386761
enc0_attn,|RQE| T850,120,0.0056590997652771575,0.005597431891753028,-6.166787352412939e-05,-0.00022270119273647045,9.525988522606582e-05,-1.0897117223928137,-0.030148509671419122,-0.10887531350379641,0.046571146480550975,0.030148509671419122,-0.07500378124252884,share,10,False,0.35076167539956216,12,5.767753140390719
enc0_mlp,|RQE| T850,120,0.0056590997652771575,0.005763022520113736,0.00010392275483657916,-0.00018440170630735036,0.00034919100774762524,1.8363831553955556,0.05080629508077979,-0.09015126204826969,0.17071430994183118,0.05080629508077979,0.12639643828214492,share,9,False,0.38559786123205314,12,5.321042902490881
enc1_attn,|RQE| T850,120,0.0056590997652771575,0.0037704571635307125,-0.0018886426017464448,-0.0026666492429891758,-0.0013430990518827465,-33.37355197967512,-0.9233293851510461,-1.3036853048140944,-0.6566212266021622,0.9233293851510461,-2.297068610469988,share,2,True,0.4781801448469331,12,4.236180741343418
enc1_mlp,|RQE| T850,120,0.0056590997652771575,0.004286519018933177,-0.0013725807463439803,-0.001887053954123985,-0.0007725800460320904,-24.254400934328775,-0.6710343902123286,-0.9225527188664293,-0.3777029376670523,0.6710343902123286,-1.6694064535273638,share,3,True,0.1598978063443492,12,8.691478049812696
enc2_attn,|RQE| T850,120,0.0056590997652771575,0.005628926485466461,-3.017327981069684e-05,-5.976567626930773e-05,1.83107234382381e-07,-0.5331816200843932,-0.014751269440728972,-0.02921855361721047,8.951841390353759e-05,0.014751269440728972,-0.03669836413940248,share,14,False,-0.019355258642593808,12,12.473694690677947
enc2_mlp,|RQE| T850,120,0.0056590997652771575,0.005663495200375716,4.395435098558664e-06,-7.884831235666449e-05,0.00011260981846135103,0.07767021754110029,0.0021488630952572123,-0.03854777166476871,0.05505327177611194,0.0021488630952572123,0.005345964336990351,share,18,False,0.010339419106304162,12,11.75439337131793
downsample,|RQE| T850,120,0.0056590997652771575,0.005454491183627397,-0.0002046085816497604,-0.0005071316142372476,-1.3345328140227793e-05,-3.6155676721797385,-0.10003010401046965,-0.2479291323468722,-0.006524333198330427,0.10003010401046965,-0.24885595077959005,share,5,True,0.35285469345023374,12,5.740264432089113
dec0_attn,|RQE| T850,120,0.0056590997652771575,0.005630772599639992,-2.8327165637165308e-05,-7.172853268760567e-05,1.249257184099403e-05,-0.5005595732906817,-0.013848731574014925,-0.035067016873913066,0.006107433278394756,0.013848731574014925,-0.03445302088841277,share,15,False,0.3693765743675816,12,5.526223574464099
dec0_mlp,|RQE| T850,120,0.0056590997652771575,0.005669766183321674,1.0666418044517437e-05,-0.00010605235293041915,0.00015499058693724995,0.18848259417450017,0.0052146537442823776,-0.05184742403592771,0.07577260155449109,0.0052146537442823776,0.01297307074062341,share,17,False,0.15897554852597176,12,8.7079433474883
dec1_attn,|RQE| T850,120,0.0056590997652771575,0.005647080038518955,-1.2019726758201918e-05,-6.257254135562107e-05,3.0547574472924076e-05,-0.2123964456670653,-0.0058762663232691985,-0.0305907883703348,0.014934256555400649,0.0058762663232691985,-0.014619037512529088,share,16,False,0.13294847174349164,12,9.183664216490321
dec1_mlp,|RQE| T850,120,0.0056590997652771575,0.0054975034824262066,-0.00016159628285095096,-0.00026040167091802383,-7.702457272292427e-05,-2.855512176026052,-0.07900202841421157,-0.12730651870222043,-0.037656172379048995,0.07900202841421157,-0.1965420818964367,share,6,True,0.09404577160986091,12,9.93692496492592
dec2_attn,|RQE| T850,120,0.0056590997652771575,0.005622475951289137,-3.6623813988020025e-05,-7.220450788736343e-05,-1.2845305415491288e-06,-0.6471667845959304,-0.017904840026469273,-0.03529971409684614,-0.0006279879496732474,0.017904840026469273,-0.0445438503980473,share,12,True,-0.20301415069920054,12,18.113458126082595
dec2_mlp,|RQE| T850,120,0.0056590997652771575,0.005516812593365709,-0.00014228717191144824,-0.0001793077249506799,-8.724800087899591e-05,-2.514307536765605,-0.06956209016697619,-0.08766089003734706,-0.04265425493037588,0.06956209016697619,-0.1730573036783665,share,7,True,-0.34881812818788543,12,24.85606285877184
upsample,|RQE| T850,120,0.0056590997652771575,0.00569119358745714,3.209382217998306e-05,-0.00012120291794417425,0.00016997221003596982,0.5671188618533083,0.015690194149591195,-0.059254310794653646,0.08309689511406358,0.015690194149591195,0.03903423096115349,share,13,False,0.6395817847156317,12,2.637879137064547
decoder_io,|RQE| T850,120,0.0056590997652771575,0.008455574473676583,0.002796474708399425,0.0017633743453188799,0.00388864201522665,49.41554000439972,1.367155051309989,0.8620875906054547,1.9010994656541067,1.367155051309989,3.4012227971017297,share,1,True,0.3623554074274477,12,5.616548419857261
decoder_heads,|RQE| T850,120,0.0056590997652771575,0.00660375338823845,0.0009446536229612926,0.0007848126716756572,0.00111003867010974,16.692648338830402,0.46182715992057094,0.38368328710098604,0.5426814590640644,0.46182715992057094,1.1489384932144275,share,4,True,0.21236498063976672,12,7.796018841896246
film,|RQE| T850,120,0.0056590997652771575,0.005608170002233237,-5.09297630439202e-05,-8.663204401576271e-05,-2.1684948296751834e-05,-0.899962275915556,-0.024898806557549277,-0.04235312274619092,-0.01060144992988999,0.024898806557549277,-0.06194351430952716,share,11,True,0.20078442615395095,12,7.9869347713566965
cond_embed,|RQE| T850,120,0.0056590997652771575,0.005546449974644929,-0.00011264979063222806,-0.00023450232838513328,2.090718238226448e-05,-1.9905955947873448,-0.05507281357821092,-0.11464471387234046,0.010221211697970948,0.05507281357821092,-0.137010728127188,share,8,False,-0.10055509905387325,12,14.683124196662167
encoder_io,SpecDiv> Q700,120,0.010326063027605414,0.010507035301998258,0.00018097227439284325,-0.0003068754662914822,0.0005326185530672468,1.7525776659413845,0.0880855870155919,-0.1493671098496051,0.2592442298673955,0.0880855870155919,0.02800123766068477,share,4,False,-0.2661644137177667,12,20.704873473892285
enc0_attn,SpecDiv> Q700,120,0.010326063027605414,0.010441262973472476,0.00011519994586706161,3.931237345871826e-05,0.00017815991498840346,1.1156231136599615,0.056071875594805615,0.019134718313648574,0.08671671252987291,0.056071875594805615,0.017824504187417,share,5,True,0.16971377356944603,12,8.517839955635194
enc0_mlp,SpecDiv> Q700,120,0.010326063027605414,0.010303089007114371,-2.2974020491043728e-05,-0.00013193139263118308,0.00013076973652156683,-0.22248576664335296,-0.011182265835201618,-0.06421566068444058,0.06365024169598452,0.011182265835201618,-0.0035546937228335862,share,13,False,-0.025774681169353778,12,12.634958193046122
enc1_attn,SpecDiv> Q700,120,0.010326063027605414,0.012072209035977721,0.0017461460083723068,0.0012858979986049234,0.0024039973504841328,16.91008474095314,0.849910831249905,0.6258918965863912,1.1701102752438892,0.849910831249905,0.2701753599258661,share,2,True,0.1761947179977797,12,8.404784711884165
enc1_mlp,SpecDiv> Q700,120,0.010326063027605414,0.013326721964403987,0.0030006589367985725,0.0024791482952423397,0.0037575346980399144,29.05908020100878,1.4605265075451621,1.20668888987429,1.8289246279229492,1.4605265075451621,0.46428196976496233,share,1,True,-0.22261453033871778,12,18.87271493568967
enc2_attn,SpecDiv> Q700,120,0.010326063027605414,0.010338922341664633,1.2859314059217771e-05,-3.838038343625764e-05,4.741333929511406e-05,0.12453259315617224,0.0062590815710544334,-0.018681085907819868,0.023077744025660065,0.0062590815710544334,0.00198967886287327,share,17,False,0.05047528731929853,12,10.846801147740898
enc2_mlp,SpecDiv> Q700,120,0.010326063027605414,0.010335058129082123,8.995101476709047e-06,-1.6209535533562303e-05,3.608265348399676e-05,0.08711065826987294,0.004378233055306443,-0.007889752491171631,0.017562699722271594,0.004378233055306443,0.001391782111797713,share,18,False,0.31779096989687505,12,6.212296599572346
downsample,SpecDiv> Q700,120,0.010326063027605414,0.01014269368412594,-0.0001833693434794744,-0.00036357984451266623,3.342282919523611e-05,-1.7757914414163445,-0.08925232506052849,-0.17696713012190746,0.016268069455730186,0.08925232506052849,-0.028372128181948474,share,3,False,0.053513163014169196,12,10.780920867978953
dec0_attn,SpecDiv> Q700,120,0.010326063027605414,0.010340022466455897,1.3959438850482305e-05,-1.793309929780662e-05,4.570426535792649e-05,0.1351864579284818,0.006794551097279132,-0.008728671747956237,0.022245877478614173,0.006794551097279132,0.0021598975101216338,share,15,False,-0.177783915663317,12,17.189407087994184
dec0_mlp,SpecDiv> Q700,120,0.010326063027605414,0.010299092624336481,-2.6970403268933296e-05,-8.218818887447317e-05,4.228796654691292e-05,-0.26118766849312613,-0.013127446245352475,-0.04000388947447856,0.0205830443888583,0.013127446245352475,-0.004173040728319299,share,12,False,0.3149020775485392,12,6.252309742140512
dec1_attn,SpecDiv> Q700,120,0.010326063027605414,0.010320998728275299,-5.064299330115318e-06,-3.237719259535273e-05,3.3101532608270645e-05,-0.04904385453174709,-0.0024649730507753285,-0.01575912125350017,0.01611168307796094,0.0024649730507753285,-0.0007835821791109325,share,19,False,-0.48614781704456567,12,34.706038810545415
dec1_mlp,SpecDiv> Q700,120,0.010326063027605414,0.010415760334581137,8.969730697572231e-05,7.179240734937291e-05,0.00011920906448115904,0.8686496173413623,0.043658842025288164,0.03494389605174842,0.058023254985503446,0.043658842025288164,0.013878565755870965,share,6,True,-0.6040246878537009,12,48.60983920920008
dec2_attn,SpecDiv> Q700,120,0.010326063027605414,0.010407458137099942,8.139510949452718e-05,3.0411029001697898e-05,0.00014106183080002664,0.7882492027883977,0.03961786977634039,0.014802120105689981,0.06865976687977034,0.03961786977634039,0.012593994373006824,share,8,True,0.5452967268370297,12,3.530997758031938
dec2_mlp,SpecDiv> Q700,120,0.010326063027605414,0.010374115314334631,4.8052286729216576e-05,2.541959596176942e-05,7.63936744381984e-05,0.4653495393235051,0.023388742271075562,0.012372613647608423,0.03718349498420647,0.023388742271075562,0.007434970386255876,share,9,True,-0.29401092071605167,12,21.994860124949916
upsample,SpecDiv> Q700,120,0.010326063027605414,0.010368211660534143,4.214863292872906e-05,-5.531435211499532e-05,0.00014760827374023694,0.40817718055806995,0.020515225803995465,-0.026923445554205814,0.07184615148584957,0.020515225803995465,0.006521517683688785,share,11,False,-0.10059607305074118,12,14.684339795365375
decoder_io,SpecDiv> Q700,120,0.010326063027605414,0.010410499215746919,8.443618814150493e-05,-0.0003199957563386609,0.00046276400292602656,0.8176997168792747,0.041098069982025656,-0.15575321763599356,0.22524355724755232,0.041098069982025656,0.01306453034999306,share,7,False,0.44867769171363886,12,4.566832040887186
decoder_heads,SpecDiv> Q700,120,0.010326063027605414,0.010339554709692797,1.3491682087381681e-05,-0.00011011597234755754,0.00014807870223497332,0.13065659246232944,0.00656687738761026,-0.05359732642234436,0.07207512562151061,0.00656687738761026,0.0020875230630693666,share,16,False,0.28706103279819545,12,6.64713435370013
film,SpecDiv> Q700,120,0.010326063027605414,0.010340969078242779,1.4906050637364388e-05,-1.573409147871037e-05,4.2582146124914286e-05,0.1443536670027576,0.0072553004314140634,-0.007658337105554077,0.020726231962221054,0.0072553004314140634,0.002306363601161372,share,14,False,0.15365432675183638,12,8.803458578076015
cond_embed,SpecDiv> Q700,120,0.010326063027605414,0.010278841713443398,-4.7221314162015915e-05,-0.0001680950440155963,6.907583253147698e-05,-0.45730220739284416,-0.022984278622589647,-0.08181778494082466,0.033621643301657546,0.022984278622589647,-0.007306396766778753,share,10,False,0.11364027944790589,12,9.550944629892653
encoder_io,SpecDiv< Q700,120,0.009631895227357745,0.00970206328202039,7.016805466264486e-05,-0.00042934695181126397,0.00043557044894744924,0.7284968638710329,0.039451262652792626,-0.24139588088223643,0.24489497774788258,0.039451262652792626,0.013263379262199521,share,8,False,-0.2414090977881683,12,19.63760589538174
enc0_attn,SpecDiv< Q700,120,0.009631895227357745,0.00970332429278642,7.142906542867422e-05,-2.389373063730696e-06,0.00013067660911474373,0.7415888954625692,0.04016025290737222,-0.0013434002804545528,0.07347157126627041,0.04016025290737222,0.013501739355321328,share,7,False,0.037215144087901206,12,11.138883130273758
enc0_mlp,SpecDiv< Q700,120,0.009631895227357745,0.009579136967658997,-5.275825969874859e-05,-0.00016007290493386486,9.315871866419908e-05,-0.5477453653035781,-0.02966278558649613,-0.08999933440513842,0.052377525586091274,0.02966278558649613,-0.009972526828090104,share,9,False,-0.08524618831408914,12,14.236567362061587
enc1_attn,SpecDiv< Q700,120,0.009631895227357745,0.011168176696325341,0.0015362814689675968,0.0011157636375476916,0.0021392318905175973,15.949939577873034,0.863758358875019,0.6273265595713197,1.202760994213071,0.863758358875019,0.2903925992301151,share,2,True,0.09596402071384297,12,9.898529099858486
enc1_mlp,SpecDiv< Q700,120,0.009631895227357745,0.012198897233853737,0.002567002006495992,0.002005563272784154,0.0034216368415703356,26.65105823830873,1.443270315464975,1.1276071970614852,1.9237799079404458,1.443270315464975,0.485222532428408,share,1,True,-0.1715666017926309,12,16.970343363670676
enc2_attn,SpecDiv< Q700,120,0.009631895227357745,0.00964641155830274,1.4516330944995085e-05,-3.163337241858244e-05,4.64400431762139e-05,0.15071105532547674,0.00816165686250302,-0.017785536308212387,0.026110433726007277,0.00816165686250302,0.002743921058446737,share,16,False,0.01020203323617963,12,11.757623931042845
enc2_mlp,SpecDiv< Q700,120,0.009631895227357745,0.009636165574193,4.270346835255623e-06,-2.1007759884620705e-05,3.405014285817742e-05,0.044335478474957196,0.0024009583196536793,-0.011811395612142976,0.019144340479745517,0.0024009583196536793,0.0008071939564156341,share,19,False,0.2159470883295193,12,7.737700949612411
downsample,SpecDiv< Q700,120,0.009631895227357745,0.009404296249461671,-0.00022759897789607444,-0.000406475702766329,-7.369689410552505e-06,-2.3629719024519558,-0.1279651701854196,-0.2285367577726212,-0.004143531611401414,0.1279651701854196,-0.043021451542843946,share,3,True,0.0961975479985697,12,9.893863969883022
dec0_attn,SpecDiv< Q700,120,0.009631895227357745,0.009644468082115054,1.257285475730896e-05,-1.7550814663991333e-05,4.4218031689524644e-05,0.1305335498417583,0.007068957486576451,-0.00986776393343876,0.02486113076042901,0.007068957486576451,0.0023765592741096034,share,17,False,-0.19497733856800867,12,17.81282533998272
dec0_mlp,SpecDiv< Q700,120,0.009631895227357745,0.00961530371569097,-1.659151166677475e-05,-7.123934919945895e-05,5.3916760953143186e-05,-0.1722559400319203,-0.00932840574987848,-0.04005358692063148,0.030314140928901574,0.00932840574987848,-0.0031361780346861176,share,14,False,0.34225228091426774,12,5.880394275547465
dec1_attn,SpecDiv< Q700,120,0.009631895227357745,0.009636590296092132,4.695068734387557e-06,-2.0245746903431912e-05,4.427672344415132e-05,0.04874501459538327,0.0026397538125258377,-0.011382961698587142,0.024894129592140428,0.0026397538125258377,0.0008874761825117131,share,18,False,-0.42568085706430936,12,29.7886122989416
dec1_mlp,SpecDiv< Q700,120,0.009631895227357745,0.009707215164477626,7.531993711988132e-05,5.696571509664257e-05,0.0001109026838093996,0.7819845974440001,0.04234785525399741,0.03202838384627791,0.06235388637891758,0.04234785525399741,0.014237203765003884,share,5,True,-0.5588133817088609,12,42.39874874936119
dec2_attn,SpecDiv< Q700,120,0.009631895227357745,0.009703392900216082,7.149767285833757e-05,2.1284986481380962e-05,0.00013076452014502133,0.7423011896481255,0.04019882672476811,0.011967263397500736,0.07352099833336288,0.04019882672476811,0.013514707740496101,share,6,True,0.49041436937725763,12,4.102904328564654
dec2_mlp,SpecDiv< Q700,120,0.009631895227357745,0.009654162878481051,2.226765112330516e-05,2.0352415352438888e-06,4.692830164761591e-05,0.23118660032822738,0.012519756424057484,0.0011442934930263186,0.026384951999177907,0.012519756424057484,0.0042090991911732595,share,12,True,-0.4577958168660226,12,32.26376768485693
upsample,SpecDiv< Q700,120,0.009631895227357745,0.009679295045013228,4.739981765548388e-05,-5.018699060504635e-05,0.00015647343243472273,0.49211309442873535,0.026650056995473303,-0.028217116145404182,0.08797556823892663,0.026650056995473303,0.008959657803631157,share,10,False,-0.048307021012238396,12,13.218216935389025
decoder_io,SpecDiv< Q700,120,0.009631895227357745,0.00975222276368489,0.0001203275363271435,-0.0002097313990816474,0.0004530661380461727,1.2492612667273808,0.06765291218102942,-0.11791930888619367,0.2547317479026749,0.06765291218102942,0.02274467715637876,share,4,False,0.36097187269491376,12,5.634457024065206
decoder_heads,SpecDiv< Q700,120,0.009631895227357745,0.009665071964263916,3.3176736906170845e-05,-9.087661164812744e-05,0.00017678738804534076,0.3444466132889197,0.018653277021013673,-0.0510944345309711,0.09939687957732272,0.018653277021013673,0.00627116778973518,share,11,False,0.3639326026743377,12,5.5961773719184364
film,SpecDiv< Q700,120,0.009631895227357745,0.009649068970854083,1.7173743496338528e-05,-1.2036171392537654e-05,4.672893458822121e-05,0.17830077145730838,0.009655759571263026,-0.00676721281819748,0.026272859933033132,0.009655759571263026,0.0032462332672439586,share,13,False,0.18566132749331576,12,8.241867929301508
cond_embed,SpecDiv< Q700,120,0.009631895227357745,0.009647336012373367,1.5440785015622776e-05,-0.00011800468782894313,0.00014339201346350199,0.16030889717078603,0.008681421597696573,-0.06634691464916491,0.08062067578557211,0.008681421597696573,0.002918664180629185,share,15,False,0.12017377319175848,12,9.42524720215131
encoder_io,SpecRes Q700,120,0.0006593200135588025,0.000907886967373391,0.0002485669538145885,0.00012606733762368096,0.00031760344718350096,37.70050183565672,1.3345585879703412,0.6768568609234235,1.7052162465807605,1.3345585879703412,0.5068550275321514,share,1,True,0.2190388668707744,12,7.687641347816148
enc0_attn,SpecRes Q700,120,0.0006593200135588025,0.0006904336381315564,3.1113624572753906e-05,1.1955361454359566e-05,4.223157120577525e-05,4.71904749331244,0.16704937739803755,0.06418846132340837,0.22674174974276293,0.16704937739803755,0.06344406123756685,share,3,True,-0.010845567259551726,12,12.263147599215726
enc0_mlp,SpecRes Q700,120,0.0006593200135588025,0.000667196320137009,7.876306578206519e-06,-4.0067004495843625e-06,1.7205669064423997e-05,1.194610570926353,0.0422879728142522,-0.021512016832317998,0.09237741807316231,0.0422879728142522,0.01606064493402594,share,10,False,-0.5242725990609083,12,38.44905959300159
enc1_attn,SpecRes Q700,120,0.0006593200135588025,0.0006554407106402019,-3.87930291860054e-06,-4.363142749449859e-05,6.0995142969962476e-05,-0.5883793664416889,-0.020828018149260958,-0.23425759287223036,0.32748356378765225,0.020828018149260958,-0.00791032016701422,share,12,False,0.00222619825283693,12,11.946689920737228
enc1_mlp,SpecRes Q700,120,0.0006593200135588025,0.0006751444767966556,1.58244632378531e-05,-2.89232362168453e-05,9.176242104634488e-05,2.400118745438594,0.08496170947104531,-0.1552891592897666,0.4926734032058713,0.08496170947104531,0.03226779999117007,share,5,False,-0.08423466527702941,12,14.2075873479752
enc2_attn,SpecRes Q700,120,0.0006593200135588025,0.0006583006421957786,-1.019371363023917e-06,-4.588212201876256e-06,1.6672205674694831e-06,-0.15460949797681253,-0.00547301556372357,-0.02463415954323406,0.00895132475259307,0.00547301556372357,-0.002078608971715412,share,17,False,0.04528939084037932,12,10.960148845196606
enc2_mlp,SpecRes Q700,120,0.0006593200135588025,0.000658369569767577,-9.504437912255526e-07,-4.828910095966421e-06,3.0147635698085643e-06,-0.14415515556631675,-0.005102942706170409,-0.025926469066824293,0.016186297297545307,0.005102942706170409,-0.0019380581633097057,share,18,False,0.0643383888558539,12,10.54921954454692
downsample,SpecRes Q700,120,0.0006593200135588025,0.0006729445934373265,1.3624579878523946e-05,-9.472087064447503e-06,3.228439527447335e-05,2.0664593214731553,0.07315051258959783,-0.05085573501975018,0.17333525760272966,0.07315051258959783,0.027781998787314074,share,7,False,-0.50908483723631,12,36.888284209613616
dec0_attn,SpecRes Q700,120,0.0006593200135588025,0.0006606018432648852,1.2818297060827415e-06,-1.5161840565269813e-06,3.467591038012566e-06,0.19441692648822034,0.006882157166572722,-0.008140408137644545,0.01861753273446222,0.006882157166572722,0.0026137900513224467,share,15,False,-0.13132702318230352,12,15.628348803852274
dec0_mlp,SpecRes Q700,120,0.0006593200135588025,0.0006614643231538745,2.1443095950720212e-06,-6.316718827292789e-06,1.064662513575361e-05,0.3252304724526275,0.011512820756958626,-0.03391452978518487,0.05716184227135576,0.011512820756958626,0.00437248026002038,share,13,False,0.20821137904296255,12,7.864073800571771
dec1_attn,SpecRes Q700,120,0.0006593200135588025,0.0006543862085284976,-4.9338050303049386e-06,-6.967393467978885e-06,-1.7456176768367502e-06,-0.7483171948131541,-0.026489651071945033,-0.037408008770930805,-0.009372239656897602,0.026489651071945033,-0.010060564552514174,share,11,True,-0.3423289070375735,12,24.49240518067159
dec1_mlp,SpecRes Q700,120,0.0006593200135588025,0.0006685732660116628,9.253252452860275e-06,3.232087086265286e-06,1.2961390893906355e-05,1.403453901378501,0.0496808096897454,0.017353109541909745,0.06958984395973272,0.0496808096897454,0.01886838718816524,share,8,True,-0.09804472895064022,12,14.608858299677916
dec2_attn,SpecRes Q700,120,0.0006593200135588025,0.0006607873074244708,1.467293865668277e-06,-2.0506100554484875e-06,6.143265636637807e-06,0.22254653817473025,0.00787791618898969,-0.011009746943748807,0.032983257781215546,0.00787791618898969,0.0029919716248194336,share,14,False,0.3825751197370492,12,5.358912117964729
dec2_mlp,SpecRes Q700,120,0.0006593200135588025,0.0006674754889293885,8.155475370585918e-06,3.3290428594530873e-07,1.2119596673680157e-05,1.2369524969468502,0.04378683299516403,0.0017873666107355696,0.06507024194238388,0.04378683299516403,0.01662990043551599,share,9,True,0.0038280396991730897,12,11.908477399368437
upsample,SpecRes Q700,120,0.0006593200135588025,0.0006605230397932852,1.2030262344827254e-06,-6.133006536401808e-06,7.803927534647903e-06,0.18246469237133683,0.006459060499168875,-0.03292817656420464,0.04189936896853633,0.006459060499168875,0.0024531012101289837,share,16,False,-0.4333060170738672,12,30.35089964441768
decoder_io,SpecRes Q700,120,0.0006593200135588025,0.000853793181401367,0.0001944731678425645,0.00012485969940219851,0.00025669302970830656,29.496020724876736,1.0441284824517962,0.6703730386175717,1.378187574865154,1.0441284824517962,0.3965519202308486,share,2,True,0.22982689407956716,12,7.514941586931381
decoder_heads,SpecRes Q700,120,0.0006593200135588025,0.0006437230719408641,-1.559694161793838e-05,-3.0780841067705e-05,1.2601444783892158e-05,-2.365610219194012,-0.08374014350201225,-0.1652626592612044,0.0676572895113072,0.08374014350201225,-0.03180385868619655,share,6,False,0.25044504465260253,12,7.193166547089366
film,SpecRes Q700,120,0.0006593200135588025,0.0006593603611690924,4.034761028985182e-08,-2.2790541455227264e-06,1.6366003061799947e-06,0.006119579181597731,0.0002166267437809426,-0.012236265664765343,0.008786924247849126,0.0002166267437809426,8.227316145803416e-05,share,19,False,-0.2190715742116935,12,18.732650019460173
cond_embed,SpecRes Q700,120,0.0006593200135588025,0.0006382538849720731,-2.1066128586729366e-05,-3.600557586954286e-05,-8.270581020042348e-07,-3.1951295506746433,-0.11310426582963243,-0.19331431533476814,-0.004440483643708804,0.11310426582963243,-0.04295612518463381,share,4,True,0.1390453183720032,12,9.070276671960992
encoder_io,|RQE| Q700,120,0.19268829065064588,0.2001600687702497,0.007471778119603793,-0.00432756218748788,0.017200535039107002,3.877650320304374,0.2979487274610769,-0.17256824629035705,0.6858979809779675,0.2979487274610769,-0.10195866950067223,share,5,False,0.2189937894325852,12,7.688369381415366
enc0_attn,|RQE| Q700,120,0.19268829065064588,0.19129143531123796,-0.0013968553394079208,-0.0031025088702638947,0.0001402132368336118,-0.7249300591598967,-0.05570177060422,-0.12371734746867034,0.005591220030766722,0.05570177060422,0.019061260868717247,share,9,False,-0.16785614615055613,12,16.841167171970984
enc0_mlp,|RQE| Q700,120,0.19268829065064588,0.19394235437115034,0.001254063720504443,-0.0028540208470076325,0.0051313921033094324,0.6508250793392149,0.05000773359410408,-0.11380850259488176,0.20462220944081475,0.05000773359410408,-0.017112749651414443,share,11,False,0.16482884176339302,12,8.603885428924695
enc1_attn,|RQE| Q700,120,0.19268829065064588,0.16746085323393345,-0.025227437416712444,-0.031174326439698537,-0.01969210182627042,-13.092356225449699,-1.0059831482003387,-1.24312456064433,-0.7852530664390691,1.0059831482003387,0.3442495096543191,share,2,True,0.13173818031448803,12,9.206318225767435
enc1_mlp,|RQE| Q700,120,0.19268829065064588,0.16587270237505436,-0.026815588275591534,-0.03811463851792117,-0.01864363408337037,-13.916563474118737,-1.0693131239898677,-1.5198802563820974,-0.7434437909519616,1.0693131239898677,0.365921158081996,share,1,True,0.2594168096134031,12,7.0564393112770665
enc2_attn,|RQE| Q700,120,0.19268829065064588,0.19308457399408022,0.0003962833434343338,-0.00040035061538219453,0.0015275455700854452,0.2056603139174744,0.015802412223737405,-0.015964600993492725,0.06091324601190084,0.015802412223737405,-0.0054076180789995355,share,16,False,-0.10809789674385487,12,14.908782827600804
enc2_mlp,|RQE| Q700,120,0.19268829065064588,0.19398709138234457,0.001298800731698672,0.00011977849838634332,0.0031557107965151467,0.6740423755450023,0.051791691220035206,0.0047763531786061755,0.12583885669596512,0.051791691220035206,-0.01772322363308056,share,10,True,-0.319873972034381,12,23.28757761526695
downsample,|RQE| Q700,120,0.19268829065064588,0.18811742837230364,-0.004570862278342247,-0.010348479263484478,0.0008255845556656519,-2.3721536284887508,-0.18227021432270904,-0.41266164202906525,0.03292146311554864,0.18227021432270904,0.06237324354531282,share,6,False,-0.06331818662260266,12,13.622361464949455
dec0_attn,|RQE| Q700,120,0.19268829065064588,0.19246731822689375,-0.00022097242375214896,-0.0013669059767077367,0.000767124397680163,-0.11467869843361875,-0.008811617717635578,-0.05450749337034741,0.03059027375203558,0.008811617717635578,0.0030153537700745524,share,18,False,-0.04023532412542368,12,13.006129735010544
dec0_mlp,|RQE| Q700,120,0.19268829065064588,0.19219212544461092,-0.0004961652060349783,-0.001481116268162926,0.0009423570552219936,-0.25749629329296,-0.019785356227417512,-0.05906180567155863,0.0375779474340506,0.019785356227417512,0.006770589737819442,share,15,False,-0.43192779215734867,12,30.24815026798088
dec1_attn,|RQE| Q700,120,0.19268829065064588,0.19340932617584863,0.0007210355252027512,-0.0005527705730249485,0.00144659246628483,0.3741978937941937,0.028752408563194977,-0.022042582926625653,0.05768511558895183,0.028752408563194977,-0.0098391335550378,share,14,False,0.054565491185111586,12,10.758188278121073
dec1_mlp,|RQE| Q700,120,0.19268829065064588,0.1929913337032,0.00030304305255413055,-0.0012237330277760823,0.002108734721938769,0.1572711302440083,0.012084311181233437,-0.048798250234618666,0.08408906379408931,0.012084311181233437,-0.004135276228127592,share,17,False,-0.18423308642855676,12,17.42016843380855
dec2_attn,|RQE| Q700,120,0.19268829065064588,0.19514358478287855,0.002455294132232666,0.0017453512797753017,0.0031622584753980237,1.2742311034790614,0.09790865715377588,0.06959858610057182,0.12609995553478884,0.09790865715377588,-0.033504544560609216,share,8,True,-0.03618848565966465,12,12.90113434308408
dec2_mlp,|RQE| Q700,120,0.19268829065064588,0.1897758493820826,-0.0029124412685632706,-0.0038530760444700717,-0.002055169160788258,-1.5114780761866229,-0.11613810740669663,-0.15364737628497643,-0.0819530540618598,0.11613810740669663,0.03974270006257993,share,7,True,0.11603876225299696,12,9.504629419456842
upsample,|RQE| Q700,120,0.19268829065064588,0.19275458343327045,6.629278262456258e-05,-0.0014264328094820181,0.001457433480148514,0.03440415730541454,0.0026435274049451556,-0.05688121804350807,0.05811741781117625,0.0026435274049451556,-0.0009046205341890022,share,19,False,-0.25787379811658856,12,20.339513062726247
decoder_io,|RQE| Q700,120,0.19268829065064588,0.2148315260807673,0.022143235430121422,0.013631106571604807,0.030599234299734233,11.491738992209072,0.8829958160783231,0.5435614912386261,1.2201918706564323,0.8829958160783231,-0.30216299075741887,share,3,True,0.27444485683833475,12,6.831728867061084
decoder_heads,|RQE| Q700,120,0.19268829065064588,0.20306370283166567,0.010375412181019783,0.006737574438254039,0.014888546491662652,5.384557694702351,0.4137356338390474,0.26867121827200624,0.5937038560201783,0.4137356338390474,-0.1415811878463463,share,4,True,0.3794530571052895,12,5.398199870869657
film,|RQE| Q700,120,0.19268829065064588,0.19342293217778206,0.0007346415271361669,0.0002169276898105939,0.0014307700718442595,0.3812590400047251,0.02929496896809484,0.008650327685796563,0.0570541730992938,0.02929496896809484,-0.010024798845434326,share,13,True,-0.479774997269599,12,34.13388413481859
cond_embed,|RQE| Q700,120,0.19268829065064588,0.19393696139256159,0.0012486707419157028,-0.0005461246551324924,0.004041448359688123,0.6480262696292268,0.04979268021831872,-0.02177756665510753,0.16115901417219616,0.04979268021831872,-0.017039157942352463,share,12,False,-0.375085551783835,12,26.405257021194885
encoder_io,Vag/Vg 850hPa,120,0.35729679961999256,0.3651660258571307,0.007869226237138113,0.006937282842894395,0.008815524727106094,2.2024340115857535,1.685607877576829,1.4859832792422154,1.8883073732021054,1.685607877576829,0.14027617313328622,share,3,True,0.17830336878154573,12,8.36826901786575
enc0_attn,Vag/Vg 850hPa,120,0.35729679961999256,0.3576062048474948,0.0003094052275021871,0.00020590958495934805,0.00042524505406618104,0.0865961373936903,0.06627537106250615,0.04410634642044296,0.09108855069532536,0.06627537106250615,0.00551543188027914,share,12,True,-0.0933407526333174,12,14.470804847252186
enc0_mlp,Vag/Vg 850hPa,120,0.35729679961999256,0.36096855501333874,0.003671755393346151,0.0034229931111137073,0.003948492432634036,1.027648553597819,0.7864991587546926,0.7332136577487519,0.8457769224615591,0.7864991587546926,0.06545240659485976,share,5,True,-0.001845692064145312,12,12.044378518619123
enc1_attn,Vag/Vg 850hPa,120,0.35729679961999256,0.3528248965740204,-0.004471903045972188,-0.005646674645443757,-0.002902623700598876,-1.2515933673988504,-0.9578927806747005,-1.2095317859275183,-0.6217492327619302,0.9578927806747005,-0.07971577217485136,share,4,True,0.2518121462853353,12,7.172205726888267
enc1_mlp,Vag/Vg 850hPa,120,0.35729679961999256,0.3566628247499466,-0.0006339748700459799,-0.0017477845152219136,-9.660919507371805e-08,-0.17743648158064998,-0.13579899763104175,-0.37437980029867457,-2.0693930426613257e-05,0.13579899763104175,-0.011301183363240704,share,9,True,0.10258586609138012,12,9.767012201125866
enc2_attn,Vag/Vg 850hPa,120,0.35729679961999256,0.3572266027331352,-7.019688685735066e-05,-0.00014387319485346475,-4.1209782163302605e-06,-0.01964665984470318,-0.015036348162122733,-0.030817997006189,-0.0008827238073275998,0.015036348162122733,-0.0012513238732097468,share,15,True,0.5169314725845734,12,3.821413447970986
enc2_mlp,Vag/Vg 850hPa,120,0.35729679961999256,0.35727690160274506,-1.9898017247517903e-05,-0.0002759884422024091,0.00018431842327117909,-0.0055690443543520915,-0.004262204899166013,-0.05911741234494301,0.03948146576116628,0.004262204899166013,-0.0003547004023405799,share,19,False,0.7191243263677337,12,1.9605958870401201
downsample,Vag/Vg 850hPa,120,0.35729679961999256,0.3593386660019557,0.0020418663819630942,0.0017941637585560481,0.0023784419521689407,0.5714762584312948,0.43737286928581204,0.38431434984194723,0.5094681954897282,0.43737286928581204,0.03639814048801056,share,8,True,-0.4877126379238852,12,34.84870597380483
dec0_attn,Vag/Vg 850hPa,120,0.35729679961999256,0.35717251648505527,-0.00012428313493728638,-0.0001809976374109586,-6.698754926522579e-05,-0.03478428440150297,-0.02662175733511792,-0.03877014515135636,-0.014348900049173762,0.02662175733511792,-0.002215460838034154,share,13,True,-0.15649575402553195,12,16.452731701751805
dec0_mlp,Vag/Vg 850hPa,120,0.35729679961999256,0.3576065128048261,0.0003097131848335266,5.1345427831014e-05,0.000522011270125707,0.08668232829483105,0.06634133629060109,0.010998318642950302,0.11181611540854403,0.06634133629060109,0.005520921502082714,share,11,True,0.31127927512008685,12,6.302737224152408
dec1_attn,Vag/Vg 850hPa,120,0.35729679961999256,0.35719118018945056,-0.00010561943054199219,-0.00016685867061217626,-3.471157203118012e-05,-0.029560698739626284,-0.022623945325977557,-0.035741543215330136,-0.007435305263267123,0.022623945325977557,-0.0018827631940514459,share,14,True,-0.13488241607784723,12,15.741893640852908
dec1_mlp,Vag/Vg 850hPa,120,0.35729679961999256,0.3572459841767947,-5.081544319788615e-05,-0.00015045454104741415,7.327509423096967e-05,-0.014222193776135565,-0.010884794613309509,-0.032227737767895184,0.015695707855366767,0.010884794613309509,-0.0009058318687332259,share,17,False,0.08749574979241212,12,10.06905176832302
dec2_attn,Vag/Vg 850hPa,120,0.35729679961999256,0.3572590996821721,-3.769993782043457e-05,-8.436044057210286e-05,3.875171144803334e-06,-0.01055143451061717,-0.008075420665169754,-0.018070216676843623,0.0008300713198219714,0.008075420665169754,-0.0006720359595019975,share,18,False,-0.58051649287896,12,45.2132148048312
dec2_mlp,Vag/Vg 850hPa,120,0.35729679961999256,0.35768909255663556,0.00039229293664296466,0.00033272119859854377,0.00048330575227737425,0.10979469647088713,0.08403012499531515,0.07126971019687901,0.10352529699453847,0.08403012499531515,0.006992981297168413,share,10,True,-0.38576119770953504,12,27.07275136397315
upsample,Vag/Vg 850hPa,120,0.35729679961999256,0.3597262178858121,0.0024294182658195496,0.0022106793398658435,0.0025461983556548753,0.6799440320773619,0.5203874489550527,0.473533025710722,0.5454020353246198,0.5203874489550527,0.04330660817209008,share,7,True,-0.09570085520232137,12,14.539890187963836
decoder_io,Vag/Vg 850hPa,120,0.35729679961999256,0.3847660645842552,0.027469264964262646,0.026279101769129436,0.02853003392616908,7.688080328029225,5.883985034829245,5.629049111415237,6.111204390912818,5.883985034829245,0.48966483512518577,share,1,True,0.0012402807833520617,12,11.970270134580323
decoder_heads,Vag/Vg 850hPa,120,0.35729679961999256,0.3816702738404274,0.024373474220434826,0.023361372078458467,0.025352856330573555,6.821632392553624,5.220858939852035,5.0040641379213975,5.4306450293936726,5.220858939852035,0.4344795265218903,share,2,True,0.0731516834406494,12,10.36403331452009
film,Vag/Vg 850hPa,120,0.35729679961999256,0.35724251468976337,-5.428493022918701e-05,-0.00010728829850753148,-5.5046752095222544e-06,-0.015193231589793814,-0.011627967384669334,-0.02298142100459926,-0.0011791151527557413,0.011627967384669334,-0.0009676786563105837,share,16,True,0.062290372313550724,12,10.592692756624217
cond_embed,Vag/Vg 850hPa,120,0.35729679961999256,0.35979126145442325,0.0024944618344306946,0.0023897226899862287,0.0025920399775107702,0.6981483845037824,0.5343199435018773,0.5118845576524984,0.5552214250069906,0.5343199435018773,0.04446606942237712,share,6,True,-0.34402687100907503,12,24.586864521293563
encoder_io,|Vag| 850hPa,120,3.833594183127085,3.925326387087504,0.0917322039604187,0.07314054171244304,0.1113829965392748,2.392851188165989,1.007075707816966,0.802968419323681,1.2228105859853242,1.007075707816966,0.13273251481003046,share,3,True,0.3841623754957915,12,5.339006192393771
enc0_attn,|Vag| 850hPa,120,3.833594183127085,3.838460167249044,0.004865984121958415,0.0027296160658200584,0.006517232954502105,0.1269300789158962,0.05342087284812057,0.029966902711074366,0.07154899487093178,0.05342087284812057,0.0070408676740385,share,12,True,-0.19978124000572464,12,17.991798742848385
enc0_mlp,|Vag| 850hPa,120,3.833594183127085,3.87993731101354,0.04634312788645426,0.0426808680097262,0.051565290987491595,1.2088689014196046,0.5087748500934425,0.46856898128910207,0.5661060094274323,0.5087748500934425,0.06705649317208283,share,5,True,-0.0076609901042747975,12,12.185283215382126
enc1_attn,|Vag| 850hPa,120,3.833594183127085,3.760840813318888,-0.07275336980819702,-0.08839500894149145,-0.05279773473739624,-1.897784854964791,-0.7987178791351596,-0.9704385412526529,-0.5796363085829541,0.7987178791351596,-0.10527096612344446,share,4,True,0.450326951836774,12,4.547992829896097
enc1_mlp,|Vag| 850hPa,120,3.833594183127085,3.817678451538086,-0.01591573158899943,-0.03433867692947387,-0.000749156872431466,-0.41516474693773864,-0.17472976733811477,-0.3769848088373585,-0.008224567327472065,0.17472976733811477,-0.023029372321206512,share,10,True,0.3940324274789273,12,5.216242267336204
enc2_attn,|Vag| 850hPa,120,3.833594183127085,3.8320141633351645,-0.0015800197919209797,-0.003029841184616089,-0.0005617638429005942,-0.04121510301938502,-0.01734613888706107,-0.03326290358058803,-0.006167285809018653,0.01734613888706107,-0.0022862200119140737,share,18,True,-0.07907695098429891,12,14.06080934302994
enc2_mlp,|Vag| 850hPa,120,3.833594183127085,3.836070636908213,0.0024764537811279297,0.00016549577315648397,0.005043168862660726,0.06459874631560171,0.027187577936986358,0.0018168839916262863,0.055366083368017585,0.027187577936986358,0.0035833210583466565,share,15,True,0.2579869329100325,12,7.078099598763009
downsample,|Vag| 850hPa,120,3.833594183127085,3.8519238034884133,0.018329620361328125,0.013293876747290293,0.023533721764882404,0.47813147364431113,0.20123047961832205,0.14594591383289568,0.2583633498456316,0.20123047961832205,0.026522164529285738,share,9,True,-0.32147624955467147,12,23.370906300992893
dec0_attn,|Vag| 850hPa,120,3.833594183127085,3.831466813882192,-0.002127369244893392,-0.002846258878707886,-0.0012158453464508072,-0.05549281283492778,-0.023355177305164128,-0.031247457829988296,-0.013348074721950922,0.023355177305164128,-0.003078210896644924,share,17,True,-0.10422494175719682,12,14.792440556538367
dec0_mlp,|Vag| 850hPa,120,3.833594183127085,3.857137938340505,0.023543755213419598,0.020982279380162557,0.026406922439734137,0.614143127539254,0.2584735013720443,0.23035251466876555,0.2899065863362213,0.2584735013720443,0.03406679118815631,share,8,True,0.007262643542691966,12,11.826953331246797
dec1_attn,|Vag| 850hPa,120,3.833594183127085,3.829914669195811,-0.003679513931274414,-0.004578749835491181,-0.002443235615889232,-0.09598078866743827,-0.04039529125844907,-0.05026749094008197,-0.026822894588872572,0.04039529125844907,-0.005324096841577352,share,13,True,-0.09289575437782227,12,14.457819060849545
dec1_mlp,|Vag| 850hPa,120,3.833594183127085,3.8371393283208213,0.0035451451937357583,0.002154087523619334,0.004852027197678884,0.0924757557630673,0.0389201332918575,0.02364850209512763,0.05326764771244388,0.0389201332918575,0.005129671114566035,share,14,True,-0.10099812087023849,12,14.696273452990026
dec2_attn,|Vag| 850hPa,120,3.833594183127085,3.8330942591031394,-0.0004999240239461263,-0.0010457545518875121,0.00018576780954996744,-0.013040608892471122,-0.005488381599198122,-0.011480744603055142,0.0020394391523925934,0.005488381599198122,-0.0007233683488183833,share,19,False,-0.5961226236286854,12,47.42397718740999
dec2_mlp,|Vag| 850hPa,120,3.833594183127085,3.8415578603744507,0.007963677247365316,0.006824489931265513,0.009463583429654438,0.20773396627154986,0.08742868430564293,0.07492219451071395,0.10389530142562002,0.08742868430564293,0.011523095080483606,share,11,True,-0.25294966915898526,12,20.126349469628458
upsample,|Vag| 850hPa,120,3.833594183127085,3.858367383480072,0.024773200352986652,0.022571495672067007,0.026329432427883145,0.6462134271285597,0.27197088048969703,0.24779961669996178,0.2890558675573805,0.27197088048969703,0.03584574490506599,share,7,True,-0.01892852316561078,12,12.463049397216697
decoder_io,|Vag| 850hPa,120,3.833594183127085,4.186051150163014,0.3524569670359294,0.3413984696070353,0.3654200315475464,9.193903950167938,3.8694246320069507,3.748019676661051,4.01173874640615,3.8694246320069507,0.509989922592299,share,1,True,0.3833485726177921,12,5.349206465427137
decoder_heads,|Vag| 850hPa,120,3.833594183127085,4.124019145965576,0.2904249628384908,0.27719993740320203,0.30497602572043736,7.575787862908052,3.1884105296814917,3.0432204952538044,3.3481583752434334,3.1884105296814917,0.42023230683300566,share,2,True,0.256128822811719,12,7.106320597180785
film,|Vag| 850hPa,120,3.833594183127085,3.8314565420150757,-0.002137641112009684,-0.0024028673768043515,-0.0017048264543215437,-0.05576075635282809,-0.023467946293590537,-0.026379714645575095,-0.01871632026776304,0.023467946293590537,-0.0030930738422112183,share,16,True,-0.5643198797330343,12,43.08628666668071
cond_embed,|Vag| 850hPa,120,3.833594183127085,3.8624264001846313,0.02883221705754598,0.026247726380825044,0.03038422067960103,0.7520936145105315,0.316532516908558,0.28815886332526297,0.33357108219681814,0.316532516908558,0.04171896577616325,share,6,True,-0.3459554226846417,12,24.694746554603736
encoder_io,Vag/Vg 500hPa,120,0.24012564991911253,0.2488285986085733,0.008702948689460754,0.007812028843909502,0.009772696532309054,3.6243311334679924,1.9247652413226153,1.7277272473380942,2.161353268939935,1.9247652413226153,0.08280213955088847,share,3,True,0.13682048344041556,12,9.111512635106312
enc0_attn,Vag/Vg 500hPa,120,0.24012564991911253,0.24019095798333487,6.530806422233582e-05,-4.5217977215846374e-05,0.0001550018787384033,0.02719745443451591,0.014443689889317933,-0.010000517518088666,0.03428059146168162,0.014443689889317933,0.0006213580753480579,share,17,False,-0.04976659585893959,12,13.256952550193914
enc0_mlp,Vag/Vg 500hPa,120,0.24012564991911253,0.24508598322669664,0.0049603333075841265,0.00458959573879838,0.005327121199419101,2.065724052909399,1.0970393456846108,1.0150461257411907,1.1781590454935846,1.0970393456846108,0.04719391385713779,share,5,True,-0.24249708633287,12,19.68304645036169
enc1_attn,Vag/Vg 500hPa,120,0.24012564991911253,0.23414211720228195,-0.005983532716830571,-0.006590452200422685,-0.005427345478286346,-2.4918340538989283,-1.3233326088224657,-1.457560393908023,-1.2003248901036891,1.3233326088224657,-0.056928901767087224,share,4,True,0.12879909494576042,12,9.261533702020921
enc1_mlp,Vag/Vg 500hPa,120,0.24012564991911253,0.23966992273926735,-0.00045572717984517414,-0.0009952242175738017,-0.00020949169993400574,-0.18978696361621009,-0.10078972846918186,-0.22010620189319313,-0.04633169248336056,0.10078972846918186,-0.004335908080024665,share,10,True,-0.5880675901578339,12,46.261985283449086
enc2_attn,Vag/Vg 500hPa,120,0.24012564991911253,0.23987573385238647,-0.00024991606672604877,-0.0003383900659779708,-0.0001803101971745491,-0.10407720575050362,-0.05527204349313098,-0.07483916776299199,-0.039877840552809615,0.05527204349313098,-0.0023777670961244797,share,16,True,0.10475074764179994,12,9.724357327868193
enc2_mlp,Vag/Vg 500hPa,120,0.24012564991911253,0.24011346449454626,-1.2185424566268921e-05,-8.815350010991096e-05,4.560422773162522e-05,-0.005074603471296648,-0.002694958053046544,-0.0194962419022373,0.010085941619016018,0.002694958053046544,-0.00011593532967106824,share,19,False,-0.44212635640504294,12,31.020494471370203
downsample,Vag/Vg 500hPa,120,0.24012564991911253,0.24256160234411558,0.0024359524250030518,0.00207177335396409,0.0030330924006799855,1.0144490710690899,0.5387411467609058,0.45819842008692085,0.6708060721555664,0.5387411467609058,0.02317629114356247,share,8,True,0.10580784193826194,12,9.703589981721196
dec0_attn,Vag/Vg 500hPa,120,0.24012564991911253,0.23983976865808168,-0.00028588126103083294,-0.0003958398476243019,-0.00021575453380743664,-0.11905486195545266,-0.06322619309981468,-0.08754490081739238,-0.04771679601342683,0.06322619309981468,-0.0027199494005434293,share,13,True,0.41212019219092144,12,4.9957204299753775
dec0_mlp,Vag/Vg 500hPa,120,0.24012564991911253,0.24069405595461527,0.0005684060355027517,0.00043495986610651014,0.0006831102073192596,0.23671191965299082,0.12571005749104025,0.09619677899123902,0.15107831034704916,0.12571005749104025,0.005407964306426623,share,9,True,0.11509370456386067,12,9.52285489710209
dec1_attn,Vag/Vg 500hPa,120,0.24012564991911253,0.2397087886929512,-0.000416861226161321,-0.0005081482231616974,-0.0003356485317150753,-0.1736012901169628,-0.09219403988237825,-0.112383293557265,-0.07423284339576845,0.09219403988237825,-0.003966127189025504,share,11,True,-0.0853827805804213,12,14.240485626577788
dec1_mlp,Vag/Vg 500hPa,120,0.24012564991911253,0.24008883039156595,-3.6819527546564736e-05,-0.00011380364497502644,2.0523866017659504e-05,-0.01533344212039304,-0.008143096018636815,-0.025169090155502494,0.004539107989478577,0.008143096018636815,-0.0003503106552610663,share,18,False,-0.1466037549547894,12,16.1229266467285
dec2_attn,Vag/Vg 500hPa,120,0.24012564991911253,0.2398552087446054,-0.0002704411745071411,-0.0003593167910973231,-0.00019346748789151518,-0.11262485894290782,-0.059811426114022286,-0.07946737304854308,-0.042787738881023496,0.059811426114022286,-0.0025730483622136563,share,14,True,0.16982896280673818,12,8.515819630946275
dec2_mlp,Vag/Vg 500hPa,120,0.24012564991911253,0.24045057346423468,0.0003249235451221466,0.0002637220857044061,0.00039926807706554724,0.13531396801282938,0.07186087934722489,0.05832541613713644,0.08830309635585151,0.07186087934722489,0.0030914079453501202,share,12,True,0.0113747445141681,12,11.730076443157406
upsample,Vag/Vg 500hPa,120,0.24012564991911253,0.24283218135436377,0.002706531435251236,0.0024507501162588595,0.002886019150416056,1.1271313315187044,0.5985830569617403,0.5420138400511114,0.638278995398333,0.5985830569617403,0.025750650911217223,share,7,True,-0.12951854762093984,12,15.570949311334608
decoder_io,Vag/Vg 500hPa,120,0.24012564991911253,0.29015323519706726,0.050027585277954735,0.04719875697046518,0.0538058506945769,20.833919781084095,11.064222102897013,10.438591573037742,11.899832446689151,11.064222102897013,0.47597558544675844,share,2,True,0.5592646151912541,12,3.391871120641214
decoder_heads,Vag/Vg 500hPa,120,0.24012564991911253,0.29690419385830563,0.05677854393919309,0.054560840626557666,0.05896794960523645,23.64534732475236,12.55728049499039,12.06680785128793,13.04149476253609,12.55728049499039,0.5402059792036558,share,1,True,-0.08330973138852937,12,14.181144080817274
film,Vag/Vg 500hPa,120,0.24012564991911253,0.23986331249276796,-0.00026233742634455365,-0.0003345717365543048,-0.00019278343146046003,-0.10925006405310023,-0.05801918151459482,-0.07399469676622605,-0.04263645130153993,0.05801918151459482,-0.002495947173847877,share,15,True,0.07328428401031357,12,10.361270315376549
cond_embed,Vag/Vg 500hPa,120,0.24012564991911253,0.2429711346824964,0.0028454847633838654,0.002533992224683364,0.003202600497752428,1.1849982558474617,0.6293143120453955,0.5604238666555338,0.7082948940491025,0.6293143120453955,0.02707268936940458,share,6,True,0.0344547966372742,12,11.200627111032157
encoder_io,|Vag| 500hPa,120,4.0923550724983215,4.251169264316559,0.1588141918182373,0.14246537238359452,0.17599488894144694,3.8807529895318593,1.0321452048770323,0.9258930154997779,1.1438038290159935,1.0321452048770323,0.07782723694692724,share,3,True,0.2574143364614869,12,7.086787309534618
enc0_attn,|Vag| 500hPa,120,4.0923550724983215,4.090227742989858,-0.0021273295084635415,-0.004453347126642863,-0.0001145059863726315,-0.051983013955942944,-0.013825672165791393,-0.028942633084567355,-0.0007441828932989257,0.013825672165791393,-0.0010425024100419837,share,17,True,0.03217984573787796,12,11.251761889269442
enc0_mlp,|Vag| 500hPa,120,4.0923550724983215,4.18175224463145,0.08939717213312785,0.0839374581972758,0.09372953375180562,2.184492072398601,0.5809988483420833,0.5455157627665856,0.6091551876422217,0.5809988483420833,0.04380927685576787,share,5,True,-0.40734600464719317,12,28.495803939890433
enc1_attn,|Vag| 500hPa,120,4.0923550724983215,3.978481709957123,-0.11387336254119873,-0.12199711402257284,-0.10605732103188834,-2.7825875449189885,-0.7400714241246118,-0.7928682871827286,-0.6892743909842262,0.7400714241246118,-0.05580388671171331,share,4,True,-0.12480201539287764,12,15.422366621163592
enc1_mlp,|Vag| 500hPa,120,4.0923550724983215,4.090802252292633,-0.0015528202056884766,-0.019625113904476167,0.00840550114711125,-0.03794441533492115,-0.01009189362101756,-0.12754506999508952,0.05462797502069966,0.01009189362101756,-0.0007609628881429439,share,18,False,-0.11839136485378719,12,15.222963844971474
enc2_attn,|Vag| 500hPa,120,4.0923550724983215,4.087601741154988,-0.004753331343332927,-0.006444063782691955,-0.00341081867615382,-0.11615148879129614,-0.030892252745446342,-0.041880448195961956,-0.022167163406443903,0.030892252745446342,-0.002329380268283719,share,15,True,0.02210709287141181,12,11.480905442673969
enc2_mlp,|Vag| 500hPa,120,4.0923550724983215,4.093456784884135,0.0011017123858133953,-0.0007640595237414042,0.0027928123871485385,0.026921231571942175,0.007160110460860903,-0.004965679481421249,0.018150694723905163,0.007160110460860903,0.0005398965288706482,share,19,False,-0.24037686880204537,12,19.59461450594729
downsample,|Vag| 500hPa,120,4.0923550724983215,4.132825195789337,0.040470123291015625,0.034115397930145265,0.05016202330589294,0.9889201345940205,0.2630183311540004,0.22171849998375098,0.3260067077718294,0.2630183311540004,0.019832471132340837,share,8,True,0.11718472545798653,12,9.482570834614009
dec0_attn,|Vag| 500hPa,120,4.0923550724983215,4.087060113747914,-0.005294958750406901,-0.007351243495941162,-0.0036661088466644304,-0.1293865917449438,-0.03441232941265756,-0.04777627639791214,-0.023826313148214703,0.03441232941265756,-0.0025948059463335783,share,13,True,0.3031078193049683,12,6.4175090076589
dec0_mlp,|Vag| 500hPa,120,4.0923550724983215,4.114244043827057,0.02188897132873535,0.01881621281305949,0.024389039973417917,0.5348746856262514,0.14225804720589608,0.12228796184142358,0.15850617864761155,0.14225804720589608,0.01072673757063036,share,9,True,-0.0464268789322212,12,13.168494654217618
dec1_attn,|Vag| 500hPa,120,4.0923550724983215,4.082485854625702,-0.009869217872619629,-0.011624960601329804,-0.008029797176520031,-0.24116230624618354,-0.06414077851914807,-0.0755514806591052,-0.05218624706641958,0.06414077851914807,-0.004836431486754659,share,10,True,-0.11609416690617777,12,15.152213619855724
dec1_mlp,|Vag| 500hPa,120,4.0923550724983215,4.094969630241394,0.0026145577430725098,0.001136717696984609,0.003918711841106415,0.06388882921335468,0.016992204578763062,0.007387612572964008,0.025467998733526065,0.016992204578763062,0.0012812696563945277,share,16,True,-0.21843511040433722,12,18.70762302592205
dec2_attn,|Vag| 500hPa,120,4.0923550724983215,4.087203323841095,-0.0051517486572265625,-0.006761471430460612,-0.0037069121996561685,-0.12588713750299035,-0.03348159640149661,-0.04394330402694882,-0.02409149716389466,0.03348159640149661,-0.002524625531551164,share,14,True,0.009562673736814553,12,11.772669715656129
dec2_mlp,|Vag| 500hPa,120,4.0923550724983215,4.101529618104299,0.009174545605977377,0.007833813627560932,0.01088155756394068,0.22418742859417753,0.059626051965009454,0.050912535454270776,0.07072004921366877,0.059626051965009454,0.004496005845459942,share,11,True,0.053448053662828614,12,10.782328864296852
upsample,|Vag| 500hPa,120,4.0923550724983215,4.138157824675242,0.04580275217692057,0.040642606218655904,0.049793873230616244,1.1192272265113759,0.2976754815695937,0.2641393104861927,0.3236140731431379,0.2976754815695937,0.022445737409754803,share,7,True,-0.03196383916081584,12,12.792462276610163
decoder_io,|Vag| 500hPa,120,4.0923550724983215,5.034921248753865,0.9425661762555441,0.9184882516662279,0.9713684717814127,23.03236546090126,6.125807448082996,5.96932323137838,6.312995701702674,6.125807448082996,0.46190658591492123,share,2,True,0.33885134513255977,12,5.925813860704422
decoder_heads,|Vag| 500hPa,120,4.0923550724983215,5.172097563743591,1.0797424912452698,1.0342411448558173,1.130779659251372,26.3843794616312,7.0173264875237,6.721609864508847,7.349020825573107,7.0173264875237,0.5291301346921643,share,1,True,0.2726864910524074,12,6.857747111116083
film,|Vag| 500hPa,120,4.0923550724983215,4.086549023787181,-0.00580604871114095,-0.007240297396977743,-0.004418362180391947,-0.1418754875440572,-0.03773394095248886,-0.047055229476765666,-0.028715263325590837,0.03773394095248886,-0.0028452666829960104,share,12,True,0.17847476488944602,12,8.36530667863004
cond_embed,|Vag| 500hPa,120,4.0923550724983215,4.140165309111278,0.04781023661295573,0.04235592186450958,0.05248508850733439,1.168281729370279,0.3107222717260451,0.2752742758697183,0.34110448071537525,0.3107222717260451,0.023429509483785756,share,6,True,-0.015872879611941865,12,12.38709339758505
encoder_io,Vag/Vg 250hPa,120,0.27602362384398776,0.28380292405684787,0.007779300212860107,0.006794085974494616,0.009422070284684496,2.818345801175725,0.7988683807397241,0.6976952055505646,0.9675669823230062,0.7988683807397241,0.09616143981706375,share,3,True,0.43322286559366685,12,4.745476629036871
enc0_attn,Vag/Vg 250hPa,120,0.27602362384398776,0.27617904792229336,0.00015542407830556235,5.033593624830246e-05,0.00020834250996510186,0.0563082522217048,0.015960739188169117,0.00516907521029006,0.02139501484978412,0.015960739188169117,0.0019212271982248159,share,17,True,-0.4027808221755848,12,28.18625136491531
enc0_mlp,Vag/Vg 250hPa,120,0.27602362384398776,0.27947114656368893,0.0034475227197011313,0.0030842522780100503,0.003904165265460809,1.2489955286036376,0.35403144464050507,0.3167266406628138,0.400924774519309,0.35403144464050507,0.042615497468584694,share,5,True,0.2886464099938219,12,6.62419342798236
enc1_attn,Vag/Vg 250hPa,120,0.27602362384398776,0.27058732509613037,-0.005436298747857411,-0.007040989895661672,-0.0044388504077990856,-1.9695048822814092,-0.5582619334755755,-0.7230501514073844,-0.4558324194459375,0.5582619334755755,-0.06719914395455279,share,4,True,0.5899512260724067,12,3.0948026621459617
enc1_mlp,Vag/Vg 250hPa,120,0.27602362384398776,0.27574383715788525,-0.00027978668610254925,-0.0016528006022175153,0.0007699505736430479,-0.10136331166374674,-0.028731727888555304,-0.16972865227600015,0.07906741624381945,0.028731727888555304,-0.003458497530766244,share,13,False,-0.05716542285678744,12,13.455154681237898
enc2_attn,Vag/Vg 250hPa,120,0.27602362384398776,0.2758060370882352,-0.00021758675575256348,-0.00034150170783201855,-0.0001287715509533884,-0.07882903380601453,-0.022344320759225857,-0.03506933900103502,-0.013223749897891511,0.022344320759225857,-0.002689632119313422,share,15,True,0.3367492577439134,12,5.954002862515731
enc2_mlp,Vag/Vg 250hPa,120,0.27602362384398776,0.27604107807079953,1.7454226811726887e-05,-8.980464190244675e-05,0.00012899183978637056,0.006323453974212094,0.0017924015693722242,-0.009222177689057457,0.013246371699144095,0.0017924015693722242,0.00021575508531405203,share,18,False,-0.2589916443349268,12,20.388298750638793
downsample,Vag/Vg 250hPa,120,0.27602362384398776,0.27844306578238803,0.0024194419384002686,0.0020921312893430392,0.002892795080939928,0.876534372205681,0.24845623780252468,0.21484420059396414,0.29706560473164717,0.24845623780252468,0.029907191390524793,share,7,True,-0.03348615324377893,12,12.83151180973551
dec0_attn,Vag/Vg 250hPa,120,0.27602362384398776,0.27573136736949283,-0.0002922564744949341,-0.0004193214699625969,-0.000188791627685229,-0.10588096425403115,-0.030012269761039358,-0.043060770834458154,-0.0193873044848935,0.030012269761039358,-0.003612639005348181,share,12,True,0.05588007277245829,12,10.729854098848962
dec0_mlp,Vag/Vg 250hPa,120,0.27602362384398776,0.2768399268388748,0.0008163029948870341,0.0006759013359745343,0.0009335121139883995,0.29573664149428724,0.08382741813207858,0.06940935444516985,0.09586380400514825,0.08382741813207858,0.010090479756206578,share,9,True,-0.2533452883739833,12,20.143371797298833
dec1_attn,Vag/Vg 250hPa,120,0.27602362384398776,0.2755942965547244,-0.0004293272892634074,-0.000545144019027551,-0.0003269827614227931,-0.15554005243626137,-0.04408828390685493,-0.055981683163551725,-0.03357836591983027,0.04408828390685493,-0.0053069979508025295,share,10,True,0.029027961282350485,12,11.322981398961952
dec1_mlp,Vag/Vg 250hPa,120,0.27602362384398776,0.27601101746161777,-1.2606382369995117e-05,-9.982635577519735e-05,0.00010857172310352323,-0.0045671389261668464,-0.00129456891948398,-0.010251322999650585,0.01114939830789032,0.00129456891948398,-0.00015582993925072967,share,19,False,-0.32123898160128067,12,23.358542033864804
dec2_attn,Vag/Vg 250hPa,120,0.27602362384398776,0.27559617658456165,-0.00042744725942611694,-0.0005639324585596721,-0.0003077287847797079,-0.15485894050420693,-0.04389522073269232,-0.057911097102460944,-0.03160114525437316,0.04389522073269232,-0.005283758537088424,share,11,True,-0.12133983043243357,12,15.314314260781419
dec2_mlp,Vag/Vg 250hPa,120,0.27602362384398776,0.276209756731987,0.0001861328879992167,5.58150311311086e-05,0.00032333514342705404,0.06743368027963487,0.019114274390970416,0.005731731945109321,0.03320378638155818,0.019114274390970416,0.0023008247551269574,share,16,True,-0.11364301097769937,12,15.077126143579337
upsample,Vag/Vg 250hPa,120,0.27602362384398776,0.2791260207692782,0.0031023969252904258,0.0027905618151028953,0.0033362011114756265,1.1239606531084245,0.3185899425788402,0.28656711241199706,0.3425996563727844,0.3185899425788402,0.03834933053834102,share,6,True,0.313261067245915,12,6.275117262351518
decoder_io,Vag/Vg 250hPa,120,0.27602362384398776,0.31226985653241474,0.03624623268842697,0.03391235570112864,0.03933152904113134,13.131569024292583,3.7221817417267498,3.482512301202196,4.039015600036087,3.7221817417267498,0.44804671730003814,share,2,True,0.402460186940296,12,5.112785249440883
decoder_heads,Vag/Vg 250hPa,120,0.27602362384398776,0.31928203999996185,0.04325841615597407,0.04096114945908387,0.04594589471817017,15.671997763649498,4.442273716440459,4.206363843308408,4.718255050044884,4.442273716440459,0.5347256781384486,share,1,True,0.3226853405525427,12,6.144905113996473
film,Vag/Vg 250hPa,120,0.27602362384398776,0.2757488066951434,-0.00027481714884440106,-0.000397053857644399,-0.00017301527162392935,-0.09956290878918805,-0.02822139841497622,-0.040774075256599936,-0.017767206060123993,0.02822139841497622,-0.003397068116179816,share,14,True,0.1927843654982554,12,8.120988079831688
cond_embed,Vag/Vg 250hPa,120,0.27602362384398776,0.27749905238548916,0.001475428541501363,0.0011631309986114501,0.0017520446330308915,0.5345298061644517,0.15151404079995265,0.1194437227030843,0.1799201754239179,0.15151404079995265,0.018238058567712566,share,8,True,0.27310238080606264,12,6.85158677089618
encoder_io,|Vag| 250hPa,120,7.578650673230489,7.797622084617615,0.21897141138712564,0.19749519924322764,0.25742488503456107,2.889319231464016,1.066328974551166,0.9617458825046921,1.2535865387356881,1.066328974551166,0.08410571248356763,share,3,True,0.27603817647294365,12,6.8082147090125735
enc0_attn,|Vag| 250hPa,120,7.578650673230489,7.579256772994995,0.0006060997645060221,-0.003049763043721517,0.002792798479398091,0.007997462749495815,0.0029515347974754334,-0.014851485307761099,0.013600140400975262,0.0029515347974754334,0.00023279957966649287,share,19,False,-0.3793457024662298,12,26.668869442081235
enc0_mlp,|Vag| 250hPa,120,7.578650673230489,7.681142330169678,0.10249165693918864,0.091878142952919,0.11435382763544717,1.352373415246759,0.49910544372753024,0.4474206259987225,0.5568708672335686,0.49910544372753024,0.039366480655559526,share,5,True,0.29099942833187104,12,6.590248355888841
enc1_attn,|Vag| 250hPa,120,7.578650673230489,7.4504425923029585,-0.12820808092753092,-0.1709602077802022,-0.10164470672607423,-1.6917006266087828,-0.6243371707685165,-0.8325279628810738,-0.49498103521901715,0.6243371707685165,-0.0492440174005056,share,4,True,0.3791084925550131,12,5.402546739115691
enc1_mlp,|Vag| 250hPa,120,7.578650673230489,7.57180921236674,-0.0068414608637491865,-0.04910651842753092,0.02196325163046517,-0.09027280922070702,-0.033315983584615676,-0.2391348857227382,0.10695483689200956,0.033315983584615676,-0.0026277674182626203,share,15,False,-0.10049129532214711,12,14.68123151581427
enc2_attn,|Vag| 250hPa,120,7.578650673230489,7.571946620941162,-0.006704052289326985,-0.010286887486775715,-0.004057854413986209,-0.0884597084413353,-0.032646842607124686,-0.050094238857985,-0.019760605773755546,0.032646842607124686,-0.0025749895420096383,share,16,True,0.22171525661291316,12,7.644511984353595
enc2_mlp,|Vag| 250hPa,120,7.578650673230489,7.579306403795878,0.0006557305653889974,-0.0027985642353693645,0.004517297943433125,0.008652339231113877,0.003193222790791294,-0.013628218005322849,0.021997966096346515,0.003193222790791294,0.0002518624967977753,share,18,False,-0.2461383810189518,12,19.836081577464352
downsample,|Vag| 250hPa,120,7.578650673230489,7.646725257237752,0.06807458400726318,0.06032533943653107,0.0776479552189509,0.8982414804751199,0.33150401185992473,0.29376737782030504,0.3781236278293764,0.33150401185992473,0.02614707259584287,share,7,True,-0.30330490115042985,12,22.448354868048327
dec0_attn,|Vag| 250hPa,120,7.578650673230489,7.570307532946269,-0.008343140284220377,-0.012313231825828552,-0.004979815085728969,-0.11008741059526914,-0.04062873855291005,-0.05996196390694001,-0.02425029404606562,0.04062873855291005,-0.003204554208741636,share,14,True,0.07447558056931823,12,10.336477844646257
dec0_mlp,|Vag| 250hPa,120,7.578650673230489,7.611292243003845,0.03264156977335612,0.028503958384195963,0.03623250226179758,0.43070423985437856,0.15895523257429947,0.13880623284074894,0.17644206034704765,0.15895523257429947,0.012537447080325176,share,9,True,-0.4654776377191382,12,32.89989885098453
dec1_attn,|Vag| 250hPa,120,7.578650673230489,7.5630894502003985,-0.015561223030090332,-0.018953323364257812,-0.012192083398501079,-0.20532973085903136,-0.07577876441186338,-0.09229733570842735,-0.059372005256802786,0.07577876441186338,-0.005976980016572146,share,10,True,0.14160471054930188,12,9.023038691257682
dec1_mlp,|Vag| 250hPa,120,7.578650673230489,7.580319881439209,0.0016692082087198894,-0.0012615273396174114,0.0055749833583831725,0.022025137200424226,0.008128572886484662,-0.006143282111125788,0.027148595563347883,0.008128572886484662,0.0006411336748869316,share,17,False,-0.3318513285683395,12,23.92014925147504
dec2_attn,|Vag| 250hPa,120,7.578650673230489,7.564518133799235,-0.014132539431254068,-0.018417301774024963,-0.010371978084246319,-0.1864783065034703,-0.06882147849378616,-0.08968706184194633,-0.050508606053090495,0.06882147849378616,-0.005428230518943543,share,11,True,-0.11169311709124241,12,15.017690014302364
dec2_mlp,|Vag| 250hPa,120,7.578650673230489,7.587282697359721,0.008632024129231771,0.004185799757639567,0.012885947028795877,0.11389922166121254,0.04203552134827138,0.020383663488149507,0.06275092531163376,0.04203552134827138,0.0033155129017315666,share,13,True,-0.09642318020289792,12,14.561106343331376
upsample,|Vag| 250hPa,120,7.578650673230489,7.670136213302612,0.09148554007212321,0.07912190357844034,0.10072752932707468,1.207148132520092,0.4455087607710528,0.38530134035705005,0.490514640135014,0.4455087607710528,0.03513909181553685,share,6,True,0.3777861745978173,12,5.419248677688119
decoder_io,|Vag| 250hPa,120,7.578650673230489,8.711474418640137,1.1328237454096477,1.0781479676564534,1.1986556599537532,14.947565130703778,5.51653193052809,5.250276323665892,5.837114775036728,5.51653193052809,0.4351113582473069,share,2,True,0.21631687522275087,12,7.73170025747176
decoder_heads,|Vag| 250hPa,120,7.578650673230489,8.932846387227377,1.3541957139968872,1.2927996158599853,1.4156438827514648,17.868559620780694,6.59455094114987,6.2955692706521535,6.893786180860108,6.59455094114987,0.5201391115232965,share,1,True,0.10993193862226569,12,9.622947466302012
film,|Vag| 250hPa,120,7.578650673230489,7.569500764211019,-0.009149909019470215,-0.012967893481254577,-0.005991785724957787,-0.12073269258589484,-0.04455747460438476,-0.06314998140788326,-0.029178305457094034,0.04455747460438476,-0.0035144296342952196,share,12,True,0.1730157142385046,12,8.460083960239407
cond_embed,|Vag| 250hPa,120,7.578650673230489,7.615055759747823,0.036405086517333984,0.027356810371081033,0.04375354448954264,0.48036369648128785,0.17728249696415677,0.1332199457691428,0.21306741338041138,0.17728249696415677,0.01398299312302975,share,8,True,0.34349482442685436,12,5.863857428880378
encoder_io,div/vort 850hPa,120,0.40859687825043994,0.4134512369831403,0.004854358732700348,0.00354340902219216,0.006163964358468848,1.1880557564429022,0.3840548638774958,0.28033846376311977,0.4876649260984106,0.3840548638774958,0.12657129843732812,share,3,True,-0.2717619359733781,12,20.95625590798923
enc0_attn,div/vort 850hPa,120,0.40859687825043994,0.40883661806583405,0.00023973981539408365,9.052343666553498e-05,0.00040310639888048157,0.05867392242951516,0.01896712773758542,0.007161804073545629,0.03189195147596179,0.01896712773758542,0.006250914156209232,share,13,True,-0.10591732357308213,12,14.843155149714788
enc0_mlp,div/vort 850hPa,120,0.40859687825043994,0.4102786183357239,0.0016817400852839153,0.0012919530272483826,0.001935343630611896,0.4115890685423034,0.13305165421339937,0.10221346862430669,0.15311561743550106,0.13305165421339937,0.04384925753315306,share,5,True,0.2338943958628677,12,7.450611073743225
enc1_attn,div/vort 850hPa,120,0.40859687825043994,0.40905189762512845,0.00045501937468846637,-0.0006171167517701785,0.0016304954265554744,0.11136144178017258,0.035999070861908095,-0.048823480741353835,0.1289974090460975,0.035999070861908095,0.011864057899244544,share,9,False,-0.35095823554738076,12,24.977589601249807
enc1_mlp,div/vort 850hPa,120,0.40859687825043994,0.40697964777549106,-0.001617230474948883,-0.003195144298175971,-0.0003479283303022402,-0.39580098650622564,-0.1279479461892853,-0.25278533707011824,-0.02752651274682786,0.1279479461892853,-0.042167250579940294,share,6,True,0.018308586215454333,12,11.568494192115223
enc2_attn,div/vort 850hPa,120,0.40859687825043994,0.408674992620945,7.811437050501506e-05,-3.753695636987686e-05,0.00014854054898023598,0.019117711040644973,0.006180054994512433,-0.002969753877457917,0.011751855077088407,0.006180054994512433,0.002036733963403317,share,15,False,0.08617508630705195,12,10.095885186981185
enc2_mlp,div/vort 850hPa,120,0.40859687825043994,0.40858494987090427,-1.1928379535675049e-05,-0.0001395469531416893,0.00011447090655565262,-0.002919351608057031,-0.0009437193316581317,-0.011040322531651478,0.009056419365758168,0.0009437193316581317,-0.0003110174936008053,share,18,False,-0.05175718075599403,12,13.309972839166013
downsample,div/vort 850hPa,120,0.40859687825043994,0.41207405428091687,0.003477176030476888,0.002360661824544271,0.004061575668553511,0.8510040618434765,0.27509840961424603,0.18676486547623167,0.32133346058805906,0.27509840961424603,0.09066299161368169,share,4,True,-0.4499500835497432,12,31.6324036823491
dec0_attn,div/vort 850hPa,120,0.40859687825043994,0.4084875260790189,-0.00010935217142105103,-0.000250530739625295,9.42417730887722e-06,-0.02676285043813432,-0.008651448239067083,-0.019820856760290932,0.0007455982000540884,0.008651448239067083,-0.0028512203332785886,share,14,False,-0.5120094490251582,12,37.181280154003055
dec0_mlp,div/vort 850hPa,120,0.40859687825043994,0.409013291200002,0.00041641294956207275,0.00016077682375907897,0.0006443419183293976,0.10191290529313396,0.03294470546306869,0.01271993368506183,0.05097741254011209,0.03294470546306869,0.010857443920892574,share,10,True,-0.30861979046161797,12,22.713171810376554
dec1_attn,div/vort 850hPa,120,0.40859687825043994,0.40861867368221283,2.179543177286784e-05,-8.517019450664519e-05,0.00010222444931666057,0.005334213972997816,0.0017243557890134842,-0.006738279813835217,0.008087535167682774,0.0017243557890134842,0.0005682884705060728,share,17,False,-0.2739793668895941,12,21.056911753567643
dec1_mlp,div/vort 850hPa,120,0.40859687825043994,0.40897542983293533,0.0003785515824953715,0.00017198255906502406,0.0004914179444313049,0.09264671431565544,0.029949285681447165,0.013606480680153394,0.038878760748391875,0.029949285681447165,0.009870256394358267,share,11,True,-0.3092261684094906,12,22.743643870729596
dec2_attn,div/vort 850hPa,120,0.40859687825043994,0.4086536094546318,5.6731204191843666e-05,-3.614525000254313e-05,0.00014464718600114176,0.013884394916270406,0.004488315780359505,-0.0028596483766297,0.011443829842181646,0.004488315780359505,0.0014791947962363515,share,16,False,-0.11447897958107042,12,15.102688074695145
dec2_mlp,div/vort 850hPa,120,0.40859687825043994,0.4089592347542445,0.0003623565038045247,0.00026686737934748334,0.00043753186861673963,0.08868313075618427,0.02866800444852135,0.021113337660488143,0.03461553863164833,0.02866800444852135,0.009447990086681636,share,12,True,-0.26604215892177696,12,20.69942584814235
upsample,div/vort 850hPa,120,0.40859687825043994,0.409207080801328,0.0006102025508880615,0.0004077178736527761,0.0007636922722061475,0.14934097232971322,0.04827646050143722,0.03225679046159705,0.06041987166516489,0.04827646050143722,0.015910264038667056,share,8,True,-0.5400892877439722,12,40.18404216390471
decoder_io,div/vort 850hPa,120,0.40859687825043994,0.43157847970724106,0.022981601456801098,0.02165756622950236,0.024005896163483458,5.624517141492956,1.8182001589051973,1.7134484920034891,1.899237714184204,1.8182001589051973,0.5992163531223853,share,1,True,-0.15012053543983045,12,16.239298630918803
decoder_heads,div/vort 850hPa,120,0.40859687825043994,0.41396991660197574,0.005373038351535797,0.004573172455032666,0.006318737007677555,1.314997406378254,0.4250904447598896,0.361808679872506,0.4999098367028529,0.4250904447598896,0.1400952171347133,share,2,True,0.6669262475289043,12,2.3977575706053207
film,div/vort 850hPa,120,0.40859687825043994,0.4086008742451668,3.9959947268168134e-06,-8.0433984597524e-05,8.101761341094971e-05,0.0009779797496072796,0.0003161449936785205,-0.006363572349450741,0.006409746416271408,0.0003161449936785205,0.00010419053658207283,share,19,False,-0.5566239819404653,12,42.13012662488519
cond_embed,div/vort 850hPa,120,0.40859687825043994,0.4094015931089719,0.0008047148585319519,0.00041393892218669255,0.0011604764188329379,0.19694591451056576,0.06366539278850708,0.03274897162896198,0.09181163519408966,0.06366539278850708,0.020981927814704673,share,7,True,-0.2166911591543274,12,18.63925587012298
encoder_io,div/vort 500hPa,120,0.2504492277900378,0.261310404787461,0.010861176997423172,0.009448723557094732,0.012300076708197594,4.3366781735612125,1.0681099184473994,0.9292064156946234,1.2096142004505275,1.0681099184473994,0.1646141044150836,share,4,True,-0.018886034874059487,12,12.461989996156301
enc0_attn,div/vort 500hPa,120,0.2504492277900378,0.2508257267375787,0.000376498947540919,0.00022808552409211795,0.0006138422526419158,0.15032945034933548,0.037025661238084186,0.0224303876637738,0.06036647764459402,0.037025661238084186,0.005706291047220209,share,11,True,-0.04025205915779887,12,13.006565764485456
enc0_mlp,div/vort 500hPa,120,0.2504492277900378,0.25192653636137646,0.0014773085713386536,0.0010007978727420172,0.001979297709961732,0.5898634962361089,0.14528148634614269,0.09842046902379177,0.1946481045352566,0.14528148634614269,0.02239037513828706,share,7,True,-0.09550272077649108,12,14.534076498940356
enc1_attn,div/vort 500hPa,120,0.2504492277900378,0.23870940506458282,-0.011739822725454966,-0.01316687570263942,-0.010556297811369101,-4.687506058232671,-1.1545177006918885,-1.294856951165593,-1.0381274881242604,1.1545177006918885,-0.1779310294272078,share,3,True,-0.2153714905623977,12,18.587723631406746
enc1_mlp,div/vort 500hPa,120,0.2504492277900378,0.2423293540875117,-0.008119873702526093,-0.008978462126106024,-0.006863293548425038,-3.242123672800192,-0.798524657158795,-0.8829599638762362,-0.6749500458401573,0.798524657158795,-0.12306638017427048,share,5,True,-0.2938382363041942,12,21.986547040429272
enc2_attn,div/vort 500hPa,120,0.2504492277900378,0.2504497158030669,4.880130290985107e-07,-0.00010839228828748067,0.00010789260268211362,0.00019485507438163582,4.79921795616945e-05,-0.010659514915421758,0.010610374831310748,4.79921795616945e-05,7.3964200884492324e-06,share,19,False,0.11409345041093083,12,9.542178522948552
enc2_mlp,div/vort 500hPa,120,0.2504492277900378,0.25071830302476883,0.0002690752347310384,0.00014458233490586281,0.0004042362794280051,0.10743703907788271,0.02646139797675434,0.014218516647125298,0.03975340605864028,0.02646139797675434,0.00407815642780124,share,13,True,-0.44446830866637316,12,31.201855761612535
downsample,div/vort 500hPa,120,0.2504492277900378,0.25553026671210927,0.005081038922071457,0.0038613897437850633,0.006557776064922411,2.0287700492856406,0.4996795531432178,0.3797368080187263,0.6449048440663837,0.4996795531432178,0.07700921105082939,share,6,True,0.009881469769745395,12,11.76516523812645
dec0_attn,div/vort 500hPa,120,0.2504492277900378,0.25054586802919704,9.664023915926616e-05,4.891399294137955e-06,0.00017670722057421987,0.03858675868638883,0.009503794845773217,0.0004810300119770528,0.017377742301904857,0.009503794845773217,0.0014646982019937953,share,15,True,-0.165733841347561,12,16.76779760402407
dec0_mlp,div/vort 500hPa,120,0.2504492277900378,0.2512945147852103,0.0008452869951725006,0.0006767280710240206,0.0010626402993996937,0.33750832559209987,0.08312721758355945,0.06655079508639096,0.10450217723180566,0.08312721758355945,0.01281133358908071,share,9,True,-0.4345873430298673,12,30.44687433883846
dec1_attn,div/vort 500hPa,120,0.2504492277900378,0.2504371715088685,-1.2056281169255575e-05,-8.918096621831258e-05,7.751692707339916e-05,-0.004813862384659803,-0.0011856388584338216,-0.008770234991760242,0.007623170000296008,0.0011856388584338216,-0.00018272733495866057,share,18,False,-0.21093212113229168,12,18.41563424738486
dec1_mlp,div/vort 500hPa,120,0.2504492277900378,0.2507188804447651,0.0002696526547273,0.00013983774309357007,0.00047680164376894576,0.1076675927918457,0.02651818261669375,0.013751923977205958,0.046889629453830024,0.02651818261669375,0.00408690791721887,share,12,True,-0.13398445983118906,12,15.713128560397102
dec2_attn,div/vort 500hPa,120,0.2504492277900378,0.2505186162889004,6.938849886258443e-05,-1.3883287707964578e-05,0.0001465945504605769,0.027705615016212284,0.006823804075643578,-0.0013653103439023229,0.014416401958501237,0.006823804075643578,0.0010516655422963222,share,16,False,-0.38349767641827975,12,26.929293665214693
dec2_mlp,div/vort 500hPa,120,0.2504492277900378,0.2506394013762474,0.00019017358620961508,3.409649555881818e-05,0.00032255869979659716,0.07593298964732512,0.018702051693420835,0.0033531177237339756,0.031721069145266886,0.018702051693420835,0.002882307744798532,share,14,True,-0.12571868810835612,12,15.451118620015173
upsample,div/vort 500hPa,120,0.2504492277900378,0.25187715888023376,0.0014279310901959736,0.001118631816158692,0.0016442566489179927,0.5701479308984209,0.14042560586753908,0.1100084952315389,0.16169949496256836,0.14042560586753908,0.021642000460431854,share,8,True,-0.22087153645359547,12,18.803649363235685
decoder_io,div/vort 500hPa,120,0.2504492277900378,0.30552983035643894,0.05508060256640116,0.0531073907079796,0.05791731961071491,21.99272205885081,5.416736871997425,5.222687262302442,5.695705312671871,5.416736871997425,0.8348122919148127,share,1,True,0.4089208020576788,12,5.034314466042983
decoder_heads,div/vort 500hPa,120,0.2504492277900378,0.26309862981239956,0.012649402022361755,0.011456924366454284,0.01384323037539919,5.050685176384846,1.243967552109562,1.1266969089643613,1.3613710255181564,1.243967552109562,0.19171678960682148,share,2,True,0.14546895069093116,12,8.95211745855139
film,div/vort 500hPa,120,0.2504492277900378,0.2504849744339784,3.5746643940607704e-05,-3.603358442584673e-05,0.00012455595036347698,0.014273010244845168,0.00351539662351781,-0.003543614926042539,0.012249081845957903,0.00351539662351781,0.0005417830663770689,share,17,False,-0.06990233892168081,12,13.803741912623812
cond_embed,div/vort 500hPa,120,0.2504492277900378,0.2508649279673894,0.0004157001773516337,-7.007519404093425e-05,0.001002354361116886,0.16598181636244963,0.04088078876119649,-0.0068913350560446405,0.09857353721074238,0.04088078876119649,0.0063004324868442645,share,10,False,0.20700211982121697,12,7.883975020321354
encoder_io,div/vort 250hPa,120,0.2614082669218381,0.2703832536935806,0.008974986771742502,0.006916694156825542,0.010596764398117858,3.433321706855603,1.9705186853468895,1.5186067036629407,2.326590866568579,1.9705186853468895,0.20782974234938736,share,5,True,0.05781365901303855,12,10.68830601260385
enc0_attn,div/vort 250hPa,120,0.2614082669218381,0.2615766227245331,0.00016835580269495645,-0.00016035977751016617,0.0005512968947490056,0.06440339652505915,0.03696364835227235,-0.03520806726498408,0.12104093965875773,0.03696364835227235,0.003898539795878037,share,13,False,0.00994566701486127,12,11.763654604249956
enc0_mlp,div/vort 250hPa,120,0.2614082669218381,0.261983972042799,0.0005757051209608713,0.00021382483343283337,0.0009345009612540402,0.22023217847697563,0.12639992982218468,0.04694667974299195,0.20517596877395688,0.12639992982218468,0.013331345215486137,share,8,True,-0.2777984913209113,12,21.231722326219113
enc1_attn,div/vort 250hPa,120,0.2614082669218381,0.24416154995560646,-0.017246716966231663,-0.018999213508019846,-0.015754261892288922,-6.597617270990319,-3.786632661103131,-4.17140505903826,-3.4589541157147052,3.786632661103131,-0.39937448763156486,share,2,True,-0.051646365358428856,12,13.307015361490933
enc1_mlp,div/vort 250hPa,120,0.2614082669218381,0.2500479395190875,-0.01136032740275065,-0.013985324278473855,-0.009386575190971296,-4.34581795615034,-2.494236257735703,-3.0705719698813283,-2.0608856899330434,2.494236257735703,-0.26306600523935475,share,4,True,0.42905539121646585,12,4.794310526739132
enc2_attn,div/vort 250hPa,120,0.2614082669218381,0.26135937745372456,-4.888946811358134e-05,-0.0001971324905753136,7.226010784506791e-05,-0.01870234200672752,-0.010734011412451245,-0.0432817636445615,0.015865192488327483,0.010734011412451245,-0.0011321114805021035,share,17,False,-0.0036391769475540956,12,12.087659254278709
enc2_mlp,div/vort 250hPa,120,0.2614082669218381,0.2614872058232625,7.893890142440796e-05,-0.0001101630429426829,0.00018415004014968843,0.030197553563985388,0.017331566520777365,-0.024187036713713448,0.040431379371480586,0.017331566520777365,0.0018279527270203633,share,16,False,0.2971374206850657,12,6.502280188112007
downsample,div/vort 250hPa,120,0.2614082669218381,0.2644549210866292,0.003046654164791107,0.0020886664589246113,0.003931786554555098,1.1654773587179883,0.6689134047988368,0.45858076334180375,0.8632501717929855,0.6689134047988368,0.07055000371585954,share,6,True,-0.2221536862439622,12,18.854424036683564
dec0_attn,div/vort 250hPa,120,0.2614082669218381,0.26124224439263344,-0.0001660225292046865,-0.00028904319430390993,-4.7503566990296106e-05,-0.06351081821537334,-0.03645136247068449,-0.06346137657177009,-0.010429727503301083,0.03645136247068449,-0.0038445092284079842,share,14,True,-0.10073344521004932,12,14.688416101059026
dec0_mlp,div/vort 250hPa,120,0.2614082669218381,0.2619302657743295,0.0005219988524913788,0.0002691484366854032,0.0007797444239258765,0.1996872014179483,0.11460835750782854,0.05909334878245408,0.17119813056199887,0.11460835750782854,0.012087693250036544,share,9,True,-0.005760381294996849,12,12.139050132864345
dec1_attn,div/vort 250hPa,120,0.2614082669218381,0.2611382069687049,-0.0002700599531332652,-0.00042203944176435473,-8.855033665895483e-05,-0.10330964522021562,-0.059293478346785944,-0.09266159684696319,-0.01944182174503091,0.059293478346785944,-0.006253657181455335,share,11,True,0.11319401526434895,12,9.559584107448464
dec1_mlp,div/vort 250hPa,120,0.2614082669218381,0.2614034948249658,-4.772096872329712e-06,-0.00018972006315986316,0.0001282213566203912,-0.0018255340309327646,-0.0010477459515392073,-0.04165431537110997,0.028151860889256027,0.0010477459515392073,-0.0001105053064328969,share,19,False,0.05356085501783321,12,10.779889633991537
dec2_attn,div/vort 250hPa,120,0.2614082669218381,0.26136211926738423,-4.614765445391337e-05,-0.0001793484203517437,8.728336542844744e-05,-0.017653479362881686,-0.010132027790021224,-0.03937715146313742,0.01916364969341606,0.010132027790021224,-0.001068620531607012,share,18,False,-0.03240451919098579,12,12.803753713208138
dec2_mlp,div/vort 250hPa,120,0.2614082669218381,0.2615850841005643,0.0001768171787261963,-9.794719517230986e-06,0.0003693205614884694,0.067640239847145,0.038821400346492535,-0.0021504965207528965,0.08108681224880956,0.038821400346492535,0.004094476084723668,share,12,False,0.4424128282052856,12,4.638787128551727
upsample,div/vort 250hPa,120,0.2614082669218381,0.2632236989835898,0.0018154320617516835,0.0015521198511123657,0.002049362411101659,0.6944815032550227,0.3985903144640486,0.3407783483474641,0.44995129539776824,0.3985903144640486,0.04203914582187358,share,7,True,0.003824162972426854,12,11.908569732903745
decoder_io,div/vort 250hPa,120,0.2614082669218381,0.30661332855621976,0.045205061634381614,0.042746218976875146,0.04775639312962691,17.292896726903468,9.925075199360133,9.385219762893144,10.48523718196312,9.925075199360133,1.0467933325474603,share,1,True,0.5008310650678212,12,3.99114021464865
decoder_heads,div/vort 250hPa,120,0.2614082669218381,0.275434876481692,0.014026609559853872,0.012718682487805685,0.015448354743421077,5.365786524283057,3.0796364309728212,2.792472248998031,3.391790144540601,3.0796364309728212,0.32480790501420487,share,3,True,0.45539383494874636,12,4.490381794729255
film,div/vort 250hPa,120,0.2614082669218381,0.26125765095154446,-0.00015061597029368082,-0.0003134046991666158,-2.4783921738465745e-05,-0.057617141212567495,-0.033068748882147676,-0.06881010874887734,-0.005441476642125449,0.033068748882147676,-0.003487746455336698,share,15,True,0.3283840174705087,12,6.067064707463496
cond_embed,div/vort 250hPa,120,0.2614082669218381,0.26177214831113815,0.0003638813893000285,9.944929430882136e-05,0.0006256366769472757,0.1392004138143153,0.07989260542681322,0.021834761171692228,0.13736273863316095,0.07989260542681322,0.008426238088959245,share,10,True,0.05225042463476398,12,10.808258792891813
encoder_io,HypsRel 600-500,120,0.0011551179905674278,0.0012174002179483505,6.22822273809229e-05,4.166993629457502e-05,8.385012736207961e-05,5.391849827421357,0.9374768687637549,0.627219080655244,1.262118555331597,0.9374768687637549,0.11031411553929042,share,3,True,0.4374346631263922,12,4.6964110548165525
enc0_attn,HypsRel 600-500,120,0.0011551179905674278,0.0011554647096113878,3.4671904395992565e-07,-1.0907546108920753e-06,2.3176674880626246e-06,0.0300158985308165,0.0052188416718679225,-0.016418122154731107,0.034885708988147475,0.0052188416718679225,0.0006141078487951276,share,19,False,0.35779057227751415,12,5.67577451929363
enc0_mlp,HypsRel 600-500,120,0.0011551179905674278,0.0011621398506056861,7.021860038258252e-06,3.544918538772677e-06,1.123005132664487e-05,0.6078911501334082,0.10569357645645172,0.053358386035646466,0.16903559484746356,0.10569357645645172,0.012437099829837024,share,6,True,-0.041544574683172,12,13.040288119884693
enc1_attn,HypsRel 600-500,120,0.0011551179905674278,0.0011092163255940167,-4.590166497341123e-05,-5.5545813698575375e-05,-3.360566384756977e-05,-3.9737641823813155,-0.6909153856545783,-0.836079852773944,-0.5058350325826159,0.6909153856545783,-0.08130090695622219,share,4,True,0.026037471025568585,12,11.390958593364983
enc1_mlp,HypsRel 600-500,120,0.0011551179905674278,0.0011610014455739565,5.883455006528732e-06,-2.099242835090832e-06,1.443776111452372e-05,0.5093380117505232,0.08855821650852562,-0.03159796434028141,0.21731828887270335,0.08855821650852562,0.010420759864462155,share,7,False,-0.16225603319637838,12,16.648371042970364
enc2_attn,HypsRel 600-500,120,0.0011551179905674278,0.0011529631059383789,-2.15488462904903e-06,-2.630037820911954e-06,-1.7113600262549303e-06,-0.18655104038250564,-0.032435488895292866,-0.03958753122297619,-0.02575952251881644,0.032435488895292866,-0.0038167259255016263,share,16,True,-0.5898412675552094,12,46.51393156241167
enc2_mlp,HypsRel 600-500,120,0.0011551179905674278,0.0011524911826271214,-2.6268079403064574e-06,-3.2904853282966977e-06,-2.2108367240633715e-06,-0.2274060279345223,-0.03953891481210182,-0.049528637815376635,-0.03327768412562729,0.03953891481210182,-0.004652595239637337,share,14,True,-0.430546936290529,12,30.145703534654345
downsample,HypsRel 600-500,120,0.0011551179905674278,0.0011521548374402643,-2.963153127163669e-06,-8.67215636243758e-06,4.8120448763840706e-06,-0.25652384876354334,-0.044601608390322185,-0.1305339634429623,0.0724312689633349,0.044601608390322185,-0.0052483289403144505,share,11,False,0.4794862477592663,12,4.221847304325295
dec0_attn,HypsRel 600-500,120,0.0011551179905674278,0.0011522119518915374,-2.906038675890256e-06,-3.607700513588271e-06,-2.337076119552918e-06,-0.25157937973615363,-0.04374191728432684,-0.05430338514116908,-0.035177849199595386,0.04374191728432684,-0.005147167976076548,share,12,True,0.06919322852588576,12,10.446831273977663
dec0_mlp,HypsRel 600-500,120,0.0011551179905674278,0.0011547007309536854,-4.172596137422941e-07,-1.9192633094611148e-06,1.4327635551723897e-06,-0.03612268332322691,-0.006280623744559845,-0.028888898701106565,0.021566067044565193,0.006280623744559845,-0.000739049118438337,share,18,False,-0.13785398278107494,12,15.837511883912898
dec1_attn,HypsRel 600-500,120,0.0011551179905674278,0.001151019612536162,-4.0983780312657736e-06,-4.339169073298006e-06,-3.788987022153181e-06,-0.3548016795455268,-0.061689100813020196,-0.06531350606638599,-0.05703212358783873,0.061689100813020196,-0.007259036272091058,share,9,True,-0.5756220538990807,12,44.55336291743275
dec1_mlp,HypsRel 600-500,120,0.0011551179905674278,0.001152235081262585,-2.882909304842816e-06,-3.792154568656547e-06,-1.935857333348435e-06,-0.24957704133987615,-0.04339377221537462,-0.05707980174102162,-0.02913867322280007,0.04339377221537462,-0.005106201295574367,share,13,True,-0.5010369236028305,12,36.099751535314496
dec2_attn,HypsRel 600-500,120,0.0011551179905674278,0.0011509487757599337,-4.169214807494142e-06,-4.727061988416974e-06,-3.4844040206256823e-06,-0.3609341072980866,-0.06275534140788097,-0.07115210000839965,-0.0524475168620021,0.06275534140788097,-0.00738450218180386,share,8,True,-0.13826916756187824,12,15.850924089713788
dec2_mlp,HypsRel 600-500,120,0.0011551179905674278,0.0011520203562597165,-3.0976343077113284e-06,-4.002184805834896e-06,-1.9518743409542665e-06,-0.2681660516939642,-0.04662582944581528,-0.060241192997815,-0.02937976245111947,0.04662582944581528,-0.005486521649737985,share,10,True,-0.11325678994111647,12,15.065332700327412
upsample,HypsRel 600-500,120,0.0011551179905674278,0.0011541094392397498,-1.0085513276779253e-06,-2.170860280778871e-06,1.4824394947913802e-07,-0.08731154184366008,-0.01518079202396404,-0.032675955631791424,0.0022313793101985755,0.01518079202396404,-0.001786343430017496,share,17,False,0.06609712362571957,12,10.512020216673815
decoder_io,HypsRel 600-500,120,0.0011551179905674278,0.0017598166609754991,0.0006046986704080713,0.0005727047355528235,0.0006311053266346145,52.34951540413855,9.10197081765582,8.620395653619276,9.499445834764206,9.10197081765582,1.0710406772363383,share,1,True,0.5291743382149248,12,3.694744150635106
decoder_heads,HypsRel 600-500,120,0.0011551179905674278,0.0012617787483788587,0.00010666075781143104,0.00010247262024901182,0.0001103749091873643,9.233754359503669,1.6054659163274756,1.5424257481595136,1.6613716080222949,1.6054659163274756,0.18891725064287715,share,2,True,0.19572874367058196,12,8.071441894359861
film,HypsRel 600-500,120,0.0011551179905674278,0.0011526845570532494,-2.433433514178277e-06,-2.971028301647034e-06,-1.9046810228203806e-06,-0.21066536354289686,-0.03662822810212134,-0.04472014612132656,-0.028669405002916214,0.03662822810212134,-0.0043100909702286595,share,15,True,-0.32631943597873453,12,23.625192831364526
cond_embed,HypsRel 600-500,120,0.0011551179905674278,0.0011389917956192402,-1.6126194948187643e-05,-1.79388805104655e-05,-1.4283431568323801e-05,-1.39606473796378,-0.2427327245802945,-0.27001740684742265,-0.21499530869339223,0.2427327245802945,-0.02856267361543313,share,5,True,0.04062128826550982,12,11.063145325426504
encoder_io,|DryAir Md err|,120,274465590083584.0,286376966051157.3,11911375967573.334,502797504785.0667,25563645345792.0,4.339843097980304,0.23767563515669257,0.010032654214787311,0.5100884785285941,0.23767563515669257,-0.07599561563755937,share,7,True,0.16905502302432676,12,8.52940154853651
enc0_attn,|DryAir Md err|,120,274465590083584.0,227690532918613.34,-46775057164970.664,-47920381777237.336,-46179488366592.0,-17.04223001168419,-0.9333339365191657,-0.9561873629765402,-0.9214501547613312,0.9333339365191657,0.29842893679210813,share,3,True,-0.4529424910915224,12,31.871073167218302
enc0_mlp,|DryAir Md err|,120,274465590083584.0,269975917603498.66,-4489672480085.333,-6368004844202.667,-3298534883328.0,-1.6357870138541144,-0.08958543171290718,-0.12706505110300104,-0.06581786819723794,0.08958543171290718,0.028644501278772376,share,14,True,-0.4666364785662061,12,32.997453023189365
enc1_attn,|DryAir Md err|,120,274465590083584.0,241113737374378.66,-33351852709205.332,-42883244132488.53,-24505365404057.625,-12.15156067434485,-0.6654917784387392,-0.8556779934170079,-0.4889719124819807,0.6654917784387392,0.21278772378516622,share,4,True,-0.07888280125570156,12,14.055316340545698
enc1_mlp,|DryAir Md err|,120,274465590083584.0,268876405975722.66,-5589184107861.333,-24693198640469.332,10446505788484.26,-2.0363879152061424,-0.1115247211119865,-0.4927198744209896,0.20844610271771072,0.1115247211119865,0.035659481183777854,share,13,False,0.7901852774873133,12,1.4064335696504933
enc2_attn,|DryAir Md err|,120,274465590083584.0,276252296478720.0,1786706395136.0,1374389534720.0,2290649224533.3335,0.6509764646970456,0.03565134527350389,0.027424111748849143,0.045706852914748575,0.03565134527350389,-0.011399342345633905,share,17,True,-0.3038793103448277,12,22.476780185758518
enc2_mlp,|DryAir Md err|,120,274465590083584.0,277397621090986.66,2932031007402.6665,1969958333098.6667,3848290697216.0,1.0682690702720745,0.05850477173087817,0.039307893506683775,0.0767875128967776,0.05850477173087817,-0.018706613080014613,share,16,True,0.09112909128371403,12,9.995564220328857
downsample,|DryAir Md err|,120,274465590083584.0,248489627877376.0,-25975962206208.0,-30465634686293.332,-21393518432529.07,-9.464196294441663,-0.5183157120532488,-0.607901143766156,-0.4268791527972943,0.5183157120532488,0.16572890025575446,share,5,True,0.3876305134927635,12,5.295670401186489
dec0_attn,|DryAir Md err|,120,274465590083584.0,273870021285205.34,-595568798378.6666,-1374389534720.0,276023231556.26044,-0.2169921548990152,-0.011883781757834628,-0.027424111748849143,0.005507675776227078,0.011883781757834628,0.003799780781877968,share,19,False,0.3970037031294639,12,5.179625183696351
dec0_mlp,|DryAir Md err|,120,274465590083584.0,282345423415978.7,7879833332394.667,5908729674683.733,10628612401834.666,2.8709731263562013,0.1572315740267351,0.11790082709359394,0.21207979752443334,0.1572315740267351,-0.050274022652539274,share,10,True,0.21585286841468343,12,7.739230480488094
dec1_attn,|DryAir Md err|,120,274465590083584.0,275610914695850.66,1145324612266.6667,320690891434.6667,2290649224533.3335,0.41729260557502923,0.022853426457374287,0.0063989594080648,0.045706852914748575,0.022853426457374287,-0.007307270734380708,share,18,True,-0.11883197155638275,12,15.236576027832669
dec1_mlp,|DryAir Md err|,120,274465590083584.0,283353309074773.3,8887718991189.334,7650768409941.333,10262108525909.334,3.2381906192622267,0.17734258930922447,0.1526608887352602,0.2047667010580736,0.17734258930922447,-0.0567044208987943,share,9,True,0.12284022541523901,12,9.374367836817148
dec2_attn,|DryAir Md err|,120,274465590083584.0,286102088144213.3,11636498060629.334,10766051355306.666,12506944765952.0,4.239692872642298,0.23219081280692275,0.21482220869931826,0.24955941691452718,0.23219081280692275,-0.074241870661308,share,8,True,0.11655158464399815,12,9.494752530983305
dec2_mlp,|DryAir Md err|,120,274465590083584.0,267639455394474.66,-6826134689109.333,-7421703487488.0,-6230565890730.667,-2.487063929227174,-0.13620642168595073,-0.14809020344378537,-0.12432263992811611,0.13620642168595073,0.04355133357690902,share,11,True,-0.3762537847937144,12,26.477187379906923
upsample,|DryAir Md err|,120,274465590083584.0,268647341053269.34,-5818249030314.667,-7146825580544.0,-4168981588650.6665,-2.119846436321149,-0.11609540640346137,-0.14260538109401555,-0.0831864723048424,0.11609540640346137,0.037120935330654,share,12,True,0.10980928146736715,12,9.62533725458458
decoder_io,|DryAir Md err|,120,274465590083584.0,217336798423722.66,-57128791659861.336,-63818632720110.93,-49294771311957.336,-20.81455516608246,-1.1399289116938294,-1.2734157756313524,-0.9836114747253892,1.1399289116938294,0.36448666423090975,share,1,True,-0.31299569160328283,12,22.93427873255923
decoder_heads,|DryAir Md err|,120,274465590083584.0,328616537751552.0,54150947667968.0,51539607552000.0,57037165690880.0,19.72959439158738,1.0805100029046562,1.0284041905818428,1.1381006375772393,1.0805100029046562,-0.3454877603215199,share,2,True,-0.13784595915278744,12,15.837252814376336
film,|DryAir Md err|,120,274465590083584.0,277855750935893.34,3390160852309.3335,2657153100458.6665,4260607557632.0,1.2351861125020867,0.06764614231382789,0.053019949381108336,0.08501474642143234,0.06764614231382789,-0.021629521373766898,share,15,True,0.03658580114240081,12,11.15293145396172
cond_embed,|DryAir Md err|,120,274465590083584.0,293294726709248.0,18829136625664.0,15713853680298.666,21075118190318.93,6.86029043565348,0.37571033095923323,0.3135490109951752,0.42052590024214415,0.37571033095923323,-0.12013153087321884,share,6,True,0.12562530830926444,12,9.321482222222766
encoder_io,neg-q fraction,120,0.0008197004164761287,0.0010495187245851412,0.00022981830810901252,9.768236002779911e-05,0.00041601236820649004,28.036866090296208,0.5688160537688924,0.24177053173452512,1.0296591057054574,0.5688160537688924,0.07854364624603932,share,3,True,0.5106741521226519,12,3.886946874862155
enc0_attn,neg-q fraction,120,0.0008197004164761287,0.0007881499266962541,-3.1550489779874624e-05,-5.975611496940777e-05,-1.1159056974937209e-05,-3.849026930535107,-0.07808962322771651,-0.1479004774908349,-0.027619430342578074,0.07808962322771651,-0.010782824608491542,share,7,True,0.6556203191708334,12,2.496077223804346
enc0_mlp,neg-q fraction,120,0.0008197004164761287,0.0008541073038183337,3.440688734220506e-05,1.721627240272028e-05,5.7359797453197326e-05,4.197495408154042,0.08515940284087592,0.04261145340988436,0.141969427504593,0.08515940284087592,0.011759038738339332,share,5,True,0.07901738533387065,12,10.242459043024498
enc1_attn,neg-q fraction,120,0.0008197004164761287,0.0006807867761532785,-0.00013891364032285006,-0.00024985042405963515,-5.904524536409409e-05,-16.946879314766765,-0.343820774564375,-0.6183969128285157,-0.1461410265273069,0.343820774564375,-0.04747569466524849,share,4,True,0.4089340027356791,12,5.034154867012946
enc1_mlp,neg-q fraction,120,0.0008197004164761287,0.0007970901436541075,-2.2610272822021216e-05,-7.576645440110497e-05,3.079799391798587e-05,-2.7583580985870673,-0.055961973904879635,-0.18752716419813886,0.07622714442801205,0.055961973904879635,-0.007727379444534464,share,14,False,0.010152650140783726,12,11.75878536442502
enc2_attn,neg-q fraction,120,0.0008197004164761287,0.0007941657324863627,-2.5534683989765956e-05,-4.598112284478854e-05,-9.023845322531103e-06,-3.1151239497399446,-0.0632000918499704,-0.11380642847665974,-0.022334635253464078,0.0632000918499704,-0.008726838182731927,share,11,True,0.7499628971847613,12,1.714576485369951
enc2_mlp,neg-q fraction,120,0.0008197004164761287,0.0007909074328532976,-2.879298362283104e-05,-5.2225844531979725e-05,-1.0881617072300287e-05,-3.5126227880438745,-0.07126460661612027,-0.12926254237907434,-0.02693274758055416,0.07126460661612027,-0.009840408010344056,share,9,True,0.7916147961202629,12,1.3957366572166836
downsample,neg-q fraction,120,0.0008197004164761287,0.0008328387240984133,1.3138307622284628e-05,-4.86735243991158e-06,3.628770076602449e-05,1.6028182197059115,0.032518211261762534,-0.012047030673725168,0.08981454488945918,0.032518211261762534,0.004490201823550444,share,17,False,-0.43534221215145413,12,30.503619920739226
dec0_attn,neg-q fraction,120,0.0008197004164761287,0.0007889413311659155,-3.075908531021317e-05,-5.863116076151679e-05,-1.0856558878913348e-05,-3.752478916925003,-0.0761308429587644,-0.14511613877357427,-0.026870726835582986,0.0761308429587644,-0.010512350975585245,share,8,True,0.5646550842983385,12,3.338843839032214
dec0_mlp,neg-q fraction,120,0.0008197004164761287,0.0007879211581212076,-3.177925835492109e-05,-6.036826289346209e-05,-1.2303479869994287e-05,-3.876935733610984,-0.07865584112025507,-0.1494155855313929,-0.030451955394065085,0.07865584112025507,-0.010861009493666734,share,6,True,0.5140382374884475,12,3.851647207941224
dec1_attn,neg-q fraction,120,0.0008197004164761287,0.0007942893743878207,-2.5411042088308022e-05,-4.316846927470882e-05,-1.2117224643285837e-05,-3.1000401582750743,-0.06289406967512076,-0.10684491824052642,-0.029990960950576812,0.06289406967512076,-0.008684581820089604,share,12,True,0.43550085871637795,12,4.718903269386235
dec1_mlp,neg-q fraction,120,0.0008197004164761287,0.0007991799148309534,-2.0520501645175198e-05,-3.915388149948739e-05,-8.113918236555666e-06,-2.5034148126204836,-0.05078964710518151,-0.09690853852126097,-0.020082503391034453,0.05078964710518151,-0.007013170688061045,share,16,True,0.6458495670613601,12,2.582134649676181
dec2_attn,neg-q fraction,120,0.0008197004164761287,0.0007949447401642828,-2.4755676311845793e-05,-4.259982585305503e-05,-1.1932374019352213e-05,-3.0200882925337305,-0.06127199448968512,-0.10543748682321166,-0.02953344299516324,0.06127199448968512,-0.008460601328144666,share,13,True,0.30184492435807786,12,6.435375482094441
dec2_mlp,neg-q fraction,120,0.0008197004164761287,0.0008123676956680962,-7.332720808032415e-06,-1.8586525256599393e-05,2.2455624408242565e-06,-0.8945610689763459,-0.01814898624802153,-0.04600292307747659,0.005557920848827295,0.01814898624802153,-0.0025060606959732626,share,18,False,-0.23211450539415468,12,19.254659931190876
upsample,neg-q fraction,120,0.0008197004164761287,0.0007979248213890363,-2.177559508709237e-05,-3.6256035025417076e-05,-1.0498288626574018e-05,-2.6565309287879955,-0.053896089340427195,-0.08973617001253929,-0.025983983421643236,0.053896089340427195,-0.007442116563256096,share,15,True,0.21050542927557234,12,7.82642904324916
decoder_io,neg-q fraction,120,0.0008197004164761287,0.0031911428674599542,0.002371442450983826,0.0013216524375224026,0.0037440615118687973,289.30599561954557,5.869482496010731,3.271180308267395,9.266808688013683,5.869482496010731,0.8104738847636206,share,1,True,0.7598536989774721,12,1.6374972612466145
decoder_heads,neg-q fraction,120,0.0008197004164761287,0.001909264691903445,0.0010895642754273165,0.0005296576120751221,0.001805000767114961,132.92225470755835,2.696746210411355,1.3109388683094694,4.46750053051971,2.696746210411355,0.37237394929777257,share,2,True,0.7469548410634262,12,1.7381914150628226
film,neg-q fraction,120,0.0008197004164761287,0.000792743694546516,-2.6956721929612588e-05,-4.9016722035351755e-05,-1.0448825176467836e-05,-3.2886065918447196,-0.0667197331523053,-0.12131974439395023,-0.02586155799467574,0.0667197331523053,-0.009212839693293829,share,10,True,0.5840813110883809,12,3.150737422380311
cond_embed,neg-q fraction,120,0.0008197004164761287,0.0008196509547057455,-4.946177038315606e-08,-5.645149683649227e-06,5.361513899515552e-06,-0.006034127760455576,-0.00012242126953795367,-0.013972132126501112,0.01327011413339138,0.00012242126953795367,-1.6904257226689956e-05,share,19,False,-0.590643473025743,12,46.628599811013345
encoder_io,|neg-q mass|,120,9954534378.666666,14184409525.333334,4229875146.6666665,2674391698.9333334,6171280522.666666,42.49194372899665,1.3341448432800587,0.843529837247009,1.946483477707061,1.3341448432800587,0.0329918175625333,share,3,True,0.2035802913594179,12,7.9405059822743675
enc0_attn,|neg-q mass|,120,9954534378.666666,9675446752.0,-279087626.6666667,-641833010.9333334,60847732.26666644,-2.803623113349962,-0.08802702326427458,-0.2024405383356107,0.019191982130449394,0.08802702326427458,-0.002176803745662111,share,8,False,0.06425117937497389,12,10.551067328010861
enc0_mlp,|neg-q mass|,120,9954534378.666666,10641620618.666666,687086240.0,391695140.0,1049729753.5999994,6.902243880662854,0.21671385849463295,0.12354455700203724,0.3310952425408435,0.21671385849463295,0.005359076354220658,share,7,True,0.23761961093484307,12,7.392065048057425
enc1_attn,|neg-q mass|,120,9954534378.666666,7891779181.333333,-2062755197.3333333,-3371165066.3333335,-1167934660.1333337,-20.72176476434675,-0.6506135793724593,-1.0632991124191513,-0.36837824996628155,0.6506135793724593,-0.01608890115828085,share,4,True,0.4257077181977717,12,4.8337448788860105
enc1_mlp,|neg-q mass|,120,9954534378.666666,11283833802.666666,1329299424.0,-84574547.7333333,3055508401.866666,13.3537077017765,0.4192743072103046,-0.026675656566385573,0.9637378496057419,0.4192743072103046,0.010368155692999384,share,5,False,0.27916511786093307,12,6.762237700894848
enc2_attn,|neg-q mass|,120,9954534378.666666,9854174389.333334,-100359989.33333333,-320777130.6666667,57790351.99999965,-1.0081836629989698,-0.03165454241509315,-0.10117630896466562,0.018227653876000997,0.03165454241509315,-0.0007827792414327845,share,16,False,0.4206018398249399,12,4.89424814693856
enc2_mlp,|neg-q mass|,120,9954534378.666666,9805244629.333334,-149289749.33333334,-448835015.73333335,97411434.66666667,-1.4997160455166318,-0.047087477129105694,-0.14156704417056867,0.030724538841166698,0.047087477129105694,-0.0011644173889725925,share,12,False,0.6571067274020068,12,2.483074386902604
downsample,|neg-q mass|,120,9954534378.666666,11241101290.666666,1286566912.0,278176746.6666667,2981212874.6666665,12.924430847887892,0.4057960463755538,0.08773972261999798,0.9403042987193134,0.4057960463755538,0.01003485430915032,share,6,True,0.34940637093005317,12,5.785598554317219
dec0_attn,|neg-q mass|,120,9954534378.666666,9812307669.333334,-142226709.33333334,-467163958.40000004,99040138.66666667,-1.4287630533291054,-0.04485972381082947,-0.1473481756445744,0.031238248340261954,0.04485972381082947,-0.0011093276950603483,share,13,False,0.5748015153834513,12,3.240015815044601
dec0_mlp,|neg-q mass|,120,9954534378.666666,10120892469.333334,166358090.66666666,-99663527.73333333,328161576.53333324,1.6711790259440449,0.05247100235943208,-0.031434871474470986,0.10350543690151681,0.05247100235943208,0.0012975455745191894,share,10,False,-0.19285932016919025,12,17.734593485030146
dec1_attn,|neg-q mass|,120,9954534378.666666,9821799648.0,-132734730.66666667,-397386723.73333335,81220059.73333327,-1.3334097368846043,-0.04186585899176094,-0.1253397393241224,0.025617617567156085,0.04186585899176094,-0.0010352929735568288,share,14,False,-0.02927744539814319,12,12.72385120364658
dec1_mlp,|neg-q mass|,120,9954534378.666666,9929255584.0,-25278794.666666668,-269981171.73333335,198234699.46666628,-0.2539425120761155,-0.007973184167255164,-0.08515475647894331,0.06252520296279723,0.007973184167255164,-0.00019716737561406065,share,19,False,0.6142645461296794,12,2.867451594313834
dec2_attn,|neg-q mass|,120,9954534378.666666,9887221376.0,-67313002.66666667,-280284978.6666667,104228389.86666656,-0.6762044321321912,-0.021231192950033246,-0.08840468003687459,0.03287467455713887,0.021231192950033246,-0.0005250221877861001,share,18,False,-0.16822388723473056,12,16.853918298051553
dec2_mlp,|neg-q mass|,120,9954534378.666666,10107183701.333334,152649322.66666666,-58264981.333333336,409935125.3333333,1.533465221575867,0.048147120093229585,-0.018377356705417985,0.12929763044514997,0.048147120093229585,0.0011906211010581915,share,11,False,0.0856642194411891,12,10.106282559770857
upsample,|neg-q mass|,120,9954534378.666666,9781867104.0,-172667274.66666666,-402458691.2,27359549.06666659,-1.7345590270571158,-0.054460981970423275,-0.12693948849077807,0.008629474874814186,0.054460981970423275,-0.0013467554070270087,share,9,False,-0.07057109725678543,12,13.822308655523695
decoder_io,|neg-q mass|,120,9954534378.666666,91499691008.0,81545156629.33333,47023740370.13334,130320231948.79999,819.1760008794673,25.720156373226196,14.831757097131556,41.1043019949577,25.720156373226196,0.6360289222113954,share,1,True,0.758471977289404,12,1.64821294280435
decoder_heads,|neg-q mass|,120,9954534378.666666,38229205226.666664,28274670848.0,12976153942.4,48564807010.39995,284.03810537431866,8.918113419264218,4.092808479584524,15.317824898183048,8.918113419264218,0.22053435383146222,share,2,True,0.7405918428709328,12,1.788413463097926
film,|neg-q mass|,120,9954534378.666666,9857948832.0,-96585546.66666667,-368507886.6666667,108963778.39999962,-0.9702668451641189,-0.03046404552206833,-0.11623106584878812,0.03436826336853735,0.03046404552206833,-0.0007533396670857639,share,17,False,0.5383920826577504,12,3.600704313647547
cond_embed,|neg-q mass|,120,9954534378.666666,9847748320.0,-106786058.66666667,-335970128.0,112737111.73333329,-1.0727378559816663,-0.03368138882695071,-0.1059683319779708,0.03555841036675573,0.03368138882695071,-0.0008329007461435312,share,15,False,-0.23745282923811248,12,19.4734627839754
encoder_io,EffRes Z500,120,55.636112936486484,55.636112936486484,0.0,0.0,0.0,0.0,0.0,0.0,0.0,0.0,0.0,colmax,1,False,0.0,12,12.0
enc0_attn,EffRes Z500,120,55.636112936486484,55.636112936486484,0.0,0.0,0.0,0.0,0.0,0.0,0.0,0.0,0.0,colmax,2,False,0.0,12,12.0
enc0_mlp,EffRes Z500,120,55.636112936486484,55.636112936486484,0.0,0.0,0.0,0.0,0.0,0.0,0.0,0.0,0.0,colmax,3,False,0.0,12,12.0
enc1_attn,EffRes Z500,120,55.636112936486484,55.636112936486484,0.0,0.0,0.0,0.0,0.0,0.0,0.0,0.0,0.0,colmax,4,False,0.0,12,12.0
enc1_mlp,EffRes Z500,120,55.636112936486484,55.636112936486484,0.0,0.0,0.0,0.0,0.0,0.0,0.0,0.0,0.0,colmax,5,False,0.0,12,12.0
enc2_attn,EffRes Z500,120,55.636112936486484,55.636112936486484,0.0,0.0,0.0,0.0,0.0,0.0,0.0,0.0,0.0,colmax,6,False,0.0,12,12.0
enc2_mlp,EffRes Z500,120,55.636112936486484,55.636112936486484,0.0,0.0,0.0,0.0,0.0,0.0,0.0,0.0,0.0,colmax,7,False,0.0,12,12.0
downsample,EffRes Z500,120,55.636112936486484,55.636112936486484,0.0,0.0,0.0,0.0,0.0,0.0,0.0,0.0,0.0,colmax,8,False,0.0,12,12.0
dec0_attn,EffRes Z500,120,55.636112936486484,55.636112936486484,0.0,0.0,0.0,0.0,0.0,0.0,0.0,0.0,0.0,colmax,9,False,0.0,12,12.0
dec0_mlp,EffRes Z500,120,55.636112936486484,55.636112936486484,0.0,0.0,0.0,0.0,0.0,0.0,0.0,0.0,0.0,colmax,10,False,0.0,12,12.0
dec1_attn,EffRes Z500,120,55.636112936486484,55.636112936486484,0.0,0.0,0.0,0.0,0.0,0.0,0.0,0.0,0.0,colmax,11,False,0.0,12,12.0
dec1_mlp,EffRes Z500,120,55.636112936486484,55.636112936486484,0.0,0.0,0.0,0.0,0.0,0.0,0.0,0.0,0.0,colmax,12,False,0.0,12,12.0
dec2_attn,EffRes Z500,120,55.636112936486484,55.636112936486484,0.0,0.0,0.0,0.0,0.0,0.0,0.0,0.0,0.0,colmax,13,False,0.0,12,12.0
dec2_mlp,EffRes Z500,120,55.636112936486484,55.636112936486484,0.0,0.0,0.0,0.0,0.0,0.0,0.0,0.0,0.0,colmax,14,False,0.0,12,12.0
upsample,EffRes Z500,120,55.636112936486484,55.636112936486484,0.0,0.0,0.0,0.0,0.0,0.0,0.0,0.0,0.0,colmax,15,False,0.0,12,12.0
decoder_io,EffRes Z500,120,55.636112936486484,55.636112936486484,0.0,0.0,0.0,0.0,0.0,0.0,0.0,0.0,0.0,colmax,16,False,0.0,12,12.0
decoder_heads,EffRes Z500,120,55.636112936486484,55.636112936486484,0.0,0.0,0.0,0.0,0.0,0.0,0.0,0.0,0.0,colmax,17,False,0.0,12,12.0
film,EffRes Z500,120,55.636112936486484,55.636112936486484,0.0,0.0,0.0,0.0,0.0,0.0,0.0,0.0,0.0,colmax,18,False,0.0,12,12.0
cond_embed,EffRes Z500,120,55.636112936486484,55.636112936486484,0.0,0.0,0.0,0.0,0.0,0.0,0.0,0.0,0.0,colmax,19,False,0.0,12,12.0
encoder_io,DKE<1000km 500hPa,120,0.7152094841003418,0.7228429317474365,0.007633442680040996,-0.0005813935150702793,0.01616805208226043,1.0673016873786085,0.18967527328159087,-0.014446427185919172,0.4017426770167706,0.18967527328159087,-0.5967522402502312,share,3,False,-0.2245845844055973,12,18.951151495489103
enc0_attn,DKE<1000km 500hPa,120,0.7152094841003418,0.7148301601409912,-0.0003793189922968547,-0.0010099603484074275,0.0011208139359950996,-0.05303607002797488,-0.009425292956338434,-0.02509542720332849,0.027849909735163464,0.009425292956338434,0.029653652737115014,share,13,False,-0.5846694171532735,12,45.78529439248386
enc0_mlp,DKE<1000km 500hPa,120,0.7152094841003418,0.7143476605415344,-0.0008617490530014038,-0.004355137546857198,0.0047539352128903025,-0.1204890449718261,-0.021412682845653536,-0.10821616654552776,0.11812546428436708,0.021412682845653536,0.06736811940131594,share,9,False,0.35871072669643117,12,5.663804022769139
enc1_attn,DKE<1000km 500hPa,120,0.7152094841003418,0.6638502478599548,-0.05135918160279592,-0.0550502405812343,-0.04778149922688802,-7.180998598492665,-1.2761695101870933,-1.3678846968700709,-1.1872714977425407,1.2761695101870933,4.015056896807971,share,1,True,-0.1587839191799065,12,16.530125073931814
enc1_mlp,DKE<1000km 500hPa,120,0.7152094841003418,0.7191768288612366,0.003967359662055969,-0.0035944007337093352,0.011737156535188352,0.5547129701807654,0.09858068759386879,-0.0893134290812815,0.2916440807476797,0.09858068759386879,-0.31015242603453796,share,5,False,-0.4311406112306466,12,30.189687774900925
enc2_attn,DKE<1000km 500hPa,120,0.7152094841003418,0.7154972553253174,0.00028779606024424237,-0.00019379990796248117,0.0007309623062610624,0.04023940882175406,0.007151137260638825,-0.004815527154064299,0.01816290250808097,0.007151137260638825,-0.022498753299739167,share,16,False,-0.5292188738709759,12,38.979104020883085
enc2_mlp,DKE<1000km 500hPa,120,0.7152094841003418,0.7160608768463135,0.0008513828118642172,-0.0005776606500148773,0.0023785469432671853,0.11903964564818653,0.021155103179045207,-0.014353673204631287,0.05910197539793055,0.021155103179045207,-0.06655772782822339,share,10,False,0.07506123342315232,12,10.32430977310984
downsample,DKE<1000km 500hPa,120,0.7152094841003418,0.7119043469429016,-0.0033051123221715293,-0.011554253473877906,0.004362350205580385,-0.46211809091760414,-0.08212520997549057,-0.28709931771057623,0.10839538620718639,0.08212520997549057,0.2583805584459975,share,6,False,-0.030660960369585523,12,12.759138979020817
dec0_attn,DKE<1000km 500hPa,120,0.7152094841003418,0.7148563265800476,-0.00035321712493896484,-0.0008634358644485473,0.00036533077557881555,-0.0493865283673491,-0.00877671550160591,-0.02145459662369867,0.009077714682690882,0.00877671550160591,0.027613112384167544,share,15,False,-0.365386718680077,12,25.818307158782975
dec0_mlp,DKE<1000km 500hPa,120,0.7152094841003418,0.719963788986206,0.004754245281219482,0.003287785624464353,0.006390667210022607,0.6647346713069299,0.11813316884147693,0.08169467734946205,0.15879487150432495,0.11813316884147693,-0.37166801942260475,share,4,True,-0.4287765963573669,12,30.015085248528784
dec1_attn,DKE<1000km 500hPa,120,0.7152094841003418,0.7143281102180481,-0.0008813937505086263,-0.001876796285311381,6.873781482378641e-05,-0.1232357504461886,-0.021900812975713883,-0.04663450860004348,0.0017079926263900438,0.021900812975713883,0.06890386385343912,share,8,False,-0.06967023620088997,12,13.79730428272358
dec1_mlp,DKE<1000km 500hPa,120,0.7152094841003418,0.7153151035308838,0.000105703870455424,-0.0009900610893964767,0.0014419491092363993,0.014779428369129773,0.0026265227048834993,-0.02460097174604549,0.03582945504623763,0.0026265227048834993,-0.008263508896493833,share,18,False,-0.00769753766170458,12,12.186173985143178
dec2_attn,DKE<1000km 500hPa,120,0.7152094841003418,0.7143864035606384,-0.0008230706055959066,-0.0018250188479820887,0.00012608915567398053,-0.11508105621610912,-0.02045160337086721,-0.045347946299532274,0.0031330549088735503,0.02045160337086721,0.06434439195537837,share,11,False,0.12427578472953352,12,9.347075447127654
dec2_mlp,DKE<1000km 500hPa,120,0.7152094841003418,0.7157735824584961,0.0005641033252080282,-0.00022982942561308544,0.0015566449612379072,0.07887246372133354,0.014016801704380157,-0.005710786199429341,0.03867940990730355,0.014016801704380157,-0.04409935820055017,share,12,False,0.21443279141762908,12,7.762312224774804
upsample,DKE<1000km 500hPa,120,0.7152094841003418,0.7148320078849792,-0.0003774811824162801,-0.0021698872248331704,0.001629104216893514,-0.052779108959576854,-0.009379627179316351,-0.05391721266691348,0.040479872646637834,0.009379627179316351,0.029509980057649633,share,14,False,0.06600925104716988,12,10.51387591282547
decoder_io,DKE<1000km 500hPa,120,0.7152094841003418,0.7560100555419922,0.040800511837005615,0.036127147078514096,0.04524164994557699,5.7046940620130675,1.0138083898825139,0.8976849348614728,1.1241614926348409,1.0138083898825139,-3.189622017566315,share,2,True,-0.17068431780344556,12,16.939522687467775
decoder_heads,DKE<1000km 500hPa,120,0.7152094841003418,0.713464081287384,-0.0017453581094741821,-0.003915350511670113,0.00016490767399469968,-0.2440345376788404,-0.04336854159583187,-0.09728836770282225,0.004097614856395066,0.04336854159583187,0.13644516707919171,share,7,False,-0.12894544597416924,12,15.552809280517566
film,DKE<1000km 500hPa,120,0.7152094841003418,0.7152346968650818,2.5227665901184082e-05,-0.00046265510221322375,0.0007207525273164105,0.0035273115307932006,0.0006268553553922886,-0.011496023043032044,0.017909210603570452,0.0006268553553922886,-0.001972198754066641,share,19,False,0.09358392913012992,12,9.94618936937957
cond_embed,DKE<1000km 500hPa,120,0.7152094841003418,0.7149999141693115,-0.0002095550298690796,-0.0016644312689701715,0.0029806261261304187,-0.029299812201739387,-0.005207009369687982,-0.04135767687439383,0.07406239867396246,0.005207009369687982,0.016382180199905002,share,17,False,-0.22036832309413562,12,18.783767144055957
encoder_io,DKEpert<1000km 500hPa,120,0.0,0.4032108783721924,0.40321090320746106,0.38090110452224807,0.42534737673898537,nan,nan,nan,nan,0.0,0.5188281870310726,share,4,True,-0.3813335487011566,12,26.793116952784196
enc0_attn,DKEpert<1000km 500hPa,120,0.0,0.03441992774605751,0.034419926504294075,0.029642107182492813,0.03673311492505794,nan,nan,nan,nan,0.0,0.044289546547250244,share,10,True,-0.6668458026369759,12,60.03871417489064
enc0_mlp,DKEpert<1000km 500hPa,120,0.0,0.10437678545713425,0.10437678173184395,0.09295897123714288,0.11288466197438538,nan,nan,nan,nan,0.0,0.13430593270987845,share,7,True,0.007506597143149035,12,11.821183968475813
enc1_attn,DKEpert<1000km 500hPa,120,0.0,0.505297839641571,0.5052978843450546,0.47452262633790576,0.5251996648187439,nan,nan,nan,nan,0.0,0.6501877383769373,share,2,True,-0.035496336368863776,12,12.883264734988645
enc1_mlp,DKEpert<1000km 500hPa,120,0.0,0.5650925040245056,0.5650925040245056,0.5342877415940166,0.5843154573813081,nan,nan,nan,nan,0.0,0.7271279547146389,share,1,True,-0.5328147874993905,12,39.37148898943091
enc2_attn,DKEpert<1000km 500hPa,120,0.0,0.007181857246905565,0.007181857712566853,0.006150135925660531,0.00819922884402331,nan,nan,nan,nan,0.0,0.009241194091939024,share,18,True,0.01398011948459508,12,11.669103110423086
enc2_mlp,DKEpert<1000km 500hPa,120,0.0,0.021216705441474915,0.02121670582952599,0.019013247322679186,0.023017223020239418,nan,nan,nan,nan,0.0,0.02730041507493855,share,13,True,-0.46667020378414276,12,33.00029844626637
downsample,DKEpert<1000km 500hPa,120,0.0,0.2740775942802429,0.2740776178737481,0.25594979813322427,0.2962175936127703,nan,nan,nan,nan,0.0,0.3526670346859821,share,5,True,0.30875456030577214,12,6.338044984074581
dec0_attn,DKEpert<1000km 500hPa,120,0.0,0.008456584066152573,0.008456584298983216,0.007275684351528374,0.010372421858482993,nan,nan,nan,nan,0.0,0.010881437643216264,share,17,True,0.2731714908227249,12,6.850563473182369
dec0_mlp,DKEpert<1000km 500hPa,120,0.0,0.04534381628036499,0.04534381612514456,0.0417363898945041,0.04978473173687235,nan,nan,nan,nan,0.0,0.058345768247181046,share,9,True,-0.1921395638659019,12,17.708101704854624
dec1_attn,DKEpert<1000km 500hPa,120,0.0,0.011984712444245815,0.011984711900974313,0.011087319631284724,0.012806683408174042,nan,nan,nan,nan,0.0,0.01542122571143102,share,15,True,-0.7287474680332896,12,76.47843677619721
dec1_mlp,DKEpert<1000km 500hPa,120,0.0,0.021238205954432487,0.021238204712669056,0.01863414158578962,0.023685054182230183,nan,nan,nan,nan,0.0,0.027328078579262418,share,12,True,-0.1674384922372381,12,16.826699020102655
dec2_attn,DKEpert<1000km 500hPa,120,0.0,0.008533203043043613,0.00853320381914576,0.008112442035538455,0.009039633119634042,nan,nan,nan,nan,0.0,0.01098002715659723,share,16,True,-0.6052295597881263,12,48.79482543606653
dec2_mlp,DKEpert<1000km 500hPa,120,0.0,0.01214325800538063,0.01214325827701638,0.011200078189722263,0.013242494253790938,nan,nan,nan,nan,0.0,0.015625233907112002,share,14,True,-0.5083865894548958,12,36.818847259249175
upsample,DKEpert<1000km 500hPa,120,0.0,0.03151119872927666,0.031511198884497084,0.028093571433176596,0.036355272812458365,nan,nan,nan,nan,0.0,0.04054676611760001,share,11,True,-0.23593110181807908,12,19.41077991409843
decoder_io,DKEpert<1000km 500hPa,120,0.0,0.41253745555877686,0.41253743569056195,0.38750429395586256,0.4412110479548573,nan,nan,nan,nan,0.0,0.5308290230724629,share,3,True,0.27399557281786224,12,6.838370016401288
decoder_heads,DKEpert<1000km 500hPa,120,0.0,0.10729754716157913,0.10729754281540711,0.09634198208029071,0.11569652490628263,nan,nan,nan,nan,0.0,0.13806419709628642,share,6,True,0.01666691711752677,12,11.60655156169068
film,DKEpert<1000km 500hPa,120,0.0,0.007047068327665329,0.007047067997821917,0.006250432269007434,0.008120322645603058,nan,nan,nan,nan,0.0,0.009067754577344428,share,19,True,-0.23368105649820275,12,19.31855241673758
cond_embed,DKEpert<1000km 500hPa,120,0.0,0.05990106984972954,0.05990106984972954,0.053055790004630884,0.06810997281378754,nan,nan,nan,nan,0.0,0.07707719018542092,share,8,True,-0.23083444551090398,12,19.202645334191484
encoder_io,RMSE Z500,168,492.62132517496747,483.80591837565106,-8.815406799316406,-25.712074025472006,7.173459879557286,-1.7894894818419365,-0.1253322858477907,-0.3655591948121901,0.10198804713266894,0.1253322858477907,-0.5661091384902343,share,3,False,0.1372019738469817,12,9.10443048107949
enc0_attn,RMSE Z500,168,492.62132517496747,493.7275695800781,1.106244405110677,-0.6636454264322916,3.1460559209187817,0.2245628332711267,0.015727934417002973,-0.00943532161143611,0.044728778710961294,0.015727934417002973,0.07104097194759182,share,11,False,0.11019277501301322,12,9.617867221049682
enc0_mlp,RMSE Z500,168,492.62132517496747,494.26615651448566,1.6448313395182292,-1.708781369527181,5.40528106689453,0.33389365329120174,0.023385247704268072,-0.024294451740283548,0.07684911736758533,0.023385247704268072,0.10562802985434652,share,8,False,-0.45620783368018225,12,32.1345085245031
enc1_attn,RMSE Z500,168,492.62132517496747,516.1151529947916,23.49382781982422,5.948082351684571,48.00322418212889,4.769145511814732,0.33402147070527943,0.08456634781792925,0.6824816995713342,0.33402147070527943,1.508730218547594,share,2,True,-0.2854313038769333,12,21.58669380594668
enc1_mlp,RMSE Z500,168,492.62132517496747,530.0286814371744,37.40735626220703,24.89160671234131,53.475293032328274,7.593531654140393,0.5318358613046235,0.3538942715523765,0.7602803664876656,0.5318358613046235,2.402231310350583,share,1,True,0.13769957380213618,12,9.095199956692587
enc2_attn,RMSE Z500,168,492.62132517496747,493.0565948486328,0.43526967366536456,-0.20763034820556642,1.0023249944051102,0.08835786260588029,0.006188409043690689,-0.0029519665676681316,0.014250469158259152,0.006188409043690689,0.027952214296988867,share,18,False,-0.15477142893264723,12,16.3946861494434
enc2_mlp,RMSE Z500,168,492.62132517496747,493.9008382161458,1.2795130411783855,0.03668136596679688,1.9401500066121409,0.2597356175605944,0.018191366306020147,0.0005215141568956876,0.02758391538268682,0.018191366306020147,0.08216796364799465,share,10,True,-0.24411226127139043,12,19.750746533298177
downsample,RMSE Z500,168,492.62132517496747,495.12571970621747,2.50439453125,-10.172878201802572,13.697316487630209,0.5083812663531158,0.03560601324610554,-0.1446320184318605,0.19474041578074977,0.03560601324610554,0.16082759001383035,share,6,False,-0.021282128081046767,12,12.521877742912432
dec0_attn,RMSE Z500,168,492.62132517496747,493.5084050496419,0.8870798746744791,-0.15671844482421876,2.0140250523885066,0.18007338077770166,0.012611981608284443,-0.0022281309724530617,0.028634227474351164,0.012611981608284443,0.05696663070193611,share,12,False,0.10990472340753106,12,9.623477667810375
dec0_mlp,RMSE Z500,168,492.62132517496747,497.2018051147461,4.5804799397786455,1.5692200978597006,7.125448989868163,0.9298176318598809,0.06512257848122513,0.022310251397394527,0.10130545644941306,0.06512257848122513,0.2941499594529169,share,4,True,0.26375051747942746,12,6.991090146390935
dec1_attn,RMSE Z500,168,492.62132517496747,491.99011993408203,-0.6312052408854166,-2.7183841069539385,0.8989704767862914,-0.12813193595734562,-0.008974106071362386,-0.0386483915822537,0.012781035218254612,0.008974106071362386,-0.04053483443961694,share,17,False,0.09529334240585403,12,9.911938172912725
dec1_mlp,RMSE Z500,168,492.62132517496747,493.43909708658856,0.8177719116210938,-0.47448927561442056,1.9191905975341788,0.16600416381297348,0.011626601621326994,-0.006746010351743407,0.027285926791852464,0.011626601621326994,0.05251580135873353,share,14,False,-0.21297534441496146,12,18.494597379747255
dec2_attn,RMSE Z500,168,492.62132517496747,492.7944742838542,0.17314910888671875,-0.8037327448527017,1.321781412760416,0.03514852078829926,0.002461732521630572,-0.011427000978663816,0.018792313233375837,0.002461732521630572,0.011119315885662043,share,19,False,-0.028128734188507906,12,12.69462864504025
dec2_mlp,RMSE Z500,168,492.62132517496747,493.3128407796224,0.6915156046549479,-0.6207646052042644,2.011578559875488,0.14037467915327007,0.009831563466537078,-0.008825667234061729,0.028599444678055263,0.009831563466537078,0.044407854579566634,share,16,False,-0.09327772641262497,12,14.468964862907688
upsample,RMSE Z500,168,492.62132517496747,490.95884958902997,-1.6624755859375,-3.2729745229085285,0.01919581095377568,-0.3374753590594211,-0.023636103255932506,-0.04653323298812686,0.0002729147866126074,0.023636103255932506,-0.10676111076225168,share,7,False,-0.07725552869438568,12,14.009367431962824
decoder_io,RMSE Z500,168,492.62132517496747,494.0326232910156,1.411298116048177,-12.535318946838379,12.445015780131014,0.2864874182105123,0.02006500924162852,-0.1782198159658615,0.17693593848177241,0.02006500924162852,0.0906309576877245,share,9,False,0.16196457302592565,12,8.654674468689258
decoder_heads,RMSE Z500,168,492.62132517496747,491.8229064941406,-0.7984186808268229,-4.315661684672038,4.2038935979207315,-0.16207554160251658,-0.011351448731709476,-0.06135754777960075,0.0597684946461184,0.011351448731709476,-0.05127297263155591,share,15,False,-0.527051050839997,12,38.745434666100884
film,RMSE Z500,168,492.62132517496747,493.5037078857422,0.8823827107747396,-0.17247447967529295,1.7975962320963534,0.1791198768062544,0.01254520008566637,-0.0024521410390033332,0.02555716938865287,0.01254520008566637,0.05666498751414412,share,13,False,0.00045941805292936826,12,11.988979029962291
cond_embed,RMSE Z500,168,492.62132517496747,495.59395090738934,2.972625732421875,0.38648223876953125,7.485078048706046,0.6034301765897099,0.04226304996421575,0.005494777895934783,0.10641845157573403,0.04226304996421575,0.1908965327119952,share,5,True,-0.15234649077641685,12,16.313455602847732
encoder_io,RMSE T850,168,2.593069632848104,2.558340390523275,-0.0347292423248291,-0.07933803250392278,0.010771713654200182,-1.3393100549592323,-0.26832585521343233,-0.6129832958476709,0.08322465694309364,0.26832585521343233,-0.41312285097734336,share,3,False,-0.23212200677136632,12,19.25496525703148
enc0_attn,RMSE T850,168,2.593069632848104,2.5869133671124778,-0.006156265735626221,-0.01730199654897054,0.005189039309819531,-0.23741227993420572,-0.04756467915374207,-0.13367907590610587,0.040091672531191495,0.04756467915374207,-0.07323206271787132,share,5,False,0.24107406983271357,12,7.338088340879605
enc0_mlp,RMSE T850,168,2.593069632848104,2.59551070133845,0.002441068490346273,-0.005570808549722036,0.01565376917521159,0.0941381773718556,0.018860238417537922,-0.04304130664163062,0.12094450440254412,0.018860238417537922,0.029037810981606963,share,13,False,-0.4863763028316313,12,34.726816017861154
enc1_attn,RMSE T850,168,2.593069632848104,2.679786662260691,0.08671702941258748,0.037908337016900384,0.15131516307592383,3.344184371838161,0.6699950681637971,0.29288824831363097,1.1690946251965786,0.6699950681637971,1.0315452921240937,share,2,True,-0.3236524595883004,12,23.484715425136248
enc1_mlp,RMSE T850,168,2.593069632848104,2.7271067102750144,0.1340370774269104,0.10245012988646825,0.17083672682444254,5.169050446196096,1.0356002902249253,0.7915525038350829,1.3199225712522833,1.0356002902249253,1.594442488706054,share,1,True,-0.43200344792207174,12,30.253777619247305
enc2_attn,RMSE T850,168,2.593069632848104,2.5949281454086304,0.00185851256052653,-0.0013555352886517843,0.00501023282607396,0.07167229668588686,0.014359281655610982,-0.01047316731524078,0.03871017384429284,0.014359281655610982,0.02210799764649633,share,14,False,-0.10266232688781118,12,14.745784467916149
enc2_mlp,RMSE T850,168,2.593069632848104,2.59312641620636,5.678335825602213e-05,-0.006904001533985138,0.005101087192694337,0.002189812318832873,0.000438720863053347,-0.053341852340872416,0.03941213490049066,0.000438720863053347,0.0006754683166244735,share,19,False,-0.1480787976314819,12,16.17161955034692
downsample,RMSE T850,168,2.593069632848104,2.5983251333236694,0.005255500475565593,-0.04588365157445272,0.0499665523568789,0.20267486877293003,0.040605166288714224,-0.3545073034958807,0.38605270359269916,0.040605166288714224,0.06251697976797498,share,6,False,0.2123338252114065,12,7.796527574255288
dec0_attn,RMSE T850,168,2.593069632848104,2.596078097820282,0.003008464972178141,-0.0015874505043029785,0.008120160301526383,0.11601944406227867,0.02324406991056713,-0.012264995884219514,0.06273816563569246,0.02324406991056713,0.03578729460167754,share,10,False,-0.19266498956133454,12,17.727436181616355
dec0_mlp,RMSE T850,168,2.593069632848104,2.6071490049362183,0.01407937208811442,0.006084581216176351,0.022504824896653466,0.542961589220815,0.1087803621247018,0.047010828603043515,0.17387728561258786,0.1087803621247018,0.16748163644371367,share,4,True,0.08796359705476264,12,10.059561611225453
dec1_attn,RMSE T850,168,2.593069632848104,2.591381251811981,-0.00168838103612264,-0.007016517221927643,0.002684211730957031,-0.06511128797834105,-0.013044807635203071,-0.05421117358634387,0.02073881720615732,0.013044807635203071,-0.020084192469709983,share,15,False,-0.24242423516041905,12,19.679999696244348
dec1_mlp,RMSE T850,168,2.593069632848104,2.5963406960169473,0.0032710631688435874,-0.0007507602373758951,0.0071593523025512695,0.12614636828131792,0.02527296201937612,-0.0058005406760660684,0.05531474920726703,0.02527296201937612,0.038911040137305834,share,9,False,-0.26924233717470303,12,20.842625155937238
dec2_attn,RMSE T850,168,2.593069632848104,2.5940136909484863,0.0009440581003824869,-0.0018178651730219523,0.0043807804584503176,0.03640697065838446,0.007294002984199733,-0.014045230893652378,0.03384688476706518,0.007294002984199733,0.011230074364145725,share,17,False,-0.17742883782320032,12,17.176806948213375
dec2_mlp,RMSE T850,168,2.593069632848104,2.593847135702769,0.0007775028546651205,-0.003457788129647573,0.0047200381755828835,0.029983878751884827,0.006007160088826673,-0.026715640622289483,0.03646806539162119,0.006007160088826673,0.009248810928784297,share,18,False,-0.10630969938802746,12,14.854940669676637
upsample,RMSE T850,168,2.593069632848104,2.589151680469513,-0.003917952378590901,-0.011314174532890318,0.003447558979193363,-0.15109321897721695,-0.030270972019429975,-0.08741583041681776,0.02663660792937725,0.030270972019429975,-0.04660613213204909,share,8,False,0.07930422624957557,12,10.236547783562836
decoder_io,RMSE T850,168,2.593069632848104,2.5901628931363425,-0.0029067397117614746,-0.06955378899971644,0.04883273740609483,-0.11209647727696577,-0.02245811790957583,-0.5373880530454496,0.3772925969518064,0.02245811790957583,-0.034577218401146644,share,11,False,0.25223713291759964,12,7.165699027054216
decoder_heads,RMSE T850,168,2.593069632848104,2.592019816239675,-0.001049816608428955,-0.011188402771949768,0.013997667034467054,-0.04048547694709943,-0.008111116753980336,-0.08644408980121715,0.10814909069671803,0.008111116753980336,-0.01248812819528361,share,16,False,-0.466123014986717,12,32.9541760999547
film,RMSE T850,168,2.593069632848104,2.5957683324813843,0.002698699633280436,-0.0017668386300404868,0.006764233609040576,0.1040735504783307,0.020850753963798502,-0.013650988466592632,0.05226197424732288,0.020850753963798502,0.03210247076525621,share,12,False,0.061298213358353,12,10.613813627420356
cond_embed,RMSE T850,168,2.593069632848104,2.5974982380867004,0.004428605238596599,-0.002064955234527588,0.015312278767426796,0.1707862057577077,0.03421638966190623,-0.015954303698872744,0.11830607351312247,0.03421638966190623,0.052680620121511035,share,7,False,-0.13029065861280079,12,15.595426262433431
encoder_io,RMSE Q700,168,0.0016523806649881105,0.0016393315454479307,-1.3049119540179769e-05,-2.0422908952847744e-05,-2.9029482296512804e-06,-0.7897163054902764,-0.385795814228599,-0.6038011042905884,-0.08582535185407283,0.385795814228599,-0.23403439041127352,share,5,True,-0.10657715376432743,12,14.862979944066858
enc0_attn,RMSE Q700,168,0.0016523806649881105,0.0016472831290836136,-5.097535904496908e-06,-6.851895644407099e-06,-2.784352060795452e-06,-0.30849646286157595,-0.15070810017330946,-0.20257555699478333,-0.08231906889090086,0.15070810017330946,-0.0914236937086162,share,7,True,-0.4210103169490816,12,29.4515158085975
enc0_mlp,RMSE Q700,168,0.0016523806649881105,0.0016393193412416924,-1.306132374641796e-05,-1.73417344437136e-05,-9.39852834562771e-06,-0.7904548887051969,-0.3861566302720247,-0.5127065116729294,-0.27786647861469876,0.3861566302720247,-0.23425327138317464,share,4,True,-0.09991948989772445,12,14.664281395530825
enc1_attn,RMSE Q700,168,0.0016523806649881105,0.0016732050571590662,2.0824392170955736e-05,1.1053358321078122e-05,3.347110517400627e-05,1.2602660278105817,0.6156709124069264,0.3267913486661221,0.9895696206917365,0.6156709124069264,0.3734829704340176,share,2,True,-0.5042120671524293,12,36.407793756002455
enc1_mlp,RMSE Q700,168,0.0016523806649881105,0.0017034137272275984,5.103306223948797e-05,3.616659838977891e-05,6.182784588114978e-05,3.0884567533871,1.5087869904662394,1.0692615873968208,1.8279336065757203,1.5087869904662394,0.9152718369437675,share,1,True,-0.11777815769677348,12,15.204041941812426
enc2_attn,RMSE Q700,168,0.0016523806649881105,0.0016529242663333814,5.436013452708721e-07,-2.902561391238123e-07,1.1646557444085674e-06,0.032898069844867345,0.016071515244288178,-0.008581391501803808,0.03443292168690857,0.016071515244288178,0.009749424784981633,share,15,False,-0.45195649822057293,12,31.792144094538244
enc2_mlp,RMSE Q700,168,0.0016523806649881105,0.0016515000315848738,-8.806334032366673e-07,-2.8072002654274306e-06,6.187976396176934e-07,-0.05329482617995918,-0.026035831750370476,-0.08299457360081744,0.01829468559039305,0.026035831750370476,-0.015794054232371558,share,14,False,0.2822338820568186,12,6.7173341274540626
downsample,RMSE Q700,168,0.0016523806649881105,0.0016459441200519602,-6.4365449361503124e-06,-1.783901170711033e-05,3.5796496376860877e-06,-0.38953160567251166,-0.19029575802528562,-0.5274084604242447,0.10583195612331622,0.19029575802528562,-0.11543865973856773,share,6,False,0.21500000200881297,12,7.75308638709444
dec0_attn,RMSE Q700,168,0.0016523806649881105,0.00165235090147083,-2.9763517280419666e-08,-8.695283516620596e-07,4.1091989260166795e-07,-0.0018012506386132171,-0.0008799551838076191,-0.025707512096229478,0.012148802381712641,0.0008799551838076191,-0.0005338051047636016,share,19,False,-0.2583902655227913,12,20.36203475257588
dec0_mlp,RMSE Q700,168,0.0016523806649881105,0.0016560357762500644,3.6551112619539103e-06,2.1462915659261245e-06,5.4412150348071e-06,0.22120273732325538,0.10806297091996786,0.06345487905899257,0.16086893665757473,0.10806297091996786,0.06555398112821484,share,9,True,-0.4348744282031064,12,30.468437454862887
dec1_attn,RMSE Q700,168,0.0016523806649881105,0.0016529203470175464,5.396820294360319e-07,-8.284237992484122e-07,1.3987701095174998e-06,0.032660877779026494,0.01595564109361729,-0.024492260429778215,0.0413544876846531,0.01595564109361729,0.009679132326596857,share,16,False,-0.3274986208637959,12,23.687659155178018
dec1_mlp,RMSE Q700,168,0.0016523806649881105,0.0016509676837207128,-1.4129812673976023e-06,-2.8606031264644115e-06,2.9050546193805804e-07,-0.08551184949914487,-0.0417746390372868,-0.08457342343757929,0.008588762703962813,0.0417746390372868,-0.025341649186347393,share,12,False,-0.32602752701605936,12,23.60976295328885
dec2_attn,RMSE Q700,168,0.0016523806649881105,0.001652299048146233,-8.161684187750022e-08,-8.806307353855421e-07,8.14493735864136e-07,-0.004939348638413625,-0.0024129931425598107,-0.026035752875639202,0.024080419605648648,0.0024129931425598107,-0.001463788248492888,share,18,False,0.06564660950311801,12,10.52153742711249
dec2_mlp,RMSE Q700,168,0.0016523806649881105,0.0016501070058438927,-2.273659144217769e-06,-3.656537834710131e-06,-1.0442907902567337e-06,-0.13759899231416683,-0.0672204877977315,-0.10810514738990884,-0.030874344776902353,0.0672204877977315,-0.04077780345115092,share,11,True,0.18792709713728334,12,8.203259996203647
upsample,RMSE Q700,168,0.0016523806649881105,0.0016537551515890907,1.3744866009801626e-06,-1.9623718496101597e-07,3.7439756852108962e-06,0.0831822006940545,0.04063654836931137,-0.005801731244843847,0.11069023802567723,0.04063654836931137,0.02465125197132068,share,13,False,-0.35673894174995724,12,25.30989104997388
decoder_io,RMSE Q700,168,0.0016523806649881105,0.0016687073220964521,1.6326657108341653e-05,4.0910172780665265e-06,2.9278230310107272e-05,0.9880687576587643,0.482695859544332,0.12095048535306768,0.8656077267803672,0.482695859544332,0.29281663272677666,share,3,True,0.4796742727458711,12,4.219785963746303
decoder_heads,RMSE Q700,168,0.0016523806649881105,0.0016487925798476983,-3.5880851404120526e-06,-6.727058401641747e-06,-9.247710598477505e-07,-0.21714640073193245,-0.10608135085317294,-0.19888475735344227,-0.027340756815849687,0.10608135085317294,-0.06435187569509498,share,10,True,-0.23506732430811453,12,19.375310223598277
film,RMSE Q700,168,0.0016523806649881105,0.0016527631184241425,3.824534360319376e-07,-8.266608347184957e-07,1.6296372147432216e-06,0.023145601018920752,0.0113071946581642,-0.024440138573266663,0.04818004879357754,0.0113071946581642,0.00685925640322538,share,17,False,0.20669881955089944,12,7.888972800132637
cond_embed,RMSE Q700,168,0.0016523806649881105,0.0016566826573883493,4.301992400238912e-06,1.526450311454634e-06,8.751609614895032e-06,0.26035117036847355,0.12718794212475668,0.045129339107811264,0.25874039599324195,0.12718794212475668,0.07715571658637552,share,8,True,-0.11153123549284293,12,15.012767312436752
encoder_io,RMSE U500,168,6.6741063594818115,6.645669778188069,-0.028436581293741863,-0.1079582820336024,0.06359586318333943,-0.42607324130132274,-0.0691840982256856,-0.26265451220512026,0.154724029579171,0.0691840982256856,-0.12635054547521885,share,5,False,-0.03811989790400047,12,12.951134707644366
enc0_attn,RMSE U500,168,6.6741063594818115,6.666439930597941,-0.007666428883870442,-0.017581661542256675,0.011800324916839584,-0.11486824558884728,-0.01865185422477813,-0.042774881640850956,0.028709317400305846,0.01865185422477813,-0.03406378078004684,share,12,False,-0.2761075476011728,12,21.154096192699686
enc0_mlp,RMSE U500,168,6.6741063594818115,6.680115660031636,0.006009300549825032,-0.020007723569869993,0.03920610547065734,0.09003902883998396,0.01462018360126351,-0.048677311046348586,0.0953855536961288,0.01462018360126351,0.026700762463384528,share,14,False,-0.5630058287437653,12,42.92064100307512
enc1_attn,RMSE U500,168,6.6741063594818115,6.786572774251302,0.11246641476949056,-0.027976668874422704,0.31741026341915124,1.6851157100562393,0.27362246558855857,-0.06806516533903821,0.7722356852743073,0.27362246558855857,0.4997152332405945,share,2,False,-0.08248143838335541,12,14.157508963865107
enc1_mlp,RMSE U500,168,6.6741063594818115,6.9938414096832275,0.319735050201416,0.21631415685017905,0.4343835095564524,4.790679575358771,0.7778917195013675,0.5262763382327768,1.0568229381140615,0.7778917195013675,1.4206594521046059,share,1,True,-0.08195337785685554,12,14.142463161590774
enc2_attn,RMSE U500,168,6.6741063594818115,6.677908539772034,0.003802180290222168,-0.0021929889917373657,0.010242700576782227,0.05696912942989682,0.009250423317531023,-0.005335379954607787,0.02491973263172599,0.009250423317531023,0.016893998216671067,share,17,False,-0.16390283630782437,12,16.704797770174036
enc2_mlp,RMSE U500,168,6.6741063594818115,6.687560439109802,0.013454079627990723,-0.0018701732158660888,0.023260548710823056,0.20158623347194185,0.03273278024893772,-0.004549993057498802,0.05659119393325533,0.03273278024893772,0.05977970003861775,share,8,False,-0.026607995873526913,12,12.656048024082263
downsample,RMSE U500,168,6.6741063594818115,6.699661294619243,0.025554935137430828,-0.0888059139251709,0.12446369926134739,0.382896731951616,0.062173266344366346,-0.21605821770751765,0.30281097106156996,0.062173266344366346,0.11354670102023878,share,7,False,0.24428049537437307,12,7.288255412843224
dec0_attn,RMSE U500,168,6.6741063594818115,6.680910706520081,0.006804347038269043,-0.0014497409264246622,0.016497119267781576,0.10195143247308608,0.01655447288105826,-0.0035271124056545223,0.04013627053383626,0.01655447288105826,0.030233344543325533,share,13,False,-0.1636783174635149,12,16.69709168272459
dec0_mlp,RMSE U500,168,6.6741063594818115,6.708851099014282,0.0347447395324707,0.01537257730960846,0.05254980723063147,0.5205901383802392,0.08453138047115823,0.037400343156016216,0.1278497927591933,0.08453138047115823,0.15437920427123214,share,4,True,0.24345717449391377,12,7.301026599302049
dec1_attn,RMSE U500,168,6.6741063594818115,6.663861910502116,-0.010244448979695639,-0.025662513573964436,0.0029758701721827132,-0.15349544085616032,-0.024923986366647572,-0.06243499672057527,0.007240071940169759,0.024923986366647572,-0.04551854188472559,share,9,False,-0.07687356150140498,12,13.998605390432143
dec1_mlp,RMSE U500,168,6.6741063594818115,6.6783192952473955,0.00421293576558431,-0.0075583209594090785,0.019652555386225377,0.06312359346205278,0.010249760996721263,-0.018388835643618515,0.04781321313492647,0.010249760996721263,0.018719083230682967,share,15,False,0.08865886043625719,12,10.045473446459162
dec2_attn,RMSE U500,168,6.6741063594818115,6.676565011342366,0.002458651860555013,-0.005854023496309916,0.013167044520378104,0.03683866765266694,0.005981718057677949,-0.014242406019225226,0.03203444507024091,0.005981718057677949,0.010924379428941899,share,18,False,-0.14683838018909634,12,16.1306606423756
dec2_mlp,RMSE U500,168,6.6741063594818115,6.683977643648784,0.009871284166971842,-0.0024571816126505532,0.023128093282381693,0.14790420822329037,0.024016103988271295,-0.005978141053312074,0.056268939676417884,0.024016103988271295,0.04386048119336583,share,10,False,0.09142221337929,12,9.989656895190517
upsample,RMSE U500,168,6.6741063594818115,6.6661869287490845,-0.00791943073272705,-0.0277582714955012,0.01684025923411051,-0.1186590429664943,-0.019267389003089462,-0.06753382067564638,0.040971104682513755,0.019267389003089462,-0.03518792862605766,share,11,False,0.1016896448982196,12,9.784719599699294
decoder_io,RMSE U500,168,6.6741063594818115,6.738936424255371,0.06483006477355957,-0.06687203149000803,0.16495614647865295,0.9713669708223391,0.15772675072789358,-0.16269470466107055,0.40132609904908856,0.15772675072789358,0.2880555142237057,share,3,False,0.33623873725590026,12,5.960862330100082
decoder_heads,RMSE U500,168,6.6741063594818115,6.6780416170756025,0.00393525759379069,-0.021190449595451355,0.035368037223815915,0.058963063844493936,0.00957419055053945,-0.05155479595505325,0.0860478176355427,0.00957419055053945,0.01748529256821657,share,16,False,-0.43317023287665,12,30.340754476956164
film,RMSE U500,168,6.6741063594818115,6.675715963045756,0.0016096035639444988,-0.00527338186899821,0.007739383975664759,0.02411713984236642,0.003916046374282585,-0.012829747902453096,0.018829348565065532,0.003916046374282585,0.007151854373858964,share,19,False,-0.49114804765994474,12,35.16499541690134
cond_embed,RMSE U500,168,6.6741063594818115,6.700806538263957,0.026700178782145183,0.007166480024655661,0.06168285012245174,0.40005623740491647,0.0649595593937948,0.017435515642216272,0.15006981034851405,0.0649595593937948,0.11863529298974995,share,6,True,-0.35548173034915787,12,25.23711356235352
encoder_io,RMSE MSLP,168,476.1066157023112,464.9146372477214,-11.191978454589844,-32.028171094258624,8.52207152048744,-2.350729455435188,-0.17574250333534708,-0.5029236777211157,0.13381817957298925,0.17574250333534708,-0.6136360213860318,share,3,False,0.2860836373065229,12,6.661305768778614
enc0_attn,RMSE MSLP,168,476.1066157023112,476.6560796101888,0.5494639078776041,-2.5957576751708986,3.9153838475545224,0.11540774476890699,0.00862797967800158,-0.040759991965441326,0.06148147636987492,0.00862797967800158,0.030126116458610578,share,13,False,0.33884343487680396,12,5.925919771349816
enc0_mlp,RMSE MSLP,168,476.1066157023112,475.8605016072591,-0.24611409505208334,-5.055712636311849,5.4635736465454094,-0.051693063472566365,-0.0038646167293887794,-0.07938753621217125,0.08579199054901229,0.0038646167293887794,-0.013493992568655164,share,16,False,-0.0037123533040403322,12,12.089428469370713
enc1_attn,RMSE MSLP,168,476.1066157023112,496.70502217610675,20.598406473795574,2.2496719360351562,50.03316612243652,4.326427273733761,0.3234473273078256,0.03532556637115007,0.7856478548298379,0.3234473273078256,1.129373528260193,share,2,True,0.09987080077373865,12,9.820744748489046
enc1_mlp,RMSE MSLP,168,476.1066157023112,513.235247294108,37.128631591796875,20.660623359680176,54.003088760375974,7.798385984834076,0.583013869069976,0.32442429052478083,0.8479857288053746,0.583013869069976,2.0356959997679795,share,1,True,0.4466502710283332,12,4.590049772665442
enc2_attn,RMSE MSLP,168,476.1066157023112,476.8137969970703,0.7071812947591146,0.2978967666625977,1.1247519175211587,0.14853422982076023,0.01110454345111169,0.004677736266309609,0.017661463379188055,0.01110454345111169,0.03877347672489858,share,11,True,-0.5616505410534672,12,42.75083751141889
enc2_mlp,RMSE MSLP,168,476.1066157023112,477.5269826253255,1.420366923014323,0.0032220204671224027,2.306791114807128,0.2983295917699276,0.022303370196615446,5.05939092884509e-05,0.03622248263189652,0.022303370196615446,0.0778761602413012,share,8,True,-0.4259939310734082,12,29.81140461612314
downsample,RMSE MSLP,168,476.1066157023112,474.08839416503906,-2.0182215372721353,-14.801452445983887,8.04131425221761,-0.4239011748019989,-0.03169120693759555,-0.23242041757054413,0.12626906873747348,0.03169120693759555,-0.11065545197680242,share,7,False,0.217668727577589,12,7.7097941800190775
dec0_attn,RMSE MSLP,168,476.1066157023112,477.4699249267578,1.3633092244466145,0.1817684809366862,2.886342112223307,0.28634536456410686,0.02140741933131241,0.0028542270695826877,0.04532290607442442,0.02140741933131241,0.07474778939243011,share,9,True,0.023240148395644224,12,11.454904537932773
dec0_mlp,RMSE MSLP,168,476.1066157023112,478.8494338989258,2.7428181966145835,-0.6627415974934896,4.938875325520833,0.5760932753619935,0.04306921586943443,-0.010406727271728047,0.0775528935201133,0.04306921586943443,0.1503837817759152,share,4,False,0.3588536014398529,12,5.661946787033861
dec1_attn,RMSE MSLP,168,476.1066157023112,475.8172200520833,-0.28939565022786456,-2.6866372426350913,1.244128163655597,-0.06078379100046177,-0.004544247134835043,-0.04218703212219224,0.019535973808203315,0.004544247134835043,-0.015867042286828493,share,15,False,-0.0035127864633005064,12,12.084604071155105
dec1_mlp,RMSE MSLP,168,476.1066157023112,476.5946960449219,0.48808034261067706,-1.4620010375976562,2.092709732055664,0.10251492554681334,0.007664101712418614,-0.022957131598204367,0.032860860888709056,0.007664101712418614,0.026760566129710544,share,14,False,-0.0353893636391939,12,12.880505247739114
dec2_attn,RMSE MSLP,168,476.1066157023112,476.31561279296875,0.2089970906575521,-0.8490253448486328,1.2699228922526042,0.04389711962923634,0.003281785436863471,-0.013331855498494452,0.019941016597991284,0.003281785436863471,0.01145893406717213,share,17,False,-0.17761810753560592,12,17.183521937819304
dec2_mlp,RMSE MSLP,168,476.1066157023112,476.30591583251953,0.19930013020833334,-1.358669598897298,1.415484110514323,0.041860399254134095,0.0031295185154246907,-0.021334565419746744,0.02222669763192558,0.0031295185154246907,0.010927267190422914,share,18,False,-0.3111191484483844,12,22.839116148958247
upsample,RMSE MSLP,168,476.1066157023112,475.15771230061847,-0.9489034016927084,-2.988892046610514,1.3730724970499648,-0.19930481333324226,-0.01490019480590703,-0.04693320064916892,0.021560727522086716,0.01490019480590703,-0.05202666449519395,share,10,False,0.13566730385239267,12,9.132949692737986
decoder_io,RMSE MSLP,168,476.1066157023112,473.4202880859375,-2.6863276163736978,-17.18507563273112,7.917941474914547,-0.5642281639819392,-0.042182170203051095,-0.26984935898128665,0.12433180261293204,0.042182170203051095,-0.14728650500349705,share,5,False,0.024836326109691165,12,11.418373635431822
decoder_heads,RMSE MSLP,168,476.1066157023112,476.0324935913086,-0.07412211100260417,-3.8741154352823894,4.26423397064208,-0.015568385012517765,-0.0011639055054431405,-0.06083345742391229,0.06695930981719621,0.0011639055054431405,-0.00406398184886773,share,19,False,-0.3309296029859185,12,23.870664891328154
film,RMSE MSLP,168,476.1066157023112,476.7544403076172,0.6478246053059896,-0.4388542175292969,1.4710051218668618,0.1360671294916528,0.010172492586600508,-0.006891126452825184,0.0230985186028464,0.010172492586600508,0.035519056346370724,share,12,False,-0.01806734538855059,12,12.441594733904429
cond_embed,RMSE MSLP,168,476.1066157023112,478.342280069987,2.2356643676757812,0.21410350799560549,6.872737693786621,0.46957221217729206,0.03510561195119602,0.003361969165746231,0.1079194471266988,0.03510561195119602,0.12257745074307871,share,6,True,-0.1857684368613376,12,17.475644382398915
encoder_io,RMSE T2M,168,2.2435035010178885,2.2281715174516044,-0.01533198356628418,-0.05437012513478597,0.029890498518943782,-0.6833946797643946,-0.06538572900208481,-0.23187021121586968,0.1274728757337523,0.06538572900208481,-0.24988686531848445,share,4,False,0.038267229448077526,12,11.115436295488138
enc0_attn,RMSE T2M,168,2.2435035010178885,2.23150435090065,-0.011999150117238363,-0.024378483494122822,-0.0032974054416020776,-0.5348398213684218,-0.05117232055651289,-0.10396599424576812,-0.014062319965481563,0.05117232055651289,-0.19556699864173618,share,5,True,0.36189492118694067,12,5.622504957345117
enc0_mlp,RMSE T2M,168,2.2435035010178885,2.2347726424535117,-0.008730858564376831,-0.014179317901531855,-0.0016931558648745273,-0.3891617980723274,-0.037234161488488356,-0.06046999944500119,-0.007220737620827448,0.037234161488488356,-0.14229906187669672,share,6,True,-0.21621292199534942,12,18.620560957828904
enc1_attn,RMSE T2M,168,2.2435035010178885,2.26601180434227,0.02250830332438151,-0.05197811499238014,0.09943245872855186,1.003265798968862,0.0959903077838621,-0.221669096254755,0.4240458367522078,0.0959903077838621,0.366849425389155,share,2,False,0.32765627004082076,12,6.076968068897897
enc1_mlp,RMSE T2M,168,2.2435035010178885,2.324039469162623,0.0805359681447347,0.05247461746136347,0.12467316289742782,3.589741139614675,0.3434586898209407,0.22378651150930826,0.5316889108184487,0.3434586898209407,1.3126077612901126,share,1,True,-0.018086364645242072,12,12.4420681573782
enc2_attn,RMSE T2M,168,2.2435035010178885,2.2457415660222373,0.002238065004348755,1.4262398084004728e-05,0.004431418826182682,0.09975758911601136,0.009544590967681519,6.0824308349203314e-05,0.01889850385051913,0.009544590967681519,0.036476888061996025,share,13,True,-0.393125352662307,12,27.546881889507073
enc2_mlp,RMSE T2M,168,2.2435035010178885,2.2400574485460916,-0.0034460524717966714,-0.008886356900135676,0.0003023085494836152,-0.15360138596766978,-0.014696249319191664,-0.03789730934527067,0.0012892438089365632,0.014696249319191664,-0.05616515607243015,share,10,False,-0.213734611892562,12,18.52404488739947
downsample,RMSE T2M,168,2.2435035010178885,2.2239089409510293,-0.01959456006685893,-0.0545528252919515,0.007375538349151611,-0.8733911071664823,-0.08356417738825037,-0.23264936564904642,0.03145417875366203,0.08356417738825037,-0.31936006004921746,share,3,False,0.13744491864003452,12,9.099922824126875
dec0_attn,RMSE T2M,168,2.2435035010178885,2.246847669283549,0.003344168265660604,-0.0006237422426541646,0.007000388950109482,0.14906008678583915,0.014261747608228771,-0.0026600498930238613,0.029854293335378312,0.014261747608228771,0.05450460609944486,share,11,False,-0.18769269495543925,12,17.54546863109083
dec0_mlp,RMSE T2M,168,2.2435035010178885,2.2508497734864554,0.0073462724685668945,0.0006108574569225311,0.013742214192946746,0.3274464454917879,0.03132936966234995,0.002605100635841563,0.058605899831810776,0.03132936966234995,0.11973251804042798,share,8,True,0.10263796145712471,12,9.765983794249427
dec1_attn,RMSE T2M,168,2.2435035010178885,2.2409030397733054,-0.00260046124458313,-0.0062399643162886305,0.0004522350927193953,-0.11591072817150888,-0.011090088473134562,-0.02661133923106668,0.001928629853400601,0.011090088473134562,-0.04238336846512626,share,12,False,-0.01998046843003717,12,12.489307842214833
dec1_mlp,RMSE T2M,168,2.2435035010178885,2.245439330736796,0.001935829718907674,-0.0007931234935919443,0.004157006740570068,0.08628601283792865,0.008255659605129341,-0.003382403691798244,0.01772822903335718,0.008255659605129341,0.03155093521701701,share,14,False,-0.6959915933094941,12,66.94518530348758
dec2_attn,RMSE T2M,168,2.2435035010178885,2.2438248892625174,0.00032138824462890625,-0.0028911270201206207,0.0031570079425970706,0.014325283846585967,0.0013706122614149366,-0.012329679785459539,0.013463572074654238,0.0013706122614149366,0.005238115515407608,share,19,False,0.06952863888369608,12,10.439791818056998
dec2_mlp,RMSE T2M,168,2.2435035010178885,2.2438283363978067,0.0003248353799184163,-0.005449992914994557,0.005637954672177629,0.014478933497141274,0.0013853131285857755,-0.023242378147779404,0.02404397152705711,0.0013853131285857755,0.005294298319680804,share,18,False,-0.35826383083113567,12,25.398546557042696
upsample,RMSE T2M,168,2.2435035010178885,2.2353614072004953,-0.008142093817392984,-0.016380681097507475,-0.0008955846230189047,-0.3629187034341099,-0.03472327879507592,-0.069858069602065,-0.00381936578564573,0.03472327879507592,-0.13270313605289408,share,7,True,0.16083977582890538,12,8.674687842137939
decoder_io,RMSE T2M,168,2.2435035010178885,2.2420235176881156,-0.0014799833297729492,-0.0505061149597168,0.04055292208989452,-0.06596750703092166,-0.006311628792828797,-0.21539151352642236,0.172944509270377,0.006311628792828797,-0.024121366514757214,share,15,False,0.3664174028330498,12,5.564179108257701
decoder_heads,RMSE T2M,168,2.2435035010178885,2.2503107488155365,0.006807247797648112,-0.0069638321797053015,0.0242889771858851,0.3034204223242634,0.02903061158543432,-0.029698391062687676,0.10358428008666358,0.02903061158543432,0.11094727608116683,share,9,False,-0.1936990466519989,12,17.765560738015836
film,RMSE T2M,168,2.2435035010178885,2.2441861232121787,0.0006826221942901611,-0.0022600921491781867,0.0028334781527519187,0.03042661595938906,0.00291115299032911,-0.009638529297075121,0.01208382684655239,0.00291115299032911,0.011125652436981756,share,16,False,-0.19137803600269906,12,17.680123801435734
cond_embed,RMSE T2M,168,2.2435035010178885,2.244146148363749,0.0006426473458607992,-0.006473751366138458,0.009583204984664917,0.02864481136620589,0.0027406737698811097,-0.027608361998511667,0.040869130950326925,0.0027406737698811097,0.010474126199531206,share,17,False,0.20700013772246298,12,7.884007673177704
encoder_io,SpecDiv> Z500,168,0.00469208529102616,0.004638377848702173,-5.3707442323987685e-05,-0.00040215299571476256,0.0003545618817346014,-1.144639088865366,-0.013300067248886362,-0.09958884012911828,0.08780341544686984,0.013300067248886362,-0.056378074264024566,colmax,11,False,0.02387616574372335,12,11.44033468399655
enc0_attn,SpecDiv> Z500,168,0.00469208529102616,0.004792648716829717,0.00010056342580355704,9.717896561293553e-06,0.0002443509913670519,2.1432565600606077,0.0249034448130539,0.0024065319849572997,0.060510880371272585,0.0249034448130539,0.10556399714580017,colmax,7,True,-0.3363557894890919,12,24.163955956947984
enc0_mlp,SpecDiv> Z500,168,0.00469208529102616,0.004573060180215786,-0.00011902511081037422,-0.00035270423783610266,3.67821623513009e-05,-2.536720955137271,-0.02947528144301678,-0.08734339002570989,0.009108704709500965,0.02947528144301678,-0.12494369953554688,colmax,6,False,0.08045441717768571,12,10.212876007015378
enc1_attn,SpecDiv> Z500,168,0.00469208529102616,0.005644715245580301,0.0009526299545541406,8.584166110570854e-05,0.0023011225338753606,20.30291214816771,0.23590850561160923,0.021257759000601523,0.5698481090171137,0.23590850561160923,1.0,colmax,1,True,0.47041029541539847,12,4.321974944564623
enc1_mlp,SpecDiv> Z500,168,0.00469208529102616,0.005560262963020553,0.0008681776719943931,2.8986242493071284e-05,0.0019446624845537975,18.503024095807145,0.2149948111818724,0.0071781294689989145,0.4815746328958972,0.2149948111818724,0.911348281506355,colmax,2,True,0.05714717757350231,12,10.702609919545763
enc2_attn,SpecDiv> Z500,168,0.00469208529102616,0.004702444886788726,1.0359595762565732e-05,-2.752738873823546e-05,5.9201854552763084e-05,0.2207887350722068,0.002565441852215394,-0.006816860114026469,0.014660699015615978,0.002565441852215394,0.010874732327112613,colmax,17,False,0.41428409388407966,12,4.969716412554898
enc2_mlp,SpecDiv> Z500,168,0.00469208529102616,0.00474601358291693,5.39282918907702e-05,-2.1428878729542095e-05,0.00010416224055613081,1.1493459420678191,0.013354758255625718,-0.005306630065380094,0.02579465236557102,0.013354758255625718,0.05660990569628924,colmax,10,False,-0.08689858761531383,12,14.28404651934641
downsample,SpecDiv> Z500,168,0.00469208529102616,0.004452271163851644,-0.00023981412717451653,-0.00041319809194343787,-0.00014222155587049204,-5.111035121914187,-0.05938737501989534,-0.10232403875812081,-0.035219630194044,0.05938737501989534,-0.2517390157931332,colmax,3,True,-0.5313792500528707,12,39.214121446196586
dec0_attn,SpecDiv> Z500,168,0.00469208529102616,0.004738202299146603,4.611700812044243e-05,-1.4785501116421074e-05,9.358414342083657e-05,0.9828680695264306,0.011420378308452314,-0.003661469447206472,0.023175101011478173,0.011420378308452314,0.04841020156879969,colmax,12,False,0.04582354549627989,12,10.948421943025924
dec0_mlp,SpecDiv> Z500,168,0.00469208529102616,0.004751938094462578,5.985280343641838e-05,-0.00012080490851076319,0.00020841166697209694,1.2756120088202523,0.014821899466681512,-0.029916029095116647,0.051610895366420606,0.014821899466681512,0.06282901681842587,colmax,9,False,0.3554739369955646,12,5.705984117405079
dec1_attn,SpecDiv> Z500,168,0.00469208529102616,0.004676975368056446,-1.5109922969713807e-05,-0.00010557514542597346,8.54635383196484e-05,-0.3220300150684018,-0.0037418090105722467,-0.026144542976109242,0.021164120982008146,0.0037418090105722467,-0.015861272152402246,colmax,15,False,0.17182901345928447,12,8.480803704587474
dec1_mlp,SpecDiv> Z500,168,0.00469208529102616,0.004682377601663272,-9.707689362888535e-06,-5.436199280666188e-05,3.527497853307664e-05,-0.20689498934418266,-0.002404004282662513,-0.013462159596997855,0.008735466937017003,0.002404004282662513,-0.010190409525209635,colmax,18,False,-0.17794210991855433,12,17.195024206412267
dec2_attn,SpecDiv> Z500,168,0.00469208529102616,0.004707083969454591,1.4998678428431353e-05,-4.5235957077238706e-05,6.758809079959368e-05,0.3196591173889582,0.0037142605030264435,-0.011202195546115162,0.016737459725520026,0.0037142605030264435,0.01574449591546928,colmax,16,False,0.311717683342916,12,6.296620000453098
dec2_mlp,SpecDiv> Z500,168,0.00469208529102616,0.004734626524926473,4.254123390031358e-05,-2.135658481468757e-06,9.28927135343353e-05,0.9066594331027134,0.010534876494613253,-0.0005288727259220565,0.02300387587785736,0.010534876494613253,0.044656620020125395,colmax,13,False,-0.29086915452067563,12,21.84424771958358
upsample,SpecDiv> Z500,168,0.00469208529102616,0.004689077575070162,-3.0077159559975066e-06,-6.870708117882411e-05,9.382556697043267e-05,-0.06410190287354556,-0.0007448283282417391,-0.017014565591125068,0.023234886942554968,0.0007448283282417391,-0.003157276276710413,colmax,19,False,-0.005804366635169786,12,12.140118096045745
decoder_io,SpecDiv> Z500,168,0.00469208529102616,0.004833121648213516,0.00014103635718735555,-0.0003717503716567687,0.0006464530454347062,3.005835325651356,0.0349261285580153,-0.09205995908364485,0.16008710535241527,0.0349261285580153,0.1480494671757039,colmax,5,False,-0.00800528208013045,12,12.193677210626689
decoder_heads,SpecDiv> Z500,168,0.00469208529102616,0.004619773069862276,-7.23122211638838e-05,-0.0002688773723396783,0.00011309890469419757,-1.541153169192905,-0.017907339519060334,-0.06658457336785835,0.028007720589896284,0.017907339519060334,-0.07590798590595244,colmax,8,False,-0.39499059802021785,12,27.668805016028518
film,SpecDiv> Z500,168,0.00469208529102616,0.00472417531030563,3.209001927947005e-05,-1.5404778241645545e-05,9.581401973264292e-05,0.6839180724366576,0.007946746222997618,-0.0038148267298247097,0.023727305764123355,0.007946746222997618,0.03368571303690439,colmax,14,False,0.25065072717295644,12,7.190010031218704
cond_embed,SpecDiv> Z500,168,0.00469208529102616,0.004876316719067593,0.0001842314280414333,-6.550042113910118e-06,0.00046337942985701363,3.9264296493881905,0.045622920703022256,-0.0016220470912116625,0.1147509043843686,0.045622920703022256,0.193392436549677,colmax,4,False,0.1761880167412521,12,8.404900966849185
encoder_io,SpecDiv< Z500,168,0.004698365305860837,0.004564697475871071,-0.0001336678299897661,-0.0004958344143233262,0.00028964811887514415,-2.8449858895183415,-0.033635561027246054,-0.12476950290625594,0.07288572710126166,0.033635561027246054,-0.1414642058533396,colmax,5,False,0.02371959797812158,12,11.443919650850443
enc0_attn,SpecDiv< Z500,168,0.004698365305860837,0.0047876488145751255,8.928350871428847e-05,-4.674346807102363e-06,0.00024226409829376875,1.9003100632237855,0.022466893539874397,-0.0011762312390710742,0.060962229008241386,0.022466893539874397,0.09449110273604021,colmax,9,False,-0.3318337224652522,12,23.919202759752995
enc0_mlp,SpecDiv< Z500,168,0.004698365305860837,0.0046006257374150055,-9.773956844583154e-05,-0.0003242114131959776,4.776968950560937e-05,-2.080288825645575,-0.024594737712792674,-0.08158307631026783,0.012020546056156793,0.024594737712792674,-0.10344037478349342,colmax,8,False,-0.08575620485329596,12,14.251203592963781
enc1_attn,SpecDiv< Z500,168,0.004698365305860837,0.005643253301968798,0.0009448879961079607,0.00012500423084323606,0.002122725520166567,20.11099466721517,0.23776729119815018,0.0314554925857144,0.5341529355501744,0.23776729119815018,1.0,colmax,1,True,0.5032469056564878,12,3.965441145890058
enc1_mlp,SpecDiv< Z500,168,0.004698365305860837,0.005545407009776682,0.0008470417039158443,2.0411900671509408e-05,0.0018598912429297339,18.028434333516536,0.2131456980102481,0.005136357272884616,0.46801452084913175,0.2131456980102481,0.8964466766482906,colmax,2,True,0.03869363183933512,12,11.105946993725588
enc2_attn,SpecDiv< Z500,168,0.004698365305860837,0.004712033667601645,1.3668361740807692e-05,-2.5867669804332154e-05,6.348766328301281e-05,0.29091739043274256,0.0034394439971877394,-0.006509222049934371,0.015975745046482165,0.0034394439971877394,0.01446558935779514,colmax,17,False,0.41734760222050643,12,4.933037430197138
enc2_mlp,SpecDiv< Z500,168,0.004698365305860837,0.004761023505125195,6.265819926435749e-05,-9.55150705218936e-06,0.0001220717085137342,1.3336170175230175,0.01576702251674916,-0.002403497523530407,0.030717566086980383,0.01576702251674916,0.06631283233827676,colmax,11,False,-0.05458104973663754,12,13.38557111988753
downsample,SpecDiv< Z500,168,0.004698365305860837,0.0044723175912319375,-0.00022604771462890008,-0.0003760714765424685,-0.00012738123696181002,-4.811199213201314,-0.0568816124347346,-0.0946329053207432,-0.03205363152736964,0.0568816124347346,-0.2392322852655569,colmax,3,True,-0.48850183835239647,12,34.92098975036941
dec0_attn,SpecDiv< Z500,168,0.004698365305860837,0.004748597488893817,5.023218303297957e-05,-1.0766537161543966e-05,9.803628248240176e-05,1.0691417070170963,0.012640196658140833,-0.0027092421398398608,0.02466940147508658,0.012640196658140833,0.05316205014762423,colmax,13,False,-0.0006403985870692396,12,12.015379415045327
dec0_mlp,SpecDiv< Z500,168,0.004698365305860837,0.004817649353450785,0.00011928404758994778,-6.132729516442245e-05,0.0002816687255593325,2.538841486870985,0.030016091849443455,-0.015432119899730505,0.07087782908380354,0.030016091849443455,0.1262414678578673,colmax,6,False,0.3199008285914886,12,6.183184281815492
dec1_attn,SpecDiv< Z500,168,0.004698365305860837,0.004685407533543184,-1.2957772317652902e-05,-9.420044589205644e-05,8.835808669876611e-05,-0.2757932062347113,-0.0032606345266541904,-0.023704169109640225,0.02223402457894758,0.0032606345266541904,-0.013713553745022259,colmax,18,False,0.1325244525340811,12,9.191595418799812
dec1_mlp,SpecDiv< Z500,168,0.004698365305860837,0.004695070868668457,-3.2944371923804283e-06,-4.959099314874038e-05,4.484522893714407e-05,-0.07011879617514798,-0.0008289970985780568,-0.01247885056998311,0.011284648182076543,0.0008289970985780568,-0.0034865901630144252,colmax,19,False,-0.12012840775374574,12,15.27670743264887
dec2_attn,SpecDiv< Z500,168,0.004698365305860837,0.004719381550482164,2.1016244621326525e-05,-3.7687521641297886e-05,7.363665936281898e-05,0.4473097184484661,0.0052884316187244255,-0.009483515474355983,0.018529591974600454,0.0052884316187244255,0.022242048483940374,colmax,15,False,0.33833697769224347,12,5.9327033475413
dec2_mlp,SpecDiv< Z500,168,0.004698365305860837,0.004755885573104024,5.752026724318663e-05,1.0749705446263154e-05,0.0001097521395422518,1.2242612802251598,0.01447413681594018,0.002705006684034494,0.027617526129711772,0.01447413681594018,0.06087522275668163,colmax,12,True,-0.24565861667664693,12,19.815833693578828
upsample,SpecDiv< Z500,168,0.004698365305860837,0.004684374240847926,-1.3991065012911955e-05,-7.787497064176326e-05,7.966796304875364e-05,-0.29778580638374824,-0.0035206475717754764,-0.01959610122881899,0.020047281632745134,0.0035206475717754764,-0.014807114780314521,colmax,16,False,0.05570326547590424,12,10.733660854199362
decoder_io,SpecDiv< Z500,168,0.004698365305860837,0.004805953261287262,0.00010758795542642474,-0.0004268888597531865,0.0006384823374294984,2.2899018791113863,0.02707294074287882,-0.10742035907352665,0.16066477346922464,0.02707294074287882,0.11386318364672292,colmax,7,False,0.0011395908476396282,12,11.972680952193494
decoder_heads,SpecDiv< Z500,168,0.004698365305860837,0.004634943179553375,-6.342212630746265e-05,-0.00021694156263644496,8.307196549139917e-05,-1.3498764395426766,-0.01595925362187516,-0.054590182020333076,0.02090384922949047,0.01595925362187516,-0.0671213165673619,colmax,10,False,-0.45620379902587066,12,32.13418107189348
film,SpecDiv< Z500,168,0.004698365305860837,0.004731392041624834,3.302673576399684e-05,-1.4844836065700899e-05,9.97873023152351e-05,0.7029409936004468,0.008310696645600489,-0.0037354866123402654,0.025110020092533228,0.008310696645600489,0.0349530694643551,colmax,14,False,0.1987118169309823,12,8.021492790023808
cond_embed,SpecDiv< Z500,168,0.004698365305860837,0.004902777882913749,0.00020441257705291113,1.4757132157683375e-05,0.00048457959734757116,4.350716978050275,0.0514374454251725,0.0037134172022909116,0.12193739226850954,0.0514374454251725,0.21633524597084142,colmax,4,True,0.10421070049994201,12,9.73498227207341
encoder_io,SpecRes Z500,168,0.0006775202224768387,0.0006214100309686424,-5.6110191508196294e-05,-9.63999837646649e-05,-1.986745640654896e-05,-8.28169988831801,-0.34969185586506196,-0.6007872780670028,-0.12381864177222539,0.34969185586506196,-1.0,colmax,1,True,-0.10085928752584492,12,14.692151369677699
enc0_attn,SpecRes Z500,168,0.0006775202224768387,0.0006894256439409219,1.1905421464083096e-05,1.4999098614983572e-06,2.2638652202052374e-05,1.7572053304268844,0.07419737510649589,0.009347789572613584,0.14108938305197116,0.07419737510649589,0.21217930547152047,colmax,6,True,-0.11253965457117797,12,15.043461855642876
enc0_mlp,SpecRes Z500,168,0.0006775202224768387,0.0006813895258043582,3.869303327519447e-06,-1.0639766211776683e-05,1.929597074195044e-05,0.5710978357773993,0.024114404623044036,-0.06630951512655371,0.12025700925445824,0.024114404623044036,0.06895901125117775,colmax,13,False,-0.2416931846148079,12,19.64945838948959
enc1_attn,SpecRes Z500,168,0.0006775202224768387,0.0007028932038034933,2.5372981326654553e-05,-5.6970491035220526e-05,8.24190635588214e-05,3.7449777120891676,0.15813036260357996,-0.3550534440207715,0.5136549086690372,0.15813036260357996,0.45219915749081335,colmax,4,False,0.43484106460846134,12,4.72659125249465
enc1_mlp,SpecRes Z500,168,0.0006775202224768387,0.0006917659629834816,1.4245740506642809e-05,-4.00241877893374e-05,6.305280961290304e-05,2.1026295649986753,0.08878279153997046,-0.24944011295168475,0.392959878025397,0.08878279153997046,0.25388864524837457,colmax,5,False,0.18461110897566851,12,8.259813383611407
enc2_attn,SpecRes Z500,168,0.0006775202224768387,0.0006800359284776883,2.5157060008496046e-06,-2.3942745125774915e-07,5.483985842147376e-06,0.3713108358083887,0.01567846903747363,-0.0014921679560322605,0.03417748425253747,0.01567846903747363,0.0448350991723513,colmax,15,False,0.2983546830759965,12,6.484933518428424
enc2_mlp,SpecRes Z500,168,0.0006775202224768387,0.000683321435644757,5.801213167918225e-06,-3.946777724195272e-06,1.5564572640869295e-05,0.8562420685703652,0.03615451924917822,-0.02459724320953572,0.0970020623033713,0.03615451924917822,0.10338965189721039,colmax,12,False,-0.026056376142932904,12,12.642083393855827
downsample,SpecRes Z500,168,0.0006775202224768387,0.0006699759323964827,-7.5442900803561015e-06,-3.851801338896621e-05,2.0725245121866465e-05,-1.1135151143940956,-0.04701778283894702,-0.2400532813055067,0.1291645819612848,0.04701778283894702,-0.1344548980777239,colmax,10,False,0.027876740085625913,12,11.349103121061686
dec0_attn,SpecRes Z500,168,0.0006775202224768387,0.0006782656904154768,7.454679386379818e-07,-2.4701184884179384e-06,3.6729884110779175e-06,0.11002888384832908,0.004645930800505975,-0.015394356982283579,0.022890924082001773,0.004645930800505975,0.013285784963487205,colmax,19,False,-0.21096123092067304,12,18.416756362940045
dec0_mlp,SpecRes Z500,168,0.0006775202224768387,0.0007033194706309587,2.5799248154119898e-05,1.0273426596540958e-05,4.295931836774493e-05,3.8078934470479,0.16078695731451217,0.06402640083866253,0.2677325341960445,0.16078695731451217,0.4597961165459803,colmax,3,True,0.36676784521467026,12,5.559675612818107
dec1_attn,SpecRes Z500,168,0.0006775202224768387,0.0006761737943937381,-1.3464280831006665e-06,-7.848243997917355e-06,7.0017595741470844e-06,-0.19872884062094465,-0.008391255180434248,-0.04891209484666712,0.043636605650273025,0.008391255180434248,-0.023996141287523268,colmax,18,False,0.12497679823567003,12,9.333773316605122
dec1_mlp,SpecRes Z500,168,0.0006775202224768387,0.0006812221957564665,3.7019732796276608e-06,4.5389770093606784e-07,7.956404442666096e-06,0.546400410912342,0.023071564571772406,0.0028287967862314777,0.04958617607217591,0.023071564571772406,0.0659768427111302,colmax,14,True,-0.055477807298646764,12,13.409672938821585
dec2_attn,SpecRes Z500,168,0.0006775202224768387,0.0006791948156508928,1.674593174053977e-06,-3.0238616697412603e-06,6.581483224484447e-06,0.24716504666563271,0.010436456891585545,-0.01884541418855403,0.04101734500012441,0.010436456891585545,0.02984472390919145,colmax,17,False,0.46705014474358664,12,4.3593590075919035
dec2_mlp,SpecRes Z500,168,0.0006775202224768387,0.0006840532829907412,6.5330605139024556e-06,2.7859558031195777e-06,1.1468460676648337e-05,0.964260592845373,0.04071556332598844,0.01736272910436626,0.071474133132246,0.04071556332598844,0.11643268964690913,colmax,11,True,-0.055274131850846,12,13.404194813696858
upsample,SpecRes Z500,168,0.0006775202224768387,0.0006690098792508555,-8.510343225983282e-06,-1.3361332094063982e-05,-2.4690799061015003e-06,-1.256101728575963,-0.05303845231588692,-0.08327095116259112,-0.015387884294026032,0.05303845231588692,-0.1516719689816089,colmax,9,True,-0.46871236483286915,12,33.17327039325911
decoder_io,SpecRes Z500,168,0.0006775202224768387,0.0006399216945283115,-3.7598527948527284e-05,-6.713297358752849e-05,-1.7990193252141278e-06,-5.549432577979265,-0.23432283267460113,-0.41838841558995193,-0.011211909809278475,0.23432283267460113,-0.6700837572980851,colmax,2,True,0.08620817650900835,12,10.095212058828539
decoder_heads,SpecRes Z500,168,0.0006775202224768387,0.000668313735028884,-9.206487447954714e-06,-2.7886932184628676e-05,8.776379218033975e-06,-1.3588505763412015,-0.057376986161300186,-0.17379789317955596,0.05469645093051507,0.057376986161300186,-0.1640787030037115,colmax,7,False,-0.10557614503189448,12,14.832915811325071
film,SpecRes Z500,168,0.0006775202224768387,0.0006793506254325621,1.8304029557233055e-06,-2.1432598562872347e-06,6.8851465281719966e-06,0.2701621139855908,0.011407499945429313,-0.013357297428519536,0.042909845834114675,0.011407499945429313,0.032621577409086715,colmax,16,False,0.6616888444968629,12,2.4431372211967144
cond_embed,SpecRes Z500,168,0.0006775202224768387,0.0006861611885445503,8.640966067711512e-06,-5.030831319648617e-06,2.734193779663958e-05,1.2753812773473203,0.053852524460617356,-0.031353319128397956,0.17040136050252686,0.053852524460617356,0.1539999389674028,colmax,8,False,0.588111091050797,12,3.112292921599111
encoder_io,|RQE| Z500,168,0.01216565592524906,0.011881231524360677,-0.0002844244008883834,-0.0009742266624622668,0.0002546591111846889,-2.3379290244275137,-0.060424673261899105,-0.2069700334375117,0.054101172538072964,0.060424673261899105,-0.1370568544386978,colmax,5,False,0.13182106428777937,12,9.20476527365434
enc0_attn,|RQE| Z500,168,0.01216565592524906,0.012276505081293484,0.00011084915604442358,-3.763676601617286e-05,0.0003381076608396445,0.911164648462259,0.023549400172491065,-0.007995760145959674,0.07182943822600465,0.023549400172491065,0.05341537715181865,colmax,8,False,-0.16025084423754554,12,16.579963237008652
enc0_mlp,|RQE| Z500,168,0.01216565592524906,0.012163269682787359,-2.3862424617012343e-06,-0.00020981700217816978,0.00027618163342898046,-0.01961458121422567,-0.0005069463823132057,-0.04457466997137969,0.058673534720506196,0.0005069463823132057,-0.0011498692964010866,colmax,19,False,0.051240903997796905,12,10.830161867493596
enc1_attn,|RQE| Z500,168,0.01216565592524906,0.011067366305117806,-0.0010982896201312542,-0.0016118903401851033,-0.00044397013358927074,-9.027787953889296,-0.23332664580142493,-0.3424387880768293,-0.09431944016189032,0.23332664580142493,-0.5292377170443043,colmax,2,True,0.05356183125272992,12,10.77986852604842
enc1_mlp,|RQE| Z500,168,0.01216565592524906,0.011859760658505062,-0.00030589526674399775,-0.0011033441580366342,0.0006638039087799063,-2.5144165561113,-0.06498606127897255,-0.23440045944212703,0.1410221281040431,0.06498606127897255,-0.14740311631726483,colmax,4,False,0.5255388457415273,12,3.7321460984064183
enc2_attn,|RQE| Z500,168,0.01216565592524906,0.0122462388050432,8.058287979414065e-05,4.7750771045684814e-05,0.00011335387437914805,0.662380066387509,0.017119467130299618,0.010144434617519137,0.024081516216389164,0.017119467130299618,0.03883083164348752,colmax,11,True,-0.20610699590115414,12,18.230774016257502
enc2_mlp,|RQE| Z500,168,0.01216565592524906,0.01210276964896669,-6.288627628237009e-05,-0.00022795208690998454,7.85111604879299e-05,-0.5169164463368847,-0.013359904020720483,-0.04842738642634654,0.016679339765076552,0.013359904020720483,-0.030303290391765235,colmax,13,False,0.1343935616946107,12,9.15667860821395
downsample,|RQE| Z500,168,0.01216565592524906,0.01210615326029559,-5.950266495347023e-05,-0.0004626195732271299,0.0004952507384587071,-0.48910363172425547,-0.01264107114859195,-0.0982814289825238,0.10521377195701725,0.01264107114859195,-0.02867281451158875,colmax,16,False,-0.09374835135788741,12,14.482710443573303
dec0_attn,|RQE| Z500,168,0.01216565592524906,0.012226696747044722,6.104082179566224e-05,1.3715123835330208e-05,0.00015063534083310516,0.5017470670773766,0.012967845589619885,0.0029137158201188633,0.03200179458269166,0.012967845589619885,0.02941401300850297,colmax,15,True,0.08808895659349927,12,10.057020112709587
dec0_mlp,|RQE| Z500,168,0.01216565592524906,0.012003405950963497,-0.00016224997428556284,-0.0003978574260448416,8.875786831291978e-05,-1.333672226820283,-0.03446927075291269,-0.08452300470174468,0.01885620634333519,0.03446927075291269,-0.07818411865817904,colmax,6,False,0.04397442566535663,12,10.989068898602637
dec1_attn,|RQE| Z500,168,0.01216565592524906,0.012263432300339142,9.777637509008248e-05,-9.331145944694678e-06,0.0001895144116133451,0.8037082068641584,0.020772147182511396,-0.001982359611574026,0.04026147673824682,0.020772147182511396,0.04711593789565149,colmax,9,False,-0.4611864582590635,12,32.542310355553916
dec1_mlp,|RQE| Z500,168,0.01216565592524906,0.012104383165327212,-6.127275992184877e-05,-0.0001526678679510951,2.841492338726918e-05,-0.5036535662222781,-0.013017119792002043,-0.03243359574537984,0.0060366215278112615,0.013017119792002043,-0.02952577806769002,colmax,14,False,-0.3271468446125306,12,23.669001189686554
dec2_attn,|RQE| Z500,168,0.01216565592524906,0.012199061107821763,3.3405182572702565e-05,-3.1021079242539905e-05,9.494492745337386e-05,0.2745859555617728,0.007096779446155033,-0.006590287512629902,0.02017061898109159,0.007096779446155033,0.016097104295779898,colmax,17,False,-0.17090594873519876,12,16.94725871375807
dec2_mlp,|RQE| Z500,168,0.01216565592524906,0.01201853466530641,-0.0001471212599426508,-0.0002021209802478552,-7.678375210768234e-05,-1.209316298657681,-0.03125524404427665,-0.04293968503653171,-0.016312359693604814,0.03125524404427665,-0.07089397761168409,colmax,7,True,-0.12078915088607495,12,15.297206380229921
upsample,|RQE| Z500,168,0.01216565592524906,0.012243629122773806,7.797319752474625e-05,-9.325410549839338e-06,0.00016758115768122174,0.6409288410246565,0.01656505197480313,-0.0019811411529640074,0.0356018564726181,0.01656505197480313,0.0375732924105298,colmax,12,False,-0.5347805074458604,12,39.58855203644979
decoder_io,|RQE| Z500,168,0.01216565592524906,0.014240885231023034,0.0020752293057739735,0.0010505437433797247,0.003283322264906018,17.058096320700344,0.44087304870203037,0.22318325095448896,0.6975269155909034,0.44087304870203037,1.0,colmax,1,True,0.410925439155561,12,5.010112181664257
decoder_heads,|RQE| Z500,168,0.01216565592524906,0.01319220254663378,0.00102654662138472,0.0007061849532571311,0.0013146479449157292,8.438070480475998,0.2180851712846539,0.15002578867970268,0.2792909900762473,0.2180851712846539,0.4946665983024277,colmax,3,True,0.20085809051838519,12,7.985708710710108
film,|RQE| Z500,168,0.01216565592524906,0.012256661158365508,9.100523311644793e-05,4.747691564261913e-05,0.00014568488792671513,0.7480503614077416,0.01933364879739092,0.01008625527988297,0.030950093327691306,0.01933364879739092,0.0438530975170991,colmax,10,True,-0.2911077938524152,12,21.85564094494138
cond_embed,|RQE| Z500,168,0.01216565592524906,0.012194762045207122,2.9106119958062966e-05,-0.00019600350448551276,0.00020708734615861125,0.23924825867921373,0.006183463102653321,-0.04164005507168848,0.043994766937097037,0.006183463102653321,0.014025495822114754,colmax,18,False,-0.11952699709347583,12,15.258075966865245
encoder_io,SpecDiv> T850,168,0.004105089901713654,0.004092602641321719,-1.2487260391935706e-05,-0.00034680804528761653,0.0002649836533237247,-0.3041896935490486,-0.008009419481029924,-0.22244519829973333,0.16996243919572201,0.008009419481029924,-0.02364891775285078,share,15,False,0.3566846404149316,12,5.6901833226768055
enc0_attn,SpecDiv> T850,168,0.004105089901713654,0.004132211722511177,2.712182079752286e-05,-1.2087984941899776e-05,8.666407714675487e-05,0.660687620658465,0.017396132781612346,-0.007753321308377097,0.055586968319565784,0.017396132781612346,0.05136448582127704,share,10,False,0.09306065927355735,12,9.956695446298726
enc0_mlp,SpecDiv> T850,168,0.004105089901713654,0.004003098399455969,-0.00010199150225768487,-0.0003139019099762663,0.00010627505010537171,-2.484513243305802,-0.06541809007280407,-0.20133896419106193,0.0681655887636573,0.06541809007280407,-0.1931559503587633,share,4,False,0.3420925462829119,12,5.882522383773691
enc1_attn,SpecDiv> T850,168,0.004105089901713654,0.004605099238688126,0.0005000093369744718,0.00020651329881123578,0.0008861337177222592,12.180228666021291,0.32070961912882723,0.132459129278561,0.5683726004549131,0.32070961912882723,0.9469394658738063,share,2,True,-0.021420505626536766,12,12.52534529692555
enc1_mlp,SpecDiv> T850,168,0.004105089901713654,0.004822762983773525,0.0007176730820598701,0.00034761422478671495,0.0011985515637206845,17.482518026225932,0.4603207256071374,0.22296228768384324,0.7687596752353169,0.4603207256071374,1.3591605491008634,share,1,True,0.02281037822512028,12,11.464759950565934
enc2_attn,SpecDiv> T850,168,0.004105089901713654,0.004098048501570399,-7.04140014325579e-06,-4.009539649511377e-05,2.2108666598796844e-05,-0.17152852463270982,-0.004516405177034784,-0.02571747843065533,0.014180659279785344,0.004516405177034784,-0.013335310358411982,share,17,False,0.33036837254579154,12,6.040116177802412
enc2_mlp,SpecDiv> T850,168,0.004105089901713654,0.004085911234142259,-1.9178667571395636e-05,-4.2229425647140796e-05,-4.9021255108527865e-06,-0.46719238873159813,-0.012301336629909204,-0.027086260223206825,-0.0031442588952845336,0.012301336629909204,-0.03632139618855936,share,13,True,-0.2057061887070446,12,18.215519318893698
downsample,SpecDiv> T850,168,0.004105089901713654,0.004066715414713447,-3.8374487000207104e-05,-0.00036122508051145515,0.0002820177178364247,-0.9348025967516039,-0.02461367458569858,-0.23169238936936778,0.18088821185256904,0.02461367458569858,-0.07267527531193424,share,9,False,0.0857292998764875,12,10.104957472115967
dec0_attn,SpecDiv> T850,168,0.004105089901713654,0.0041186073794960976,1.3517477782443166e-05,-1.9415805581957102e-05,5.0337829937537513e-05,0.32928579168997846,0.008670208395350558,-0.012453438671659713,0.03228704960736276,0.008670208395350558,0.025599988329660525,share,14,False,-0.31206803462570293,12,22.887170836642014
dec0_mlp,SpecDiv> T850,168,0.004105089901713654,0.004043301683850586,-6.178821786306798e-05,-0.0001449287447030656,1.1003368369226008e-05,-1.505161137573984,-0.03963141156007103,-0.09295834912961289,0.007057640363641504,0.03963141156007103,-0.1170172188675253,share,6,False,-0.36828927106222137,12,25.99207279628762
dec1_attn,SpecDiv> T850,168,0.004105089901713654,0.004064572916831821,-4.0516984881833196e-05,-9.271491338343671e-05,-9.857058224345874e-06,-0.9869938503641427,-0.025987888282903406,-0.059468018614785,-0.0063223887137572364,0.025987888282903406,-0.07673283114066941,share,8,True,0.15107742480895583,12,8.850031008108145
dec1_mlp,SpecDiv> T850,168,0.004105089901713654,0.004056088257736216,-4.900164397743841e-05,-0.00010412346770560059,-3.754373756237364e-06,-1.193680166589844,-0.03143001023097498,-0.06678554819055474,-0.002408082586449028,0.03143001023097498,-0.09280144818036268,share,7,True,-0.28830793103536256,12,21.722449703444024
dec2_attn,SpecDiv> T850,168,0.004105089901713654,0.004104872922956322,-2.1697875733176866e-07,-4.575591447064653e-05,3.318440528043235e-05,-0.005285603056858552,-0.00013917175035967492,-0.029348175759208773,0.021284718487261895,0.00013917175035967492,-0.0004109238235769133,share,19,False,0.1673145733401354,12,8.560010598794104
dec2_mlp,SpecDiv> T850,168,0.004105089901713654,0.004085215177231778,-1.98747244818757e-05,-5.856829326755057e-05,8.263556810561561e-06,-0.4841483367655133,-0.01274779258611757,-0.03756612854575673,0.005300305337098,0.01274779258611757,-0.037639619090187725,share,12,False,0.13595509026741448,12,9.127595805174106
upsample,SpecDiv> T850,168,0.004105089901713654,0.004116166130794833,1.1076229081178704e-05,-3.0207172433923308e-05,4.1865481762215495e-05,0.26981696738370997,0.007104373753304179,-0.019375099722861704,0.026852823972946128,0.007104373753304179,0.020976645183253404,share,16,False,-0.3164402117659579,12,23.11031575160871
decoder_io,SpecDiv> T850,168,0.004105089901713654,0.004017663886770606,-8.742601494304836e-05,-0.0004676237828486289,0.00022124868846731257,-2.1296979368601088,-0.056075680754273015,-0.2999372895722986,0.14191051519249348,0.056075680754273015,-0.1655711959192321,share,5,False,-0.15708956988957623,12,16.472776160636577
decoder_heads,SpecDiv> T850,168,0.004105089901713654,0.0039941588377890485,-0.00011093106392460565,-0.0002790924911096227,2.343978752226873e-05,-2.7022809872762568,-0.07115198983300636,-0.17901195019094723,0.015034449904904965,0.07115198983300636,-0.21008608170639473,share,3,False,-0.34312213335660646,12,24.536472331818022
film,SpecDiv> T850,168,0.004105089901713654,0.004130020834660779,2.4930932947124045e-05,-5.860982249335697e-06,4.4962390287158366e-05,0.6073175872888125,0.015990881407094006,-0.0037592765692718174,0.028839203586417134,0.015990881407094006,0.047215286961512566,share,11,False,-0.23258218490089297,12,19.273707135532884
cond_embed,SpecDiv> T850,168,0.004105089901713654,0.004102697363123298,-2.3925385903567076e-06,-7.845176102515931e-05,8.695925474360896e-05,-0.058282245885965894,-0.0015345916232430202,-0.05031952913241135,0.055776297373369574,0.0015345916232430202,-0.004531093816255116,share,18,False,-0.2181213267433178,12,18.695299438255763
encoder_io,SpecDiv< T850,168,0.004115993845819806,0.004074410554797699,-4.1583291022107005e-05,-0.00037537402580104147,0.0002479347009890868,-1.0102855490014617,-0.023638650835123808,-0.21338704345859077,0.1409422314235792,0.023638650835123808,-0.0677203610339211,share,7,False,0.12906001153197083,12,9.256620334498852
enc0_attn,SpecDiv< T850,168,0.004115993845819806,0.004136868752539158,2.087490671935181e-05,-2.0323462619368606e-05,7.983537313217914e-05,0.5071656445879364,0.011866656510957755,-0.011553179770320223,0.04538362557114855,0.011866656510957755,0.03399577534236973,share,11,False,0.06882590815441181,12,10.454545512881367
enc0_mlp,SpecDiv< T850,168,0.004115993845819806,0.004007769515737891,-0.00010822433008191486,-0.0003145699588155063,7.419849862344555e-05,-2.629360833273044,-0.06152175760479154,-0.17882205176367139,0.04217925898451825,0.06152175760479154,-0.17624845281979235,share,3,False,0.4254669538243848,12,4.836588133881608
enc1_attn,SpecDiv< T850,168,0.004115993845819806,0.004705959416848297,0.0005899655710284909,0.00025384015219363695,0.001021337656614681,14.333490115094769,0.33537485358897634,0.1442992744958557,0.5805948412462787,0.33537485358897634,0.9607869046822846,share,2,True,0.1375506151306349,12,9.0979623067092
enc1_mlp,SpecDiv< T850,168,0.004115993845819806,0.004893197464601447,0.0007772036187816411,0.0004150609733187594,0.001256102818782286,18.882526259629067,0.4418131542885031,0.23594768914160005,0.7140506491038368,0.4418131542885031,1.2657129430371827,share,1,True,-0.0726916663503754,12,13.881359121989936
enc2_attn,SpecDiv< T850,168,0.004115993845819806,0.00411087617976591,-5.117666053896149e-06,-3.478555348313724e-05,2.227096192655153e-05,-0.12433609586403144,-0.0029092146861224365,-0.019774374097934044,0.012660265212395222,0.0029092146861224365,-0.008334361814620245,share,18,False,0.22630420566402942,12,7.571000318802854
enc2_mlp,SpecDiv< T850,168,0.004115993845819806,0.0041016437171492726,-1.4350128670533499e-05,-4.213560556915278e-05,2.9305064041788303e-06,-0.3486431031744,-0.008157547725154844,-0.0239526223945618,0.001665890696858258,0.008157547725154844,-0.02336986492808164,share,13,False,-0.09761871680961277,12,14.596296318500219
downsample,SpecDiv< T850,168,0.004115993845819806,0.004106788168428466,-9.205677391340336e-06,-0.0003313213836615129,0.00031630914115036524,-0.2236562477052681,-0.005233106572517295,-0.1883446526255188,0.1798107162715019,0.005233106572517295,-0.014991882104087115,share,15,False,0.04300668093631306,12,11.010399107372029
dec0_attn,SpecDiv< T850,168,0.004115993845819806,0.004126544275398676,1.0550429578870535e-05,-1.949023377771179e-05,4.2169124935753606e-05,0.25632763250084856,0.0059975512963342656,-0.011079518230563572,0.023971676985572166,0.0059975512963342656,0.01718187480072784,share,14,False,-0.36872761395350434,12,26.018453730102337
dec0_mlp,SpecDiv< T850,168,0.004115993845819806,0.00407880143999743,-3.719240582237641e-05,-0.0001111514614118884,3.0181871746511408e-05,-0.9036069346932804,-0.021142585719970613,-0.06318572968966117,0.017157341572291,0.021142585719970613,-0.06056959629944698,share,8,False,-0.41465605539759026,12,29.001534604243336
dec1_attn,SpecDiv< T850,168,0.004115993845819806,0.004079592103759448,-3.640174206035832e-05,-8.304117145598867e-05,-7.632547446216146e-06,-0.8843973879438098,-0.02069312094364027,-0.047206010124215096,-0.004338837057598464,0.02069312094364027,-0.05928196287495835,share,9,True,0.10234901248192074,12,9.771689118643463
dec1_mlp,SpecDiv< T850,168,0.004115993845819806,0.0040736170097564655,-4.2376836063340306e-05,-9.422087338559018e-05,1.9306108394326545e-06,-1.0295650977801662,-0.024089753518210757,-0.05356128080767577,0.001097484937101099,0.024089753518210757,-0.06901268675822289,share,6,False,-0.28006403319688006,12,21.33629809686012
dec2_attn,SpecDiv< T850,168,0.004115993845819806,0.004122804326470941,6.810480651135246e-06,-3.0436271966512626e-05,3.885613574918046e-05,0.1654638200698953,0.003871520752072389,-0.017301959225804533,0.02208835816503175,0.003871520752072389,0.011091190648287551,share,17,False,0.029600168108484412,12,11.31001950406755
dec2_mlp,SpecDiv< T850,168,0.004115993845819806,0.004097219430453454,-1.8774415366351604e-05,-5.2197095161924756e-05,5.2324384644938006e-06,-0.45613322248814486,-0.010672600426042022,-0.029672228359330807,0.0029744587991528603,0.010672600426042022,-0.03057502558261212,share,12,False,0.06012686380833529,12,10.63879995813318
upsample,SpecDiv< T850,168,0.004115993845819806,0.00412404890327404,8.055057454233369e-06,-3.0303193246557687e-05,3.7467579628961756e-05,0.19570139693998978,0.004579019263200103,-0.01722630861429022,0.02129901243303151,0.004579019263200103,0.013118042981726974,share,16,False,-0.34727832594272656,12,24.769117609987788
decoder_io,SpecDiv< T850,168,0.004115993845819806,0.004010364801312487,-0.00010562904450731973,-0.0004449928652320523,0.00016164496458562382,-2.5663071536075392,-0.06004642825958236,-0.25296292589611385,0.09188952541212077,0.06004642825958236,-0.17202190721030047,share,4,False,-0.15382114768155075,12,16.362798165236924
decoder_heads,SpecDiv< T850,168,0.004115993845819806,0.004029585485113785,-8.640836070602138e-05,-0.00024726395107184845,4.04666587807392e-05,-2.099331630288454,-0.04912013979074366,-0.14056093348631743,0.02300388434560035,0.04912013979074366,-0.14072011232228226,share,5,False,-0.392166927589881,12,27.484524764073125
film,SpecDiv< T850,168,0.004115993845819806,0.004144606946889932,2.8613101070125897e-05,8.103694805564983e-07,5.039708097077283e-05,0.6951687038887412,0.016265550149631755,0.00046066679013288657,0.028648983062553136,0.016265550149631755,0.04659779173656222,share,10,True,-0.29249061461543213,12,21.921811492231672
cond_embed,SpecDiv< T850,168,0.004115993845819806,0.00411841380991973,2.4199640999237695e-06,-7.855034734044845e-05,9.706752025522288e-05,0.05879416225030268,0.0013756652007466366,-0.044653133220538266,0.055179500283531385,0.0013756652007466366,0.003941026275405698,share,19,False,-0.1097344787343505,12,14.958249451107916
encoder_io,SpecRes T850,168,0.000630143234351029,0.0006090615594681973,-2.1081674882831674e-05,-0.00010691635613208443,3.702623801776398e-05,-3.345536972168437,-0.06432350681555833,-0.32621862354766806,0.11297287747425049,0.06432350681555833,-0.18923524668849326,share,3,False,0.504192514573115,12,3.9554044894387226
enc0_attn,SpecRes T850,168,0.000630143234351029,0.0006362909492357479,6.14771488471888e-06,-6.788430194622681e-06,1.614760670539302e-05,0.9756059495029379,0.01875764532396625,-0.020712568537253846,0.04926888853670577,0.01875764532396625,0.05518367725743226,share,8,False,0.16350986478504437,12,8.627242386495745
enc0_mlp,SpecRes T850,168,0.000630143234351029,0.0006252699470981801,-4.873287252848968e-06,-1.334738750908097e-05,3.1265278569965744e-06,-0.7733618306428159,-0.014869166115358455,-0.040724979214504804,0.009539528383597732,0.014869166115358455,-0.04374404408578448,share,11,False,-0.4563703887496834,12,32.14770553944144
enc1_attn,SpecRes T850,168,0.000630143234351029,0.0006791621417505667,4.901890739953766e-05,-1.971462046033897e-05,0.00015764347457055314,7.779010346754127,0.1495643985465858,-0.06015240869592746,0.48099504272429283,0.1495643985465858,0.4400079730717277,share,2,False,0.5856673734623976,12,3.1355829108059363
enc1_mlp,SpecRes T850,168,0.000630143234351029,0.0007706885080551729,0.00014054527370414385,6.774475180767088e-05,0.00024740041153563646,22.303702720681976,0.4288257418467841,0.206699895944592,0.7548575787279639,0.4288257418467841,1.2615752632616777,share,1,True,0.5731803711311079,12,3.255720475805412
enc2_attn,SpecRes T850,168,0.000630143234351029,0.0006283469119807705,-1.7963223702584703e-06,-5.930771627996971e-06,1.2704494110948848e-06,-0.28506572352688414,-0.005480862164341498,-0.018095717316353094,0.0038763410311357274,0.005480862164341498,-0.016124312169558598,share,16,False,-0.06679654174328241,12,13.717864403153305
enc2_mlp,SpecRes T850,168,0.000630143234351029,0.0006242626877792645,-5.880546571764474e-06,-1.3017889553642211e-05,-4.4497937778942287e-07,-0.9332079202311395,-0.017942472767955575,-0.03971962911304595,-0.001357702089568335,0.017942472767955575,-0.052785496757530505,share,9,True,0.05927837761745784,12,10.65693372688405
downsample,SpecRes T850,168,0.000630143234351029,0.0006397251648498544,9.581930498825386e-06,-2.373708412051201e-05,3.885908517986536e-05,1.5205956323078849,0.02923597746255606,-0.07242557817124207,0.11856518252489498,0.02923597746255606,0.08601019566874502,share,6,False,0.16486299928535025,12,8.603281256872378
dec0_attn,SpecRes T850,168,0.000630143234351029,0.0006292823563853744,-8.60877965654557e-07,-5.53701547687524e-06,4.058375149422015e-06,-0.13661623559938033,-0.0026266741138409495,-0.0168943053502207,0.01238274107891354,0.0026266741138409495,-0.007727491060589138,share,18,False,-0.5323957453876959,12,39.32545258789115
dec0_mlp,SpecRes T850,168,0.000630143234351029,0.0006250059426141282,-5.1372917369008064e-06,-1.3381416889994095e-05,6.040498556103535e-06,-0.8152577790018792,-0.01567468533162698,-0.0408288082094618,0.018430511437177936,0.01567468533162698,-0.0461138251370568,share,10,False,-0.2285747826629626,12,19.11124637958827
dec1_attn,SpecRes T850,168,0.000630143234351029,0.0006297369363892358,-4.0629796179321903e-07,-3.471673001816574e-06,2.278850539975489e-06,-0.06447708070874657,-0.0012396790036752156,-0.010592620521607409,0.006953131525575598,0.0012396790036752156,-0.003647048702548085,share,19,False,-0.28224841199206646,12,21.43775256089677
dec1_mlp,SpecRes T850,168,0.000630143234351029,0.000631064488212966,9.212538619370511e-07,-4.194105652762421e-06,5.15978405625598e-06,0.14619753283328205,0.002810890472247327,-0.012796876198880017,0.015743312936662215,0.002810890472247327,0.008269442669773712,share,17,False,-0.3757932682882474,12,26.448800342452518
dec2_attn,SpecRes T850,168,0.000630143234351029,0.0006334419522318058,3.2987178807767728e-06,-8.567563781980425e-07,8.606657138443552e-06,0.5234869948534877,0.010064907236547248,-0.002614098502068,0.026260265001747673,0.010064907236547248,0.029610251338848544,share,15,False,0.07007345962397618,12,10.42836674823577
dec2_mlp,SpecRes T850,168,0.000630143234351029,0.0006336905086451831,3.5472742941540978e-06,7.172210340892586e-07,5.709046490665059e-06,0.5629314258697643,0.010823291958766227,0.0021883542143073557,0.017419199038672766,0.010823291958766227,0.03184136601369678,share,14,True,-0.5112929323435758,12,37.109173139424946
upsample,SpecRes T850,168,0.000630143234351029,0.0006399368964290867,9.793662078057727e-06,-4.5683955249842253e-07,1.9989816125113668e-05,1.5541961801976671,0.029882003822203206,-0.0013938893485488503,0.060992073965272973,0.029882003822203206,0.08791075991947282,share,5,False,0.36654103830338175,12,5.562590019101812
decoder_io,SpecRes T850,168,0.000630143234351029,0.0006259233547704449,-4.2198795805840445e-06,-4.4082275023053324e-05,2.227272643722241e-05,-0.669669902102497,-0.012875516507636891,-0.13450195649302327,0.06795759249434494,0.012875516507636891,-0.03787886673453417,share,13,False,0.25823900440392933,12,7.0742775545808305
decoder_heads,SpecRes T850,168,0.000630143234351029,0.0006238444608849628,-6.298773466066147e-06,-3.300168900750577e-05,2.8732925178095076e-05,-0.9995780518937284,-0.019218548821475,-0.10069334526774106,0.08766867522604908,0.019218548821475,-0.05653962302855993,share,7,False,-0.0328594049489623,12,12.815419932541946
film,SpecRes T850,168,0.000630143234351029,0.0006345048677758314,4.361633424802373e-06,4.6164680801060366e-07,7.328723768296185e-06,0.6921653978074248,0.013308029788265025,0.0014085570414347573,0.02236108923410286,0.013308029788265025,0.03915129047832044,share,12,True,-0.358178656621377,12,25.393583506682994
cond_embed,SpecRes T850,168,0.000630143234351029,0.0006436551872563238,1.3511952905294796e-05,-1.7369983955480469e-06,2.6516817645945896e-05,2.144266917220887,0.041227094129178195,-0.005299855384148739,0.08090698248861412,0.041227094129178195,0.1212872200851111,share,4,False,0.1270072041388219,12,9.295338585114973
encoder_io,|RQE| T850,168,0.00897901524634411,0.00939219817519188,0.0004131829288477699,-0.00011245731633001318,0.0010045603218410768,4.601650821519668,0.0517604597134215,-0.014087809502709957,0.12584378597963325,0.0517604597134215,0.23262114024228323,share,5,False,0.21001718065838848,12,7.834429116900011
enc0_attn,|RQE| T850,168,0.00897901524634411,0.00906397964960585,8.4964403261741e-05,-0.0001225711719598621,0.0002940507207919533,0.9462552510570137,0.010643703466569246,-0.0153547975129262,0.03683646981664645,0.010643703466569246,0.04783478451510094,share,12,False,0.31335153314517344,12,6.273858441026481
enc0_mlp,|RQE| T850,168,0.00897901524634411,0.009363141201902181,0.00038412595555807155,-5.589491532494625e-05,0.0006488581124964789,4.278041021419048,0.04812041993842508,-0.007002095950406305,0.08128407987536822,0.04812041993842508,0.21626212396470237,share,6,False,0.14804202557495633,12,8.90515805637032
enc1_attn,|RQE| T850,168,0.00897901524634411,0.00783684354973957,-0.0011421716966045399,-0.002338505841908045,-0.00019689102919073792,-12.720456144337051,-0.14308270734411455,-0.2929504802079518,-0.024665032054400404,0.14308270734411455,-0.643040319108879,share,2,True,0.4591833166532563,12,4.447556469495386
enc1_mlp,|RQE| T850,168,0.00897901524634411,0.008336955574729169,-0.0006420596716149399,-0.001958868791552959,0.0010256009156970913,-7.150669132412493,-0.08043242216931466,-0.24539239666024945,0.1284795938375904,0.08043242216931466,-0.3614782762955851,share,4,False,0.05517082142498963,12,10.745132364054973
enc2_attn,|RQE| T850,168,0.00897901524634411,0.008979019825346768,4.579002658526103e-09,-6.522394251078368e-05,6.821909191785366e-05,5.09967132575088e-05,5.736231244965423e-07,-0.008170766536978043,0.008545976400204127,5.736231244965423e-07,2.5779690912429557e-06,share,19,False,0.5092967955092305,12,3.9014450116171484
enc2_mlp,|RQE| T850,168,0.00897901524634411,0.008978608374794325,-4.068715497851372e-07,-7.720989524386823e-05,7.655035781984528e-05,-0.004531360495804913,-5.09698174605614e-05,-0.009672276837265334,0.009589654933304216,5.09698174605614e-05,-0.00022906784679391855,share,18,False,0.2024609707341111,12,7.959067765291232
downsample,|RQE| T850,168,0.00897901524634411,0.008797195351993045,-0.00018181989435106516,-0.0005577725591138005,0.00031996752950362855,-2.0249424838107366,-0.022777033269262222,-0.0698735646116172,0.04008313331497156,0.022777033269262222,-0.10236422705222452,share,8,False,0.2464356507094385,12,7.2549049654828375
dec0_attn,|RQE| T850,168,0.00897901524634411,0.008967650239355862,-1.1365006988247236e-05,-9.908567784198869e-05,0.000105931436701212,-0.1265729779540647,-0.0014237228725745789,-0.012412710879463525,0.013270296227020749,0.0014237228725745789,-0.006398475590073639,share,16,False,0.604200398391735,12,2.9607243733767983
dec0_mlp,|RQE| T850,168,0.00897901524634411,0.009045981666228423,6.696641988431414e-05,-4.265370274273058e-05,0.0001921092611155472,0.745810292632927,0.008389051039064531,-0.005343336106842833,0.024066007998626734,0.008389051039064531,0.03770195684239422,share,13,False,-0.11960706547304553,12,15.260554984911916
dec1_attn,|RQE| T850,168,0.00897901524634411,0.008952578296884894,-2.6436949459215004e-05,-8.913428367425998e-05,5.254818825051186e-05,-0.29443038834329915,-0.0033118228317066253,-0.011166074823255899,0.006582843072773742,0.0033118228317066253,-0.014883948242682582,share,14,False,0.4340302716770289,12,4.73604837639387
dec1_mlp,|RQE| T850,168,0.00897901524634411,0.008819209547558179,-0.00015980569878593087,-0.000255790441588033,-3.2886782234224216e-05,-1.779768653928918,-0.020019259888231923,-0.03204350887345993,-0.0041198095276723965,0.020019259888231923,-0.08997028016734515,share,9,True,0.08197534033400444,12,10.181651563880587
dec2_attn,|RQE| T850,168,0.00897901524634411,0.008969058243868252,-9.957002475857735e-06,-9.677900622288386e-05,5.661520020415384e-05,-0.1108919208029168,-0.0012473386230048115,-0.012123748352028715,0.007092327840132192,0.0012473386230048115,-0.005605771941712119,share,17,False,0.23606624104431562,12,7.416435141633763
dec2_mlp,|RQE| T850,168,0.00897901524634411,0.008834347788554927,-0.00014466745778918266,-0.00020482722563125815,-7.947225046033662e-05,-1.6111728716362896,-0.018122854546826977,-0.025659219247184187,-0.009955687738015797,0.018122854546826977,-0.0814474815809024,share,10,True,0.25208759055849,12,7.167988071261747
upsample,|RQE| T850,168,0.00897901524634411,0.00909151507463927,0.00011249982829516132,-5.634396463089312e-05,0.00027310940010162685,1.252919448387914,0.01409313508299355,-0.007058349480954191,0.034213098156640524,0.01409313508299355,0.06333717224973573,share,11,False,0.3800799938305017,12,5.390296292453628
decoder_io,|RQE| T850,168,0.00897901524634411,0.012580019266655048,0.0036010040203109384,0.002452349180627304,0.0051839507466259725,40.10466539498439,0.4511067871098934,0.307211920204643,0.649406485706853,0.4511067871098934,2.0273578667873795,share,1,True,0.39759105783465637,12,5.172405236467495
decoder_heads,|RQE| T850,168,0.00897901524634411,0.01005646753280113,0.001077452286457022,0.0008190219290554523,0.0013258752898157881,11.99967097612087,0.1349751448391515,0.1026009271038941,0.1660957162845804,0.1349751448391515,0.6066034241328274,share,3,True,0.23668551872970428,12,7.406712245367166
film,|RQE| T850,168,0.00897901524634411,0.008965189471685639,-1.3825774658471346e-05,-0.00010426412821592143,5.5628995081254534e-05,-0.15397874131131073,-0.0017319893980428966,-0.0130614283197154,0.006968783455867937,0.0017319893980428966,-0.0077838827338663095,share,15,False,0.0466497552612367,12,10.930306799727635
cond_embed,|RQE| T850,168,0.00897901524634411,0.00875887202952678,-0.00022014321681732932,-0.00043452852599633237,-5.8054626667096074e-05,-2.451752344523111,-0.02757789179972286,-0.05443447609727398,-0.007272648396098348,0.02757789179972286,-0.12394017888265357,share,7,True,0.2193068768285908,12,7.683313902422859
encoder_io,SpecDiv> Q700,168,0.01655260504533847,0.01764944304401676,0.0010968379986782868,-2.1203438518568863e-05,0.002041744549448291,6.626376909700853,0.22855870361149624,-0.004418364813901392,0.42545798731451073,0.22855870361149624,0.14531120198412845,share,4,False,0.15793924473212892,12,8.726476029881882
enc0_attn,SpecDiv> Q700,168,0.01655260504533847,0.016610484182213742,5.78791368752718e-05,-0.00011883234061921636,0.0002143929227410505,0.34966784211148483,0.012060833510787766,-0.024762239958659726,0.04467511933778905,0.012060833510787766,0.007667939075127279,share,12,False,-0.2622368775240081,12,20.530766676781138
enc0_mlp,SpecDiv> Q700,168,0.01655260504533847,0.016111737272391718,-0.0004408677729467551,-0.0009053317500123133,3.5745169346531234e-05,-2.663434376276089,-0.09186786633050714,-0.18865270110124402,0.007448565399868933,0.09186786633050714,-0.0584070082183113,share,5,False,-0.25308817962944635,12,20.13230711503971
enc1_attn,SpecDiv> Q700,168,0.01655260504533847,0.01893447246402502,0.0023818674186865487,0.001551381159030522,0.003274479128109912,14.38968314753168,0.4963326672174633,0.32327624220039336,0.6823347708828057,0.4963326672174633,0.3155543644487592,share,2,True,-0.16371101809547592,12,16.698213798468995
enc1_mlp,SpecDiv> Q700,168,0.01655260504533847,0.02007761139733096,0.003525006351992488,0.0025907943355074773,0.0046980426006484775,21.2957799834969,0.7345395427625075,0.5398687822277752,0.9789764100165425,0.7345395427625075,0.4669996030653166,share,1,True,0.22317595657784142,12,7.621052777350491
enc2_attn,SpecDiv> Q700,168,0.01655260504533847,0.016584474748621385,3.1869703282912574e-05,-4.1498521265263356e-05,9.893743166079124e-05,0.19253587695483432,0.006640997189742731,-0.00864744678212475,0.020616546059026592,0.006640997189742731,0.004222159422355931,share,17,False,-0.14984453193543287,12,16.230130724957313
enc2_mlp,SpecDiv> Q700,168,0.01655260504533847,0.016617063044880826,6.445799954235554e-05,-3.615883179008961e-05,0.00020061875499474485,0.38941302209411527,0.01343173452282297,-0.007534764229546967,0.041804863267871195,0.01343173452282297,0.00853951942062445,share,11,False,-0.5157947459469827,12,37.56575708154575
downsample,SpecDiv> Q700,168,0.01655260504533847,0.01619911224891742,-0.000353492796421051,-0.0008740311275081087,1.3211394737784863e-05,-2.1355719867224243,-0.07366070047113275,-0.18213028875738416,0.002752985634894587,0.07366070047113275,-0.04683140372832764,share,7,False,-0.1703397652755129,12,16.927504290922055
dec0_attn,SpecDiv> Q700,168,0.01655260504533847,0.016561247563610475,8.642518272002539e-06,-8.346675895154476e-05,9.05707653146237e-05,0.05221243573643072,0.0018009248171269368,-0.0173927729013825,0.01887310316597008,0.0018009248171269368,0.001144977398474354,share,19,False,-0.205146988379962,12,18.194261893886704
dec0_mlp,SpecDiv> Q700,168,0.01655260504533847,0.016586124431341887,3.351938600341479e-05,-0.00015813934151083232,0.00014841191781063875,0.202502179636398,0.0069847574756031995,-0.032953018521646726,0.03092602150561054,0.0069847574756031995,0.004440712553536186,share,16,False,-0.2518963611834217,12,20.081116512099168
dec1_attn,SpecDiv> Q700,168,0.01655260504533847,0.016512894149248798,-3.971089608967304e-05,-0.00014040500585300227,7.162064624329408e-05,-0.23990722898844485,-0.008274942097596551,-0.029257544101313798,0.01492428423970586,0.008274942097596551,-0.005260975686118385,share,14,False,-0.03554726521836759,12,12.884578719592707
dec1_mlp,SpecDiv> Q700,168,0.01655260504533847,0.016641895519569516,8.929047423104446e-05,-8.082761002394061e-05,0.00019509707344695924,0.5394345723012969,0.018606316575187444,-0.01684282800682401,0.040654257273332196,0.018606316575187444,0.011829373300232994,share,10,False,-0.23738002377078313,12,19.47045808932028
dec2_attn,SpecDiv> Q700,168,0.01655260504533847,0.01664681569673121,9.421065139273803e-05,9.002016546825568e-06,0.00017822756975268325,0.5691590606716588,0.01963158130431853,0.00187583693700529,0.03713899622331457,0.01963158130431853,0.012481207808339103,share,9,True,-0.40606941433537974,12,28.408762537702145
dec2_mlp,SpecDiv> Q700,168,0.01655260504533847,0.01656885949584345,1.6254450504978497e-05,-0.0001752556786717226,0.00014236184263912333,0.09819874551743782,0.0033870964899209233,-0.036519714639746674,0.029665309039758732,0.0033870964899209233,0.002153420781661607,share,18,False,-0.1493714492559762,12,16.214430351541566
upsample,SpecDiv> Q700,168,0.01655260504533847,0.016596332658082247,4.372761274377505e-05,-0.00024505637508506577,0.00032977032242342824,0.26417360061454237,0.009111944054442081,-0.05106475839519434,0.06871741995943668,0.009111944054442081,0.005793118013189993,share,13,False,0.3846961901028139,12,5.332321827373553
decoder_io,SpecDiv> Q700,168,0.01655260504533847,0.01794084960905214,0.0013882445637136698,-4.7387718223035325e-05,0.002790261632374798,8.386864544349326,0.28928189774647783,-0.009874635504254289,0.581433705069454,0.28928189774647783,0.1839173026866787,share,3,False,0.05095932010232114,12,10.83627876068825
decoder_heads,SpecDiv> Q700,168,0.01655260504533847,0.016951718367636204,0.00039911332229773205,-2.1780220170815785e-05,0.0007734641976033641,2.411181328887745,0.08316708907639046,-0.004538554365014053,0.16117418844638598,0.08316708907639046,0.05287529850428986,share,6,False,-0.05482959178268601,12,13.39224651062278
film,SpecDiv> Q700,168,0.01655260504533847,0.016591912290702265,3.9307245363791786e-05,-8.389671954015891e-06,8.252286352217197e-05,0.23746863563848192,0.008190829506010163,-0.0017482367932605072,0.01719608431478883,0.008190829506010163,0.005207499263683849,share,15,False,-0.6915256751543752,12,65.80226121577782
cond_embed,SpecDiv> Q700,168,0.01655260504533847,0.016291544074192643,-0.00026106097114582855,-0.0006177239120006561,1.4828677133967384e-05,-1.5771594285658879,-0.054399790306818074,-0.12872108432314008,0.0030899943529464785,0.054399790306818074,-0.03458585821612381,share,8,False,-0.11816840262348881,12,15.216080792978028
encoder_io,SpecDiv< Q700,168,0.015956046525388956,0.016778331017121673,0.0008222844917327166,-0.00016285285043219727,0.0017264678822054215,5.153435034325785,0.14082262141806104,-0.027889818589354985,0.29567106690038814,0.14082262141806104,0.1317404861799896,share,4,False,-0.006030878063949548,12,12.145619285690548
enc0_attn,SpecDiv< Q700,168,0.015956046525388956,0.01591480174101889,-4.1244784370064735e-05,-0.00021493365056812763,9.986300719901915e-05,-0.25848999816111606,-0.007063490450338131,-0.03680906110752203,0.017102317504277757,0.007063490450338131,-0.006607941655145988,share,14,False,-0.2665285829286347,12,20.72111147265722
enc0_mlp,SpecDiv< Q700,168,0.015956046525388956,0.015444154695918163,-0.0005118918294707934,-0.0010262120476303002,-3.7501255671183266e-05,-3.2081369821545764,-0.08766546132551375,-0.17574680312111393,-0.006422382013987382,0.08766546132551375,-0.08201161418470117,share,5,True,-0.2225983992969456,12,18.87207432850055
enc1_attn,SpecDiv< Q700,168,0.015956046525388956,0.018466118645543855,0.0025100721201548972,0.0016452655875279258,0.0033519052163076897,15.73116571301618,0.4298693936982334,0.28176454170549997,0.5740398658263315,0.4298693936982334,0.4021456378913812,share,2,True,-0.1829497604628943,12,17.373958709805944
enc1_mlp,SpecDiv< Q700,168,0.015956046525388956,0.019228237370649975,0.0032721908452610173,0.0022423768066801133,0.004420572488258282,20.50752885468446,0.5603881591380174,0.3840244870219413,0.7570574566636008,0.5603881591380174,0.5242467992069587,share,1,True,0.16666977853758191,12,8.571373701034707
enc2_attn,SpecDiv< Q700,168,0.015956046525388956,0.01598057554413875,2.452901874979337e-05,-3.928974232015511e-05,8.645844257747126e-05,0.15372867402187165,0.0042007854409121855,-0.00672867427756723,0.014806681446498672,0.0042007854409121855,0.003929862338527779,share,16,False,-0.1419363437437585,12,15.969952840926451
enc2_mlp,SpecDiv< Q700,168,0.015956046525388956,0.01602688160104056,7.083507565160592e-05,-3.2476925601561866e-05,0.00021227325002352396,0.4439387635207412,0.01213105821877551,-0.005561926370730936,0.03635344680069778,0.01213105821877551,0.011348684547454926,share,11,False,-0.4761837526461472,12,33.817593710084594
downsample,SpecDiv< Q700,168,0.015956046525388956,0.015461160646130642,-0.0004948858792583147,-0.0009090160097305973,-0.00017976018134504567,-3.101557008315699,-0.08475305994532974,-0.15567606915643745,-0.03078533064663923,0.08475305994532974,-0.07928704358721402,share,6,True,-0.24768857235987388,12,19.901682093656273
dec0_attn,SpecDiv< Q700,168,0.015956046525388956,0.015953438511739176,-2.608013649781545e-06,-0.00010168636217713355,7.827191536004344e-05,-0.016344986495443744,-0.00044664264320784774,-0.017414581240703914,0.013404674921191097,0.00044664264320784774,-0.00041783712284573993,share,19,False,-0.03466716445685921,12,12.86189127348651
dec0_mlp,SpecDiv< Q700,168,0.015956046525388956,0.015997318162893254,4.1271637504299484e-05,-0.00013932841053853433,0.00015163355080100396,0.25865829257033596,0.007068089258651127,-0.023861075099086113,0.025968426175386312,0.007068089258651127,0.006612243870492513,share,13,False,-0.32482293534779866,12,23.546231139179667
dec1_attn,SpecDiv< Q700,168,0.015956046525388956,0.015925128711387515,-3.0917814001441e-05,-0.00014114410538847247,7.839963849013047e-05,-0.19376863781542106,-0.00529491637015355,-0.024172026978921245,0.013426548501655537,0.00529491637015355,-0.004953429000697117,share,15,False,-0.040255306271635365,12,13.00665036944991
dec1_mlp,SpecDiv< Q700,168,0.015956046525388956,0.016027143457904458,7.109693251550198e-05,-7.903411363561949e-05,0.00017287851660512376,0.445579877210648,0.012175903245503973,-0.013535207310268227,0.029606791980107933,0.012175903245503973,0.011390637364157746,share,10,False,-0.3103787288418804,12,22.8017107414559
dec2_attn,SpecDiv< Q700,168,0.015956046525388956,0.01603310469848414,7.705817309518655e-05,4.2090289449940125e-06,0.00014261467731557776,0.48294026325739936,0.013196812108282057,0.000720828977826835,0.02442387387113539,0.013196812108282057,0.012345704302789494,share,9,True,-0.5248443449466912,12,38.50976399998308
dec2_mlp,SpecDiv< Q700,168,0.015956046525388956,0.015912436104069155,-4.3610421319802604e-05,-0.0002541496922882895,8.191230396429698e-05,-0.27331595737334147,-0.007468624196547463,-0.043525113583516344,0.014028119813300356,0.007468624196547463,-0.0069869469325374006,share,12,False,-0.0715825930290253,12,13.850441643809374
upsample,SpecDiv< Q700,168,0.015956046525388956,0.01597758731804788,2.1540792658925056e-05,-0.0002473871514666826,0.00030048267217352986,0.13500081379588458,0.003689028456879578,-0.04236697581548109,0.051459997131910816,0.003689028456879578,0.003451110322668669,share,17,False,0.4639420906843906,12,4.39409110013364
decoder_io,SpecDiv< Q700,168,0.015956046525388956,0.01715851714834571,0.0012024706229567528,-1.536826215063532e-05,0.002600989673131455,7.536143875260106,0.2059324564739829,-0.0026319345487497126,0.4454397325186766,0.2059324564739829,0.1926511640170517,share,3,False,0.08182136386326709,12,10.184808695489393
decoder_heads,SpecDiv< Q700,168,0.015956046525388956,0.016361555084586143,0.0004055085591971874,-6.510701690179607e-05,0.000799074924240509,2.5414099824286045,0.06944649800372353,-0.011150083559889345,0.1368478022781003,0.06944649800372353,0.06496765447468678,share,7,False,-0.07607937840345562,12,13.976257525811851
film,SpecDiv< Q700,168,0.015956046525388956,0.015975940506905317,1.9893981516361237e-05,-1.7746506879727047e-05,5.214948517580827e-05,0.12467989163046318,0.0034069992268406742,-0.0030392274753360577,0.008931005366019653,0.0034069992268406742,0.0031872701277614033,share,18,False,-0.7461332752274265,12,82.53779348790353
cond_embed,SpecDiv< Q700,168,0.015956046525388956,0.015717345910767715,-0.0002387006146212419,-0.000606816898410519,3.168894133220114e-05,-1.4959884595562318,-0.040879338748361076,-0.10392211845669003,0.005426977929451513,0.040879338748361076,-0.03824288958119672,share,8,False,-0.10156439773586104,12,14.713099903340686
encoder_io,SpecRes Q700,168,0.0010123866571423907,0.0012647903883286442,0.0002524037311862533,0.00011818361793605922,0.00033860085629081976,24.931554500994682,0.8576499857270979,0.4015795557366086,1.1505417063375838,0.8576499857270979,0.554119060520297,share,2,True,0.5102588409151088,12,3.8913156803357745
enc0_attn,SpecRes Q700,168,0.0010123866571423907,0.0010608290516150494,4.8442394472658634e-05,2.3489126275914413e-05,6.434444791617954e-05,4.784969668544859,0.16460382234763446,0.07981438594667328,0.21863787265572293,0.16460382234763446,0.10634887998044451,share,3,True,0.29917655177030317,12,6.4732398127850805
enc0_mlp,SpecRes Q700,168,0.0010123866571423907,0.0010116156433165695,-7.710138258213798e-07,-3.8732881269728146e-05,2.867433916738566e-05,-0.0761580390636201,-0.0026198503231441763,-0.13161158478928597,0.09743337177331578,0.0026198503231441763,-0.0016926590379800668,share,19,False,-0.03287184060442864,12,12.815739017463148
enc1_attn,SpecRes Q700,168,0.0010123866571423907,0.0010075812557867418,-4.8054013556490345e-06,-7.150898575976801e-05,0.00010263173183678493,-0.47466067650604776,-0.01632841315267305,-0.24298246435575865,0.34873534924098576,0.01632841315267305,-0.010549624096683034,share,11,False,0.02442935525785998,12,11.427676956757002
enc1_mlp,SpecRes Q700,168,0.0010123866571423907,0.0010103042441187426,-2.082413023648163e-06,-6.780994178067581e-05,8.895470370286291e-05,-0.20569344814619325,-0.007075891832565111,-0.23041337513919988,0.30226177720337005,0.007075891832565111,-0.00457166279934136,share,16,False,0.2666041196168279,12,6.94830407409417
enc2_attn,SpecRes Q700,168,0.0010123866571423907,0.001014152056692789,1.7653995503981907e-06,-5.379130622410836e-06,6.6239408624824035e-06,0.17437997013722886,0.005998702523475594,-0.01827790452959084,0.02250768148103581,0.005998702523475594,0.003875701582191501,share,17,False,0.12527780897804222,12,9.328066552557706
enc2_mlp,SpecRes Q700,168,0.0010123866571423907,0.0010199766014314566,7.5899442890658975e-06,-1.0209999648698913e-06,1.3377944803020602e-05,0.7497080523057884,0.025790092644800665,-0.003469285502169791,0.04545730808116283,0.025790092644800665,0.016662720392810287,share,8,False,0.14294825612170423,12,8.998325927227642
downsample,SpecRes Q700,168,0.0010123866571423907,0.0010100541160985206,-2.332541043870151e-06,-6.54134088108549e-05,4.759421547836001e-05,-0.23040021590704177,-0.007925809113760276,-0.22227012599743218,0.16172177025222606,0.007925809113760276,-0.005120785836959746,share,15,False,0.36962555416694237,12,5.5230375389700574
dec0_attn,SpecRes Q700,168,0.0010123866571423907,0.001014061039313674,1.6743821712831657e-06,-5.429858841428843e-06,9.130818095096994e-06,0.16538959294558012,0.005689431921444294,-0.01845027542170198,0.03102587260549644,0.005689431921444294,0.0036758849456893215,share,18,False,-0.025039200677140744,12,12.616374336966931
dec0_mlp,SpecRes Q700,168,0.0010123866571423907,0.0010219321023517598,9.545445209369063e-06,-6.2382299802266065e-06,1.7695362960997344e-05,0.9428655684096506,0.032434746146969964,-0.021197063246088388,0.06012758892116467,0.032434746146969964,0.020955764428698065,share,6,False,-0.18722106707654562,12,17.528324403876084
dec1_attn,SpecRes Q700,168,0.0010123866571423907,0.001007798098726198,-4.58855841619273e-06,-1.191099994078589e-05,2.6453136039587284e-06,-0.45324169217565613,-0.015591596216347783,-0.04047273343068095,0.008988588100564753,0.015591596216347783,-0.01007357405840796,share,12,False,-0.2231107370708147,12,18.89243363913969
dec1_mlp,SpecRes Q700,168,0.0010123866571423907,0.0010217692955241848,9.382638381794095e-06,-6.263683947812144e-07,1.577561451995279e-05,0.9267840815166374,0.03188154008820965,-0.0021283554023518,0.05360441980903091,0.03188154008820965,0.02059834353829308,share,7,False,-0.24067624663668588,12,19.607071283751484
dec2_attn,SpecRes Q700,168,0.0010123866571423907,0.0010161787940887734,3.7921369463826218e-06,-1.8950822171367084e-06,8.465570499538442e-06,0.37457397523259367,0.01288541252007208,-0.0064393550318779715,0.028765408435041055,0.01288541252007208,0.00832513589326959,share,13,False,-0.1366471853597724,12,15.79860051768195
dec2_mlp,SpecRes Q700,168,0.0010123866571423907,0.0010193872828191768,7.000625676785906e-06,-1.0020639213810984e-05,1.8284144728871367e-05,0.6914972285930945,0.023787629776937262,-0.03404942168766741,0.062128227629793364,0.023787629776937262,0.015368949202309364,share,9,False,0.09223209532494235,12,9.973351728745829
upsample,SpecRes Q700,168,0.0010123866571423907,0.0010157994838664308,3.4128267240400114e-06,-7.985091724549421e-06,1.3068679011970132e-05,0.33710704304156014,0.011596543273768325,-0.027132775618660763,0.04440644484695577,0.011596543273768325,0.007492410390114748,share,14,False,-0.10060995729470318,12,14.684751732195997
decoder_io,SpecRes Q700,168,0.0010123866571423907,0.0012940411882785459,0.00028165453113615513,0.0001656491907245557,0.00038962956265701604,27.82084583484794,0.9570421303742283,0.5628642072481298,1.3239336331563902,0.9570421303742283,0.6183353290815025,share,1,True,0.25509357578157393,12,7.122080188367373
decoder_heads,SpecRes Q700,168,0.0010123866571423907,0.0009846651228144765,-2.7721534327914316e-05,-4.482818342997537e-05,9.339495591120287e-07,-2.738235844214146,-0.09419580847291313,-0.15232298943520547,0.0031734943943882788,0.09419580847291313,-0.06085896783605731,share,5,False,-0.20914318116065297,12,18.34683324248521
film,SpecRes Q700,168,0.0010123866571423907,0.0010176997893722728,5.313132229881982e-06,1.1037991498596966e-07,9.432765727979129e-06,0.5248125498689478,0.018053646670389015,0.000375063126314953,0.03205186925703009,0.018053646670389015,0.011664280182410633,share,10,True,-0.11402719664950277,12,15.088867637063828
cond_embed,SpecRes Q700,168,0.0010123866571423907,0.0009725753334350884,-3.9811323707302414e-05,-6.139800340558092e-05,-1.2308793035723891e-05,-3.932422797795034,-0.13527605574162124,-0.20862606308149817,-0.04182440616781716,0.13527605574162124,-0.08740050389540878,share,4,True,0.002428234787779522,12,11.941863534082271
encoder_io,|RQE| Q700,168,0.22584544029086828,0.2457539482663075,0.019908507975439232,0.009886779201527437,0.027991893111417688,8.81510290834249,0.21346508158576008,0.10600905559965187,0.3001375971589766,0.21346508158576008,-0.34068594645986466,share,4,True,-0.14798492228747848,12,16.16851559063353
enc0_attn,|RQE| Q700,168,0.22584544029086828,0.22599463785688081,0.00014919756601254144,-0.003979107116659482,0.0031358784375091387,0.06606180130109716,0.0015997417104563973,-0.04266519752982418,0.03362384299876925,0.0015997417104563973,-0.0025531553670018,share,18,False,0.01995261318948315,12,11.530504936841968
enc0_mlp,|RQE| Q700,168,0.22584544029086828,0.22801163792610168,0.0021661976352334023,-0.0003412767235810558,0.0060659045353531815,0.9591504847047333,0.023226630318376577,-0.003659272896413208,0.06504047456133041,0.023226630318376577,-0.03706923153101484,share,9,False,-0.021194098930434727,12,12.519672361777355
enc1_attn,|RQE| Q700,168,0.22584544029086828,0.1951213702559471,-0.03072407003492117,-0.03971887823039045,-0.023977193321722257,-13.604024945268488,-0.32943282965966997,-0.4258779006646332,-0.2570907641563763,0.32943282965966997,0.5257681234505145,share,2,True,-0.14819982828075587,12,16.17562240162411
enc1_mlp,|RQE| Q700,168,0.22584544029086828,0.19666939275339246,-0.029176047537475824,-0.04417259043160205,-0.018964037163338315,-12.918590474928227,-0.3128344613077357,-0.47363195835514454,-0.20333817809257937,0.3128344613077357,0.4992774637620053,share,3,True,0.22901278703213146,12,7.527868426785165
enc2_attn,|RQE| Q700,168,0.22584544029086828,0.22486875299364328,-0.0009766872972249985,-0.0022133514595528442,0.0003780494133631385,-0.4324582758753573,-0.010472338451636781,-0.0237322279738035,0.004053560867874663,0.010472338451636781,0.01671364005082277,share,14,False,0.20603863026245114,12,7.899860085557341
enc2_mlp,|RQE| Q700,168,0.22584544029086828,0.22715138302495083,0.0013059427340825398,-0.000458545982837677,0.0028745557491978,0.5782462255605448,0.014002715453170946,-0.004916669584582855,0.03082186160220207,0.014002715453170946,-0.02234805023722414,share,11,False,-0.23281132344064345,12,19.2830477473075
downsample,|RQE| Q700,168,0.22584544029086828,0.22404033814867338,-0.001805102142194907,-0.008617410172397892,0.003550016499745347,-0.79926437295794,-0.019354854544079154,-0.09239849454204468,0.03806435734329387,0.019354854544079154,0.030889955818340687,share,10,False,0.03279538579478029,12,11.2379039741071
dec0_attn,|RQE| Q700,168,0.22584544029086828,0.225015294427673,-0.0008301458631952604,-0.0019452159913877648,0.00043178961301843253,-0.36757255852768533,-0.008901076596682924,-0.020857197878202786,0.004629779644189028,0.008901076596682924,0.014205937956341447,share,15,False,-0.27588577262777003,12,21.143942064354484
dec0_mlp,|RQE| Q700,168,0.22584544029086828,0.22594567916045585,0.00010023886958758037,-0.0028975899641712505,0.0030682460404932487,0.04438383589169738,0.0010747916670086435,-0.031068841465516663,0.03289866785432104,0.0010747916670086435,-0.0017153457305611234,share,19,False,0.3689428991506718,12,5.531775806639
dec1_attn,|RQE| Q700,168,0.22584544029086828,0.22699695670356354,0.0011515164126952488,-0.0006224032181004682,0.002224648200596372,0.5098692323441204,0.012346909436236139,-0.0066735967303509,0.02385335506938921,0.012346909436236139,-0.01970541737266947,share,13,False,-0.22752532486615532,12,19.068979699355946
dec1_mlp,|RQE| Q700,168,0.22584544029086828,0.2286984839787086,0.002853043687840303,-0.0010812094823146859,0.00592390578240156,1.2632726541504862,0.03059120273321896,-0.011593057131068597,0.06351792071544256,0.03059120273321896,-0.04882293993514457,share,8,False,0.09265187364796149,12,9.964909939588402
dec2_attn,|RQE| Q700,168,0.22584544029086828,0.22714793247481188,0.0013024921839435895,-0.0005541425198316574,0.0025349287626643966,0.576718388587389,0.013965717604420277,-0.005941684748647953,0.02718027768850452,0.013965717604420277,-0.022289002420012236,share,12,False,-0.11399804040273669,12,15.087976205954806
dec2_mlp,|RQE| Q700,168,0.22584544029086828,0.22100016692032418,-0.004845273370544116,-0.005970352018872897,-0.0036773798366387706,-2.145393488707962,-0.05195249571813738,-0.06401593139861063,-0.03942998580397662,0.05195249571813738,0.08291513086450576,share,6,True,-0.2481401225538296,12,19.920841529036487
upsample,|RQE| Q700,168,0.22584544029086828,0.22643074548492828,0.0005853051940600077,-0.0010906686075031757,0.0032605479471385446,0.2591618379836175,0.0062758204259569655,-0.011694480750185709,0.03496058742367187,0.0062758204259569655,-0.010016082282620634,share,16,False,-0.05439146995738589,12,13.380481708343341
decoder_io,|RQE| Q700,168,0.22584544029086828,0.2579293151696523,0.03208387487878402,0.025229987998803455,0.040935134328901765,14.206120272989759,0.3440130710466186,0.2705236099669847,0.4389189687154482,0.3440130710466186,-0.5490378933802172,share,1,True,0.25671932361333,12,7.097343017687511
decoder_heads,|RQE| Q700,168,0.22584544029086828,0.2353814026961724,0.009535962405304113,0.003823873649040858,0.014804955626217023,4.222340018475762,0.10224749114088612,0.04100073704534536,0.1587432400520838,0.10224749114088612,-0.1631849248303623,share,5,True,0.22093556996933308,12,7.6570569244721245
film,|RQE| Q700,168,0.22584544029086828,0.2263594592610995,0.0005140189702312151,-0.0011425598912561932,0.0025926216893518944,0.22759767457302024,0.0055114678383935455,-0.012250874887485861,0.027798878807054506,0.0055114678383935455,-0.008796191034887582,share,17,False,0.4514856811373917,12,4.5347824728063975
cond_embed,|RQE| Q700,168,0.22584544029086828,0.22942614617447057,0.003580705883602301,-0.0012929784366860985,0.006931223596135774,1.5854674236463127,0.03839341825719678,-0.013863708310855332,0.07431868888736376,0.03839341825719678,-0.06127511787696094,share,7,False,-0.018712275843432356,12,12.457658451427568
encoder_io,Vag/Vg 850hPa,168,0.35530707736810047,0.3638690809408824,0.008562003572781881,0.007278438098728657,0.01002354013423125,2.409747544632101,1.1665702939609308,0.9916849018145851,1.3657041907914211,1.1665702939609308,0.15481285564180738,share,3,True,-0.25029212780950516,12,20.01246897658531
enc0_attn,Vag/Vg 850hPa,168,0.35530707736810047,0.3555275226632754,0.0002204452951749166,6.255718568960825e-05,0.00038282455255587885,0.06204359812020683,0.03003560213546502,0.00852339687538623,0.052159724883818426,0.03003560213546502,0.003985955549857535,share,11,True,-0.14283746823050475,12,15.999357310281948
enc0_mlp,Vag/Vg 850hPa,168,0.35530707736810047,0.3591511199871699,0.0038440426190694175,0.0032248012721538544,0.0045301657790939,1.0818930620644418,0.5237495978606731,0.43937815910065164,0.6172336626218259,0.5237495978606731,0.06950560228201266,share,5,True,0.186637210070287,12,8.225221151272029
enc1_attn,Vag/Vg 850hPa,168,0.35530707736810047,0.3495363841454188,-0.005770693222681682,-0.007295504833261171,-0.004684975557029248,-1.6241424925806378,-0.7862551366531201,-0.9940102390269918,-0.6383264461763868,0.7862551366531201,-0.10434210745673725,share,4,True,-0.5692456065394574,12,43.71620478944324
enc1_mlp,Vag/Vg 850hPa,168,0.35530707736810047,0.35240556796391803,-0.002901509404182434,-0.004108741506934166,-0.0014319472014904116,-0.8166202107976732,-0.39532974376787683,-0.5598147380819568,-0.1951023558422144,0.39532974376787683,-0.05246329935682274,share,7,True,-0.310482708636661,12,22.806958869075377
enc2_attn,Vag/Vg 850hPa,168,0.35530707736810047,0.3552263950308164,-8.068233728408813e-05,-0.00018133291353782018,5.341321229934691e-05,-0.022707776575049955,-0.010992943079603574,-0.024706552438622287,0.007277533376828701,0.010992943079603574,-0.0014588481456037055,share,15,False,-0.34798863409891745,12,24.80917428000951
enc2_mlp,Vag/Vg 850hPa,168,0.35530707736810047,0.35542255888382596,0.00011548151572545369,-0.00012394220878680549,0.0003489061569174131,0.032501890077977276,0.01573432019757092,-0.016887086966212612,0.0475383541457317,0.01573432019757092,0.002088065377610327,share,14,False,-0.016745064840408153,12,12.408725694424882
downsample,Vag/Vg 850hPa,168,0.35530707736810047,0.3576146935423215,0.002307616174221039,0.0009673833847045898,0.003319130465388298,0.6494709284471509,0.31441197797063974,0.13180568191483313,0.45223048201142674,0.31441197797063974,0.04172488911264351,share,9,True,0.16702075385374188,12,8.565186969252329
dec0_attn,Vag/Vg 850hPa,168,0.35530707736810047,0.3552345335483551,-7.254381974538167e-05,-0.00020544261982043585,0.00011808543155590674,-0.020417217771945984,-0.00988407262459508,-0.02799149233689943,0.016089102910514148,0.00988407262459508,-0.001311692502634415,share,16,False,0.051972916870993355,12,10.814275553201522
dec0_mlp,Vag/Vg 850hPa,168,0.35530707736810047,0.3554587736725807,0.00015169630448023477,-9.673585494359334e-05,0.0005118148401379585,0.042694422414523536,0.020668573775518388,-0.013180229811728962,0.06973461099821891,0.020668573775518388,0.002742878800185303,share,13,False,-0.22759276886032087,12,19.071692537870522
dec1_attn,Vag/Vg 850hPa,168,0.35530707736810047,0.3550925428668658,-0.00021453450123469034,-0.0003304526209831238,-8.783129354318006e-05,-0.060380024744745284,-0.029230258320109444,-0.0450240656784953,-0.01196698612149091,0.029230258320109444,-0.0038790802278352845,share,12,True,-0.28215804092578156,12,21.433542991764032
dec1_mlp,Vag/Vg 850hPa,168,0.35530707736810047,0.3553236648440361,1.6587475935618084e-05,-0.00020609796047210693,0.00023942769815524389,0.004668490157440165,0.002260038379310871,-0.02808078229457882,0.032621948571390454,0.002260038379310871,0.0002999244856246237,share,19,False,-0.5405071519073842,12,40.23149848713758
dec2_attn,Vag/Vg 850hPa,168,0.35530707736810047,0.35524870703617734,-5.837033192316691e-05,-0.00017842513819535573,9.569407751162842e-05,-0.016428136572887587,-0.007952939366513461,-0.024310368962734183,0.013038287964272536,0.007952939366513461,-0.0010554162577684578,share,17,False,-0.24062081267419544,12,19.604763997440216
dec2_mlp,Vag/Vg 850hPa,168,0.35530707736810047,0.35572274525960285,0.00041566789150238037,0.00024912289033333457,0.0005938081691662468,0.11698835119789795,0.05663461948574045,0.03394291545642624,0.08090617629065053,0.05663461948574045,0.007515849851623487,share,10,True,-0.06128739110694455,12,13.566930466930847
upsample,Vag/Vg 850hPa,168,0.35530707736810047,0.3581235781311989,0.0028165007630983987,0.0024336849649747214,0.0031511740138133364,0.792694810348651,0.38374734315619363,0.33158881106100935,0.4293464683082209,0.38374734315619363,0.05092622566039435,share,8,True,0.08454186405471095,12,10.129159597650435
decoder_io,Vag/Vg 850hPa,168,0.35530707736810047,0.38325422753890354,0.02794715017080307,0.026822872211535773,0.02968648994962374,7.865632842953375,3.8077904211305054,3.654607902776322,4.044774918956113,3.8077904211305054,0.5053230926866688,share,1,True,-0.08492786691548555,12,14.227440583400876
decoder_heads,Vag/Vg 850hPa,168,0.35530707736810047,0.380136214196682,0.024829136828581493,0.02338210480908553,0.02608232038716475,6.98807831594594,3.382962083897319,3.185804426346165,3.5537079496162796,3.382962083897319,0.44894510296320256,share,2,True,0.039021448336093306,12,11.09865695114765
film,Vag/Vg 850hPa,168,0.35530707736810047,0.3553280731042226,2.0995736122131348e-05,-6.356295198202133e-05,0.00014064715554316836,0.005909180384937739,0.00286066244328404,-0.00866043221640456,0.019163130707904284,0.00286066244328404,0.0003796319211664274,share,18,False,-0.31478996928027125,12,23.025756956288216
cond_embed,Vag/Vg 850hPa,168,0.35530707736810047,0.3582096646229426,0.0029025872548421225,0.0024137200787663457,0.0031976453959941865,0.8169235682955517,0.3954766005812652,0.3288686015942625,0.4356781795146752,0.3954766005812652,0.052482788386132684,share,6,True,0.0803423274506039,12,10.215180679475269
encoder_io,|Vag| 850hPa,168,3.8105133771896362,3.9039443731307983,0.09343099594116211,0.06783550481001537,0.12641496459643042,2.4519267272608336,0.6952185154200697,0.5047628837916815,0.9406516876792901,0.6952185154200697,0.13303012974291747,share,3,True,-0.0711194882766765,12,13.837553589614597
enc0_attn,|Vag| 850hPa,168,3.8105133771896362,3.812956710656484,0.0024433334668477378,-0.0017926762501398723,0.00614398717880249,0.06412084737646996,0.018180804436332635,-0.013339274709604021,0.04571730828917761,0.018180804436332635,0.003478898676245065,share,16,False,0.4395894170955391,12,4.671420138959821
enc0_mlp,|Vag| 850hPa,168,3.8105133771896362,3.861075758934021,0.050562381744384766,0.041039466857910156,0.0586747462550799,1.3269178386056732,0.3762338570657089,0.3053740028689731,0.43659782894527255,0.3762338570657089,0.07199238470927043,share,4,True,-0.3125858527103242,12,22.91345078454782
enc1_attn,|Vag| 850hPa,168,3.8105133771896362,3.763602395852407,-0.04691098133722941,-0.06430257856845856,-0.03261315673589708,-1.2310934694009028,-0.3490638462497543,-0.4784744373077065,-0.24267396682114828,0.3490638462497543,-0.0667934005283342,share,5,True,-0.27443543796091663,12,21.077690471199187
enc1_mlp,|Vag| 850hPa,168,3.8105133771896362,3.778304874897003,-0.03220850229263306,-0.049665837983290356,-0.011611405014991766,-0.8452536208228131,-0.2396629397153117,-0.36956268957660604,-0.08640027514581283,0.2396629397153117,-0.045859526548473355,share,6,True,-0.5537225956979505,12,41.77821007436962
enc2_attn,|Vag| 850hPa,168,3.8105133771896362,3.8080856005350747,-0.002427776654561361,-0.003887663284937541,-0.0005875716606775983,-0.06371258710425828,-0.018065046450094165,-0.02892803903224422,-0.004372111134258171,0.018065046450094165,-0.0034567483744528606,share,17,True,-0.41483539973890743,12,29.014100971404496
enc2_mlp,|Vag| 850hPa,168,3.8105133771896362,3.814882675806681,0.004369298617045085,0.0011248340209325154,0.007148369153340657,0.1146643033245974,0.032511879675155966,0.00836987158543356,0.05319089816392145,0.032511879675155966,0.006221151300550161,share,13,True,-0.11495538556122263,12,15.117277037179454
downsample,|Vag| 850hPa,168,3.8105133771896362,3.8369034926096597,0.0263901154200236,0.006573631366093954,0.044774660468101496,0.6925606291792388,0.19636841798868335,0.048914283672333504,0.3331675175406894,0.19636841798868335,0.03757511565505678,share,9,True,-0.06475432870604761,12,13.661706583249911
dec0_attn,|Vag| 850hPa,168,3.8105133771896362,3.8079062898953757,-0.0026070872942606607,-0.004335641364256541,0.000425896048545832,-0.06841826904130861,-0.01939929399262571,-0.032261436606653246,0.0031690855439427145,0.01939929399262571,-0.0037120567699504875,share,15,False,0.10376411469778314,12,9.74377630185172
dec0_mlp,|Vag| 850hPa,168,3.8105133771896362,3.832888126373291,0.022374749183654785,0.018641304473082224,0.027454966803391774,0.5871846381013576,0.16649014337974977,0.13870964224154383,0.2042919597472924,0.16649014337974977,0.03185790493704343,share,10,True,0.2825723241091113,12,6.712395043040289
dec1_attn,|Vag| 850hPa,168,3.8105133771896362,3.8057464559872947,-0.004766921202341716,-0.0062878385186195375,-0.0036041935284932456,-0.12509918560783162,-0.0354705828406611,-0.046787703760202824,-0.0268187452025413,0.0354705828406611,-0.006787299435629831,share,12,True,-0.33563216133822393,12,24.124566246829108
dec1_mlp,|Vag| 850hPa,168,3.8105133771896362,3.812719464302063,0.002206087112426758,-0.0026631479461987815,0.007211168607076009,0.05789474787394162,0.01641545818643023,-0.019816440388436853,0.05365818787388641,0.01641545818643023,0.003141099501659229,share,18,False,-0.2856645000289094,12,21.59765824458016
dec2_attn,|Vag| 850hPa,168,3.8105133771896362,3.8097115556399026,-0.0008018215497334799,-0.0028976291418075562,0.001778887708981831,-0.021042349687927,-0.005966341060825001,-0.021561211136762324,0.013236674399962253,0.005966341060825001,-0.0011416599354124924,share,19,False,-0.2702807538961495,12,20.88936139226404
dec2_mlp,|Vag| 850hPa,168,3.8105133771896362,3.8180466492970786,0.00753327210744222,0.00424985537926356,0.010142586131890615,0.19769703873860234,0.05605495476136801,0.03162310449288421,0.07547081781696649,0.05605495476136801,0.010726120981016215,share,11,True,0.002556971366419507,12,11.9387892014651
upsample,|Vag| 850hPa,168,3.8105133771896362,3.8387444814046225,0.028231104214986164,0.02159463365872701,0.03342733979225159,0.7408740350836248,0.21006718555555015,0.16068531649512593,0.2487322896509233,0.21006718555555015,0.040196376145562054,share,8,True,0.3965051872361915,12,5.185757861378333
decoder_io,|Vag| 850hPa,168,3.8105133771896362,4.16437961657842,0.35386623938878375,0.338207667072614,0.3825643385450045,9.286576488802941,2.633112909982037,2.5165977290232378,2.846654997271036,2.633112909982037,0.5038464083929219,share,1,True,0.03938066087522594,12,11.09067399790799
decoder_heads,|Vag| 850hPa,168,3.8105133771896362,4.094047983487447,0.28353460629781085,0.2638046776254972,0.3004247009754181,7.440850568721158,2.1097763764041733,1.9629662992693029,2.235455295148283,2.1097763764041733,0.4037059123950472,share,2,True,0.22282603280448804,12,7.626667535820485
film,|Vag| 850hPa,168,3.8105133771896362,3.807301918665568,-0.0032114585240681968,-0.004004531602064768,-0.001924435297648112,-0.08427889384387205,-0.023896410446505725,-0.029797654271966158,-0.014319691630981232,0.023896410446505725,-0.004572580435617228,share,14,True,-0.1747748208684645,12,17.082971056769654
cond_embed,|Vag| 850hPa,168,3.8105133771896362,3.842075288295746,0.03156191110610962,0.025776068369547527,0.035777325928211215,0.8282850099685896,0.23485166525280238,0.19179930391117864,0.26621849812212967,0.23485166525280238,0.044938888717661746,share,7,True,0.07492567245109169,12,10.32712513533533
encoder_io,Vag/Vg 500hPa,168,0.2399135691424211,0.24915197243293127,0.009238403290510178,0.008257073629647494,0.010410819792499146,3.8507214592043093,1.8729014386871963,1.673956482956146,2.1105854284705097,1.8729014386871963,0.08629257689667937,share,3,True,0.26393011065086586,12,6.98839168222767
enc0_attn,Vag/Vg 500hPa,168,0.2399135691424211,0.23995698615908623,4.3417016665140786e-05,-0.0001360627512137095,0.00017333471526702243,0.018096940835958687,0.008801931504676454,-0.027584000664017547,0.03514014569287266,0.008801931504676454,0.0004055426172020005,share,18,False,-0.39742458027266925,12,27.829039177967392
enc0_mlp,Vag/Vg 500hPa,168,0.2399135691424211,0.24493026360869408,0.00501669446627299,0.004679605892548959,0.005606954265385866,2.091042405065011,1.0170344363498676,0.9486964720025796,1.136697801565078,1.0170344363498676,0.046859124827630404,share,5,True,-0.04891791727255078,12,13.234415026697183
enc1_attn,Vag/Vg 500hPa,168,0.2399135691424211,0.23320975651343664,-0.006703812628984451,-0.008045585205157598,-0.0054283161337176965,-2.794261555504113,-1.3590638904464856,-1.6310814360419577,-1.1004824942998728,1.3590638904464856,-0.06261788412958802,share,4,True,-0.13329552936869202,12,15.691099807663836
enc1_mlp,Vag/Vg 500hPa,168,0.2399135691424211,0.23865807428956032,-0.0012554948528607686,-0.0026118740749855834,4.0254214157659235e-05,-0.5233113147157853,-0.2545264633124118,-0.5295052141461718,0.008160736573012181,0.2545264633124118,-0.011727122396265308,share,9,False,0.6797433677962961,12,2.287896865749376
enc2_attn,Vag/Vg 500hPa,168,0.2399135691424211,0.2396793154378732,-0.00023425370454788208,-0.0003821993867556254,-0.00012556721145908046,-0.09764087349674702,-0.047490251991511113,-0.07748327917826207,-0.025456239958178313,0.047490251991511113,-0.0021880789544871464,share,15,True,-0.28650344793335253,12,21.637163249750603
enc2_mlp,Vag/Vg 500hPa,168,0.2399135691424211,0.23990229268868765,-1.1276453733444214e-05,-0.0001527124084532261,0.0001310957595705985,-0.004700215070682441,-0.002286075391659046,-0.030959385567334238,0.026577042480682364,0.002286075391659046,-0.00010532926744112134,share,19,False,-0.18682138600826703,12,17.513811095189464
downsample,Vag/Vg 500hPa,168,0.2399135691424211,0.24273365611831346,0.002820086975892385,0.0024262270890176296,0.0031215060812731584,1.1754595565281607,0.5717162141857737,0.49186900189459326,0.6328229074490294,0.5717162141857737,0.026341410368228124,share,6,True,-0.417501868420154,12,29.201848896763714
dec0_attn,Vag/Vg 500hPa,168,0.2399135691424211,0.23969061175982156,-0.00022295738259951273,-0.0004261664114892483,1.1030274132887186e-05,-0.09293237702080843,-0.04520014871677019,-0.08639671381506611,0.002236167402847569,0.04520014871677019,-0.0020825641052511722,share,16,False,0.07529389724933573,12,10.319479410599644
dec0_mlp,Vag/Vg 500hPa,168,0.2399135691424211,0.2404105601211389,0.000496990978717804,0.00022386355946461361,0.0007344426276783148,0.2071541766038138,0.10075497786628125,0.045383857946707774,0.14889354910765737,0.10075497786628125,0.004642212609620085,share,10,True,0.3862273915249068,12,5.313176861697285
dec1_attn,Vag/Vg 500hPa,168,0.2399135691424211,0.23945057640473047,-0.0004629927376906077,-0.000581047497689724,-0.00036636556809147204,-0.1929831394470894,-0.09386251468510814,-0.11779575540792209,-0.07427328922399505,0.09386251468510814,-0.004324647362040473,share,11,True,0.23335215266503176,12,7.459162533701923
dec1_mlp,Vag/Vg 500hPa,168,0.2399135691424211,0.23979156836867332,-0.00012200077374776204,-0.00036427642529209453,8.761538192629774e-05,-0.05085196897526797,-0.02473321606427904,-0.07384975731793544,0.017762265805115043,0.02473321606427904,-0.0011395650112933917,share,17,False,-0.15100386609818078,12,16.268679964066173
dec2_attn,Vag/Vg 500hPa,168,0.2399135691424211,0.23955515772104263,-0.00035841142137845355,-0.0005051617821057638,-0.0002737753093242645,-0.1493918925301336,-0.07266074511286666,-0.10241144478370406,-0.05550246666944663,0.07266074511286666,-0.003347791189384241,share,12,True,-0.1443842560161356,12,16.04997473311174
dec2_mlp,Vag/Vg 500hPa,168,0.2399135691424211,0.2402448964615663,0.00033132731914520264,0.00020151017233729362,0.0004922238488992056,0.13810278440254253,0.0671699852441875,0.04085215592052598,0.09978853766932287,0.0671699852441875,0.0030948084064133905,share,13,True,0.0838738845222759,12,10.142797554881717
upsample,Vag/Vg 500hPa,168,0.2399135691424211,0.24271168808142343,0.002798118939002355,0.0025602297546962896,0.002975001527617375,1.1663029102540232,0.5672626342106784,0.5190353614315584,0.6031220402441956,0.5672626342106784,0.02613621489743186,share,8,True,-0.1073009076762474,12,14.88475904856862
decoder_io,Vag/Vg 500hPa,168,0.2399135691424211,0.29064860194921494,0.050735032806793846,0.04803379466757179,0.05392075603206953,21.147212718375155,10.285512869230768,9.737890878926171,10.931354517863596,10.285512869230768,0.47389755373994247,share,2,True,0.69791761311307,12,2.1349614460956534
decoder_heads,Vag/Vg 500hPa,168,0.2399135691424211,0.29747383048137027,0.057560261338949203,0.05554393138736486,0.05938091908271114,23.99208245898731,11.66919140493331,11.260420847030781,12.038293337423248,11.66919140493331,0.5376495398167379,share,1,True,-0.11461065001410999,12,15.106718643478686
film,Vag/Vg 500hPa,168,0.2399135691424211,0.2395960378150145,-0.00031753132740656537,-0.0004350153108437856,-0.00018499447032809265,-0.1323523836278171,-0.06437312392920766,-0.08819065112335998,-0.037503927760175415,0.06437312392920766,-0.002965945047612503,share,14,True,-0.24899058383249226,12,19.95698946422658
cond_embed,Vag/Vg 500hPa,168,0.2399135691424211,0.242721705387036,0.002808136244614919,0.0024187282659113405,0.0030921587410072484,1.1704782912665983,0.5692934425120233,0.4903487655352803,0.6268733213487857,0.5692934425120233,0.026229782918624187,share,7,True,-0.05601892039684062,12,13.42423838631318
encoder_io,|Vag| 500hPa,168,4.062072555224101,4.220858494440715,0.15878593921661377,0.12821840941905976,0.18897998531659443,3.9089882580360182,1.751559571402217,1.4143707141571908,2.084628549088167,1.751559571402217,0.07651796689506296,share,3,True,0.433715609239389,12,4.739721493813139
enc0_attn,|Vag| 500hPa,168,4.062072555224101,4.058834910392761,-0.003237644831339518,-0.007313571870326996,0.000519844392935431,-0.07970425902845302,-0.03571429448420771,-0.0806756371112546,0.005734376901242397,0.03571429448420771,-0.0015602011188437024,share,17,False,-0.18095849988952184,12,17.302544494708396
enc0_mlp,|Vag| 500hPa,168,4.062072555224101,4.1556938489278155,0.09362129370371501,0.08719072341918946,0.10733093520005543,2.304766653744569,1.0327317008220498,0.9617964090260309,1.1839620547304617,1.0327317008220498,0.04511552526399197,share,5,True,-0.25709747010862677,12,20.305718495142653
enc1_attn,|Vag| 500hPa,168,4.062072555224101,3.9559675653775535,-0.10610498984654744,-0.13241165975729624,-0.08386058559020362,-2.6120899714134653,-1.1704387142599704,-1.4606262440955444,-0.9250618290170823,1.1704387142599704,-0.05113134160703837,share,4,True,-0.18970371031451652,12,17.618795378312296
enc1_mlp,|Vag| 500hPa,168,4.062072555224101,4.050139904022217,-0.011932651201883951,-0.044046564896901445,0.011326233049233731,-0.293757707171866,-0.13162846488788574,-0.48587540378691424,0.12493909727267433,0.13162846488788574,-0.005750271177289203,share,10,False,0.3677602730459888,12,5.546934556413335
enc2_attn,|Vag| 500hPa,168,4.062072555224101,4.057456274827321,-0.004616280396779378,-0.0076452970504760735,-0.002541186908880874,-0.11364347470461915,-0.050921952870303884,-0.0843348806011495,-0.028031702775018735,0.050921952870303884,-0.0022245571133173376,share,16,True,-0.21074370102893236,12,18.408373086522285
enc2_mlp,|Vag| 500hPa,168,4.062072555224101,4.064314742883046,0.0022421876589457193,0.0002660840749740601,0.004474821686744686,0.05519811939503921,0.024733457346929798,0.0029351598171594023,0.04936152907748009,0.024733457346929798,0.001080496433791136,share,18,True,-0.5385080498598968,12,40.00524081235631
downsample,|Vag| 500hPa,168,4.062072555224101,4.106599688529968,0.044527133305867515,0.03077337294816971,0.05745678097009658,1.09616784782937,0.4911765293185002,0.3394595025077448,0.6338028111723608,0.4911765293185002,0.02145735150756937,share,8,True,0.1177521855218563,12,9.47166457008078
dec0_attn,|Vag| 500hPa,168,4.062072555224101,4.057289083798726,-0.004783471425374349,-0.008452602724234263,-0.001030377050240835,-0.11775937924157656,-0.05276622855260222,-0.09324022818352865,-0.011366036523173991,0.05276622855260222,-0.002305125441056542,share,15,True,0.05187250752518134,12,10.816453351810273
dec0_mlp,|Vag| 500hPa,168,4.062072555224101,4.0841753880182905,0.022102832794189453,0.017364146808783214,0.02611907770236333,0.5441269818227079,0.24381521768720096,0.1915430150314925,0.2881182097828092,0.24381521768720096,0.010651219096457274,share,9,True,-0.39634829605004135,12,27.758025767106165
dec1_attn,|Vag| 500hPa,168,4.062072555224101,4.051157335440318,-0.010915219783782959,-0.013107525308926901,-0.008176028728485107,-0.2687106061103031,-0.12040523097049827,-0.1445884410516215,-0.09018935458700365,0.12040523097049827,-0.005259977238466041,share,11,True,0.2742134737447151,12,6.835148501033925
dec1_mlp,|Vag| 500hPa,168,4.062072555224101,4.063941081364949,0.0018685261408487956,-0.003713738918304443,0.00755696545044581,0.045999329540427444,0.020611616258755728,-0.04096606399872252,0.08336049924059832,0.020611616258755728,0.0009004312478385261,share,19,False,0.027877364907467967,12,11.349088927705436
dec2_attn,|Vag| 500hPa,168,4.062072555224101,4.055222809314728,-0.006849745909372966,-0.009989460309346518,-0.004757873713970185,-0.16862687252013084,-0.0755591966670817,-0.11019322557338704,-0.05248386150777976,0.0755591966670817,-0.0033008503984599284,share,14,True,-0.15307912912643604,12,16.337948473562815
dec2_mlp,|Vag| 500hPa,168,4.062072555224101,4.070893108844757,0.008820553620656332,0.0063509315252304075,0.011796238521734873,0.21714416718904986,0.09729907569618465,0.07005680071685777,0.13012370359255596,0.09729907569618465,0.004250570505621262,share,12,True,0.01311174737075538,12,11.68939069385505
upsample,|Vag| 500hPa,168,4.062072555224101,4.107041239738464,0.04496868451436361,0.03823668758074442,0.04950230618317922,1.1070379443747462,0.4960472581079712,0.4217869443679413,0.5460574067792435,0.4960472581079712,0.021670132317513052,share,7,True,-0.022237076811921917,12,12.545827450427335
decoder_io,|Vag| 500hPa,168,4.062072555224101,5.005339701970418,0.9432671467463175,0.9156979521115621,0.9776906172434489,23.221326894646722,10.405131634601961,10.101017259131465,10.784855176419343,10.405131634601961,0.4545546328851727,share,2,True,0.5433975695150086,12,3.5501087173162187
decoder_heads,|Vag| 500hPa,168,4.062072555224101,5.13823664188385,1.0761640866597493,1.0360771879553796,1.119309405485789,26.492980418966894,11.871110979271046,11.428914450662276,12.347044783761483,11.871110979271046,0.5185968503442306,share,1,True,0.15734586855668525,12,8.737102582765656
film,|Vag| 500hPa,168,4.062072555224101,4.0546309153238935,-0.0074416399002075195,-0.010579693317413331,-0.004120123386383057,-0.18319810389986918,-0.08208834899641619,-0.11670405568679282,-0.04544887027391328,0.08208834899641619,-0.003586080469960657,share,13,True,-0.19660735824673556,12,17.873313187962715
cond_embed,|Vag| 500hPa,168,4.062072555224101,4.110897660255432,0.04882510503133138,0.03971541970968246,0.05546174297730127,1.2019752076692718,0.5385872355214123,0.43809876282466265,0.6117956491476135,0.5385872355214123,0.02352851763114104,share,6,True,0.04980085377076213,12,10.861478835528471
encoder_io,Vag/Vg 250hPa,168,0.27645789335171383,0.2845522314310074,0.00809433807929357,0.006742897133032481,0.010089493915438652,2.927873746399359,1.222821075732466,1.0186573188561145,1.5242315903303145,1.222821075732466,0.09804169909929569,share,3,True,-0.033278539948252105,12,12.826178989256427
enc0_attn,Vag/Vg 250hPa,168,0.27645789335171383,0.2764708449443181,1.2951592604319254e-05,-0.0001800024261077245,0.00019410972793896964,0.004684833718182915,0.0019566121708428233,-0.02719317604123492,0.029324382550275536,0.0019566121708428233,0.00015687461192381437,share,18,False,-0.34148639855097684,12,24.445716454738843
enc0_mlp,Vag/Vg 250hPa,168,0.27645789335171383,0.2797667657335599,0.00330887238184611,0.0029955366626381874,0.0036728447924057636,1.196881138653731,0.4998752023690656,0.45253921053455143,0.5548609381089716,0.4998752023690656,0.04007831983801184,share,6,True,-0.08146875465985241,12,14.128670224073211
enc1_attn,Vag/Vg 250hPa,168,0.27645789335171383,0.27015263338883716,-0.0063052599628766375,-0.00820045347015063,-0.004463740003605684,-2.280730669843813,-0.9525429621356467,-1.238852051351281,-0.6743423982947251,0.9525429621356467,-0.07637170500755003,share,4,True,0.12674396437086316,12,9.300313788146903
enc1_mlp,Vag/Vg 250hPa,168,0.27645789335171383,0.27527125428120297,-0.0011866390705108643,-0.002979853376746178,0.0006701648235321045,-0.4292295857876644,-0.17926694567159815,-0.45016991827895037,0.10124257998636833,0.17926694567159815,-0.014373023408561114,share,9,False,-0.2622395016208109,12,20.53088238354643
enc2_attn,Vag/Vg 250hPa,168,0.27645789335171383,0.27620592961708706,-0.00025196373462677,-0.0003502719725171725,-0.0001404313370585442,-0.09114000384362982,-0.038064454684695645,-0.05291599461703768,-0.021215125556438896,0.038064454684695645,-0.0030518805135414506,share,16,True,-0.5017786660366289,12,36.17136152938097
enc2_mlp,Vag/Vg 250hPa,168,0.27645789335171383,0.2764311581850052,-2.6735166708628338e-05,-0.0002392503743370374,0.00017684946457544962,-0.009670610733698771,-0.004038912755344774,-0.036143832546928205,0.02671685447239628,0.004038912755344774,-0.0003238264999731279,share,17,False,-0.017636689777273742,12,12.430879848880554
downsample,Vag/Vg 250hPa,168,0.27645789335171383,0.2792164012789726,0.0027585079272588096,0.001852491870522499,0.003557887735466162,0.9978040032842886,0.41673100357102255,0.2798581032453824,0.5374942417030574,0.41673100357102255,0.03341209639601975,share,7,True,-0.3749237171009037,12,26.39531375064862
dec0_attn,Vag/Vg 250hPa,168,0.27645789335171383,0.27615785350402194,-0.0003000398476918538,-0.0005637905870874723,-0.00011089313775300992,-0.10853003473846871,-0.045327369047720646,-0.08517250026333342,-0.016752755403851228,0.045327369047720646,-0.003634196666488948,share,14,True,0.056782225588308824,12,10.710450099252231
dec0_mlp,Vag/Vg 250hPa,168,0.27645789335171383,0.2772365262111028,0.0007786328593889872,0.0002371582513054212,0.0013241900131106372,0.2816460944373901,0.1176289724238679,0.03582777308523731,0.20004692668427024,0.1176289724238679,0.009431097115195084,share,10,True,0.2048354388391963,12,7.919732791992656
dec1_attn,Vag/Vg 250hPa,168,0.27645789335171383,0.2759731362263362,-0.00048475712537765503,-0.0006306068350871404,-0.0003212342659632365,-0.17534573511378812,-0.07323282320510831,-0.09526650862510082,-0.04852923448702509,0.07323282320510831,-0.0058715625362986395,share,11,True,-0.16642310516109707,12,16.791584973859237
dec1_mlp,Vag/Vg 250hPa,168,0.27645789335171383,0.2764502863089244,-7.6070427894592285e-06,-0.0002776482452948888,0.0003982873633503913,-0.0027516099096441555,-0.0011492048090683735,-0.04194464360900014,0.060169735601812026,0.0011492048090683735,-9.213939335045896e-05,share,19,False,0.15628782122697124,12,8.7560778202549
dec2_attn,Vag/Vg 250hPa,168,0.27645789335171383,0.2760237430532773,-0.00043415029843648273,-0.0005453388517101605,-0.00032634660601615906,-0.15704029759213647,-0.06558759095098286,-0.08238497512141542,-0.049301561649763334,0.06558759095098286,-0.005258593415076862,share,12,True,-0.5334917490524657,12,39.44603541577906
dec2_mlp,Vag/Vg 250hPa,168,0.27645789335171383,0.2767567113041878,0.0002988179524739583,0.00013653139273325603,0.0004891330997149149,0.10808805234357975,0.045142775914824254,0.020625956427545552,0.07389390674202587,0.045142775914824254,0.003619396607224036,share,15,True,-0.23735397192364036,12,19.46938306429757
upsample,Vag/Vg 250hPa,168,0.27645789335171383,0.2800157467524211,0.003557853400707245,0.002941458175579707,0.003984898328781128,1.2869422383179672,0.5374890547110609,0.44436951054537005,0.6020032290904654,0.5374890547110609,0.04309407256460785,share,5,True,0.2619673701551163,12,7.017924367608657
decoder_io,Vag/Vg 250hPa,168,0.27645789335171383,0.31260692576567334,0.0361490324139595,0.03387408809115489,0.0394842866808176,13.075782346344573,5.461076405519203,5.1173979185580825,5.964937149966469,5.461076405519203,0.43785081917030766,share,2,True,0.4669890356360064,12,4.3600404754183515
decoder_heads,Vag/Vg 250hPa,168,0.27645789335171383,0.3198898211121559,0.0434319277604421,0.04099582023918629,0.046403595122198264,15.710142052333214,6.561311883058098,6.1932862841073355,7.010245130523698,6.561311883058098,0.5260640154980084,share,1,True,0.4598711138174427,12,4.439807441111686
film,Vag/Vg 250hPa,168,0.27645789335171383,0.2761504451433818,-0.00030744820833206177,-0.0004040064911047617,-0.00018005433181921644,-0.11120977759203338,-0.046446558713228635,-0.061033730888930174,-0.027201017497490078,0.046446558713228635,-0.003723929546137795,share,13,True,-0.1870577041258568,12,17.522390607310207
cond_embed,Vag/Vg 250hPa,168,0.27645789335171383,0.27784867584705353,0.0013907824953397114,0.0007404027506709099,0.00181977953761816,0.5030720875711576,0.21010713049060278,0.11185350539863978,0.2749162130352204,0.21010713049060278,0.01684568615554589,share,8,True,0.10432248313323621,12,9.7327821959271
encoder_io,|Vag| 250hPa,168,7.526920994122823,7.741583903630574,0.21466290950775146,0.171045051018397,0.27427257001399996,2.851935202659424,0.5967493222937207,0.47549443222857984,0.7624604113255129,0.5967493222937207,0.0813295854143309,share,3,True,0.029872093883985155,12,11.303864763912706
enc0_attn,|Vag| 250hPa,168,7.526920994122823,7.524436434110005,-0.002484560012817383,-0.008715830246607463,0.004120149215062457,-0.0330089822220451,-0.006906919817898548,-0.024229457267755435,0.011453754435154262,0.006906919817898548,-0.0009413281327586111,share,17,False,-0.32674551508335997,12,23.64773876400036
enc0_mlp,|Vag| 250hPa,168,7.526920994122823,7.631817777951558,0.10489678382873535,0.09219857056935628,0.12282587885856629,1.3936214278141215,0.2916064298398432,0.2563061994728362,0.34144818095057705,0.2916064298398432,0.039742366110898514,share,5,True,0.1031938838347296,12,9.755015461629826
enc1_attn,|Vag| 250hPa,168,7.526920994122823,7.389233032862346,-0.1376879612604777,-0.19431666533152261,-0.0859645167986552,-1.8292733691238068,-0.3827638307829194,-0.5401880493135429,-0.23897592396627906,0.3827638307829194,-0.052165997523921294,share,4,True,0.16174785083881804,12,8.658527564885318
enc1_mlp,|Vag| 250hPa,168,7.526920994122823,7.491991241772969,-0.034929752349853516,-0.07947797179222107,0.013627154628435705,-0.4640642884006275,-0.09710250406305006,-0.22094373878117374,0.03788262866630483,0.09710250406305006,-0.013233875771800506,share,9,False,-0.18007365551866225,12,17.270921908457183
enc2_attn,|Vag| 250hPa,168,7.526920994122823,7.518403053283691,-0.008517940839131674,-0.010967486103375753,-0.005930471420288087,-0.11316633781306672,-0.023679337221068845,-0.030488918250774693,-0.01648633575802438,0.023679337221068845,-0.003227202121777639,share,16,True,-0.5940021421905052,12,47.1136123956138
enc2_mlp,|Vag| 250hPa,168,7.526920994122823,7.527008295059204,8.730093638102214e-05,-0.005455433328946432,0.005878277619679769,0.0011598492457830837,0.0002426910859470158,-0.015165759885267012,0.016341240290845768,0.0002426910859470158,3.30758069870241e-05,share,19,False,-0.2877258523378717,12,21.694891326288243
downsample,|Vag| 250hPa,168,7.526920994122823,7.609435955683391,0.08251496156056722,0.04534904360771179,0.11594765782356253,1.0962644835118718,0.22938637840731782,0.12606747528777526,0.32232716115895493,0.22938637840731782,0.03126253915773955,share,7,True,-0.07372725176328122,12,13.910294830207556
dec0_attn,|Vag| 250hPa,168,7.526920994122823,7.518170754114787,-0.008750240008036295,-0.01628455619017283,-0.0032427986462911025,-0.11625258209656598,-0.02432511422992012,-0.04527003706706371,-0.009014775300245022,0.02432511422992012,-0.0033152135772378764,share,15,True,0.17457520393933185,12,8.432918998722222
dec0_mlp,|Vag| 250hPa,168,7.526920994122823,7.560340841611226,0.03341984748840332,0.019033404191335042,0.048302014668782554,0.44400422848198134,0.0929050639702805,0.052911660790247075,0.1342765482174577,0.0929050639702805,0.01266181636629621,share,10,True,-0.18442928915747966,12,17.42724607558178
dec1_attn,|Vag| 250hPa,168,7.526920994122823,7.509772936503093,-0.017148057619730633,-0.020626890659332278,-0.012400595347086589,-0.22782300535797034,-0.04767051647018886,-0.05734145246707715,-0.03447287137951222,0.04767051647018886,-0.006496904472560453,share,11,True,-0.15565668506929098,12,16.424456705705737
dec1_mlp,|Vag| 250hPa,168,7.526920994122823,7.527492880821228,0.0005718866984049479,-0.007354989647865295,0.012588077783584593,0.007597883634642757,0.001589808879813132,-0.020446406404840314,0.03499406070457408,0.001589808879813132,0.0002166713764939694,share,18,False,0.05386347541101417,12,10.773348313110322
dec2_attn,|Vag| 250hPa,168,7.526920994122823,7.512625098228455,-0.01429589589436849,-0.017434931794802346,-0.011158793171246848,-0.18993019729489688,-0.039741687122888475,-0.048468008547186144,-0.031020739809346984,0.039741687122888475,-0.005416302652757253,share,12,True,-0.5797030826495925,12,45.102488762702144
dec2_mlp,|Vag| 250hPa,168,7.526920994122823,7.5375518798828125,0.01063088575998942,0.005982874830563863,0.016415993372599285,0.14123817386007156,0.02955319056842734,0.01663201392683174,0.045635424127721015,0.02955319056842734,0.004027736013779468,share,14,True,-0.15663731936891234,12,16.457507726143177
upsample,|Vag| 250hPa,168,7.526920994122823,7.627645532290141,0.1007245381673177,0.0774850070476532,0.11781477431456247,1.3381904532539337,0.2800078505761815,0.21540342274146584,0.3275176270070264,0.2800078505761815,0.0381616225596816,share,6,True,0.3405436129633383,12,5.903184773635828
decoder_io,|Vag| 250hPa,168,7.526920994122823,8.64528751373291,1.1183665196100872,1.0672581692536673,1.1960936347643534,14.85822051916489,3.1089882466593854,2.9669102625834163,3.325064714636633,3.1089882466593854,0.4237168199654544,share,2,True,0.3536215683578265,12,5.730213939421848
decoder_heads,|Vag| 250hPa,168,7.526920994122823,8.859960476557413,1.3330394824345906,1.277922561764717,1.3940428098042805,17.71028928662139,3.7057655165383334,3.5525439603221853,3.87535091137437,3.7057655165383334,0.5050502142915593,share,1,True,0.17321426680063137,12,8.456621334352056
film,|Vag| 250hPa,168,7.526920994122823,7.515726606051127,-0.011194388071695963,-0.01489885946114858,-0.006206866105397545,-0.14872466550979843,-0.03111969138309035,-0.04141788773280721,-0.01725469551520311,0.03111969138309035,-0.004241230787963805,share,13,True,0.1947598550856875,12,8.087718797915866
cond_embed,|Vag| 250hPa,168,7.526920994122823,7.562625368436177,0.03570437431335449,0.013512422641118368,0.050227721532185875,0.4743556407890187,0.09925590416748843,0.03756368099232597,0.13962989159805134,0.09925590416748843,0.01352735769324113,share,8,True,0.09241148796385937,12,9.96974332880139
encoder_io,div/vort 850hPa,168,0.4099652022123337,0.4155278528730075,0.0055626506606737776,0.0028946004807949067,0.008184688786665598,1.3568592238208328,0.607591596631485,0.3161685022160666,0.8939889328264258,0.607591596631485,0.14269395531094872,share,2,True,-0.21086313714294197,12,18.412975403415274
enc0_attn,div/vort 850hPa,168,0.4099652022123337,0.4103352477153142,0.0003700455029805501,-0.00047484785318374634,0.0011898695801695186,0.09026266155850272,0.040418957022014396,-0.05186620244061833,0.1299658745621938,0.040418957022014396,0.009492463159447864,share,10,False,0.36996062654546,12,5.518751659687642
enc0_mlp,div/vort 850hPa,168,0.4099652022123337,0.4126428614060084,0.002677659193674723,0.0011243450765808423,0.003741022199392318,0.6531430421960253,0.2924726580839679,0.12280883016330876,0.40862060010924517,0.2924726580839679,0.06868771825299051,share,6,True,0.01585934308694769,12,11.625317976669763
enc1_attn,div/vort 850hPa,168,0.4099652022123337,0.41026023278633755,0.0002950305740038554,-0.0017654287939270336,0.002363345151146253,0.07196478442847204,0.03222530200959866,-0.19283247593178846,0.2581410808210452,0.03222530200959866,0.0075681688659503974,share,13,False,-0.38222806761830813,12,26.84928845419209
enc1_mlp,div/vort 850hPa,168,0.4099652022123337,0.407206155359745,-0.0027590468525886536,-0.0046881945182879765,-0.00022119736919800685,-0.672995375631822,-0.3013623872152997,-0.5120773829684536,-0.024160723173189902,0.3013623872152997,-0.07077548677781109,share,5,True,0.02623794764056329,12,11.386389146083232
enc2_attn,div/vort 850hPa,168,0.4099652022123337,0.4099329759677251,-3.2226244608561196e-05,-0.0002189179261525472,0.0001303193469842273,-0.007860726821363299,-0.0035199757470983813,-0.023911746466956544,0.014234390210031336,0.0035199757470983813,-0.0008266724963556744,share,19,False,-0.45534104000044606,12,32.064270970626566
enc2_mlp,div/vort 850hPa,168,0.4099652022123337,0.41030385593573254,0.0003386537233988444,4.951488226652145e-05,0.0006426842262347537,0.08260548006790225,0.0369901273793415,0.005408361626234451,0.07019846453930408,0.0369901273793415,0.008687196486055778,share,11,True,-0.008537018245062877,12,12.206652635198589
downsample,div/vort 850hPa,168,0.4099652022123337,0.413999338944753,0.004034136732419332,0.0031853508204221725,0.005258260605235895,0.9840193047238013,0.4406366187272836,0.34792628710164114,0.57434398662251,0.4406366187272836,0.10348428505204306,share,4,True,-0.5262746981262474,12,38.66227179564071
dec0_attn,div/vort 850hPa,168,0.4099652022123337,0.4100063095490138,4.11073366800944e-05,-0.00023128831138213474,0.0004182269175847368,0.010027030698767363,0.004490030715626727,-0.02526292642972653,0.045681667987181394,0.004490030715626727,0.0010544916121824233,share,17,False,-0.1517463893148311,12,16.29342510032374
dec0_mlp,div/vort 850hPa,168,0.4099652022123337,0.4100540156165759,8.881340424219768e-05,-0.000589249220987161,0.0005908771107594171,0.02166364456371555,0.00970082095345139,-0.06436191967339583,0.06453972917577169,0.00970082095345139,0.002278254866073927,share,15,False,-0.31741679062351846,12,23.160548443497827
dec1_attn,div/vort 850hPa,168,0.4099652022123337,0.4098035792509715,-0.00016162296136220297,-0.00034796806673208875,0.00010475926101207731,-0.039423580462444575,-0.01765358983274264,-0.038007505079765753,0.011442538915890291,0.01765358983274264,-0.004145976627453344,share,14,False,0.008794935213897381,12,11.790761791355761
dec1_mlp,div/vort 850hPa,168,0.4099652022123337,0.4104669317603111,0.0005017295479774475,6.939594944318135e-05,0.000931662134826183,0.12238344749015703,0.05480240909032493,0.007579910782467364,0.10176265211512905,0.05480240909032493,0.012870442180276082,share,9,True,0.10491187167701221,12,9.72118936831885
dec2_attn,div/vort 850hPa,168,0.4099652022123337,0.4100169390439987,5.173683166503906e-05,-2.9591843485832214e-05,0.0002121939013401667,0.012619810507293484,0.005651058474379892,-0.0032322280379634702,0.02317730146568639,0.005651058474379892,0.0013271610237424022,share,16,False,-0.7437601627902638,12,81.6622511992764
dec2_mlp,div/vort 850hPa,168,0.4099652022123337,0.41052206854025525,0.0005568663279215494,0.00027556171019872027,0.0008511967957019804,0.13583258406237395,0.06082483368660507,0.03009877658753842,0.09297366519966341,0.06082483368660507,0.014284819191033813,share,8,True,-0.1570684734661753,12,16.47206355976406
upsample,div/vort 850hPa,168,0.4099652022123337,0.41074275970458984,0.0007775574922561646,0.00042083741476138433,0.0011511078104376792,0.18966426615238516,0.08493026562546577,0.04596680474019999,0.1257320430677714,0.08493026562546577,0.019946022286838217,share,7,True,0.0034196422617867525,12,11.918208284125388
decoder_io,div/vort 850hPa,168,0.4099652022123337,0.4312022849917412,0.0212370827794075,0.019960433493057886,0.02231462796529134,5.18021594633004,2.3196626609969937,2.1802181002023646,2.4373596798952524,2.3196626609969937,0.5447768565593573,share,1,True,-0.05432686439957644,12,13.378747789807948
decoder_heads,div/vort 850hPa,168,0.4099652022123337,0.4144895027081172,0.004524300495783488,0.003957752759257953,0.0056053403764963145,1.103581589697999,0.49417573195954473,0.4322934271372949,0.6122544658603102,0.49417573195954473,0.11605803997773158,share,3,True,-0.27851893179358034,12,21.264906118275956
film,div/vort 850hPa,168,0.4099652022123337,0.40993037819862366,-3.482401371002197e-05,-0.00016440339386463167,0.0001565813397367795,-0.008494382821297487,-0.003803722250756281,-0.01795728811015201,0.01710290867013448,0.003803722250756281,-0.0008933108618911273,share,18,False,-0.10841302151544494,12,14.918293536311163
cond_embed,div/vort 850hPa,168,0.4099652022123337,0.41028477251529694,0.00031957030296325684,-0.00015498964736859004,0.0006890678157409031,0.07795059220605301,0.034905702776944464,-0.016929052901306234,0.07526480447770444,0.034905702776944464,0.0081976657013766,share,12,False,-0.15573838308669072,12,16.42720730067772
encoder_io,div/vort 500hPa,168,0.25140924379229546,0.2608378479878108,0.009428604195515314,0.007482582485924164,0.011510524867723384,3.7503013227727062,1.3453220115682645,1.0676535691759181,1.6423812208192723,1.3453220115682645,0.14475733393298454,share,5,True,-0.21873522568234763,12,18.719419061177206
enc0_attn,div/vort 500hPa,168,0.25140924379229546,0.25212767720222473,0.0007184334099292755,0.0002656599506735802,0.0013189855962991708,0.2857625276987895,0.10250979468240111,0.0379057357613232,0.18819968670302056,0.10250979468240111,0.011030106140123206,share,9,True,-0.5186768848003805,12,37.86255436755092
enc0_mlp,div/vort 500hPa,168,0.25140924379229546,0.25293322280049324,0.0015239790081977844,0.0007595809176564217,0.0024844574431578297,0.6061746120428398,0.2174492069432338,0.10838093390074217,0.35449523765931745,0.2174492069432338,0.02339764546500704,share,7,True,-0.46029510817250824,12,32.46874646389387
enc1_attn,div/vort 500hPa,168,0.25140924379229546,0.23771435394883156,-0.013694889843463898,-0.016071975231170654,-0.01034590347359578,-5.447249924819027,-1.9540577131425223,-2.2932325505994045,-1.476207016857203,1.9540577131425223,-0.21025760559433398,share,2,True,0.3577093445561104,12,5.6768320084344435
enc1_mlp,div/vort 500hPa,168,0.25140924379229546,0.24193752060333887,-0.00947172318895658,-0.010676022619009018,-0.008039727807044983,-3.7674522408498823,-1.3514744525648643,-1.52331012390838,-1.14714994516152,1.3514744525648643,-0.14541933971910082,share,4,True,0.18596383082977305,12,8.236704843863684
enc2_attn,div/vort 500hPa,168,0.25140924379229546,0.2513800077140331,-2.92360782623291e-05,-0.0002500926765302817,0.00020933365449309332,-0.011628879599384506,-0.0041715548561209,-0.03568451657226673,0.029868808501425547,0.0041715548561209,-0.00044886142807053523,share,17,False,-0.3144627690929408,12,23.009039506497302
enc2_mlp,div/vort 500hPa,168,0.25140924379229546,0.2515914502243201,0.00018220643202463785,-0.0003660051772991816,0.0007787446801861113,0.0724740384546758,0.02599815609702395,-0.052223511684024275,0.11111531865388742,0.02599815609702395,0.0027974148430022837,share,13,False,0.2314020340849435,12,7.489979174701
downsample,div/vort 500hPa,168,0.25140924379229546,0.25482768068710965,0.0034184368948141732,0.001336378293732802,0.005086638995756705,1.3597101058218657,0.48776025638429354,0.19068136672827185,0.7257879601254147,0.48776025638429354,0.05248325211772288,share,6,True,-0.05453331265933143,12,13.384289389936349
dec0_attn,div/vort 500hPa,168,0.25140924379229546,0.2517133293052514,0.00030408551295598346,3.19243719180425e-05,0.0005333513331909973,0.12095239950970423,0.04338849372564552,0.004555134498833104,0.07610132672473607,0.04338849372564552,0.004668624032822324,share,11,True,0.2319228253955285,12,7.481739850298185
dec0_mlp,div/vort 500hPa,168,0.25140924379229546,0.2519809777537982,0.0005717339615027109,-0.00033647272114952403,0.001358306190619866,0.22741167066038961,0.08157795864806493,-0.048009668098066276,0.19381015246769212,0.08157795864806493,0.00877782991733197,share,10,False,-0.07842201571198994,12,14.042288779871242
dec1_attn,div/vort 500hPa,168,0.25140924379229546,0.2512345264355342,-0.0001747173567612966,-0.00046743471175432206,0.0001449154689908026,-0.06949519998781004,-0.02492957610478537,-0.06669600225590837,0.02067728862166005,0.02492957610478537,-0.0026824350913588336,share,14,False,-0.013126706111867864,12,12.319231403500256
dec1_mlp,div/vort 500hPa,168,0.25140924379229546,0.25152988110979396,0.00012063731749852498,-0.00021273161595066387,0.0005037659779191015,0.04798443990316873,0.017213156399598428,-0.030353647216524497,0.07187993521842168,0.017213156399598428,0.0018521443992971667,share,15,False,-0.304544586051961,12,22.50976082529018
dec2_attn,div/vort 500hPa,168,0.25140924379229546,0.2513904919226964,-1.8751869599024456e-05,-0.00023617222905158997,0.0002936162054538727,-0.007458703314233156,-0.002675613739478496,-0.03369827512914076,0.041894678783751395,0.002675613739478496,-0.0002878974016859137,share,18,False,0.323791927584883,12,6.12973738538007
dec2_mlp,div/vort 500hPa,168,0.25140924379229546,0.25137676174441975,-3.248204787572225e-05,-0.00042125377804040913,0.0002975575625896454,-0.01291998949034573,-0.004634706588787398,-0.060106667784783456,0.042457052004670856,0.004634706588787398,-0.0004986967904973267,share,16,False,-0.09416264173563503,12,14.494822476725115
upsample,div/vort 500hPa,168,0.25140924379229546,0.2526697876552741,0.0012605438629786174,0.0006994659081101418,0.0017149270512163638,0.5013912153604144,0.17986091793088993,0.09980341342250275,0.24469466130868125,0.17986091793088993,0.019353126414741507,share,8,True,-0.2951525651817616,12,22.049921748227643
decoder_io,div/vort 500hPa,168,0.25140924379229546,0.30622924864292145,0.05482000485062599,0.051521329395473,0.059015009862681225,21.805087205113328,7.822001822380602,7.351329747616015,8.420566834160551,7.822001822380602,0.8416513816694564,share,1,True,0.2622567127066438,12,7.013564957430136
decoder_heads,div/vort 500hPa,168,0.25140924379229546,0.2631653274099032,0.011756083617607752,0.0101802088941137,0.01347265209381779,4.676074531022483,1.67741881328813,1.4525648572806225,1.9223476816043954,1.67741881328813,0.18049111901288423,share,3,True,0.03060154724466278,12,11.28737043347602
film,div/vort 500hPa,168,0.25140924379229546,0.2514132410287857,3.997236490249634e-06,-0.00023909534017244977,0.0002731898489097753,0.0015899321878363373,0.0005703463762255002,-0.03411535974226124,0.0389801405864659,0.0005703463762255002,6.136956069313e-05,share,19,False,-0.0077377991760145684,12,12.187155350743115
cond_embed,div/vort 500hPa,168,0.25140924379229546,0.251690037548542,0.00028079375624656677,-0.00027209892868995667,0.0008734961040318003,0.11168792046427205,0.04006510541285841,-0.03882448244723836,0.1246349418646773,0.04006510541285841,0.004311025756984785,share,12,False,-0.27211353535493504,12,20.972175147813722
encoder_io,div/vort 250hPa,168,0.2596755002935727,0.2687403882543246,0.009064887960751852,0.006549564997355143,0.011523456747333207,3.490852217673081,1.5108704246550981,1.0916344572271341,1.9206470134788005,1.5108704246550981,0.19975800452096773,share,5,True,0.20885320747322095,12,7.85352717073521
enc0_attn,div/vort 250hPa,168,0.2596755002935727,0.26062101125717163,0.0009455109635988871,0.0002831334869066874,0.0015294780954718582,0.364112502923823,0.15759097710571335,0.047190656238547166,0.25492242481225036,0.15759097710571335,0.020835710729021045,share,8,True,-0.04628461049822823,12,13.164740198370694
enc0_mlp,div/vort 250hPa,168,0.2596755002935727,0.26007260382175446,0.00039710352818171185,-0.0005750685309370358,0.0013225497057040533,0.1529229857005269,0.0661863642279566,-0.09584829280896695,0.2204330868882383,0.0661863642279566,0.00875075441872702,share,10,False,-0.24833937127553932,12,19.929303042953148
enc1_attn,div/vort 250hPa,168,0.2596755002935727,0.24309852967659631,-0.01657697061697642,-0.01821070866038402,-0.015097996251036723,-6.383725302631763,-2.7629304128198995,-3.035230136998035,-2.516425586947128,2.7629304128198995,-0.36529768330145757,share,2,True,-0.6833773709974822,12,63.800014912418504
enc1_mlp,div/vort 250hPa,168,0.2596755002935727,0.24614235386252403,-0.013533146431048712,-0.014533156560113033,-0.012532090147336325,-5.211560742445472,-2.255607657119053,-2.4222821637318734,-2.088758784962585,2.255607657119053,-0.298222585613968,share,3,True,-0.7266152768593195,12,75.78837282597495
enc2_attn,div/vort 250hPa,168,0.2596755002935727,0.25984854499499005,0.0001730447014172872,-9.257346391677856e-05,0.00041099637746810913,0.06663882469530387,0.028841848089754724,-0.015429480137572043,0.06850192457375345,0.028841848089754724,0.003813291945549533,share,13,False,-0.3015907110850346,12,22.363804120197084
enc2_mlp,div/vort 250hPa,168,0.2596755002935727,0.2598291262984276,0.00015362600485483804,-0.0003072867790857951,0.000577128616472085,0.05916076205924632,0.025605279204558858,-0.05121635351902854,0.09619165307118328,0.025605279204558858,0.0033853726935402354,share,14,False,-0.18218039286243318,12,17.3463250214823
downsample,div/vort 250hPa,168,0.2596755002935727,0.2620488591492176,0.0023733588556448617,6.403448060154916e-05,0.004477834266920884,0.9139710342183579,0.39557440948113787,0.01067280735491924,0.7463332574754487,0.39557440948113787,0.052300417949838945,share,6,True,-0.035319208230691866,12,12.87869583884004
dec0_attn,div/vort 250hPa,168,0.2596755002935727,0.25956179077426594,-0.00011370951930681865,-0.0005610799416899681,0.0001514504974087078,-0.043789082596650764,-0.01895228605872045,-0.09351677521409421,0.025242681247120615,0.01895228605872045,-0.0025057548168399635,share,15,False,-0.03836638213878438,12,12.95753013853527
dec0_mlp,div/vort 250hPa,168,0.2596755002935727,0.2596794826289018,3.982335329055786e-06,-0.0008647651722033818,0.0006840475214024385,0.0015335814601506916,0.0006637470530005841,-0.14413284848205626,0.11401212829329326,0.0006637470530005841,8.775655718082977e-05,share,18,False,0.3715166075190848,12,5.498876694911649
dec1_attn,div/vort 250hPa,168,0.2596755002935727,0.2596791535615921,3.653268019358317e-06,-0.00039021242409944536,0.0002764115110039706,0.0014068589509707934,0.0006089004770588458,-0.0650378044888627,0.04607028556980514,0.0006089004770588458,8.050507989585319e-05,share,19,False,0.09246411648041093,12,9.968684955365621
dec1_mlp,div/vort 250hPa,168,0.2596755002935727,0.2593414932489395,-0.00033400704463322956,-0.0008116225401560465,0.00011954208215077689,-0.12862478141204012,-0.05566989548549769,-0.13527541622296108,0.019924415746261324,0.05566989548549769,-0.007360331536446906,share,11,False,-0.14416646858935292,12,16.042836742376117
dec2_attn,div/vort 250hPa,168,0.2596755002935727,0.25957422455151874,-0.0001012757420539856,-0.0003068353980779648,0.0001297472044825552,-0.03900088454224201,-0.016879913360967145,-0.05114112057429336,0.021625332247141308,0.016879913360967145,-0.0022317584317287542,share,16,False,-0.25096310341022315,12,20.041145248341508
dec2_mlp,div/vort 250hPa,168,0.2596755002935727,0.25989992047349614,0.00022442017992337546,-3.385171294212341e-05,0.0005097070087989167,0.08642331666624699,0.03740474388763223,-0.005642160402821616,0.08495430370104938,0.03740474388763223,0.004945425416158348,share,12,False,-0.2105430513448018,12,18.400644444111666
upsample,div/vort 250hPa,168,0.2596755002935727,0.26201306531826657,0.002337565024693807,0.001618976394335429,0.002952812736233075,0.9001869726066201,0.38960855079615453,0.2698393585234417,0.49215362087601816,0.38960855079615453,0.05151164876969008,share,7,True,0.20708266505831568,12,7.882648218496724
decoder_io,div/vort 250hPa,168,0.2596755002935727,0.3046327581008275,0.04495725780725479,0.042475485056638715,0.04864031442751487,17.31286076523544,7.493152865062221,7.079508806155423,8.107018292188755,7.493152865062221,0.9906986327018051,share,1,True,0.12167879004788226,12,9.39649979382733
decoder_heads,div/vort 250hPa,168,0.2596755002935727,0.27280810723702115,0.013132606943448385,0.012509980238974094,0.013869536419709524,5.057314582469848,2.1888486118509802,2.085073664221881,2.3116747246016534,2.1888486118509802,0.28939611482675975,share,4,True,-0.21827206687012415,12,18.701218394370272
film,div/vort 250hPa,168,0.2596755002935727,0.2597036510705948,2.8150777022043865e-05,-0.00021302780757347743,0.00021511813004811606,0.010840752011729399,0.004691969345657387,-0.035505945080118693,0.03585434501827539,0.004691969345657387,0.0006203433586808267,share,17,False,-0.28683694025799156,12,21.65289280221856
cond_embed,div/vort 250hPa,168,0.2596755002935727,0.2601352408528328,0.0004597405592600505,-0.0005322153369585672,0.0013270615289608636,0.17704425667430962,0.07662625473230815,-0.08870583019228546,0.22118508518645227,0.07662625473230815,0.010131052596873392,share,9,False,0.16159154557140804,12,8.661307403192197
encoder_io,HypsRel 600-500,168,0.0011746724371702593,0.001246964415936993,7.229197876673398e-05,5.2646624910817975e-05,9.723949756287441e-05,6.154224486690313,1.3893216303159701,1.011773311500344,1.8687680098103079,1.3893216303159701,0.12522992065051047,share,3,True,0.4563471603500077,12,4.479587184577623
enc0_attn,HypsRel 600-500,168,0.0011746724371702593,0.0011730721543518584,-1.6002828184007362e-06,-5.921357262522699e-06,1.4411177557991728e-06,-0.1362322608212172,-0.030754553577806175,-0.1137978219159903,0.02769568773908737,0.030754553577806175,-0.0027721372935902737,share,16,False,0.05461072092356991,12,10.757212233706598
enc0_mlp,HypsRel 600-500,168,0.0011746724371702593,0.001181980397421536,7.307960251276857e-06,3.657063427487895e-06,1.0387942467541476e-05,0.6221274986992503,0.14044583401637836,0.07028217251655035,0.19963754500622927,0.14044583401637836,0.012659430520466183,share,7,True,-0.45722228403023635,12,32.216995823271716
enc1_attn,HypsRel 600-500,168,0.0011746724371702593,0.0011468764804208555,-2.7795956749403753e-05,-4.016441134947877e-05,-6.697198398515631e-06,-2.366273002571095,-0.534188226772458,-0.7718876479615291,-0.12870809121989127,0.534188226772458,-0.04815036906604393,share,4,True,0.15351769400459728,12,8.805922722069965
enc1_mlp,HypsRel 600-500,168,0.0011746724371702593,0.0011766701690158234,1.9977318455642588e-06,-8.163488152386184e-06,1.014086479932219e-05,0.17006714232409487,0.0383928080537013,-0.15688753942584435,0.19488915722267275,0.0383928080537013,0.003460630138625163,share,14,False,-0.026915579238152704,12,12.663841582429118
enc2_attn,HypsRel 600-500,168,0.0011746724371702593,0.0011733359639489543,-1.3364732213048632e-06,-2.2395323280431037e-06,-2.862905486735494e-07,-0.1137741194068004,-0.02568460825630815,-0.043039777831810115,-0.005501988721468205,0.02568460825630815,-0.002315145308106517,share,18,True,-0.25753435669423,12,20.324728041477968
enc2_mlp,HypsRel 600-500,168,0.0011746724371702593,0.0011715411076001988,-3.1313295700603552e-06,-4.517099297914138e-06,-2.260415738512893e-06,-0.26657044729878976,-0.06017851465057363,-0.08681051297720231,-0.0434411193689406,0.06017851465057363,-0.005424338360616316,share,12,True,-0.01714591468811368,12,12.418680614614473
downsample,HypsRel 600-500,168,0.0011746724371702593,0.0011672415672517,-7.430869918559047e-06,-1.83614171343115e-05,3.324634730714338e-06,-0.6325908128447899,-0.14280793645489487,-0.35287336746261444,0.0638934916857833,0.14280793645489487,-0.012872344430743764,share,6,False,0.14450026091141066,12,8.96985105174887
dec0_attn,HypsRel 600-500,168,0.0011746724371702593,0.0011707248590766444,-3.94757809361454e-06,-6.743974136975672e-06,-2.23110487899026e-06,-0.3360577782112692,-0.07586534116761375,-0.12960703666757686,-0.04287781743928467,0.07586534116761375,-0.00683830903315273,share,10,True,0.10796824910308242,12,9.66127054581968
dec0_mlp,HypsRel 600-500,168,0.0011746724371702593,0.0011737437404654514,-9.286967048075539e-07,-5.266598520633924e-06,3.26597580967431e-06,-0.07906005754631892,-0.017847878035758345,-0.10121453815113723,0.06276617287113483,0.017847878035758345,-0.00160876236389531,share,19,False,0.022689835630606472,12,11.467525699227494
dec1_attn,HypsRel 600-500,168,0.0011746724371702593,0.001169755708344367,-4.916728825892225e-06,-5.8049845859148445e-06,-4.077223225112331e-06,-0.4185616917799174,-0.094490672751559,-0.11156134866477732,-0.07835688709743582,0.094490672751559,-0.008517149083902135,share,8,True,-0.3770616590440896,12,26.527087549582443
dec1_mlp,HypsRel 600-500,168,0.0011746724371702593,0.0011730886648347305,-1.5837723355290516e-06,-3.284873810662975e-06,1.2519865279004705e-07,-0.1348267215109174,-0.03043725183324322,-0.06312935841386293,0.002406092617396612,0.03043725183324322,-0.002743536520790925,share,17,False,-0.21933971658414406,12,18.743206116475704
dec2_attn,HypsRel 600-500,168,0.0011746724371702593,0.0011706415880152173,-4.030849155041937e-06,-4.825954152449199e-06,-3.1725445255783267e-06,-0.34314665327060007,-0.07746566099277377,-0.09274614701785065,-0.060970591865369385,0.07746566099277377,-0.006982557794812511,share,9,True,-0.08402155644645037,12,14.201489968357448
dec2_mlp,HypsRel 600-500,168,0.0011746724371702593,0.0011709567955444893,-3.7156416257697685e-06,-5.198081170130183e-06,-2.620300210565822e-06,-0.3163129999645353,-0.07140793998517295,-0.0998977580777359,-0.050357450751310456,0.07140793998517295,-0.006436530219518622,share,11,True,-0.1621702797700948,12,16.645438829043048
upsample,HypsRel 600-500,168,0.0011746724371702593,0.001172876760936435,-1.7956762338241648e-06,-3.776773059485445e-06,-2.2119554168925783e-07,-0.15286612480240702,-0.034509663108630094,-0.07258277604032459,-0.0042509799266935685,0.034509663108630094,-0.003110613322695289,share,15,True,-0.6456688007388623,12,55.73323955114746
decoder_io,HypsRel 600-500,168,0.0011746724371702593,0.0017804413607742286,0.0006057689236039697,0.0005607790119236721,0.0006452635692382406,51.56917830329311,11.641787690607433,10.777162617262432,12.40080364780525,11.641787690607433,1.0493611536108391,share,1,True,0.6266669637818717,12,2.754095665779001
decoder_heads,HypsRel 600-500,168,0.0011746724371702593,0.0012830116267411884,0.000108339189570929,0.00010407336862560152,0.00011313520687205655,9.222927698202739,2.0820840990875835,2.0001027034818293,2.1742549137408447,2.0820840990875835,0.18767376885734396,share,2,True,-0.3347336571606231,12,24.075776654455833
film,HypsRel 600-500,168,0.0011746724371702593,0.0011724509342215588,-2.2215029487003242e-06,-3.5006996551245747e-06,-1.2174215424948964e-06,-0.18911680213182147,-0.04269328563268357,-0.06727714243094245,-0.023396649407791643,0.04269328563268357,-0.0038482642574812613,share,13,True,-0.06291185764768638,12,13.61125140240736
cond_embed,HypsRel 600-500,168,0.0011746724371702593,0.001153510787739736,-2.1161649430522986e-05,-2.491118721563458e-05,-1.8194375907438937e-05,-1.8014936556697105,-0.4066887888330722,-0.4787481519520646,-0.34966313593198495,0.4066887888330722,-0.03665789378333874,share,5,True,-0.10708756194297668,12,14.878335407919707
encoder_io,|DryAir Md err|,168,312902684071253.3,320645078450176.0,7742394378922.667,962072674304.0,16584300385621.334,2.474377745241582,0.08225920834596055,0.010221558433521724,0.17620019775880308,0.08225920834596055,-0.050323829375418745,share,11,True,-0.3365355069432623,12,24.17375195080347
enc0_attn,|DryAir Md err|,168,312902684071253.3,249589139505152.0,-63313544566101.336,-67161835263317.336,-60564765496661.336,-20.23426061493412,-0.6726758931012868,-0.7135621268353738,-0.6434714404340819,0.6726758931012868,0.41152385915283257,share,2,True,0.29962361529661174,12,6.4668851177519615
enc0_mlp,|DryAir Md err|,168,312902684071253.3,304931224769877.3,-7971459301376.0,-12323692827989.334,-4672924418048.0,-2.547584187408492,-0.0846929127348943,-0.13093329612463542,-0.04964756953424838,0.0846929127348943,0.05181270006699918,share,10,True,-0.10091387190937116,12,14.693771875858344
enc1_attn,|DryAir Md err|,168,312902684071253.3,281704041633109.3,-31198642438144.0,-39721002878020.266,-24051816857600.0,-9.970717423133236,-0.3314705377727759,-0.42201650956305586,-0.2555389608380431,0.3314705377727759,0.20278418819325542,share,5,True,-0.0675675118928991,12,13.739128897923296
enc1_mlp,|DryAir Md err|,168,312902684071253.3,301770128840021.3,-11132555231232.0,-24876450578432.0,-1233514607411.2188,-3.5578330893118597,-0.11827803330217995,-0.2643002966382046,-0.01310549813440841,0.11827803330217995,0.0723591156108092,share,8,True,0.1199599581410529,12,9.429337562957166
enc2_attn,|DryAir Md err|,168,312902684071253.3,314322886590464.0,1420202519210.6667,687194767360.0,2336462209024.0,0.4538799414348464,0.015088967211389213,0.007301113166801231,0.02482378476712419,0.015088967211389213,-0.009230998287798704,share,17,True,-0.31766448632274225,12,23.173312130067313
enc2_mlp,|DryAir Md err|,168,312902684071253.3,316017967016618.7,3115282945365.3335,1420202519210.6667,4535485464576.0,0.9956076134699856,0.03309837968949892,0.015088967211389213,0.04818734690088813,0.03309837968949892,-0.02024864140549393,share,16,True,-0.24508483957272686,12,19.791651907502136
downsample,|DryAir Md err|,168,312902684071253.3,272220753843541.34,-40681930227712.0,-51447981583018.664,-32114902127957.332,-13.00146412884334,-0.4322258994746329,-0.5466100057545189,-0.3412053553285109,0.4322258994746329,0.26442343482468544,share,4,True,0.44712990322420226,12,4.584551218607295
dec0_attn,|DryAir Md err|,168,312902684071253.3,311848985427968.0,-1053698643285.3334,-2153210271061.3333,137438953472.0,-0.33674963396778923,-0.011195040189095222,-0.022876821255977193,0.0014602226333602464,0.011195040189095222,0.006848805181270006,share,18,False,-0.17837689227493236,12,17.21047348151131
dec0_mlp,|DryAir Md err|,168,312902684071253.3,320416013527722.7,7513329456469.333,5314306200917.333,9805124005614.926,2.4011713030746704,0.0798255039570268,0.056461941823262855,0.10417471636830883,0.0798255039570268,-0.0488349586838383,share,12,True,0.10560183358148849,12,9.707634042405989
dec1_attn,|DryAir Md err|,168,312902684071253.3,313544065854122.7,641381782869.3334,-46958309102.933266,1511828488192.0,0.20497803806734996,0.006814372289014483,-0.0004989093997314168,0.01606244896696271,0.006814372289014483,-0.004168837936425221,share,19,False,-0.5313254777300109,12,39.208245508541495
dec1_mlp,|DryAir Md err|,168,312902684071253.3,323118979612672.0,10216295541418.666,7696581394432.0,13654560027443.188,3.2650073206442167,0.10854321574644497,0.08177246746817379,0.14507311862434033,0.10854321574644497,-0.06640363284448744,share,9,True,0.31085811753456927,12,6.308617598629689
dec2_attn,|DryAir Md err|,168,312902684071253.3,325776132713130.7,12873448641877.334,11361620153685.334,14385277130069.334,4.114202049780381,0.13677418665807642,0.12071173769111371,0.15283663562503913,0.13677418665807642,-0.08367453286682051,share,7,True,-0.0474876673509637,12,13.19652415759646
dec2_mlp,|DryAir Md err|,168,312902684071253.3,305480980583765.3,-7421703487488.0,-8154711239338.667,-6734508720128.0,-2.3718887262079065,-0.0788520222014533,-0.08663987624604129,-0.07155090903465207,0.0788520222014533,0.04823941040720613,share,13,True,-0.5007440476190477,12,36.0715350223547
upsample,|DryAir Md err|,168,312902684071253.3,307817442792789.3,-5085241278464.0,-8155856563950.934,-2657153100458.6665,-1.6251830161054175,-0.054028237434329114,-0.08665204476798595,-0.028230970911631428,0.054028237434329114,0.03305292935308568,share,14,True,0.5994849225326122,12,3.0048304062776556
decoder_io,|DryAir Md err|,168,312902684071253.3,253070926326442.66,-59831757744810.664,-68354118184686.93,-52271469979238.41,-19.121522693997072,-0.6356835863894938,-0.7262295581797739,-0.5553591730327357,0.6356835863894938,0.3888930246408099,share,3,True,-0.47129144183551447,12,33.393628738147655
decoder_heads,|DryAir Md err|,168,312902684071253.3,384920695690581.3,72018011619328.0,69131793596416.0,74858416657749.33,23.016105417276723,0.7651566598807691,0.7344919845802039,0.7953345943035475,0.7651566598807691,-0.4681009454328891,share,1,True,-0.15796168811733013,12,16.502266062383363
film,|DryAir Md err|,168,312902684071253.3,316430283877034.7,3527599805781.3335,2840405038421.3335,4489672480085.333,1.127379209370425,0.03747904758957966,0.030177934422778427,0.047700606023101375,0.03747904758957966,-0.022928608650338717,share,15,True,-0.09586466165413532,12,14.544698544698543
cond_embed,|DryAir Md err|,168,312902684071253.3,332098324572842.7,19195640501589.332,14889219959466.666,21532102710613.332,6.134699853587116,0.20394442779264774,0.15819078528069336,0.22876821255977192,0.20394442779264774,-0.12476736395444055,share,6,True,-0.23301955514721953,12,19.291540952659787
encoder_io,neg-q fraction,168,0.0009770262023873026,0.0014437049958360149,0.00046667879344871227,0.00016088875808388064,0.000945688262822841,47.76522802647582,0.9893019479522951,0.3410644837743224,2.0047434203137353,0.9893019479522951,0.15241782029561682,share,3,True,0.3173853303117886,12,6.217904395762373
enc0_attn,neg-q fraction,168,0.0009770262023873026,0.0009454200959074418,-3.1606106479860806e-05,-6.96269561463699e-05,-6.211297450893969e-06,-3.2349292580519595,-0.06700107900049734,-0.14760062876772406,-0.01316719069677599,0.06700107900049734,-0.010322590024054685,share,9,True,0.21445656161438928,12,7.761925422920488
enc0_mlp,neg-q fraction,168,0.0009770262023873026,0.0010493703457541415,7.234414336683888e-05,2.492800445376512e-05,0.00012867672641050376,7.404524381236703,0.1533607332505014,0.05284431971384101,0.27277891749333605,0.1533607332505014,0.023627678818748377,share,6,True,0.1292376798837072,12,9.253275929006907
enc1_attn,neg-q fraction,168,0.0009770262023873026,0.0008788877088742689,-9.813849351303361e-05,-0.00026410339676393357,7.646708431442062e-05,-10.044612240003218,-0.20804159984230738,-0.5598668903477647,0.1621008636528124,0.20804159984230738,-0.032052142669294,share,5,False,-0.2855219338895261,12,21.59095420612825
enc1_mlp,neg-q fraction,168,0.0009770262023873026,0.0009335863276949871,-4.343987469231555e-05,-0.00031509594663627164,0.00021054810423114153,-4.44613200609901,-0.09208721985057228,-0.6679648575747729,0.44633622221024005,0.09208721985057228,-0.01418751206925178,share,7,False,0.011024175627159493,12,11.738304759243068
enc2_attn,neg-q fraction,168,0.0009770262023873026,0.0009630717775811112,-1.3954424806191431e-05,-2.8447647586441842e-05,-3.95075957158042e-06,-1.428254920092692,-0.029581673384599994,-0.060305532556881127,-0.008375126950106906,0.029581673384599994,-0.004557530880546704,share,18,True,0.3117976397695884,12,6.295504788540019
enc2_mlp,neg-q fraction,168,0.0009770262023873026,0.0009499210960560353,-2.7105106331267354e-05,-5.5510920333290414e-05,-7.672482867822814e-06,-2.774245589835535,-0.05745950934435131,-0.11767635982024588,-0.016264725017126586,0.05745950934435131,-0.008852558298959262,share,12,True,-0.4597287293560105,12,32.42212885277541
downsample,neg-q fraction,168,0.0009770262023873026,0.0010901640096866079,0.00011313780729930538,2.5645670916674138e-05,0.00025143932847034495,11.579813010424921,0.2398383100314477,0.05436568481485443,0.5330206149057996,0.2398383100314477,0.03695093546923893,share,4,True,0.6083555306450902,12,2.9220738466786114
dec0_attn,neg-q fraction,168,0.0009770262023873026,0.0009585831172292577,-1.8443085158044898e-05,-3.7518323947930786e-05,-5.470165712040406e-06,-1.8876755928326558,-0.03909708418132584,-0.0795342567235644,-0.011596082081535945,0.03909708418132584,-0.006023532414109102,share,14,True,0.09791482253565661,12,9.85961925950823
dec0_mlp,neg-q fraction,168,0.0009770262023873026,0.0009740090399645851,-3.017162422717471e-06,-3.2045080994672993e-05,2.8348728460514356e-05,-0.30881079907020126,-0.0063960152121437614,-0.06793165126712174,0.060095836111823876,0.0063960152121437614,-0.0009854086502410972,share,19,False,0.2444038138377745,12,7.28634397702733
dec1_attn,neg-q fraction,168,0.0009770262023873026,0.000952425108304548,-2.460109408275457e-05,-4.52114016828394e-05,-9.77845265121385e-06,-2.5179564296887156,-0.05215130972198654,-0.09584264033930703,-0.02072912331052449,0.05215130972198654,-0.008034745074382585,share,13,True,0.33530822538586963,12,5.973378388397643
dec1_mlp,neg-q fraction,168,0.0009770262023873026,0.0009472748968922436,-2.975130549505896e-05,-6.415061701166755e-05,-3.4668216926547848e-06,-3.0450877798736102,-0.06306912783175421,-0.13599145978541027,-0.007349237852445028,0.06306912783175421,-0.009716809930435048,share,11,True,0.17150009349700399,12,8.48655406279861
dec2_attn,neg-q fraction,168,0.0009770262023873026,0.0009456055613554781,-3.142064103182444e-05,-5.583189062766299e-05,-1.36307548776434e-05,-3.215946609727565,-0.06660791494077156,-0.11835677757634541,-0.02889553273432565,0.06660791494077156,-0.010262016799544197,share,10,True,0.5528423567431324,12,3.455528950367255
dec2_mlp,neg-q fraction,168,0.0009770262023873026,0.0009615879171178676,-1.5438285269434953e-05,-2.9374192611915834e-05,-5.187297877758586e-06,-1.5801301164403232,-0.03272727602903972,-0.062269694656026664,-0.010996436879318703,0.03272727602903972,-0.005042161381450914,share,17,True,0.19317707688714092,12,8.114365641865318
upsample,neg-q fraction,168,0.0009770262023873026,0.0009409004942426691,-3.6125708144633485e-05,-7.52840354152795e-05,-9.994538345381492e-06,-3.697516817498095,-0.07658208159520692,-0.15959294472254765,-0.021187198545923346,0.07658208159520692,-0.011798697025314426,share,8,True,-0.18090806729221692,12,17.300740297441283
decoder_io,neg-q fraction,168,0.0009770262023873026,0.003473761730371431,0.0024967355279841286,0.0014131191919015387,0.0038756207623009686,255.5443776107039,5.292773865088546,2.995639803784238,8.215841867025137,5.292773865088546,0.8154366394447893,share,1,True,0.6391561063324681,12,2.641680500888247
decoder_heads,neg-q fraction,168,0.0009770262023873026,0.001962498039726294,0.0009854718373389915,0.0005266503805008445,0.0015716297701146682,100.86442256421091,2.0890797311078924,1.1164343754920636,3.331662837182535,2.0890797311078924,0.321856213563801,share,2,True,0.49488771882373606,12,4.054717486664875
film,neg-q fraction,168,0.0009770262023873026,0.0009589231678243474,-1.8103034562955145e-05,-3.824714159084882e-05,-4.673680897819094e-06,-1.8528709382329265,-0.038376218522017495,-0.08107926096194545,-0.00990763171849162,0.038376218522017495,-0.00591247150621828,share,15,True,0.28794754457761523,12,6.634299277980956
cond_embed,neg-q fraction,168,0.0009770262023873026,0.0009927488777066173,1.5722675319314778e-05,-1.3350217102470197e-05,5.845213063366827e-05,1.609237836293172,0.03333014814209467,-0.02830082697235587,0.12391136582512223,0.03333014814209467,0.0051350434924980455,share,16,False,0.05204420429070377,12,10.812729638276924
encoder_io,|neg-q mass|,168,17387699733.333332,21948993450.666668,4561293717.333333,1875094250.6666667,8981669353.599998,26.232876040463488,0.44088034590644515,0.1812407297297257,0.8681399920344365,0.44088034590644515,0.03409999006335103,share,3,True,0.1881177503704244,12,8.200018047468292
enc0_attn,|neg-q mass|,168,17387699733.333332,16327569184.0,-1060130549.3333334,-1685224886.1333334,-430912208.8000001,-6.097014358379996,-0.10246889419112439,-0.1628885524089826,-0.04165062270581485,0.10246889419112439,-0.007925479795512082,share,6,True,-0.2789247021390659,12,21.28362526243219
enc0_mlp,|neg-q mass|,168,17387699733.333332,17382651904.0,-5047829.333333333,-819403328.0,816963279.4666666,-0.02903103579397752,-0.00048790735270996463,-0.07920095592895406,0.07896510849003195,0.00048790735270996463,-3.773730454016702e-05,share,18,False,-0.4389336693476308,12,30.775691016950628
enc1_attn,|neg-q mass|,168,17387699733.333332,12981711914.666666,-4405987818.666667,-8065790912.0,-1346237837.3333347,-25.339681994968583,-0.4258689648008448,-0.7796140541834242,-0.1301231273794971,0.4258689648008448,-0.03293893139677402,share,4,True,-0.09634946760371167,12,14.558939700236909
enc1_mlp,|neg-q mass|,168,17387699733.333332,17024233600.0,-363466133.3333333,-4365285246.4,3237061628.7999926,-2.090363526559787,-0.03513149657088123,-0.421934781814115,0.31288422519306197,0.03513149657088123,-0.002717253547591602,share,13,False,-0.1557058958888867,12,16.426113463468507
enc2_attn,|neg-q mass|,168,17387699733.333332,17389383317.333332,1683584.0,-517246872.53333336,307911782.4,0.009682614870398652,0.00016272994950136715,-0.049995460545532285,0.029761787235343142,0.00016272994950136715,1.2586384747084533e-05,share,19,False,0.3250830916578049,12,6.1120717267426
enc2_mlp,|neg-q mass|,168,17387699733.333332,16894193706.666666,-493506026.6666667,-906852196.2666667,-31298282.666666668,-2.8382479237353295,-0.04770074483844407,-0.087653489284573,-0.0030251938470704054,0.04770074483844407,-0.0036894248974993983,share,9,True,-0.01570658865626293,12,12.382973332347815
downsample,|neg-q mass|,168,17387699733.333332,19028049226.666668,1640349493.3333333,261464509.86666667,3872583462.9333334,9.43396492055058,0.15855103767600934,0.025272339536965414,0.3743117726011716,0.15855103767600934,0.01226316586685221,share,5,True,0.3437478532642909,12,5.860493649681488
dec0_attn,|neg-q mass|,168,17387699733.333332,16957350805.333334,-430348928.0,-931363707.1999999,-33564370.13333336,-2.47501932170472,-0.041596177750208775,-0.09002269506009922,-0.0032442267548530596,0.041596177750208775,-0.0032172657754548513,share,11,True,0.20523874624025107,12,7.913067078923684
dec0_mlp,|neg-q mass|,168,17387699733.333332,18230140821.333332,842441088.0,324691882.6666667,1472112169.5999997,4.845040464926977,0.08142771356113909,0.03138369910253988,0.14228974557809768,0.08142771356113909,0.006298044921025918,share,7,True,0.13310824647673175,12,9.180677198868871
dec1_attn,|neg-q mass|,168,17387699733.333332,16730401664.0,-657298069.3333334,-1243735338.6666667,-161916798.4000003,-3.780247412906786,-0.06353237000943195,-0.12021555731955902,-0.01565036994118208,0.06353237000943195,-0.004913925526819678,share,8,True,0.5435107923601112,12,3.5489680530854635
dec1_mlp,|neg-q mass|,168,17387699733.333332,17052414794.666666,-335284938.6666667,-964511872.0,327567088.5333326,-1.928288064601806,-0.03240759067429701,-0.09322669271270641,0.03166160748459184,0.03240759067429701,-0.00250657242998348,share,15,False,0.0899819392845958,12,10.018713462126062
dec2_attn,|neg-q mass|,168,17387699733.333332,16961028064.0,-426671669.3333333,-1289421690.9333332,199035445.0666665,-2.4538707009954654,-0.04124074545985074,-0.12463145685130575,0.019238141919073106,0.04124074545985074,-0.00318977478457277,share,12,False,0.665407563140451,12,2.410886879091215
dec2_mlp,|neg-q mass|,168,17387699733.333332,17254569077.333332,-133130656.0,-278245949.06666666,64578099.99999994,-0.7656599667682322,-0.012867991693888681,-0.026894380821259077,0.0062419166206700875,0.012867991693888681,-0.0009952777277805907,share,17,False,-0.060277032971225365,12,13.53944177387027
upsample,|neg-q mass|,168,17387699733.333332,16932994666.666666,-454705066.6666667,-1458154752.0,307887106.1333331,-2.6150961521089995,-0.043950365729706654,-0.1409406653651606,0.029759402104795104,0.043950365729706654,-0.003399350977150763,share,10,False,-0.17940721058770676,12,17.247149511499785
decoder_io,|neg-q mass|,168,17387699733.333332,104917809834.66667,87530110101.33333,47825305350.933334,139430973090.1333,503.4024709636118,8.460385936572859,4.622644028836604,13.476960585206246,8.460385936572859,0.6543704636596996,share,1,True,0.6954351753790206,12,2.1556577028282518
decoder_heads,|neg-q mass|,168,17387699733.333332,45277037205.333336,27889337472.0,13043862677.333332,46584203267.19999,160.39693518823745,2.695695895449913,1.2607788591393247,4.50268299368067,2.695695895449913,0.20849920869043298,share,2,True,0.5763896233971281,12,3.224662509690892
film,|neg-q mass|,168,17387699733.333332,17076216288.0,-311483445.3333333,-920776608.0,49609009.33333293,-1.7914011060140385,-0.03010701297327914,-0.0889993792539488,0.004795051261847416,0.03010701297327914,-0.0023286337274010718,share,16,False,0.25047734649861964,12,7.192670756652122
cond_embed,|neg-q mass|,168,17387699733.333332,17027126016.0,-360573717.3333333,-794278052.8,93020809.5999996,-2.0737286867341655,-0.03485192471131441,-0.07677242562425649,0.008991099730565404,0.03485192471131441,-0.0026956299988856133,share,14,False,0.0711436026918495,12,10.40595933139733
encoder_io,EffRes Z500,168,55.636112936486484,55.636112936486484,0.0,0.0,0.0,0.0,0.0,0.0,0.0,0.0,0.0,colmax,1,False,0.0,12,12.0
enc0_attn,EffRes Z500,168,55.636112936486484,55.636112936486484,0.0,0.0,0.0,0.0,0.0,0.0,0.0,0.0,0.0,colmax,2,False,0.0,12,12.0
enc0_mlp,EffRes Z500,168,55.636112936486484,55.636112936486484,0.0,0.0,0.0,0.0,0.0,0.0,0.0,0.0,0.0,colmax,3,False,0.0,12,12.0
enc1_attn,EffRes Z500,168,55.636112936486484,55.636112936486484,0.0,0.0,0.0,0.0,0.0,0.0,0.0,0.0,0.0,colmax,4,False,0.0,12,12.0
enc1_mlp,EffRes Z500,168,55.636112936486484,55.636112936486484,0.0,0.0,0.0,0.0,0.0,0.0,0.0,0.0,0.0,colmax,5,False,0.0,12,12.0
enc2_attn,EffRes Z500,168,55.636112936486484,55.636112936486484,0.0,0.0,0.0,0.0,0.0,0.0,0.0,0.0,0.0,colmax,6,False,0.0,12,12.0
enc2_mlp,EffRes Z500,168,55.636112936486484,55.636112936486484,0.0,0.0,0.0,0.0,0.0,0.0,0.0,0.0,0.0,colmax,7,False,0.0,12,12.0
downsample,EffRes Z500,168,55.636112936486484,55.636112936486484,0.0,0.0,0.0,0.0,0.0,0.0,0.0,0.0,0.0,colmax,8,False,0.0,12,12.0
dec0_attn,EffRes Z500,168,55.636112936486484,55.636112936486484,0.0,0.0,0.0,0.0,0.0,0.0,0.0,0.0,0.0,colmax,9,False,0.0,12,12.0
dec0_mlp,EffRes Z500,168,55.636112936486484,55.636112936486484,0.0,0.0,0.0,0.0,0.0,0.0,0.0,0.0,0.0,colmax,10,False,0.0,12,12.0
dec1_attn,EffRes Z500,168,55.636112936486484,55.636112936486484,0.0,0.0,0.0,0.0,0.0,0.0,0.0,0.0,0.0,colmax,11,False,0.0,12,12.0
dec1_mlp,EffRes Z500,168,55.636112936486484,55.636112936486484,0.0,0.0,0.0,0.0,0.0,0.0,0.0,0.0,0.0,colmax,12,False,0.0,12,12.0
dec2_attn,EffRes Z500,168,55.636112936486484,55.636112936486484,0.0,0.0,0.0,0.0,0.0,0.0,0.0,0.0,0.0,colmax,13,False,0.0,12,12.0
dec2_mlp,EffRes Z500,168,55.636112936486484,55.636112936486484,0.0,0.0,0.0,0.0,0.0,0.0,0.0,0.0,0.0,colmax,14,False,0.0,12,12.0
upsample,EffRes Z500,168,55.636112936486484,55.636112936486484,0.0,0.0,0.0,0.0,0.0,0.0,0.0,0.0,0.0,colmax,15,False,0.0,12,12.0
decoder_io,EffRes Z500,168,55.636112936486484,55.636112936486484,0.0,0.0,0.0,0.0,0.0,0.0,0.0,0.0,0.0,colmax,16,False,0.0,12,12.0
decoder_heads,EffRes Z500,168,55.636112936486484,55.636112936486484,0.0,0.0,0.0,0.0,0.0,0.0,0.0,0.0,0.0,colmax,17,False,0.0,12,12.0
film,EffRes Z500,168,55.636112936486484,55.636112936486484,0.0,0.0,0.0,0.0,0.0,0.0,0.0,0.0,0.0,colmax,18,False,0.0,12,12.0
cond_embed,EffRes Z500,168,55.636112936486484,55.636112936486484,0.0,0.0,0.0,0.0,0.0,0.0,0.0,0.0,0.0,colmax,19,False,0.0,12,12.0
encoder_io,DKE<1000km 500hPa,168,0.8321358561515808,0.8313708901405334,-0.0007648865381876627,-0.015188336124022803,0.012421812737981477,-0.09191847384342151,-0.020562687766118082,-0.40831286447416587,0.3339395375234509,0.020562687766118082,0.027647811600179126,share,14,False,-0.26984566983301855,12,20.869763293071696
enc0_attn,DKE<1000km 500hPa,168,0.8321358561515808,0.8303413391113281,-0.0017945120731989543,-0.0035471867769956587,0.00048257187008857486,-0.21565134543075526,-0.048242438076045766,-0.09536014886114902,0.012973132868640564,0.048242438076045766,0.0648649560908847,share,7,False,-0.006433256119474114,12,12.155397861108307
enc0_mlp,DKE<1000km 500hPa,168,0.8321358561515808,0.8353068232536316,0.003171046574910482,0.000588114062945048,0.008256349836786584,0.38107320118721627,0.08524825233060186,0.01581045716382461,0.22195807522504632,0.08524825233060186,-0.11462157313717569,share,4,True,-0.253204446900348,12,20.13730973676199
enc1_attn,DKE<1000km 500hPa,168,0.8321358561515808,0.7752318978309631,-0.05690397322177887,-0.06933557565013568,-0.04109039766093095,-6.838303608488329,-1.52976758720769,-1.8639703040871167,-1.104646212351107,1.52976758720769,2.056867590669223,share,1,True,0.16096606083661827,12,8.672438936505223
enc1_mlp,DKE<1000km 500hPa,168,0.8321358561515808,0.8320834636688232,-5.2303075790405273e-05,-0.010568708181381226,0.009272903203964233,-0.006285401381703132,-0.0014060802001222364,-0.2841219391046999,0.24928640229483387,0.0014060802001222364,0.001890562211997287,share,19,False,-0.15111563509326137,12,16.2724019809656
enc2_attn,DKE<1000km 500hPa,168,0.8321358561515808,0.8335230350494385,0.0013872335354487102,-0.0001728003223737081,0.0030497891207536057,0.16670758743511138,0.03729343977697427,-0.004645445954996441,0.08198844967405351,0.03729343977697427,-0.05014334743609557,share,9,False,-0.21811838444055417,12,18.69518392861521
enc2_mlp,DKE<1000km 500hPa,168,0.8321358561515808,0.8325932621955872,0.00045747558275858563,-0.002515437453985214,0.0027297815928856526,0.054976071990277486,0.012298461404715879,-0.06762330408383603,0.0733855856545777,0.012298461404715879,-0.016536045664707896,share,17,False,0.016994475680055854,12,11.59894824792573
downsample,DKE<1000km 500hPa,168,0.8321358561515808,0.833665668964386,0.0015298773845036824,-0.005419369786977768,0.009960292403896644,0.18384948267535356,0.04112817968078342,-0.14569063940228086,0.2677657045002337,0.04112817968078342,-0.055299393552347996,share,8,False,0.22343484485623613,12,7.616900810782614
dec0_attn,DKE<1000km 500hPa,168,0.8321358561515808,0.8310298323631287,-0.001106033722559611,-0.0028931609044472377,0.00105017498135566,-0.13291504912339633,-0.029733855886231612,-0.07777776358340399,0.02823218760336868,0.029733855886231612,0.039979017093474255,share,12,False,-0.012160570100808581,12,12.295446480051105
dec0_mlp,DKE<1000km 500hPa,168,0.8321358561515808,0.836543619632721,0.004407793283462524,0.0005568428585926692,0.008487668509284644,0.5296963816269373,0.11849610693919024,0.014969783444174604,0.22817668857431608,0.11849610693919024,-0.15932537989550472,share,3,True,0.009793397318224298,12,11.767237995156636
dec1_attn,DKE<1000km 500hPa,168,0.8321358561515808,0.832662045955658,0.0005262047052383423,-0.001022882511218389,0.0016578054676453266,0.06323543561027997,0.014146128235588756,-0.02749847545943614,0.044567310975200614,0.014146128235588756,-0.019020348544803476,share,15,False,-0.26133103915745365,12,20.490873817988692
dec1_mlp,DKE<1000km 500hPa,168,0.8321358561515808,0.8332540988922119,0.0011182626088460286,-0.0021065082401037216,0.003303915634751319,0.13438462730020098,0.03006260892067614,-0.05662993013400427,0.08882021347108472,0.03006260892067614,-0.040421045979128316,share,11,False,0.010868028261872237,12,11.741971581855822
dec2_attn,DKE<1000km 500hPa,168,0.8321358561515808,0.8320438265800476,-9.194016456604004e-05,-0.0011938590556383132,0.001523726060986517,-0.011048697015700378,-0.002471656648078119,-0.0320948922123927,0.04096281169675332,0.002471656648078119,0.003323295968097795,share,18,False,0.0027791123617214274,12,11.933486152773739
dec2_mlp,DKE<1000km 500hPa,168,0.8321358561515808,0.8308767676353455,-0.0012590835491816204,-0.003368007515867551,0.0010445496688286451,-0.15130745869361653,-0.033848342990349986,-0.09054321586939978,0.028080960539869936,0.033848342990349986,0.04551120070584581,share,10,False,0.28413698228826345,12,6.689594903834389
upsample,DKE<1000km 500hPa,168,0.8321358561515808,0.831654965877533,-0.00048087040583292645,-0.004415611550211906,0.003945334628224367,-0.05778749084192248,-0.012927391864599616,-0.11870628788762304,0.10606368401417338,0.012927391864599616,0.017381681753834886,share,16,False,0.2967262419889404,12,6.5081470728844035
decoder_io,DKE<1000km 500hPa,168,0.8321358561515808,0.8786575794219971,0.04652182757854462,0.03174970559775829,0.058119366317987434,5.590653224932901,1.2506610680760755,0.8535374206215903,1.5624413858728463,1.2506610680760755,-1.6815915302094742,share,2,True,-0.29268258435370775,12,21.93101805371305
decoder_heads,DKE<1000km 500hPa,168,0.8321358561515808,0.8302993178367615,-0.001836558183034261,-0.003867170214653015,0.0026978767166535044,-0.220704139608924,-0.04937277700235485,-0.1039623652558413,0.0725278767325031,0.04937277700235485,0.06638476702389105,share,6,False,-0.3545039987306252,12,25.180710574199907
film,DKE<1000km 500hPa,168,0.8321358561515808,0.8329364657402039,0.0008005996545155843,-0.0005902737379074096,0.0016924031078815445,0.09621021514773735,0.021522774816343997,-0.015868516391841052,0.0454974103273313,0.021522774816343997,-0.028938708305237107,share,13,False,-0.4593964741826456,12,32.39482699213568
cond_embed,DKE<1000km 500hPa,168,0.8321358561515808,0.8351023197174072,0.0029664734999338784,-4.2440742254257176e-05,0.00875623350342114,0.35648910419701435,0.07974864937502404,-0.0011409479549795284,0.2353966066191846,0.07974864937502404,-0.10722701518244442,share,5,False,-0.10731850873161025,12,14.88528913700112
encoder_io,DKEpert<1000km 500hPa,168,0.0,0.7370960712432861,0.7370960315068563,0.7089181520044804,0.7691958439846833,nan,nan,nan,nan,0.0,0.8239532028750945,share,4,True,-0.22131706227250375,12,18.821273765213686
enc0_attn,DKEpert<1000km 500hPa,168,0.0,0.1315772384405136,0.13157723719875017,0.11144225001335144,0.15116620425445337,nan,nan,nan,nan,0.0,0.14708190165362162,share,11,True,0.12797253279553006,12,9.277113850032489
enc0_mlp,DKEpert<1000km 500hPa,168,0.0,0.3266453146934509,0.32664531966050464,0.28154829557364186,0.3831847319689889,nan,nan,nan,nan,0.0,0.3651362181237417,share,7,True,0.1878362028371165,12,8.204805967924376
enc1_attn,DKEpert<1000km 500hPa,168,0.0,0.7506968379020691,0.7506967435280482,0.7145554669201374,0.7862607721239329,nan,nan,nan,nan,0.0,0.8391565817460044,share,3,True,0.26145294018651366,12,7.025680019780564
enc1_mlp,DKEpert<1000km 500hPa,168,0.0,0.817807674407959,0.8178077240784963,0.7813540940483411,0.842304889857769,nan,nan,nan,nan,0.0,0.9141757176645452,share,1,True,-0.2102472470119417,12,18.389257788839767
enc2_attn,DKEpert<1000km 500hPa,168,0.0,0.039901334792375565,0.03990133541325728,0.03173614766371126,0.05252813628176226,nan,nan,nan,nan,0.0,0.044603188332917994,share,18,True,0.021026235341226374,12,11.505762309799234
enc2_mlp,DKEpert<1000km 500hPa,168,0.0,0.0912124440073967,0.0912124365568161,0.08560262744625409,0.09796930352846782,nan,nan,nan,nan,0.0,0.1019606347484872,share,13,True,-0.6350785213238351,12,53.767573032602584
downsample,DKEpert<1000km 500hPa,168,0.0,0.5920725464820862,0.5920724893609682,0.570631329404811,0.6177014902854959,nan,nan,nan,nan,0.0,0.6618405242881331,share,5,True,-0.6057383649653307,12,48.87328278311829
dec0_attn,DKEpert<1000km 500hPa,168,0.0,0.04639485478401184,0.04639485338702798,0.03975643148490538,0.05839174188052614,nan,nan,nan,nan,0.0,0.05186188286350386,share,17,True,-0.20709360431251275,12,18.268389977092905
dec0_mlp,DKEpert<1000km 500hPa,168,0.0,0.15948691964149475,0.15948690846562386,0.14345044332245988,0.17816012601057687,nan,nan,nan,nan,0.0,0.17828036433496314,share,9,True,0.12027034736345867,12,9.423400214496152
dec1_attn,DKEpert<1000km 500hPa,168,0.0,0.06750033050775528,0.06750033019731443,0.051877627979653576,0.09025158713726947,nan,nan,nan,nan,0.0,0.07545436535251017,share,14,True,0.21847454968157637,12,7.696759367088886
dec1_mlp,DKEpert<1000km 500hPa,168,0.0,0.09372540563344955,0.0937254037708044,0.0804806865286082,0.11024956707842648,nan,nan,nan,nan,0.0,0.10476972243337525,share,12,True,-0.09414152531358501,12,14.49420485723025
dec2_attn,DKEpert<1000km 500hPa,168,0.0,0.047665152698755264,0.04766515580316385,0.03812751111884912,0.06376692733416954,nan,nan,nan,nan,0.0,0.05328187388184566,share,16,True,0.22511251070178295,12,7.59003747847783
dec2_mlp,DKEpert<1000km 500hPa,168,0.0,0.06024063006043434,0.060240633164842926,0.05291600525379181,0.07001229026354848,nan,nan,nan,nan,0.0,0.06733920753572023,share,15,True,-0.32216911338771026,12,23.407061663933412
upsample,DKEpert<1000km 500hPa,168,0.0,0.132452592253685,0.13245260094602904,0.119535902608186,0.1504796963650733,nan,nan,nan,nan,0.0,0.14806041562252292,share,10,True,-0.37487839665652223,12,26.39253014395188
decoder_io,DKEpert<1000km 500hPa,168,0.0,0.7727806568145752,0.7727806667486826,0.7394156284630298,0.8033828714241584,nan,nan,nan,nan,0.0,0.8638428078168338,share,2,True,-0.3413147076197694,12,24.43621662368291
decoder_heads,DKEpert<1000km 500hPa,168,0.0,0.3502761125564575,0.3502761262158553,0.31206147382035854,0.39162443286428844,nan,nan,nan,nan,0.0,0.39155160759205665,share,6,True,-0.1006562577437313,12,14.686125529476563
film,DKEpert<1000km 500hPa,168,0.0,0.038840699940919876,0.03884070195878545,0.032314394581286855,0.04665745714058478,nan,nan,nan,nan,0.0,0.043417573033779855,share,19,True,-0.16658848457624267,12,16.797298280426247
cond_embed,DKEpert<1000km 500hPa,168,0.0,0.22626222670078278,0.22626224160194397,0.20193102210760117,0.25402485188096763,nan,nan,nan,nan,0.0,0.25292430116127423,share,8,True,-0.2890874703341318,12,21.759427494237716
