var,tag,lead,k,ratio
Z500,W8A8_floor,120,1,1.009925379
Z500,W8A8_floor,120,2,0.9783544481
Z500,W8A8_floor,120,3,0.9817922717
Z500,W8A8_floor,120,4,1.01205686
Z500,W8A8_floor,120,5,0.9790008306
Z500,W8A8_floor,120,6,0.970347586
Z500,W8A8_floor,120,7,0.9611990363
Z500,W8A8_floor,120,8,0.8991747333
Z500,W8A8_floor,120,9,0.9540990764
Z500,W8A8_floor,120,10,1.015233574
Z500,W8A8_floor,120,11,0.9470368692
Z500,W8A8_floor,120,12,0.9071034094
Z500,W8A8_floor,120,13,0.9603113621
Z500,W8A8_floor,120,14,0.9561389867
Z500,W8A8_floor,120,15,0.9771399852
Z500,W8A8_floor,120,16,0.9989822501
Z500,W8A8_floor,120,17,0.936634535
Z500,W8A8_floor,120,18,0.9141965198
Z500,W8A8_floor,120,19,0.8730351017
Z500,W8A8_floor,120,20,0.8994376873
Z500,W8A8_floor,120,21,0.878475943
Z500,W8A8_floor,120,22,0.9223931972
Z500,W8A8_floor,120,23,0.9514186027
Z500,W8A8_floor,120,24,0.92668985
Z500,W8A8_floor,120,25,0.9926591889
Z500,W8A8_floor,120,26,0.912389328
Z500,W8A8_floor,120,27,0.9118113655
Z500,W8A8_floor,120,28,0.919125101
Z500,W8A8_floor,120,29,0.8866140841
Z500,W8A8_floor,120,30,0.8627810796
Z500,W8A8_floor,120,31,0.8469722673
Z500,W8A8_floor,120,32,0.8418741508
Z500,W8A8_floor,120,33,0.9357637298
Z500,W8A8_floor,120,34,0.8916532391
Z500,W8A8_floor,120,35,0.8847693032
Z500,W8A8_floor,120,36,0.9108752326
Z500,W8A8_floor,120,37,0.8653529301
Z500,W8A8_floor,120,38,0.9165552875
Z500,W8A8_floor,120,39,0.8515935474
Z500,W8A8_floor,120,40,0.8813820843
Z500,W8A8_floor,120,41,0.92389148
Z500,W8A8_floor,120,42,0.89034327
Z500,W8A8_floor,120,43,0.8926259629
Z500,W8A8_floor,120,44,0.8318559724
Z500,W8A8_floor,120,45,0.8947590377
Z500,W8A8_floor,120,46,0.8490647394
Z500,W8A8_floor,120,47,0.9289328664
Z500,W8A8_floor,120,48,0.9262345954
Z500,W8A8_floor,120,49,0.9048708278
Z500,W8A8_floor,120,50,0.9065152223
Z500,W8A8_floor,120,51,0.927218579
Z500,W8A8_floor,120,52,0.9934496074
Z500,W8A8_floor,120,53,0.9267208293
Z500,W8A8_floor,120,54,0.9807540304
Z500,W8A8_floor,120,55,0.9786436141
Z500,W8A8_floor,120,56,1.046044316
Z500,W8A8_floor,120,57,1.008007615
Z500,W8A8_floor,120,58,0.9886811096
Z500,W8A8_floor,120,59,1.053347422
Z500,W8A8_floor,120,60,1.038491911
Z500,W8A8_floor,120,61,1.013871459
Z500,W8A8_floor,120,62,1.093729572
Z500,W8A8_floor,120,63,1.080081424
Z500,W8A8_floor,120,64,1.146490909
Z500,W8A8_floor,120,65,1.124968564
Z500,W8A8_floor,120,66,1.171865982
Z500,W8A8_floor,120,67,1.137987487
Z500,W8A8_floor,120,68,1.254787938
Z500,W8A8_floor,120,69,1.25272577
Z500,W8A8_floor,120,70,1.246151647
Z500,W8A8_floor,120,71,1.256440279
Z500,W8A8_floor,120,72,1.301541269
Z500,W8A8_floor,120,73,1.332928443
Z500,W8A8_floor,120,74,1.351202727
Z500,W8A8_floor,120,75,1.366844056
Z500,W8A8_floor,120,76,1.45319776
Z500,W8A8_floor,120,77,1.476024931
Z500,W8A8_floor,120,78,1.564232229
Z500,W8A8_floor,120,79,1.552745355
Z500,W8A8_floor,120,80,1.617519242
Z500,W8A8_floor,120,81,1.665197012
Z500,W8A8_floor,120,82,1.675641171
Z500,W8A8_floor,120,83,1.695890293
Z500,W8A8_floor,120,84,1.837721283
Z500,W8A8_floor,120,85,1.792851485
Z500,W8A8_floor,120,86,1.853204863
Z500,W8A8_floor,120,87,1.93273084
Z500,W8A8_floor,120,88,2.01961824
Z500,W8A8_floor,120,89,1.990784163
Z500,W8A8_floor,120,90,2.090793044
Z500,W8A8_floor,120,91,2.079275408
Z500,W8A8_floor,120,92,2.167717238
Z500,W8A8_floor,120,93,2.159120028
Z500,W8A8_floor,120,94,2.18749039
Z500,W8A8_floor,120,95,2.266112072
Z500,W8A8_floor,120,96,2.301443002
Z500,W8A8_floor,120,97,2.40357543
Z500,W8A8_floor,120,98,2.503632816
Z500,W8A8_floor,120,99,2.857834275
Z500,W8A8_floor,120,100,2.657123379
Z500,W8A8_floor,120,101,2.716450058
Z500,W8A8_floor,120,102,2.748846901
Z500,W8A8_floor,120,103,2.871729822
Z500,W8A8_floor,120,104,2.911095119
Z500,W8A8_floor,120,105,2.996268255
Z500,W8A8_floor,120,106,3.146200733
Z500,W8A8_floor,120,107,3.478414699
Z500,W8A8_floor,120,108,3.236718236
Z500,W8A8_floor,120,109,3.325819482
Z500,W8A8_floor,120,110,3.412124948
Z500,W8A8_floor,120,111,3.517899736
Z500,W8A8_floor,120,112,3.667214412
Z500,W8A8_floor,120,113,3.635178237
Z500,W8A8_floor,120,114,3.653591409
Z500,W8A8_floor,120,115,3.954259498
Z500,W8A8_floor,120,116,3.822444595
Z500,W8A8_floor,120,117,4.04548893
Z500,W8A8_floor,120,118,4.303452402
Z500,W8A8_floor,120,119,4.328377694
Z500,W8A8_floor,120,120,4.392954696
Z500,W8A8_floor,120,121,4.338990579
Z500,W8A8_floor,120,122,4.708306978
Z500,W8A8_floor,120,123,4.713969128
Z500,W8A8_floor,120,124,4.6623881
Z500,W8A8_floor,120,125,4.715652204
Z500,W8A8_floor,120,126,5.080175115
Z500,W8A8_floor,120,127,5.183811267
Z500,W8A8_floor,120,128,5.402071516
Z500,W8A8_floor,120,129,5.512153962
Z500,W8A8_floor,120,130,5.3898388
Z500,W8A8_floor,120,131,5.949865792
Z500,W8A8_floor,120,132,5.743861188
Z500,W8A8_floor,120,133,5.85901102
Z500,W8A8_floor,120,134,5.673684067
Z500,W8A8_floor,120,135,6.108680821
Z500,W8A8_floor,120,136,6.332896884
Z500,W8A8_floor,120,137,6.26789911
Z500,W8A8_floor,120,138,6.361465637
Z500,W8A8_floor,120,139,6.566531437
Z500,W8A8_floor,120,140,6.999658762
Z500,W8A8_floor,120,141,6.592635466
Z500,W8A8_floor,120,142,6.566896324
Z500,W8A8_floor,120,143,7.035224472
Z500,W8A8_floor,120,144,7.125731619
Z500,W8A8_floor,120,145,7.039682703
Z500,W8A8_floor,120,146,7.368981787
Z500,W8A8_floor,120,147,7.159852782
Z500,W8A8_floor,120,148,6.043734126
Z500,W8A8_floor,120,149,7.61218696
Z500,W8A8_floor,120,150,6.539567482
Z500,W8A8_floor,120,151,7.556544745
Z500,W8A8_floor,120,152,7.921012339
Z500,W8A8_floor,120,153,8.251150663
Z500,W8A8_floor,120,154,8.257271693
Z500,W8A8_floor,120,155,8.540125752
Z500,W8A8_floor,120,156,7.967831125
Z500,W8A8_floor,120,157,8.437617813
Z500,W8A8_floor,120,158,8.265099852
Z500,W8A8_floor,120,159,8.907702545
Z500,W8A8_floor,120,160,8.963719616
Z500,W8A8_floor,120,161,8.635940399
Z500,W8A8_floor,120,162,8.73225055
Z500,W8A8_floor,120,163,8.903348294
Z500,W8A8_floor,120,164,9.138222595
Z500,W8A8_floor,120,165,8.563468228
Z500,W8A8_floor,120,166,8.973659326
Z500,W8A8_floor,120,167,9.228931441
Z500,W8A8_floor,120,168,9.580666683
Z500,W8A8_floor,120,169,9.610607037
Z500,W8A8_floor,120,170,9.005400992
Z500,W8A8_floor,120,171,8.066101036
Z500,W8A8_floor,120,172,7.558506083
Z500,W8A8_floor,120,173,8.240223073
Z500,W8A8_floor,120,174,8.259983305
Z500,W8A8_floor,120,175,8.41022319
Z500,W8A8_floor,120,176,8.057888225
Z500,W8A8_floor,120,177,8.561935141
Z500,W8A8_floor,120,178,8.48635297
Z500,W8A8_floor,120,179,8.35206388
Z500,W8A8_floor,120,180,5.082675253
Z500,W8A8_floor,120,181,8.347449812
Z500,W8A8_floor,120,182,8.679017697
Z500,W8A8_floor,120,183,8.999998964
Z500,W8A8_floor,120,184,8.617541075
Z500,W8A8_floor,120,185,9.086026382
Z500,W8A8_floor,120,186,8.942087064
Z500,W8A8_floor,120,187,8.83542115
Z500,W8A8_floor,120,188,8.408339658
Z500,W8A8_floor,120,189,8.725280818
Z500,W8A8_floor,120,190,9.964378389
Z500,W8A8_floor,120,191,11.2157914
Z500,W8A8_floor,120,192,10.81077134
Z500,W8A8_floor,120,193,10.8479887
Z500,W8A8_floor,120,194,10.30552873
Z500,W8A8_floor,120,195,10.2964999
Z500,W8A8_floor,120,196,11.38238695
Z500,W8A8_floor,120,197,11.08272919
Z500,W8A8_floor,120,198,11.05851165
Z500,W8A8_floor,120,199,11.23805162
Z500,W8A8_floor,120,200,11.63294814
Z500,W8A8_floor,120,201,11.92873744
Z500,W8A8_floor,120,202,10.86532663
Z500,W8A8_floor,120,203,11.12517894
Z500,W8A8_floor,120,204,10.61655106
Z500,W8A8_floor,120,205,11.97626158
Z500,W8A8_floor,120,206,12.01402082
Z500,W8A8_floor,120,207,11.80390257
Z500,W8A8_floor,120,208,12.38473344
Z500,W8A8_floor,120,209,11.46070104
Z500,W8A8_floor,120,210,8.568101784
Z500,W8A8_floor,120,211,11.63926647
Z500,W8A8_floor,120,212,9.090342848
Z500,W8A8_floor,120,213,11.02767774
Z500,W8A8_floor,120,214,12.29062369
Z500,W8A8_floor,120,215,12.3863886
Z500,W8A8_floor,120,216,12.50870688
Z500,W8A8_floor,120,217,13.05349152
Z500,W8A8_floor,120,218,10.9097427
Z500,W8A8_floor,120,219,13.14626117
Z500,W8A8_floor,120,220,13.39867219
Z500,W8A8_floor,120,221,13.31548792
Z500,W8A8_floor,120,222,13.27822951
Z500,W8A8_floor,120,223,13.48697244
Z500,W8A8_floor,120,224,13.53005363
Z500,W8A8_floor,120,225,13.75052942
Z500,W8A8_floor,120,226,13.18644772
Z500,W8A8_floor,120,227,13.44098728
Z500,W8A8_floor,120,228,13.58419124
Z500,W8A8_floor,120,229,13.79472324
Z500,W8A8_floor,120,230,13.4126018
Z500,W8A8_floor,120,231,13.32060584
Z500,W8A8_floor,120,232,13.65419079
Z500,W8A8_floor,120,233,13.96109649
Z500,W8A8_floor,120,234,13.4225841
Z500,W8A8_floor,120,235,12.86276947
Z500,W8A8_floor,120,236,12.59263995
Z500,W8A8_floor,120,237,13.06613238
Z500,W8A8_floor,120,238,12.63511972
Z500,W8A8_floor,120,239,12.35017682
Z500,W8A8_floor,120,240,11.8860894
Z500,W8A8_floor,120,241,12.54714199
Z500,W8A8_floor,120,242,12.68394043
Z500,W8A8_floor,120,243,12.36818231
Z500,W8A8_floor,120,244,11.99609221
Z500,W8A8_floor,120,245,12.19223334
Z500,W8A8_floor,120,246,11.46835613
Z500,W8A8_floor,120,247,11.34801918
Z500,W8A8_floor,120,248,10.8157636
Z500,W8A8_floor,120,249,11.25854362
Z500,W8A8_floor,120,250,11.32052105
Z500,W8A8_floor,120,251,11.52429099
Z500,W8A8_floor,120,252,11.49470969
Z500,W8A8_floor,120,253,11.17927224
Z500,W8A8_floor,120,254,10.70524853
Z500,W8A8_floor,120,255,10.46709246
Z500,W8A8_floor,120,256,10.41187418
Z500,W8A8_floor,120,257,10.70721078
Z500,W8A8_floor,120,258,10.54704282
Z500,W8A8_floor,120,259,9.870839181
Z500,W8A8_floor,120,260,9.890843162
Z500,W8A8_floor,120,261,11.26771701
Z500,W8A8_floor,120,262,9.099764979
Z500,W8A8_floor,120,263,9.29096211
Z500,W8A8_floor,120,264,9.089779541
Z500,W8A8_floor,120,265,9.245872325
Z500,W8A8_floor,120,266,8.761472679
Z500,W8A8_floor,120,267,8.639904962
Z500,W8A8_floor,120,268,8.380685391
Z500,W8A8_floor,120,269,8.15999294
Z500,W8A8_floor,120,270,6.877848571
Z500,W8A8_floor,120,271,8.002088888
Z500,W8A8_floor,120,272,7.733021794
Z500,W8A8_floor,120,273,7.660160663
Z500,W8A8_floor,120,274,7.633020562
Z500,W8A8_floor,120,275,8.234883379
Z500,W8A8_floor,120,276,7.579693151
Z500,W8A8_floor,120,277,6.773135326
Z500,W8A8_floor,120,278,7.395465262
Z500,W8A8_floor,120,279,7.618813299
Z500,W8A8_floor,120,280,7.299112915
Z500,W8A8_floor,120,281,7.610795093
Z500,W8A8_floor,120,282,7.258259277
Z500,W8A8_floor,120,283,7.246659771
Z500,W8A8_floor,120,284,6.724576237
Z500,W8A8_floor,120,285,6.129068122
Z500,W8A8_floor,120,286,6.125211122
Z500,W8A8_floor,120,287,6.599275721
Z500,W8A8_floor,120,288,6.894294768
Z500,W8A8_floor,120,289,6.654217949
Z500,W8A8_floor,120,290,6.535145771
Z500,W8A8_floor,120,291,6.598074632
Z500,W8A8_floor,120,292,6.511683814
Z500,W8A8_floor,120,293,6.419143801
Z500,W8A8_floor,120,294,6.166550721
Z500,W8A8_floor,120,295,5.921858165
Z500,W8A8_floor,120,296,5.691839649
Z500,W8A8_floor,120,297,5.718797981
Z500,W8A8_floor,120,298,5.841779188
Z500,W8A8_floor,120,299,5.59049266
Z500,W8A8_floor,120,300,5.5548429
Z500,W8A8_floor,120,301,5.453158218
Z500,W8A8_floor,120,302,5.467079224
Z500,W8A8_floor,120,303,5.360357101
Z500,W8A8_floor,120,304,5.287267222
Z500,W8A8_floor,120,305,5.13176434
Z500,W8A8_floor,120,306,5.173850012
Z500,W8A8_floor,120,307,5.219333589
Z500,W8A8_floor,120,308,4.981328861
Z500,W8A8_floor,120,309,4.803293962
Z500,W8A8_floor,120,310,4.748168772
Z500,W8A8_floor,120,311,4.767754947
Z500,W8A8_floor,120,312,4.801296949
Z500,W8A8_floor,120,313,4.653230207
Z500,W8A8_floor,120,314,4.489409814
Z500,W8A8_floor,120,315,4.531334075
Z500,W8A8_floor,120,316,4.537459082
Z500,W8A8_floor,120,317,4.448956828
Z500,W8A8_floor,120,318,4.29666371
Z500,W8A8_floor,120,319,4.400307424
Z500,W8A8_floor,120,320,4.180682063
Z500,W8A8_floor,120,321,4.119425836
Z500,W8A8_floor,120,322,4.125733188
Z500,W8A8_floor,120,323,4.082189271
Z500,W8A8_floor,120,324,4.044183006
Z500,W8A8_floor,120,325,4.087291412
Z500,W8A8_floor,120,326,4.116539056
Z500,W8A8_floor,120,327,3.937273642
Z500,W8A8_floor,120,328,3.916952762
Z500,W8A8_floor,120,329,4.000696851
Z500,W8A8_floor,120,330,3.708299384
Z500,W8A8_floor,120,331,3.823592535
Z500,W8A8_floor,120,332,3.812451324
Z500,W8A8_floor,120,333,3.732021851
Z500,W8A8_floor,120,334,3.731486594
Z500,W8A8_floor,120,335,3.638336842
Z500,W8A8_floor,120,336,3.722567969
Z500,W8A8_floor,120,337,3.595851213
Z500,W8A8_floor,120,338,3.485381267
Z500,W8A8_floor,120,339,3.418743213
Z500,W8A8_floor,120,340,3.388461317
Z500,W8A8_floor,120,341,3.269896823
Z500,W8A8_floor,120,342,3.275440106
Z500,W8A8_floor,120,343,3.222632326
Z500,W8A8_floor,120,344,3.142496615
Z500,W8A8_floor,120,345,3.003202651
Z500,W8A8_floor,120,346,2.950879297
Z500,W8A8_floor,120,347,2.754598044
Z500,W8A8_floor,120,348,2.718338384
Z500,W8A8_floor,120,349,2.653671845
Z500,W8A8_floor,120,350,2.541927377
Z500,W8A8_floor,120,351,2.414874085
Z500,W8A8_floor,120,352,2.449594554
Z500,W8A8_floor,120,353,2.323916306
Z500,W8A8_floor,120,354,2.144110748
Z500,W8A8_floor,120,355,2.125384467
Z500,W8A8_floor,120,356,2.383134232
Z500,W8A8_floor,120,357,2.044173942
Z500,W8A8_floor,120,358,1.453226103
Z500,W8A8_floor,120,359,1.814893416
Z500,W8A8_floor,120,360,2.290814264
Z500,W8A8_floor,120,361,1.803796654
Z500,W8A8_floor,120,362,1.743243019
Z500,W8A8_floor,120,363,2.275514511
Z500,W8A8_floor,120,364,2.786841182
Z500,W8A8_floor,120,365,2.496566273
Z500,W8A8_floor,120,366,2.622114935
Z500,W8A8_floor,120,367,2.773576663
Z500,W8A8_floor,120,368,2.965191884
Z500,W8A8_floor,120,369,3.036729379
Z500,W8A8_floor,120,370,3.089526103
Z500,W8A8_floor,120,371,3.233306126
Z500,W8A8_floor,120,372,3.393059646
Z500,W8A8_floor,120,373,3.412251134
Z500,W8A8_floor,120,374,3.497774968
Z500,W8A8_floor,120,375,3.655469534
Z500,W8A8_floor,120,376,3.876605496
Z500,W8A8_floor,120,377,3.738992487
Z500,W8A8_floor,120,378,3.904171441
Z500,W8A8_floor,120,379,4.015056029
Z500,W8A8_floor,120,380,4.029751195
Z500,W8A8_floor,120,381,4.002066906
Z500,W8A8_floor,120,382,4.026137558
Z500,W8A8_floor,120,383,4.160752044
Z500,W8A8_floor,120,384,4.233091255
Z500,W8A8_floor,120,385,4.22466813
Z500,W8A8_floor,120,386,4.274231838
Z500,W8A8_floor,120,387,4.184133654
Z500,W8A8_floor,120,388,4.234937294
Z500,W8A8_floor,120,389,4.273252354
Z500,W8A8_floor,120,390,4.079043638
Z500,W8A8_floor,120,391,4.262764032
Z500,W8A8_floor,120,392,4.231956309
Z500,W8A8_floor,120,393,4.206634884
Z500,W8A8_floor,120,394,4.350708355
Z500,W8A8_floor,120,395,4.235375185
Z500,W8A8_floor,120,396,4.28846906
Z500,W8A8_floor,120,397,4.331906959
Z500,W8A8_floor,120,398,4.295666115
Z500,W8A8_floor,120,399,4.213878994
Z500,W8A8_floor,120,400,4.259699202
Z500,W8A8_floor,120,401,4.495386955
Z500,W8A8_floor,120,402,4.362950302
Z500,W8A8_floor,120,403,4.448657323
Z500,W8A8_floor,120,404,4.557624769
Z500,W8A8_floor,120,405,4.554650734
Z500,W8A8_floor,120,406,4.469610978
Z500,W8A8_floor,120,407,4.600910085
Z500,W8A8_floor,120,408,4.689082439
Z500,W8A8_floor,120,409,4.62902909
Z500,W8A8_floor,120,410,4.532732909
Z500,W8A8_floor,120,411,4.603937838
Z500,W8A8_floor,120,412,4.843099203
Z500,W8A8_floor,120,413,4.921143438
Z500,W8A8_floor,120,414,4.900286967
Z500,W8A8_floor,120,415,4.893019175
Z500,W8A8_floor,120,416,5.037401483
Z500,W8A8_floor,120,417,5.003576116
Z500,W8A8_floor,120,418,5.21199833
Z500,W8A8_floor,120,419,5.115258139
Z500,W8A8_floor,120,420,5.184649278
Z500,W8A8_floor,120,421,5.106481851
Z500,W8A8_floor,120,422,5.449682181
Z500,W8A8_floor,120,423,5.2691775
Z500,W8A8_floor,120,424,5.252565202
Z500,W8A8_floor,120,425,5.4398172
Z500,W8A8_floor,120,426,5.664735188
Z500,W8A8_floor,120,427,5.731043925
Z500,W8A8_floor,120,428,5.897915744
Z500,W8A8_floor,120,429,6.015273672
Z500,W8A8_floor,120,430,5.90547645
Z500,W8A8_floor,120,431,6.006740618
Z500,W8A8_floor,120,432,6.22450211
Z500,W8A8_floor,120,433,5.931788043
Z500,W8A8_floor,120,434,5.626350849
Z500,W8A8_floor,120,435,5.696610742
Z500,W8A8_floor,120,436,6.203525796
Z500,W8A8_floor,120,437,6.540421206
Z500,W8A8_floor,120,438,6.629143568
Z500,W8A8_floor,120,439,6.822532753
Z500,W8A8_floor,120,440,6.753652956
Z500,W8A8_floor,120,441,6.889433111
Z500,W8A8_floor,120,442,6.788274081
Z500,W8A8_floor,120,443,6.183886146
Z500,W8A8_floor,120,444,6.975038604
Z500,W8A8_floor,120,445,7.304931047
Z500,W8A8_floor,120,446,6.903485503
Z500,W8A8_floor,120,447,7.04970978
Z500,W8A8_floor,120,448,7.134584292
Z500,W8A8_floor,120,449,7.164712401
Z500,W8A8_floor,120,450,6.455074444
Z500,W8A8_floor,120,451,7.439145654
Z500,W8A8_floor,120,452,7.528427204
Z500,W8A8_floor,120,453,7.711310842
Z500,W8A8_floor,120,454,7.758743054
Z500,W8A8_floor,120,455,8.225281983
Z500,W8A8_floor,120,456,8.21406233
Z500,W8A8_floor,120,457,8.413960404
Z500,W8A8_floor,120,458,8.342374218
Z500,W8A8_floor,120,459,10.23136499
Z500,W8A8_floor,120,460,8.877929816
Z500,W8A8_floor,120,461,8.82348572
Z500,W8A8_floor,120,462,9.407584324
Z500,W8A8_floor,120,463,9.505354258
Z500,W8A8_floor,120,464,9.501220443
Z500,W8A8_floor,120,465,9.509057617
Z500,W8A8_floor,120,466,9.596072254
Z500,W8A8_floor,120,467,10.33472814
Z500,W8A8_floor,120,468,10.10884708
Z500,W8A8_floor,120,469,10.35558576
Z500,W8A8_floor,120,470,10.09502558
Z500,W8A8_floor,120,471,10.32762941
Z500,W8A8_floor,120,472,9.936989136
Z500,W8A8_floor,120,473,10.15902968
Z500,W8A8_floor,120,474,10.2093503
Z500,W8A8_floor,120,475,11.02458022
Z500,W8A8_floor,120,476,10.72936562
Z500,W8A8_floor,120,477,10.99833783
Z500,W8A8_floor,120,478,11.5861457
Z500,W8A8_floor,120,479,11.26101121
Z500,W8A8_floor,120,480,11.01572059
Z500,W8A8_floor,120,481,11.16369258
Z500,W8A8_floor,120,482,11.47388109
Z500,W8A8_floor,120,483,11.93874796
Z500,W8A8_floor,120,484,11.39645334
Z500,W8A8_floor,120,485,11.73907952
Z500,W8A8_floor,120,486,12.26673881
Z500,W8A8_floor,120,487,12.72076702
Z500,W8A8_floor,120,488,12.67237991
Z500,W8A8_floor,120,489,12.65474184
Z500,W8A8_floor,120,490,12.54585481
Z500,W8A8_floor,120,491,13.21477514
Z500,W8A8_floor,120,492,13.16174094
Z500,W8A8_floor,120,493,12.95905352
Z500,W8A8_floor,120,494,12.60771936
Z500,W8A8_floor,120,495,13.03090266
Z500,W8A8_floor,120,496,13.23738644
Z500,W8A8_floor,120,497,13.15724808
Z500,W8A8_floor,120,498,12.84629883
Z500,W8A8_floor,120,499,13.13437142
Z500,W8A8_floor,120,500,13.36304099
Z500,W8A8_floor,120,501,12.81881731
Z500,W8A8_floor,120,502,10.85171838
Z500,W8A8_floor,120,503,13.06951764
Z500,W8A8_floor,120,504,12.67905468
Z500,W8A8_floor,120,505,12.44433359
Z500,W8A8_floor,120,506,12.62985214
Z500,W8A8_floor,120,507,11.65996913
Z500,W8A8_floor,120,508,9.15237576
Z500,W8A8_floor,120,509,12.15168518
Z500,W8A8_floor,120,510,8.979845438
Z500,W8A8_floor,120,511,11.99784842
Z500,W8A8_floor,120,512,12.91666175
Z500,W8A8_floor,120,513,12.65037303
Z500,W8A8_floor,120,514,12.8262436
Z500,W8A8_floor,120,515,12.65963414
Z500,W8A8_floor,120,516,11.30712901
Z500,W8A8_floor,120,517,11.96115428
Z500,W8A8_floor,120,518,11.75191802
Z500,W8A8_floor,120,519,13.30634662
Z500,W8A8_floor,120,520,13.03987206
Z500,W8A8_floor,120,521,12.3881397
Z500,W8A8_floor,120,522,12.47729221
Z500,W8A8_floor,120,523,12.53854621
Z500,W8A8_floor,120,524,12.82572033
Z500,W8A8_floor,120,525,11.6617719
Z500,W8A8_floor,120,526,12.11354825
Z500,W8A8_floor,120,527,12.25536797
Z500,W8A8_floor,120,528,12.72416362
Z500,W8A8_floor,120,529,12.89254635
Z500,W8A8_floor,120,530,11.51736723
Z500,W8A8_floor,120,531,10.02901573
Z500,W8A8_floor,120,532,9.289112507
Z500,W8A8_floor,120,533,10.19779229
Z500,W8A8_floor,120,534,10.18943297
Z500,W8A8_floor,120,535,10.55705285
Z500,W8A8_floor,120,536,9.938425266
Z500,W8A8_floor,120,537,10.3827432
Z500,W8A8_floor,120,538,10.10017067
Z500,W8A8_floor,120,539,9.883093749
Z500,W8A8_floor,120,540,5.201384929
Z500,W8A8_floor,120,541,9.919344326
Z500,W8A8_floor,120,542,10.10889043
Z500,W8A8_floor,120,543,10.42997279
Z500,W8A8_floor,120,544,10.03312056
Z500,W8A8_floor,120,545,10.6970412
Z500,W8A8_floor,120,546,10.30969748
Z500,W8A8_floor,120,547,10.26850891
Z500,W8A8_floor,120,548,9.397610348
Z500,W8A8_floor,120,549,10.0729625
Z500,W8A8_floor,120,550,11.58953565
Z500,W8A8_floor,120,551,13.01470747
Z500,W8A8_floor,120,552,12.81854348
Z500,W8A8_floor,120,553,12.29423769
Z500,W8A8_floor,120,554,12.26513654
Z500,W8A8_floor,120,555,11.85910864
Z500,W8A8_floor,120,556,13.06719223
Z500,W8A8_floor,120,557,12.81000404
Z500,W8A8_floor,120,558,12.69745776
Z500,W8A8_floor,120,559,12.68839712
Z500,W8A8_floor,120,560,13.22721051
Z500,W8A8_floor,120,561,13.69829148
Z500,W8A8_floor,120,562,12.25555262
Z500,W8A8_floor,120,563,12.37057278
Z500,W8A8_floor,120,564,11.78942899
Z500,W8A8_floor,120,565,13.05190457
Z500,W8A8_floor,120,566,13.21287414
Z500,W8A8_floor,120,567,12.98775554
Z500,W8A8_floor,120,568,13.48785112
Z500,W8A8_floor,120,569,12.52153117
Z500,W8A8_floor,120,570,9.226955354
Z500,W8A8_floor,120,571,12.59213532
Z500,W8A8_floor,120,572,9.507985982
Z500,W8A8_floor,120,573,12.03871861
Z500,W8A8_floor,120,574,13.1897953
Z500,W8A8_floor,120,575,13.02033871
Z500,W8A8_floor,120,576,13.32352067
Z500,W8A8_floor,120,577,13.87232966
Z500,W8A8_floor,120,578,11.50700241
Z500,W8A8_floor,120,579,13.72920721
Z500,W8A8_floor,120,580,14.10134438
Z500,W8A8_floor,120,581,13.93566695
Z500,W8A8_floor,120,582,13.80428808
Z500,W8A8_floor,120,583,14.09656254
Z500,W8A8_floor,120,584,14.1108663
Z500,W8A8_floor,120,585,14.0806311
Z500,W8A8_floor,120,586,13.57313066
Z500,W8A8_floor,120,587,14.00783477
Z500,W8A8_floor,120,588,14.17045517
Z500,W8A8_floor,120,589,14.25448835
Z500,W8A8_floor,120,590,13.61408199
Z500,W8A8_floor,120,591,13.56255054
Z500,W8A8_floor,120,592,13.77465275
Z500,W8A8_floor,120,593,13.97889136
Z500,W8A8_floor,120,594,13.32912804
Z500,W8A8_floor,120,595,12.79931938
Z500,W8A8_floor,120,596,12.48438678
Z500,W8A8_floor,120,597,13.09051582
Z500,W8A8_floor,120,598,12.52547042
Z500,W8A8_floor,120,599,12.23667808
Z500,W8A8_floor,120,600,11.98780139
Z500,W8A8_floor,120,601,12.39227846
Z500,W8A8_floor,120,602,12.66013329
Z500,W8A8_floor,120,603,12.09443729
Z500,W8A8_floor,120,604,11.81550909
Z500,W8A8_floor,120,605,12.07996301
Z500,W8A8_floor,120,606,11.30299737
Z500,W8A8_floor,120,607,11.02618084
Z500,W8A8_floor,120,608,10.85971573
Z500,W8A8_floor,120,609,11.18160725
Z500,W8A8_floor,120,610,11.14217015
Z500,W8A8_floor,120,611,11.39286532
Z500,W8A8_floor,120,612,11.16741889
Z500,W8A8_floor,120,613,11.24506623
Z500,W8A8_floor,120,614,10.53995737
Z500,W8A8_floor,120,615,10.42279216
Z500,W8A8_floor,120,616,10.42302956
Z500,W8A8_floor,120,617,10.39223989
Z500,W8A8_floor,120,618,10.35568345
Z500,W8A8_floor,120,619,9.700180712
Z500,W8A8_floor,120,620,9.779807173
Z500,W8A8_floor,120,621,11.11036759
Z500,W8A8_floor,120,622,9.059057822
Z500,W8A8_floor,120,623,9.209782276
Z500,W8A8_floor,120,624,8.956277591
Z500,W8A8_floor,120,625,8.981803174
Z500,W8A8_floor,120,626,8.584811205
Z500,W8A8_floor,120,627,8.49153754
Z500,W8A8_floor,120,628,8.231762315
Z500,W8A8_floor,120,629,8.112392041
Z500,W8A8_floor,120,630,6.382470873
Z500,W8A8_floor,120,631,7.84415701
Z500,W8A8_floor,120,632,7.732266435
Z500,W8A8_floor,120,633,7.574330853
Z500,W8A8_floor,120,634,7.513489668
Z500,W8A8_floor,120,635,7.992166446
Z500,W8A8_floor,120,636,7.629078735
Z500,W8A8_floor,120,637,6.692442965
Z500,W8A8_floor,120,638,7.408459705
Z500,W8A8_floor,120,639,7.507785255
Z500,W8A8_floor,120,640,7.284503894
Z500,W8A8_floor,120,641,7.475821539
Z500,W8A8_floor,120,642,7.220017618
Z500,W8A8_floor,120,643,7.099757402
Z500,W8A8_floor,120,644,6.661296307
Z500,W8A8_floor,120,645,6.144882362
Z500,W8A8_floor,120,646,6.07164197
Z500,W8A8_floor,120,647,6.459091026
Z500,W8A8_floor,120,648,6.810591369
Z500,W8A8_floor,120,649,6.584814298
Z500,W8A8_floor,120,650,6.398171426
Z500,W8A8_floor,120,651,6.540229186
Z500,W8A8_floor,120,652,6.427909071
Z500,W8A8_floor,120,653,6.232099666
Z500,W8A8_floor,120,654,6.075252873
Z500,W8A8_floor,120,655,5.856927594
Z500,W8A8_floor,120,656,5.639876583
Z500,W8A8_floor,120,657,5.685589089
Z500,W8A8_floor,120,658,5.808358555
Z500,W8A8_floor,120,659,5.562789317
Z500,W8A8_floor,120,660,5.559857488
Z500,W8A8_floor,120,661,5.470374582
Z500,W8A8_floor,120,662,5.528221449
Z500,W8A8_floor,120,663,5.362512422
Z500,W8A8_floor,120,664,5.38950936
Z500,W8A8_floor,120,665,5.164080759
Z500,W8A8_floor,120,666,5.170367625
Z500,W8A8_floor,120,667,5.143691687
Z500,W8A8_floor,120,668,5.077130956
Z500,W8A8_floor,120,669,4.848007176
Z500,W8A8_floor,120,670,4.717722217
Z500,W8A8_floor,120,671,4.770817615
Z500,W8A8_floor,120,672,4.762808969
Z500,W8A8_floor,120,673,4.727734964
Z500,W8A8_floor,120,674,4.552641217
Z500,W8A8_floor,120,675,4.639347563
Z500,W8A8_floor,120,676,4.577554745
Z500,W8A8_floor,120,677,4.391865968
Z500,W8A8_floor,120,678,4.363110474
Z500,W8A8_floor,120,679,4.448704958
Z500,W8A8_floor,120,680,4.242865244
Z500,W8A8_floor,120,681,4.122826243
Z500,W8A8_floor,120,682,4.147499462
Z500,W8A8_floor,120,683,4.134649377
Z500,W8A8_floor,120,684,4.023759108
Z500,W8A8_floor,120,685,4.013603753
Z500,W8A8_floor,120,686,4.05270206
Z500,W8A8_floor,120,687,3.874689517
Z500,W8A8_floor,120,688,3.811640962
Z500,W8A8_floor,120,689,3.794150319
Z500,W8A8_floor,120,690,3.603150787
Z500,W8A8_floor,120,691,3.60734823
Z500,W8A8_floor,120,692,3.582345338
Z500,W8A8_floor,120,693,3.524211071
Z500,W8A8_floor,120,694,3.446783956
Z500,W8A8_floor,120,695,3.411952745
Z500,W8A8_floor,120,696,3.398044587
Z500,W8A8_floor,120,697,3.172304237
Z500,W8A8_floor,120,698,3.068093194
Z500,W8A8_floor,120,699,2.915271268
Z500,W8A8_floor,120,700,2.892782726
Z500,W8A8_floor,120,701,2.888895009
Z500,W8A8_floor,120,702,2.734441479
Z500,W8A8_floor,120,703,2.668122367
Z500,W8A8_floor,120,704,2.636993184
Z500,W8A8_floor,120,705,2.511929266
Z500,W8A8_floor,120,706,2.480639378
Z500,W8A8_floor,120,707,2.280751072
Z500,W8A8_floor,120,708,2.402914466
Z500,W8A8_floor,120,709,2.271681765
Z500,W8A8_floor,120,710,2.262887293
Z500,W8A8_floor,120,711,2.269969999
Z500,W8A8_floor,120,712,2.284516311
Z500,W8A8_floor,120,713,2.215625383
Z500,W8A8_floor,120,714,2.063250177
Z500,W8A8_floor,120,715,1.998803207
Z500,W8A8_floor,120,716,2.00191359
Z500,W8A8_floor,120,717,1.777733201
Z500,W8A8_floor,120,718,1.33798474
Z500,W8A8_floor,120,719,1.433498283
Z500,W8A8_floor,120,720,2.437170984
Z500,W8A8_span1,120,1,1.031538755
Z500,W8A8_span1,120,2,1.007370371
Z500,W8A8_span1,120,3,1.021876735
Z500,W8A8_span1,120,4,1.023594598
Z500,W8A8_span1,120,5,1.010914945
Z500,W8A8_span1,120,6,1.023520258
Z500,W8A8_span1,120,7,1.04333503
Z500,W8A8_span1,120,8,1.014708048
Z500,W8A8_span1,120,9,1.047236222
Z500,W8A8_span1,120,10,1.045985987
Z500,W8A8_span1,120,11,1.03064764
Z500,W8A8_span1,120,12,1.043327101
Z500,W8A8_span1,120,13,1.092332528
Z500,W8A8_span1,120,14,1.084122719
Z500,W8A8_span1,120,15,1.035921642
Z500,W8A8_span1,120,16,1.068621018
Z500,W8A8_span1,120,17,1.094147647
Z500,W8A8_span1,120,18,1.045701634
Z500,W8A8_span1,120,19,1.042746584
Z500,W8A8_span1,120,20,1.099833492
Z500,W8A8_span1,120,21,1.088055135
Z500,W8A8_span1,120,22,1.050977279
Z500,W8A8_span1,120,23,1.060534267
Z500,W8A8_span1,120,24,1.091393419
Z500,W8A8_span1,120,25,1.128504726
Z500,W8A8_span1,120,26,1.036749728
Z500,W8A8_span1,120,27,1.10551067
Z500,W8A8_span1,120,28,1.052588023
Z500,W8A8_span1,120,29,0.9741427394
Z500,W8A8_span1,120,30,1.048043429
Z500,W8A8_span1,120,31,1.025007896
Z500,W8A8_span1,120,32,1.003274398
Z500,W8A8_span1,120,33,1.040280159
Z500,W8A8_span1,120,34,1.04279026
Z500,W8A8_span1,120,35,1.024483044
Z500,W8A8_span1,120,36,1.045804601
Z500,W8A8_span1,120,37,0.9996292749
Z500,W8A8_span1,120,38,1.018146686
Z500,W8A8_span1,120,39,0.9864682211
Z500,W8A8_span1,120,40,1.017175491
Z500,W8A8_span1,120,41,1.004206461
Z500,W8A8_span1,120,42,1.006485705
Z500,W8A8_span1,120,43,1.036097991
Z500,W8A8_span1,120,44,0.9289646563
Z500,W8A8_span1,120,45,0.9946570641
Z500,W8A8_span1,120,46,0.966228887
Z500,W8A8_span1,120,47,0.9972235892
Z500,W8A8_span1,120,48,1.064532732
Z500,W8A8_span1,120,49,1.026535202
Z500,W8A8_span1,120,50,0.9727770922
Z500,W8A8_span1,120,51,0.9970727538
Z500,W8A8_span1,120,52,0.9770639211
Z500,W8A8_span1,120,53,0.994438459
Z500,W8A8_span1,120,54,1.030111698
Z500,W8A8_span1,120,55,0.9846369472
Z500,W8A8_span1,120,56,1.064845388
Z500,W8A8_span1,120,57,0.9796106729
Z500,W8A8_span1,120,58,1.007607187
Z500,W8A8_span1,120,59,1.040502938
Z500,W8A8_span1,120,60,0.9988155837
Z500,W8A8_span1,120,61,1.032769698
Z500,W8A8_span1,120,62,1.013283872
Z500,W8A8_span1,120,63,0.9787028665
Z500,W8A8_span1,120,64,1.058761856
Z500,W8A8_span1,120,65,1.019891883
Z500,W8A8_span1,120,66,1.063848483
Z500,W8A8_span1,120,67,1.031891667
Z500,W8A8_span1,120,68,1.019594733
Z500,W8A8_span1,120,69,0.9963634539
Z500,W8A8_span1,120,70,1.024092415
Z500,W8A8_span1,120,71,0.9954835969
Z500,W8A8_span1,120,72,1.014851043
Z500,W8A8_span1,120,73,0.991081189
Z500,W8A8_span1,120,74,1.023150234
Z500,W8A8_span1,120,75,1.025422707
Z500,W8A8_span1,120,76,1.017821253
Z500,W8A8_span1,120,77,1.02510818
Z500,W8A8_span1,120,78,1.064960381
Z500,W8A8_span1,120,79,1.011928265
Z500,W8A8_span1,120,80,1.043089132
Z500,W8A8_span1,120,81,1.056587601
Z500,W8A8_span1,120,82,1.065251941
Z500,W8A8_span1,120,83,1.043728759
Z500,W8A8_span1,120,84,1.067689119
Z500,W8A8_span1,120,85,1.055995804
Z500,W8A8_span1,120,86,1.048052405
Z500,W8A8_span1,120,87,1.062534629
Z500,W8A8_span1,120,88,1.064377498
Z500,W8A8_span1,120,89,1.072831857
Z500,W8A8_span1,120,90,1.004363899
Z500,W8A8_span1,120,91,1.064935334
Z500,W8A8_span1,120,92,1.110820558
Z500,W8A8_span1,120,93,1.05053359
Z500,W8A8_span1,120,94,1.078290515
Z500,W8A8_span1,120,95,1.065370656
Z500,W8A8_span1,120,96,1.05008393
Z500,W8A8_span1,120,97,1.103361617
Z500,W8A8_span1,120,98,1.087454792
Z500,W8A8_span1,120,99,1.062433027
Z500,W8A8_span1,120,100,1.09594781
Z500,W8A8_span1,120,101,1.156960108
Z500,W8A8_span1,120,102,1.112884668
Z500,W8A8_span1,120,103,1.111571489
Z500,W8A8_span1,120,104,1.143444247
Z500,W8A8_span1,120,105,1.127975151
Z500,W8A8_span1,120,106,1.116032765
Z500,W8A8_span1,120,107,1.128519871
Z500,W8A8_span1,120,108,1.087130936
Z500,W8A8_span1,120,109,1.114843948
Z500,W8A8_span1,120,110,1.124329287
Z500,W8A8_span1,120,111,1.150334109
Z500,W8A8_span1,120,112,1.190839032
Z500,W8A8_span1,120,113,1.160683826
Z500,W8A8_span1,120,114,1.141747693
Z500,W8A8_span1,120,115,1.195416712
Z500,W8A8_span1,120,116,1.178917299
Z500,W8A8_span1,120,117,1.195427934
Z500,W8A8_span1,120,118,1.232189734
Z500,W8A8_span1,120,119,1.266790974
Z500,W8A8_span1,120,120,1.253433083
Z500,W8A8_span1,120,121,1.224237331
Z500,W8A8_span1,120,122,1.284514119
Z500,W8A8_span1,120,123,1.297768038
Z500,W8A8_span1,120,124,1.252973692
Z500,W8A8_span1,120,125,1.263192131
Z500,W8A8_span1,120,126,1.275983097
Z500,W8A8_span1,120,127,1.316099261
Z500,W8A8_span1,120,128,1.304875339
Z500,W8A8_span1,120,129,1.333361578
Z500,W8A8_span1,120,130,1.344743873
Z500,W8A8_span1,120,131,1.394903798
Z500,W8A8_span1,120,132,1.341286387
Z500,W8A8_span1,120,133,1.313766287
Z500,W8A8_span1,120,134,1.334164832
Z500,W8A8_span1,120,135,1.348711447
Z500,W8A8_span1,120,136,1.428768614
Z500,W8A8_span1,120,137,1.379300179
Z500,W8A8_span1,120,138,1.398137975
Z500,W8A8_span1,120,139,1.429271162
Z500,W8A8_span1,120,140,1.415812793
Z500,W8A8_span1,120,141,1.405205688
Z500,W8A8_span1,120,142,1.390544381
Z500,W8A8_span1,120,143,1.480370666
Z500,W8A8_span1,120,144,1.459305402
Z500,W8A8_span1,120,145,1.440868159
Z500,W8A8_span1,120,146,1.476147094
Z500,W8A8_span1,120,147,1.505518228
Z500,W8A8_span1,120,148,1.426813014
Z500,W8A8_span1,120,149,1.459208481
Z500,W8A8_span1,120,150,1.445256783
Z500,W8A8_span1,120,151,1.526001464
Z500,W8A8_span1,120,152,1.56417343
Z500,W8A8_span1,120,153,1.571436587
Z500,W8A8_span1,120,154,1.613219015
Z500,W8A8_span1,120,155,1.564531838
Z500,W8A8_span1,120,156,1.557746737
Z500,W8A8_span1,120,157,1.580821401
Z500,W8A8_span1,120,158,1.608486084
Z500,W8A8_span1,120,159,1.638884944
Z500,W8A8_span1,120,160,1.596902832
Z500,W8A8_span1,120,161,1.609061183
Z500,W8A8_span1,120,162,1.613307429
Z500,W8A8_span1,120,163,1.626867377
Z500,W8A8_span1,120,164,1.660012717
Z500,W8A8_span1,120,165,1.641641746
Z500,W8A8_span1,120,166,1.666843598
Z500,W8A8_span1,120,167,1.579466124
Z500,W8A8_span1,120,168,1.684557895
Z500,W8A8_span1,120,169,1.690124577
Z500,W8A8_span1,120,170,1.648675327
Z500,W8A8_span1,120,171,1.579990339
Z500,W8A8_span1,120,172,1.587045959
Z500,W8A8_span1,120,173,1.604554904
Z500,W8A8_span1,120,174,1.62399704
Z500,W8A8_span1,120,175,1.667798093
Z500,W8A8_span1,120,176,1.691357342
Z500,W8A8_span1,120,177,1.653149106
Z500,W8A8_span1,120,178,1.552497658
Z500,W8A8_span1,120,179,1.598736878
Z500,W8A8_span1,120,180,1.103801782
Z500,W8A8_span1,120,181,1.590369737
Z500,W8A8_span1,120,182,1.563905899
Z500,W8A8_span1,120,183,1.663126606
Z500,W8A8_span1,120,184,1.713469896
Z500,W8A8_span1,120,185,1.694861237
Z500,W8A8_span1,120,186,1.653666745
Z500,W8A8_span1,120,187,1.657949929
Z500,W8A8_span1,120,188,1.592594174
Z500,W8A8_span1,120,189,1.61923509
Z500,W8A8_span1,120,190,1.707889653
Z500,W8A8_span1,120,191,1.81858059
Z500,W8A8_span1,120,192,1.756810703
Z500,W8A8_span1,120,193,1.744820705
Z500,W8A8_span1,120,194,1.749221443
Z500,W8A8_span1,120,195,1.765132173
Z500,W8A8_span1,120,196,1.858866154
Z500,W8A8_span1,120,197,1.772905665
Z500,W8A8_span1,120,198,1.799972794
Z500,W8A8_span1,120,199,1.80350077
Z500,W8A8_span1,120,200,1.81554111
Z500,W8A8_span1,120,201,1.844744927
Z500,W8A8_span1,120,202,1.803253349
Z500,W8A8_span1,120,203,1.780462623
Z500,W8A8_span1,120,204,1.747334882
Z500,W8A8_span1,120,205,1.793621841
Z500,W8A8_span1,120,206,1.88495937
Z500,W8A8_span1,120,207,1.817847234
Z500,W8A8_span1,120,208,1.923183765
Z500,W8A8_span1,120,209,1.809110269
Z500,W8A8_span1,120,210,1.601398103
Z500,W8A8_span1,120,211,1.786043791
Z500,W8A8_span1,120,212,1.63759321
Z500,W8A8_span1,120,213,1.771774817
Z500,W8A8_span1,120,214,1.821648931
Z500,W8A8_span1,120,215,1.856023876
Z500,W8A8_span1,120,216,1.84840699
Z500,W8A8_span1,120,217,1.928570813
Z500,W8A8_span1,120,218,1.740736721
Z500,W8A8_span1,120,219,1.893657188
Z500,W8A8_span1,120,220,1.864099452
Z500,W8A8_span1,120,221,1.924171197
Z500,W8A8_span1,120,222,1.911595
Z500,W8A8_span1,120,223,1.931805277
Z500,W8A8_span1,120,224,1.916369056
Z500,W8A8_span1,120,225,1.951465939
Z500,W8A8_span1,120,226,1.899958631
Z500,W8A8_span1,120,227,1.882700958
Z500,W8A8_span1,120,228,1.938980666
Z500,W8A8_span1,120,229,1.925911028
Z500,W8A8_span1,120,230,1.905901747
Z500,W8A8_span1,120,231,1.931369342
Z500,W8A8_span1,120,232,1.8969655
Z500,W8A8_span1,120,233,1.9461721
Z500,W8A8_span1,120,234,1.85896747
Z500,W8A8_span1,120,235,1.822813148
Z500,W8A8_span1,120,236,1.80017452
Z500,W8A8_span1,120,237,1.881386488
Z500,W8A8_span1,120,238,1.766415443
Z500,W8A8_span1,120,239,1.801466058
Z500,W8A8_span1,120,240,1.730033463
Z500,W8A8_span1,120,241,1.863176398
Z500,W8A8_span1,120,242,1.770103825
Z500,W8A8_span1,120,243,1.769779756
Z500,W8A8_span1,120,244,1.735202534
Z500,W8A8_span1,120,245,1.74884551
Z500,W8A8_span1,120,246,1.714089809
Z500,W8A8_span1,120,247,1.693637263
Z500,W8A8_span1,120,248,1.662916162
Z500,W8A8_span1,120,249,1.646238043
Z500,W8A8_span1,120,250,1.641572013
Z500,W8A8_span1,120,251,1.689807139
Z500,W8A8_span1,120,252,1.659029773
Z500,W8A8_span1,120,253,1.573973313
Z500,W8A8_span1,120,254,1.608254409
Z500,W8A8_span1,120,255,1.616996624
Z500,W8A8_span1,120,256,1.595266915
Z500,W8A8_span1,120,257,1.600333889
Z500,W8A8_span1,120,258,1.577873405
Z500,W8A8_span1,120,259,1.542515147
Z500,W8A8_span1,120,260,1.55030275
Z500,W8A8_span1,120,261,1.550545692
Z500,W8A8_span1,120,262,1.458028866
Z500,W8A8_span1,120,263,1.51821296
Z500,W8A8_span1,120,264,1.493713311
Z500,W8A8_span1,120,265,1.496892315
Z500,W8A8_span1,120,266,1.430255721
Z500,W8A8_span1,120,267,1.462231044
Z500,W8A8_span1,120,268,1.426993743
Z500,W8A8_span1,120,269,1.414632117
Z500,W8A8_span1,120,270,1.31463162
Z500,W8A8_span1,120,271,1.386123869
Z500,W8A8_span1,120,272,1.374323508
Z500,W8A8_span1,120,273,1.360883984
Z500,W8A8_span1,120,274,1.367243818
Z500,W8A8_span1,120,275,1.396644159
Z500,W8A8_span1,120,276,1.331298662
Z500,W8A8_span1,120,277,1.304191653
Z500,W8A8_span1,120,278,1.301138572
Z500,W8A8_span1,120,279,1.312821314
Z500,W8A8_span1,120,280,1.248500449
Z500,W8A8_span1,120,281,1.315122719
Z500,W8A8_span1,120,282,1.31307743
Z500,W8A8_span1,120,283,1.267113648
Z500,W8A8_span1,120,284,1.274877533
Z500,W8A8_span1,120,285,1.227111735
Z500,W8A8_span1,120,286,1.234120245
Z500,W8A8_span1,120,287,1.255655209
Z500,W8A8_span1,120,288,1.286043307
Z500,W8A8_span1,120,289,1.277636957
Z500,W8A8_span1,120,290,1.214011653
Z500,W8A8_span1,120,291,1.222629835
Z500,W8A8_span1,120,292,1.244701398
Z500,W8A8_span1,120,293,1.224478579
Z500,W8A8_span1,120,294,1.243536856
Z500,W8A8_span1,120,295,1.177030338
Z500,W8A8_span1,120,296,1.158254859
Z500,W8A8_span1,120,297,1.160739272
Z500,W8A8_span1,120,298,1.172834204
Z500,W8A8_span1,120,299,1.17309996
Z500,W8A8_span1,120,300,1.164551691
Z500,W8A8_span1,120,301,1.147635776
Z500,W8A8_span1,120,302,1.146807893
Z500,W8A8_span1,120,303,1.177709549
Z500,W8A8_span1,120,304,1.117480856
Z500,W8A8_span1,120,305,1.119279349
Z500,W8A8_span1,120,306,1.111853018
Z500,W8A8_span1,120,307,1.088835069
Z500,W8A8_span1,120,308,1.109371116
Z500,W8A8_span1,120,309,1.090787122
Z500,W8A8_span1,120,310,1.062684761
Z500,W8A8_span1,120,311,1.092861813
Z500,W8A8_span1,120,312,1.09420944
Z500,W8A8_span1,120,313,1.070185067
Z500,W8A8_span1,120,314,1.058730956
Z500,W8A8_span1,120,315,1.072420894
Z500,W8A8_span1,120,316,1.085975784
Z500,W8A8_span1,120,317,1.080658757
Z500,W8A8_span1,120,318,1.03336711
Z500,W8A8_span1,120,319,1.097616217
Z500,W8A8_span1,120,320,1.054043395
Z500,W8A8_span1,120,321,1.043969408
Z500,W8A8_span1,120,322,1.041768976
Z500,W8A8_span1,120,323,1.033107115
Z500,W8A8_span1,120,324,1.056743241
Z500,W8A8_span1,120,325,1.068126053
Z500,W8A8_span1,120,326,1.044472325
Z500,W8A8_span1,120,327,1.041058076
Z500,W8A8_span1,120,328,1.044524914
Z500,W8A8_span1,120,329,1.032279475
Z500,W8A8_span1,120,330,1.061110305
Z500,W8A8_span1,120,331,1.049456796
Z500,W8A8_span1,120,332,1.054670699
Z500,W8A8_span1,120,333,1.023446622
Z500,W8A8_span1,120,334,1.041306107
Z500,W8A8_span1,120,335,1.049351174
Z500,W8A8_span1,120,336,1.070926868
Z500,W8A8_span1,120,337,1.057280338
Z500,W8A8_span1,120,338,1.048515715
Z500,W8A8_span1,120,339,1.070967779
Z500,W8A8_span1,120,340,1.041472065
Z500,W8A8_span1,120,341,1.072177737
Z500,W8A8_span1,120,342,1.04875701
Z500,W8A8_span1,120,343,1.08111396
Z500,W8A8_span1,120,344,1.081093231
Z500,W8A8_span1,120,345,1.075326639
Z500,W8A8_span1,120,346,1.07811364
Z500,W8A8_span1,120,347,1.061823482
Z500,W8A8_span1,120,348,1.058663104
Z500,W8A8_span1,120,349,1.06550676
Z500,W8A8_span1,120,350,1.053099382
Z500,W8A8_span1,120,351,1.057952254
Z500,W8A8_span1,120,352,1.084977735
Z500,W8A8_span1,120,353,1.056694767
Z500,W8A8_span1,120,354,1.053728816
Z500,W8A8_span1,120,355,1.039858402
Z500,W8A8_span1,120,356,1.044661679
Z500,W8A8_span1,120,357,1.041136778
Z500,W8A8_span1,120,358,1.026229709
Z500,W8A8_span1,120,359,1.027425403
Z500,W8A8_span1,120,360,0.978557279
Z500,W8A8_span1,120,361,1.019900709
Z500,W8A8_span1,120,362,1.017086944
Z500,W8A8_span1,120,363,1.020458811
Z500,W8A8_span1,120,364,1.026860629
Z500,W8A8_span1,120,365,1.01113247
Z500,W8A8_span1,120,366,1.034175484
Z500,W8A8_span1,120,367,1.034973783
Z500,W8A8_span1,120,368,1.067468391
Z500,W8A8_span1,120,369,1.041307775
Z500,W8A8_span1,120,370,1.051744578
Z500,W8A8_span1,120,371,1.048375722
Z500,W8A8_span1,120,372,1.05450394
Z500,W8A8_span1,120,373,1.058315168
Z500,W8A8_span1,120,374,1.071654551
Z500,W8A8_span1,120,375,1.082846797
Z500,W8A8_span1,120,376,1.086896274
Z500,W8A8_span1,120,377,1.059637675
Z500,W8A8_span1,120,378,1.049097042
Z500,W8A8_span1,120,379,1.073298798
Z500,W8A8_span1,120,380,1.065801637
Z500,W8A8_span1,120,381,1.079270851
Z500,W8A8_span1,120,382,1.034611586
Z500,W8A8_span1,120,383,1.065882987
Z500,W8A8_span1,120,384,1.060585808
Z500,W8A8_span1,120,385,1.059996949
Z500,W8A8_span1,120,386,1.061895077
Z500,W8A8_span1,120,387,1.038584028
Z500,W8A8_span1,120,388,1.055425075
Z500,W8A8_span1,120,389,1.064224738
Z500,W8A8_span1,120,390,1.057582155
Z500,W8A8_span1,120,391,1.044434547
Z500,W8A8_span1,120,392,1.056304078
Z500,W8A8_span1,120,393,1.043396785
Z500,W8A8_span1,120,394,1.072349502
Z500,W8A8_span1,120,395,1.076483446
Z500,W8A8_span1,120,396,1.071634266
Z500,W8A8_span1,120,397,1.048362101
Z500,W8A8_span1,120,398,1.064362867
Z500,W8A8_span1,120,399,1.03461791
Z500,W8A8_span1,120,400,1.075209519
Z500,W8A8_span1,120,401,1.102174944
Z500,W8A8_span1,120,402,1.04802283
Z500,W8A8_span1,120,403,1.083410989
Z500,W8A8_span1,120,404,1.09815904
Z500,W8A8_span1,120,405,1.096962283
Z500,W8A8_span1,120,406,1.062896448
Z500,W8A8_span1,120,407,1.08146332
Z500,W8A8_span1,120,408,1.105671957
Z500,W8A8_span1,120,409,1.104355476
Z500,W8A8_span1,120,410,1.082584354
Z500,W8A8_span1,120,411,1.086883049
Z500,W8A8_span1,120,412,1.125958388
Z500,W8A8_span1,120,413,1.098955826
Z500,W8A8_span1,120,414,1.108152703
Z500,W8A8_span1,120,415,1.112165533
Z500,W8A8_span1,120,416,1.128681104
Z500,W8A8_span1,120,417,1.152053833
Z500,W8A8_span1,120,418,1.155677564
Z500,W8A8_span1,120,419,1.168376398
Z500,W8A8_span1,120,420,1.175835677
Z500,W8A8_span1,120,421,1.180675365
Z500,W8A8_span1,120,422,1.163737228
Z500,W8A8_span1,120,423,1.145332983
Z500,W8A8_span1,120,424,1.172507549
Z500,W8A8_span1,120,425,1.174376031
Z500,W8A8_span1,120,426,1.237500139
Z500,W8A8_span1,120,427,1.227756846
Z500,W8A8_span1,120,428,1.229754842
Z500,W8A8_span1,120,429,1.185233692
Z500,W8A8_span1,120,430,1.192533702
Z500,W8A8_span1,120,431,1.268940256
Z500,W8A8_span1,120,432,1.279702147
Z500,W8A8_span1,120,433,1.228831341
Z500,W8A8_span1,120,434,1.245173017
Z500,W8A8_span1,120,435,1.237330266
Z500,W8A8_span1,120,436,1.27322432
Z500,W8A8_span1,120,437,1.264250405
Z500,W8A8_span1,120,438,1.307923159
Z500,W8A8_span1,120,439,1.301044244
Z500,W8A8_span1,120,440,1.282850301
Z500,W8A8_span1,120,441,1.319423909
Z500,W8A8_span1,120,442,1.317905978
Z500,W8A8_span1,120,443,1.284686335
Z500,W8A8_span1,120,444,1.354195555
Z500,W8A8_span1,120,445,1.365816699
Z500,W8A8_span1,120,446,1.359603341
Z500,W8A8_span1,120,447,1.373642941
Z500,W8A8_span1,120,448,1.360746514
Z500,W8A8_span1,120,449,1.367904386
Z500,W8A8_span1,120,450,1.312939895
Z500,W8A8_span1,120,451,1.41131557
Z500,W8A8_span1,120,452,1.421976965
Z500,W8A8_span1,120,453,1.453272255
Z500,W8A8_span1,120,454,1.424816465
Z500,W8A8_span1,120,455,1.470985801
Z500,W8A8_span1,120,456,1.476750801
Z500,W8A8_span1,120,457,1.52134918
Z500,W8A8_span1,120,458,1.463706731
Z500,W8A8_span1,120,459,1.523313269
Z500,W8A8_span1,120,460,1.515719235
Z500,W8A8_span1,120,461,1.533041245
Z500,W8A8_span1,120,462,1.549432543
Z500,W8A8_span1,120,463,1.563859529
Z500,W8A8_span1,120,464,1.588918213
Z500,W8A8_span1,120,465,1.597088517
Z500,W8A8_span1,120,466,1.55385948
Z500,W8A8_span1,120,467,1.57023439
Z500,W8A8_span1,120,468,1.599102235
Z500,W8A8_span1,120,469,1.638002846
Z500,W8A8_span1,120,470,1.577597012
Z500,W8A8_span1,120,471,1.641271779
Z500,W8A8_span1,120,472,1.63662038
Z500,W8A8_span1,120,473,1.643372895
Z500,W8A8_span1,120,474,1.625582396
Z500,W8A8_span1,120,475,1.699629303
Z500,W8A8_span1,120,476,1.688567745
Z500,W8A8_span1,120,477,1.720934686
Z500,W8A8_span1,120,478,1.749147996
Z500,W8A8_span1,120,479,1.804262486
Z500,W8A8_span1,120,480,1.716276723
Z500,W8A8_span1,120,481,1.756287657
Z500,W8A8_span1,120,482,1.729788974
Z500,W8A8_span1,120,483,1.851842207
Z500,W8A8_span1,120,484,1.749122922
Z500,W8A8_span1,120,485,1.782115316
Z500,W8A8_span1,120,486,1.821390251
Z500,W8A8_span1,120,487,1.880344013
Z500,W8A8_span1,120,488,1.857953153
Z500,W8A8_span1,120,489,1.908418552
Z500,W8A8_span1,120,490,1.885614797
Z500,W8A8_span1,120,491,1.946661989
Z500,W8A8_span1,120,492,1.943566672
Z500,W8A8_span1,120,493,1.876032445
Z500,W8A8_span1,120,494,1.888140118
Z500,W8A8_span1,120,495,1.905395543
Z500,W8A8_span1,120,496,1.952503698
Z500,W8A8_span1,120,497,1.950918243
Z500,W8A8_span1,120,498,1.889185364
Z500,W8A8_span1,120,499,1.948330626
Z500,W8A8_span1,120,500,1.899699219
Z500,W8A8_span1,120,501,1.89980157
Z500,W8A8_span1,120,502,1.752492531
Z500,W8A8_span1,120,503,1.975627003
Z500,W8A8_span1,120,504,1.891414555
Z500,W8A8_span1,120,505,1.882159078
Z500,W8A8_span1,120,506,1.877807765
Z500,W8A8_span1,120,507,1.867620691
Z500,W8A8_span1,120,508,1.675225655
Z500,W8A8_span1,120,509,1.832496691
Z500,W8A8_span1,120,510,1.648234798
Z500,W8A8_span1,120,511,1.891753387
Z500,W8A8_span1,120,512,1.976310651
Z500,W8A8_span1,120,513,1.914551507
Z500,W8A8_span1,120,514,1.983253241
Z500,W8A8_span1,120,515,1.879782903
Z500,W8A8_span1,120,516,1.841332887
Z500,W8A8_span1,120,517,1.882558858
Z500,W8A8_span1,120,518,1.911671958
Z500,W8A8_span1,120,519,2.003038448
Z500,W8A8_span1,120,520,1.937281387
Z500,W8A8_span1,120,521,1.917540455
Z500,W8A8_span1,120,522,1.935897687
Z500,W8A8_span1,120,523,1.922742583
Z500,W8A8_span1,120,524,1.988947249
Z500,W8A8_span1,120,525,1.911956607
Z500,W8A8_span1,120,526,1.937835317
Z500,W8A8_span1,120,527,1.840231771
Z500,W8A8_span1,120,528,1.934796224
Z500,W8A8_span1,120,529,1.966978438
Z500,W8A8_span1,120,530,1.855379271
Z500,W8A8_span1,120,531,1.747886771
Z500,W8A8_span1,120,532,1.727553275
Z500,W8A8_span1,120,533,1.783611595
Z500,W8A8_span1,120,534,1.78790544
Z500,W8A8_span1,120,535,1.865700673
Z500,W8A8_span1,120,536,1.872978699
Z500,W8A8_span1,120,537,1.808061052
Z500,W8A8_span1,120,538,1.680007875
Z500,W8A8_span1,120,539,1.730811928
Z500,W8A8_span1,120,540,1.101872749
Z500,W8A8_span1,120,541,1.734025652
Z500,W8A8_span1,120,542,1.682252116
Z500,W8A8_span1,120,543,1.808785407
Z500,W8A8_span1,120,544,1.868577488
Z500,W8A8_span1,120,545,1.865107658
Z500,W8A8_span1,120,546,1.788019712
Z500,W8A8_span1,120,547,1.784040032
Z500,W8A8_span1,120,548,1.720480917
Z500,W8A8_span1,120,549,1.747639004
Z500,W8A8_span1,120,550,1.860143585
Z500,W8A8_span1,120,551,1.977487473
Z500,W8A8_span1,120,552,1.933606152
Z500,W8A8_span1,120,553,1.844945948
Z500,W8A8_span1,120,554,1.940921403
Z500,W8A8_span1,120,555,1.91846441
Z500,W8A8_span1,120,556,2.009712541
Z500,W8A8_span1,120,557,1.93907619
Z500,W8A8_span1,120,558,1.951693753
Z500,W8A8_span1,120,559,1.936823244
Z500,W8A8_span1,120,560,1.956042054
Z500,W8A8_span1,120,561,2.023181121
Z500,W8A8_span1,120,562,1.936617991
Z500,W8A8_span1,120,563,1.899089512
Z500,W8A8_span1,120,564,1.865626623
Z500,W8A8_span1,120,565,1.8999479
Z500,W8A8_span1,120,566,2.011911448
Z500,W8A8_span1,120,567,1.931640086
Z500,W8A8_span1,120,568,2.017532817
Z500,W8A8_span1,120,569,1.915321302
Z500,W8A8_span1,120,570,1.669424191
Z500,W8A8_span1,120,571,1.862651499
Z500,W8A8_span1,120,572,1.692758526
Z500,W8A8_span1,120,573,1.886472633
Z500,W8A8_span1,120,574,1.904202731
Z500,W8A8_span1,120,575,1.92335778
Z500,W8A8_span1,120,576,1.922450144
Z500,W8A8_span1,120,577,2.035570324
Z500,W8A8_span1,120,578,1.797647075
Z500,W8A8_span1,120,579,1.954172941
Z500,W8A8_span1,120,580,1.941532656
Z500,W8A8_span1,120,581,1.994379798
Z500,W8A8_span1,120,582,1.949904933
Z500,W8A8_span1,120,583,2.007359262
Z500,W8A8_span1,120,584,2.000396757
Z500,W8A8_span1,120,585,1.978488373
Z500,W8A8_span1,120,586,1.949734271
Z500,W8A8_span1,120,587,1.948900384
Z500,W8A8_span1,120,588,2.007709361
Z500,W8A8_span1,120,589,2.00123059
Z500,W8A8_span1,120,590,1.953359232
Z500,W8A8_span1,120,591,1.967370366
Z500,W8A8_span1,120,592,1.925249955
Z500,W8A8_span1,120,593,1.95738119
Z500,W8A8_span1,120,594,1.88665053
Z500,W8A8_span1,120,595,1.845593607
Z500,W8A8_span1,120,596,1.80580104
Z500,W8A8_span1,120,597,1.911103549
Z500,W8A8_span1,120,598,1.788907976
Z500,W8A8_span1,120,599,1.823579922
Z500,W8A8_span1,120,600,1.761613352
Z500,W8A8_span1,120,601,1.869604343
Z500,W8A8_span1,120,602,1.800795269
Z500,W8A8_span1,120,603,1.784233302
Z500,W8A8_span1,120,604,1.740057633
Z500,W8A8_span1,120,605,1.758344825
Z500,W8A8_span1,120,606,1.698691111
Z500,W8A8_span1,120,607,1.688649966
Z500,W8A8_span1,120,608,1.676574639
Z500,W8A8_span1,120,609,1.679786897
Z500,W8A8_span1,120,610,1.628519407
Z500,W8A8_span1,120,611,1.687311103
Z500,W8A8_span1,120,612,1.651600967
Z500,W8A8_span1,120,613,1.599118557
Z500,W8A8_span1,120,614,1.605133379
Z500,W8A8_span1,120,615,1.6384951
Z500,W8A8_span1,120,616,1.621721357
Z500,W8A8_span1,120,617,1.600652614
Z500,W8A8_span1,120,618,1.587282192
Z500,W8A8_span1,120,619,1.56119065
Z500,W8A8_span1,120,620,1.5606885
Z500,W8A8_span1,120,621,1.550679781
Z500,W8A8_span1,120,622,1.482885252
Z500,W8A8_span1,120,623,1.546345722
Z500,W8A8_span1,120,624,1.504952624
Z500,W8A8_span1,120,625,1.503808784
Z500,W8A8_span1,120,626,1.446573544
Z500,W8A8_span1,120,627,1.480377966
Z500,W8A8_span1,120,628,1.433797195
Z500,W8A8_span1,120,629,1.428584532
Z500,W8A8_span1,120,630,1.297488745
Z500,W8A8_span1,120,631,1.392246545
Z500,W8A8_span1,120,632,1.383577052
Z500,W8A8_span1,120,633,1.377352515
Z500,W8A8_span1,120,634,1.372815431
Z500,W8A8_span1,120,635,1.384653141
Z500,W8A8_span1,120,636,1.362098121
Z500,W8A8_span1,120,637,1.297408562
Z500,W8A8_span1,120,638,1.319907216
Z500,W8A8_span1,120,639,1.326339416
Z500,W8A8_span1,120,640,1.278235549
Z500,W8A8_span1,120,641,1.315087179
Z500,W8A8_span1,120,642,1.316302211
Z500,W8A8_span1,120,643,1.266290001
Z500,W8A8_span1,120,644,1.275673444
Z500,W8A8_span1,120,645,1.23901968
Z500,W8A8_span1,120,646,1.246419117
Z500,W8A8_span1,120,647,1.248282216
Z500,W8A8_span1,120,648,1.288389267
Z500,W8A8_span1,120,649,1.277897658
Z500,W8A8_span1,120,650,1.201678668
Z500,W8A8_span1,120,651,1.197358906
Z500,W8A8_span1,120,652,1.235304308
Z500,W8A8_span1,120,653,1.225448603
Z500,W8A8_span1,120,654,1.235648691
Z500,W8A8_span1,120,655,1.17702423
Z500,W8A8_span1,120,656,1.169220027
Z500,W8A8_span1,120,657,1.148051782
Z500,W8A8_span1,120,658,1.164298232
Z500,W8A8_span1,120,659,1.17850259
Z500,W8A8_span1,120,660,1.167229779
Z500,W8A8_span1,120,661,1.163151635
Z500,W8A8_span1,120,662,1.154778983
Z500,W8A8_span1,120,663,1.169373613
Z500,W8A8_span1,120,664,1.121333204
Z500,W8A8_span1,120,665,1.111551172
Z500,W8A8_span1,120,666,1.113231015
Z500,W8A8_span1,120,667,1.089836794
Z500,W8A8_span1,120,668,1.121712114
Z500,W8A8_span1,120,669,1.091362564
Z500,W8A8_span1,120,670,1.069334005
Z500,W8A8_span1,120,671,1.089839214
Z500,W8A8_span1,120,672,1.100764095
Z500,W8A8_span1,120,673,1.072470181
Z500,W8A8_span1,120,674,1.062335262
Z500,W8A8_span1,120,675,1.088486256
Z500,W8A8_span1,120,676,1.086285697
Z500,W8A8_span1,120,677,1.071327883
Z500,W8A8_span1,120,678,1.055560555
Z500,W8A8_span1,120,679,1.094910995
Z500,W8A8_span1,120,680,1.073021668
Z500,W8A8_span1,120,681,1.045356847
Z500,W8A8_span1,120,682,1.053641908
Z500,W8A8_span1,120,683,1.045591959
Z500,W8A8_span1,120,684,1.054483204
Z500,W8A8_span1,120,685,1.073972215
Z500,W8A8_span1,120,686,1.064063936
Z500,W8A8_span1,120,687,1.038379559
Z500,W8A8_span1,120,688,1.060598519
Z500,W8A8_span1,120,689,1.039529454
Z500,W8A8_span1,120,690,1.052462572
Z500,W8A8_span1,120,691,1.058610606
Z500,W8A8_span1,120,692,1.051026288
Z500,W8A8_span1,120,693,1.049683522
Z500,W8A8_span1,120,694,1.057726462
Z500,W8A8_span1,120,695,1.057295884
Z500,W8A8_span1,120,696,1.073752348
Z500,W8A8_span1,120,697,1.063258347
Z500,W8A8_span1,120,698,1.048728065
Z500,W8A8_span1,120,699,1.060451701
Z500,W8A8_span1,120,700,1.058831682
Z500,W8A8_span1,120,701,1.066577644
Z500,W8A8_span1,120,702,1.045892763
Z500,W8A8_span1,120,703,1.065997509
Z500,W8A8_span1,120,704,1.075811442
Z500,W8A8_span1,120,705,1.063450542
Z500,W8A8_span1,120,706,1.067249094
Z500,W8A8_span1,120,707,1.053880429
Z500,W8A8_span1,120,708,1.060834635
Z500,W8A8_span1,120,709,1.052415441
Z500,W8A8_span1,120,710,1.05403673
Z500,W8A8_span1,120,711,1.048442689
Z500,W8A8_span1,120,712,1.079984079
Z500,W8A8_span1,120,713,1.047713177
Z500,W8A8_span1,120,714,1.036640439
Z500,W8A8_span1,120,715,1.022068008
Z500,W8A8_span1,120,716,1.029453945
Z500,W8A8_span1,120,717,1.025629685
Z500,W8A8_span1,120,718,1.023635889
Z500,W8A8_span1,120,719,1.024433688
Z500,W8A8_span1,120,720,1.014283135
U500,W8A8_floor,120,1,1.012270006
U500,W8A8_floor,120,2,1.016818234
U500,W8A8_floor,120,3,1.031215927
U500,W8A8_floor,120,4,1.037746815
U500,W8A8_floor,120,5,0.995338402
U500,W8A8_floor,120,6,1.009322941
U500,W8A8_floor,120,7,1.048578982
U500,W8A8_floor,120,8,0.9685127174
U500,W8A8_floor,120,9,0.9902068828
U500,W8A8_floor,120,10,1.032379559
U500,W8A8_floor,120,11,1.008574754
U500,W8A8_floor,120,12,0.9879398825
U500,W8A8_floor,120,13,1.004970992
U500,W8A8_floor,120,14,1.024538126
U500,W8A8_floor,120,15,1.000792774
U500,W8A8_floor,120,16,0.9841238147
U500,W8A8_floor,120,17,1.023596837
U500,W8A8_floor,120,18,0.9323217574
U500,W8A8_floor,120,19,0.964860782
U500,W8A8_floor,120,20,0.8955103249
U500,W8A8_floor,120,21,0.9784625583
U500,W8A8_floor,120,22,0.9333000883
U500,W8A8_floor,120,23,0.9609685653
U500,W8A8_floor,120,24,0.9396951367
U500,W8A8_floor,120,25,0.9324279692
U500,W8A8_floor,120,26,0.9365245692
U500,W8A8_floor,120,27,0.9229142689
U500,W8A8_floor,120,28,0.9310681891
U500,W8A8_floor,120,29,0.9186995115
U500,W8A8_floor,120,30,0.9097771123
U500,W8A8_floor,120,31,0.9493680526
U500,W8A8_floor,120,32,0.905559256
U500,W8A8_floor,120,33,0.9166191324
U500,W8A8_floor,120,34,0.9032351509
U500,W8A8_floor,120,35,0.9225185477
U500,W8A8_floor,120,36,0.8551059306
U500,W8A8_floor,120,37,0.9196398175
U500,W8A8_floor,120,38,0.9192673798
U500,W8A8_floor,120,39,0.8808249655
U500,W8A8_floor,120,40,0.9043310014
U500,W8A8_floor,120,41,0.8971985406
U500,W8A8_floor,120,42,0.9064507716
U500,W8A8_floor,120,43,0.9247322439
U500,W8A8_floor,120,44,0.8861615291
U500,W8A8_floor,120,45,0.8794783705
U500,W8A8_floor,120,46,0.8760654761
U500,W8A8_floor,120,47,0.860475883
U500,W8A8_floor,120,48,0.8970732474
U500,W8A8_floor,120,49,0.8800683681
U500,W8A8_floor,120,50,0.8445378616
U500,W8A8_floor,120,51,0.9115390367
U500,W8A8_floor,120,52,0.8914649365
U500,W8A8_floor,120,53,0.8875717558
U500,W8A8_floor,120,54,0.9048158807
U500,W8A8_floor,120,55,0.9263390962
U500,W8A8_floor,120,56,0.8947455467
U500,W8A8_floor,120,57,0.893018405
U500,W8A8_floor,120,58,0.9074829379
U500,W8A8_floor,120,59,0.8801010517
U500,W8A8_floor,120,60,0.9067681516
U500,W8A8_floor,120,61,0.9132625428
U500,W8A8_floor,120,62,0.9135470676
U500,W8A8_floor,120,63,0.924487976
U500,W8A8_floor,120,64,0.9527923443
U500,W8A8_floor,120,65,0.8981620014
U500,W8A8_floor,120,66,0.898083158
U500,W8A8_floor,120,67,0.881368758
U500,W8A8_floor,120,68,0.9430107791
U500,W8A8_floor,120,69,0.9346595167
U500,W8A8_floor,120,70,0.922362167
U500,W8A8_floor,120,71,0.9022853758
U500,W8A8_floor,120,72,0.9042509838
U500,W8A8_floor,120,73,0.9284874267
U500,W8A8_floor,120,74,0.9523893803
U500,W8A8_floor,120,75,0.9255637894
U500,W8A8_floor,120,76,0.9629475968
U500,W8A8_floor,120,77,0.9487434436
U500,W8A8_floor,120,78,0.9221937394
U500,W8A8_floor,120,79,0.9647806647
U500,W8A8_floor,120,80,0.9396511414
U500,W8A8_floor,120,81,0.9698159782
U500,W8A8_floor,120,82,0.9546023412
U500,W8A8_floor,120,83,0.94231811
U500,W8A8_floor,120,84,0.977696867
U500,W8A8_floor,120,85,0.9700767396
U500,W8A8_floor,120,86,0.9610231884
U500,W8A8_floor,120,87,0.9704483724
U500,W8A8_floor,120,88,0.9752401336
U500,W8A8_floor,120,89,0.9887976846
U500,W8A8_floor,120,90,1.009353341
U500,W8A8_floor,120,91,0.9790739927
U500,W8A8_floor,120,92,0.9985227447
U500,W8A8_floor,120,93,0.9892224309
U500,W8A8_floor,120,94,1.010601798
U500,W8A8_floor,120,95,1.013193075
U500,W8A8_floor,120,96,0.9967879179
U500,W8A8_floor,120,97,1.009607551
U500,W8A8_floor,120,98,1.0058314
U500,W8A8_floor,120,99,1.034524138
U500,W8A8_floor,120,100,1.024074459
U500,W8A8_floor,120,101,1.021382621
U500,W8A8_floor,120,102,1.025158942
U500,W8A8_floor,120,103,0.9897951525
U500,W8A8_floor,120,104,0.994362515
U500,W8A8_floor,120,105,1.042482923
U500,W8A8_floor,120,106,1.007921716
U500,W8A8_floor,120,107,1.033589565
U500,W8A8_floor,120,108,1.015017667
U500,W8A8_floor,120,109,1.030673481
U500,W8A8_floor,120,110,1.058027651
U500,W8A8_floor,120,111,1.043186514
U500,W8A8_floor,120,112,1.059257277
U500,W8A8_floor,120,113,1.002151689
U500,W8A8_floor,120,114,1.060449436
U500,W8A8_floor,120,115,1.00553431
U500,W8A8_floor,120,116,1.04517588
U500,W8A8_floor,120,117,1.026227419
U500,W8A8_floor,120,118,1.040035451
U500,W8A8_floor,120,119,1.07573234
U500,W8A8_floor,120,120,1.039709918
U500,W8A8_floor,120,121,1.068710929
U500,W8A8_floor,120,122,1.103448533
U500,W8A8_floor,120,123,1.086785838
U500,W8A8_floor,120,124,1.085027634
U500,W8A8_floor,120,125,1.087461163
U500,W8A8_floor,120,126,1.117194127
U500,W8A8_floor,120,127,1.086120145
U500,W8A8_floor,120,128,1.069601708
U500,W8A8_floor,120,129,1.095679516
U500,W8A8_floor,120,130,1.146882641
U500,W8A8_floor,120,131,1.114308098
U500,W8A8_floor,120,132,1.074424359
U500,W8A8_floor,120,133,1.118522088
U500,W8A8_floor,120,134,1.10182394
U500,W8A8_floor,120,135,1.117281241
U500,W8A8_floor,120,136,1.149324289
U500,W8A8_floor,120,137,1.101529185
U500,W8A8_floor,120,138,1.147215383
U500,W8A8_floor,120,139,1.156881085
U500,W8A8_floor,120,140,1.184901684
U500,W8A8_floor,120,141,1.160771315
U500,W8A8_floor,120,142,1.182794185
U500,W8A8_floor,120,143,1.159299916
U500,W8A8_floor,120,144,1.215776027
U500,W8A8_floor,120,145,1.223194178
U500,W8A8_floor,120,146,1.166676249
U500,W8A8_floor,120,147,1.2058274
U500,W8A8_floor,120,148,1.188108349
U500,W8A8_floor,120,149,1.266778704
U500,W8A8_floor,120,150,1.267553159
U500,W8A8_floor,120,151,1.255328918
U500,W8A8_floor,120,152,1.292673561
U500,W8A8_floor,120,153,1.276418754
U500,W8A8_floor,120,154,1.286404636
U500,W8A8_floor,120,155,1.325816592
U500,W8A8_floor,120,156,1.315071294
U500,W8A8_floor,120,157,1.332578459
U500,W8A8_floor,120,158,1.309023991
U500,W8A8_floor,120,159,1.316922405
U500,W8A8_floor,120,160,1.368315358
U500,W8A8_floor,120,161,1.405990225
U500,W8A8_floor,120,162,1.374463281
U500,W8A8_floor,120,163,1.41851139
U500,W8A8_floor,120,164,1.398836759
U500,W8A8_floor,120,165,1.402952862
U500,W8A8_floor,120,166,1.415816705
U500,W8A8_floor,120,167,1.476022472
U500,W8A8_floor,120,168,1.46042447
U500,W8A8_floor,120,169,1.478205605
U500,W8A8_floor,120,170,1.500368566
U500,W8A8_floor,120,171,1.535738014
U500,W8A8_floor,120,172,1.529490216
U500,W8A8_floor,120,173,1.550259303
U500,W8A8_floor,120,174,1.580639406
U500,W8A8_floor,120,175,1.538900208
U500,W8A8_floor,120,176,1.576894232
U500,W8A8_floor,120,177,1.672294104
U500,W8A8_floor,120,178,1.622501755
U500,W8A8_floor,120,179,1.64538362
U500,W8A8_floor,120,180,2.195057776
U500,W8A8_floor,120,181,1.69828037
U500,W8A8_floor,120,182,1.662909953
U500,W8A8_floor,120,183,1.711784499
U500,W8A8_floor,120,184,1.793194997
U500,W8A8_floor,120,185,1.78938558
U500,W8A8_floor,120,186,1.817050314
U500,W8A8_floor,120,187,1.835721544
U500,W8A8_floor,120,188,1.826212948
U500,W8A8_floor,120,189,1.856537292
U500,W8A8_floor,120,190,1.841647269
U500,W8A8_floor,120,191,1.852730092
U500,W8A8_floor,120,192,1.920189575
U500,W8A8_floor,120,193,1.923760792
U500,W8A8_floor,120,194,1.944396077
U500,W8A8_floor,120,195,2.012258335
U500,W8A8_floor,120,196,1.978463922
U500,W8A8_floor,120,197,2.014144868
U500,W8A8_floor,120,198,2.042214282
U500,W8A8_floor,120,199,2.019326958
U500,W8A8_floor,120,200,2.0984638
U500,W8A8_floor,120,201,2.101802027
U500,W8A8_floor,120,202,2.183338446
U500,W8A8_floor,120,203,2.137368157
U500,W8A8_floor,120,204,2.201789226
U500,W8A8_floor,120,205,2.229045743
U500,W8A8_floor,120,206,2.240971236
U500,W8A8_floor,120,207,2.219170438
U500,W8A8_floor,120,208,2.289559786
U500,W8A8_floor,120,209,2.333493003
U500,W8A8_floor,120,210,2.340341752
U500,W8A8_floor,120,211,2.354444311
U500,W8A8_floor,120,212,2.392787608
U500,W8A8_floor,120,213,2.34640176
U500,W8A8_floor,120,214,2.405124332
U500,W8A8_floor,120,215,2.449572091
U500,W8A8_floor,120,216,2.495663591
U500,W8A8_floor,120,217,2.450810469
U500,W8A8_floor,120,218,2.504865441
U500,W8A8_floor,120,219,2.570202059
U500,W8A8_floor,120,220,2.579372615
U500,W8A8_floor,120,221,2.665829548
U500,W8A8_floor,120,222,2.681793734
U500,W8A8_floor,120,223,2.693822599
U500,W8A8_floor,120,224,2.72786767
U500,W8A8_floor,120,225,2.676687159
U500,W8A8_floor,120,226,2.801485592
U500,W8A8_floor,120,227,2.771918782
U500,W8A8_floor,120,228,2.830578026
U500,W8A8_floor,120,229,2.863680473
U500,W8A8_floor,120,230,2.881859835
U500,W8A8_floor,120,231,2.864006807
U500,W8A8_floor,120,232,2.915083951
U500,W8A8_floor,120,233,2.940250047
U500,W8A8_floor,120,234,2.97895146
U500,W8A8_floor,120,235,2.937326519
U500,W8A8_floor,120,236,2.986485916
U500,W8A8_floor,120,237,3.042298859
U500,W8A8_floor,120,238,3.013366325
U500,W8A8_floor,120,239,2.972309264
U500,W8A8_floor,120,240,3.036326881
U500,W8A8_floor,120,241,3.06281728
U500,W8A8_floor,120,242,3.030902124
U500,W8A8_floor,120,243,3.106098564
U500,W8A8_floor,120,244,3.123883562
U500,W8A8_floor,120,245,3.198546653
U500,W8A8_floor,120,246,3.18274074
U500,W8A8_floor,120,247,3.221801053
U500,W8A8_floor,120,248,3.216751337
U500,W8A8_floor,120,249,3.172786665
U500,W8A8_floor,120,250,3.219913467
U500,W8A8_floor,120,251,3.304618083
U500,W8A8_floor,120,252,3.246871434
U500,W8A8_floor,120,253,3.29178396
U500,W8A8_floor,120,254,3.283756028
U500,W8A8_floor,120,255,3.328501616
U500,W8A8_floor,120,256,3.281512555
U500,W8A8_floor,120,257,3.29162618
U500,W8A8_floor,120,258,3.364172835
U500,W8A8_floor,120,259,3.318268008
U500,W8A8_floor,120,260,3.316979633
U500,W8A8_floor,120,261,3.444072455
U500,W8A8_floor,120,262,3.430033308
U500,W8A8_floor,120,263,3.411759073
U500,W8A8_floor,120,264,3.540711388
U500,W8A8_floor,120,265,3.465258494
U500,W8A8_floor,120,266,3.30853911
U500,W8A8_floor,120,267,3.442953651
U500,W8A8_floor,120,268,3.381604805
U500,W8A8_floor,120,269,3.534829066
U500,W8A8_floor,120,270,3.415250954
U500,W8A8_floor,120,271,3.413541463
U500,W8A8_floor,120,272,3.483252215
U500,W8A8_floor,120,273,3.384629592
U500,W8A8_floor,120,274,3.563790738
U500,W8A8_floor,120,275,3.503136004
U500,W8A8_floor,120,276,3.586659702
U500,W8A8_floor,120,277,3.469939437
U500,W8A8_floor,120,278,3.502159743
U500,W8A8_floor,120,279,3.513475027
U500,W8A8_floor,120,280,3.510719259
U500,W8A8_floor,120,281,3.56047245
U500,W8A8_floor,120,282,3.522320033
U500,W8A8_floor,120,283,3.645600134
U500,W8A8_floor,120,284,3.685505682
U500,W8A8_floor,120,285,3.552420791
U500,W8A8_floor,120,286,3.624826944
U500,W8A8_floor,120,287,3.56929709
U500,W8A8_floor,120,288,3.512734266
U500,W8A8_floor,120,289,3.674673419
U500,W8A8_floor,120,290,3.616488132
U500,W8A8_floor,120,291,3.676642883
U500,W8A8_floor,120,292,3.649902704
U500,W8A8_floor,120,293,3.621920488
U500,W8A8_floor,120,294,3.633432745
U500,W8A8_floor,120,295,3.621849056
U500,W8A8_floor,120,296,3.655289266
U500,W8A8_floor,120,297,3.691627761
U500,W8A8_floor,120,298,3.772770052
U500,W8A8_floor,120,299,3.769426141
U500,W8A8_floor,120,300,3.762633078
U500,W8A8_floor,120,301,3.758294944
U500,W8A8_floor,120,302,3.681789972
U500,W8A8_floor,120,303,3.597049691
U500,W8A8_floor,120,304,3.797760227
U500,W8A8_floor,120,305,3.783953572
U500,W8A8_floor,120,306,3.639397477
U500,W8A8_floor,120,307,3.706632335
U500,W8A8_floor,120,308,3.704937181
U500,W8A8_floor,120,309,3.757133258
U500,W8A8_floor,120,310,3.709928883
U500,W8A8_floor,120,311,3.68968244
U500,W8A8_floor,120,312,3.692906867
U500,W8A8_floor,120,313,3.729201561
U500,W8A8_floor,120,314,3.774920008
U500,W8A8_floor,120,315,3.671288047
U500,W8A8_floor,120,316,3.687905257
U500,W8A8_floor,120,317,3.721350882
U500,W8A8_floor,120,318,3.674346209
U500,W8A8_floor,120,319,3.68017247
U500,W8A8_floor,120,320,3.694314416
U500,W8A8_floor,120,321,3.670816325
U500,W8A8_floor,120,322,3.641684426
U500,W8A8_floor,120,323,3.771568929
U500,W8A8_floor,120,324,3.711694823
U500,W8A8_floor,120,325,3.663167019
U500,W8A8_floor,120,326,3.720884098
U500,W8A8_floor,120,327,3.735949511
U500,W8A8_floor,120,328,3.678388699
U500,W8A8_floor,120,329,3.734560925
U500,W8A8_floor,120,330,3.834181328
U500,W8A8_floor,120,331,3.674258901
U500,W8A8_floor,120,332,3.621186839
U500,W8A8_floor,120,333,3.58710823
U500,W8A8_floor,120,334,3.734263266
U500,W8A8_floor,120,335,3.735145763
U500,W8A8_floor,120,336,3.689318598
U500,W8A8_floor,120,337,3.743205799
U500,W8A8_floor,120,338,3.637990838
U500,W8A8_floor,120,339,3.626182194
U500,W8A8_floor,120,340,3.701989588
U500,W8A8_floor,120,341,3.788115703
U500,W8A8_floor,120,342,3.62889877
U500,W8A8_floor,120,343,3.71591345
U500,W8A8_floor,120,344,3.6590615
U500,W8A8_floor,120,345,3.660889012
U500,W8A8_floor,120,346,3.686297819
U500,W8A8_floor,120,347,3.771930914
U500,W8A8_floor,120,348,3.760880055
U500,W8A8_floor,120,349,3.894313746
U500,W8A8_floor,120,350,3.855597063
U500,W8A8_floor,120,351,3.874238229
U500,W8A8_floor,120,352,3.981111599
U500,W8A8_floor,120,353,3.878236218
U500,W8A8_floor,120,354,3.998986264
U500,W8A8_floor,120,355,4.030836482
U500,W8A8_floor,120,356,4.337242156
U500,W8A8_floor,120,357,4.335664674
U500,W8A8_floor,120,358,4.443717899
U500,W8A8_floor,120,359,4.635419522
U500,W8A8_floor,120,360,13.41221531
U500,W8A8_floor,120,361,4.798734215
U500,W8A8_floor,120,362,4.497739716
U500,W8A8_floor,120,363,4.631615748
U500,W8A8_floor,120,364,4.543467344
U500,W8A8_floor,120,365,4.420552695
U500,W8A8_floor,120,366,4.298083286
U500,W8A8_floor,120,367,4.178954701
U500,W8A8_floor,120,368,4.105082894
U500,W8A8_floor,120,369,3.999525865
U500,W8A8_floor,120,370,4.065330194
U500,W8A8_floor,120,371,3.961849771
U500,W8A8_floor,120,372,3.94748664
U500,W8A8_floor,120,373,3.707770697
U500,W8A8_floor,120,374,3.817815743
U500,W8A8_floor,120,375,3.752261738
U500,W8A8_floor,120,376,3.772362855
U500,W8A8_floor,120,377,3.579811734
U500,W8A8_floor,120,378,3.68990909
U500,W8A8_floor,120,379,3.558512663
U500,W8A8_floor,120,380,3.680991331
U500,W8A8_floor,120,381,3.658471982
U500,W8A8_floor,120,382,3.589091382
U500,W8A8_floor,120,383,3.608764616
U500,W8A8_floor,120,384,3.620884955
U500,W8A8_floor,120,385,3.631977608
U500,W8A8_floor,120,386,3.634862795
U500,W8A8_floor,120,387,3.46917617
U500,W8A8_floor,120,388,3.463623093
U500,W8A8_floor,120,389,3.465208357
U500,W8A8_floor,120,390,3.555784706
U500,W8A8_floor,120,391,3.567595144
U500,W8A8_floor,120,392,3.483366811
U500,W8A8_floor,120,393,3.523598647
U500,W8A8_floor,120,394,3.488601492
U500,W8A8_floor,120,395,3.444046444
U500,W8A8_floor,120,396,3.542593978
U500,W8A8_floor,120,397,3.451778651
U500,W8A8_floor,120,398,3.352211794
U500,W8A8_floor,120,399,3.448483216
U500,W8A8_floor,120,400,3.487575156
U500,W8A8_floor,120,401,3.411882221
U500,W8A8_floor,120,402,3.494693449
U500,W8A8_floor,120,403,3.381974909
U500,W8A8_floor,120,404,3.30344133
U500,W8A8_floor,120,405,3.319840543
U500,W8A8_floor,120,406,3.343281054
U500,W8A8_floor,120,407,3.319868568
U500,W8A8_floor,120,408,3.339902921
U500,W8A8_floor,120,409,3.307687286
U500,W8A8_floor,120,410,3.221056686
U500,W8A8_floor,120,411,3.320505414
U500,W8A8_floor,120,412,3.262481642
U500,W8A8_floor,120,413,3.336342595
U500,W8A8_floor,120,414,3.254157195
U500,W8A8_floor,120,415,3.241935183
U500,W8A8_floor,120,416,3.330601407
U500,W8A8_floor,120,417,3.106108884
U500,W8A8_floor,120,418,3.25682483
U500,W8A8_floor,120,419,3.203322359
U500,W8A8_floor,120,420,3.228332684
U500,W8A8_floor,120,421,3.230839936
U500,W8A8_floor,120,422,3.235187327
U500,W8A8_floor,120,423,3.201009646
U500,W8A8_floor,120,424,3.148270183
U500,W8A8_floor,120,425,3.15897442
U500,W8A8_floor,120,426,3.170902283
U500,W8A8_floor,120,427,3.124230649
U500,W8A8_floor,120,428,3.158575993
U500,W8A8_floor,120,429,3.103778842
U500,W8A8_floor,120,430,3.111619444
U500,W8A8_floor,120,431,3.117909334
U500,W8A8_floor,120,432,2.992069851
U500,W8A8_floor,120,433,3.050581025
U500,W8A8_floor,120,434,3.085765385
U500,W8A8_floor,120,435,3.02674613
U500,W8A8_floor,120,436,3.125932439
U500,W8A8_floor,120,437,3.046702872
U500,W8A8_floor,120,438,2.998447235
U500,W8A8_floor,120,439,2.986189548
U500,W8A8_floor,120,440,2.943131809
U500,W8A8_floor,120,441,3.002838315
U500,W8A8_floor,120,442,2.973795602
U500,W8A8_floor,120,443,2.985219995
U500,W8A8_floor,120,444,2.975462704
U500,W8A8_floor,120,445,2.944556565
U500,W8A8_floor,120,446,2.96048125
U500,W8A8_floor,120,447,2.921856063
U500,W8A8_floor,120,448,2.926416152
U500,W8A8_floor,120,449,2.959672968
U500,W8A8_floor,120,450,2.886370485
U500,W8A8_floor,120,451,2.964905171
U500,W8A8_floor,120,452,2.923209448
U500,W8A8_floor,120,453,2.895680515
U500,W8A8_floor,120,454,2.8997062
U500,W8A8_floor,120,455,3.040398181
U500,W8A8_floor,120,456,2.947650712
U500,W8A8_floor,120,457,2.977018585
U500,W8A8_floor,120,458,2.94003501
U500,W8A8_floor,120,459,3.031188101
U500,W8A8_floor,120,460,2.992909766
U500,W8A8_floor,120,461,2.914003166
U500,W8A8_floor,120,462,2.958604559
U500,W8A8_floor,120,463,2.993089377
U500,W8A8_floor,120,464,3.030289911
U500,W8A8_floor,120,465,3.055102139
U500,W8A8_floor,120,466,3.021813232
U500,W8A8_floor,120,467,3.054155732
U500,W8A8_floor,120,468,3.105792813
U500,W8A8_floor,120,469,3.041857971
U500,W8A8_floor,120,470,3.065945347
U500,W8A8_floor,120,471,3.014159324
U500,W8A8_floor,120,472,3.170336263
U500,W8A8_floor,120,473,3.141214449
U500,W8A8_floor,120,474,3.10958456
U500,W8A8_floor,120,475,3.032825567
U500,W8A8_floor,120,476,3.072753997
U500,W8A8_floor,120,477,3.133381272
U500,W8A8_floor,120,478,3.131156259
U500,W8A8_floor,120,479,3.077482458
U500,W8A8_floor,120,480,3.080926576
U500,W8A8_floor,120,481,3.050940743
U500,W8A8_floor,120,482,3.212174128
U500,W8A8_floor,120,483,3.260608131
U500,W8A8_floor,120,484,3.126030779
U500,W8A8_floor,120,485,3.212569295
U500,W8A8_floor,120,486,3.261253393
U500,W8A8_floor,120,487,3.232715775
U500,W8A8_floor,120,488,3.251124179
U500,W8A8_floor,120,489,3.217534845
U500,W8A8_floor,120,490,3.347806928
U500,W8A8_floor,120,491,3.241456453
U500,W8A8_floor,120,492,3.240433925
U500,W8A8_floor,120,493,3.290222616
U500,W8A8_floor,120,494,3.26623053
U500,W8A8_floor,120,495,3.367248871
U500,W8A8_floor,120,496,3.33873852
U500,W8A8_floor,120,497,3.460435805
U500,W8A8_floor,120,498,3.408839942
U500,W8A8_floor,120,499,3.368369853
U500,W8A8_floor,120,500,3.427572792
U500,W8A8_floor,120,501,3.448739869
U500,W8A8_floor,120,502,3.472397023
U500,W8A8_floor,120,503,3.370564423
U500,W8A8_floor,120,504,3.525648774
U500,W8A8_floor,120,505,3.514357804
U500,W8A8_floor,120,506,3.471362676
U500,W8A8_floor,120,507,3.455754404
U500,W8A8_floor,120,508,3.470733019
U500,W8A8_floor,120,509,3.503967
U500,W8A8_floor,120,510,3.495636244
U500,W8A8_floor,120,511,3.553661378
U500,W8A8_floor,120,512,3.554699853
U500,W8A8_floor,120,513,3.522885454
U500,W8A8_floor,120,514,3.634965543
U500,W8A8_floor,120,515,3.685317705
U500,W8A8_floor,120,516,3.612684955
U500,W8A8_floor,120,517,3.571720362
U500,W8A8_floor,120,518,3.65004148
U500,W8A8_floor,120,519,3.552815263
U500,W8A8_floor,120,520,3.643536945
U500,W8A8_floor,120,521,3.692972894
U500,W8A8_floor,120,522,3.566308693
U500,W8A8_floor,120,523,3.559193424
U500,W8A8_floor,120,524,3.538687275
U500,W8A8_floor,120,525,3.587902456
U500,W8A8_floor,120,526,3.585271084
U500,W8A8_floor,120,527,3.581396665
U500,W8A8_floor,120,528,3.547027787
U500,W8A8_floor,120,529,3.563523792
U500,W8A8_floor,120,530,3.540878118
U500,W8A8_floor,120,531,3.517567566
U500,W8A8_floor,120,532,3.566668342
U500,W8A8_floor,120,533,3.580109505
U500,W8A8_floor,120,534,3.587157046
U500,W8A8_floor,120,535,3.550603657
U500,W8A8_floor,120,536,3.482176745
U500,W8A8_floor,120,537,3.591637852
U500,W8A8_floor,120,538,3.523330527
U500,W8A8_floor,120,539,3.504898285
U500,W8A8_floor,120,540,3.289103414
U500,W8A8_floor,120,541,3.523044997
U500,W8A8_floor,120,542,3.510644358
U500,W8A8_floor,120,543,3.586271082
U500,W8A8_floor,120,544,3.560932676
U500,W8A8_floor,120,545,3.610651876
U500,W8A8_floor,120,546,3.650272319
U500,W8A8_floor,120,547,3.632805981
U500,W8A8_floor,120,548,3.644497668
U500,W8A8_floor,120,549,3.615302097
U500,W8A8_floor,120,550,3.600860196
U500,W8A8_floor,120,551,3.666527281
U500,W8A8_floor,120,552,3.645879672
U500,W8A8_floor,120,553,3.670715101
U500,W8A8_floor,120,554,3.699800947
U500,W8A8_floor,120,555,3.70149504
U500,W8A8_floor,120,556,3.650011766
U500,W8A8_floor,120,557,3.682810378
U500,W8A8_floor,120,558,3.714417945
U500,W8A8_floor,120,559,3.796424705
U500,W8A8_floor,120,560,3.791967286
U500,W8A8_floor,120,561,3.727785969
U500,W8A8_floor,120,562,3.824119169
U500,W8A8_floor,120,563,3.72560376
U500,W8A8_floor,120,564,3.796708498
U500,W8A8_floor,120,565,3.84295379
U500,W8A8_floor,120,566,3.829418145
U500,W8A8_floor,120,567,3.715503206
U500,W8A8_floor,120,568,3.756914996
U500,W8A8_floor,120,569,3.794277002
U500,W8A8_floor,120,570,3.712373239
U500,W8A8_floor,120,571,3.745061482
U500,W8A8_floor,120,572,3.705598652
U500,W8A8_floor,120,573,3.68219731
U500,W8A8_floor,120,574,3.737264487
U500,W8A8_floor,120,575,3.751600308
U500,W8A8_floor,120,576,3.792771733
U500,W8A8_floor,120,577,3.65386555
U500,W8A8_floor,120,578,3.751094393
U500,W8A8_floor,120,579,3.740550766
U500,W8A8_floor,120,580,3.729406196
U500,W8A8_floor,120,581,3.684232895
U500,W8A8_floor,120,582,3.736489755
U500,W8A8_floor,120,583,3.798795633
U500,W8A8_floor,120,584,3.65753373
U500,W8A8_floor,120,585,3.682374361
U500,W8A8_floor,120,586,3.63806865
U500,W8A8_floor,120,587,3.610196705
U500,W8A8_floor,120,588,3.589996879
U500,W8A8_floor,120,589,3.591005717
U500,W8A8_floor,120,590,3.713239113
U500,W8A8_floor,120,591,3.567102131
U500,W8A8_floor,120,592,3.631937313
U500,W8A8_floor,120,593,3.582620122
U500,W8A8_floor,120,594,3.589969291
U500,W8A8_floor,120,595,3.539528941
U500,W8A8_floor,120,596,3.475647732
U500,W8A8_floor,120,597,3.612944123
U500,W8A8_floor,120,598,3.552173545
U500,W8A8_floor,120,599,3.395704227
U500,W8A8_floor,120,600,3.409293726
U500,W8A8_floor,120,601,3.422770348
U500,W8A8_floor,120,602,3.463862145
U500,W8A8_floor,120,603,3.470616893
U500,W8A8_floor,120,604,3.426445116
U500,W8A8_floor,120,605,3.391495773
U500,W8A8_floor,120,606,3.45662799
U500,W8A8_floor,120,607,3.505975492
U500,W8A8_floor,120,608,3.490792537
U500,W8A8_floor,120,609,3.344960885
U500,W8A8_floor,120,610,3.407146905
U500,W8A8_floor,120,611,3.408709255
U500,W8A8_floor,120,612,3.419747738
U500,W8A8_floor,120,613,3.376070387
U500,W8A8_floor,120,614,3.339334742
U500,W8A8_floor,120,615,3.387902932
U500,W8A8_floor,120,616,3.327566205
U500,W8A8_floor,120,617,3.308381648
U500,W8A8_floor,120,618,3.271008238
U500,W8A8_floor,120,619,3.194247178
U500,W8A8_floor,120,620,3.281521645
U500,W8A8_floor,120,621,3.316009801
U500,W8A8_floor,120,622,3.260495269
U500,W8A8_floor,120,623,3.244606956
U500,W8A8_floor,120,624,3.267190519
U500,W8A8_floor,120,625,3.294452602
U500,W8A8_floor,120,626,3.142268885
U500,W8A8_floor,120,627,3.156532787
U500,W8A8_floor,120,628,3.171449507
U500,W8A8_floor,120,629,3.22310779
U500,W8A8_floor,120,630,3.100721245
U500,W8A8_floor,120,631,3.147789541
U500,W8A8_floor,120,632,3.16090373
U500,W8A8_floor,120,633,3.106169094
U500,W8A8_floor,120,634,3.193123467
U500,W8A8_floor,120,635,3.13787543
U500,W8A8_floor,120,636,3.198231124
U500,W8A8_floor,120,637,3.162558228
U500,W8A8_floor,120,638,3.140445747
U500,W8A8_floor,120,639,3.165500942
U500,W8A8_floor,120,640,3.10018955
U500,W8A8_floor,120,641,3.16012881
U500,W8A8_floor,120,642,3.1474419
U500,W8A8_floor,120,643,3.216922996
U500,W8A8_floor,120,644,3.268644023
U500,W8A8_floor,120,645,3.18470215
U500,W8A8_floor,120,646,3.202265383
U500,W8A8_floor,120,647,3.177489805
U500,W8A8_floor,120,648,3.093963582
U500,W8A8_floor,120,649,3.225749167
U500,W8A8_floor,120,650,3.203795323
U500,W8A8_floor,120,651,3.202407257
U500,W8A8_floor,120,652,3.234728363
U500,W8A8_floor,120,653,3.201470743
U500,W8A8_floor,120,654,3.239990273
U500,W8A8_floor,120,655,3.190890486
U500,W8A8_floor,120,656,3.191124207
U500,W8A8_floor,120,657,3.259995308
U500,W8A8_floor,120,658,3.294114543
U500,W8A8_floor,120,659,3.280759819
U500,W8A8_floor,120,660,3.258064986
U500,W8A8_floor,120,661,3.222655981
U500,W8A8_floor,120,662,3.255841574
U500,W8A8_floor,120,663,3.142004133
U500,W8A8_floor,120,664,3.332697576
U500,W8A8_floor,120,665,3.295315695
U500,W8A8_floor,120,666,3.253129958
U500,W8A8_floor,120,667,3.273817253
U500,W8A8_floor,120,668,3.253049622
U500,W8A8_floor,120,669,3.255107063
U500,W8A8_floor,120,670,3.225034784
U500,W8A8_floor,120,671,3.279094029
U500,W8A8_floor,120,672,3.313287549
U500,W8A8_floor,120,673,3.285788956
U500,W8A8_floor,120,674,3.296377874
U500,W8A8_floor,120,675,3.279548238
U500,W8A8_floor,120,676,3.245473864
U500,W8A8_floor,120,677,3.267914412
U500,W8A8_floor,120,678,3.388125344
U500,W8A8_floor,120,679,3.368080502
U500,W8A8_floor,120,680,3.382630011
U500,W8A8_floor,120,681,3.326092203
U500,W8A8_floor,120,682,3.274871494
U500,W8A8_floor,120,683,3.415459802
U500,W8A8_floor,120,684,3.387805432
U500,W8A8_floor,120,685,3.357915295
U500,W8A8_floor,120,686,3.417677726
U500,W8A8_floor,120,687,3.43981605
U500,W8A8_floor,120,688,3.359625278
U500,W8A8_floor,120,689,3.502466155
U500,W8A8_floor,120,690,3.521300317
U500,W8A8_floor,120,691,3.449537726
U500,W8A8_floor,120,692,3.433765045
U500,W8A8_floor,120,693,3.420300767
U500,W8A8_floor,120,694,3.502774108
U500,W8A8_floor,120,695,3.529290488
U500,W8A8_floor,120,696,3.497660212
U500,W8A8_floor,120,697,3.559553566
U500,W8A8_floor,120,698,3.485823127
U500,W8A8_floor,120,699,3.514641202
U500,W8A8_floor,120,700,3.530769103
U500,W8A8_floor,120,701,3.528063534
U500,W8A8_floor,120,702,3.483510234
U500,W8A8_floor,120,703,3.541881666
U500,W8A8_floor,120,704,3.563046026
U500,W8A8_floor,120,705,3.592745477
U500,W8A8_floor,120,706,3.659759145
U500,W8A8_floor,120,707,3.575341301
U500,W8A8_floor,120,708,3.720927343
U500,W8A8_floor,120,709,3.830258599
U500,W8A8_floor,120,710,3.821419159
U500,W8A8_floor,120,711,3.760713028
U500,W8A8_floor,120,712,3.816990408
U500,W8A8_floor,120,713,3.759976919
U500,W8A8_floor,120,714,3.719452587
U500,W8A8_floor,120,715,3.94067047
U500,W8A8_floor,120,716,4.083944267
U500,W8A8_floor,120,717,4.032482137
U500,W8A8_floor,120,718,4.149039639
U500,W8A8_floor,120,719,4.112308356
U500,W8A8_floor,120,720,6.226601262
U500,W8A8_span1,120,1,1.041461386
U500,W8A8_span1,120,2,1.028961563
U500,W8A8_span1,120,3,1.050464397
U500,W8A8_span1,120,4,1.046569975
U500,W8A8_span1,120,5,1.029397591
U500,W8A8_span1,120,6,1.038151803
U500,W8A8_span1,120,7,1.07417749
U500,W8A8_span1,120,8,1.05293896
U500,W8A8_span1,120,9,1.065916325
U500,W8A8_span1,120,10,1.051463221
U500,W8A8_span1,120,11,1.064459263
U500,W8A8_span1,120,12,1.046046071
U500,W8A8_span1,120,13,1.074493471
U500,W8A8_span1,120,14,1.062967769
U500,W8A8_span1,120,15,1.063935725
U500,W8A8_span1,120,16,1.05453756
U500,W8A8_span1,120,17,1.06423202
U500,W8A8_span1,120,18,1.013523382
U500,W8A8_span1,120,19,1.053164707
U500,W8A8_span1,120,20,1.024692165
U500,W8A8_span1,120,21,1.045887755
U500,W8A8_span1,120,22,1.01973015
U500,W8A8_span1,120,23,1.048397627
U500,W8A8_span1,120,24,1.01845284
U500,W8A8_span1,120,25,1.018601235
U500,W8A8_span1,120,26,1.008898215
U500,W8A8_span1,120,27,1.013570609
U500,W8A8_span1,120,28,1.018084144
U500,W8A8_span1,120,29,0.9868388374
U500,W8A8_span1,120,30,1.010843836
U500,W8A8_span1,120,31,0.9954344028
U500,W8A8_span1,120,32,0.971352101
U500,W8A8_span1,120,33,1.015117891
U500,W8A8_span1,120,34,0.9785160325
U500,W8A8_span1,120,35,1.020364364
U500,W8A8_span1,120,36,0.9791117661
U500,W8A8_span1,120,37,0.9921428974
U500,W8A8_span1,120,38,1.01105741
U500,W8A8_span1,120,39,0.9446391127
U500,W8A8_span1,120,40,0.9682118494
U500,W8A8_span1,120,41,0.9542773789
U500,W8A8_span1,120,42,0.9758365876
U500,W8A8_span1,120,43,0.9736815619
U500,W8A8_span1,120,44,0.9570847431
U500,W8A8_span1,120,45,0.9598747539
U500,W8A8_span1,120,46,0.9649553283
U500,W8A8_span1,120,47,0.9226789857
U500,W8A8_span1,120,48,0.9661973789
U500,W8A8_span1,120,49,0.9478686264
U500,W8A8_span1,120,50,0.9439892874
U500,W8A8_span1,120,51,0.9659255136
U500,W8A8_span1,120,52,0.9330168433
U500,W8A8_span1,120,53,0.9528501589
U500,W8A8_span1,120,54,1.001399785
U500,W8A8_span1,120,55,0.9601129128
U500,W8A8_span1,120,56,0.9279846201
U500,W8A8_span1,120,57,0.9176284992
U500,W8A8_span1,120,58,0.9392437677
U500,W8A8_span1,120,59,0.9228656427
U500,W8A8_span1,120,60,0.9650716434
U500,W8A8_span1,120,61,0.9428275183
U500,W8A8_span1,120,62,0.9186810402
U500,W8A8_span1,120,63,0.9586713918
U500,W8A8_span1,120,64,0.9151282415
U500,W8A8_span1,120,65,0.9360117868
U500,W8A8_span1,120,66,0.9358782967
U500,W8A8_span1,120,67,0.9198523316
U500,W8A8_span1,120,68,0.9226936979
U500,W8A8_span1,120,69,0.9249976718
U500,W8A8_span1,120,70,0.918395097
U500,W8A8_span1,120,71,0.9203646957
U500,W8A8_span1,120,72,0.9171564661
U500,W8A8_span1,120,73,0.9426387091
U500,W8A8_span1,120,74,0.9092993212
U500,W8A8_span1,120,75,0.9065660254
U500,W8A8_span1,120,76,0.935850371
U500,W8A8_span1,120,77,0.9339394538
U500,W8A8_span1,120,78,0.9217180617
U500,W8A8_span1,120,79,0.952747319
U500,W8A8_span1,120,80,0.9325031329
U500,W8A8_span1,120,81,0.941167322
U500,W8A8_span1,120,82,0.8986285285
U500,W8A8_span1,120,83,0.926497039
U500,W8A8_span1,120,84,0.9308369671
U500,W8A8_span1,120,85,0.9135137763
U500,W8A8_span1,120,86,0.9291653089
U500,W8A8_span1,120,87,0.9194759384
U500,W8A8_span1,120,88,0.94185643
U500,W8A8_span1,120,89,0.9527957748
U500,W8A8_span1,120,90,0.9214802073
U500,W8A8_span1,120,91,0.9288226875
U500,W8A8_span1,120,92,0.9461591538
U500,W8A8_span1,120,93,0.9006903907
U500,W8A8_span1,120,94,0.9464763774
U500,W8A8_span1,120,95,0.9225220935
U500,W8A8_span1,120,96,0.9230548752
U500,W8A8_span1,120,97,0.937115204
U500,W8A8_span1,120,98,0.9236609568
U500,W8A8_span1,120,99,0.9348880829
U500,W8A8_span1,120,100,0.9469574755
U500,W8A8_span1,120,101,0.9345963754
U500,W8A8_span1,120,102,0.9314153273
U500,W8A8_span1,120,103,0.9219977761
U500,W8A8_span1,120,104,0.9270324735
U500,W8A8_span1,120,105,0.9305003645
U500,W8A8_span1,120,106,0.906139975
U500,W8A8_span1,120,107,0.920356857
U500,W8A8_span1,120,108,0.9294692759
U500,W8A8_span1,120,109,0.9010120171
U500,W8A8_span1,120,110,0.9452177506
U500,W8A8_span1,120,111,0.8907907424
U500,W8A8_span1,120,112,0.9634023968
U500,W8A8_span1,120,113,0.8850709386
U500,W8A8_span1,120,114,0.9429266202
U500,W8A8_span1,120,115,0.9057008406
U500,W8A8_span1,120,116,0.9211442813
U500,W8A8_span1,120,117,0.9339378019
U500,W8A8_span1,120,118,0.9362297155
U500,W8A8_span1,120,119,0.9275565191
U500,W8A8_span1,120,120,0.8909735213
U500,W8A8_span1,120,121,0.9120957915
U500,W8A8_span1,120,122,0.9434659915
U500,W8A8_span1,120,123,0.9341656144
U500,W8A8_span1,120,124,0.9204051359
U500,W8A8_span1,120,125,0.942844846
U500,W8A8_span1,120,126,0.9323374626
U500,W8A8_span1,120,127,0.9328251502
U500,W8A8_span1,120,128,0.9335697765
U500,W8A8_span1,120,129,0.9188300785
U500,W8A8_span1,120,130,0.9328889821
U500,W8A8_span1,120,131,0.9261340298
U500,W8A8_span1,120,132,0.9067633304
U500,W8A8_span1,120,133,0.9133330046
U500,W8A8_span1,120,134,0.88639958
U500,W8A8_span1,120,135,0.9158185208
U500,W8A8_span1,120,136,0.9258633038
U500,W8A8_span1,120,137,0.9149188462
U500,W8A8_span1,120,138,0.9122499012
U500,W8A8_span1,120,139,0.8956633537
U500,W8A8_span1,120,140,0.9045790658
U500,W8A8_span1,120,141,0.9213712917
U500,W8A8_span1,120,142,0.915263665
U500,W8A8_span1,120,143,0.8968181034
U500,W8A8_span1,120,144,0.9438677347
U500,W8A8_span1,120,145,0.9096737336
U500,W8A8_span1,120,146,0.8866379028
U500,W8A8_span1,120,147,0.8886359926
U500,W8A8_span1,120,148,0.8880600139
U500,W8A8_span1,120,149,0.9088161551
U500,W8A8_span1,120,150,0.9138576873
U500,W8A8_span1,120,151,0.910556359
U500,W8A8_span1,120,152,0.9522427726
U500,W8A8_span1,120,153,0.9324524802
U500,W8A8_span1,120,154,0.9384740668
U500,W8A8_span1,120,155,0.9300004237
U500,W8A8_span1,120,156,0.9013659766
U500,W8A8_span1,120,157,0.9157356392
U500,W8A8_span1,120,158,0.9055655407
U500,W8A8_span1,120,159,0.9301192751
U500,W8A8_span1,120,160,0.9193264344
U500,W8A8_span1,120,161,0.9460627915
U500,W8A8_span1,120,162,0.9260531905
U500,W8A8_span1,120,163,0.9581326435
U500,W8A8_span1,120,164,0.930392951
U500,W8A8_span1,120,165,0.9345471168
U500,W8A8_span1,120,166,0.9331556962
U500,W8A8_span1,120,167,0.9438310922
U500,W8A8_span1,120,168,0.9195275656
U500,W8A8_span1,120,169,0.9836425759
U500,W8A8_span1,120,170,0.9658905144
U500,W8A8_span1,120,171,0.9616921246
U500,W8A8_span1,120,172,0.9495174437
U500,W8A8_span1,120,173,0.9400114181
U500,W8A8_span1,120,174,0.9447878338
U500,W8A8_span1,120,175,0.9375577999
U500,W8A8_span1,120,176,0.937245148
U500,W8A8_span1,120,177,0.9807332708
U500,W8A8_span1,120,178,0.9776375936
U500,W8A8_span1,120,179,0.954578978
U500,W8A8_span1,120,180,0.9806571654
U500,W8A8_span1,120,181,0.9760177045
U500,W8A8_span1,120,182,0.9394790109
U500,W8A8_span1,120,183,0.9631859421
U500,W8A8_span1,120,184,0.9790018001
U500,W8A8_span1,120,185,0.9877791541
U500,W8A8_span1,120,186,0.9863143089
U500,W8A8_span1,120,187,0.9638885626
U500,W8A8_span1,120,188,0.9733034508
U500,W8A8_span1,120,189,1.013675518
U500,W8A8_span1,120,190,0.9749360591
U500,W8A8_span1,120,191,0.9490122355
U500,W8A8_span1,120,192,1.004819361
U500,W8A8_span1,120,193,0.9745848043
U500,W8A8_span1,120,194,0.9783972091
U500,W8A8_span1,120,195,0.9989654264
U500,W8A8_span1,120,196,0.9476100504
U500,W8A8_span1,120,197,0.9826841901
U500,W8A8_span1,120,198,0.986840377
U500,W8A8_span1,120,199,0.95841042
U500,W8A8_span1,120,200,0.9761159576
U500,W8A8_span1,120,201,0.9496879789
U500,W8A8_span1,120,202,0.9738257296
U500,W8A8_span1,120,203,0.9558071439
U500,W8A8_span1,120,204,0.9919189241
U500,W8A8_span1,120,205,0.9826511215
U500,W8A8_span1,120,206,0.9567115498
U500,W8A8_span1,120,207,0.9559132778
U500,W8A8_span1,120,208,0.9744590208
U500,W8A8_span1,120,209,0.991518305
U500,W8A8_span1,120,210,0.9483003695
U500,W8A8_span1,120,211,0.9649030886
U500,W8A8_span1,120,212,0.9918311283
U500,W8A8_span1,120,213,0.9665299074
U500,W8A8_span1,120,214,0.9798282021
U500,W8A8_span1,120,215,0.9768569598
U500,W8A8_span1,120,216,1.005672976
U500,W8A8_span1,120,217,0.9665171689
U500,W8A8_span1,120,218,0.9898372433
U500,W8A8_span1,120,219,0.9685569496
U500,W8A8_span1,120,220,0.973269273
U500,W8A8_span1,120,221,0.9811583806
U500,W8A8_span1,120,222,0.969453689
U500,W8A8_span1,120,223,0.9753485263
U500,W8A8_span1,120,224,0.9819833433
U500,W8A8_span1,120,225,0.9771282983
U500,W8A8_span1,120,226,0.9974455903
U500,W8A8_span1,120,227,0.9819964072
U500,W8A8_span1,120,228,0.9837327192
U500,W8A8_span1,120,229,1.011963408
U500,W8A8_span1,120,230,0.9931847969
U500,W8A8_span1,120,231,0.9948108471
U500,W8A8_span1,120,232,0.9849584884
U500,W8A8_span1,120,233,1.001150487
U500,W8A8_span1,120,234,1.001527473
U500,W8A8_span1,120,235,0.9870532032
U500,W8A8_span1,120,236,1.017945808
U500,W8A8_span1,120,237,0.9738529094
U500,W8A8_span1,120,238,1.003455595
U500,W8A8_span1,120,239,0.9731495681
U500,W8A8_span1,120,240,1.004515416
U500,W8A8_span1,120,241,1.004963844
U500,W8A8_span1,120,242,0.9847265129
U500,W8A8_span1,120,243,1.019691825
U500,W8A8_span1,120,244,0.9844740652
U500,W8A8_span1,120,245,1.012541111
U500,W8A8_span1,120,246,0.9889376567
U500,W8A8_span1,120,247,0.9881229255
U500,W8A8_span1,120,248,0.979811876
U500,W8A8_span1,120,249,0.9991023826
U500,W8A8_span1,120,250,0.9912495146
U500,W8A8_span1,120,251,0.9703187735
U500,W8A8_span1,120,252,0.9915910417
U500,W8A8_span1,120,253,0.9823670753
U500,W8A8_span1,120,254,1.013317474
U500,W8A8_span1,120,255,1.006425965
U500,W8A8_span1,120,256,0.9875938156
U500,W8A8_span1,120,257,0.9678583778
U500,W8A8_span1,120,258,1.027944423
U500,W8A8_span1,120,259,1.004563021
U500,W8A8_span1,120,260,1.003064735
U500,W8A8_span1,120,261,0.9979741311
U500,W8A8_span1,120,262,1.002677821
U500,W8A8_span1,120,263,0.9952154622
U500,W8A8_span1,120,264,1.002599481
U500,W8A8_span1,120,265,1.016070304
U500,W8A8_span1,120,266,0.9885674714
U500,W8A8_span1,120,267,0.985028153
U500,W8A8_span1,120,268,1.019123433
U500,W8A8_span1,120,269,1.019144007
U500,W8A8_span1,120,270,1.011856727
U500,W8A8_span1,120,271,0.9925875347
U500,W8A8_span1,120,272,1.012810691
U500,W8A8_span1,120,273,0.9786739043
U500,W8A8_span1,120,274,1.014629256
U500,W8A8_span1,120,275,0.9889574876
U500,W8A8_span1,120,276,0.9908417128
U500,W8A8_span1,120,277,0.9851784445
U500,W8A8_span1,120,278,0.9880073655
U500,W8A8_span1,120,279,0.9927491577
U500,W8A8_span1,120,280,0.9901344486
U500,W8A8_span1,120,281,0.9917538051
U500,W8A8_span1,120,282,0.9827267237
U500,W8A8_span1,120,283,1.01981875
U500,W8A8_span1,120,284,1.003999077
U500,W8A8_span1,120,285,0.9878899762
U500,W8A8_span1,120,286,1.008376333
U500,W8A8_span1,120,287,0.9816135604
U500,W8A8_span1,120,288,0.962078336
U500,W8A8_span1,120,289,0.9842674154
U500,W8A8_span1,120,290,1.002747815
U500,W8A8_span1,120,291,1.014503908
U500,W8A8_span1,120,292,0.9919806902
U500,W8A8_span1,120,293,1.015226934
U500,W8A8_span1,120,294,0.9846990294
U500,W8A8_span1,120,295,0.9933808098
U500,W8A8_span1,120,296,0.9962455255
U500,W8A8_span1,120,297,0.9912606178
U500,W8A8_span1,120,298,0.9990566654
U500,W8A8_span1,120,299,1.007209796
U500,W8A8_span1,120,300,0.978346681
U500,W8A8_span1,120,301,1.000813749
U500,W8A8_span1,120,302,0.9903320854
U500,W8A8_span1,120,303,0.966276043
U500,W8A8_span1,120,304,0.9764278996
U500,W8A8_span1,120,305,1.000058865
U500,W8A8_span1,120,306,0.984760587
U500,W8A8_span1,120,307,0.9875541703
U500,W8A8_span1,120,308,1.009689097
U500,W8A8_span1,120,309,0.9976892338
U500,W8A8_span1,120,310,0.9978249358
U500,W8A8_span1,120,311,0.9946737309
U500,W8A8_span1,120,312,0.9835196883
U500,W8A8_span1,120,313,0.986234241
U500,W8A8_span1,120,314,1.014672415
U500,W8A8_span1,120,315,0.9799942124
U500,W8A8_span1,120,316,0.9948915685
U500,W8A8_span1,120,317,0.9913873763
U500,W8A8_span1,120,318,0.9652607208
U500,W8A8_span1,120,319,0.9699226521
U500,W8A8_span1,120,320,1.00112498
U500,W8A8_span1,120,321,0.974344905
U500,W8A8_span1,120,322,0.9791871716
U500,W8A8_span1,120,323,0.9993489696
U500,W8A8_span1,120,324,0.9874334299
U500,W8A8_span1,120,325,1.006000402
U500,W8A8_span1,120,326,1.003575463
U500,W8A8_span1,120,327,1.022848452
U500,W8A8_span1,120,328,1.011025987
U500,W8A8_span1,120,329,1.00852817
U500,W8A8_span1,120,330,0.9941460688
U500,W8A8_span1,120,331,0.9766438062
U500,W8A8_span1,120,332,1.001261839
U500,W8A8_span1,120,333,1.001835749
U500,W8A8_span1,120,334,0.9875037367
U500,W8A8_span1,120,335,1.019896126
U500,W8A8_span1,120,336,0.9984800327
U500,W8A8_span1,120,337,1.031082308
U500,W8A8_span1,120,338,0.985469426
U500,W8A8_span1,120,339,1.014259362
U500,W8A8_span1,120,340,1.023827763
U500,W8A8_span1,120,341,1.008698514
U500,W8A8_span1,120,342,1.006962624
U500,W8A8_span1,120,343,1.029087409
U500,W8A8_span1,120,344,1.004101668
U500,W8A8_span1,120,345,1.016410692
U500,W8A8_span1,120,346,1.014755919
U500,W8A8_span1,120,347,1.011813488
U500,W8A8_span1,120,348,1.0244984
U500,W8A8_span1,120,349,1.033281831
U500,W8A8_span1,120,350,1.041839125
U500,W8A8_span1,120,351,1.047369622
U500,W8A8_span1,120,352,1.032600538
U500,W8A8_span1,120,353,1.030773886
U500,W8A8_span1,120,354,1.042753475
U500,W8A8_span1,120,355,1.041642189
U500,W8A8_span1,120,356,1.042124024
U500,W8A8_span1,120,357,1.056346959
U500,W8A8_span1,120,358,1.039564116
U500,W8A8_span1,120,359,1.02725688
U500,W8A8_span1,120,360,1.046806112
U500,W8A8_span1,120,361,1.048289653
U500,W8A8_span1,120,362,1.015531353
U500,W8A8_span1,120,363,1.022320293
U500,W8A8_span1,120,364,1.026553723
U500,W8A8_span1,120,365,1.017223869
U500,W8A8_span1,120,366,1.020088364
U500,W8A8_span1,120,367,1.025315683
U500,W8A8_span1,120,368,1.028959375
U500,W8A8_span1,120,369,1.026332012
U500,W8A8_span1,120,370,1.032339316
U500,W8A8_span1,120,371,1.048470805
U500,W8A8_span1,120,372,1.025048455
U500,W8A8_span1,120,373,1.016382232
U500,W8A8_span1,120,374,1.016064433
U500,W8A8_span1,120,375,1.032517868
U500,W8A8_span1,120,376,1.020914549
U500,W8A8_span1,120,377,1.000077681
U500,W8A8_span1,120,378,1.025073288
U500,W8A8_span1,120,379,1.02727832
U500,W8A8_span1,120,380,1.017778155
U500,W8A8_span1,120,381,1.015410469
U500,W8A8_span1,120,382,0.9970461215
U500,W8A8_span1,120,383,0.9943695668
U500,W8A8_span1,120,384,0.9954698112
U500,W8A8_span1,120,385,1.035544047
U500,W8A8_span1,120,386,0.9944823146
U500,W8A8_span1,120,387,1.000828206
U500,W8A8_span1,120,388,1.007907226
U500,W8A8_span1,120,389,1.007220966
U500,W8A8_span1,120,390,1.00348938
U500,W8A8_span1,120,391,0.9947452315
U500,W8A8_span1,120,392,1.023663107
U500,W8A8_span1,120,393,0.9946736809
U500,W8A8_span1,120,394,1.01060286
U500,W8A8_span1,120,395,1.023634293
U500,W8A8_span1,120,396,1.01391391
U500,W8A8_span1,120,397,1.009235767
U500,W8A8_span1,120,398,0.9913921449
U500,W8A8_span1,120,399,1.008485798
U500,W8A8_span1,120,400,1.019760205
U500,W8A8_span1,120,401,0.9947588844
U500,W8A8_span1,120,402,1.010813905
U500,W8A8_span1,120,403,0.9849296325
U500,W8A8_span1,120,404,0.9745968596
U500,W8A8_span1,120,405,0.9809898906
U500,W8A8_span1,120,406,0.9895888123
U500,W8A8_span1,120,407,0.9824401918
U500,W8A8_span1,120,408,0.9776073396
U500,W8A8_span1,120,409,1.022857012
U500,W8A8_span1,120,410,0.978480985
U500,W8A8_span1,120,411,0.9963503837
U500,W8A8_span1,120,412,0.9755369955
U500,W8A8_span1,120,413,0.9936928274
U500,W8A8_span1,120,414,1.002262697
U500,W8A8_span1,120,415,0.97139129
U500,W8A8_span1,120,416,0.9662840913
U500,W8A8_span1,120,417,0.9478518609
U500,W8A8_span1,120,418,0.9757859357
U500,W8A8_span1,120,419,0.9782819677
U500,W8A8_span1,120,420,0.9534205333
U500,W8A8_span1,120,421,0.9775685938
U500,W8A8_span1,120,422,0.9709917653
U500,W8A8_span1,120,423,0.9755569567
U500,W8A8_span1,120,424,0.966222462
U500,W8A8_span1,120,425,0.9798801003
U500,W8A8_span1,120,426,0.9664773466
U500,W8A8_span1,120,427,0.9955489433
U500,W8A8_span1,120,428,0.9597599496
U500,W8A8_span1,120,429,0.9688666396
U500,W8A8_span1,120,430,0.9749580861
U500,W8A8_span1,120,431,0.9532924235
U500,W8A8_span1,120,432,0.9469315403
U500,W8A8_span1,120,433,0.9949528207
U500,W8A8_span1,120,434,0.9916720224
U500,W8A8_span1,120,435,0.9736658955
U500,W8A8_span1,120,436,0.953991748
U500,W8A8_span1,120,437,1.001555463
U500,W8A8_span1,120,438,0.9504348055
U500,W8A8_span1,120,439,0.9490554908
U500,W8A8_span1,120,440,0.9554062554
U500,W8A8_span1,120,441,0.9750914929
U500,W8A8_span1,120,442,0.9773662896
U500,W8A8_span1,120,443,0.9743117849
U500,W8A8_span1,120,444,0.9763981686
U500,W8A8_span1,120,445,0.9559989231
U500,W8A8_span1,120,446,0.9972438231
U500,W8A8_span1,120,447,0.9849252735
U500,W8A8_span1,120,448,0.9975282604
U500,W8A8_span1,120,449,0.9885530407
U500,W8A8_span1,120,450,0.9667769659
U500,W8A8_span1,120,451,0.974994303
U500,W8A8_span1,120,452,0.9915437895
U500,W8A8_span1,120,453,0.9589683627
U500,W8A8_span1,120,454,0.983117886
U500,W8A8_span1,120,455,0.996167147
U500,W8A8_span1,120,456,0.9854627882
U500,W8A8_span1,120,457,0.9972283956
U500,W8A8_span1,120,458,0.9728560681
U500,W8A8_span1,120,459,0.9668025929
U500,W8A8_span1,120,460,0.9911984035
U500,W8A8_span1,120,461,0.9711555983
U500,W8A8_span1,120,462,0.9787075434
U500,W8A8_span1,120,463,0.9727599753
U500,W8A8_span1,120,464,1.002416694
U500,W8A8_span1,120,465,0.9970637694
U500,W8A8_span1,120,466,0.9699962459
U500,W8A8_span1,120,467,0.9816211725
U500,W8A8_span1,120,468,0.9964267074
U500,W8A8_span1,120,469,0.9662149998
U500,W8A8_span1,120,470,0.9701858641
U500,W8A8_span1,120,471,0.9563446935
U500,W8A8_span1,120,472,1.000716157
U500,W8A8_span1,120,473,1.016198686
U500,W8A8_span1,120,474,0.9751590937
U500,W8A8_span1,120,475,0.9742521661
U500,W8A8_span1,120,476,0.9853596696
U500,W8A8_span1,120,477,1.013998312
U500,W8A8_span1,120,478,0.9997656465
U500,W8A8_span1,120,479,0.984523891
U500,W8A8_span1,120,480,0.9936912085
U500,W8A8_span1,120,481,0.9674820886
U500,W8A8_span1,120,482,1.015715314
U500,W8A8_span1,120,483,1.016358023
U500,W8A8_span1,120,484,0.9821261576
U500,W8A8_span1,120,485,0.9958312785
U500,W8A8_span1,120,486,1.023089633
U500,W8A8_span1,120,487,1.014071932
U500,W8A8_span1,120,488,1.024513359
U500,W8A8_span1,120,489,0.9770026232
U500,W8A8_span1,120,490,1.013395096
U500,W8A8_span1,120,491,1.013383967
U500,W8A8_span1,120,492,0.9884819745
U500,W8A8_span1,120,493,1.012177837
U500,W8A8_span1,120,494,1.004511763
U500,W8A8_span1,120,495,1.022729399
U500,W8A8_span1,120,496,1.000032773
U500,W8A8_span1,120,497,1.023073568
U500,W8A8_span1,120,498,1.015553587
U500,W8A8_span1,120,499,1.024038355
U500,W8A8_span1,120,500,1.016542292
U500,W8A8_span1,120,501,1.03287267
U500,W8A8_span1,120,502,1.051152541
U500,W8A8_span1,120,503,1.002589645
U500,W8A8_span1,120,504,1.053574862
U500,W8A8_span1,120,505,1.035122967
U500,W8A8_span1,120,506,1.019482911
U500,W8A8_span1,120,507,1.009847944
U500,W8A8_span1,120,508,1.037245571
U500,W8A8_span1,120,509,1.006658637
U500,W8A8_span1,120,510,1.037978136
U500,W8A8_span1,120,511,1.036004309
U500,W8A8_span1,120,512,1.055186954
U500,W8A8_span1,120,513,1.040562074
U500,W8A8_span1,120,514,1.046320772
U500,W8A8_span1,120,515,1.040927157
U500,W8A8_span1,120,516,1.06680954
U500,W8A8_span1,120,517,1.03035898
U500,W8A8_span1,120,518,1.03857044
U500,W8A8_span1,120,519,1.046556164
U500,W8A8_span1,120,520,1.071463358
U500,W8A8_span1,120,521,1.059157822
U500,W8A8_span1,120,522,1.072771928
U500,W8A8_span1,120,523,1.062111808
U500,W8A8_span1,120,524,1.053079127
U500,W8A8_span1,120,525,1.055524903
U500,W8A8_span1,120,526,1.068358273
U500,W8A8_span1,120,527,1.052863282
U500,W8A8_span1,120,528,1.042918489
U500,W8A8_span1,120,529,1.06950048
U500,W8A8_span1,120,530,1.080124755
U500,W8A8_span1,120,531,1.090463843
U500,W8A8_span1,120,532,1.072148735
U500,W8A8_span1,120,533,1.078677494
U500,W8A8_span1,120,534,1.087812405
U500,W8A8_span1,120,535,1.096003342
U500,W8A8_span1,120,536,1.066068267
U500,W8A8_span1,120,537,1.094097736
U500,W8A8_span1,120,538,1.092359743
U500,W8A8_span1,120,539,1.096185173
U500,W8A8_span1,120,540,1.034436769
U500,W8A8_span1,120,541,1.101243993
U500,W8A8_span1,120,542,1.07987114
U500,W8A8_span1,120,543,1.087169433
U500,W8A8_span1,120,544,1.081616128
U500,W8A8_span1,120,545,1.101404721
U500,W8A8_span1,120,546,1.098549023
U500,W8A8_span1,120,547,1.082536565
U500,W8A8_span1,120,548,1.081622339
U500,W8A8_span1,120,549,1.103540439
U500,W8A8_span1,120,550,1.079142838
U500,W8A8_span1,120,551,1.066676847
U500,W8A8_span1,120,552,1.064104726
U500,W8A8_span1,120,553,1.057492262
U500,W8A8_span1,120,554,1.079022904
U500,W8A8_span1,120,555,1.066463259
U500,W8A8_span1,120,556,1.057514816
U500,W8A8_span1,120,557,1.068448775
U500,W8A8_span1,120,558,1.088464028
U500,W8A8_span1,120,559,1.070148698
U500,W8A8_span1,120,560,1.074326019
U500,W8A8_span1,120,561,1.045545153
U500,W8A8_span1,120,562,1.050953134
U500,W8A8_span1,120,563,1.033787448
U500,W8A8_span1,120,564,1.076200631
U500,W8A8_span1,120,565,1.052195428
U500,W8A8_span1,120,566,1.051791869
U500,W8A8_span1,120,567,1.052622587
U500,W8A8_span1,120,568,1.056862534
U500,W8A8_span1,120,569,1.059786558
U500,W8A8_span1,120,570,1.048386759
U500,W8A8_span1,120,571,1.019867366
U500,W8A8_span1,120,572,1.054883323
U500,W8A8_span1,120,573,1.026157036
U500,W8A8_span1,120,574,1.042831242
U500,W8A8_span1,120,575,1.048636009
U500,W8A8_span1,120,576,1.072496737
U500,W8A8_span1,120,577,1.023781095
U500,W8A8_span1,120,578,1.063818409
U500,W8A8_span1,120,579,1.042997609
U500,W8A8_span1,120,580,1.03579834
U500,W8A8_span1,120,581,1.03987384
U500,W8A8_span1,120,582,1.028198916
U500,W8A8_span1,120,583,1.042452221
U500,W8A8_span1,120,584,1.017094243
U500,W8A8_span1,120,585,1.0387508
U500,W8A8_span1,120,586,1.03052741
U500,W8A8_span1,120,587,1.027492735
U500,W8A8_span1,120,588,1.009685535
U500,W8A8_span1,120,589,1.04230651
U500,W8A8_span1,120,590,1.039761454
U500,W8A8_span1,120,591,1.003581206
U500,W8A8_span1,120,592,1.046634798
U500,W8A8_span1,120,593,1.038677659
U500,W8A8_span1,120,594,1.042023583
U500,W8A8_span1,120,595,1.007001744
U500,W8A8_span1,120,596,1.013195116
U500,W8A8_span1,120,597,1.022593566
U500,W8A8_span1,120,598,1.040559362
U500,W8A8_span1,120,599,0.988116429
U500,W8A8_span1,120,600,1.019142972
U500,W8A8_span1,120,601,1.003414298
U500,W8A8_span1,120,602,1.012445595
U500,W8A8_span1,120,603,1.042288469
U500,W8A8_span1,120,604,1.001976528
U500,W8A8_span1,120,605,0.9996215456
U500,W8A8_span1,120,606,0.9902401953
U500,W8A8_span1,120,607,1.039354412
U500,W8A8_span1,120,608,1.014056649
U500,W8A8_span1,120,609,0.9833925658
U500,W8A8_span1,120,610,0.9937343544
U500,W8A8_span1,120,611,0.9881495642
U500,W8A8_span1,120,612,1.01257035
U500,W8A8_span1,120,613,0.9964868425
U500,W8A8_span1,120,614,0.9996596512
U500,W8A8_span1,120,615,1.014026405
U500,W8A8_span1,120,616,1.016718172
U500,W8A8_span1,120,617,0.9894682335
U500,W8A8_span1,120,618,1.002786166
U500,W8A8_span1,120,619,0.992508657
U500,W8A8_span1,120,620,1.00940166
U500,W8A8_span1,120,621,0.98596522
U500,W8A8_span1,120,622,0.9938060409
U500,W8A8_span1,120,623,1.009796368
U500,W8A8_span1,120,624,1.007246975
U500,W8A8_span1,120,625,1.017078792
U500,W8A8_span1,120,626,0.9944473431
U500,W8A8_span1,120,627,0.974606962
U500,W8A8_span1,120,628,1.019397702
U500,W8A8_span1,120,629,1.000224269
U500,W8A8_span1,120,630,0.983544232
U500,W8A8_span1,120,631,0.9929284457
U500,W8A8_span1,120,632,1.012251099
U500,W8A8_span1,120,633,1.000363036
U500,W8A8_span1,120,634,1.008087297
U500,W8A8_span1,120,635,0.9689063719
U500,W8A8_span1,120,636,0.9898715701
U500,W8A8_span1,120,637,0.9913204122
U500,W8A8_span1,120,638,0.9866513794
U500,W8A8_span1,120,639,0.9879112823
U500,W8A8_span1,120,640,0.9734376392
U500,W8A8_span1,120,641,0.966445275
U500,W8A8_span1,120,642,0.9725211386
U500,W8A8_span1,120,643,1.014791201
U500,W8A8_span1,120,644,0.9654497742
U500,W8A8_span1,120,645,0.9919266021
U500,W8A8_span1,120,646,1.003082166
U500,W8A8_span1,120,647,1.005628534
U500,W8A8_span1,120,648,0.9533490497
U500,W8A8_span1,120,649,0.9716293298
U500,W8A8_span1,120,650,0.9903523281
U500,W8A8_span1,120,651,0.9807572599
U500,W8A8_span1,120,652,0.9656199338
U500,W8A8_span1,120,653,1.004668894
U500,W8A8_span1,120,654,0.9721102233
U500,W8A8_span1,120,655,0.9867925197
U500,W8A8_span1,120,656,0.9711782744
U500,W8A8_span1,120,657,0.9901510143
U500,W8A8_span1,120,658,0.9885184707
U500,W8A8_span1,120,659,0.9886614228
U500,W8A8_span1,120,660,0.9750371048
U500,W8A8_span1,120,661,0.9825486827
U500,W8A8_span1,120,662,0.9840064197
U500,W8A8_span1,120,663,0.9617124958
U500,W8A8_span1,120,664,0.9723378608
U500,W8A8_span1,120,665,0.9831555125
U500,W8A8_span1,120,666,1.007286195
U500,W8A8_span1,120,667,0.9948971456
U500,W8A8_span1,120,668,0.9981573572
U500,W8A8_span1,120,669,0.9923523585
U500,W8A8_span1,120,670,0.9959124162
U500,W8A8_span1,120,671,1.026209181
U500,W8A8_span1,120,672,0.9969851452
U500,W8A8_span1,120,673,0.9844269804
U500,W8A8_span1,120,674,0.9962289572
U500,W8A8_span1,120,675,0.9874613497
U500,W8A8_span1,120,676,0.9901968888
U500,W8A8_span1,120,677,0.9932602339
U500,W8A8_span1,120,678,1.003690501
U500,W8A8_span1,120,679,0.9860939153
U500,W8A8_span1,120,680,1.013031736
U500,W8A8_span1,120,681,0.9991656075
U500,W8A8_span1,120,682,0.9884454078
U500,W8A8_span1,120,683,1.02286364
U500,W8A8_span1,120,684,1.005165866
U500,W8A8_span1,120,685,1.028611652
U500,W8A8_span1,120,686,1.020135585
U500,W8A8_span1,120,687,1.018967173
U500,W8A8_span1,120,688,1.02384876
U500,W8A8_span1,120,689,1.013506299
U500,W8A8_span1,120,690,1.021831746
U500,W8A8_span1,120,691,1.006378724
U500,W8A8_span1,120,692,1.030063307
U500,W8A8_span1,120,693,1.020470659
U500,W8A8_span1,120,694,0.9987426558
U500,W8A8_span1,120,695,1.052570198
U500,W8A8_span1,120,696,1.007845365
U500,W8A8_span1,120,697,1.040816915
U500,W8A8_span1,120,698,1.000116556
U500,W8A8_span1,120,699,1.02572641
U500,W8A8_span1,120,700,1.029339772
U500,W8A8_span1,120,701,1.02620571
U500,W8A8_span1,120,702,1.03073852
U500,W8A8_span1,120,703,1.031257619
U500,W8A8_span1,120,704,1.016417182
U500,W8A8_span1,120,705,1.040141508
U500,W8A8_span1,120,706,1.044965054
U500,W8A8_span1,120,707,1.025142621
U500,W8A8_span1,120,708,1.041553904
U500,W8A8_span1,120,709,1.052963469
U500,W8A8_span1,120,710,1.059060942
U500,W8A8_span1,120,711,1.056338023
U500,W8A8_span1,120,712,1.045934982
U500,W8A8_span1,120,713,1.038524537
U500,W8A8_span1,120,714,1.037183401
U500,W8A8_span1,120,715,1.026576406
U500,W8A8_span1,120,716,1.043625852
U500,W8A8_span1,120,717,1.056336334
U500,W8A8_span1,120,718,1.031747557
U500,W8A8_span1,120,719,1.052400627
U500,W8A8_span1,120,720,0.980542683
