group,metric,lead,fp32_mean,group_mean,mean_delta,ci_lo,ci_hi,rel_pct,svr,svr_ci_lo,svr_ci_hi,share,norm,rank,significant,lag1_autocorr,n,n_eff
encoder_io,RMSE Z500,24,39.31072394053141,38.74245516459147,-0.5682687759399414,-0.8857757647832235,-0.21340885957082117,-1.445582067630219,-0.40351356706450187,-0.6289674069735279,-0.151536339518486,-0.0849959363354586,share,5,True,0.32008010979768964,12,6.180714808041572
enc0_attn,RMSE Z500,24,39.31072394053141,39.69068400065104,0.3799600601196289,0.32514925797780353,0.4419525702794393,0.9665557436551562,0.2698002172428313,0.23088042572457965,0.31381956154780716,0.056830609822838773,share,6,True,0.37397014634957926,12,5.467628437025501
enc0_mlp,RMSE Z500,24,39.31072394053141,39.07232062021891,-0.2384033203125,-0.3756024996439616,-0.12691027323404952,-0.6064587380104026,-0.16928428633123574,-0.2667060215986532,-0.09011583817023607,-0.03565797434836498,share,7,True,0.2008092466923572,12,7.986521644556181
enc1_attn,RMSE Z500,24,39.31072394053141,42.42751375834147,3.1167898178100586,2.6261290470759073,3.621394157409668,7.928599388108662,2.2131551660472977,1.8647491191198136,2.5714621954829338,0.46617811877383064,share,1,True,0.47640398295398595,12,4.25571339355293
enc1_mlp,RMSE Z500,24,39.31072394053141,41.18907960255941,1.8783556620279949,1.653849975268046,2.144368783632914,4.778227093628546,1.3337737801044072,1.1743578587546357,1.522663101723775,0.28094557544712406,share,4,True,0.23413019739833757,12,7.4468947041359606
enc2_attn,RMSE Z500,24,39.31072394053141,39.33968734741211,0.028963406880696613,0.015874210993448892,0.042003377278645816,0.07367813150557073,0.020566197052511653,0.01127188361124748,0.029825556694414796,0.0043320555193584135,share,16,True,-0.12436368981525044,12,15.408639546864231
enc2_mlp,RMSE Z500,24,39.31072394053141,39.14052963256836,-0.17019430796305338,-0.2119475523630778,-0.12227280934651692,-0.43294625716005736,-0.12085075796510795,-0.15049870150468123,-0.0868228900537468,-0.02545595530980567,share,10,True,0.3745922330734821,12,5.459723271051701
downsample,RMSE Z500,24,39.31072394053141,39.49785772959391,0.1871337890625,-0.007872899373372396,0.3604296922683714,0.4760375040296709,0.1328790634643033,-0.005590350629479466,0.2559321873045197,0.027989592768071433,share,9,False,-0.07455597199503315,12,13.933497082193275
dec0_attn,RMSE Z500,24,39.31072394053141,39.35044892628988,0.03972498575846354,0.026224486033121743,0.05023566881815592,0.10105381375972322,0.028207727370680443,0.01862135727263068,0.03567110278961978,0.005941664408480917,share,15,True,-0.45033402203644574,12,31.662880662392624
dec0_mlp,RMSE Z500,24,39.31072394053141,39.08946895599365,-0.2212549845377604,-0.28939517339070636,-0.17043961683909098,-0.5628361992836132,-0.15710767830585254,-0.20549233681365509,-0.12102494571533018,-0.03309309850531342,share,8,True,-0.22055908225777374,12,18.7913011155737
dec1_attn,RMSE Z500,24,39.31072394053141,39.441843350728355,0.1311194101969401,0.10088802178700765,0.15508429209391275,0.33354616006384236,0.09310464195828462,0.071638082662594,0.110121510362733,0.019611524534333808,share,11,True,0.26157588274842697,12,7.023825937219412
dec1_mlp,RMSE Z500,24,39.31072394053141,39.260656674702965,-0.05006726582845052,-0.07557683785756429,-0.024859189987182638,-0.12736286898249807,-0.03555152400233211,-0.05366523856764622,-0.017651894404140837,-0.007488558792987801,share,14,True,0.1206157274850988,12,9.416797401069081
dec2_attn,RMSE Z500,24,39.31072394053141,39.33120346069336,0.020479520161946613,0.008208250999450684,0.03202253977457682,0.052096522549235365,0.014541999459054978,0.005828475503815395,0.022738411466531147,0.003063120948333649,share,17,True,-0.47384847142866887,12,33.61423600757682
dec2_mlp,RMSE Z500,24,39.31072394053141,39.18311595916748,-0.12760798136393228,-0.14266459147135416,-0.10389289855957033,-0.3246136640906829,-0.09061126341297128,-0.10130258890819319,-0.07377177115019477,-0.019086320275058494,share,12,True,-0.14121730395373147,12,15.946534216971406
upsample,RMSE Z500,24,39.31072394053141,39.389549573262535,0.0788256327311198,0.03601280053456624,0.12504607041676838,0.20051941259175451,0.05597212725059542,0.025571796690130006,0.088792113974254,0.011789946491666098,share,13,True,0.4696617036116944,12,4.330288760345315
decoder_io,RMSE Z500,24,39.31072394053141,41.38638814290365,2.075664202372233,1.7850608189900716,2.42423391342163,5.280147487266483,1.4738776821618522,1.2675274253919078,1.7213883908815761,0.31045700532606135,share,3,True,0.41308368801044903,12,4.984132081936914
decoder_heads,RMSE Z500,24,39.31072394053141,41.545101165771484,2.2343772252400718,2.0240519841512046,2.403975629806518,5.683887248223154,1.5865758642695384,1.4372291257740213,1.7070034860086711,0.33419570531880693,share,2,True,0.031870751476731796,12,11.258726895449938
encoder_io,RMSE T850,24,0.619096964597702,0.6287839363018671,0.00968697170416514,0.0071227457374334335,0.012295169259111087,1.5646937811203567,0.5802817652603357,0.42667611677251405,0.7365214578652977,0.13378246812017006,share,4,True,-0.011983341377588731,12,12.291088404787759
enc0_attn,RMSE T850,24,0.619096964597702,0.6188235233227412,-0.00027344127496083576,-0.0006256048878033956,0.0001058186093966161,-0.04416776217575574,-0.01638004017923222,-0.0374758097511482,0.006338886014466213,-0.003776376123247839,share,11,False,0.3059046832877557,12,6.378064116882877
enc0_mlp,RMSE T850,24,0.619096964597702,0.6194771081209183,0.00038014352321624756,-0.0005222578843434651,0.0010774781306584675,0.06140290535316551,0.02277185909496975,-0.031284981137876956,0.06454451719096746,0.005249993530372326,share,10,False,0.14685553024123155,12,8.926785778285256
enc1_attn,RMSE T850,24,0.619096964597702,0.6366932491461436,0.01759628454844157,0.016136921445528668,0.019195200006167094,2.842250173181819,1.0540758630896454,0.9666551682248117,1.1498562073134306,0.24301447846937924,share,2,True,0.010938993509644147,12,11.74030495814587
enc1_mlp,RMSE T850,24,0.619096964597702,0.6429102073113123,0.023813242713610332,0.021872686967253682,0.025697956482569378,3.846447983973644,1.4264922971216165,1.3102465653830027,1.5393929090220073,0.3288741292391346,share,1,True,0.05663026669819932,12,10.713716194214427
enc2_attn,RMSE T850,24,0.619096964597702,0.619001587231954,-9.537736574808757e-05,-0.00016701221466064453,-2.8987228870392038e-05,-0.015405884893986702,-0.005713420855599665,-0.010004586128980477,-0.0017364312452449902,-0.0013172144796389715,share,15,True,-0.3054401021480429,12,22.554255254620976
enc2_mlp,RMSE T850,24,0.619096964597702,0.6184092114369074,-0.000687753160794576,-0.0009102914482355118,-0.0005530177305142086,-0.11108973232351217,-0.041198697631960025,-0.05452947986380175,-0.033127598044399006,-0.009498253749310015,share,7,True,0.16092135471866867,12,8.67323501497311
downsample,RMSE T850,24,0.619096964597702,0.6242365141709646,0.005139549573262532,0.004235789179801941,0.006020934134721755,0.8301687566183246,0.30787608244312725,0.253737834443064,0.36067394381985185,0.07098003875054024,share,5,True,-0.4022473782521979,12,28.150388516615898
dec0_attn,RMSE T850,24,0.619096964597702,0.6192248066266378,0.00012784202893575033,5.189639826615652e-05,0.0001986643920342127,0.020649758639799485,0.007658161961328204,0.0031087665491569758,0.011900656637039254,0.0017655695384307805,share,14,True,-0.6878483336336684,12,64.88570200305878
dec0_mlp,RMSE T850,24,0.619096964597702,0.6184558719396591,-0.0006410926580429077,-0.0009685794512430827,-0.0004367625961701075,-0.10355286727330328,-0.038403578606988495,-0.05802112475672425,-0.026163529536924565,-0.008853846248959608,share,8,True,0.059895265031723,12,10.64374678500113
dec1_attn,RMSE T850,24,0.619096964597702,0.619191954533259,9.498993555704753e-05,-1.0884677370389303e-05,0.0001862503588199615,0.015343305005343281,0.005690212500910738,-0.0006520283109800914,0.01115701483363967,0.0013118638531723617,share,16,False,-0.2762401813360293,12,21.16017189832804
dec1_mlp,RMSE T850,24,0.619096964597702,0.6196570744117101,0.000560109814008077,0.00038235473136107127,0.0007281699528296788,0.09047206593429905,0.03355243739098512,0.02290431780392671,0.043619797656254004,0.007735428121887752,share,9,True,-0.40569316262956007,12,28.38318001891077
dec2_attn,RMSE T850,24,0.619096964597702,0.6190642863512039,-3.267824649810791e-05,-0.00019819488128026326,8.417218923568725e-05,-0.005278372915193131,-0.001957535455108332,-0.011872531384129375,0.005042193581974662,-0.00045130476312596566,share,17,False,0.3618521503091172,12,5.623058416842393
dec2_mlp,RMSE T850,24,0.619096964597702,0.6193278878927231,0.00023092329502105713,-6.72638416290283e-06,0.0004312559962272644,0.037300020550272664,0.013833072023626915,-0.0004029327425608303,0.02583366591875775,0.0031891791674250295,share,12,False,0.23277167160729917,12,7.46832536207502
upsample,RMSE T850,24,0.619096964597702,0.6192680398623148,0.00017107526461283365,-8.610052367051443e-05,0.00045739722748597446,0.027633032367393492,0.010247976310205376,-0.00515770721657862,0.027399612458516978,0.002362644573884254,share,13,False,-0.08850998674001574,12,14.330513391104462
decoder_io,RMSE T850,24,0.619096964597702,0.6291002333164215,0.010003268718719482,0.009428673361738523,0.010520810882250467,1.6157838417475925,0.599229006519774,0.5648088370135557,0.6302315003250654,0.1381507058479552,share,3,True,-0.2356188385452857,12,19.397948052938613
decoder_heads,RMSE T850,24,0.619096964597702,0.6217194596926371,0.002622495094935099,0.002069088319937388,0.003399254009127617,0.42360005700225545,0.15709616271731067,0.12394525961674488,0.2036266004717154,0.036218116161380313,share,6,True,0.21635426385270765,12,7.7310937390738985
encoder_io,RMSE Q700,24,0.0006135621758100266,0.0006198751313301424,6.312955520115793e-06,5.008452232383813e-06,7.582177931908518e-06,1.028902329544909,0.7720117127365421,0.6124839267061498,0.9272249983124453,0.1585332637873628,share,2,True,0.5818484135184459,12,3.172123823557596
enc0_attn,RMSE Q700,24,0.0006135621758100266,0.0006133312272140756,-2.3094859595100084e-07,-3.953190268172572e-07,-1.0562265136589606e-07,-0.037640618189363095,-0.028242717780302292,-0.048343587721799114,-0.01291660042985135,-0.0057996661890862685,share,10,True,0.22579479619396772,12,7.579133534029362
enc0_mlp,RMSE Q700,24,0.0006135621758100266,0.0006136362062534317,7.403044340511163e-08,-2.828033757396042e-07,5.238450588270399e-07,0.012065679131438703,0.009053187405758497,-0.03458404193989999,0.0640610439571448,0.0018590797567385243,share,14,False,0.2336447080583349,12,7.454547847713964
enc1_attn,RMSE Q700,24,0.0006135621758100266,0.0006188402573267618,5.278081516735256e-06,4.6218751473740365e-06,6.109918103902601e-06,0.860235804100394,0.645456908212642,0.5652093915772182,0.7471822548160983,0.1325451267187839,share,4,True,-0.05318665719622894,12,13.348185238844957
enc1_mlp,RMSE Q700,24,0.0006135621758100266,0.0006302608671830967,1.669869137307008e-05,1.584081231461217e-05,1.815072998094062e-05,2.721597261275831,2.0420839789389635,1.9371738969447925,2.219653868200778,0.41934368710744874,share,1,True,-0.48450859873050733,12,34.55751762472774
enc2_attn,RMSE Q700,24,0.0006135621758100266,0.0006135719498464217,9.774036395053068e-09,-1.0210933396592736e-07,1.7141671075175205e-07,0.001592998522464224,0.0011952675024638562,-0.012486956632315582,0.02096255993527058,0.00024544920127297383,share,17,False,0.6485918970657086,12,2.5578781763498024
enc2_mlp,RMSE Q700,24,0.0006135621758100266,0.0006132224759009356,-3.396999090909958e-07,-4.250867884062851e-07,-2.1438439337847147e-07,-0.05536519728298488,-0.041541922447915026,-0.05198388908863925,-0.026217080444923303,-0.008530669212679358,share,7,True,-0.5003992897458426,12,36.03836245106756
downsample,RMSE Q700,24,0.0006135621758100266,0.0006167770479805768,3.214872170550128e-06,2.50550535080644e-06,4.185865933929258e-06,0.5239684415529436,0.3931469123625198,0.30639840103153015,0.5118897984693862,0.08073305383389216,share,5,True,-0.3490919355530591,12,24.871566525131556
dec0_attn,RMSE Q700,24,0.0006135621758100266,0.000613614839191238,5.2663381211459637e-08,-3.6275984408954774e-08,1.285284573289876e-07,0.00858321834163478,0.006440208076550912,-0.004436192329491908,0.01571775282777809,0.0013225022224420233,share,15,False,0.3441102790689637,12,5.855677747382667
dec0_mlp,RMSE Q700,24,0.0006135621758100266,0.0006132739508757368,-2.882249342898528e-07,-4.6119190907726683e-07,-5.420018472553544e-08,-0.04697566858800208,-0.035247044663226965,-0.056399186481270465,-0.006628143871324171,-0.007238010689647696,share,9,True,-0.29074615692409056,12,21.838378507638694
dec1_attn,RMSE Q700,24,0.0006135621758100266,0.0006136740315317487,1.1185572172204654e-07,-2.4688900642407437e-08,2.6582662637035016e-07,0.018230543884875938,0.013678842981050385,-0.003019207154207492,0.032507954231774265,0.0028089620751140334,share,13,False,0.5382903346123001,12,3.601736200239983
dec1_mlp,RMSE Q700,24,0.0006135621758100266,0.0006134122231742367,-1.4995263578991094e-07,-3.506105713313445e-07,1.2686856886527128e-07,-0.024439680557547902,-0.018337716908768065,-0.042876187993810565,0.01551476496706182,-0.0037656658104976244,share,11,False,0.48727633931955805,12,4.136880124765657
dec2_attn,RMSE Q700,24,0.0006135621758100266,0.0006135506749463578,-1.1500863668819269e-08,-1.0489602573215962e-07,1.1191623343620445e-07,-0.001874441437599343,-0.00140644131431355,-0.01282774133711235,0.013686242962238089,-0.00028881392368149925,share,16,False,0.4338626634941566,12,4.738004699498061
dec2_mlp,RMSE Q700,24,0.0006135621758100266,0.0006134147406555712,-1.4743515445540348e-07,-2.2927051759324966e-07,-3.647243526453783e-08,-0.024029374734640244,-0.01802985396396472,-0.0280375054763433,-0.004460216316514147,-0.003702445892154858,share,12,True,0.0013687104480252315,12,11.967195848632109
upsample,RMSE Q700,24,0.0006135621758100266,0.0006139843996303777,4.222238203510642e-07,3.238734886205445e-07,5.377118213800713e-07,0.06881516446049547,0.05163377655184435,0.039606508530463935,0.0657568111892384,0.010603040061938466,share,6,True,-0.10672666100182521,12,14.867476003388296
decoder_io,RMSE Q700,24,0.0006135621758100266,0.0006192775666325664,5.715390822539727e-06,4.859406302178589e-06,6.405738895409739e-06,0.9315096412183903,0.6989354896938474,0.5942570908782244,0.7833581973182747,0.14352699904670696,share,3,True,-0.2144845359837615,12,18.553185900747412
decoder_heads,RMSE Q700,24,0.0006135621758100266,0.0006138978205854073,3.356447753806909e-07,-1.2646948259013396e-07,9.358978180292356e-07,0.05470428077440915,0.041046019900987094,-0.015465960682314895,0.11445100082534564,0.008428835201630123,share,8,False,0.11928209469601443,12,9.442315671562811
encoder_io,RMSE U500,24,1.5035564402739208,1.5225516657034557,0.018995225429534912,0.01553118551770846,0.021859531104564667,1.2633530023039459,0.5434732199559252,0.44436342355366926,0.6254239940555072,0.11591283474515292,share,4,True,0.09249322034174767,12,9.968099712776665
enc0_attn,RMSE U500,24,1.5035564402739208,1.5042531788349152,0.0006967385609944662,0.0002252534031867981,0.0013442727426687868,0.04633936860178878,0.01993441723636294,0.0064447349040467165,0.03846104583845816,0.004251644287177307,share,10,True,-0.1715410127824013,12,16.969448542775343
enc0_mlp,RMSE U500,24,1.5035564402739208,1.5032424330711365,-0.0003140072027842204,-0.0012247758607069651,0.0006653169790903727,-0.02088429768070522,-0.008984073719975422,-0.03504211535745916,0.01903541299148704,-0.0019161375652074182,share,14,False,-0.16593719414008393,12,16.774811478682444
enc1_attn,RMSE U500,24,1.5035564402739208,1.5524241427580516,0.04886770248413086,0.04169582848747571,0.053992137561241785,3.2501408776665577,1.3981559586865628,1.1929611602073653,1.5447713932937401,0.2982009317778888,share,2,True,0.16264888072725417,12,8.642517614593705
enc1_mlp,RMSE U500,24,1.5035564402739208,1.5654304126898448,0.06187397241592407,0.05750770370165507,0.06703439354896545,4.115174579322859,1.770278912724106,1.645355408860499,1.9179239459408175,0.37756790864517575,share,1,True,-0.22313223858966538,12,18.893288654983092
enc2_attn,RMSE U500,24,1.5035564402739208,1.5034147600332897,-0.00014168024063110352,-0.0004205018281936645,0.0002317378918329873,-0.00942300779911474,-0.0040536195195763685,-0.012030996073909695,0.006630262890402305,-0.000864562433325578,share,17,False,0.641885201127124,12,2.6173435167845116
enc2_mlp,RMSE U500,24,1.5035564402739208,1.5016421874364216,-0.0019142528374989827,-0.0025051077206929527,-0.0012963972985744476,-0.1273149970446231,-0.05476877109274775,-0.07167374582375684,-0.03709127942766767,-0.011681170809821362,share,8,True,0.1875111168163311,12,8.210337116121508
downsample,RMSE U500,24,1.5035564402739208,1.518097072839737,0.014540632565816244,0.01330498605966568,0.01616821438074112,0.9670825900733866,0.41602267001543175,0.3806695341489427,0.4625894840277353,0.08872997827500458,share,5,True,0.3883723874920915,12,5.286428494413363
dec0_attn,RMSE U500,24,1.5035564402739208,1.5037085215250652,0.00015208125114440918,-5.798935890197753e-05,0.0004017738004525501,0.010114768363248322,0.004351203283213759,-0.0016591360667210133,0.011495167658624784,0.0009280315728355963,share,16,False,-0.4775696647692274,12,33.93913940582816
dec0_mlp,RMSE U500,24,1.5035564402739208,1.5002934734026592,-0.0032629668712615967,-0.003993713359038036,-0.002248477190732956,-0.2170165870638779,-0.09335688690363018,-0.11426430641052615,-0.06433127858251547,-0.019911305666284723,share,7,True,-0.20311001184733654,12,18.11708059682916
dec1_attn,RMSE U500,24,1.5035564402739208,1.503901074330012,0.0003446340560913086,1.300374666849772e-05,0.0007077880203723905,0.022921258348540776,0.009860339950437764,0.00037205076084178,0.02025055379863588,0.002103029023764616,share,13,True,0.0934081777143258,12,9.949716939350044
dec1_mlp,RMSE U500,24,1.5035564402739208,1.5030653576056163,-0.0004910826683044434,-0.0011318442722161612,8.99444023768106e-05,-0.03266140566129842,-0.014050387556495458,-0.03238324564201021,0.0025734032037720064,-0.0029966890568655607,share,12,False,0.7134623395396819,12,2.0067274583038404
dec2_attn,RMSE U500,24,1.5035564402739208,1.5033462345600128,-0.0002102057139078776,-0.0003691690663496653,1.800134778022755e-05,-0.013980566893091283,-0.006014204812385076,-0.01056231219479071,0.0005150373433555113,-0.001282719190097408,share,15,False,-0.5994316741136562,12,47.91487206806684
dec2_mlp,RMSE U500,24,1.5035564402739208,1.5029354294141133,-0.0006210108598073324,-0.0008790232241153717,-0.0003362424671649934,-0.04130279670074743,-0.017767768687931396,-0.025149771651734317,-0.00962024783511915,-0.003789538030744767,share,11,True,-0.06670892429094238,12,13.715450007669114
upsample,RMSE U500,24,1.5035564402739208,1.5051593383153279,0.0016028980414072673,0.0009745694696903229,0.002212243030468623,0.10660710821838178,0.04586058549587757,0.027883449434603868,0.0632945814491065,0.009781218784488992,share,9,True,0.3346875494208553,12,5.98173663222829
decoder_io,RMSE U500,24,1.5035564402739208,1.5337425867716472,0.03018614649772644,0.028485896438360213,0.03227175573507944,2.007649708994434,0.8636571487944874,0.815011220483615,0.9233286052875315,0.18420217351795923,share,3,True,-0.4878421943054174,12,34.860556908727524
decoder_heads,RMSE U500,24,1.5035564402739208,1.5073413749535878,0.003784934679667155,0.0028455833594004313,0.00461699441075325,0.2517321317833342,0.10829093054527239,0.08141510911377567,0.13209702765775574,0.023096462301695313,share,6,True,-0.32700969055046203,12,23.661731919483994
encoder_io,RMSE MSLP,24,43.22458998362223,43.283074061075844,0.05848407745361328,-0.20454254150390624,0.4133800268173218,0.13530279286807084,0.06199830131878652,-0.21683320782015852,0.4382194364289311,0.009929576914612074,share,7,False,0.24565992146714358,12,7.266895872938336
enc0_attn,RMSE MSLP,24,43.22458998362223,43.30300490061442,0.0784149169921875,0.047419071197509766,0.11599729855855304,0.18141274913631075,0.0831267562598598,0.05026841479532593,0.12296740893113114,0.013313486053437639,share,6,True,-0.05245623028402138,12,13.328645247906467
enc0_mlp,RMSE MSLP,24,43.22458998362223,43.17095756530762,-0.05363241831461588,-0.13132752577463785,0.010966595013936304,-0.12407848943144902,-0.0568551129794615,-0.1392188073905176,0.011625561891685758,-0.009105849762168484,share,10,False,-0.24793084093633705,12,19.91195877501525
enc1_attn,RMSE MSLP,24,43.22458998362223,46.11220773061117,2.887617746988932,2.438733180363973,3.3567930857340493,6.6804977168853386,3.0611305327213385,2.5852731398943667,3.5584979409006805,0.49026715932156606,share,1,True,-0.028360995122495576,12,12.700531657871956
enc1_mlp,RMSE MSLP,24,43.22458998362223,45.65030161539713,2.4257116317749023,2.179764231046041,2.67952561378479,5.611878869629539,2.571469145230986,2.310743119911453,2.8405344433550974,0.41184355245206916,share,2,True,-0.1869637528906161,12,17.518979117263264
enc2_attn,RMSE MSLP,24,43.22458998362223,43.22318045298258,-0.0014095306396484375,-0.023018415768941244,0.015017803510030101,-0.003260946234961414,-0.001494227302880823,-0.024401559174047578,0.01592020166342988,-0.00023931373305824128,share,17,False,-0.011885247097111694,12,12.28867692693858
enc2_mlp,RMSE MSLP,24,43.22458998362223,43.17044544219971,-0.05414454142252604,-0.0896417220433553,-0.02142005761464438,-0.12526328518799454,-0.057398008826313324,-0.0950281638346248,-0.022707157983500727,-0.009192799339064476,share,9,True,-0.0919435066890929,12,14.430073653779495
downsample,RMSE MSLP,24,43.22458998362223,43.33670139312744,0.11211140950520833,-0.04372157255808512,0.26075507799784325,0.25936951524048524,0.11884802240901794,-0.046348738795398026,0.2764234745591455,0.019034563117978364,share,5,False,-0.41137460586958824,12,28.77296059483755
dec0_attn,RMSE MSLP,24,43.22458998362223,43.233519872029625,0.008929888407389322,-0.008302664756774903,0.020379948616027828,0.02065927845879591,0.009466472522603788,-0.008801559907441052,0.021604550335260802,0.0015161393945284294,share,16,False,-0.33222929463431417,12,23.940480478036356
dec0_mlp,RMSE MSLP,24,43.22458998362223,43.214257876078285,-0.010332107543945312,-0.07742772897084553,0.07048027515411377,-0.0239033095463951,-0.010952948984716398,-0.08208024953409329,0.0747153332375214,-0.0017542117618085157,share,15,False,0.12605266271443177,12,9.313390389883057
dec1_attn,RMSE MSLP,24,43.22458998362223,43.26213423411051,0.03754425048828125,0.009320998191833497,0.06673874855041503,0.08685854626384366,0.03980023035169976,0.009881083529914762,0.07074898369644578,0.0063743592984011116,share,11,True,-0.0796375251180469,12,14.076682453919336
dec1_mlp,RMSE MSLP,24,43.22458998362223,43.208510398864746,-0.01607958475748698,-0.042131209373474116,0.017701991399129195,-0.037200086255484495,-0.017045783814686015,-0.04466281298073467,0.01876567853149872,-0.0027300332082886695,share,13,False,-0.11345529446721994,12,15.07139284710623
dec2_attn,RMSE MSLP,24,43.22458998362223,43.27964496612549,0.05505498250325521,0.04996821880340577,0.06442101796468098,0.1273695887551866,0.058363156998494356,0.05297073700433667,0.06829198402257593,0.00934737636465735,share,8,True,-0.8250092082343508,12,125.15007377154579
dec2_mlp,RMSE MSLP,24,43.22458998362223,43.21342213948568,-0.01116784413655599,-0.03183552424112956,0.010171373685201004,-0.025836784434016564,-0.011838903783830896,-0.033748474977801673,0.010782556860219525,-0.001896105267494153,share,14,False,-0.5270001933371183,12,38.73997845649307
upsample,RMSE MSLP,24,43.22458998362223,43.25569534301758,0.03110535939534505,0.0031346718470255533,0.06627645492553709,0.07196218496723937,0.03297443557951864,0.0033230297573138908,0.07025891151439469,0.0052811478272475985,share,12,True,-0.30694959560868434,12,22.6295159023512
decoder_io,RMSE MSLP,24,43.22458998362223,43.08295917510986,-0.14163080851236978,-0.2527175744374593,-0.004646420478820828,-0.3276625841125008,-0.150141199527988,-0.2679030090019562,-0.004925617184065137,-0.024046442516216588,share,4,True,-0.14511214056673905,12,16.073857565260727
decoder_heads,RMSE MSLP,24,43.22458998362223,44.060805320739746,0.8362153371175131,0.750804050763448,0.9851399024327595,1.934582462053092,0.8864623106882774,0.7959187833221409,1.044335538345962,0.14197478815789402,share,3,True,0.45080753904718485,12,4.542511224998152
encoder_io,RMSE T2M,24,0.6403933763504028,0.6410638938347498,0.0006705174843470255,-0.001628403862317403,0.0032749315102895095,0.10470400055795388,0.053101859447251334,-0.12896199582975654,0.2593593110075617,0.0164580917005251,share,8,False,-0.008472342376629192,12,12.205073671395596
enc0_attn,RMSE T2M,24,0.6403933763504028,0.6349414785703024,-0.005451897780100505,-0.006125824774305026,-0.004861786092321079,-0.8513357541533035,-0.43176489263603623,-0.4851367693721179,-0.3850307975017989,-0.13381878280797346,share,4,True,-0.27037690297603134,12,20.893695522925015
enc0_mlp,RMSE T2M,24,0.6403933763504028,0.636737585067749,-0.0036557912826538086,-0.004374733194708824,-0.002679441745082539,-0.5708665045051116,-0.28952162977378504,-0.34645847818701003,-0.21219929720853073,-0.08973270581674665,share,6,True,0.19962270004712418,12,8.006290310326087
enc1_attn,RMSE T2M,24,0.6403933763504028,0.6498314042886099,0.009438027938206991,0.00863047776122888,0.0108326015373071,1.473786001971826,0.7474478216208833,0.6834936116329736,0.8578915504975112,0.23165977458499304,share,3,True,-0.012524382948051041,12,12.304397582646754
enc1_mlp,RMSE T2M,24,0.6403933763504028,0.6549500624338785,0.014556686083475748,0.013210336615641912,0.01560484804213047,2.27308504757407,1.1528216884236089,1.0461970859683618,1.2358312300176537,0.3572990712552539,share,2,True,-0.1406395285876353,12,15.927744873528843
enc2_attn,RMSE T2M,24,0.6403933763504028,0.640200545390447,-0.00019283095995585123,-0.00025334606568018595,-9.701413412888849e-05,-0.030111329547909044,-0.015271313234472835,-0.020063827544131094,-0.0076830672356379675,-0.00473310494616599,share,13,True,-0.08681272845083443,12,14.281575255955428
enc2_mlp,RMSE T2M,24,0.6403933763504028,0.6400486628214518,-0.0003447135289510091,-0.0004929641882578531,-0.0002241359402736028,-0.05382840324107176,-0.02729970476720454,-0.03904046598112097,-0.017750521761676376,-0.008461116976557615,share,10,True,-0.168422839687548,12,16.860821515326826
downsample,RMSE T2M,24,0.6403933763504028,0.6360299934943517,-0.004363382856051127,-0.0053488754977782564,-0.003088409081101418,-0.681359773100405,-0.34555958426977434,-0.423606008067741,-0.2445876040055415,-0.1071007943056439,share,5,True,-0.22786891112879273,12,19.08280490957312
dec0_attn,RMSE T2M,24,0.6403933763504028,0.6402771472930908,-0.00011622905731201172,-0.00027052039901415506,-2.1834174791971903e-05,-0.018149634522205752,-0.009204799590094903,-0.02142395469381877,-0.001729164873424756,-0.002852883822066977,share,15,True,0.30178697165815926,12,6.436196184564554
dec0_mlp,RMSE T2M,24,0.6403933763504028,0.6403382271528244,-5.5149197578430176e-05,-0.00039177176853020986,0.00020188093185424805,-0.00861176889316455,-0.004367559395248877,-0.031026498001244216,0.015988028826487918,-0.0013536567981371644,share,16,False,0.10900515214250915,12,9.641017585566598
dec1_attn,RMSE T2M,24,0.6403933763504028,0.6401775479316711,-0.00021582841873168945,-0.0002947965015967687,-0.00011346042156219492,-0.0337024751820036,-0.017092604777299306,-0.02334650886632388,-0.008985536543448804,-0.005297585804976679,share,12,True,0.2958320871212684,12,6.52091813324113
dec1_mlp,RMSE T2M,24,0.6403933763504028,0.6404338131348292,4.0436784426371254e-05,-0.0001344637324412664,0.00028414738674958527,0.00631436643783235,0.0032024048488445557,-0.010648900867667005,0.022503148606444208,0.0009925353502327889,share,17,False,0.33927876139394825,12,5.920093032028908
dec2_attn,RMSE T2M,24,0.6403933763504028,0.6402462820212046,-0.0001470943291982015,-0.0002105236053466797,-8.173746367295583e-05,-0.022969370800880393,-0.011649185259020107,-0.016672488283187282,-0.0064732261407962595,-0.00361048297037143,share,14,True,-0.33950056689799,12,24.336140195132234
dec2_mlp,RMSE T2M,24,0.6403933763504028,0.6401697446902593,-0.00022363166014353433,-0.0003304839134216308,-9.279996156692507e-05,-0.03492098269629357,-0.017710585125847982,-0.02617278554217446,-0.007349324411183852,-0.0054891191590137394,share,11,True,-0.2512107550754033,12,20.05174241306952
upsample,RMSE T2M,24,0.6403933763504028,0.6399457156658173,-0.0004476606845855713,-0.0006614009539286296,-0.00021330341696739196,-0.0699040154251417,-0.03545263965200399,-0.052379872730684666,-0.01689263640671705,-0.010987991766991811,share,9,True,-0.10297259974747733,12,14.755035568861938
decoder_io,RMSE T2M,24,0.6403933763504028,0.6429075300693512,0.0025141537189483643,0.0019215012590090435,0.003166160980860391,0.3925952097250768,0.19910925595384515,0.15217394350720087,0.25074519206124823,0.06171080310599801,share,7,True,-0.1175475646908704,12,15.196933273341381
decoder_heads,RMSE T2M,24,0.6403933763504028,0.6582288295030594,0.017835453152656555,0.01685682386159897,0.019214256107807158,2.7850777055660183,1.4124847578176438,1.3349818794023098,1.5216795252011721,0.4377775827765307,share,1,True,0.14089925542690782,12,9.036037919947235
encoder_io,|RQE| Z500,24,0.002150436028993378,0.0019224159380731483,-0.00022802009092022976,-0.00029952362334976595,-0.0001597846208217865,-10.603435203183714,-0.34936274873393236,-0.45891743987081046,-0.2448152446147275,-0.5234639901379796,colmax,3,True,0.02464543278789955,12,11.422736521354283
enc0_attn,|RQE| Z500,24,0.002150436028993378,0.002218019653810188,6.758362481681009e-05,5.5328127928078175e-05,7.881601147043208e-05,3.1427870397263606,0.10354877432122281,0.08477141982202908,0.12075856254784247,0.15515121396461523,colmax,5,True,-0.12090565978122339,12,15.300824157310828
enc0_mlp,|RQE| Z500,24,0.002150436028993378,0.002098379695477585,-5.2056333515793085e-05,-8.402012123648698e-05,-1.934970350703226e-05,-2.4207338797313924,-0.07975851466724551,-0.12873207964120287,-0.029646798126961246,-0.11950532930742254,colmax,8,True,0.13772388217148623,12,9.09474924108391
enc1_attn,|RQE| Z500,24,0.002150436028993378,0.0019649247794101634,-0.00018551124958321452,-0.00030846562003716826,-7.069715526692263e-05,-8.626680686244482,-0.2842324981711005,-0.4726179893674488,-0.10831919412032136,-0.4258767660797239,colmax,4,True,0.17581077044581683,12,8.411447660834263
enc1_mlp,|RQE| Z500,24,0.002150436028993378,0.002160296484362334,9.86045536895593e-06,-7.304888276848942e-05,0.00014277101339151463,0.45853283873650613,0.015107773080714435,-0.11192241163025554,0.21874771418908948,0.0226365724668396,colmax,13,False,0.05113816900852646,12,10.832393216809654
enc2_attn,|RQE| Z500,24,0.002150436028993378,0.0021532128545610854,2.7768255677074194e-06,-4.7380609127382435e-06,9.749723540153355e-06,0.12912848976992147,0.004254534805129569,-0.007259456732354895,0.01493811445139507,0.00637473735635778,colmax,15,False,0.14063899942723557,12,9.040837646311799
enc2_mlp,|RQE| Z500,24,0.002150436028993378,0.0021181930787861347,-3.224295020724336e-05,-4.5734017961270485e-05,-2.2509253903990627e-05,-1.4993680245552958,-0.04940128594034552,-0.07007172991254586,-0.03448772774412785,-0.07401989579597348,colmax,10,True,0.15981414938813224,12,8.69297051830361
downsample,|RQE| Z500,24,0.002150436028993378,0.0022067602549213916,5.6324225928013526e-05,2.2200562913591663e-05,9.945085087868693e-05,2.6192002537447707,0.08629759908922151,0.03401476445181467,0.15237439160157787,0.1293030974890083,colmax,7,True,-0.18297909813438296,12,17.375013472969265
dec0_attn,|RQE| Z500,24,0.002150436028993378,0.002158963596836353,8.527567842975259e-06,3.592404633915674e-07,1.76115883126234e-05,0.3965506403353475,0.013065579132143979,0.0005504130589564415,0.026983731466982915,0.01957667270125679,colmax,14,True,0.26696408772933583,12,6.9429205077256855
dec0_mlp,|RQE| Z500,24,0.002150436028993378,0.0020887495193164796,-6.168650967689852e-05,-8.138862225071837e-05,-4.380588895098003e-05,-2.868558229364026,-0.09451346367572035,-0.12470020808440965,-0.06711753211256179,-0.14161325154655302,colmax,6,True,0.03556482605319187,12,11.175758191276419
dec1_attn,|RQE| Z500,24,0.002150436028993378,0.00218099068539838,3.055465640500188e-05,2.1535358488714943e-05,3.653029804506028e-05,1.420858653456646,0.046814553512333774,0.03299556633902115,0.05597017914336684,0.07014409254249736,colmax,11,True,0.22611765974233833,12,7.573977920718852
dec1_mlp,|RQE| Z500,24,0.002150436028993378,0.0021372836005563536,-1.3152428437024355e-05,-2.2425407466168204e-05,-4.9065468677630024e-06,-0.611616819086733,-0.020151595119276854,-0.034359261774875,-0.0075176037935763725,-0.030193930025479973,colmax,12,True,-0.045762502257548306,12,13.150971384775312
dec2_attn,|RQE| Z500,24,0.002150436028993378,0.0021506292881288878,1.932591355095307e-07,-8.429556328337639e-06,5.799451901111747e-06,0.008986974404441853,0.0002961034816145802,-0.01291541003071443,0.008885675157595837,0.00044366352892924064,colmax,17,False,-0.2094729306743671,12,18.359491700231647
dec2_mlp,|RQE| Z500,24,0.002150436028993378,0.002103572759854918,-4.686326913846036e-05,-5.7649686641525474e-05,-3.489563023322263e-05,-2.1792449766755966,-0.07180192085178244,-0.08832841398953384,-0.05346561019198319,-0.1075836508753541,colmax,9,True,0.25408745597885407,12,7.137421306289407
upsample,|RQE| Z500,24,0.002150436028993378,0.002147975921009978,-2.4601079834004245e-06,-1.7647088194886844e-05,1.8678974205007148e-05,-0.11440042624992684,-0.0037692735047796266,-0.02703812288660403,0.02861913503084459,-0.005647651204610734,colmax,16,False,0.19181725336997069,12,8.137315458504933
decoder_io,|RQE| Z500,24,0.002150436028993378,0.0024878953505928316,0.0003374593215994537,0.00014527229650411754,0.0005606348100021326,15.692599875078304,0.5170409138250791,0.22258007448705297,0.8589809672814843,0.7747028004453517,colmax,2,True,0.6479506311583624,12,2.5635430735750497
decoder_heads,|RQE| Z500,24,0.002150436028993378,0.002586034456423173,0.00043559842742979527,0.00039174196839060943,0.0004727813104788462,20.256283914369657,0.6674055050889823,0.6002104916240187,0.7243755474016718,1.0,colmax,1,True,0.3756292781629694,12,5.446560916506419
encoder_io,|RQE| T850,24,0.0020447036125309146,0.002460889552215425,0.00041618593968451023,0.0002731022153360148,0.0006105397107603493,20.354340704145343,0.39886897479508004,0.26173878129548855,0.5851359339223945,0.699617876593317,colmax,3,True,0.06121240161990411,12,10.6156422252179
enc0_attn,|RQE| T850,24,0.0020447036125309146,0.0020699748153371425,2.527120280622815e-05,-4.436759190866724e-05,7.736063301611766e-05,1.235934765867983,0.024219700364697182,-0.0425215131298085,0.07414175597577428,0.04248145734970017,colmax,9,False,0.4326067623860948,12,4.752678145973933
enc0_mlp,|RQE| T850,24,0.0020447036125309146,0.0021991075894523724,0.0001544039769214578,6.526576423008616e-05,0.00023196683869173282,7.551411166645225,0.14797942483504145,0.06255013921759539,0.2223149950850461,0.2595565399283821,colmax,6,True,0.33138622811262136,12,6.026324362707656
enc1_attn,|RQE| T850,24,0.0020447036125309146,0.0014498275328757397,-0.0005948760796551748,-0.0008452234555382651,-0.00026522901574329205,-29.09351145121922,-0.5701240464827914,-0.8100547881047272,-0.2541931754725554,-1.0,colmax,1,True,-0.300003106712721,12,22.285866451910653
enc1_mlp,|RQE| T850,24,0.0020447036125309146,0.0016918515975703485,-0.0003528520149605659,-0.0005083319772287117,-0.0001954127728822641,-17.25687834648118,-0.3381702937114801,-0.4871809335184961,-0.18728189722242425,-0.5931521320626973,colmax,5,True,-0.10840766849840684,12,14.91813192199614
enc2_attn,|RQE| T850,24,0.0020447036125309146,0.0020518107800550447,7.107167524130394e-06,-1.445968391635688e-05,2.1698608179576695e-05,0.3475891312840793,0.006811447369403492,-0.013858034954160742,0.020795756833180724,0.011947307627918284,colmax,15,False,0.11468209108334884,12,9.530802541803315
enc2_mlp,|RQE| T850,24,0.0020447036125309146,0.0020680087715542563,2.3305159023342032e-05,1.1246086675479697e-05,3.973874906174994e-05,1.1397817698622408,0.022335461150185313,0.010778151386146283,0.038085270516141564,0.039176493761273905,colmax,10,True,-0.5186207174053108,12,37.85673639845335
downsample,|RQE| T850,24,0.0020447036125309146,0.002033159294417904,-1.1544318113010377e-05,-0.00014596202314957435,0.00013161529835391164,-0.564596161627598,-0.011063973794826642,-0.13988872996723514,0.12613895404916578,-0.0194062570471856,colmax,13,False,0.43389575597221564,12,4.737618407781272
dec0_attn,|RQE| T850,24,0.0020447036125309146,0.0020595942672419674,1.4890654711052775e-05,3.940821382760381e-06,2.39078770391643e-05,0.7282549226105814,0.014271073605051452,0.003776848843052507,0.022913100839896578,0.025031523741355137,colmax,12,True,0.18936412633929206,12,8.178849747107202
dec0_mlp,|RQE| T850,24,0.0020447036125309146,0.0019895773657481186,-5.512624678279584e-05,-9.695946124944991e-05,-1.810343740847506e-05,-2.696050735419844,-0.052832514128714855,-0.09292510202187103,-0.017350176521722844,-0.09266845426824064,colmax,8,True,0.6693288305557946,12,2.377035585019712
dec1_attn,|RQE| T850,24,0.0020447036125309146,0.002051618736004457,6.915123473542432e-06,-1.2237511509738396e-05,1.8777158099207245e-05,0.338196862917602,0.00662739402624735,-0.011728324300509798,0.017995864555812334,0.011624477281975845,colmax,16,False,-0.23410721327412337,12,19.33597863298577
dec1_mlp,|RQE| T850,24,0.0020447036125309146,0.0019586519896013974,-8.605162292951718e-05,-0.00010560415660923657,-6.132277248980252e-05,-4.208513273129268,-0.0824711249096212,-0.10121010265929699,-0.05877121032282154,-0.14465470351303716,colmax,7,True,0.0505480142543595,12,10.845219518152458
dec2_attn,|RQE| T850,24,0.0020447036125309146,0.002036500814332006,-8.202798198908567e-06,-2.5032194874559842e-05,6.39217857193822e-06,-0.40117296945327063,-0.0078614902524814,-0.023990637247512835,0.006126208193455148,-0.01378908730649145,colmax,14,False,-0.10169627671072867,12,14.71702162395639
dec2_mlp,|RQE| T850,24,0.0020447036125309146,0.0020226921721283966,-2.2011440402517717e-05,-8.643686063199614e-05,1.7592079711903304e-05,-1.0765100754760328,-0.021095572507256452,-0.08284033336379598,0.016860095765175023,-0.037001723813263505,colmax,11,False,0.40233956235657886,12,5.1142572342955965
upsample,|RQE| T850,24,0.0020447036125309146,0.002047547920180174,2.844307649259766e-06,-3.0268183763837442e-05,3.354300370119744e-05,0.13910610964975553,0.0027259596441966765,-0.02900876333290571,0.03214732219927071,0.004781344798581403,colmax,17,False,-0.24255965531094717,12,19.685663654281008
decoder_io,|RQE| T850,24,0.0020447036125309146,0.002490710981267815,0.0004460073687369004,0.0003154852834995836,0.0006207780340143169,21.812812673854317,0.4274495723089412,0.30235834417617535,0.5949482536346519,0.7497483660721953,colmax,2,True,0.4941518603157739,12,4.062624313788186
decoder_heads,|RQE| T850,24,0.0020447036125309146,0.0024607562518212944,0.00041605263929038,0.0003509147810594489,0.00048234530549962074,20.347821402603874,0.3987412208599356,0.3363136656363881,0.46227553397814597,0.6993937956482443,colmax,4,True,0.17226193088266137,12,8.473240124695563
encoder_io,|RQE| Q700,24,0.09026958793401718,0.0876547956528763,-0.002614792281140884,-0.004333023812311391,5.370502670605938e-05,-2.896648074933248,-0.10661389614026205,-0.17667198806992299,0.002189734986119655,0.06632398245575138,share,6,False,0.17459368308187473,12,8.432597540478247
enc0_attn,|RQE| Q700,24,0.09026958793401718,0.08941520828132828,-0.0008543796526889006,-0.0011222388905783494,-0.0005744772730395201,-0.9464756317636144,-0.03483593867593331,-0.04575746279642492,-0.023423375066738767,0.02167126677869999,share,10,True,-0.5050917951230224,12,36.493841410379986
enc0_mlp,|RQE| Q700,24,0.09026958793401718,0.08785611561809976,-0.0024134723159174123,-0.003723961409802238,-0.0006082351940373586,-2.673627266008511,-0.09840540247975169,-0.15183846068329743,-0.02479979930859265,0.06121751876539349,share,7,True,0.22558442580915988,12,7.582494273419499
enc1_attn,|RQE| Q700,24,0.09026958793401718,0.08193727349862456,-0.008332314435392618,-0.01002741902290533,-0.006882157611350219,-9.230477978345428,-0.3397365489526973,-0.40885167742520045,-0.2806087665507656,0.21134844263333222,share,2,True,-0.2804025126957719,12,21.351978603912762
enc1_mlp,|RQE| Q700,24,0.09026958793401718,0.07738757839736839,-0.01288200953664879,-0.015498630002063389,-0.010776582024603461,-14.270597475270332,-0.5252429559027526,-0.6319313932789243,-0.4393975785398857,0.32675106954604105,share,1,True,-0.22862748712988565,12,19.113372073242623
enc2_attn,|RQE| Q700,24,0.09026958793401718,0.09021280379965901,-5.678413435816765e-05,-0.0002085291314870119,0.00015042875893413963,-0.06290505546527383,-0.002315280585207673,-0.008502435672203776,0.0061334876185710945,0.0014403247088112473,share,16,False,-0.47501061362343155,12,33.71520991242496
enc2_mlp,|RQE| Q700,24,0.09026958793401718,0.09009143741180499,-0.00017815052221218744,-0.00045247361995279787,6.918679767598696e-05,-0.1973538666670408,-0.007263797361439529,-0.018448874838657536,0.002820978979824198,0.004518772751053354,share,13,False,-0.35355682867774285,12,25.126233309742563
downsample,|RQE| Q700,24,0.09026958793401718,0.0871943427870671,-0.003075245146950086,-0.00606670231403162,-0.00025172344564149894,-3.406734446597835,-0.12538811173166234,-0.24735990506283953,-0.010263613474482982,0.0780033299947097,share,5,True,0.4404205118156948,12,4.661801052629593
dec0_attn,|RQE| Q700,24,0.09026958793401718,0.09008801775053144,-0.00018157018348574638,-0.0003361760755069554,-1.1216317458699203e-05,-0.2011421428205318,-0.007403228479728977,-0.013707031895971982,-0.0004573270745989076,0.004605512166626807,share,12,True,-0.49814895210490545,12,35.822954840211644
dec0_mlp,|RQE| Q700,24,0.09026958793401718,0.08881483723719914,-0.001454750696818034,-0.0019626586387554803,-0.0008628211605052156,-1.6115623546231188,-0.05931509008159535,-0.08002420910458193,-0.035180127407132694,0.03689962693753754,share,9,True,-0.17089603282225702,12,16.94691251049688
dec1_attn,|RQE| Q700,24,0.09026958793401718,0.09036189410835505,9.230617433786392e-05,-0.0005760359034563104,0.0005908754343787829,0.10225611576440936,0.003763633905048885,-0.023486925683197,0.024091983385083893,-0.002341338213171878,share,15,False,0.03570097185551603,12,11.172711672754986
dec1_mlp,|RQE| Q700,24,0.09026958793401718,0.09009915497153997,-0.00017043296247720718,-0.0009550646645948291,0.0005634024661655226,-0.18880440952249128,-0.00694912643404852,-0.038941206034890055,0.022971817855730534,0.004323017508789632,share,14,False,-0.10896469626450775,12,14.934959702926097
dec2_attn,|RQE| Q700,24,0.09026958793401718,0.09103716490790248,0.0007675769738852978,0.0005393099738284946,0.0010961837445696194,0.8503162487529692,0.03129670083688555,0.021989485723918047,0.04469510665803137,-0.01946952425880451,share,11,True,-0.2560806837566831,12,20.261563150687458
dec2_mlp,|RQE| Q700,24,0.09026958793401718,0.08876179220775764,-0.0015077957262595494,-0.001987384174329539,-0.0009897314632932351,-1.6703252565655633,-0.061477914754294524,-0.08103235254324731,-0.04035468828455258,0.03824510957010399,share,8,True,-0.18606999658063506,12,17.48656505986347
upsample,|RQE| Q700,24,0.09026958793401718,0.09026998467743397,3.9674341678619385e-07,-0.0004042524378746748,0.00031202184036374083,0.0004395095024430538,1.617656658108245e-05,-0.016482734684842126,0.012722182301807453,-1.0063362816292716e-05,share,17,False,-0.0937176699766106,12,14.481813894992973
decoder_io,|RQE| Q700,24,0.09026958793401718,0.09427750933294494,0.004007921398927768,0.001935299881733954,0.006206863047555087,4.439946487689043,0.1634164667096155,0.0789087003505378,0.2530747306704376,-0.1016605833143017,share,4,True,-0.057154308248072785,12,13.454854606595218
decoder_heads,|RQE| Q700,24,0.09026958793401718,0.09610037226229906,0.005830784328281879,0.0047762550879269835,0.006788485287688673,6.4593009248517985,0.23774073347060568,0.19474402137269017,0.2767894301323058,-0.14789734552968153,share,3,True,-0.04009835541503384,12,13.002561601378346
encoder_io,Vag/Vg 850hPa,24,0.3618840699394544,0.36818711211284,0.00630304217338562,0.005742143032451471,0.0069838768492142345,1.7417296579095514,0.9090256595159419,0.8281327037837868,1.0072157355445772,0.12146497691392984,share,3,True,0.20413131107948732,12,7.93138105385228
enc0_attn,Vag/Vg 850hPa,24,0.3618840699394544,0.36208027849594754,0.00019620855649312338,0.00015495413293441137,0.00025205488006273903,0.05421862214768127,0.028297226571312752,0.02234750760199405,0.03635139148373665,0.003781105556517535,share,11,True,0.46304878689055246,12,4.404100953466967
enc0_mlp,Vag/Vg 850hPa,24,0.3618840699394544,0.3651187891761462,0.003234719236691793,0.003120758446554343,0.0033959669992327684,0.8938551059274268,0.46651167905849983,0.45007623732037016,0.489766854838253,0.06233578748161352,share,5,True,0.2018399850756622,12,7.969380531543118
enc1_attn,Vag/Vg 850hPa,24,0.3618840699394544,0.35690374424060184,-0.004980325698852539,-0.005106854687134425,-0.004786071181297302,-1.3762213129983258,-0.7182632970662574,-0.7365113261698045,-0.6902478822749343,-0.0959751068443256,share,4,True,0.22937750219221406,12,7.522075161781823
enc1_mlp,Vag/Vg 850hPa,24,0.3618840699394544,0.35918477177619934,-0.002699298163255056,-0.003191724916299184,-0.002318515256047249,-0.7459013500391621,-0.38929317392859825,-0.4603110319145925,-0.33437660763644417,-0.052017768573405586,share,6,True,0.44185292499547707,12,4.6452483356270795
enc2_attn,Vag/Vg 850hPa,24,0.3618840699394544,0.36177075902620953,-0.00011331091324488322,-0.00014048150430123011,-9.82354705532392e-05,-0.0313113846829016,-0.01634171639810825,-0.020260262994341315,-0.014167533859217585,-0.0021835975522266284,share,14,True,-0.24846974387495901,12,19.934842016535974
enc2_mlp,Vag/Vg 850hPa,24,0.3618840699394544,0.3618572453657786,-2.6824573675791424e-05,-6.300769746303558e-05,-7.584691047668457e-06,-0.007412477062137429,-0.0038686439192540762,-0.009086979297514649,-0.0010938652466810433,-0.0005169323213501328,share,17,True,-0.1849587399117055,12,17.446362012887604
downsample,Vag/Vg 850hPa,24,0.3618840699394544,0.3636325846115748,0.0017485146721204121,0.0015931092202663422,0.001924898164967696,0.4831698373495551,0.25217104047136707,0.22975844358910025,0.2776090934785714,0.03369536303906622,share,7,True,0.41753840495678723,12,4.930758218668245
dec0_attn,Vag/Vg 850hPa,24,0.3618840699394544,0.3617527211705844,-0.0001313487688700358,-0.00015386690696080527,-0.00010718405246734619,-0.03629581398595725,-0.01894313856138409,-0.02219070771385856,-0.01545809964514095,-0.0025312023527049184,share,13,True,-0.19282948036766068,12,17.733494244725186
dec0_mlp,Vag/Vg 850hPa,24,0.3618840699394544,0.36238493770360947,0.00050086776415507,0.0004260186105966568,0.000568113165597121,0.13840558503690656,0.07223522183681927,0.06144046601796369,0.08193336341889287,0.009652147286418793,share,9,True,0.8209166738681359,12,1.1801747682486163
dec1_attn,Vag/Vg 850hPa,24,0.3618840699394544,0.36171665290991467,-0.00016741702953974405,-0.00018836998691161474,-0.00014514382928609862,-0.04626261376129489,-0.024144908364117812,-0.027166746925534797,-0.02093266418215873,-0.0032262683746443668,share,12,True,0.018187912212826764,12,11.57128749234591
dec1_mlp,Vag/Vg 850hPa,24,0.3618840699394544,0.3618143821756045,-6.968776384989421e-05,-0.0001044188936551412,-4.375129938125612e-05,-0.01925693050306233,-0.010050379443965316,-0.01505930803883621,-0.0063098187638118124,-0.0013429424069146124,share,15,True,-0.3548673136594266,12,25.201649378729677
dec2_attn,Vag/Vg 850hPa,24,0.3618840699394544,0.3618426248431206,-4.144509633382162e-05,-6.731245666742325e-05,-1.2622214853763616e-05,-0.011452589317003001,-0.005977217824693271,-0.009707812296435218,-0.0018203776630977676,-0.000798682212636887,share,16,True,0.13195692834232953,12,9.202220154388996
dec2_mlp,Vag/Vg 850hPa,24,0.3618840699394544,0.3622040127714475,0.00031994283199310303,0.0002828075860937436,0.00034727491438388817,0.08841031108294753,0.046142201790743964,0.04078655122291353,0.050084038690731254,0.006165570153712824,share,10,True,-0.2897366221341565,12,21.790282236025956
upsample,Vag/Vg 850hPa,24,0.3618840699394544,0.363353172938029,0.0014691029985745747,0.0013317504897713663,0.0015809541568160056,0.4059595656753737,0.21187424825031356,0.19206524944205394,0.2280054385693884,0.028310862738555338,share,8,True,0.518126602326919,12,3.8089582009918246
decoder_io,Vag/Vg 850hPa,24,0.3618840699394544,0.3876670052607854,0.025782935321331024,0.024894083787997564,0.02701795467485984,7.124639480716762,3.7184186841860614,3.5902283866957623,3.896533355082108,0.49685906542120484,share,1,True,0.30575028935689685,12,6.380237167567765
decoder_heads,Vag/Vg 850hPa,24,0.3618840699394544,0.3862091551224391,0.02432508518298467,0.023306164269646008,0.02523776236921549,6.721789435786554,3.50816732507547,3.36121840267206,3.63979376169393,0.46876505485819225,share,2,True,0.5922991519273738,12,3.072544610068763
encoder_io,|Vag| 850hPa,24,3.8793204029401145,3.9542312820752463,0.07491087913513184,0.06709461212158203,0.08554359277089436,1.9310309887875545,0.4702044368032223,0.4211428923194096,0.5369443974673466,0.11579138526580489,share,3,True,0.1264179878870066,12,9.306477931003611
enc0_attn,|Vag| 850hPa,24,3.8793204029401145,3.880967934926351,0.0016475319862365723,0.0011324882507324219,0.0023235251506169632,0.04246960330958787,0.01034131301951778,0.007108460163193727,0.014584421481333196,0.002546626246528564,share,15,True,0.26822588027344263,12,6.924073679071547
enc0_mlp,|Vag| 850hPa,24,3.8793204029401145,3.918415347735087,0.03909494479497274,0.03804569294055303,0.0405247688293457,1.0077781862344473,0.24539314865084946,0.23880715095641342,0.25436794126538104,0.060429911742646315,share,6,True,-0.12037323069996822,12,15.284299247848201
enc1_attn,|Vag| 850hPa,24,3.8793204029401145,3.8081732988357544,-0.07114710410435994,-0.07376183172067007,-0.06795417219400407,-1.8340094839920404,-0.4465797812254165,-0.46299203723436166,-0.4265382229365107,-0.10997363583243137,share,4,True,0.1315805272378883,12,9.209272713964406
enc1_mlp,|Vag| 850hPa,24,3.8793204029401145,3.8326661189397178,-0.04665428400039673,-0.053033668796221414,-0.04196534256140391,-1.202640647187526,-0.2928419955303402,-0.3328844442334288,-0.2634102081320407,-0.07211454778477827,share,5,True,0.4654625773821936,12,4.377081455653427
enc2_attn,|Vag| 850hPa,24,3.8793204029401145,3.8776692350705466,-0.001651167869567871,-0.001987429956595103,-0.0014567126830418906,-0.042563328059122434,-0.010364134917936455,-0.012474801980910008,-0.009143568659476494,-0.0025522463109632168,share,14,True,-0.3749260013757716,12,26.395454062756368
enc2_mlp,|Vag| 850hPa,24,3.8793204029401145,3.8809900879859924,0.0016696850458780925,0.0011516014734903972,0.0020030051469802856,0.04304065847751704,0.010480364477096044,0.00722843101717605,0.012572565132373722,0.002580868715624947,share,13,True,-0.08332353555006895,12,14.181538340685611
downsample,|Vag| 850hPa,24,3.8793204029401145,3.896638512611389,0.017318109671274822,0.015789469083150227,0.018954735994338986,0.4464212251751499,0.10870319636469561,0.09910814695248574,0.11897605615994009,0.02676898111694435,share,7,True,-0.0014067307558212605,12,12.033809098438308
dec0_attn,|Vag| 850hPa,24,3.8793204029401145,3.877633194128672,-0.0016872088114420574,-0.0020232334733009338,-0.0013355160752932234,-0.04349238104084756,-0.01059035854488441,-0.012699535325420242,-0.008382835594441656,-0.002607955583555897,share,12,True,-0.16747141626207684,12,16.82783903015528
dec0_mlp,|Vag| 850hPa,24,3.8793204029401145,3.8935909271240234,0.014270524183909098,0.013126727441946666,0.015113080044587453,0.3678614474095398,0.089573955936059,0.08239451405684098,0.09486255364735889,0.022058261534259008,share,9,True,0.5579363427205766,12,3.404993992302365
dec1_attn,|Vag| 850hPa,24,3.8793204029401145,3.8761447270711265,-0.003175675868988037,-0.0034195383389790854,-0.002917546530564626,-0.08186165459757361,-0.01993324468604203,-0.021463933107849748,-0.018313005254906502,-0.004908711688752048,share,11,True,-0.06569566792602421,12,13.687561510845848
dec1_mlp,|Vag| 850hPa,24,3.8793204029401145,3.8793973326683044,7.692972819010417e-05,-0.0003861844539642334,0.0003950496514638262,0.0019830722961629976,0.0004828764517874757,-0.0024240223285972883,0.002479667853594077,0.00011891196443156423,share,17,False,-0.3486510396173659,12,24.846608284906498
dec2_attn,|Vag| 850hPa,24,3.8793204029401145,3.878315806388855,-0.0010045965512593587,-0.0013578742742538451,-0.000586231549580892,-0.025896199512109926,-0.0063057030040625335,-0.008523174680988075,-0.003679688167985862,-0.0015528268743680736,share,16,True,0.11441816584027997,12,9.5359016351854
dec2_mlp,|Vag| 850hPa,24,3.8793204029401145,3.884658853212992,0.005338450272878011,0.004869470496972402,0.005692243576049805,0.1376130280147015,0.033508657660158106,0.030564941420971964,0.03572936555710531,0.008251759416066705,share,10,True,-0.35825600971000054,12,25.398090770050796
upsample,|Vag| 850hPa,24,3.8793204029401145,3.89546004931132,0.016139646371205647,0.014444797734419505,0.01739290157953898,0.4160431388697232,0.1013061576608417,0.0906678450695669,0.10917265403905221,0.024947404603955246,share,8,True,0.5127155450410001,12,3.865507615544145
decoder_io,|Vag| 850hPa,24,3.8793204029401145,4.212692856788635,0.33337245384852093,0.3241666326920191,0.3462949454784393,8.593578751470487,2.092529265672943,2.0347456966883137,2.1736418219410285,0.5153010976008874,share,1,True,0.4067652915444949,12,5.0604152265160565
decoder_heads,|Vag| 850hPa,24,3.8793204029401145,4.181898554166158,0.3025781512260437,0.2887611389160156,0.31357936064402264,7.799772119795041,1.8992380122726178,1.8125106828573494,1.9682909661059835,0.4677016701196153,share,2,True,0.7814608285786161,12,1.47208965529094
encoder_io,Vag/Vg 500hPa,24,0.24617122610410055,0.2539782834549745,0.007807057350873947,0.007212735774616401,0.008794072487701973,3.17139312925732,2.6966748947003025,2.4913872937461448,3.0376047509252433,0.07888039320547464,share,3,True,0.20248041722142388,12,7.958744987678796
enc0_attn,Vag/Vg 500hPa,24,0.24617122610410055,0.2462126910686493,4.146496454874674e-05,-1.7875743408997855e-05,0.00010335749636093768,0.01684395256300673,0.0143226216848178,-0.0061745503214156216,0.03570123198652019,0.00041895077246871624,share,16,False,0.04749625066164436,12,10.91177651933413
enc0_mlp,Vag/Vg 500hPa,24,0.24617122610410055,0.250661210467418,0.00448998436331749,0.004113020437459152,0.005001369832704465,1.8239273672946534,1.550908052289354,1.420699049155023,1.7275482759782463,0.04536558605212106,share,5,True,0.6378725059549263,12,2.653155183166908
enc1_attn,Vag/Vg 500hPa,24,0.24617122610410055,0.2411239743232727,-0.00504725178082784,-0.005265544603268306,-0.004793444244811932,-2.0503012722914513,-1.743396590146247,-1.818798210438248,-1.6557276542464454,-0.05099606512230428,share,4,True,0.20592632018414767,12,7.901713395172554
enc1_mlp,Vag/Vg 500hPa,24,0.24617122610410055,0.24491727352142334,-0.0012539525826772053,-0.0014924104325473309,-0.0010607567615807058,-0.5093822712435675,-0.43313406023227036,-0.5155009839384216,-0.36640132123764513,-0.012669597306279024,share,8,True,-0.17973991948586476,12,17.259012562158226
enc2_attn,Vag/Vg 500hPa,24,0.24617122610410055,0.24601911505063376,-0.00015211105346679688,-0.00021622224400440852,-9.407103061676035e-05,-0.06179075267004291,-0.05254144303735749,-0.07468641139381146,-0.032493547207566434,-0.001536888890282938,share,14,True,0.10360492422951985,12,9.746912752093387
enc2_mlp,Vag/Vg 500hPa,24,0.24617122610410055,0.24615964541832605,-1.158068577448527e-05,-5.911911527315775e-05,2.417725821336105e-05,-0.004704321442339505,-0.0040001428435736345,-0.020420630563982113,0.008351188202730307,-0.00011700811284269428,share,17,False,-0.1169513743311913,12,15.17857126137616
downsample,Vag/Vg 500hPa,24,0.24617122610410055,0.24865947912136713,0.0024882530172665915,0.0022971664865811666,0.0027496461135645706,1.0107814209831179,0.8594799732800676,0.7934758148813748,0.9497690756594463,0.025140634630373998,share,6,True,0.6517978039571417,12,2.529623385201398
dec0_attn,Vag/Vg 500hPa,24,0.24617122610410055,0.2460121102631092,-0.0001591158409913381,-0.00021237221856911976,-0.00011216045046846075,-0.06463624669280049,-0.054961001881513497,-0.07335655476938964,-0.038741904582360535,-0.0016076633664298004,share,13,True,-0.03638600503007128,12,12.906238520071476
dec0_mlp,Vag/Vg 500hPa,24,0.24617122610410055,0.24643806368112564,0.00026683757702509564,0.0002092073361078898,0.000306172917286555,0.10839511231595188,0.09216970781515807,0.07226335682113572,0.10575672527772316,0.002696054614659576,share,10,True,-0.03795494813321433,12,12.946856650246852
dec1_attn,Vag/Vg 500hPa,24,0.24617122610410055,0.24592773243784904,-0.00024349366625150046,-0.00029693860560655596,-0.00020004250109195712,-0.09891231810680108,-0.08410637033753199,-0.10256705529604901,-0.06909768512298055,-0.0024601940620829293,share,11,True,-0.0010251341265855283,12,12.024628466519566
dec1_mlp,Vag/Vg 500hPa,24,0.24617122610410055,0.2461194433271885,-5.178277691205343e-05,-0.00011621381466587384,1.982351144154864e-06,-0.021035267903388354,-0.017886549079976857,-0.04014199746998578,0.0006847338661249134,-0.0005231991543698472,share,15,False,-0.05836345482630419,12,13.487540944550872
dec2_attn,Vag/Vg 500hPa,24,0.24617122610410055,0.2459967223306497,-0.00017450377345085144,-0.00022829848652084668,-0.00012172081818183265,-0.07088715290269446,-0.06027622492650218,-0.0788577269808227,-0.04204419921631341,-0.0017631388687187417,share,12,True,0.09576620906320625,12,9.90248230096282
dec2_mlp,Vag/Vg 500hPa,24,0.24617122610410055,0.2465138373275598,0.0003426112234592438,0.0002792854482928912,0.00040681567043066025,0.13917598286420396,0.1183430636437777,0.0964693895558805,0.14052024417346268,0.003461651017594816,share,9,True,0.3141810491072698,12,6.2623239136672435
upsample,Vag/Vg 500hPa,24,0.24617122610410055,0.24774408092101416,0.0015728548169136047,0.0014684885740280152,0.0016753081853191057,0.6389271572496771,0.5432876828174644,0.5072380146268934,0.5786766154254294,0.015891699117514677,share,7,True,-0.14519148057692827,12,16.07646327179578
decoder_io,Vag/Vg 500hPa,24,0.24617122610410055,0.29250089327494305,0.04632966717084249,0.04357715199391047,0.05047745633249482,18.820098475380167,16.002963053095286,15.05220295984668,17.43567174191845,0.46810241032823063,share,2,True,0.6832021696419328,12,2.2585367538502603
decoder_heads,Vag/Vg 500hPa,24,0.24617122610410055,0.30101966112852097,0.05484843502442042,0.05290238683422406,0.057398239088555174,22.28060358330676,18.945473447482485,18.273279167035447,19.82621407703445,0.5541737337111903,share,1,True,0.29750429020943736,12,6.4970486657319855
encoder_io,|Vag| 500hPa,24,4.240131199359894,4.385869224866231,0.1457380255063375,0.1377899765968323,0.1593615546822548,3.437111227320953,1.2772069260470875,1.2075524684646386,1.396599690977401,0.07485461780436224,share,3,True,-0.16331725034463526,12,16.684707566739917
enc0_attn,|Vag| 500hPa,24,4.240131199359894,4.240420778592427,0.00028957923253377277,-0.0009183292587598165,0.0014678468306859327,0.006829487554005139,0.0025377906702561404,-0.008047978457267638,0.01286379537539992,0.00014873498320075356,share,16,False,0.012874471884793261,12,11.694940159109684
enc0_mlp,|Vag| 500hPa,24,4.240131199359894,4.324360609054565,0.08422940969467163,0.07971239934364954,0.08987534294525781,1.986481213302721,0.7381627757418342,0.6985769717945938,0.787642141381618,0.043262286892363,share,5,True,0.4857883954742862,12,4.153040414842408
enc1_attn,|Vag| 500hPa,24,4.240131199359894,4.14388124148051,-0.09624995787938435,-0.10268962134917577,-0.08860626618067424,-2.2699759359784575,-0.8435074676508804,-0.8999428609290221,-0.7765203107695993,-0.04943633472263543,share,4,True,0.5399129313615448,12,3.5852967471218777
enc1_mlp,|Vag| 500hPa,24,4.240131199359894,4.211572249730428,-0.02855894962946574,-0.03330054183801015,-0.024987959861755376,-0.6735392912789375,-0.25028257478208654,-0.2918365507482319,-0.21898742824557316,-0.014668575699310052,share,7,True,-0.014839760593369597,12,12.361519111302528
enc2_attn,|Vag| 500hPa,24,4.240131199359894,4.237533330917358,-0.0025978684425354004,-0.003858591616153717,-0.0014518549044926978,-0.06126858628637681,-0.02276698587233905,-0.033815607970648996,-0.012723646647407546,-0.0013343288321382184,share,14,True,0.11693036558300136,12,9.48746308591295
enc2_mlp,|Vag| 500hPa,24,4.240131199359894,4.24133038520813,0.001199185848236084,0.00027381380399068195,0.0019162937998771657,0.028281809968925434,0.010509326345430524,0.002399626903748542,0.01679385805482713,0.0006159312096773848,share,15,True,-0.1076564148717804,12,14.895469861590897
downsample,|Vag| 500hPa,24,4.240131199359894,4.284415026505788,0.04428382714589437,0.04240460197130839,0.046657854318618776,1.044397568466269,0.3880909635361349,0.37162196445202905,0.4088962676912659,0.022745257762369072,share,6,True,0.32611344261954245,12,6.097999182175186
dec0_attn,|Vag| 500hPa,24,4.240131199359894,4.237436433633168,-0.0026947657267252603,-0.0038072735071182254,-0.0017417013645172146,-0.06355382887991938,-0.023616166325089595,-0.033365870545813914,-0.0152637792239769,-0.0013840976495015167,share,13,True,-0.0056604202426471725,12,12.136623431862867
dec0_mlp,|Vag| 500hPa,24,4.240131199359894,4.24931275844574,0.009181559085845947,0.007930851479371389,0.009915644427140553,0.21653950441986394,0.08046459265254055,0.0695037441581329,0.0868979094135827,0.004715873526015907,share,9,True,0.03383515114214829,12,11.214532774867989
dec1_attn,|Vag| 500hPa,24,4.240131199359894,4.235114634037018,-0.0050165653228759766,-0.006075044473012289,-0.004128260910511017,-0.1183115589355654,-0.04396376273854637,-0.05323997529140373,-0.03617891356161432,-0.0025766307635214183,share,11,True,-0.019845195552897498,12,12.485928030050529
dec1_mlp,|Vag| 500hPa,24,4.240131199359894,4.240251163641612,0.0001199642817179362,-0.001229673127333323,0.0012212569514910379,0.0028292587204859715,0.0010513331092285817,-0.01077650825546423,0.010702751265555447,6.161659201139966e-05,share,17,False,0.008379647861411274,12,11.800559690885876
dec2_attn,|Vag| 500hPa,24,4.240131199359894,4.236979365348816,-0.003151834011077881,-0.004266823828220368,-0.002038655678431194,-0.07433340769157552,-0.02762178377752476,-0.03739323986785331,-0.017866203026088878,-0.0016188591101212997,share,12,True,0.11714805455972935,12,9.483276009873602
dec2_mlp,|Vag| 500hPa,24,4.240131199359894,4.2480385303497314,0.007907330989837646,0.006739199161529541,0.008923816680908202,0.1864878848803397,0.06929761722569956,0.05906043954700045,0.07820581095449836,0.004061398780726224,share,10,True,0.22566829810848515,12,7.581154246249204
upsample,|Vag| 500hPa,24,4.240131199359894,4.268443524837494,0.028312325477600098,0.02638542652130127,0.02981566786766052,0.6677228639027546,0.2481212303162279,0.231234431663458,0.26129609875659837,0.014541903497150808,share,8,True,-0.27727188246059054,12,21.20750835280919
decoder_io,|Vag| 500hPa,24,4.240131199359894,5.127026319503784,0.8868951201438904,0.8606461187203726,0.9269458825389544,20.916690508958293,7.7724985376303355,7.542459697022611,8.123492116325536,0.4555310463434124,share,2,True,0.5972814266559285,12,3.0255300033422703
decoder_heads,|Vag| 500hPa,24,4.240131199359894,5.30584720770518,1.0657160083452861,1.0215439255038898,1.1161242326100667,25.134033789005645,9.339634335849194,8.952522667861736,9.781397787337102,0.5473778323503354,share,1,True,0.5047861085826167,12,3.9491105500741246
encoder_io,Vag/Vg 250hPa,24,0.27963046977917355,0.2868746692935626,0.007244199514389038,0.006392887607216836,0.008608215178052585,2.5906331023617852,1.4041976800934524,1.2391814898694373,1.6685950958083369,0.09558687907299636,share,3,True,0.5725322614661026,12,3.26200802877286
enc0_attn,Vag/Vg 250hPa,24,0.27963046977917355,0.27964936196804047,1.8892188866933186e-05,-5.431001385052999e-05,0.0001160213102897008,0.006756126713177037,0.003662015068213134,-0.010527318484710353,0.022489283243317816,0.0002492815623121407,share,17,False,0.5748958619643149,12,3.2391028382445577
enc0_mlp,Vag/Vg 250hPa,24,0.27963046977917355,0.2827795048554738,0.003149035076300303,0.002853211387991905,0.003545710009833177,1.126141610671799,0.6104011547294781,0.5530594241470654,0.6872916407399345,0.04155137285176321,share,5,True,0.731649300541199,12,1.859619261532452
enc1_attn,Vag/Vg 250hPa,24,0.27963046977917355,0.27445464332898456,-0.005175826450188954,-0.005404433918495973,-0.0049063248559832575,-1.8509522421774516,-1.003269371513799,-1.0475820765975195,-0.9510298504164784,-0.06829479171775035,share,4,True,0.3616147964408798,12,5.626130431847184
enc1_mlp,Vag/Vg 250hPa,24,0.27963046977917355,0.278080294529597,-0.0015501752495765686,-0.0019379937400420507,-0.0012511699150005978,-0.5543656421994193,-0.30048212847672917,-0.37565590351250727,-0.24252367546709322,-0.020454491048860123,share,8,True,0.08660537842625946,12,10.087135289868913
enc2_attn,Vag/Vg 250hPa,24,0.27963046977917355,0.27953822662432987,-9.224315484364827e-05,-0.0001735808327794075,1.5533839662869164e-06,-0.03298751917718174,-0.01788018452262025,-0.033646478429175376,0.0003011040981714895,-0.0012171441813326582,share,14,False,0.5297181982242449,12,3.689164205446541
enc2_mlp,Vag/Vg 250hPa,24,0.27963046977917355,0.27969230711460114,6.183733542760213e-05,-1.145489513874054e-05,0.0001539226621389389,0.022113947552437892,0.011986395843754282,-0.0022203884842740703,0.029835987352363102,0.0008159407940068347,share,16,False,0.6215991889656601,12,2.8002047382056485
downsample,Vag/Vg 250hPa,24,0.27963046977917355,0.28171302129824954,0.0020825515190760293,0.0018192405502001445,0.0024468356122573213,0.7447512857667611,0.4036766251334101,0.3526370795073866,0.4742885509264642,0.027479171414565053,share,6,True,0.5163480443108919,12,3.82750087622981
dec0_attn,Vag/Vg 250hPa,24,0.27963046977917355,0.2795280988017718,-0.0001023709774017334,-0.0001846104860305786,-1.2993502120176952e-05,-0.036609378614060405,-0.01984333654683126,-0.035784439079867905,-0.0025186282483249107,-0.0013507803337066441,share,13,True,0.4172521268774788,12,4.934178149993206
dec0_mlp,Vag/Vg 250hPa,24,0.27963046977917355,0.2801010509332021,0.00047058115402857464,0.00039492752403020854,0.0005475505565603574,0.1682867944971077,0.09121628462470001,0.07655177248317963,0.10613584285313234,0.006209296662083179,share,9,True,0.32647708689401467,12,6.093037744207636
dec1_attn,Vag/Vg 250hPa,24,0.27963046977917355,0.2794565086563428,-0.00017396112283070883,-0.0002566395948330561,-8.246488869190221e-05,-0.06221107555556708,-0.0337201929102218,-0.0497463830156663,-0.01598478964588539,-0.002295409006667045,share,12,True,0.5129139233762002,12,3.863427277106349
dec1_mlp,Vag/Vg 250hPa,24,0.27963046977917355,0.27969394624233246,6.347646315892537e-05,-1.634657382965088e-05,0.00014937172333399454,0.022700123920348612,0.012304120300836005,-0.003168579358351367,0.0289538446533034,0.0008375690089570139,share,15,False,0.3559843302376464,12,5.699319575318263
dec2_attn,Vag/Vg 250hPa,24,0.27963046977917355,0.279439148803552,-0.00019132097562154135,-0.00027921435733636223,-8.572085450092969e-05,-0.0684192161793488,-0.037085183751132775,-0.054122219030789724,-0.016615917988833242,-0.0025244714650030334,share,11,True,0.5292427318156323,12,3.694042221476109
dec2_mlp,Vag/Vg 250hPa,24,0.27963046977917355,0.279892161488533,0.0002616917093594869,0.00017233900725841523,0.00036956332623958585,0.09358483342897037,0.05072567237448221,0.03340576604788403,0.07163523924520356,0.0034530100568414064,share,10,True,0.6484781376821702,12,2.5588827970415258
upsample,Vag/Vg 250hPa,24,0.27963046977917355,0.2813560167948405,0.0017255470156669617,0.0016207386429111163,0.0017724583546320598,0.6170811846897944,0.3344757569803183,0.31415996175880306,0.3435689346618587,0.02276851342839338,share,7,True,-0.431257021311898,12,30.198323143012498
decoder_io,Vag/Vg 250hPa,24,0.27963046977917355,0.3144860342144966,0.03485556443532308,0.03258002332101266,0.038233460485935206,12.464866387003106,6.756316225307105,6.315230975332257,7.411079224095995,0.45991756799112016,share,2,True,0.6777308889451037,12,2.3050355442226667
decoder_heads,Vag/Vg 250hPa,24,0.27963046977917355,0.3229035958647728,0.043273126085599266,0.04141812659800053,0.04569261775662502,15.475111177895744,8.387955513800431,8.028387010491427,8.856943782926855,0.5709869064261344,share,1,True,0.3003537965554644,12,6.45651549876205
encoder_io,|Vag| 250hPa,24,7.755388657251994,7.972902417182922,0.21751375993092856,0.1947289208571116,0.25297080477078754,2.8046790372979364,1.0204916301525964,0.9135938523909154,1.1868425658382813,0.08849407180729878,share,3,True,0.48254791559651505,12,4.1883469313323385
enc0_attn,|Vag| 250hPa,24,7.755388657251994,7.755291263262431,-9.739398956298828e-05,-0.0025076280037562054,0.0029687821865081745,-0.0012558234521478952,-0.0004569354656356456,-0.0117648345106171,0.013928394111893292,-3.9624117153431066e-05,share,17,False,0.629610846900661,12,2.727442472321129
enc0_mlp,|Vag| 250hPa,24,7.755388657251994,7.851105292638143,0.0957166353861491,0.08922986686229706,0.10466636617978413,1.2341952107925027,0.44906595936252774,0.4186325146580162,0.4910546839835528,0.03894169641361849,share,5,True,0.71925620827637,12,1.9595249878789476
enc1_attn,|Vag| 250hPa,24,7.755388657251994,7.611006220181783,-0.14438243707021078,-0.15424908896287284,-0.13420721193154656,-1.8617047249488916,-0.6773873460601858,-0.7236779148834559,-0.6296490692163553,-0.05874106427961781,share,4,True,0.4821691560456451,12,4.192483767528145
enc1_mlp,|Vag| 250hPa,24,7.755388657251994,7.703055779139201,-0.05233287811279297,-0.0648543914159139,-0.04287095169226329,-0.6747937521333243,-0.245525911155506,-0.3042720774979801,-0.20113415993785225,-0.02129129428440176,share,8,True,0.19459784527117377,12,8.09044306835494
enc2_attn,|Vag| 250hPa,24,7.755388657251994,7.752656102180481,-0.002732555071512858,-0.005421379208564758,0.00039505958557128906,-0.03523427635000175,-0.01282010655461707,-0.025435044238031092,0.0018534689511830226,-0.0011117224252509155,share,14,False,0.5737387389697424,12,3.2503076944726836
enc2_mlp,|Vag| 250hPa,24,7.755388657251994,7.758097251256307,0.002708594004313151,0.0004556099573771159,0.0056900451580683365,0.034925316112692416,0.012707690362949059,0.0021375482096634784,0.02669552243886981,0.0011019740194396063,share,15,True,0.6770974100155774,12,2.310438890831678
downsample,|Vag| 250hPa,24,7.755388657251994,7.816805720329285,0.061417063077290855,0.05542053480943044,0.06953117648760478,0.7919275975919056,0.28814544348289506,0.26001201914565675,0.3262137699371099,0.024987136408662482,share,6,True,0.4707415619769728,12,4.318298619193958
dec0_attn,|Vag| 250hPa,24,7.755388657251994,7.752569794654846,-0.0028188625971476236,-0.005545851588249207,0.00018788178761800127,-0.03634714805055876,-0.013225028558436174,-0.02601902118594231,0.0008814697138386207,-0.0011468360859841886,share,13,False,0.48081496466351437,12,4.207291641905794
dec0_mlp,|Vag| 250hPa,24,7.755388657251994,7.772610227266948,0.017221570014953613,0.015075207750002543,0.019435539841651917,0.22205940638255284,0.08079704044437398,0.07072712704048872,0.09118414275125086,0.007006484803635763,share,9,True,0.3478910968113318,12,5.805592793643439
dec1_attn,|Vag| 250hPa,24,7.755388657251994,7.749531348546346,-0.005857308705647786,-0.008606547117233278,-0.0027803619702657075,-0.07552566305198218,-0.02748025923156128,-0.04037863765694422,-0.01304439829623529,-0.0023830083088063453,share,12,True,0.5524694265597897,12,3.4592416374878585
dec1_mlp,|Vag| 250hPa,24,7.755388657251994,7.75761874516805,0.002230087916056315,-0.00040874381860097253,0.005129526058832803,0.028755334060156738,0.010462722236802816,-0.0019176701551725272,0.024065780534301685,0.0009072969004018189,share,16,False,0.4687160836942153,12,4.340802872964772
dec2_attn,|Vag| 250hPa,24,7.755388657251994,7.749286929766337,-0.006101727485656738,-0.008999381462732952,-0.0026564995447794595,-0.0786772624212852,-0.028626978957846414,-0.04222166663012822,-0.012463283020864876,-0.0024824485146858863,share,11,True,0.5614295250997401,12,3.370530410885462
dec2_mlp,|Vag| 250hPa,24,7.755388657251994,7.764602581659953,0.009213924407958984,0.006415801246960958,0.012508669495582577,0.1188067396125032,0.043228220330367585,0.030100493299023166,0.05868590809446097,0.003748625780933897,share,10,True,0.6488461443820461,12,2.5556333935539572
upsample,|Vag| 250hPa,24,7.755388657251994,7.8078625202178955,0.052473862965901695,0.04894949694474538,0.05447587966918945,0.6766116475263153,0.2461873583330153,0.22965237669633026,0.25558005739619005,0.02134865306353696,share,7,True,-0.32645282521051583,12,23.632248041870497
decoder_io,|Vag| 250hPa,24,7.755388657251994,8.854109048843384,1.09872039159139,1.0492452849944434,1.1714322100083032,14.167186715574678,5.154777168364173,4.92265883157884,5.4959132975506595,0.4470073123673065,share,2,True,0.6646993499372528,12,2.4170177040704846
decoder_heads,|Vag| 250hPa,24,7.755388657251994,9.139278888702393,1.3838902314503987,1.3360228409369785,1.4320432523886364,17.84424085769493,6.492685330314416,6.268109784419283,6.718600945260516,0.5630268243916154,share,1,True,0.13131947109590886,12,9.214166831895154
encoder_io,div/vort 850hPa,24,0.4148590738574664,0.41771751393874484,0.002858440081278483,0.0024775299554069836,0.003278915211558342,0.6890147188296911,0.38566591101088704,0.3342728271853208,0.4423971768642098,0.09704976178135252,share,4,True,0.42959899262936624,12,4.787924532500123
enc0_attn,div/vort 850hPa,24,0.4148590738574664,0.41496696571509045,0.00010789185762405396,2.4633978803952535e-05,0.00018275038649638492,0.026006869422150445,0.014556964770318662,0.003323661020384234,0.024657013018162137,0.0036631445063836257,share,13,True,0.05347019133400456,12,10.781850115387611
enc0_mlp,div/vort 850hPa,24,0.4148590738574664,0.4155844772855441,0.0007254034280776978,0.0006108806778987248,0.0009066692863901456,0.17485538434358203,0.09787274386905362,0.08242112706990379,0.12232946165688043,0.024628898241179652,share,8,True,-0.26737865591590526,12,20.759078333984675
enc1_attn,div/vort 850hPa,24,0.4148590738574664,0.41247262557347614,-0.0023864482839902243,-0.0026732062300046286,-0.001977471572657427,-0.5752431209471723,-0.321983923173162,-0.36067382442860185,-0.2668040448222212,-0.081024695595921,share,5,True,-0.10380388811402978,12,14.779852848830146
enc1_mlp,div/vort 850hPa,24,0.4148590738574664,0.4107012674212456,-0.004157806436220805,-0.004667242926855881,-0.0036187393590807926,-1.0022214043820836,-0.5609787721402313,-0.6297128657984375,-0.48824686610419765,-0.14116585014709326,share,3,True,0.2610708341929151,12,7.031444823922195
enc2_attn,div/vort 850hPa,24,0.4148590738574664,0.4148842270175616,2.5153160095214844e-05,-1.3015543421109518e-05,6.175966312487918e-05,0.006063061333414812,0.0033937099001861613,-0.0017560806831951644,0.008332725565522005,0.0008540001279988343,share,16,False,0.19331411401029913,12,8.112055759857427
enc2_mlp,div/vort 850hPa,24,0.4148590738574664,0.4149969443678856,0.0001378705104192098,0.00010133453955252965,0.00016689548889795938,0.033233095069430285,0.01860173888220128,0.013672239543994704,0.022517841528673994,0.004680979769522837,share,12,True,0.005494400217376149,12,11.868854958129534
downsample,div/vort 850hPa,24,0.4148590738574664,0.4170580158631007,0.002198942005634308,0.001957607020934423,0.002520523965358734,0.5300455369549903,0.2966852366147047,0.2641238835387114,0.340073656849253,0.07465848216149051,share,6,True,0.4762160113761182,12,4.257783288522503
dec0_attn,div/vort 850hPa,24,0.4148590738574664,0.41488903760910034,2.9963751633961994e-05,8.371410270531972e-06,5.2880247433980296e-05,0.007222633786300326,0.004042763620235588,0.0011294858302527654,0.007134698724202587,0.0010173293388927663,share,15,True,-0.3123234850676099,12,22.90013033578672
dec0_mlp,div/vort 850hPa,24,0.4148590738574664,0.4152837668855985,0.0004246930281321208,0.00038261959950129193,0.00045554178456465403,0.10237043249005398,0.0573003522681116,0.0516237291027232,0.0614625223380837,0.014419178306507966,share,9,True,-0.21808277778427285,12,18.693786142721024
dec1_attn,div/vort 850hPa,24,0.4148590738574664,0.4148692563176155,1.0182460149129232e-05,-3.514029085636139e-05,4.661778608957926e-05,0.002454438335999283,0.0013738359588036395,-0.0047411916643166525,0.006289756101344232,0.00034571490173728483,share,17,False,0.17648101637612154,12,8.399819177640849
dec1_mlp,div/vort 850hPa,24,0.4148590738574664,0.4152204742034276,0.00036140034596125287,0.0003212509676814079,0.0004010784129301707,0.08711400297958038,0.04876078899735288,0.043343762188838654,0.05411422563048126,0.012270265069733648,share,10,True,-0.3551384298899156,12,25.217289899757798
dec2_attn,div/vort 850hPa,24,0.4148590738574664,0.41482588400443393,-3.3189853032430015e-05,-6.296659509340922e-05,7.114621500174194e-06,-0.00800027168836449,-0.004478035061817522,-0.008495567011882886,0.0009599176139228659,-0.001126861938248067,share,14,False,0.12483879974218935,12,9.33639060592571
dec2_mlp,div/vort 850hPa,24,0.4148590738574664,0.41515573610862094,0.0002966622511545817,0.00022384673357009888,0.00036908903469641996,0.07150916295409421,0.04002620803683228,0.0302018065708451,0.04979816080197756,0.010072277181054183,share,11,True,0.34800032285264426,12,5.804150038488933
upsample,div/vort 850hPa,24,0.4148590738574664,0.41567165901263553,0.0008125851551691691,0.0007210825259486834,0.0008855719119310379,0.19587016564770857,0.10963546033194214,0.09728975993075471,0.1194829656977731,0.027588892365712738,share,7,True,0.153565102340189,12,8.80506765618361
decoder_io,div/vort 850hPa,24,0.4148590738574664,0.43587342152992886,0.021014347672462463,0.01987959761172533,0.022283109712104003,5.0654183544946125,2.8352938347320102,2.682191302056878,3.0064775062314424,0.7134791626245427,share,1,True,0.4450296200661898,12,4.608656090316457
decoder_heads,div/vort 850hPa,24,0.4148590738574664,0.42018695424000424,0.005327880382537842,0.005036401251951854,0.005601515372594197,1.2842627095022507,0.718847267412181,0.679520375386574,0.75576659569047,0.18089220246784787,share,2,True,0.17416845885278104,12,8.439997190393917
encoder_io,div/vort 500hPa,24,0.26162326087554294,0.270238995552063,0.008615734676520029,0.008375752406815687,0.008887882344424725,3.293183735913539,1.914969358116564,1.861629891404864,1.9754580412628366,0.15690606554106756,share,5,True,-0.4417378141874394,12,30.990552844032546
enc0_attn,div/vort 500hPa,24,0.26162326087554294,0.26165145138899487,2.8190513451894123e-05,-3.515041122833888e-05,8.822046220302579e-05,0.010775232048386041,0.006265741863786671,-0.007812677961277848,0.019608250279349485,0.0005133935430223624,share,14,False,0.008030863157143128,12,11.808794826809397
enc0_mlp,div/vort 500hPa,24,0.26162326087554294,0.2624410962065061,0.0008178353309631348,0.0006467108925183614,0.0010057503978411356,0.31260038890509356,0.18177551393819097,0.14374067786789022,0.2235423055712341,0.014894066363442522,share,8,True,-0.24643855040490353,12,19.84876298130123
enc1_attn,div/vort 500hPa,24,0.26162326087554294,0.24798467382788658,-0.013638587047656378,-0.013950984925031662,-0.013294768147170543,-5.21306362515847,-3.0313696120940086,-3.100804475767869,-2.954950979917926,-0.24838009914802553,share,2,True,-0.5062452520963775,12,36.60712753021391
enc1_mlp,div/vort 500hPa,24,0.26162326087554294,0.2526646616558234,-0.008958599219719568,-0.009541383571922779,-0.008603401482105255,-3.4242365108281687,-1.9911758708357958,-2.120707967489186,-1.9122281305511017,-0.16315016758306594,share,4,True,-0.26400865837997617,12,20.609079268748616
enc2_attn,div/vort 500hPa,24,0.26162326087554294,0.26162456969420117,1.3088186581929524e-06,-2.2300022343794505e-05,2.6354752480983725e-05,0.0005002684600034749,0.00029090352939966307,-0.004956496581778405,0.0058577179238549874,2.383564418754163e-05,share,17,False,-0.18083826186881632,12,17.298243414973257
enc2_mlp,div/vort 500hPa,24,0.26162326087554294,0.26173219581445056,0.00010893493890762329,4.3709203600883485e-05,0.0001759681850671768,0.04163809385414122,0.024212336831228504,0.009714991083868653,0.039111427528677675,0.0019838763965809077,share,11,True,0.6097638029486078,12,2.909019544382318
downsample,div/vort 500hPa,24,0.26162326087554294,0.2643299276630084,0.0027066667874654136,0.0023331418633461,0.0032044495766361553,1.0345665665993686,0.6015951227877875,0.5185739050928373,0.7122344152044372,0.04929265492695232,share,6,True,0.5410705007174323,12,3.5735899096290553
dec0_attn,div/vort 500hPa,24,0.26162326087554294,0.26161472251017887,-8.538365364074707e-06,-4.8438707987467446e-05,3.172345459461204e-05,-0.003263610940212423,-0.0018977729299355628,-0.010766190583322633,0.0070509881934782866,-0.00015549704879842149,share,16,False,-0.04330963480533247,12,13.086486571981391
dec0_mlp,div/vort 500hPa,24,0.26162326087554294,0.26211252560218173,0.0004892647266387939,0.0004264529794454574,0.0005277746667464574,0.18701117209587206,0.10874603207941408,0.09478522946407789,0.11730541303273587,0.008910279407063475,share,9,True,-0.059004296930588514,12,13.504898610817216
dec1_attn,div/vort 500hPa,24,0.26162326087554294,0.2615218212207158,-0.00010143965482711792,-0.00012884810566902158,-8.391973872979482e-05,-0.038773178840307274,-0.02254640352624144,-0.028638320871227432,-0.01865235342572255,-0.0018473754968503565,share,12,True,-0.16714878956769894,12,16.816671812895034
dec1_mlp,div/vort 500hPa,24,0.26162326087554294,0.2618236541748047,0.0002003932992617289,0.0001519411181410154,0.0002633010347684224,0.0765961323894125,0.04454025594635562,0.03377107076787741,0.05852239332717813,0.003649476838422289,share,10,True,-0.05884545318072123,12,13.500594010952058
dec2_attn,div/vort 500hPa,24,0.26162326087554294,0.2615852082769076,-3.805259863535563e-05,-7.379278540611267e-05,-9.667128324510124e-08,-0.014544807104693061,-0.008457730317764017,-0.016401494266981495,-2.1486565240765828e-05,-0.000692997609566438,share,13,True,-0.18341921781708614,12,17.390845980776472
dec2_mlp,div/vort 500hPa,24,0.26162326087554294,0.2616361230611801,1.2862185637156168e-05,-2.529670794804891e-05,4.47909037272135e-05,0.004916300482652745,0.0028588033752577893,-0.005622552504286695,0.009955414294931306,0.00023424060957737779,share,15,False,-0.12916188994332867,12,15.55965744131037
upsample,div/vort 500hPa,24,0.26162326087554294,0.26301869998375577,0.0013954391082127888,0.0013009880979855855,0.001486077904701233,0.5333773088611622,0.31015615425431475,0.28916307621522824,0.3303019136641252,0.025413138680849174,share,7,True,0.1458295772376509,12,8.945523205867008
decoder_io,div/vort 500hPa,24,0.26162326087554294,0.31187697251637775,0.05025371164083481,0.04774033681799968,0.05385876465588808,19.208426449795322,11.16960091471784,10.610967675429773,11.970875131880847,0.9151990478406424,share,1,True,0.6630445384721619,12,2.431363348842591
decoder_heads,div/vort 500hPa,24,0.26162326087554294,0.2727481996019681,0.011124938726425171,0.010874070537587007,0.01158300538857778,4.252274315821416,2.4726755839042798,2.4169165671067336,2.5744874032013056,0.20260261376269303,share,3,True,-0.40453098490766104,12,28.30436410915241
encoder_io,div/vort 250hPa,24,0.26181501025954884,0.2688598409295082,0.007044830669959386,0.006441760435700416,0.007972452758500972,2.6907665312907505,1.2987355056614198,1.1875577127047312,1.4697453991088238,0.1837754823309251,share,5,True,0.4441200851898435,12,4.619116544483881
enc0_attn,div/vort 250hPa,24,0.26181501025954884,0.2617628102501233,-5.220000942548116e-05,-0.00012819236144423485,4.214424019058543e-05,-0.01993774511771994,-0.009623227131039616,-0.023632643446229156,0.007769416137712767,-0.0013617193030278957,share,14,False,-0.09755133440740126,12,14.594310474424875
enc0_mlp,div/vort 250hPa,24,0.26181501025954884,0.26215020194649696,0.00033519168694814044,0.0002358350281914075,0.0004862054872016112,0.1280261535103927,0.06179358531616874,0.04347688950096633,0.08963342894369125,0.008744002067343671,share,8,True,-0.1141381760695147,12,15.092261289141307
enc1_attn,div/vort 250hPa,24,0.26181501025954884,0.2443416677415371,-0.01747334251801173,-0.01891174716874957,-0.01594544254864256,-6.673926945857547,-3.221262709335777,-3.4864368886652732,-2.939589801599277,-0.45581960725815146,share,2,True,0.31283015165625266,12,6.281115778550527
enc1_mlp,div/vort 250hPa,24,0.26181501025954884,0.2513295536239942,-0.010485456635554632,-0.01141131337111195,-0.009400785341858864,-4.0049104232640955,-1.9330251447685176,-2.103709590138018,-1.7330627628334354,-0.2735296192250652,share,4,True,0.48741816189164316,12,4.135341503076507
enc2_attn,div/vort 250hPa,24,0.26181501025954884,0.261779756595691,-3.5253663857777916e-05,-5.7484737286965055e-05,2.4257227778434384e-06,-0.013465104167568312,-0.006499117878302797,-0.010597482444334016,0.0004471892151944489,-0.0009196472396451211,share,17,False,-0.26650982019921343,12,20.7202744643675
enc2_mlp,div/vort 250hPa,24,0.26181501025954884,0.2618580721318722,4.306187232335409e-05,-6.001008053620656e-06,8.864651123682656e-05,0.016447442138884605,0.007938584353074478,-0.0011063036989989437,0.01634224823702461,0.001123336631786316,share,15,False,0.018521542883181894,12,11.563566394542772
downsample,div/vort 250hPa,24,0.26181501025954884,0.26326104750235874,0.0014460372428099315,0.0010680245856444042,0.0018465957914789517,0.552312581840289,0.26658127039933927,0.19689351175046912,0.3404254312634163,0.03772215461459889,share,7,True,0.0023309289228084806,12,11.944187800123535
dec0_attn,div/vort 250hPa,24,0.26181501025954884,0.26175280660390854,-6.220365564028422e-05,-0.00010262656336029371,-1.0651691506306345e-05,-0.02375862849827402,-0.011467429090448117,-0.018919512463000502,-0.001963671038053775,-0.001622680140033218,share,11,True,0.07772631461077702,12,10.26910457194102
dec0_mlp,div/vort 250hPa,24,0.26181501025954884,0.2621111484865348,0.0002961382269859314,0.0002416590539117654,0.00034411428496241566,0.11310972074991286,0.054593963714456066,0.04455056597997214,0.0634384928216532,0.007725231173126022,share,9,True,-0.029663083923999887,12,12.733677140775955
dec1_attn,div/vort 250hPa,24,0.26181501025954884,0.261639470855395,-0.00017553940415382385,-0.00021345034862558048,-0.00015433734903732936,-0.06704711237900525,-0.03236121171646771,-0.03935020718637766,-0.028452549739651098,-0.004579221301090287,share,10,True,-0.45918565760358,12,32.37752130177025
dec1_mlp,div/vort 250hPa,24,0.26181501025954884,0.2618577828009923,4.2772541443506874e-05,-2.4407667418320973e-05,0.00010994561016559598,0.016336932478051795,0.007885245344069737,-0.004499626147399168,0.020268800529522426,0.00111578898096429,share,16,False,-0.45473701056460003,12,32.015457614042596
dec2_attn,div/vort 250hPa,24,0.26181501025954884,0.2617535690466563,-6.144121289253235e-05,-0.00010153008624911309,-7.112044841051228e-06,-0.023467414198912028,-0.011326870500195284,-0.01871737364346752,-0.0013111266381910934,-0.001602790622416377,share,12,True,0.1391632905501977,12,9.068094626195673
dec2_mlp,div/vort 250hPa,24,0.26181501025954884,0.2618752953906854,6.028513113657633e-05,2.188698078195254e-05,9.029501428206761e-05,0.023025849845970635,0.011113743386961753,0.004034930062189101,0.01664615468081964,0.0015726324124794413,share,13,True,0.0805885781625023,12,10.210118156913191
upsample,div/vort 250hPa,24,0.26181501025954884,0.26344408839941025,0.0016290781398614247,0.0015209699980914591,0.0017203584313392637,0.6222248824643198,0.3003254046625779,0.280395346901723,0.31715319812749543,0.042497064150092,share,6,True,0.35572673338891375,12,5.70268256052393
decoder_io,div/vort 250hPa,24,0.26181501025954884,0.30313323934872943,0.041318229089180626,0.039996797839800514,0.0429008108874162,15.78145922505361,7.617138532228305,7.373528747655531,7.908892197897871,1.077850957057511,share,1,True,0.316319898254047,12,6.232650005392574
decoder_heads,div/vort 250hPa,24,0.26181501025954884,0.27441756054759026,0.012602550288041433,0.012007424297432104,0.013260758171478907,4.813532377516464,2.323317661949896,2.213604413959123,2.444660244671111,0.32875733517068423,share,3,True,0.13636773917456674,12,9.11992374707248
encoder_io,Hyps 600-500,24,26.982035795847576,27.20102866490682,0.21899286905924478,0.1598455627759298,0.2923997759819031,0.8116247073282249,0.6676972530862878,0.487360358545038,0.8915108882990397,0.034368533842473147,share,4,True,0.44193887799352133,12,4.6442561236689475
enc0_attn,Hyps 600-500,24,26.982035795847576,26.94922685623169,-0.032808939615885414,-0.036433990796407065,-0.02734892765680949,-0.1215954936244454,-0.10003265837973091,-0.11108524071233966,-0.08338538122155545,-0.005149003966970103,share,16,True,-0.0746434253295582,12,13.935947997719047
enc0_mlp,Hyps 600-500,24,26.982035795847576,27.01138687133789,0.029351075490315754,0.02544119358062744,0.03554466168085734,0.10878006282547724,0.08948982021286862,0.07756880460078311,0.1083737249899644,0.004606330040038883,share,17,True,0.11008764358541492,12,9.619914552407444
enc1_attn,Hyps 600-500,24,26.982035795847576,26.70616912841797,-0.27586666742960614,-0.29376287062962847,-0.25571151574452716,-1.0224086481719843,-0.8411023466293124,-0.8956668891583035,-0.7796503939996402,-0.04329425399235143,share,3,True,-0.27326403925469384,12,21.024373770339825
enc1_mlp,Hyps 600-500,24,26.982035795847576,26.78531281153361,-0.19672298431396484,-0.2291294733683268,-0.15674161911010742,-0.7290887381605198,-0.5997975952807684,-0.69860320395981,-0.47789660445885584,-0.030873519183666747,share,5,True,0.2560766057373854,12,7.1071148768913615
enc2_attn,Hyps 600-500,24,26.982035795847576,26.903384526570637,-0.07865126927693684,-0.08032958507537842,-0.07583926518758138,-0.29149494082667016,-0.23980340854730559,-0.24492050141541902,-0.23122976222632832,-0.01234345584634807,share,11,True,0.19570284361980278,12,8.071876660712595
enc2_mlp,Hyps 600-500,24,26.982035795847576,26.906090418497723,-0.07594537734985352,-0.07812968492507935,-0.07344683011372885,-0.28146644650712827,-0.23155329239227623,-0.23821312645052267,-0.2239353588338303,-0.011918795725360844,share,12,True,-0.34698708935368977,12,24.752718987204005
downsample,Hyps 600-500,24,26.982035795847576,26.900719165802002,-0.08131663004557292,-0.0922413984934489,-0.0670692761739095,-0.3013732198001428,-0.24792994742205227,-0.28123896754944805,-0.20449054647386705,-0.012761755045645225,share,10,True,0.06414886111880216,12,10.553235620406898
dec0_attn,Hyps 600-500,24,26.982035795847576,26.898667971293133,-0.08336782455444336,-0.08525932629903157,-0.08014960686365763,-0.3089752944708246,-0.25418392703792714,-0.2599510121694882,-0.24437175771386568,-0.013083667572744623,share,7,True,-0.043619103962484605,12,13.094604147193847
dec0_mlp,Hyps 600-500,24,26.982035795847576,26.91565481821696,-0.06638097763061523,-0.06936810413996378,-0.06312299569447835,-0.24601915931351256,-0.20239196194627435,-0.21149954692601025,-0.19245855361791986,-0.010417767875250103,share,14,True,0.15689299262664486,12,8.745220303832658
dec1_attn,Hyps 600-500,24,26.982035795847576,26.899935086568195,-0.08210070927937825,-0.08600759506225586,-0.07868186632792155,-0.3042791503968474,-0.2503205620245405,-0.26223244261022083,-0.2398966972784994,-0.012884807699359391,share,9,True,0.37566866236050117,12,5.446061436638784
dec1_mlp,Hyps 600-500,24,26.982035795847576,26.910212516784668,-0.0718232790629069,-0.07491310834884643,-0.06858871380488078,-0.26618925127198967,-0.21898524067913414,-0.22840596079477068,-0.20912322851869203,-0.011271877517085312,share,13,True,0.3637804241841702,12,5.598140854937911
dec2_attn,Hyps 600-500,24,26.982035795847576,26.88730239868164,-0.09473339716593425,-0.09596130847930909,-0.09237935145696004,-0.35109803382780086,-0.2888369348963346,-0.29258076917959686,-0.2816595785729357,-0.014867369793803863,share,6,True,0.005226989836204201,12,11.875204548487757
dec2_mlp,Hyps 600-500,24,26.982035795847576,26.924681027730305,-0.05735476811726888,-0.06322910388310751,-0.05062885681788127,-0.21256649628378133,-0.1748715439357124,-0.19278207166844818,-0.15436460908255875,-0.009001203087267106,share,15,True,0.25984464544224345,12,7.0499678566124135
upsample,Hyps 600-500,24,26.982035795847576,26.899341265360516,-0.08269453048706055,-0.0883954127629598,-0.07777677377065023,-0.3064799524867093,-0.25213109033487824,-0.2695127678851023,-0.2371371196864299,-0.012978001438316645,share,8,True,-0.029128886840442503,12,12.720068065364025
decoder_io,Hyps 600-500,24,26.982035795847576,34.58093420664469,7.598898410797119,7.439302186171213,7.7211103439331055,28.16280605471051,23.168624700735684,22.682024560541937,23.54124218549583,1.192563932875563,share,1,True,0.03712594595108284,12,11.140873192591004
decoder_heads,Hyps 600-500,24,26.982035795847576,27.704072793324787,0.7220369974772135,0.6992032607396443,0.7429011066754659,2.675991548378021,2.2014512249336384,2.1318324133126727,2.2650647501575887,0.11331580379724573,share,2,True,0.1557752746111523,12,8.765282427481011
encoder_io,|DryAir Md err|,24,62122406969344.0,65191876930218.664,3069469960874.6665,1649267441664.0,4947802324992.0,4.941002949852507,0.11651440987130983,0.06260475754279335,0.18781427262838002,-0.1148735533647664,share,9,True,0.1414231254749413,12,9.026383174086913
enc0_attn,|DryAir Md err|,24,62122406969344.0,53876069761024.0,-8246337208320.0,-8796093022208.0,-7834020347904.0,-13.274336283185841,-0.3130237877139667,-0.33389204022823116,-0.2973725983282684,0.30861551650235747,share,5,True,0.151396822691224,12,8.844247202196946
enc0_mlp,|DryAir Md err|,24,62122406969344.0,61160334295040.0,-962072674304.0,-1695080426154.6667,-273732582331.7396,-1.5486725663716814,-0.036519441899962785,-0.06434377858564871,-0.010390650731061078,0.03600514359194171,share,15,True,0.15693816832617963,12,8.74441025203829
enc1_attn,|DryAir Md err|,24,62122406969344.0,37978964142762.664,-24143442826581.332,-26205027128661.332,-22493030060305.07,-38.86430678466076,-0.9164640895847803,-0.994720036513272,-0.8538158565159157,0.9035576510930133,share,2,True,0.588508509188364,12,3.108512079839354
enc1_mlp,|DryAir Md err|,24,62122406969344.0,42468636622848.0,-19653770346496.0,-23181370152277.332,-16859178292565.334,-31.63716814159292,-0.746040027384954,-0.8799446476848175,-0.6399597437707765,0.735533647663952,share,3,True,0.6313672922252012,12,2.711585866885784
enc2_attn,|DryAir Md err|,24,62122406969344.0,62947040690176.0,824633720832.0,687194767360.0,962072674304.0,1.3274336283185841,0.031302378771396674,0.02608531564283056,0.036519441899962785,-0.030861551650235748,share,16,True,-0.2666666666666667,12,20.727272727272727
enc2_mlp,|DryAir Md err|,24,62122406969344.0,63267731581610.664,1145324612266.6667,870446705322.6666,1420202519210.6667,1.8436578171091447,0.04347552607138427,0.03304139981425204,0.053909652328516494,-0.042863266180882986,share,13,True,-0.010204081632653074,12,12.247422680412372
downsample,|DryAir Md err|,24,62122406969344.0,54059321698986.664,-8063085270357.333,-9208409882624.0,-7009386627072.0,-12.979351032448376,-0.3060677035425452,-0.34954322961392953,-0.2660702195568717,0.3017573939134162,share,6,True,-0.23913567857278797,12,19.543074532633288
dec0_attn,|DryAir Md err|,24,62122406969344.0,62672162783232.0,549755813888.0,183251937962.66666,824633720832.0,0.8849557522123894,0.020868252514264447,0.0069560841714214824,0.031302378771396674,-0.020574367766823833,share,17,True,0.21189138534559038,12,7.803754932341576
dec0_mlp,|DryAir Md err|,24,62122406969344.0,65054437976746.664,2932031007402.6665,2657153100458.6665,3252721898837.3335,4.719764011799409,0.11129734674274372,0.1008632204856115,0.12347049404273132,-0.10972996142306043,share,10,True,0.40540540540540515,12,5.07692307692308
dec1_attn,|DryAir Md err|,24,62122406969344.0,63221918597120.0,1099511627776.0,824633720832.0,1374389534720.0,1.7699115044247788,0.041736505028528895,0.031302378771396674,0.05217063128566112,-0.041148735533647667,share,14,True,0.33333333333333337,12,5.999999999999999
dec1_mlp,|DryAir Md err|,24,62122406969344.0,66062323635541.336,3939916666197.3335,3573412790272.0,4306420542122.6665,6.342182890855458,0.1495558096855619,0.13564364134271892,0.16346797802840485,-0.14744963566223748,share,8,True,0.2680313340262674,12,6.926977083283052
dec2_attn,|DryAir Md err|,24,62122406969344.0,67116022278826.664,4993615309482.667,4856176356010.667,5176867247445.333,8.03834808259587,0.1895532936712354,0.18433623054266932,0.19650937784265687,-0.18688384054864982,share,7,True,-0.031249999999999993,12,12.774193548387096
dec2_mlp,|DryAir Md err|,24,62122406969344.0,59785944760320.0,-2336462209024.0,-2611340115968.0,-2107397286570.6667,-3.7610619469026547,-0.0886900731856239,-0.09912419944275613,-0.07999496797134706,0.08744106300900129,share,11,True,0.02222222222222222,12,11.478260869565217
upsample,|DryAir Md err|,24,62122406969344.0,59785944760320.0,-2336462209024.0,-2748779069440.0,-1832519379626.6667,-3.7610619469026547,-0.0886900731856239,-0.10434126257132224,-0.06956084171421482,0.08744106300900129,share,12,True,0.23820766037950522,12,7.3828553706767615
decoder_io,|DryAir Md err|,24,62122406969344.0,23502061043712.0,-38620345925632.0,-46776202489582.93,-30740512593237.332,-62.16814159292036,-1.4659947391270776,-1.7755839602814047,-1.1668831197559537,1.4453493356193743,share,1,True,-0.06362177559108333,12,13.630668649038544
decoder_heads,|DryAir Md err|,24,62122406969344.0,72384515495253.33,10262108525909.334,9254222867114.666,11728124029610.666,16.519174041297937,0.3895407135996031,0.35128225065678487,0.4451893869709749,-0.38405486498071156,share,4,True,0.48152160479320066,12,4.1995612634687545
encoder_io,neg-q fraction,24,0.0002520761568121088,0.0002774933696703859,2.54172128582771e-05,1.0193782685519182e-05,4.218477753662834e-05,10.0831483547341,0.11315952370575574,0.0453835595541187,0.18781010177217775,0.009851408852709432,share,3,True,-0.3962821533296074,12,27.75366991776724
enc0_attn,neg-q fraction,24,0.0002520761568121088,0.00023545079905791985,-1.662535775418898e-05,-3.168060646506395e-05,-6.0700489598275535e-06,-6.595371003922874,-0.07401746113516801,-0.1410446675756851,-0.027024357587697532,-0.00644379057107132,share,4,True,0.3628450844158081,12,5.61021870676354
enc0_mlp,neg-q fraction,24,0.0002520761568121088,0.00024485473303078226,-7.221423781326545e-06,-1.6922427895830576e-05,-6.420750992219888e-07,-2.8647785941568493,-0.032150373061309814,-0.07534004185724814,-0.0028585711901777393,-0.0027989378129380403,share,17,True,0.6425598240547307,12,2.6113399637128296
enc1_attn,neg-q fraction,24,0.0002520761568121088,0.00023645857656144167,-1.5617580250667135e-05,-3.0771771311795724e-05,-5.229504762382936e-06,-6.195580116808939,-0.06953075274051528,-0.13699845866818922,-0.023282185636476084,-0.006053188018576134,share,5,True,0.6690688638320499,12,2.3792748879743053
enc1_mlp,neg-q fraction,24,0.0002520761568121088,0.00024462596646420326,-7.450190347905543e-06,-1.8524237073809976e-05,6.003438613788569e-07,-2.955531551307618,-0.03316886064522483,-0.08247142816062994,0.002672780284451323,-0.0028876050083448085,share,16,False,0.3095146733701603,12,6.327400592032865
enc2_attn,neg-q fraction,24,0.0002520761568121088,0.0002388080133641779,-1.3268143447930925e-05,-2.647616216222559e-05,-4.023876518507077e-06,-5.263545595000745,-0.05907086671537126,-0.11787405316779824,-0.017914629460907015,-0.005142574307843503,share,11,True,0.47782542445121,12,4.240077889384256
enc2_mlp,neg-q fraction,24,0.0002520761568121088,0.00023736125778365627,-1.471489902845254e-05,-2.96587155086551e-05,-4.476296051810398e-06,-5.837481503425433,-0.06551194164059293,-0.13204304261830144,-0.01992883846128969,-0.005703319532472492,share,6,True,0.45944154837890616,12,4.444646259837069
downsample,neg-q fraction,24,0.0002520761568121088,0.00024332141917208597,-8.754737640022844e-06,-1.8721443213583675e-05,-2.0339635530793515e-06,-3.4730526483503965,-0.03897681256547458,-0.0833494061267064,-0.00905537315144189,-0.003393231994828394,share,14,True,0.039411156150295834,12,11.089996540819952
dec0_attn,neg-q fraction,24,0.0002520761568121088,0.00023869054318007935,-1.3385613632029466e-05,-2.7102623649473873e-05,-4.036547195103902e-06,-5.3101466641316515,-0.059593853643809785,-0.12066311127233112,-0.01797104035602447,-0.005188104351519434,share,10,True,0.5170638621171111,12,3.820032761512909
dec0_mlp,neg-q fraction,24,0.0002520761568121088,0.00023922225742959805,-1.2853899382510766e-05,-2.664989704044274e-05,-3.363404933528121e-06,-5.099212692333983,-0.057226618040182,-0.11864753514553317,-0.014974155601946287,-0.00498201824388728,share,12,True,0.4773789268471439,12,4.244986011285611
dec1_attn,neg-q fraction,24,0.0002520761568121088,0.00023826393870270598,-1.3812218109402844e-05,-2.7612537724053255e-05,-4.241198409242013e-06,-5.479383010309111,-0.061493131890385654,-0.12293329070278246,-0.01888216440596655,-0.005353451163871953,share,8,True,0.49188768928232995,12,4.087001838285266
dec1_mlp,neg-q fraction,24,0.0002520761568121088,0.00023945720560429132,-1.2618951207817494e-05,-2.5584748853664982e-05,-3.690316441407053e-06,-5.00600745719213,-0.05618060942814138,-0.11390540774691207,-0.016429592542722568,-0.004890955130830511,share,13,True,0.47157181006720206,12,4.309091976220987
dec2_attn,neg-q fraction,24,0.0002520761568121088,0.0002382330249020015,-1.3843131910107331e-05,-2.8657421847810837e-05,-3.956790322945381e-06,-5.4916466853410695,-0.06163076267560038,-0.1275852008249267,-0.01761595619648099,-0.005365432984680913,share,7,True,0.5428907338685294,12,3.555216888122846
dec2_mlp,neg-q fraction,24,0.0002520761568121088,0.0002435378122148298,-8.538344597279016e-06,-1.6878996507330155e-05,-2.6814507407380106e-06,-3.3872083362661236,-0.038013412928123845,-0.07514668174085808,-0.01193803940480228,-0.0033093606298271344,share,15,True,0.4831201014412516,12,4.1821014877200575
upsample,neg-q fraction,24,0.0002520761568121088,0.00023827630252526433,-1.3799854286844493e-05,-2.8861298504049655e-05,-4.171795874678243e-06,-5.47447821379257,-0.06143808713470428,-0.12849287647934818,-0.018573178609648168,-0.005348659093565747,share,9,True,0.48797881755969785,12,4.129261866348522
decoder_io,neg-q fraction,24,0.0002520761568121088,0.0023656677925221934,0.0021135916357100846,0.0011936954201094826,0.0033322287859846255,838.4734448667044,9.409883929407147,5.314430261984566,14.835356827010841,0.8192029341354912,share,1,True,0.5738633905748713,12,3.249099854361394
decoder_heads,neg-q fraction,24,0.0002520761568121088,0.001104909818801995,0.0008528336619898861,0.00038055733674961323,0.0014956408621401348,338.3238116509237,3.796885658908262,1.6942725864332315,6.658716222676976,0.33054816570416323,share,2,True,0.6866070158390243,12,2.2297522627468096
encoder_io,|neg-q mass|,24,3984658786.6666665,5359408128.0,1374749341.3333333,461625394.6666667,2112721764.8,34.50105554667501,0.5380540384637532,0.1806725054451943,0.8268841770081488,0.015023688711545163,share,3,True,-0.0657973712251364,12,13.690358023798533
enc0_attn,|neg-q mass|,24,3984658786.6666665,3824637624.0,-160021162.66666666,-263646551.46666667,-92015242.66666667,-4.015931381681267,-0.06262962288744145,-0.10318687740275567,-0.03601323632496133,-0.0017487610743874595,share,5,True,-0.13049219653009855,12,15.60182243819365
enc0_mlp,|neg-q mass|,24,3984658786.6666665,3962010344.0,-22648442.666666668,-224891445.33333334,174636501.33333334,-0.5683910186350746,-0.008864223953652389,-0.08801877312426427,0.06834982347723662,-0.0002475092310975509,share,14,False,0.22698822402776875,12,7.560089925897154
enc1_attn,|neg-q mass|,24,3984658786.6666665,3351345306.6666665,-633313480.0,-928519960.0,-391480890.40000015,-15.893794523113813,-0.24786836791428632,-0.363407276695008,-0.15321911255241186,-0.006921046836885421,share,4,True,-0.32421484150816343,12,23.514245464581208
enc1_mlp,|neg-q mass|,24,3984658786.6666665,4009157349.3333335,24498562.666666668,-634479281.5999999,431302994.199999,0.6148220959004809,0.009588330165390657,-0.2483246432803244,0.1688048219799437,0.0002677279183325967,share,13,False,0.45706920503687115,12,4.471420792530358
enc2_attn,|neg-q mass|,24,3984658786.6666665,3923075824.0,-61582962.666666664,-177731641.33333334,13618285.599999994,-1.5455015338511175,-0.02410254783699392,-0.069561209819852,0.005329970594440254,-0.0006729977845571301,share,11,False,0.07242180716307982,12,10.379253983549773
enc2_mlp,|neg-q mass|,24,3984658786.6666665,3891450029.3333335,-93208757.33333333,-253707445.33333334,20044287.19999993,-2.3391904382183335,-0.036480358124592736,-0.09929687648915408,0.007845000795292092,-0.001018614312633749,share,7,False,0.2101589838974883,12,7.832104970790369
downsample,|neg-q mass|,24,3984658786.6666665,3988788938.6666665,4130152.0,-116684882.66666666,129998178.2,0.10365133430797584,0.0016164728334503878,-0.04566852331464137,0.05087912586712122,4.5135586622056426e-05,share,15,False,-0.3232938795511506,12,23.465912417167363
dec0_attn,|neg-q mass|,24,3984658786.6666665,3911266042.6666665,-73392744.0,-198721883.26666665,10244365.866666619,-1.8418827791625314,-0.02872469992590562,-0.07777644157228737,0.004009474498612406,-0.0008020587509230682,share,9,False,0.09008258644565162,12,10.016680477627805
dec0_mlp,|neg-q mass|,24,3984658786.6666665,3982482749.3333335,-2176037.3333333335,-151725631.3333333,104601049.86666667,-0.054610380708499245,-0.0008516648379786408,-0.05938288982789065,0.04093911203748821,-2.3780413299921006e-05,share,16,False,0.17346187358910667,12,8.452304876846569
dec1_attn,|neg-q mass|,24,3984658786.6666665,3904563152.0,-80095634.66666667,-229735180.33333334,21571249.866666622,-2.0101002107051182,-0.0313480999044669,-0.08991453048136222,0.008442628598907957,-0.0008753100264944048,share,8,False,-0.019360699480265527,12,12.473830476996085
dec1_mlp,|neg-q mass|,24,3984658786.6666665,3917533088.0,-67125698.66666667,-205669624.33333334,35199003.46666655,-1.6846034318240866,-0.026271882565349552,-0.08049567192703323,0.013776304811152834,-0.0007335705288171939,share,10,False,-0.19430542765323572,12,17.787962863017274
dec2_attn,|neg-q mass|,24,3984658786.6666665,3927300976.0,-57357810.666666664,-201604187.73333332,41293831.99999991,-1.439466055628037,-0.022448893582816695,-0.07890452762531869,0.0161617193791086,-0.0006268240083650299,share,12,False,-0.0895493714031144,12,14.360572716597382
dec2_mlp,|neg-q mass|,24,3984658786.6666665,3982653653.3333335,-2005133.3333333333,-65852317.6,52006504.0,-0.050321330901477536,-0.0007847758534744372,-0.02577350238445143,0.02035448111322027,-2.1912721191723548e-05,share,17,False,-0.2335203011493829,12,19.31198391293267
upsample,|neg-q mass|,24,3984658786.6666665,3824652168.0,-160006618.66666666,-326709450.1333333,-60334603.60000006,-4.01556638179599,-0.06262393060761985,-0.12786864758780003,-0.023613960850931894,-0.0017486021330284413,share,6,True,-0.30915620171697683,12,22.740125133420886
decoder_io,|neg-q mass|,24,3984658786.6666665,61973567658.666664,57988908872.0,35406078382.73333,88170625082.66666,1455.3042550604475,22.695894929053015,13.857350490902869,34.508516915229755,0.6337208459908237,share,1,True,0.502005945787333,12,3.9786318205414926
decoder_heads,|neg-q mass|,24,3984658786.6666665,19836978794.666668,15852320008.0,6870552125.333333,29126568442.333336,397.8338135512257,6.204334523304235,2.6890198862913897,11.399654690351642,0.17323908729791113,share,2,True,0.2415003823455216,12,7.331447932909753
encoder_io,DKEpert<1000km 500hPa,24,0.0,0.02348937653005123,0.0234893752882878,0.02246138038656985,0.025344842299818992,nan,nan,nan,nan,0.17908265044922544,share,3,True,0.15589047709326076,12,8.7632128437923
enc0_attn,DKEpert<1000km 500hPa,24,0.0,0.0006108030793257058,0.000610803093877621,0.0005889140056145455,0.0006430220312419503,nan,nan,nan,nan,0.004656753771086124,share,10,True,0.028150540831494503,12,11.342885158228404
enc0_mlp,DKEpert<1000km 500hPa,24,0.0,0.0025696440134197474,0.0025696438970044255,0.0024439533158632305,0.002786141947338668,nan,nan,nan,nan,0.01959092713784014,share,7,True,0.33776800849589167,12,5.940330346951712
enc1_attn,DKEpert<1000km 500hPa,24,0.0,0.022362036630511284,0.022362036475290854,0.021508268585118152,0.023448236674691238,nan,nan,nan,nan,0.17048783598064138,share,4,True,-0.1298938369634114,12,15.582841059580891
enc1_mlp,DKEpert<1000km 500hPa,24,0.0,0.045372769236564636,0.0453727695470055,0.043430155143141747,0.04800545995434125,nan,nan,nan,nan,0.3459213252363994,share,1,True,0.3270010112905187,12,6.085894280261186
enc2_attn,DKEpert<1000km 500hPa,24,0.0,0.00017136054520960897,0.00017136054642226858,0.00016491895815609798,0.0001814549899184688,nan,nan,nan,nan,0.0013064502763097663,share,17,True,0.0447940026755371,12,10.971035379740066
enc2_mlp,DKEpert<1000km 500hPa,24,0.0,0.0003353734500706196,0.00033537344036934275,0.00032196827911927056,0.0003475124040051014,nan,nan,nan,nan,0.002556882158614234,share,13,True,-0.21174838084931769,12,18.447130607685
downsample,DKEpert<1000km 500hPa,24,0.0,0.013202455826103687,0.013202456136544546,0.012462943883535142,0.014200835028896106,nan,nan,nan,nan,0.10065533069118844,share,5,True,0.6325468462080438,12,2.7009563956742695
dec0_attn,DKEpert<1000km 500hPa,24,0.0,0.00019077125762123615,0.00019077125398325734,0.00018383195438218536,0.00020159791674814186,nan,nan,nan,nan,0.0014544372242151003,share,16,True,0.08856810010708122,12,10.047311507327052
dec0_mlp,DKEpert<1000km 500hPa,24,0.0,0.000536557228770107,0.0005365572384713838,0.0005020620055802283,0.000562118455733677,nan,nan,nan,nan,0.00409070446548162,share,11,True,-0.16700959033209872,12,16.811856320852936
dec1_attn,DKEpert<1000km 500hPa,24,0.0,0.0003177606558892876,0.0003177606680158836,0.0003072338877245784,0.0003338683109783839,nan,nan,nan,nan,0.0024226026421900995,share,14,True,0.009656064935473272,12,11.770470790500159
dec1_mlp,DKEpert<1000km 500hPa,24,0.0,0.0009048021747730672,0.0009048021020134911,0.0008743236140920392,0.0009545893893421938,nan,nan,nan,nan,0.00689819786911913,share,9,True,0.22267778807792815,12,7.629047189716629
dec2_attn,DKEpert<1000km 500hPa,24,0.0,0.00025859245215542614,0.0002585924303275533,0.0002477140267122498,0.00027413183355141273,nan,nan,nan,nan,0.0019715048714920727,share,15,True,0.18403000572193073,12,8.26975658050713
dec2_mlp,DKEpert<1000km 500hPa,24,0.0,0.0003554087597876787,0.0003554087646383171,0.00033768327096671177,0.000382044687285088,nan,nan,nan,nan,0.002709631175080698,share,12,True,0.2270097668855653,12,7.559746505455743
upsample,DKEpert<1000km 500hPa,24,0.0,0.0011714312713593245,0.0011714311694959179,0.0011234851324843475,0.0012412781570067938,nan,nan,nan,nan,0.008930973943643625,share,8,True,0.22286846506958663,12,7.625986510850365
decoder_io,DKEpert<1000km 500hPa,24,0.0,0.027995266020298004,0.027995265709857147,0.026679029688239098,0.03006568867325162,nan,nan,nan,nan,0.21343549250759913,share,2,True,0.301106996030609,12,6.445831183153051
decoder_heads,DKEpert<1000km 500hPa,24,0.0,0.006255246698856354,0.0062552471257125335,0.005842299705060819,0.0069486186451589065,nan,nan,nan,nan,0.04768991174686768,share,6,True,0.3804178780075235,12,5.386039678536527
encoder_io,RMSE Z500,72,128.01566696166992,123.20223236083984,-4.813434600830078,-5.82456194559733,-3.9573255379994716,-3.7600355605469,-0.8844669875916836,-1.0702612968243561,-0.7271572354822134,-0.5093499361258765,share,2,True,-0.06076724963614036,12,13.552771653993515
enc0_attn,RMSE Z500,72,128.01566696166992,128.61342493693033,0.5977579752604166,0.3835359255472819,0.7823645909627276,0.46694126543073483,0.1098378267352611,0.07047459721245475,0.14375923022780282,0.06325379105911627,share,8,True,-0.019438539951654066,12,12.475773297082977
enc0_mlp,RMSE Z500,72,128.01566696166992,126.71035448710124,-1.3053124745686848,-1.6783905824025471,-0.8725034872690837,-1.0196505674258742,-0.23985072780432415,-0.3084037045322758,-0.16032222208130661,-0.1381260743484941,share,6,True,-0.2874087856528154,12,21.679898821074794
enc1_attn,RMSE Z500,72,128.01566696166992,139.02049255371094,11.004825592041016,7.5873055775960285,15.024270741144813,8.596467802129288,2.022132998064595,1.3941648458247822,2.7607046911763637,1.164513009362559,share,1,True,0.46805131667212346,12,4.3482023601223965
enc1_mlp,RMSE Z500,72,128.01566696166992,131.7699991861979,3.7543322245279946,1.0319537162780763,6.200314807891845,2.9327130917906366,0.6898572824639654,0.18962114798715926,1.1393057587840698,0.39727741983424536,share,4,True,-0.007338313482036649,12,12.177421498140689
enc2_attn,RMSE Z500,72,128.01566696166992,127.99456469217937,-0.021102269490559895,-0.12600515683492025,0.0765978495279948,-0.0164841304126301,-0.003877534915389677,-0.023153405152233797,0.014074829066202211,-0.002233008341959013,share,14,False,0.6514860973818366,12,2.532365751094186
enc2_mlp,RMSE Z500,72,128.01566696166992,127.86692873636882,-0.14873822530110678,-0.38528130849202474,0.12846884727478022,-0.11618751738069806,-0.027330598830431086,-0.07079531074101592,0.023606107441224197,-0.01573924065438225,share,11,False,0.284971649850404,12,6.677454870536695
downsample,RMSE Z500,72,128.01566696166992,126.89993286132812,-1.1157341003417969,-2.059760491053263,-0.28624731699625666,-0.871560588498802,-0.20501576535649765,-0.3784802968691168,-0.05259784814074767,-0.11806519457946998,share,7,True,-0.22180207408082978,12,18.840483122147038
dec0_attn,RMSE Z500,72,128.01566696166992,128.0060831705729,-0.009583791097005209,-0.08189303080240885,0.08279318809509263,-0.007486420470609085,-0.0017610183879540838,-0.015047816842898135,0.015213220442415496,-0.0010141414162480843,share,17,False,0.005068894679843006,12,11.878960066359447
dec0_mlp,RMSE Z500,72,128.01566696166992,128.00342814127603,-0.012238820393880209,-0.40984379450480146,0.28528731664021795,-0.00956040825654935,-0.002248879127512015,-0.07530865927757587,0.052421448398483374,-0.0012950923618665,share,15,False,-0.030762287577117565,12,12.76172737852435
dec1_attn,RMSE Z500,72,128.01566696166992,128.129976272583,0.11430931091308594,0.01721336046854655,0.23487728436787922,0.0892932198270014,0.021004297401182738,0.003162949191689369,0.04315862193759698,0.012096028104782526,share,12,True,0.12911497383456805,12,9.255585618968466
dec1_mlp,RMSE Z500,72,128.01566696166992,127.79017130533855,-0.22549565633138022,-0.3490897496541341,-0.11144183476765981,-0.1761469214536823,-0.04143475094395826,-0.06414512398744994,-0.020477399624717948,-0.023861589005331897,share,10,True,-0.1536811608007141,12,16.358106765893023
dec2_attn,RMSE Z500,72,128.01566696166992,128.02664057413736,0.010973612467447916,-0.1657145341237386,0.18878124554951986,0.008572085532885285,0.002016397596927656,-0.030449989861980564,0.03468849032169163,0.0011612100865358852,share,16,False,0.534028412282117,12,3.645081804121277
dec2_mlp,RMSE Z500,72,128.01566696166992,127.70107396443684,-0.31459299723307294,-0.42988905906677244,-0.13377903302510588,-0.24574570027219203,-0.057806357342466246,-0.07899196989314908,-0.024581852285318034,-0.03328972684466944,share,9,True,0.06660320477422904,12,10.501338728941986
upsample,RMSE Z500,72,128.01566696166992,127.90618387858073,-0.1094830830891927,-0.3119820753733317,0.1478905200958252,-0.08552319078412005,-0.020117479663159687,-0.05732660132963409,0.027174833284317322,-0.011585324410292728,share,13,False,0.3009290003264667,12,6.448354978616995
decoder_io,RMSE Z500,72,128.01566696166992,132.0093994140625,3.993732452392578,3.071322441101074,4.9007201035817465,3.1197216303129287,0.7338469937465568,0.5643544646757941,0.9005056693400303,0.4226103683177082,share,3,True,-0.3076009301547523,12,22.662091624941144
decoder_heads,RMSE Z500,72,128.01566696166992,129.89405059814453,1.8783836364746094,1.3931370258331297,2.153270896275838,1.4673076202751258,0.3451523608958365,0.2559884595354376,0.3956628023510497,0.1987675463780564,share,5,True,0.10028300960067836,12,9.812569848470378
encoder_io,RMSE T850,72,1.1567243734995525,1.1413004696369171,-0.015423903862635294,-0.028285906215508777,-0.0036747547487417944,-1.3334121953332612,-0.41814674042534405,-0.766839549139353,-0.0996237226148269,-0.2174444274089293,share,3,True,0.34997681247055945,12,5.77808313320448
enc0_attn,RMSE T850,72,1.1567243734995525,1.154540369908015,-0.0021840035915374756,-0.0034228434165318807,-0.0006796876589457195,-0.18880933449426623,-0.0592090038301501,-0.09279432952615758,-0.01842653984533629,-0.030789832110621782,share,8,True,0.06713584303413254,12,10.4901076621717
enc0_mlp,RMSE T850,72,1.1567243734995525,1.1495074331760406,-0.00721694032351176,-0.010807923724253972,-0.003458653638760252,-0.6239118400935598,-0.19565345446889126,-0.2930061102760521,-0.09376515557850192,-0.10174359683945174,share,6,True,0.2968233474444537,12,6.506761192490005
enc1_attn,RMSE T850,72,1.1567243734995525,1.2055492401123047,0.04882486661275228,0.042149861653645836,0.05787182847658793,4.2209594378164255,1.323657033112261,1.142695611747665,1.5689229299828684,0.6883273688995443,share,1,True,-0.25224978939004583,12,20.096279826417888
enc1_mlp,RMSE T850,72,1.1567243734995525,1.1891874969005585,0.032463123401006065,0.01999088873465856,0.04288905958334603,2.806470075735689,0.8800851817444558,0.5419590939524299,1.1627354931931195,0.45766138992460664,share,2,True,0.2774903719811222,12,6.786834348333277
enc2_attn,RMSE T850,72,1.1567243734995525,1.1564723054567974,-0.00025206804275512695,-0.0005374205609162649,-1.3956675926844608e-05,-0.021791538981107538,-0.0068336415593713345,-0.014569635403983965,-0.00037836974335146207,-0.003553626352518852,share,17,True,-0.2171337821366211,12,18.656578930562993
enc2_mlp,RMSE T850,72,1.1567243734995525,1.1554648876190186,-0.0012594858805338542,-0.002194352944691976,-0.00036930243174235054,-0.10888383692680455,-0.034145046561966395,-0.05948957795234419,-0.010011901619687139,-0.01775608747055057,share,9,True,0.016036778201371463,12,11.621192180154885
downsample,RMSE T850,72,1.1567243734995525,1.1482345461845398,-0.008489827315012613,-0.015190159032742182,-0.003633894522984824,-0.7339542167100275,-0.2301618092386133,-0.41180984675811516,-0.09851598942577929,-0.11968861163519925,share,5,True,-0.012632876603438202,12,12.307068193074468
dec0_attn,RMSE T850,72,1.1567243734995525,1.1571059326330821,0.0003815591335296631,9.106422464052835e-05,0.0007766269147396087,0.03298617564141876,0.0103441845453572,0.0024687789188730246,0.021054592651582694,0.005379176896582983,share,12,True,-0.4258926427037057,12,29.804027931336382
dec0_mlp,RMSE T850,72,1.1567243734995525,1.1556712687015533,-0.0010531047979990642,-0.0021415255963802334,-0.0003366038203239445,-0.09104198218050875,-0.02854999243585544,-0.058057412418987764,-0.009125432285930197,-0.014846550642554229,share,10,True,-0.36830549200649326,12,25.9930483743365
dec1_attn,RMSE T850,72,1.1567243734995525,1.1570366720358531,0.0003122985363006592,-0.0003576842447121938,0.0010581793884436288,0.02699852648179545,0.008466508619135992,-0.009696929023930696,0.02868756613135342,0.004402748941599084,share,15,False,0.0029530022705722045,12,11.92933661464367
dec1_mlp,RMSE T850,72,1.1567243734995525,1.1563541889190674,-0.00037018458048502606,-0.0010266679028669995,0.0006660076479117075,-0.03200283394782027,-0.010035816941294767,-0.027833280141426577,0.018055670571655698,-0.005218819752512907,share,13,False,-0.02036290525358206,12,12.49886813056265
dec2_attn,RMSE T850,72,1.1567243734995525,1.1573761602242787,0.000651786724726359,0.00024431968728701273,0.0010631779829661052,0.05634762607745908,0.017670137004489345,0.006623581278167321,0.02882307955421291,0.009188814479984014,share,11,True,-0.2166142753859826,12,18.636248843856656
dec2_mlp,RMSE T850,72,1.1567243734995525,1.157060593366623,0.00033621986707051593,-0.0001571379601955414,0.00088768204053243,0.029066549886323977,0.009115023196063799,-0.004260058052619798,0.024065331001054006,0.004739989118822438,share,14,False,0.015005806232580575,12,11.64518493650921
upsample,RMSE T850,72,1.1567243734995525,1.1564212342103322,-0.00030313928922017414,-0.001196875919898351,0.0008579271535078683,-0.026206700244679457,-0.00821819863577742,-0.03244767142328204,0.02325866693391173,-0.004273622926898115,share,16,False,0.15386493165683182,12,8.799661504174894
decoder_io,RMSE T850,72,1.1567243734995525,1.1666288177172344,0.009904444217681885,0.003291135529677073,0.01582695593436559,0.8562492884728443,0.26851250514995867,0.08922368852196513,0.42907360508403686,0.1396317184610322,share,4,True,-0.14681435661032285,12,16.129868553166023
decoder_heads,RMSE T850,72,1.1567243734995525,1.1539685527483623,-0.0027558207511901855,-0.004801141222318014,-0.0011186798413594563,-0.2382435102368189,-0.07471114152223543,-0.13016040363798137,-0.030327751872026718,-0.03885124483535331,share,7,True,-0.11503763947345319,12,15.11979748575991
encoder_io,RMSE Q700,72,0.001054160122293979,0.001054168145249908,8.022955929239592e-09,-4.0644770100091895e-06,5.019884702051055e-06,0.0007610756430228718,0.0004937274430894475,-0.25012524801913966,0.30892041043311647,0.00021455829950483605,share,17,False,0.25555162419945343,12,7.115104100400914
enc0_attn,RMSE Q700,72,0.001054160122293979,0.0010511939181014895,-2.9662041924893856e-06,-3.732405457412824e-06,-2.3231293501642844e-06,-0.2813808006732952,-0.18253825953370123,-0.22968978258318706,-0.14296385573332854,-0.07932534257170694,share,6,True,-0.03215865602741566,12,12.797452753454433
enc0_mlp,RMSE Q700,72,0.001054160122293979,0.0010478673211764544,-6.292801117524505e-06,-7.5718419490537295e-06,-4.616804896310595e-06,-0.5969492664767677,-0.38725485133261395,-0.46596618477724094,-0.28411514369546276,-0.16828868546784576,share,4,True,0.01480884225830832,12,11.649774224071123
enc1_attn,RMSE Q700,72,0.001054160122293979,0.0010641476934930931,9.987571199114123e-06,8.269023965112865e-06,1.369850530560749e-05,0.9474434659300116,0.614628577584595,0.5088703085431866,0.8429970273220532,0.26709810094500996,share,3,True,-0.49552043559997944,12,35.57378037412336
enc1_mlp,RMSE Q700,72,0.001054160122293979,0.0010687707011432697,1.4610578849290809e-05,5.213351687416434e-06,2.0905747078359127e-05,1.3859923687396216,0.8991254346826277,0.32082624175627644,1.2865259565063103,0.3907314187356225,share,1,True,0.2441726292108237,12,7.2899276487244
enc2_attn,RMSE Q700,72,0.001054160122293979,0.001053880958352238,-2.791639417409897e-07,-5.416763694180797e-07,7.074995664879628e-08,-0.026482119351422195,-0.0171795657827593,-0.03333440831702428,0.0043539059048789,-0.007465694832589071,share,12,False,0.03507898836352309,12,11.186636256566654
enc2_mlp,RMSE Q700,72,0.001054160122293979,0.0010532879484041284,-8.721738898505768e-07,-1.2083988015850384e-06,-3.040283142278592e-07,-0.08273637670457708,-0.05367300884651825,-0.07436406927832653,-0.01870970294919008,-0.02332458863407893,share,9,True,-0.3796446057884609,12,26.687501106528746
downsample,RMSE Q700,72,0.001054160122293979,0.0010491814949394513,-4.9786273545275135e-06,-7.070216573386764e-06,-2.486991919189071e-06,-0.4722837877507094,-0.3063814603402694,-0.4350964883335378,-0.15304785070179447,-0.1331436727905506,share,5,True,-0.2555721689266142,12,20.239525442506025
dec0_attn,RMSE Q700,72,0.001054160122293979,0.0010539956371455144,-1.6448514846464e-07,-2.9115471988916397e-07,5.948119602786991e-08,-0.015603431109374597,-0.01012230809864762,-0.01791747040145163,0.0036604337710136013,-0.004398834302423815,share,15,False,-0.6135784376233205,12,50.108335395127526
dec0_mlp,RMSE Q700,72,0.001054160122293979,0.0010539869351002078,-1.7318719377120337e-07,-5.170926063631971e-07,3.53045470546931e-07,-0.016428926697997955,-0.010657826256387927,-0.03182153967089744,0.021726186583199626,-0.004631553522080209,share,13,False,-0.26466624867696303,12,20.638240740097135
dec1_attn,RMSE Q700,72,0.001054160122293979,0.0010545506762961547,3.905540021757285e-07,8.313994233806928e-08,7.643834881794948e-07,0.037048830999776024,0.024034437005918955,0.005116377493683875,0.04703965826151861,0.010444604620877497,share,11,True,-0.08000761640431331,12,14.087172489622903
dec1_mlp,RMSE Q700,72,0.001054160122293979,0.0010527498088777065,-1.4103134162724018e-06,-1.722539309412241e-06,-9.664057870395483e-07,-0.13378550245321277,-0.0867897621664877,-0.1060039387425346,-0.059471977963003006,-0.0377160800873229,share,8,True,-0.1730714424926487,12,17.02306345828024
dec2_attn,RMSE Q700,72,0.001054160122293979,0.0010541505374324818,-9.584861497084299e-09,-3.204714933720728e-07,3.267790210278083e-07,-0.0009092415179039868,-0.0005898460867864257,-0.019721605403439726,0.02010976651627005,-0.0002563284158534196,share,16,False,0.20590316231290523,12,7.902095582839619
dec2_mlp,RMSE Q700,72,0.001054160122293979,0.0010526515446448077,-1.5085776491711538e-06,-1.782202161848545e-06,-9.619531435115884e-07,-0.14310706858160294,-0.09283687857646718,-0.10967555152971731,-0.05919796520219045,-0.04034396523325335,share,7,True,0.1673907185617821,12,8.55866953402529
upsample,RMSE Q700,72,0.001054160122293979,0.0010547735534297924,6.134311358133951e-07,-3.5429062942663826e-08,1.1163043382111925e-06,0.058191457145855156,0.037750149554331244,-0.0021802812843563025,0.0686966364362053,0.016405018614618853,share,10,False,0.17555929288364397,12,8.4158141110246
decoder_io,RMSE Q700,72,0.001054160122293979,0.0010674009778692077,1.324085557522873e-05,5.68212999496609e-06,1.8598102663721258e-05,1.2560573384634433,0.8148335632318428,0.349674551182828,1.1445150335438072,0.35410084278992987,share,2,True,0.21657666101550482,12,7.727486782433128
decoder_heads,RMSE Q700,72,0.001054160122293979,0.0010543283036289115,1.6818133493264517e-07,-1.1625891299142191e-06,1.8742798905198755e-06,0.015954059670428664,0.010349768988390158,-0.07154497214476614,0.11534195452922733,0.004497681596391581,share,14,False,-0.1367302037511927,12,15.801273836160998
encoder_io,RMSE U500,72,3.018864949544271,2.9929455121358237,-0.025919437408447266,-0.0316867803533872,-0.018215300639470425,-0.8585822102562115,-0.2562650104223229,-0.31328662615432434,-0.1800943490655522,-0.13246924965869622,share,4,True,-0.048338986676487006,12,13.219063998622904
enc0_attn,RMSE U500,72,3.018864949544271,3.0168694853782654,-0.0019954641660054526,-0.004945250352223715,0.0008991057674090068,-0.06609981563788365,-0.01972911823819533,-0.04889360108721299,0.008889442514703205,-0.010198432806470155,share,11,False,-0.04236071069152212,12,13.061628389673391
enc0_mlp,RMSE U500,72,3.018864949544271,3.0022966066996255,-0.016568342844645183,-0.021804383397102358,-0.01109427263339361,-0.5488268975777253,-0.16381090703688897,-0.21557954559190018,-0.10968887353620316,-0.08467760739293215,share,5,True,0.4000773879779779,12,5.141909587341682
enc1_attn,RMSE U500,72,3.018864949544271,3.0933754642804465,0.07451051473617554,0.04446728626887003,0.11326746145884196,2.4681632329204946,0.7366841160377849,0.4396472577537728,1.1198733496352944,0.38080888189215123,share,3,True,0.2597469588437902,12,7.051445079119276
enc1_mlp,RMSE U500,72,3.018864949544271,3.1076669295628867,0.08880198001861572,0.06623587956031163,0.10920879791180292,2.9415684869249055,0.8779835756611333,0.654872947216173,1.0797454163089448,0.45384980684182485,share,1,True,-0.1296925841433632,12,15.576462710451553
enc2_attn,RMSE U500,72,3.018864949544271,3.018209954102834,-0.0006549954414367676,-0.0023230666915575664,0.00102159430583318,-0.021696745378942704,-0.006475928122254049,-0.022968118502824184,0.010100484486071605,-0.003347555476984135,share,14,False,0.5699388981849419,12,3.287219157221463
enc2_mlp,RMSE U500,72,3.018864949544271,3.0154762069384256,-0.0033887426058451333,-0.006402552127838135,-0.000645895799001058,-0.11225220943907077,-0.03350443705705016,-0.06330191747276032,-0.00638596012152628,-0.017319210413743773,share,8,True,0.015035410522013848,12,11.644495306481225
downsample,RMSE U500,72,3.018864949544271,3.009903530279795,-0.008961419264475504,-0.02064178436994553,0.0033765822649001885,-0.29684730566792406,-0.08860139072544765,-0.2040849499679138,0.03338420798533506,-0.04580008690524934,share,6,False,-0.19283111338782813,12,17.73355439991273
dec0_attn,RMSE U500,72,3.018864949544271,3.0183001160621643,-0.0005648334821065267,-0.0014768347144126892,0.00040266513824462795,-0.018710127532925717,-0.005584498455654453,-0.014601438199336604,0.003981142963208603,-0.002886755077962264,share,16,False,0.2157629856536914,12,7.740689824584257
dec0_mlp,RMSE U500,72,3.018864949544271,3.018388489882151,-0.00047645966211954754,-0.0048202579220136006,0.0026448220014572126,-0.01578274186102542,-0.004710748090507912,-0.04765780318289323,0.02614930745170153,-0.002435093514531396,share,17,False,-0.029406987994490826,12,12.727151033582524
dec1_attn,RMSE U500,72,3.018864949544271,3.019486407438914,0.0006214578946431478,-0.0005765318870544434,0.0018842384219169615,0.020585813046620827,0.006144343001667861,-0.005700160374493995,0.018629431311395814,0.0031761515383440034,share,15,False,0.061593175653315554,12,10.607530408463816
dec1_mlp,RMSE U500,72,3.018864949544271,3.0149807929992676,-0.0038841565450032554,-0.005930755535761515,-0.00170515924692154,-0.1286628123457331,-0.03840258574296046,-0.05863727307170832,-0.016858878736374785,-0.019851175585539796,share,7,True,0.18148649062693498,12,8.31339350081339
dec2_attn,RMSE U500,72,3.018864949544271,3.0196052392323813,0.0007402896881103516,-0.0019820903738339743,0.0034240861733754466,0.024522120084308707,0.007319230801564772,-0.019596891796077688,0.03385387827210393,0.0037834779346749433,share,13,False,0.8213277374630998,12,1.1772000757146768
dec2_mlp,RMSE U500,72,3.018864949544271,3.016006648540497,-0.0028583010037740073,-0.003971217572689056,-0.0017465914289156597,-0.09468131405498936,-0.028259970499342802,-0.03926335655429021,-0.017268517972876204,-0.014608225606981787,share,10,True,-0.10334776357853652,12,14.76623001107311
upsample,RMSE U500,72,3.018864949544271,3.0218623280525208,0.0029973785082499185,0.001260709265867869,0.005044729510943095,0.09928826093073172,0.029635027279024857,0.01246460978554483,0.04987714973621714,0.015319023930726408,share,9,True,0.1689516611874334,12,8.531216813208982
decoder_io,RMSE U500,72,3.018864949544271,3.1017035841941833,0.08283863464991252,0.07166236440340677,0.09178724537293116,2.7440324769220923,0.819024087498609,0.7085245050396906,0.9074988404055649,0.42337229785892067,share,2,True,-0.7035461144828995,12,68.95694194777418
decoder_heads,RMSE U500,72,3.018864949544271,3.0198936661084494,0.0010287165641784668,-0.0026435256004333496,0.005864946047465005,0.03407626976933043,0.010170902125942544,-0.026136489958148084,0.057986615847231034,0.005257572115503611,share,12,False,0.49572596605533575,12,4.045719967872844
encoder_io,RMSE MSLP,72,127.44974772135417,125.14795430501302,-2.301793416341146,-3.28321746190389,-1.5800329367319743,-1.806039994189397,-0.2959633866913919,-0.42215437422442215,-0.20315980388130267,-0.2027227212827856,share,3,True,-0.6305061409521191,12,52.95371820750601
enc0_attn,RMSE MSLP,72,127.44974772135417,127.83475240071614,0.3850046793619792,0.04265782038370768,0.6571379979451496,0.30208351624494567,0.049503699153476424,0.0054849201062116765,0.08449445811023315,0.033907993546584705,share,6,True,0.15879954590703912,12,8.711088543976114
enc0_mlp,RMSE MSLP,72,127.44974772135417,126.36566416422527,-1.0840835571289062,-1.504038921991984,-0.6260458310445158,-0.8505968638706598,-0.13939089352959097,-0.19338853344015478,-0.08049664364514836,-0.09547701685081302,share,4,True,-0.20213200080655225,12,18.080163666497747
enc1_attn,RMSE MSLP,72,127.44974772135417,139.62366485595703,12.173917134602865,8.932608366012573,15.88505395253499,9.551935058529056,1.5653158614836478,1.148550085000816,2.0424918814134574,1.072176848138163,share,1,True,0.13713675795019992,12,9.105640840651695
enc1_mlp,RMSE MSLP,72,127.44974772135417,133.20052909851074,5.750781377156575,2.7248974800109864,8.989438597361245,4.5121951827865665,0.7394324444678108,0.3503658846382611,1.155857286253978,0.5064807475784189,share,2,True,-0.08239160854776995,12,14.154948258501644
enc2_attn,RMSE MSLP,72,127.44974772135417,127.39533106486003,-0.054416656494140625,-0.22580008506774904,0.10487414995829261,-0.04269655881399844,-0.0069968650679471025,-0.02903325616339795,0.013484663036084095,-0.00479256418464262,share,14,False,0.6691501833523984,12,2.3785743424221364
enc2_mlp,RMSE MSLP,72,127.44974772135417,127.4168135325114,-0.03293418884277344,-0.34509056409200034,0.2676378885904948,-0.025840921172145502,-0.004234660677470824,-0.044371563207553325,0.0344127389329697,-0.0029005680258052616,share,15,False,0.12543676163353526,12,9.325054252861595
downsample,RMSE MSLP,72,127.44974772135417,127.08257293701172,-0.36717478434244794,-1.7974211692810058,0.6779543240865054,-0.2880937710015788,-0.04721114063068745,-0.23111146847261874,0.08717101037575371,-0.03233768544991316,share,7,False,-0.23541770485459493,12,19.389688398991478
dec0_attn,RMSE MSLP,72,127.44974772135417,127.45413144429524,0.0043837229410807295,-0.11361436843872069,0.12599835395812986,0.0034395697280350424,0.0005636567898527313,-0.014608475730796747,0.016200802074699313,0.0003860816690397344,share,17,False,0.36732887992043795,12,5.552470625352776
dec0_mlp,RMSE MSLP,72,127.44974772135417,127.80410957336426,0.3543618520100911,-0.09719394048055013,0.718836180369059,0.2780404499386215,0.045563660531209256,-0.012497145741354332,0.09242757795202576,0.03120922948527824,share,8,False,-0.23212200756584772,12,19.25496528936928
dec1_attn,RMSE MSLP,72,127.44974772135417,127.55599276224773,0.10624504089355469,0.01211700439453125,0.2382078488667806,0.08336229988139346,0.013660931471428581,0.0015579980513022906,0.030628639905986587,0.009357175000951555,share,12,True,-0.1438585631660626,12,16.03275132757672
dec1_mlp,RMSE MSLP,72,127.44974772135417,127.24094772338867,-0.20879999796549478,-0.3465259710947673,-0.08287315368652359,-0.16382927522304572,-0.026847393906119635,-0.04455612708492106,-0.010655786508351257,-0.018389358267732463,share,10,True,-0.1524018742689254,12,16.315305651837537
dec2_attn,RMSE MSLP,72,127.44974772135417,127.64554659525554,0.1957988739013672,-0.03886459668477376,0.40314194361368816,0.1536282946039611,0.025175716212762347,-0.004997189398301726,0.05183577905045747,0.017244327948632603,share,11,False,0.36637005902246017,12,5.564787695340954
dec2_mlp,RMSE MSLP,72,127.44974772135417,127.43627421061198,-0.0134735107421875,-0.13788263003031415,0.10305376052856435,-0.010571626058958465,-0.001732416923938953,-0.017728876040733213,0.013250598320764856,-0.001186634188584489,share,16,False,0.17994660448847194,12,8.339903440295446
upsample,RMSE MSLP,72,127.44974772135417,127.38113975524902,-0.06860796610514323,-0.1744693120320638,0.10655139287312815,-0.05383138635561849,-0.008821576192864116,-0.02243317236731284,0.013700322047815882,-0.006042416096845073,share,13,False,-0.22892815842785416,12,19.125504403151552
decoder_io,RMSE MSLP,72,127.44974772135417,127.16396713256836,-0.2857805887858073,-1.6221358617146808,0.7304676850636794,-0.22423001527677786,-0.03674551778071988,-0.20857337582873786,0.09392315070729446,-0.02516916515494509,share,9,False,-0.22950910694205912,12,19.148972968062328
decoder_heads,RMSE MSLP,72,127.44974772135417,128.09698740641275,0.6472396850585938,-0.03185731569925944,1.244033622741699,0.5078391261108388,0.08322173824595758,-0.00409619689513104,0.15995718882967988,0.05700346058242645,share,5,False,0.22993925972989077,12,7.513158727261607
encoder_io,RMSE T2M,72,1.1017859776814778,1.0833497991164525,-0.01843617856502533,-0.02568983534971873,-0.009228816007574405,-1.673299437320953,-1.032632860753846,-1.438919029554262,-0.5169172473384185,-1.4299716332112185,share,4,True,-0.12134223986274467,12,15.314389161316862
enc0_attn,RMSE T2M,72,1.1017859776814778,1.0880677700042725,-0.013718207677205404,-0.014711637794971467,-0.012828965981801351,-1.2450882435509891,-0.7683735535628626,-0.8240167868310575,-0.718566040981666,-1.064030041134348,share,6,True,-0.3210386899410241,12,23.34811136427687
enc0_mlp,RMSE T2M,72,1.1017859776814778,1.0842613379160564,-0.01752463976542155,-0.019457497199376422,-0.014762030045191448,-1.5905666000849992,-0.9815764601552611,-1.0898381638708334,-0.8268393182640738,-1.3592696370568966,share,5,True,-0.20283440074518488,12,18.106667952599853
enc1_attn,RMSE T2M,72,1.1017859776814778,1.1268962522347767,0.02511027455329895,0.021708807597557705,0.030954761803150172,2.279051926776131,1.4064571220566269,1.2159368067495195,1.733813985474214,1.9476368265102917,share,1,True,-0.25689362329049786,12,20.296856482745767
enc1_mlp,RMSE T2M,72,1.1017859776814778,1.113974799712499,0.012188822031021118,0.004244258999824524,0.019789717843135192,1.106278558442941,0.68271079707323,0.23772612623114037,1.1084462475664922,0.9454057783799841,share,8,True,0.14761503269614049,12,8.912936234039899
enc2_attn,RMSE T2M,72,1.1017859776814778,1.1015370388825734,-0.00024893879890441895,-0.0005269194642702739,-2.777526775995896e-05,-0.022594115730921585,-0.013943365929041345,-0.029513402240989268,-0.0015557266438925427,-0.01930852533150771,share,14,True,0.11628906537541323,12,9.499807482149517
enc2_mlp,RMSE T2M,72,1.1017859776814778,1.100324273109436,-0.0014617045720418294,-0.0022387256224950156,-0.0006831325590610508,-0.13266683381810135,-0.08187185692961185,-0.12539375423416477,-0.038263088321109424,-0.1133746924170176,share,11,True,0.10114953455121085,12,9.79540493542645
downsample,RMSE T2M,72,1.1017859776814778,1.080659161011378,-0.021126816670099895,-0.023956743131081263,-0.018327842156092327,-1.917506403063661,-1.1833387846467371,-1.3418464193400759,-1.0265648062768453,-1.6386665182126499,share,2,True,-0.1234437576927063,12,15.379874606592942
dec0_attn,RMSE T2M,72,1.1017859776814778,1.1015380024909973,-0.0002479751904805501,-0.0004317936797936757,-1.5360116958618207e-05,-0.022506656964574188,-0.01388939304524243,-0.024185290961904984,-0.0008603388961843564,-0.019233784641250466,share,15,True,0.15620023267463623,12,8.757650207767938
dec0_mlp,RMSE T2M,72,1.1017859776814778,1.101628839969635,-0.00015713771184285483,-0.0010363556444644927,0.0005097349484761545,-0.014262090371990808,-0.008801475009600383,-0.05804754440445476,0.02855087653955051,-0.012188126169990382,share,16,False,0.2988830635676855,12,6.477413920602211
dec1_attn,RMSE T2M,72,1.1017859776814778,1.1013214786847432,-0.00046449899673461914,-0.0007734278837839763,-9.576777617136669e-05,-0.04215873192651069,-0.02601715567700687,-0.04332063965434603,-0.005364070017388472,-0.036028094794310926,share,13,True,-0.15239109313702262,12,16.31494549629572
dec1_mlp,RMSE T2M,72,1.1017859776814778,1.1007375419139862,-0.0010484357674916585,-0.001402903844912847,-0.0004588464895884198,-0.09515784269626613,-0.05872416683766688,-0.07857835644330194,-0.025700551853485413,-0.0813201825676201,share,12,True,-0.3051376924389831,12,22.539216962624675
dec2_attn,RMSE T2M,72,1.1017859776814778,1.1018488705158234,6.289283434549968e-05,-0.00018029039104779562,0.00030978595217068987,0.005708262368508901,0.003522704405473513,-0.010098284827165809,0.017351489240738652,0.004878178453800045,share,17,False,-0.3972512874053257,12,27.81758815657412
dec2_mlp,RMSE T2M,72,1.1017859776814778,1.1002535720666249,-0.0015324056148529053,-0.002111788590749105,-0.0009899504482746126,-0.1390837826850541,-0.08583190862030132,-0.11828385617340027,-0.05544833273342517,-0.11885850161867531,share,10,True,-0.17763796778639615,12,17.184226727245278
upsample,RMSE T2M,72,1.1017859776814778,1.0995806753635406,-0.0022053023179372153,-0.0027791780730088552,-0.0016605623066425325,-0.2001570506985305,-0.12352167415641788,-0.15566515555017638,-0.09301012132857522,-0.17105061909562996,share,9,True,-0.0499947970025319,12,13.263019533235084
decoder_io,RMSE T2M,72,1.1017859776814778,1.1147725284099579,0.01298655072848002,0.008373107761144638,0.020364313572645187,1.1786817940638543,0.7273925549579772,0.4689879841581551,1.1406300556071927,1.0072802825968614,share,7,True,0.17670076692522468,12,8.396009482268926
decoder_heads,RMSE T2M,72,1.1017859776814778,1.1213629146416981,0.019576936960220337,0.01612315773963928,0.023110909511645635,1.7768366413063896,1.0965281306387833,0.9030777415366366,1.2944702460686497,1.5184526673758043,share,3,True,-0.36449234913848194,12,25.765084287285443
encoder_io,|RQE| Z500,72,0.0051304475249101715,0.004520754562690854,-0.0006096929622193178,-0.0009153779203188606,-0.0003770081345768028,-11.883816358300884,-0.3926057616137867,-0.5894485713974075,-0.2427706648791441,-0.5604962580055323,colmax,3,True,-0.059810551066115616,12,13.52677019212935
enc0_attn,|RQE| Z500,72,0.0051304475249101715,0.005170652157782267,4.020463287209471e-05,1.0183663107454777e-05,6.617092731175943e-05,0.7836476774567275,0.025889376271778956,0.006557669282858297,0.04261011512968502,0.036960482858893834,colmax,13,True,0.1233116463736291,12,9.365397641410429
enc0_mlp,|RQE| Z500,72,0.0051304475249101715,0.0049812607079123454,-0.0001491868169978261,-0.0002731383816959957,-8.232629043050114e-05,-2.9078714142084165,-0.09606737741725621,-0.17588476334279696,-0.0530132016575221,-0.1371487910351809,colmax,7,True,0.23733274566502657,12,7.396560936485013
enc1_attn,|RQE| Z500,72,0.0051304475249101715,0.004706959521475558,-0.00042348800343461335,-0.0006616213475354016,-0.0001916629104622796,-8.25440668437649,-0.27270091738887436,-0.42604453248656177,-0.12341943830424305,-0.38931635420444755,colmax,5,True,0.018319150996192093,12,11.568249675478944
enc1_mlp,|RQE| Z500,72,0.0051304475249101715,0.004580635732660691,-0.0005498117922494808,-0.0007109715506279221,-0.00038540736713912346,-10.716643910301128,-0.35404587360596745,-0.45782310837893764,-0.24817926773573243,-0.5054469565162795,colmax,4,True,-0.31746750817539565,12,23.163161149795442
enc2_attn,|RQE| Z500,72,0.0051304475249101715,0.0051308138645254076,3.6633961523572606e-07,-9.587443491909653e-06,9.781719806293646e-06,0.0071405001894477085,0.00023590077721314843,-0.006173739549770825,0.006298841863720137,0.00033677932372942374,colmax,17,False,-0.3503285873047995,12,24.941751677874464
enc2_mlp,|RQE| Z500,72,0.0051304475249101715,0.005085470135478924,-4.4977389431248106e-05,-6.370031963645792e-05,-3.0326171933362882e-05,-0.876675752219795,-0.02896274572167851,-0.04101919171721876,-0.019528238911253312,-0.04134812115807852,colmax,12,True,0.1188865567918209,12,9.449895750660467
downsample,|RQE| Z500,72,0.0051304475249101715,0.005019780151390781,-0.00011066737351939082,-0.00020334161429976422,-3.2038217856704e-05,-2.157070567081348,-0.07126316221237365,-0.13093982429998652,-0.020630693975199628,-0.10173751803716284,colmax,9,True,0.06540385959303566,12,10.526668909541543
dec0_attn,|RQE| Z500,72,0.0051304475249101715,0.0051263435937774675,-4.1039311327040195e-06,-1.5001588811477026e-05,7.480402321865161e-06,-0.07999167933748381,-0.0026426859219447637,-0.009660124957499775,0.004816931197734527,-0.003772781031652405,colmax,16,False,0.2736122529912052,12,6.84403981167236
dec0_mlp,|RQE| Z500,72,0.0051304475249101715,0.0049666947646376984,-0.0001637527602724731,-0.00025013734217888364,-0.0001195156728499569,-3.191783162724001,-0.10544697273380652,-0.16107347110702372,-0.07696093717933157,-0.15053939451212198,colmax,6,True,0.10714004034988871,12,9.677474506671528
dec1_attn,|RQE| Z500,72,0.0051304475249101715,0.0051772779746291535,4.683044971898198e-05,2.73853632582662e-05,6.560762703884393e-05,0.912794634222517,0.030156005592899257,0.017634534208735453,0.042247383482168166,0.04305165625114045,colmax,11,True,0.1631322587429032,12,8.63393893480253
dec1_mlp,|RQE| Z500,72,0.0051304475249101715,0.005055233331707616,-7.521419320255518e-05,-9.69181138013179e-05,-5.2518011458839006e-05,-1.46603571788549,-0.048433436887587625,-0.062409462206405725,-0.033818454804177445,-0.06914508851386834,colmax,10,True,-0.14938874172354044,12,16.21500393567527
dec2_attn,|RQE| Z500,72,0.0051304475249101715,0.0051061516666474445,-2.429585826272766e-05,-3.586720801346625e-05,-1.414203288732097e-05,-0.47356216284763686,-0.01564507797921335,-0.023096334371039685,-0.009106622409226078,-0.02233540238306555,colmax,14,True,-0.11322387613602548,12,15.064328136648658
dec2_mlp,|RQE| Z500,72,0.0051304475249101715,0.005011084314901382,-0.00011936321000879009,-0.00012945323639238873,-0.00010785827665434529,-2.3265652641263492,-0.07686276023850515,-0.08336013307780481,-0.06945427202913519,-0.10973167922084237,colmax,8,True,-0.41028783599761837,12,28.697820843836404
upsample,|RQE| Z500,72,0.0051304475249101715,0.0051444485822382075,1.4001057328035435e-05,-3.53378073972029e-05,7.326031530586382e-05,0.27290128707203914,0.009015842590117198,-0.022755432072626546,0.04717525651276658,0.012871298713895753,colmax,15,False,0.27265137193928507,12,6.858267495070895
decoder_io,|RQE| Z500,72,0.0051304475249101715,0.006218220999774833,0.0010877734748646617,0.0006333609145561544,0.0017003654172488797,21.202311681059587,0.7004609861461583,0.40784650577330345,1.0949335174064256,1.0,colmax,1,True,0.7112695411875959,12,2.024675495214128
decoder_heads,|RQE| Z500,72,0.0051304475249101715,0.005830314844691505,0.0006998673197813332,0.000594593642745167,0.0008173562377730074,13.641447775914775,0.4506726485921112,0.38288270396125895,0.5263284769969474,0.6433943610073863,colmax,2,True,0.4417928428225185,12,4.645941973894475
encoder_io,|RQE| T850,72,0.004121761167577158,0.004014366529493903,-0.00010739463808325429,-0.00034078091654616096,0.00020085913735480657,-2.6055521830825223,-0.0692391328268183,-0.21970719922993692,0.12949727043177325,-0.0584891816606278,colmax,6,False,-0.015966319017107284,12,12.389409086107527
enc0_attn,|RQE| T850,72,0.004121761167577158,0.0040268495892329765,-9.491157834418118e-05,-0.0001426961583395799,-2.6634620735421783e-05,-2.302694758026745,-0.06119109386710081,-0.0919986177847314,-0.017171788795099552,-0.05169066767715396,colmax,8,True,0.004089978885978481,12,11.902240341674966
enc0_mlp,|RQE| T850,72,0.004121761167577158,0.004209036114237581,8.727494666042428e-05,-7.067736199436088e-05,0.00018245092117770878,2.1174188195801262,0.056267628739435555,-0.045566886227439346,0.11762918327454673,0.04753161145425106,colmax,9,False,0.3571959732620657,12,5.683518425356951
enc1_attn,|RQE| T850,72,0.004121761167577158,0.0028050058657148234,-0.0013167553018623341,-0.0019330154871568083,-0.0006220364620579253,-31.94642407280346,-0.8489343311105156,-1.246247656868974,-0.40103738872107125,-0.7171302164407564,colmax,2,True,0.3508349776893352,12,5.766788983398324
enc1_mlp,|RQE| T850,72,0.004121761167577158,0.0031085525115486234,-0.001013208656028534,-0.0015058478592739752,-0.0006730262049435025,-24.581935120324196,-0.6532326936253308,-0.9708454891800438,-0.4339113351626328,-0.5518128856361775,colmax,3,True,-0.18233405662136362,12,17.351840069100597
enc2_attn,|RQE| T850,72,0.004121761167577158,0.004112548311240971,-9.212856336186329e-06,-3.3451709896326065e-05,1.2407435375886652e-05,-0.22351747133378436,-0.005939683721277553,-0.02156688104857132,0.007999282658462014,-0.005017498428950799,colmax,16,False,-0.07410909667459628,12,13.92098044575476
enc2_mlp,|RQE| T850,72,0.004121761167577158,0.004116156739958872,-5.60442761828502e-06,-2.861376900303488e-05,2.4112139362841836e-05,-0.1359716730404202,-0.003613268922978308,-0.01844777903288963,0.01554550254909682,-0.003052278874626839,colmax,17,False,-0.4823695075669782,12,34.36512019837289
downsample,|RQE| T850,72,0.004121761167577158,0.0037519499892368913,-0.00036981117834026617,-0.0005815752437532258,-0.00021111121653423961,-8.97216416247736,-0.23842349818334602,-0.37495135948782216,-0.13610695863152802,-0.20140626735300057,colmax,5,True,-0.08767059358336672,12,14.306287872781695
dec0_attn,|RQE| T850,72,0.004121761167577158,0.004099850562245895,-2.191060533126195e-05,-4.781646275660023e-05,2.688126793752114e-06,-0.5315835741191521,-0.014126136461963567,-0.03082807927101802,0.0017330806402424432,-0.011932936302844394,colmax,15,False,0.4148844975852478,12,4.962515343803873
dec0_mlp,|RQE| T850,72,0.004121761167577158,0.004090885864570737,-3.087530300642053e-05,-7.687801019831872e-05,1.0497723997104906e-05,-0.74908035063491,-0.01990582811287625,-0.049564548608622534,0.00676805955294858,-0.016815282760853603,colmax,14,False,0.31144448156422544,12,6.300431575550953
dec1_attn,|RQE| T850,72,0.004121761167577158,0.004086023351798455,-3.57378157787025e-05,-7.696228470498075e-05,4.8584770411252975e-06,-0.8670520761810613,-0.02304077203299202,-0.04961888180313606,0.003132342016234933,-0.019463500567078226,colmax,12,False,0.1580246691604988,12,8.72494709236084
dec1_mlp,|RQE| T850,72,0.004121761167577158,0.004020126720812793,-0.00010163444676436484,-0.00015136238628959592,-2.5445456170321756e-05,-2.465801453122703,-0.06552544042136235,-0.09758588097447725,-0.016405114361948827,-0.05535207088430283,colmax,7,True,0.234393007756427,12,7.442754332853228
dec2_attn,|RQE| T850,72,0.004121761167577158,0.0040877820865716785,-3.3979081005478896e-05,-6.967377363859365e-05,1.454465188241251e-05,-0.824382578805564,-0.021906886089114896,-0.04491985590349946,0.009377182153409764,-0.018505659845419534,colmax,13,False,0.0785625881649188,12,10.25183801417953
dec2_mlp,|RQE| T850,72,0.004121761167577158,0.004043809526289503,-7.795164128765464e-05,-0.00010833376096949602,-2.999387167316551e-05,-1.891221691854503,-0.05025673666315002,-0.069844601176279,-0.019337554479758247,-0.04245396035957821,colmax,10,True,-0.34016090789948095,12,24.372503974565774
upsample,|RQE| T850,72,0.004121761167577158,0.004177626794747387,5.586562717022995e-05,2.7331154948721333e-06,0.00011345142653832833,1.3553824420901301,0.036017511201019634,0.0017620856139371286,0.07314404640378581,0.030425493064294613,colmax,11,True,-0.013743343392293906,12,12.334436517315444
decoder_io,|RQE| T850,72,0.004121761167577158,0.005957906503075113,0.0018361453354979556,0.0013111357300658712,0.0025653344656651218,44.54759169312262,1.1837938377829431,0.8453112984806789,1.6539143572112684,1.0,colmax,1,True,0.5371639386354456,12,3.6131687693018724
decoder_heads,|RQE| T850,72,0.004121761167577158,0.004811863861201952,0.0006901026936247945,0.0005197448170899103,0.0008294823259348051,16.74290832407567,0.4449208351630244,0.33508824154369005,0.5347812327313337,0.37584317552817315,colmax,4,True,-0.40854627190672327,12,28.577984143190683
encoder_io,|RQE| Q700,72,0.172707616041104,0.16816203420360884,-0.004545581837495168,-0.008710738271474838,-0.0021157574529449144,-2.6319521638312295,-0.1806437534074924,-0.34616920617946745,-0.08408128623869521,0.05107941229596302,share,5,True,-0.09481691281566557,12,14.513973073286731
enc0_attn,|RQE| Q700,72,0.172707616041104,0.17238416522741318,-0.00032345081369082135,-0.0012825993665804467,0.0004288768395781513,-0.18728231047659236,-0.012854101216669517,-0.050971156604417964,0.017043785552793407,0.0036346672572685253,share,13,False,-0.26951319087957915,12,20.854802715600574
enc0_mlp,|RQE| Q700,72,0.172707616041104,0.17148696010311446,-0.0012206559379895527,-0.0025103920449813205,-0.00025346999367078144,-0.7067759754723496,-0.048509492984749394,-0.09976426731316512,-0.010073027539659158,0.013716701218262935,share,9,True,-0.18357307582449497,12,17.396384770427765
enc1_attn,|RQE| Q700,72,0.172707616041104,0.15595685597509146,-0.016750760066012543,-0.022476392270376285,-0.0129620927075545,-9.698912213591033,-0.6656837955909,-0.8932233557623718,-0.5151202117612341,0.188230904265073,share,2,True,-0.12417371826365234,12,15.402694461759467
enc1_mlp,|RQE| Q700,72,0.172707616041104,0.14134728349745274,-0.03136033254365126,-0.0345739487092942,-0.02784274659740428,-18.15804841877244,-1.2462756983194057,-1.3739864528336458,-1.1064850288341428,0.35240094953793083,share,1,True,-0.18839044293015444,12,17.570869133980153
enc2_attn,|RQE| Q700,72,0.172707616041104,0.17302989587187767,0.00032227983077367145,-0.00017352867871522903,0.0008088193523387113,0.18660429583891056,0.012807565755007569,-0.006896118685707225,0.03214289586206074,-0.003621508739535273,share,14,False,-0.49268754812576093,12,35.308123250933946
enc2_mlp,|RQE| Q700,72,0.172707616041104,0.17282903815309206,0.00012142211198806763,-0.0008534710699071487,0.001215759633729855,0.0703050130453827,0.004825377001302912,-0.03391737801770456,0.048314911342416826,-0.001364439216323249,share,15,False,0.024045793010335832,12,11.436451928041624
downsample,|RQE| Q700,72,0.172707616041104,0.16960225192209086,-0.0031053641190131507,-0.005150152634208401,-0.0009400520784159506,-1.798047005798564,-0.12340876266449638,-0.2046697069208533,-0.037358151698605783,0.03489546109493653,share,6,True,-0.08672904989142982,12,14.279167203497346
dec0_attn,|RQE| Q700,72,0.172707616041104,0.17235683898131052,-0.0003507770597934723,-0.0008569934560606877,8.721432338157748e-06,-0.2031045693491526,-0.013940060250956727,-0.03405735944988937,0.00034659419387386025,0.0039417365480828815,share,12,False,-0.024317421227939007,12,12.598163913313945
dec0_mlp,|RQE| Q700,72,0.172707616041104,0.17157885680596033,-0.0011287592351436615,-0.0022107170273860297,5.336833807329326e-05,-0.6535665658629782,-0.044857470884757354,-0.08785502842666423,0.0021208851247945274,0.012684043630936004,share,10,False,-0.024500659792854332,12,12.602784451810741
dec1_attn,|RQE| Q700,72,0.172707616041104,0.1734501545627912,0.0007425385216871897,-0.0003364551191528638,0.0015866550616919993,0.4299396510171661,0.02950886166008165,-0.013370898984942764,0.06305448586202995,-0.008344021216829575,share,11,False,0.4948508151983419,12,4.055113832088721
dec1_mlp,|RQE| Q700,72,0.172707616041104,0.17270584652821222,-1.7695128917694092e-06,-0.0005020816499988238,0.00039060832932591373,-0.00102457143021896,-7.032134980729224e-05,-0.019952982261736883,0.015522975329500479,1.9884292438901126e-05,share,17,False,-0.2499042082608892,12,19.995913407746976
dec2_attn,|RQE| Q700,72,0.172707616041104,0.17478550349672636,0.002077887455622355,0.0011090540637572605,0.003201469965279102,1.2031243921100867,0.08257631312360363,0.04407437726813491,0.1272280582826458,-0.02334954552459021,share,8,True,0.13316714199130242,12,9.179576349015077
dec2_mlp,|RQE| Q700,72,0.172707616041104,0.17002099379897118,-0.0026866222421328225,-0.003360831489165624,-0.0018151301580170793,-1.5555899060603169,-0.10676774572699393,-0.13356116696988538,-0.07213420336262696,0.030189993293581952,share,7,True,-0.22968036610088213,12,19.155898076386137
upsample,|RQE| Q700,72,0.172707616041104,0.1726842982073625,-2.331783374150594e-05,-0.0015342371848722299,0.0011286350588003795,-0.013501334959053774,-0.0009266626713553219,-0.06097137255489112,0.044852536053191935,0.000262026135731709,share,16,False,0.3991487565435652,12,5.153286873719717
decoder_io,|RQE| Q700,72,0.172707616041104,0.18650953968365988,0.013801923642555872,0.008714131793628137,0.019059393368661404,7.991496819266527,0.5484955238224886,0.3463040664901953,0.7574300670125217,-0.1550943693060857,share,3,True,-0.08354305269773701,12,14.187809553572398
decoder_heads,|RQE| Q700,72,0.172707616041104,0.18382318628331026,0.011115570242206255,0.008780164582033952,0.012939332301417986,6.436062576163853,0.4417384620058338,0.34892824336612244,0.5142157015487759,-0.12490739702956552,share,4,True,0.026303806522599272,12,11.384888419461902
encoder_io,Vag/Vg 850hPa,72,0.35660316050052643,0.36416858186324436,0.007565421362717946,0.006853169575333596,0.008463578050335248,2.1215239237081236,1.0360967670293681,0.9385527256813929,1.1591007869920809,0.13632906857601768,share,3,True,0.33779219979787695,12,5.940005931882461
enc0_attn,Vag/Vg 850hPa,72,0.35660316050052643,0.3567981993158658,0.00019503881533940634,0.00013469873617092767,0.00028984341770410527,0.05469351843815709,0.026710883152422073,0.018447211117333117,0.03969452772424015,0.003514603979947876,share,11,True,0.03573198162077272,12,11.172017882892277
enc0_mlp,Vag/Vg 850hPa,72,0.35660316050052643,0.3602413336435954,0.0036381731430689492,0.0034672694901625315,0.0038612308601538342,1.0202302015389957,0.49825373243620447,0.474848199054752,0.5288018497785507,0.06555996449280178,share,5,True,0.23846991136933055,12,7.378750973016442
enc1_attn,Vag/Vg 850hPa,72,0.35660316050052643,0.351723812520504,-0.00487934798002243,-0.0051810848837097485,-0.004503138487537702,-1.3682851192832397,-0.6682346461527812,-0.7095580061369985,-0.6167121439415956,-0.08792596386670434,share,4,True,0.119735069409297,12,9.433641452938431
enc1_mlp,Vag/Vg 850hPa,72,0.35660316050052643,0.3546096980571747,-0.0019934624433517456,-0.002338937483727932,-0.0016682896142204606,-0.5590142388400965,-0.2730079256298274,-0.32032129460978226,-0.22847497751817333,-0.03592223950442083,share,8,True,-0.1956112979811161,12,17.836321593980536
enc2_attn,Vag/Vg 850hPa,72,0.35660316050052643,0.3564778467019399,-0.0001253137985865275,-0.00015722525616486868,-9.390544146299363e-05,-0.03514096689738747,-0.01716192864279873,-0.021532254688489835,-0.012860503023101825,-0.0022581575594999544,share,14,True,0.2509689779531297,12,7.185128027130991
enc2_mlp,Vag/Vg 850hPa,72,0.35660316050052643,0.3565717736879985,-3.138681252797445e-05,-0.00012723586211601894,4.5043726762135826e-05,-0.00880160806312543,-0.0042984750522749695,-0.0174251583709861,0.0061688116808918435,-0.000565591090351588,share,17,False,-0.03776263146257033,12,12.94187067010216
downsample,Vag/Vg 850hPa,72,0.35660316050052643,0.35863779733578366,0.002034636835257212,0.0019224364931384721,0.002246273805697759,0.5705605167383839,0.2786468256054301,0.26328080616576044,0.30763085310955884,0.03666420300235872,share,7,True,-0.5722178472636681,12,44.103322325353425
dec0_attn,Vag/Vg 850hPa,72,0.35660316050052643,0.35647360732158023,-0.00012955317894617716,-0.00016759100059668224,-8.925336102644608e-05,-0.036329789888664185,-0.017742518681905663,-0.022951860256869745,-0.012223393036866259,-0.0023345512919916585,share,13,True,0.09893406946429922,12,9.83934474949835
dec0_mlp,Vag/Vg 850hPa,72,0.35660316050052643,0.3570162082711856,0.00041304777065912884,0.00029641638199488324,0.0005175173282623291,0.11582840995558678,0.05656756435504918,0.04059470588021637,0.07087484027481074,0.007443130415558186,share,9,True,0.5043062448234781,12,3.954198211027347
dec1_attn,Vag/Vg 850hPa,72,0.35660316050052643,0.35641581068436307,-0.00018734981616338095,-0.0002320187787214915,-0.0001403500636418661,-0.05253734035907525,-0.02565786220275889,-0.031775349316046024,-0.019221169611028967,-0.003376048036307386,share,12,True,-0.22882853639469863,12,19.121483525593227
dec1_mlp,Vag/Vg 850hPa,72,0.35660316050052643,0.3564932619531949,-0.00010989854733149211,-0.00016257483512163162,-5.0743420918782554e-05,-0.03081816414000343,-0.015050784897786017,-0.022264888232126218,-0.006949394070903796,-0.001980374374042421,share,15,True,-0.11161585055331585,12,15.015340171195101
dec2_attn,Vag/Vg 850hPa,72,0.35660316050052643,0.3565162817637126,-8.687873681386311e-05,-0.00013400750855604808,-3.0157466729482014e-05,-0.02436286226177035,-0.011898184386665846,-0.01835254637062285,-0.004130114144625332,-0.0015655568541445837,share,16,True,0.296444277753175,12,6.512172417925753
dec2_mlp,Vag/Vg 850hPa,72,0.35660316050052643,0.35696368167797726,0.00036052117745081585,0.0003250729913512866,0.0004000990961988767,0.10109870505488233,0.049373961937291974,0.04451927516521469,0.05479422231600602,0.00649659998661879,share,10,True,0.31529566207511206,12,6.246847984076634
upsample,Vag/Vg 850hPa,72,0.35660316050052643,0.35896073281764984,0.002357572317123413,0.0021956993887821833,0.002459652970234553,0.6611192996198734,0.322873365368238,0.3007046044119188,0.33685347693028606,0.04248350788204754,share,6,True,-0.10414694552686292,12,14.790107909064073
decoder_io,Vag/Vg 850hPa,72,0.35660316050052643,0.3839719792207082,0.027368818720181782,0.02667492497712374,0.02820891241232554,7.674867121695456,3.748204261712896,3.6531743844099274,3.8632564599580985,0.49318674866350126,share,1,True,0.217255009769276,12,7.716493099132175
decoder_heads,Vag/Vg 850hPa,72,0.35660316050052643,0.3813508426149686,0.02474768211444219,0.024098604917526245,0.02551588111867507,6.939838132591552,3.3892353381137132,3.3003431597360255,3.494441441853443,0.4459538061823429,share,2,True,0.11789255527638921,12,9.468968450251651
encoder_io,|Vag| 850hPa,72,3.7840824921925864,3.8756091594696045,0.09152666727701823,0.07824031164248783,0.1076264664530754,2.418728118793878,1.4368253458964813,1.2282503688080144,1.6895669807468816,0.13392799121132154,share,3,True,0.6306484257843928,12,2.7180714251480973
enc0_attn,|Vag| 850hPa,72,3.7840824921925864,3.7870684266090393,0.0029859344164530435,0.002055006225903829,0.004365882277488709,0.07890775168389426,0.046874494378335255,0.032260379616106616,0.06853751480440001,0.004369220579986289,share,12,True,0.06231064771891823,12,10.592261549420403
enc0_mlp,|Vag| 850hPa,72,3.7840824921925864,3.8300015131632485,0.04591902097066244,0.042795777817567195,0.049110244214534755,1.213478328376924,0.72085672025738,0.6718266937386314,0.7709539277448099,0.06719180780807862,share,5,True,0.2744968149872456,12,6.830961143076831
enc1_attn,|Vag| 850hPa,72,3.7840824921925864,3.7053372859954834,-0.07874520619710286,-0.0830884133776029,-0.07430354754130046,-2.0809590266483866,-1.23617642265285,-1.3043579739436284,-1.1664493373743954,-0.11522529550409376,share,4,True,-0.18805540568810034,12,17.558667140754018
enc1_mlp,|Vag| 850hPa,72,3.7840824921925864,3.749648948510488,-0.03443354368209839,-0.04536680181821188,-0.025477179388205217,-0.909957532721407,-0.5405527130331279,-0.7121877443366359,-0.39995181924553985,-0.05038548297266229,share,6,True,0.4284827646286174,12,4.801042752685655
enc2_attn,|Vag| 850hPa,72,3.7840824921925864,3.782078206539154,-0.0020042856534322104,-0.002465207874774933,-0.001619030038515727,-0.05296622516997192,-0.03146414605649246,-0.03869990312943051,-0.025416236210878216,-0.0029328059172678738,share,15,True,-0.20507162433882534,12,18.19139929435556
enc2_mlp,|Vag| 850hPa,72,3.7840824921925864,3.786599020163218,0.0025165279706319175,0.001361072063446045,0.0034885689616203307,0.06650298918757931,0.03950554826734396,0.021366699963322553,0.05476506961400591,0.003682353416341024,share,13,True,-0.15607135996871715,12,16.438423418252953
downsample,|Vag| 850hPa,72,3.7840824921925864,3.805429756641388,0.021347264448801678,0.01889646053314209,0.02483070542414983,0.5641331681549197,0.3351186221252781,0.2966448385974228,0.38980319038521444,0.031236756789490835,share,8,True,-0.3148882005489103,12,23.030778946193532
dec0_attn,|Vag| 850hPa,72,3.7840824921925864,3.7820438543955484,-0.0020386377970377603,-0.002617453038692474,-0.0014974325895309453,-0.05387403158477461,-0.03200342091579593,-0.04108991378768829,-0.02350734668287987,-0.0029830722901597155,share,14,True,0.30595116522839927,12,6.37740999741182
dec0_mlp,|Vag| 850hPa,72,3.7840824921925864,3.8045886754989624,0.02050618330637614,0.01902258594830831,0.02184875706831614,0.541906349787168,0.3219149653185146,0.29862481010369485,0.3429912709164499,0.030006030147715034,share,9,True,0.3572088839687062,12,5.683350207537677
dec1_attn,|Vag| 850hPa,72,3.7840824921925864,3.779590050379435,-0.004492441813151042,-0.005264736215273539,-0.003698188066482544,-0.11871944711617571,-0.07052430132263031,-0.08264811402636459,-0.05805576129775944,-0.006573643786767052,share,11,True,-0.04287939552933194,12,13.075209840742179
dec1_mlp,|Vag| 850hPa,72,3.7840824921925864,3.785262862841288,0.0011803706487019856,0.00045243601004282634,0.001873117188612619,0.03119304748607769,0.0185299707294503,0.007102536844898718,0.02940500656805571,0.0017271979256820978,share,17,True,-0.08135916193186785,12,14.125553105685043
dec2_attn,|Vag| 850hPa,72,3.7840824921925864,3.7825881838798523,-0.001494308312733968,-0.0022376875082651777,-0.0006413340568542488,-0.03948931652037349,-0.023458300429770856,-0.03512818967110646,-0.010067940366339316,-0.0021865726845392403,share,16,True,0.343410033423749,12,5.864984928566281
dec2_mlp,|Vag| 850hPa,72,3.7840824921925864,3.790963669617971,0.0068811774253845215,0.006146445373694102,0.007420481244723002,0.18184533343503845,0.10802370968538204,0.09648956706095815,0.11648993510162063,0.010069002807249008,share,10,True,0.1122610068660957,12,9.577669136871345
upsample,|Vag| 850hPa,72,3.7840824921925864,3.8089598615964255,0.02487736940383911,0.02205408811569214,0.026380478839079537,0.6574214345265126,0.39053574179075207,0.3462146468127487,0.41413220606135576,0.036402244395003246,share,7,True,0.10562127734923987,12,9.707252285828579
decoder_io,|Vag| 850hPa,72,3.7840824921925864,4.139596005280812,0.3555135130882263,0.3476545289158821,0.3639908547202746,9.394972594327177,5.58100542290941,5.457631678537766,5.714086411053385,0.5202113446595624,share,1,True,0.16824354453606277,12,8.543661561195245
decoder_heads,|Vag| 850hPa,72,3.7840824921925864,4.085675815741221,0.30159332354863483,0.2905507827798526,0.3139893159270286,7.970051503128954,4.734542885914134,4.561192288413841,4.9291405541861435,0.4413116874818946,share,2,True,0.2761040224476304,12,6.807244219767304
encoder_io,Vag/Vg 500hPa,72,0.2426200546324253,0.2508205597599347,0.008200505127509436,0.0075244877797861895,0.00914085665717721,3.379978270936168,3.5385311841839333,3.2468286086994738,3.94429438536311,0.07947612245311007,share,3,True,0.3185536243891613,12,6.201762564733262
enc0_attn,Vag/Vg 500hPa,72,0.2426200546324253,0.24260456239183745,-1.549224058787028e-05,-8.993595838546753e-05,5.7823645571867535e-05,-0.006385391599775775,-0.006684926791785113,-0.03880751104695644,0.024950996293248408,-0.00015014480094698336,share,17,False,0.28007085682054883,12,6.748962115746789
enc0_mlp,Vag/Vg 500hPa,72,0.2426200546324253,0.24740881969531378,0.004788765062888463,0.004477125654617945,0.005206858397771914,1.9737713232912864,2.066359845555973,1.931886938431437,2.246767793649515,0.04641085794344087,share,5,True,0.7320941133043943,12,1.8560600233287057
enc1_attn,Vag/Vg 500hPa,72,0.2426200546324253,0.23674617956082025,-0.005873875071605046,-0.006518818127612273,-0.0053409623603026075,-2.421017949445315,-2.534586563838616,-2.8128805323465738,-2.304633869697151,-0.056927324257028365,share,4,True,0.3231247069753839,12,6.138879784705363
enc1_mlp,Vag/Vg 500hPa,72,0.2426200546324253,0.24223552023371062,-0.00038453439871470135,-0.0010686235191921395,-1.0129964600007148e-05,-0.15849242112210363,-0.165927213029698,-0.4611127714717001,-0.0043710960574316615,-0.0037267585940726545,share,10,True,0.09000379936318909,12,10.018271875769129
enc2_attn,Vag/Vg 500hPa,72,0.2426200546324253,0.24240256225069365,-0.0002174923817316691,-0.00028404273713628455,-0.00015073198204239213,-0.08964320037812819,-0.09384831337989571,-0.12256489903603761,-0.06504109327626824,-0.0021078520035477904,share,14,True,-0.0697052898117897,12,13.798276328094456
enc2_mlp,Vag/Vg 500hPa,72,0.2426200546324253,0.24255509302020073,-6.496161222457886e-05,-0.0001551260550816854,1.0182460149129232e-05,-0.026775038165331024,-0.02803104041242757,-0.06693714287728146,0.004393747971516346,-0.0006295828083312349,share,15,False,0.08882507585288597,12,10.042108078012987
downsample,Vag/Vg 500hPa,72,0.2426200546324253,0.24529672165711722,0.0026766670246918998,0.002491108855853478,0.0029339725772539772,1.1032340375766172,1.1549861367412717,1.0749174877123018,1.2660138975252115,0.02594122104832139,share,6,True,0.057954396540165494,12,10.685287833282175
dec0_attn,Vag/Vg 500hPa,72,0.2426200546324253,0.24238764370481172,-0.00023241092761357626,-0.0002959670809408029,-0.0001748376525938511,-0.09579213390487605,-0.10028568998109051,-0.12771027261329107,-0.07544272898476365,-0.0022524367773997514,share,13,True,-0.07347508674701518,12,13.903243028551863
dec0_mlp,Vag/Vg 500hPa,72,0.2426200546324253,0.24304649978876114,0.0004264451563358307,0.0003574660668770472,0.0004735150684912999,0.17576665580341427,0.1840117725158746,0.1542471841995145,0.20432251550171693,0.004132941439276376,share,8,True,-0.32362750489206243,12,23.48340622007406
dec1_attn,Vag/Vg 500hPa,72,0.2426200546324253,0.24222309390703836,-0.00039696072538693744,-0.0004716898004213969,-0.000322361042102178,-0.16361414392900933,-0.171289193023718,-0.20353490938667645,-0.13909930940937323,-0.003847189743726106,share,9,True,0.08516646150866125,12,10.11642255017153
dec1_mlp,Vag/Vg 500hPa,72,0.2426200546324253,0.24256091813246408,-5.913649996121725e-05,-0.0001373103198905786,1.3432403405507378e-05,-0.024374118640279073,-0.02551749507896621,-0.0592496244180325,0.005796103726522745,-0.0005731280743425927,share,16,False,0.014845458129879993,12,11.648920934450768
dec2_attn,Vag/Vg 500hPa,72,0.2426200546324253,0.24238484973708788,-0.0002352048953374227,-0.00031144473080833753,-0.00017660322288672134,-0.0969437154293627,-0.10149129155864073,-0.13438890348572677,-0.07620457541276382,-0.0022795148314339536,share,12,True,-0.16551859490204882,12,16.760377227558337
dec2_mlp,Vag/Vg 500hPa,72,0.2426200546324253,0.24292563771208128,0.00030558307965596515,0.0002178370952606201,0.00040337701017657905,0.12595128631016517,0.13185959156274565,0.09399705782341923,0.17405783025541588,0.002961592960519496,share,11,True,0.28573800647686526,12,6.666322282689588
upsample,Vag/Vg 500hPa,72,0.2426200546324253,0.24522242695093155,0.002602372318506241,0.0024441931396722793,0.0027330157657464347,1.0726122053054896,1.1229278512369032,1.054673280537967,1.1793007093573047,0.025221185504825234,share,7,True,-0.18239721305400522,12,17.354107377309216
decoder_io,Vag/Vg 500hPa,72,0.2426200546324253,0.2911689132452011,0.0485488586127758,0.045651800092309715,0.052736190551271045,20.010241398357767,20.94891076667353,19.698825344168778,22.755751249363996,0.4705167513552363,share,2,True,0.7245971995685646,12,1.9162930370082831
decoder_heads,Vag/Vg 500hPa,72,0.2426200546324253,0.2982916384935379,0.055671583861112595,0.05406392207369209,0.057877552695572376,22.94599428124615,24.022378195291388,23.32866954198846,24.97425730404143,0.5395474482738539,share,1,True,-0.09762381348073508,12,14.596446535867912
encoder_io,|Vag| 500hPa,72,4.138371070226033,4.290833751360576,0.15246268113454184,0.14093851645787556,0.16712037722269693,3.6841230171806343,1.059863697062972,0.979752002260782,1.161758533562065,0.075924754064092,share,3,True,0.34634516232109036,12,5.826037981689744
enc0_attn,|Vag| 500hPa,72,4.138371070226033,4.136579215526581,-0.001791854699452718,-0.003476815422375997,-0.00021175841490427824,-0.043298550783529635,-0.012456305583959422,-0.024169524110055303,-0.001472065523408897,-0.0008923241173653518,share,15,True,0.2233770962175088,12,7.617826812521059
enc0_mlp,|Vag| 500hPa,72,4.138371070226033,4.227765599886577,0.0893945296605428,0.08566799014806747,0.09398178259531657,2.1601380867873736,0.6214374297905667,0.5955319169427506,0.6533263013402012,0.0445175017823701,share,5,True,0.5635791370696943,12,3.349398972525581
enc1_attn,|Vag| 500hPa,72,4.138371070226033,4.0229654510815935,-0.1154056191444397,-0.12348314126332602,-0.10753005643685659,-2.7886725763849003,-0.802256822837387,-0.8584087440309807,-0.7475088481487849,-0.05747074094429464,share,4,True,0.0951682552491432,12,9.914440895239578
enc1_mlp,|Vag| 500hPa,72,4.138371070226033,4.132839063803355,-0.00553200642267863,-0.020356157422065733,0.002536400159200032,-0.1336759398517755,-0.038456445444129884,-0.14150841440540876,0.01763210793589941,-0.002754878925106964,share,11,False,0.27137516144096696,12,6.877197484964692
enc2_attn,|Vag| 500hPa,72,4.138371070226033,4.134407937526703,-0.0039631326993306475,-0.005350054800510406,-0.002589049438635509,-0.09576552300599245,-0.02755022044350039,-0.03719158562713872,-0.017998106090562217,-0.001973596904376286,share,14,True,0.007026965749600182,12,11.832529630559725
enc2_mlp,|Vag| 500hPa,72,4.138371070226033,4.138867815335591,0.0004967451095581055,-0.0012431780497233075,0.0020019719998041786,0.012003397016086666,0.0034531867365601857,-0.008642110148414315,0.013916962691064015,0.00024737365232648304,share,17,False,0.04081912738808365,12,11.058761477825216
downsample,|Vag| 500hPa,72,4.138371070226033,4.18491264184316,0.046541571617126465,0.0426542321840922,0.05102257132530212,1.124635051505529,0.3235396478284356,0.2965163139045188,0.35468988657475636,0.023177195576590637,share,6,True,0.004616655237196569,12,11.889709447762879
dec0_attn,|Vag| 500hPa,72,4.138371070226033,4.134124497572581,-0.004246572653452556,-0.005526900291442871,-0.0030457774798075357,-0.10261459355360834,-0.02952058929334311,-0.03842094952415164,-0.021173109092390206,-0.0021147469133391533,share,12,True,-0.00844479493358699,12,12.20440120466365
dec0_mlp,|Vag| 500hPa,72,4.138371070226033,4.155538519223531,0.01716744899749756,0.015472614268461863,0.018373764554659524,0.41483590297183986,0.11934170269228915,0.10755984375828982,0.12772755854058038,0.008549202554641025,share,8,True,-0.1749109922353979,12,17.08777086368263
dec1_attn,|Vag| 500hPa,72,4.138371070226033,4.129325985908508,-0.009045084317525228,-0.010460495948791504,-0.007482930024464925,-0.21856629490286852,-0.06287805273841976,-0.07271746650981994,-0.05201853871108459,-0.004504353440374398,share,9,True,0.1486422628304637,12,8.894233806842202
dec1_mlp,|Vag| 500hPa,72,4.138371070226033,4.139492412408193,0.0011213421821594238,-0.00039676725864410404,0.002472113569577535,0.02709622126993502,0.0077951526367778705,-0.0027581780045504395,0.017185211541044965,0.0005584161892510349,share,16,False,-0.05817410178089272,12,13.48241670289748
dec2_attn,|Vag| 500hPa,72,4.138371070226033,4.134205063184102,-0.004166007041931152,-0.00578247308731079,-0.0028872370719909674,-0.10066779830121927,-0.028960527209639743,-0.040197596283093655,-0.02007099530617088,-0.002074626116595537,share,13,True,-0.09409532079445278,12,14.492853553916206
dec2_mlp,|Vag| 500hPa,72,4.138371070226033,4.146826148033142,0.00845507780710856,0.0067700544993082685,0.010153855880101521,0.20430932034924443,0.05877654752568112,0.04706289393286178,0.07058581911616948,0.004210536626540015,share,10,True,0.14532834520857119,12,8.954689631495548
upsample,|Vag| 500hPa,72,4.138371070226033,4.183619379997253,0.04524830977121989,0.041227229436238605,0.04753274917602539,1.0933845468030605,0.3145493738081102,0.2865963230136038,0.33042994455025065,0.02253316526792591,share,7,True,-0.16888066412276156,12,16.876719580429725
decoder_io,|Vag| 500hPa,72,4.138371070226033,5.05737026532491,0.918999195098877,0.8946482519308726,0.9547813187042872,22.20678570152198,6.3885396561789785,6.21926098115531,6.637283634252721,0.457651586301355,share,2,True,0.6495755899110981,12,2.5491968642027807
decoder_heads,|Vag| 500hPa,72,4.138371070226033,5.20358403523763,1.0652129650115967,1.0233831435441971,1.1092919816573459,25.73990942173815,7.404963253009592,7.114177934936906,7.711384137106715,0.5304644506613265,share,1,True,0.24398490921654786,12,7.292838540231984
encoder_io,Vag/Vg 250hPa,72,0.27468056976795197,0.28235524396101636,0.007674674193064372,0.006676594292124112,0.009008256718516348,2.7940360687135164,1.7506902459497777,1.5230155977108075,2.0548972859812245,0.09748325491962076,share,3,True,0.6008886272281835,12,2.991673744071859
enc0_attn,Vag/Vg 250hPa,72,0.27468056976795197,0.2747349515557289,5.438178777694702e-05,-3.150633225838344e-05,0.0001760410144925115,0.019798192432354547,0.012405173564820467,-0.0071869928524459096,0.04015718181726315,0.0006907542323602033,share,15,False,0.38352800782688923,12,5.3469563783510665
enc0_mlp,Vag/Vg 250hPa,72,0.27468056976795197,0.2781219258904457,0.003441356122493744,0.0032582158843676248,0.0036889838054776193,1.2528575011333984,0.78501685477853,0.7432402502657204,0.8415038610437324,0.04371190069038042,share,5,True,0.49088610937925425,12,4.097809114334459
enc1_attn,Vag/Vg 250hPa,72,0.27468056976795197,0.26879435280958813,-0.005886216958363851,-0.006599759248395761,-0.00541094404955705,-2.142931683641286,-1.3427205318845161,-1.5054885524944894,-1.234304770553022,-0.07476637754641491,share,4,True,0.37598807095537484,12,5.442011676261364
enc1_mlp,Vag/Vg 250hPa,72,0.27468056976795197,0.2736416310071945,-0.0010389387607574463,-0.0016486310089627902,-0.0005918877199292185,-0.3782352576431357,-0.23699507091010072,-0.37607358357567855,-0.1350170745898197,-0.013196538317199094,share,8,True,0.42781706347823867,12,4.80887602052795
enc2_attn,Vag/Vg 250hPa,72,0.27468056976795197,0.2745291739702225,-0.0001513957977294922,-0.00021724955489238102,-7.86706805229187e-05,-0.055117039351341886,-0.03453529618264857,-0.04955737105175537,-0.01794577718467452,-0.0019230204139689452,share,14,True,0.2772690447369856,12,6.790089761348646
enc2_mlp,Vag/Vg 250hPa,72,0.27468056976795197,0.27472840746243793,4.783769448598226e-05,-2.839099615812302e-05,0.0001248780637979507,0.017415754789789167,0.010912383121229934,-0.0064763452879525625,0.028486265699948086,0.0006076315487839538,share,16,False,0.4637608976654737,12,4.396120458113873
downsample,Vag/Vg 250hPa,72,0.27468056976795197,0.27725449701150257,0.0025739272435506186,0.0024504033848643304,0.0027653888488809266,0.9370620010454518,0.5871453570160265,0.5589680026288408,0.6308201706294264,0.0326938706863093,share,7,True,-0.23330284559197,12,19.30310300751083
dec0_attn,Vag/Vg 250hPa,72,0.27468056976795197,0.2744990612069766,-0.00018150856097539267,-0.00025646413365999857,-9.960861255725228e-05,-0.06607986911077464,-0.04140439831871507,-0.05850271242006242,-0.02272198428620766,-0.0023055109408615547,share,13,True,0.3739803268386176,12,5.467499010863892
dec0_mlp,Vag/Vg 250hPa,72,0.27468056976795197,0.27540608247121173,0.000725512703259786,0.0006066829587022464,0.0008260419592261314,0.26412960475241976,0.16549862325848305,0.13839205567108118,0.18843061794979088,0.009215419185248491,share,9,True,0.5420689180435428,12,3.5635067403143914
dec1_attn,Vag/Vg 250hPa,72,0.27468056976795197,0.27434782683849335,-0.00033274292945861816,-0.00040923307339350384,-0.00023363636185725538,-0.12113813865309687,-0.07590287044867544,-0.09335123966011563,-0.05329540896632808,-0.004226480890150251,share,10,True,0.22298868993759483,12,7.624057194858151
dec1_mlp,Vag/Vg 250hPa,72,0.27468056976795197,0.2747226705153783,4.2100747426350914e-05,-4.7958642244338987e-05,0.0001419423768917719,0.015327166192321977,0.009603712941080356,-0.010939972834551701,0.03237885133103369,0.0005347611886089494,share,17,False,0.5478007347743078,12,3.5058719515981847
dec2_attn,Vag/Vg 250hPa,72,0.27468056976795197,0.27439242353041965,-0.0002881462375322978,-0.0003369525074958801,-0.0002233918756246567,-0.10490230079824048,-0.0657298010006469,-0.07686312843800598,-0.05095851209344387,-0.0036600163630236045,share,11,True,0.2486205807997918,12,7.221211286319686
dec2_mlp,Vag/Vg 250hPa,72,0.27468056976795197,0.2749342868725459,0.0002537171045939128,0.00017996331055959066,0.00035754473259051636,0.09236805676071337,0.05787608034808691,0.041051907155905946,0.08156047541439762,0.0032226995651421825,share,12,True,0.5491747172480202,12,3.492119599417424
upsample,Vag/Vg 250hPa,72,0.27468056976795197,0.27774705986181897,0.003066490093866984,0.0028328674534956614,0.003173287895818551,1.1163840589298075,0.6995051726737865,0.646212893751937,0.7238671019833657,0.03895037470112703,share,6,True,-0.20092191320545572,12,18.0346116313546
decoder_io,Vag/Vg 250hPa,72,0.27468056976795197,0.3113202552000682,0.03663968543211619,0.03428170022865137,0.040078293159604074,13.33901610262026,8.357975633498786,7.820089386870839,9.142365544617203,0.4653951041181012,share,2,True,0.6567432332669952,12,2.486252014244527
decoder_heads,Vag/Vg 250hPa,72,0.27468056976795197,0.31835870693127316,0.043678137163321175,0.04144015560547511,0.046612627555926635,15.901429504176479,9.963535489517751,9.453023592155734,10.632929860917956,0.5547970991855349,share,1,True,0.38687371960657446,12,5.305108360412419
encoder_io,|Vag| 250hPa,72,7.558339079221089,7.778842528661092,0.22050344944000244,0.1934459497531255,0.25431896050771075,2.9173532323549316,1.1001275581317362,0.9651332932561953,1.268838640486105,0.08690048124745417,share,3,True,0.5558615240034742,12,3.42553731789977
enc0_attn,|Vag| 250hPa,72,7.558339079221089,7.558082461357117,-0.00025661786397298175,-0.0028273155291875206,0.003459354241689044,-0.0033951621021933174,-0.00128030824362407,-0.01410593683269942,0.017259280724574548,-0.00010113318377821382,share,17,False,0.3855264453519354,12,5.321935702139412
enc0_mlp,|Vag| 250hPa,72,7.558339079221089,7.663060744603475,0.10472166538238525,0.1011267105738322,0.10887622733910879,1.3855116088967148,0.5224734139678817,0.5045375999696362,0.5432011990078199,0.04127084243750251,share,5,True,0.3562674380480202,12,5.695625012233209
enc1_attn,|Vag| 250hPa,72,7.558339079221089,7.405684073766072,-0.1526550054550171,-0.1734242926041285,-0.13854500552018484,-2.0196898267595143,-0.7616206404676232,-0.8652419906710621,-0.6912235568257656,-0.06016138737314068,share,4,True,0.40339969758023947,12,5.101329037893568
enc1_mlp,|Vag| 250hPa,72,7.558339079221089,7.528781294822693,-0.02955778439839681,-0.04921532372633616,-0.015174205104510001,-0.3910618998247275,-0.1474685917910793,-0.2455432513696304,-0.07570657624908006,-0.011648732459072351,share,8,True,0.48784898615885214,12,4.130669324149816
enc2_attn,|Vag| 250hPa,72,7.558339079221089,7.553806225458781,-0.004532853762308757,-0.006550919016202291,-0.002130531271298728,-0.05997155876176809,-0.022615144359697827,-0.032683600003156954,-0.010629566888725345,-0.0017863991441827481,share,14,True,0.28885815092979616,12,6.621133739726239
enc2_mlp,|Vag| 250hPa,72,7.558339079221089,7.560632586479187,0.0022935072580973306,0.0002623190482457479,0.004486481348673503,0.03034406413973272,0.011442680583074339,0.0013087523788445662,0.022383784848965513,0.0009038719574653059,share,16,True,0.4327350367612791,12,4.751178259905188
downsample,|Vag| 250hPa,72,7.558339079221089,7.633652329444885,0.07531325022379558,0.07140735785166423,0.08091494937737782,0.99642592683943,0.3757500495982615,0.356262917543906,0.4036978373851181,0.029680976444491212,share,7,True,-0.19409217277082247,12,17.780080536648114
dec0_attn,|Vag| 250hPa,72,7.558339079221089,7.553338368733724,-0.005000710487365723,-0.007311131556828817,-0.0024108797311782836,-0.06616149970187711,-0.02494935762393285,-0.03647642396171431,-0.012028270933385687,-0.001970781631919615,share,13,True,0.4042143938219221,12,5.091407199350788
dec0_mlp,|Vag| 250hPa,72,7.558339079221089,7.587024648984273,0.028685569763183594,0.02493469516436259,0.03158392608165741,0.37952213393077533,0.1431169711736206,0.12440324799269555,0.15757734205369553,0.011304992387234043,share,9,True,0.515236035217307,12,3.839116442711877
dec1_attn,|Vag| 250hPa,72,7.558339079221089,7.546648025512695,-0.011691053708394369,-0.014150420824686686,-0.008499463399251304,-0.1546775499995056,-0.058328567652191986,-0.07059875003286416,-0.042405204719450945,-0.00460744807452883,share,10,True,0.32813022691400245,12,6.070517117711845
dec1_mlp,|Vag| 250hPa,72,7.558339079221089,7.5607064962387085,0.002367417017618815,-0.00023518999417622882,0.005279149611790973,0.03132192129521113,0.011811428389382912,-0.001173401117520899,0.02633853568359689,0.0009329998177668664,share,15,False,0.6090803164506591,12,2.9153524250049063
dec2_attn,|Vag| 250hPa,72,7.558339079221089,7.549309412638347,-0.009029666582743326,-0.010838282108306885,-0.006768232583999637,-0.11946628072782707,-0.045050474600943025,-0.054073951497973484,-0.03376781272317084,-0.0035585945414334983,share,12,True,0.35351170115199876,12,5.731653135745451
dec2_mlp,|Vag| 250hPa,72,7.558339079221089,7.568451126416524,0.01011204719543457,0.007952570915222168,0.013135352730751034,0.13378663075905095,0.05045064744827596,0.03967666920427625,0.06553441028509657,0.003985161093451889,share,11,True,0.5360276022938765,12,3.624719219992417
upsample,|Vag| 250hPa,72,7.558339079221089,7.650171279907227,0.09183220068613689,0.08159639437993367,0.09653944373130798,1.214978578277815,0.4581657790627541,0.40709767729042,0.48165097990640676,0.036191100202309825,share,6,True,0.05484677730574735,12,10.752119564985502
decoder_io,|Vag| 250hPa,72,7.558339079221089,8.704641580581665,1.1463025013605754,1.098499608039856,1.2174778699874877,15.166063461110367,5.719089542158127,5.480593135711368,6.074195027743542,0.45175818916383387,share,2,True,0.5677483091699971,12,3.308579737972204
decoder_heads,|Vag| 250hPa,72,7.558339079221089,8.933212836583456,1.3748737573623657,1.3172752936681111,1.4311447143554688,18.190157162200915,6.8594686988695655,6.572100599290964,7.140213651693546,0.5418381956051626,share,1,True,0.18231746093151108,12,8.2991166019752
encoder_io,div/vort 850hPa,72,0.4078478068113327,0.4123695641756058,0.004521757364273071,0.003985692312320073,0.0049738616372148195,1.1086874291725202,0.7175462669303971,0.6324794564243981,0.7892895532632288,0.12325862788816326,share,3,True,-0.6009376038560983,12,48.14097101583485
enc0_attn,div/vort 850hPa,72,0.4078478068113327,0.4081217298905055,0.0002739230791727702,5.6881209214528405e-05,0.0004445015142361323,0.06716306293624007,0.04346816227679194,0.009026335568744801,0.07053682373696332,0.007466871874308154,share,12,True,0.3944361131945111,12,5.2112582088959565
enc0_mlp,div/vort 850hPa,72,0.4078478068113327,0.4092438593506813,0.0013960525393486023,0.001113190936545531,0.001633274865647157,0.3422974246847932,0.22153605497789286,0.1766494609397092,0.2591802673836678,0.038055009722433,share,6,True,-0.04038440509942535,12,13.010014559513936
enc1_attn,div/vort 850hPa,72,0.4078478068113327,0.407302829126517,-0.0005449776848157247,-0.001425890438258648,0.00011757264534632341,-0.13362280628073286,-0.08648113372681143,-0.22627095586954912,0.018657306433103676,-0.014855552000821047,share,8,False,0.24970561843912392,12,7.204522765910166
enc1_mlp,div/vort 850hPa,72,0.4078478068113327,0.40598325182994205,-0.0018645549813906352,-0.0034041146437327066,-0.0007945802062749879,-0.4571693043952457,-0.2958815253897223,-0.5401903636211985,-0.12608992806518288,-0.05082592233809438,share,5,True,0.22391006903724694,12,7.609283890342449
enc2_attn,div/vort 850hPa,72,0.4078478068113327,0.40785570442676544,7.897615432739258e-06,-8.469906946023305e-05,9.790373345216115e-05,0.0019364123824730127,0.001253252665918967,-0.013440681621677207,0.015536096432817004,0.00021528117574798659,share,16,False,0.07355114937498608,12,10.355711708727275
enc2_mlp,div/vort 850hPa,72,0.4078478068113327,0.407991756995519,0.00014395018418629965,4.778361568848292e-05,0.0002120270083347956,0.03529507374619521,0.02284309151635068,0.007582661406959356,0.03364603097041919,0.003923939468146163,share,13,True,-0.174653594275154,12,17.078699360085565
downsample,div/vort 850hPa,72,0.4078478068113327,0.41093820085128147,0.0030903940399487815,0.002465014283855756,0.003591991898914178,0.7577321707600537,0.49040683258016604,0.3911668970312286,0.5700041311978821,0.08424108113529476,share,4,True,0.18018809210222658,12,8.335741531885535
dec0_attn,div/vort 850hPa,72,0.4078478068113327,0.40784184883038205,-5.957980950673421e-06,-5.792969216903051e-05,7.51137112577756e-05,-0.0014608343728153325,-0.000945456964006164,-0.009192716683283902,0.011919605314109846,-0.00016240866057214457,share,17,False,-0.4227598917989061,12,29.577152486498896
dec0_mlp,div/vort 850hPa,72,0.4078478068113327,0.4082699343562126,0.00042212754487991333,0.00029302227000395457,0.0005054122457901636,0.10350124184318253,0.06698635499336877,0.046498964679103236,0.08020259403855515,0.011506778843729882,share,10,True,0.1781515306961493,12,8.37089404434998
dec1_attn,div/vort 850hPa,72,0.4078478068113327,0.40791767090559006,6.986409425735474e-05,1.4994665980339052e-05,0.00012385565787553785,0.017129942368348527,0.011086556838039767,0.002379465710184167,0.019654341838195453,0.0019044260235744057,share,14,True,-0.5663332482735006,12,43.3420337262472
dec1_mlp,div/vort 850hPa,72,0.4078478068113327,0.40816768010457355,0.00031987329324086505,0.00021934409936269126,0.0004042793686191241,0.07842957296784876,0.05075988580661355,0.03480716168330088,0.064154072936699,0.008719429205656973,share,11,True,0.5709260728959189,12,3.277612622316003
dec2_attn,div/vort 850hPa,72,0.4078478068113327,0.407784807185332,-6.299962600072224e-05,-0.00012324502070744833,-7.932136456171727e-06,-0.015446846825846827,-0.009997251690681268,-0.019557441366738596,-0.001258730720024722,-0.0017173074167293003,share,15,True,-0.36880222885294983,12,26.02294795240764
dec2_mlp,div/vort 850hPa,72,0.4078478068113327,0.40827006846666336,0.00042226165533065796,0.00035345877210299175,0.0004659999161958695,0.10353412431760188,0.06700763664241269,0.056089480705048135,0.07394835089962401,0.011510434561808622,share,9,True,-0.22666516422378302,12,19.03442246450796
upsample,div/vort 850hPa,72,0.4078478068113327,0.408508559068044,0.0006607522567113241,0.0005618638048569362,0.0007297396659851074,0.1620095157253066,0.10485310842088202,0.08916074950943707,0.11580054633091254,0.01801145218001724,share,7,True,-0.028380613939521505,12,12.701030407915429
decoder_io,div/vort 850hPa,72,0.4078478068113327,0.43075376252333325,0.02290595571200053,0.021674931173523267,0.023764970215658345,5.616299837698197,3.6348883160963883,3.4395401381814774,3.771203160233945,0.6243936691154393,share,1,True,0.30964217498338187,12,6.325616308366473
decoder_heads,div/vort 850hPa,72,0.4078478068113327,0.41323674966891605,0.0053889428575833636,0.004860923190911611,0.005698036712904771,1.321312207049883,0.8551577447990308,0.7713676361833604,0.9042070688006639,0.14689724566860451,share,2,True,-0.07444211823934531,12,13.930306978041918
encoder_io,div/vort 500hPa,72,0.25359945620099705,0.2639439565440019,0.010344500343004862,0.009613693536569674,0.010943541768938303,4.079070396273267,1.7238676075397543,1.6020817175295998,1.8236953493832155,0.1629104905729849,share,4,True,-0.3472071050538302,12,24.76510603256347
enc0_attn,div/vort 500hPa,72,0.25359945620099705,0.2537875523169835,0.00018809611598650614,8.390471339225769e-05,0.0002893396963675816,0.07417055178439559,0.03134542903973551,0.013982368673285284,0.04821724719461662,0.002962233990446529,share,13,True,-0.23402687899986538,12,19.33269215591154
enc0_mlp,div/vort 500hPa,72,0.25359945620099705,0.2547226808965206,0.0011232246955235798,0.0007995756653447946,0.0014021944875518481,0.442912895930399,0.1871806858135161,0.1332459319987371,0.23366983193112745,0.0176891178987853,share,8,True,0.20539421582615408,12,7.91049872721586
enc1_attn,div/vort 500hPa,72,0.25359945620099705,0.24063101783394814,-0.012968438367048899,-0.014046654291450977,-0.011739342566579582,-5.113748491940934,-2.1611358770410587,-2.3408160398695284,-1.9563122155072301,-0.204233610738879,share,2,True,0.32555134613690845,12,6.105673590045286
enc1_mlp,div/vort 500hPa,72,0.25359945620099705,0.24581090112527212,-0.007788555075724919,-0.00867928834632039,-0.0070215476366380855,-3.0712033820576847,-1.2979300458586893,-1.4463670105474489,-1.1701114722068529,-0.12265815517122282,share,5,True,-0.19347256554268497,12,17.757202265721794
enc2_attn,div/vort 500hPa,72,0.25359945620099705,0.25360526517033577,5.808969338734944e-06,-5.1129050552845e-05,4.130747790137923e-05,0.0022906079633431427,0.0009680403832175784,-0.00852044188986989,0.006883717989482638,9.148262490383802e-05,share,17,False,-0.46992205156908706,12,33.27635995996919
enc2_mlp,div/vort 500hPa,72,0.25359945620099705,0.2538379170000553,0.0002384607990582784,0.00014231353998184204,0.00032081815103689827,0.094030485171577,0.039738492293887234,0.023715954715483923,0.053462999675695934,0.0037554028197485313,share,10,True,-0.16102510893131333,12,16.606338825502615
downsample,div/vort 500hPa,72,0.25359945620099705,0.2572777606546879,0.003678304453690847,0.0028648823499679565,0.0044336184859275814,1.4504386203318622,0.6129740140300446,0.47742063113389077,0.7388439304609162,0.05792782281966709,share,6,True,0.358491881220791,12,5.666649563214698
dec0_attn,div/vort 500hPa,72,0.25359945620099705,0.2535493051012357,-5.015109976132711e-05,-0.00011750338599085808,-2.7194929619630584e-06,-0.019775712658302594,-0.008357470491023587,-0.01958144658217888,-0.0004531920992424346,-0.0007898052099169102,share,15,True,0.1233907755882432,12,9.363892709046711
dec0_mlp,div/vort 500hPa,72,0.25359945620099705,0.25438109040260315,0.0007816342016061147,0.0006786013642946879,0.0008759628050029277,0.30821604009537373,0.13025606229547262,0.11308607197552559,0.14597552853051315,0.012309575814203796,share,9,True,-0.5607415732015635,12,42.63754030839102
dec1_attn,div/vort 500hPa,72,0.25359945620099705,0.25340315451224643,-0.00019630168875058493,-0.0002856755629181862,-0.0001237770852943262,-0.07740619467062294,-0.03271285333479788,-0.04760663471903321,-0.020626932265400567,-0.003091459553799364,share,12,True,0.1977149486518466,12,8.038156847766247
dec1_mlp,div/vort 500hPa,72,0.25359945620099705,0.2538268280526002,0.0002273718516031901,0.00011139077444871267,0.00036868822450439125,0.08965786244548585,0.03789056569659501,0.018562805498938583,0.061440346699224435,0.003580768394696955,share,11,True,-0.2799509952996166,12,21.331064751608874
dec2_attn,div/vort 500hPa,72,0.25359945620099705,0.25355082253615063,-4.863366484642029e-05,-0.00011493858570853869,7.777785261471094e-07,-0.019177353758942754,-0.008104596325078336,-0.019154033369370684,0.0001296135301471258,-0.0007659078675414314,share,16,False,-0.20111759094020779,12,18.04196828948292
dec2_mlp,div/vort 500hPa,72,0.25359945620099705,0.25371144711971283,0.00011199091871579488,3.723775347073873e-05,0.00018751307701071098,0.04416055160111758,0.01866281702463526,0.0062055154775228945,0.03124826803910911,0.0017636903574609745,share,14,True,-0.27837892200073067,12,21.258452021026333
upsample,div/vort 500hPa,72,0.25359945620099705,0.2551644518971443,0.0015649956961472828,0.0014201434950033825,0.0017227371533711751,0.6171131908527846,0.2607999707160105,0.23666095876250826,0.28708692315042816,0.02464635392238819,share,7,True,0.25556929341534285,12,7.11483509979468
decoder_io,div/vort 500hPa,72,0.25359945620099705,0.30735354125499725,0.05375408505400022,0.051030502654612064,0.05791724026203155,21.196451230319667,8.95789288268423,8.504019295841966,9.651665241939714,0.846546868005166,share,1,True,0.46729944935199125,12,4.356579436187484
decoder_heads,div/vort 500hPa,72,0.25359945620099705,0.2658466659486294,0.012247209747632345,0.011825038741032282,0.012857393672068914,4.829351738800848,2.040946151736099,1.970593123654619,2.142630744234468,0.19287533297692985,share,3,True,-0.46876860996432945,12,33.17805319898072
encoder_io,div/vort 250hPa,72,0.2592812478542328,0.2663709248105685,0.007089676956335704,0.0055508103221654885,0.008313428206990162,2.7343577736564666,2.4870676949599675,1.947231322122658,2.9163611904061435,0.17641302812116977,share,5,True,0.12791785002006295,12,9.278145389376627
enc0_attn,div/vort 250hPa,72,0.2592812478542328,0.25937797253330547,9.672467907269795e-05,-0.00014067916199564934,0.0002878399565815925,0.03730492655106176,0.03393114046079347,-0.04935042898403851,0.10097462292594489,0.0024068083262967516,share,14,False,0.4290382753659262,12,4.794511675241482
enc0_mlp,div/vort 250hPa,72,0.2592812478542328,0.25971577937404317,0.0004345315198103587,-8.205628643433253e-05,0.0008371556488176185,0.16759080087991984,0.15243420991085105,-0.028785449663800852,0.29367526653903614,0.010812484362257823,share,9,False,0.16186385199761724,12,8.656465005548016
enc1_attn,div/vort 250hPa,72,0.2592812478542328,0.241514902561903,-0.017766345292329788,-0.01928619410221775,-0.016009309173872076,-6.852152031572286,-6.232456528864903,-6.765621424751694,-5.6160860234092365,-0.44208146449681174,share,2,True,0.0877091688058509,12,10.064721607843545
enc1_mlp,div/vort 250hPa,72,0.2592812478542328,0.2472671022017797,-0.012014145652453104,-0.013875579337279002,-0.01038061253105601,-4.633634615646182,-4.214577577904666,-4.867570882444954,-3.6415320809242733,-0.29894899695591726,share,4,True,0.6360095953103206,12,2.669840610224322
enc2_attn,div/vort 250hPa,72,0.2592812478542328,0.25924291958411533,-3.832827011744181e-05,-7.837265729904175e-05,3.4022765854994328e-06,-0.014782507579950348,-0.013445605914046848,-0.027493227877248522,0.0011935229541809426,-0.0009537255696850235,share,16,False,-0.40016452181544326,12,28.010971129346412
enc2_mlp,div/vort 250hPa,72,0.2592812478542328,0.2594694184760253,0.00018817062179247537,1.6320962458848953e-05,0.0002786045583585897,0.0725739417523416,0.06601049349397685,0.005725414392228845,0.09773483348109653,0.004682265411851877,share,10,True,-0.13083592198037902,12,15.612738039845924
downsample,div/vort 250hPa,72,0.2592812478542328,0.2607317976653576,0.0014505498111248016,0.0003573298454284668,0.0021466571216781933,0.5594503355446271,0.5088547189664013,0.12535176433052944,0.7530500490167581,0.036094152977229135,share,7,True,0.05513487621387196,12,10.745907220998056
dec0_attn,div/vort 250hPa,72,0.2592812478542328,0.25924324865142506,-3.7999202807744346e-05,-0.00010103552291790644,2.6338671644528616e-05,-0.014655592381716473,-0.013330168683203126,-0.03544338996545586,0.009239639517950902,-0.0009455373601351458,share,17,False,-0.21965274117456773,12,18.755538292175792
dec0_mlp,div/vort 250hPa,72,0.2592812478542328,0.25976210832595825,0.00048086047172546387,0.0003850969175497691,0.0005458113426963488,0.18545902401542064,0.16868646517707192,0.1350924885527805,0.1914713133367392,0.011965291570168747,share,8,True,-0.5897726822930933,12,46.504148709928614
dec1_attn,div/vort 250hPa,72,0.2592812478542328,0.259108517318964,-0.00017273053526878357,-0.0002622108906507492,-6.209857140978193e-05,-0.06661898486615284,-0.060594091500350895,-0.09198391399503415,-0.021784257845262566,-0.004298068439990814,share,11,True,-0.2752701029102577,12,21.115785751871798
dec1_mlp,div/vort 250hPa,72,0.2592812478542328,0.2594110630452633,0.00012981519103050232,4.896000027656555e-05,0.00023185887063543,0.05006732731534988,0.04553933414956171,0.017175230378340452,0.08133638676328643,0.003230202319070889,share,12,True,0.32187178160195434,12,6.15607257378231
dec2_attn,div/vort 250hPa,72,0.2592812478542328,0.2591828443109989,-9.840354323387146e-05,-0.00015673634285728137,-2.304588754971822e-05,-0.037952433524692714,-0.0345200881441924,-0.054983308456410834,-0.008084526668787517,-0.00244858364445311,share,13,True,-0.05444955710522401,12,13.382040884592763
dec2_mlp,div/vort 250hPa,72,0.2592812478542328,0.2593751462797324,9.389842549959819e-05,4.166333625713986e-06,0.00017651645466685293,0.0362148926220795,0.03293968711211303,0.001461555135834321,0.06192219684120794,0.0023364824208796874,share,15,True,-0.4686077090682876,12,33.1643736831782
upsample,div/vort 250hPa,72,0.2592812478542328,0.2612677377959092,0.001986489941676458,0.0017875805497169495,0.0021072516528268656,0.766152569118017,0.6968631985257536,0.6270855307965445,0.7392265604165749,0.049429996331527636,share,6,True,0.17636072439168424,12,8.401905216965485
decoder_io,div/vort 250hPa,72,0.2592812478542328,0.3036259313424428,0.044344683488210045,0.042651095272352293,0.04658389020090301,17.10292736370218,15.556171377906377,14.962058477393953,16.34168794118214,1.103432489718583,share,1,True,0.18446154381090027,12,8.262371645078591
decoder_heads,div/vort 250hPa,72,0.2592812478542328,0.27251863727966946,0.013237389425436655,0.012336287647485733,0.014296295618017514,5.105417200428887,4.643693049538332,4.32758539955437,5.015158688915232,0.3293870746640343,share,3,True,0.2595182349175037,12,7.054904752190396
encoder_io,Hyps 600-500,72,26.896419048309326,27.355775356292725,0.45935630798339844,0.38953158458073933,0.5469663540522258,1.7078716209705729,0.8741687545778462,0.7412902233923093,1.0408932852514567,0.06727844112833475,share,3,True,0.30305378407416544,12,6.41827274769957
enc0_attn,Hyps 600-500,72,26.896419048309326,26.869152863820393,-0.027266184488932293,-0.03538061380386352,-0.016461761792500817,-0.1013747757274261,-0.05188836230728578,-0.06733036330969666,-0.03132722366975244,-0.003993471638576569,share,17,True,0.021442908680651226,12,11.496173693153
enc0_mlp,Hyps 600-500,72,26.896419048309326,26.938918272654217,0.04249922434488932,0.03470934629440307,0.0520247181256612,0.15801071610520123,0.08087729148467265,0.06605292121837172,0.09900459025113982,0.006224539673004479,share,16,True,-0.419228997896635,12,29.32437727276285
enc1_attn,Hyps 600-500,72,26.896419048309326,26.504175345102947,-0.3922437032063802,-0.4594149986902873,-0.32528593937555955,-1.458349167232491,-0.7464514660269256,-0.8742804447435295,-0.6190288444148121,-0.057448965945372854,share,4,True,0.15956296050342797,12,8.697453107315814
enc1_mlp,Hyps 600-500,72,26.896419048309326,26.82194471359253,-0.07447433471679688,-0.1785635511080424,0.02010504404703776,-0.27689312314413184,-0.14172688019285645,-0.33981176348786835,0.038260498462485304,-0.010907692039350422,share,11,False,0.10459980480661073,12,9.727325946976634
enc2_attn,Hyps 600-500,72,26.896419048309326,26.81221294403076,-0.08420610427856445,-0.08880424896876017,-0.08054441213607788,-0.3130755217909112,-0.16024672792281602,-0.16899713440976122,-0.15327841856423277,-0.01233303065810204,share,9,True,0.12907718092141934,12,9.256297094246504
enc2_mlp,Hyps 600-500,72,26.896419048309326,26.81116231282552,-0.08525673548380534,-0.09307015736897786,-0.07928355137507122,-0.3169817340021124,-0.16224611044188494,-0.17711528532779813,-0.15087896293036107,-0.012486908657513219,share,8,True,-0.18498569671446283,12,17.447335958706102
downsample,Hyps 600-500,72,26.896419048309326,26.83114242553711,-0.0652766227722168,-0.10022830168406169,-0.03304013411204025,-0.242696333125134,-0.12422336003688651,-0.19073744745391716,-0.06287636065041494,-0.00956057279700146,share,13,True,0.3819022061368146,12,5.367364994005872
dec0_attn,Hyps 600-500,72,26.896419048309326,26.814915498097736,-0.08150355021158855,-0.0867686112721761,-0.07413333654403687,-0.3030275147974085,-0.15510368692860593,-0.16512325515945403,-0.14107795049968738,-0.011937208022097766,share,10,True,0.17570232647333658,12,8.413330363979924
dec0_mlp,Hyps 600-500,72,26.896419048309326,26.824671586354572,-0.07174746195475261,-0.0761281927426656,-0.06694491704305013,-0.26675470004347124,-0.13653755999661646,-0.14487422134306113,-0.1273981737918256,-0.01050830762817067,share,12,True,-0.4213465096903422,12,29.475598785651073
dec1_attn,Hyps 600-500,72,26.896419048309326,26.80641571680705,-0.09000333150227864,-0.09252583583196004,-0.0883466402689616,-0.3346294216364692,-0.17127902423416258,-0.17607942520824588,-0.16812629140568222,-0.013182106644868137,share,6,True,-0.5841245597114053,12,45.709587234450105
dec1_mlp,Hyps 600-500,72,26.896419048309326,26.811046600341797,-0.0853724479675293,-0.0923613468805949,-0.07994240522384644,-0.3174119492047983,-0.1624663147495827,-0.1757663978278493,-0.1521327814551596,-0.012503856189067127,share,7,True,-0.06559860090396887,12,13.684893048339122
dec2_attn,Hyps 600-500,72,26.896419048309326,26.789499441782635,-0.1069196065266927,-0.11227051417032878,-0.09837814172108968,-0.3975235749214486,-0.2034712001402847,-0.21365413697908278,-0.18721653786262124,-0.015659705392422275,share,5,True,0.26944319175024445,12,6.905926752744254
dec2_mlp,Hyps 600-500,72,26.896419048309326,26.83223231633504,-0.06418673197428386,-0.07087977727254231,-0.06038804848988851,-0.23864415504159298,-0.12214926534199158,-0.1348863301673279,-0.1149202573739344,-0.009400944742241636,share,14,True,0.122773247555964,12,9.375642902289345
upsample,Hyps 600-500,72,26.896419048309326,26.83295551935832,-0.06346352895100911,-0.06725983619689942,-0.05894396305084229,-0.2359553100248055,-0.12077298841888058,-0.1279974743341904,-0.11217211971300418,-0.009295022670029704,share,15,True,-0.4350968319468393,12,30.485157381417732
decoder_io,Hyps 600-500,72,26.896419048309326,35.07214514414469,8.175726095835367,7.874199867248535,8.409728304545084,30.397080299614395,15.558650604672437,14.98483719853144,16.003963787056406,1.197436711460005,share,1,True,0.707002052869015,12,2.0597370458122204
decoder_heads,Hyps 600-500,72,26.896419048309326,27.64891179402669,0.7524927457173666,0.7272200504938761,0.7801926930745443,2.7977432399673567,1.4320161384969767,1.3839214457184406,1.4847299644796845,0.1102119161365136,share,2,True,-0.011767342741523088,12,12.28577908625285
encoder_io,|DryAir Md err|,72,198370222844586.66,204921479626752.0,6551256782165.333,731862427238.4,11454391447278.926,3.302540415704388,0.15042359102840075,0.016804313752997915,0.2630046038243068,-0.044799498746867165,share,9,True,0.11080046627476271,12,9.606040624458528
enc0_attn,|DryAir Md err|,72,198370222844586.66,171111497072640.0,-27258725771946.668,-28404050384213.332,-26434092051114.668,-13.741339491916861,-0.6258883682650241,-0.6521861988643948,-0.6069539302334772,0.18640350877192982,share,4,True,0.31598168497190415,12,6.237335879421751
enc0_mlp,|DryAir Md err|,72,198370222844586.66,195942134666581.34,-2428088178005.3335,-4123168604160.0,-687194767360.0,-1.2240184757505774,-0.05575140087066602,-0.09467219015773473,-0.015778698359622458,0.01660401002506266,share,14,True,0.14082419830276172,12,9.037421923295033
enc1_attn,|DryAir Md err|,72,198370222844586.66,166713450561536.0,-31656772283050.668,-39124288755029.336,-24830637593941.332,-15.958429561200926,-0.7268720377666078,-0.8983338932745052,-0.570136967394358,0.21647869674185466,share,3,True,0.5780869973439107,12,3.2082870211810683
enc1_mlp,|DryAir Md err|,72,198370222844586.66,182931247071232.0,-15438975773354.666,-27396164725418.668,-6000355643665.072,-7.782909930715935,-0.35449475647951784,-0.6290441079369486,-0.13777433451010354,0.1055764411027569,share,6,True,0.6900012431271413,12,2.2011729858795404
enc2_attn,|DryAir Md err|,72,198370222844586.66,200248555208704.0,1878332364117.3333,1511828488192.0,2565527131477.3335,0.9468822170900693,0.043128442182968046,0.0347131363911694,0.058907140542590504,-0.012844611528822054,share,15,True,0.2842465753424658,12,6.688
enc2_mlp,|DryAir Md err|,72,198370222844586.66,201119001914026.66,2748779069440.0,2107397286570.6667,3573412790272.0,1.3856812933025404,0.06311479343848983,0.0483880083028422,0.08204923147003677,-0.018796992481203006,share,13,True,0.3825441875374911,12,5.359300495666205
downsample,|DryAir Md err|,72,198370222844586.66,180365719939754.66,-18004502904832.0,-21486289726122.668,-14522716083541.334,-9.07621247113164,-0.41340189702210833,-0.49334730204419547,-0.33345649200002125,0.1231203007518797,share,5,True,0.2902101411509755,12,6.601620956559829
dec0_attn,|DryAir Md err|,72,198370222844586.66,198416035829077.34,45812984490.666664,-229064922453.33334,366503875925.3333,0.023094688221709004,0.0010519132239748302,-0.0052595661198741525,0.008415305791798642,-0.0003132832080200501,share,17,False,0.22043335708870276,12,7.665145876749128
dec0_mlp,|DryAir Md err|,72,198370222844586.66,204921479626752.0,6551256782165.333,5360119185408.0,8200524223829.333,3.302540415704388,0.15042359102840075,0.12307384720505515,0.18829246709149464,-0.044799498746867165,share,10,True,0.4663107653532249,12,4.367608127202526
dec1_attn,|DryAir Md err|,72,198370222844586.66,199698799394816.0,1328576550229.3333,1007885658794.6666,1786706395136.0,0.6697459584295612,0.03050548349527008,0.02314209092744627,0.04102461573501839,-0.009085213032581453,share,16,True,-0.26722012163494235,12,20.751991025664648
dec1_mlp,|DryAir Md err|,72,198370222844586.66,205929365285546.66,7559142440960.0,7101012596053.333,8200524223829.333,3.8106235565819864,0.173565681955847,0.1630465497160987,0.18829246709149464,-0.05169172932330827,share,8,True,0.06461897962995289,12,10.54327647656824
dec2_attn,|DryAir Md err|,72,198370222844586.66,207853510634154.66,9483287789568.0,9025157944661.334,10262108525909.334,4.780600461893765,0.21774603736278988,0.2072269051230416,0.23562856217036202,-0.06484962406015038,share,7,True,0.2379377014594046,12,7.38708221884381
dec2_mlp,|DryAir Md err|,72,198370222844586.66,193468233504085.34,-4901989340501.333,-5726623061333.333,-4168981588650.6665,-2.4711316397228638,-0.11255471496530685,-0.1314891529968538,-0.09572410338170956,0.03352130325814536,share,11,True,0.24155543254726183,12,7.330590782209317
upsample,|DryAir Md err|,72,198370222844586.66,193743111411029.34,-4627111433557.333,-5589184107861.333,-3390160852309.3335,-2.33256351039261,-0.10624323562145786,-0.1283334133249293,-0.07784157857413745,0.03164160401002506,share,12,True,0.13197763438314863,12,9.201832325139867
decoder_io,|DryAir Md err|,72,198370222844586.66,145502038742357.34,-52868184102229.336,-59144562977450.664,-47462251932330.664,-26.6512702078522,-1.2139078604669544,-1.358019972151506,-1.0897821000379242,0.36152882205513787,share,1,True,0.3850416412946708,12,5.327998873424446
decoder_heads,|DryAir Md err|,72,198370222844586.66,231996953460736.0,33626730616149.332,32023276158976.0,36054818794154.664,16.95150115473441,0.7721043063975255,0.7352873435584064,0.8278557072681915,-0.2299498746867168,share,2,True,0.5159378167976584,12,3.8317839518633954
encoder_io,neg-q fraction,72,0.00045402891415354435,0.0005923737122467779,0.0001383447980932336,5.533962251765464e-05,0.0002553031966546843,30.470481896764817,0.5601029772083179,0.22404808678700028,1.0336209420806783,0.04948621889551863,share,3,True,0.7037933044767926,12,2.0862157028900947
enc0_attn,neg-q fraction,72,0.00045402891415354435,0.0004301326552346533,-2.389625891889106e-05,-4.6704806917811464e-05,-8.890617217123995e-06,-5.263157956237514,-0.09674643318060781,-0.18908915814078084,-0.035994567494867256,-0.008547740977201727,share,5,True,0.5928208886544004,12,3.0676075200614465
enc0_mlp,neg-q fraction,72,0.00045402891415354435,0.00046544842501816674,1.1419510864622376e-05,5.407574161608864e-06,1.9463238913886016e-05,2.515150579322026,0.04623305047745454,0.021893113648918872,0.07879890109375591,0.004084782529702469,share,15,True,-0.3534864879168165,12,25.12219397034357
enc1_attn,neg-q fraction,72,0.00045402891415354435,0.0004155104902376176,-3.851842391592678e-05,-6.112265194246902e-05,-2.164574025679637e-05,-8.483694036917779,-0.15594575444855746,-0.24746126923234923,-0.08763497962199535,-0.013778119478907684,share,4,True,0.5394523436591486,12,3.5899597014832043
enc1_mlp,neg-q fraction,72,0.00045402891415354435,0.0004301388408597025,-2.389007329384185e-05,-4.97289468114559e-05,-2.1982655776279747e-06,-5.26179557052674,-0.09672139004885506,-0.20133269589044878,-0.008899901634857434,-0.008545528366395903,share,6,True,0.5120651282159125,12,3.8723321847370613
enc2_attn,neg-q fraction,72,0.00045402891415354435,0.00043441110127181065,-1.9617812881733698e-05,-3.926747592023124e-05,-7.109981153045435e-06,-4.320828975905114,-0.07942470951433739,-0.15897836762575868,-0.02878548139578044,-0.0070173320276382765,share,12,True,0.5265606186174268,12,3.7216161004705373
enc2_mlp,neg-q fraction,72,0.00045402891415354435,0.0004328963338669685,-2.113258028657583e-05,-4.076183028397888e-05,-8.152087868514491e-06,-4.654456936068431,-0.08555739932214948,-0.1650284131618057,-0.03300455635882777,-0.007559167444690222,share,7,True,0.5279469577572162,12,3.70735154002217
downsample,neg-q fraction,72,0.00045402891415354435,0.0004624559829646084,8.427068811063995e-06,1.2984440900254413e-07,2.013097777838387e-05,1.8560643492881408,0.03411784465531818,0.0005256882879482586,0.08150230975933437,0.003014379850775952,share,17,True,-0.32394826669687854,12,23.500241797677802
dec0_attn,neg-q fraction,72,0.00045402891415354435,0.000434287450540675,-1.9741463612869364e-05,-3.98044286005946e-05,-7.026827504811737e-06,-4.348063085293542,-0.07992532206788203,-0.16115227513103997,-0.02844882539871115,-0.007061562148552882,share,11,True,0.5387154223443966,12,3.5974260421939794
dec0_mlp,neg-q fraction,72,0.00045402891415354435,0.00043400922972599193,-2.001968442755242e-05,-4.107187455322977e-05,-5.5757446716597825e-06,-4.409341300404962,-0.08105172731602359,-0.1662836589004765,-0.022573969052637647,-0.007161082306350334,share,9,True,0.5481079190488581,12,3.502795189333672
dec1_attn,neg-q fraction,72,0.00045402891415354435,0.00043423798877029185,-1.9790925383252517e-05,-3.9819427729526066e-05,-6.837788426613166e-06,-4.358957054563178,-0.08012557307284521,-0.16121300062911315,-0.027683481475650303,-0.007079254725576928,share,10,True,0.5574783244549851,12,3.409524243875702
dec1_mlp,neg-q fraction,72,0.00045402891415354435,0.0004379043480942831,-1.612456605926127e-05,-3.35813647628432e-05,-4.331777828762533e-06,-3.5514403502963323,-0.06528194468069526,-0.1359575686373922,-0.017537642845521235,-0.0057677904525626,share,14,True,0.6157315888184605,12,2.8539523309998116
dec2_attn,neg-q fraction,72,0.00045402891415354435,0.0004338917538007081,-2.0137160352836265e-05,-4.120838014500805e-05,-6.21828429719548e-06,-4.4352154070139775,-0.08152734054043584,-0.16683631566397167,-0.025175356037888265,-0.007203103686508279,share,8,True,0.5812578439414596,12,3.1777903217715284
dec2_mlp,neg-q fraction,72,0.00045402891415354435,0.0004454349279967573,-8.593986156787045e-06,-1.8984993463770176e-05,-2.2299511272194757e-06,-1.892827943085738,-0.034793626495877056,-0.0768626757774582,-0.009028183803072543,-0.003074086528741127,share,16,True,0.3717502441529502,12,5.495896284545512
upsample,neg-q fraction,72,0.00045402891415354435,0.0004352581477746753,-1.877076637886906e-05,-3.621240290764642e-05,-7.332404363088095e-06,-4.1342667380256595,-0.07599535564901426,-0.14660959399984788,-0.02968598436995926,-0.006714341750929829,share,13,True,0.6186981480741092,12,2.82672975721549
decoder_io,neg-q fraction,72,0.00045402891415354435,0.0026405891500568637,0.0021865602359033196,0.001309013127618641,0.0033359568308393736,481.59052600862873,8.852511369089713,5.299672702473895,13.505960314693935,0.7821370948058853,share,1,True,0.6826564887685429,12,2.2631607581203164
decoder_heads,neg-q fraction,72,0.00045402891415354435,0.0014585435699245863,0.001004514655771042,0.0004984728718066359,0.0017131596568409197,221.2446442191418,4.0668796882957565,2.0181180890395356,6.935901005711255,0.3593169589632269,share,2,True,0.7150326405751868,12,1.9939027585800886
encoder_io,|neg-q mass|,72,5574049610.666667,8819489493.333334,3245439882.6666665,1329295765.6,5771735470.133332,58.224093959553144,0.9861660443993517,0.4039225480650201,1.7538114226981123,0.02839163508398431,share,3,True,-0.21955188443606885,12,18.75156377648274
enc0_attn,|neg-q mass|,72,5574049610.666667,5188078168.0,-385971442.6666667,-553088104.0,-267557641.53333336,-6.9244350091190485,-0.11728207719963855,-0.16806248996911033,-0.08130061579909638,-0.003376540854001851,share,7,True,0.12803311002951873,12,9.275971234010996
enc0_mlp,|neg-q mass|,72,5574049610.666667,5973052293.333333,399002682.6666667,72272678.93333334,805968344.0,7.158219078336212,0.12124177661451707,0.0219609250143519,0.24490320032072227,0.0034905402575180922,share,6,True,-0.3168285351897899,12,23.130272905451886
enc1_attn,|neg-q mass|,72,5574049610.666667,4375805914.666667,-1198243696.0,-2366988552.133333,-479439470.53333336,-21.496825103727193,-0.3641007963887607,-0.7192380145639642,-0.14568346457746975,-0.010482430421901234,share,4,True,-0.162627691272847,12,16.66108629324175
enc1_mlp,|neg-q mass|,72,5574049610.666667,6107234656.0,533185045.3333333,-577467840.8,2173116617.599999,9.565487976874381,0.1620147055866039,-0.17547056698571445,0.6603276893966731,0.004664389354488138,share,5,False,0.11415872624321513,12,9.540916419444642
enc2_attn,|neg-q mass|,72,5574049610.666667,5420574477.333333,-153475133.33333334,-305749101.6666666,-45263092.600000046,-2.7533865690689003,-0.04663526998646351,-0.09290555150309047,-0.013753736504263018,-0.0013426253874977043,share,12,True,0.12523463645233618,12,9.328884858777286
enc2_mlp,|neg-q mass|,72,5574049610.666667,5415064285.333333,-158985325.33333334,-379625828.79999995,64863498.666666664,-2.8522409457765554,-0.04830960827186599,-0.11535388590587946,0.01970955624463778,-0.0013908294418517,share,10,False,-0.13531692559183067,12,15.75583414354069
downsample,|neg-q mass|,72,5574049610.666667,5944920613.333333,370871002.6666667,134669658.66666666,614964848.2666664,6.653528916516224,0.11269362641272893,0.04092099973788295,0.18686448487268872,0.0032444397528915356,share,8,True,-0.31454029693606983,12,23.012999148925335
dec0_attn,|neg-q mass|,72,5574049610.666667,5453319104.0,-120730506.66666667,-290991112.6666667,29020848.133333314,-2.1659388613196624,-0.03668542031349182,-0.08842115858207271,0.008818334661385891,-0.0010561700763867122,share,14,False,0.07478055201162175,12,10.330139817919301
dec0_mlp,|neg-q mass|,72,5574049610.666667,5572600021.333333,-1449589.3333333333,-247208244.66666666,299589434.6666667,-0.026006035729559274,-0.00044047519921466735,-0.07511720617222503,0.09103386240706075,-1.2681242870479378e-05,share,17,False,-0.13142612229467146,12,15.631501034091905
dec1_attn,|neg-q mass|,72,5574049610.666667,5416205904.0,-157843706.66666666,-309023886.93333334,-25655803.86666679,-2.831759989444878,-0.04796271367346903,-0.09390063449628781,-0.007795825382625025,-0.0013808423763811072,share,11,True,0.2850695976376227,12,6.676031278087843
dec1_mlp,|neg-q mass|,72,5574049610.666667,5501507349.333333,-72542261.33333333,-249160664.4,125839246.26666631,-1.3014283402593745,-0.022042840877427212,-0.07571047245200173,0.03823777244612734,-0.0006346114814644873,share,15,False,0.02201308454622001,12,11.483065298186613
dec2_attn,|neg-q mass|,72,5574049610.666667,5439155714.666667,-134893896.0,-320608700.79999995,31287575.86666648,-2.4200340043953505,-0.04098913695564534,-0.09742081988841599,0.009507107217134098,-0.0011800737061079276,share,13,False,-0.0478492957083827,12,13.206093837693016
dec2_mlp,|neg-q mass|,72,5574049610.666667,5555778400.0,-18271210.666666668,-105213692.53333333,93169344.0,-0.32779060006395233,-0.005551927689607601,-0.031970449225204076,0.028310628683180992,-0.00015983951776803922,share,16,False,0.2683269965392807,12,6.922564973769134
upsample,|neg-q mass|,72,5574049610.666667,5305461565.333333,-268588045.3333333,-417098496.53333336,-140688159.0,-4.818544219975281,-0.08161371641914085,-0.12674040787137295,-0.042749793639948006,-0.0023496518335625115,share,9,True,0.12186449027162576,12,9.392958069462669
decoder_io,|neg-q mass|,72,5574049610.666667,73887555498.66667,68313505888.0,40629299730.13333,104815338369.33327,1225.5632916734944,20.757882541723877,12.345702662857327,31.849404508806753,0.5976176421687598,share,1,True,0.6475273285012089,12,2.567284915287759
decoder_heads,|neg-q mass|,72,5574049610.666667,28941269602.666668,23367219992.0,10566936060.8,41219527677.86666,419.2144244156671,7.10041157477416,3.2108909464493385,12.525050542206078,0.20442023482959304,share,2,True,0.6967719302097953,12,2.144505559466998
encoder_io,DKEpert<1000km 500hPa,72,0.0,0.13411705195903778,0.13411704761286578,0.12342523665477832,0.14686560633902748,nan,nan,nan,nan,0.28690475875503657,share,3,True,0.3082794403309187,12,6.344704701565435
enc0_attn,DKEpert<1000km 500hPa,72,0.0,0.0064103505574166775,0.006410350324586034,0.005639548522109786,0.0071209371866037445,nan,nan,nan,nan,0.013713096479124975,share,10,True,0.09377385298992515,12,9.942378613635652
enc0_mlp,DKEpert<1000km 500hPa,72,0.0,0.022953063249588013,0.022953062240655225,0.019567782959590354,0.026143532417093714,nan,nan,nan,nan,0.04910145952402249,share,7,True,0.6248714567665453,12,2.7703991599184197
enc1_attn,DKEpert<1000km 500hPa,72,0.0,0.2079893797636032,0.20798935865362486,0.1914557802180449,0.22306627550472816,nan,nan,nan,nan,0.44493327157321505,share,2,True,0.0980133018264843,12,9.857658700561577
enc1_mlp,DKEpert<1000km 500hPa,72,0.0,0.23066799342632294,0.23066798349221548,0.205051421529303,0.2525144562746087,nan,nan,nan,nan,0.49344765139309743,share,1,True,0.3849777964962291,12,5.328797660667295
enc2_attn,DKEpert<1000km 500hPa,72,0.0,0.0014003957621753216,0.0014003957136689376,0.0012622011090570595,0.001542363663126404,nan,nan,nan,nan,0.0029957429092200747,share,17,True,-0.3410263183302363,12,24.420270896383528
enc2_mlp,DKEpert<1000km 500hPa,72,0.0,0.003840151010081172,0.0038401506996403136,0.003299666535167489,0.00427721073210705,nan,nan,nan,nan,0.008214895344576598,share,12,True,-0.1868278062333497,12,17.51404411509808
downsample,DKEpert<1000km 500hPa,72,0.0,0.0757756158709526,0.0757756136978666,0.06987604550862063,0.08211796175067622,nan,nan,nan,nan,0.16210008014980878,share,5,True,0.5517888307181943,12,3.466021874182708
dec0_attn,DKEpert<1000km 500hPa,72,0.0,0.0016532797599211335,0.0016532797987262409,0.001332484701803575,0.0019235111212765332,nan,nan,nan,nan,0.003536715505230261,share,16,True,-0.004549913124650876,12,12.109697026934205
dec0_mlp,DKEpert<1000km 500hPa,72,0.0,0.008786278776824474,0.008786278893239796,0.008074001852461758,0.00938042900719059,nan,nan,nan,nan,0.018795710695152613,share,8,True,-0.2179498414612636,12,18.68856867805524
dec1_attn,DKEpert<1000km 500hPa,72,0.0,0.002362895989790559,0.002362895776362469,0.0019421598587844831,0.0027343845555151338,nan,nan,nan,nan,0.0050547343141449826,share,14,True,0.09631424850087682,12,9.89153341098878
dec1_mlp,DKEpert<1000km 500hPa,72,0.0,0.004632876720279455,0.004632876817292224,0.004264586693413245,0.004991282333018413,nan,nan,nan,nan,0.009910704338227008,share,11,True,-0.3480749322677448,12,24.8140468711916
dec2_attn,DKEpert<1000km 500hPa,72,0.0,0.0017343955114483833,0.001734395472643276,0.0014316904159689633,0.002079756040863382,nan,nan,nan,nan,0.0037102391047326606,share,15,True,-0.19645614862468253,12,17.867691674726203
dec2_mlp,DKEpert<1000km 500hPa,72,0.0,0.0026345595251768827,0.0026345594960730523,0.0021429249628757436,0.0033885925137534887,nan,nan,nan,nan,0.005635880524513722,share,13,True,0.297257630821166,12,6.50056567777363
upsample,DKEpert<1000km 500hPa,72,0.0,0.006882855668663979,0.006882855668663979,0.006171612798546751,0.008133119565900414,nan,nan,nan,nan,0.014723885444182268,share,9,True,0.037832014236689304,12,11.125129761632627
decoder_io,DKEpert<1000km 500hPa,72,0.0,0.12539175152778625,0.1253917453189691,0.11596335594852765,0.13436182549533743,nan,nan,nan,nan,0.2682394899152306,share,4,True,0.30557388851681494,12,6.382720588311533
decoder_heads,DKEpert<1000km 500hPa,72,0.0,0.026650086045265198,0.026650086355706055,0.024474181553038456,0.02900543624612813,nan,nan,nan,nan,0.0570101768028426,share,6,True,0.13605085075432752,12,9.125814908781782
encoder_io,RMSE Z500,120,285.1250394185384,280.18730545043945,-4.937733968098958,-12.733724816640217,1.5013028780619273,-1.7317784429486043,-0.15878451058942958,-0.4094830292708409,0.048277943744981386,-0.31057292152371074,share,3,False,0.3636977788783564,12,5.599207369641709
enc0_attn,RMSE Z500,120,285.1250394185384,285.75754165649414,0.6325022379557291,0.11361522674560548,1.357434590657552,0.22183328382719544,0.02033960495834202,0.003653566249389013,0.043651518799362424,0.03978303998986509,share,7,True,0.2457271763294145,12,7.265855683358352
enc0_mlp,RMSE Z500,120,285.1250394185384,284.6364606221517,-0.48857879638671875,-2.2317479451497397,1.2727771759033195,-0.1713559767963866,-0.01571140640015196,-0.07176713195142,0.04092915946279969,-0.030730562879389297,share,8,False,-0.1159183303586572,12,15.14681326866148
enc1_attn,RMSE Z500,120,285.1250394185384,297.07861582438153,11.9535764058431,5.5905295054117845,21.08120772043863,4.192397984484381,0.3843955125281691,0.17977669457035148,0.6779160789443461,0.7518544277606952,share,2,True,0.1774802150650979,12,8.382508082034432
enc1_mlp,RMSE Z500,120,285.1250394185384,304.55537668863934,19.43033727010091,14.609190241495769,25.051905314127605,6.814672366104925,0.6248284362732388,0.4697930543829749,0.8056032484406946,1.2221267186837925,share,1,True,-0.23377090327314168,12,19.32222477914514
enc2_attn,RMSE Z500,120,285.1250394185384,285.32476806640625,0.19972864786783853,-0.2523088773091634,0.5632397333780921,0.07004949417110101,0.006422746913316023,-0.008113588512409918,0.018112305358442268,0.01256250540856435,share,14,False,0.02468833423064294,12,11.421755862986078
enc2_mlp,RMSE Z500,120,285.1250394185384,285.7819658915202,0.6569264729817709,-0.21387675603230796,1.4674834569295239,0.230399432586298,0.021125023984597167,-0.006877712783323496,0.047190400295370645,0.04131927221238395,share,6,False,-0.25952862436294805,12,20.41178631564523
downsample,RMSE Z500,120,285.1250394185384,284.73401769002277,-0.391021728515625,-5.55000197092692,4.618225161234537,-0.13714043821371985,-0.012574228217501652,-0.17847343587513811,0.1485099494537449,-0.024594431654061746,share,9,False,0.39268736114268193,12,5.232869823926822
dec0_attn,RMSE Z500,120,285.1250394185384,285.4084663391113,0.2834269205729167,-0.27435181935628256,0.8439414978027341,0.0994044301233295,0.009114262769479723,-0.00882243143256637,0.027138934288578036,0.017826948014918922,share,10,False,0.243620552266797,12,7.29849097158634
dec0_mlp,RMSE Z500,120,285.1250394185384,286.1403986612956,1.0153592427571614,0.15921659469604493,1.578738784790038,0.35611016304559057,0.03265127718003025,0.005119986056328663,0.050768078416332595,0.06386392795896258,share,5,True,-0.028353057974513655,12,12.70032988522541
dec1_attn,RMSE Z500,120,285.1250394185384,284.91226450602215,-0.21277491251627603,-0.8507309595743815,0.36425422032674015,-0.07462512340206685,-0.006842280399851726,-0.027357265484940916,0.011713455702228417,-0.013383087593229252,share,13,False,-0.10977736819128392,12,14.959548255067197
dec1_mlp,RMSE Z500,120,285.1250394185384,285.0482800801595,-0.07675933837890625,-0.4390555699666341,0.32681961059570297,-0.026921289878799565,-0.002468378016395148,-0.014118869961225477,0.010509657315427618,-0.004827998456089816,share,16,False,-0.38380101100817376,12,26.94845728206535
dec2_attn,RMSE Z500,120,285.1250394185384,285.3584721883138,0.23343276977539062,-0.21174872716267903,0.6770193735758464,0.08187031565219073,0.007506582643736621,-0.006809280983480237,0.021771158711126525,0.014682422697719117,share,12,False,0.40946256525944896,12,5.027766888993013
dec2_mlp,RMSE Z500,120,285.1250394185384,285.22017161051434,0.09513219197591145,-0.45567169189453127,0.6590596516927082,0.03336507806186246,0.0030592005648312458,-0.014653200649201207,0.02119362138976405,0.005983611710107669,share,15,False,0.49920298051418255,12,4.008506060846214
upsample,RMSE Z500,120,285.1250394185384,285.1391995747884,0.01416015625,-0.901921272277832,0.9956448237101236,0.004966296989867011,0.00045535330468436484,-0.029003411024990464,0.03201731342253279,0.0008906435875661165,share,17,False,0.11616754524544827,12,9.502148223385527
decoder_io,RMSE Z500,120,285.1250394185384,287.05327860514325,1.9282391866048176,-2.744632275899251,6.085915438334144,0.6762784463045115,0.06200709020018019,-0.08826014027734287,0.19570700054069298,0.12128212687224303,share,4,False,0.05481973830962197,12,10.752702787360302
decoder_heads,RMSE Z500,120,285.1250394185384,284.85540771484375,-0.26963170369466144,-2.3872909228007,1.4248268127441401,-0.09456612588095635,-0.008670644953161414,-0.07676898416571397,0.04581867504364119,-0.016959258334467698,share,11,False,-0.30237354839370856,12,22.40236525541681
encoder_io,RMSE T850,120,1.8273481527964275,1.8111030260721843,-0.016245126724243164,-0.03535374676187833,0.005845821897188816,-0.889000090069477,-0.12559548039201987,-0.2733294041707631,0.045195634477134185,-0.24718482824530247,share,3,False,0.26906288028335434,12,6.911592461550304
enc0_attn,RMSE T850,120,1.8273481527964275,1.825297435124715,-0.0020507176717122397,-0.004787377764781316,0.0016767933964729283,-0.11222369796220744,-0.015854654475716476,-0.037012515838887435,0.012963744495381612,-0.031203591333351852,share,7,False,0.18533395417733958,12,8.2474584613218
enc0_mlp,RMSE T850,120,1.8273481527964275,1.8186313609282176,-0.008716791868209839,-0.012795552859703699,-0.0032180589934190217,-0.47701867073717497,-0.06739188193166105,-0.09892588931902224,-0.024879686817410884,-0.13263415776117196,share,5,True,-0.606482301624075,12,48.98836240161415
enc1_attn,RMSE T850,120,1.8273481527964275,1.8803176879882812,0.05296953519185384,0.033402168750762934,0.08047108228007951,2.898710632168999,0.40952184193397395,0.2582412252978489,0.6221437609070547,0.8059811216549246,share,2,True,-0.020792656073793728,12,12.509620101264943
enc1_mlp,RMSE T850,120,1.8273481527964275,1.8905610740184784,0.06321292122205098,0.036706944058338804,0.08863471100727716,3.4592708086477653,0.488716237345097,0.2837913394575163,0.6852589885774162,0.9618438403338749,share,1,True,0.19886006640901427,12,8.019016958241009
enc2_attn,RMSE T850,120,1.8273481527964275,1.8280496696631114,0.00070151686668396,-0.0010027567545572917,0.0022468954324722287,0.03838988567178152,0.005423617148076221,-0.007752584417640684,0.01737135794766366,0.010674236596977735,share,14,False,0.061098992050656414,12,10.61805937033088
enc2_mlp,RMSE T850,120,1.8273481527964275,1.8283394575119019,0.0009913047154744465,-0.0018480817476908367,0.0040404195586840295,0.054248267576019006,0.0076640455976921965,-0.014288021192138036,0.031237579372091682,0.015083630309121233,share,11,False,-0.18897476382804615,12,17.592174114433487
downsample,RMSE T850,120,1.8273481527964275,1.8172197341918945,-0.010128418604532877,-0.026827846467494962,0.005298517147699985,-0.5542686865134678,-0.07830555106408643,-0.20741335676624958,0.04096427302950065,-0.15411338154855939,share,4,False,0.330557196691262,12,6.037556040192446
dec0_attn,RMSE T850,120,1.8273481527964275,1.8281993766625722,0.000851223866144816,-0.0005814174811045329,0.0023076894382635747,0.04658246786974726,0.006581042561524946,-0.004495096227145251,0.017841372893802842,0.01295216890104693,share,12,False,-0.014691893438058783,12,12.357863129477101
dec0_mlp,RMSE T850,120,1.8273481527964275,1.8293641606966655,0.002016007900238037,-0.002711114784081777,0.006730218728383382,0.11032423663508784,0.01558630381914117,-0.02096036365148894,0.05203314622798429,0.03067544962993992,share,8,False,0.0726053829404343,12,10.37542378745717
dec1_attn,RMSE T850,120,1.8273481527964275,1.826970676581065,-0.00037747621536254883,-0.002010982483625412,0.0015723034739494296,-0.020657049658812383,-0.0029183709927156384,-0.015547450960413342,0.0121559045666306,-0.005743654392171289,share,16,False,-0.2922349396516126,12,21.90955748534173
dec1_mlp,RMSE T850,120,1.8273481527964275,1.8273820380369823,3.388524055480957e-05,-0.0025606023768583934,0.002556433031956351,0.0018543396069848161,0.0002619759844242603,-0.019796711412201105,0.01976447707603489,0.0005155956927126762,share,17,False,-0.054657471812824265,12,13.387623305198488
dec2_attn,RMSE T850,120,1.8273481527964275,1.8288297553857167,0.0014816025892893474,0.0005864950517813365,0.0025185714165369658,0.08107938200074362,0.01145467142919597,0.004534352303087453,0.019471758659137643,0.022543971972514412,share,10,True,0.17640166468989,12,8.401195204298366
dec2_mlp,RMSE T850,120,1.8273481527964275,1.82784507671992,0.0004969239234924316,-0.0012708383301893872,0.002497210105260213,0.027193719091349888,0.0038418536185489145,-0.009825195782716463,0.019306608568458235,0.00756116321925344,share,15,False,0.021648945551370164,12,11.491435198464893
upsample,RMSE T850,120,1.8273481527964275,1.8257321119308472,-0.001616040865580241,-0.004330039272705714,0.0017997018992900846,-0.08843639692344239,-0.012494050202931975,-0.03347670792621181,0.013913983463511536,-0.02458957634351431,share,9,False,0.25232288433666045,12,7.1643866770928595
decoder_io,RMSE T850,120,1.8273481527964275,1.8281517028808594,0.0008035500844319662,-0.015334803611040115,0.01633411025007565,0.04397356262966515,0.0062124636259482755,-0.1185575255237409,0.12628343616260973,0.012226767631821445,share,13,False,-0.1601576047183628,12,16.576790282123962
decoder_heads,RMSE T850,120,1.8273481527964275,1.823096474011739,-0.0042516787846883135,-0.010043998559316,0.0002936713397502868,-0.23266933442222734,-0.0328708817419438,-0.07765287679975416,0.0022704527714309786,-0.06469327743556517,share,6,False,-0.22230921711203133,12,18.860594632323618
encoder_io,RMSE Q700,120,0.0013744647051983823,0.0013682739324091624,-6.1907727892200155e-06,-1.2594911822816357e-05,1.119789036844543e-06,-0.45041336935068665,-0.15086358918004017,-0.306926722671015,0.027288256082826198,-0.11739706313256387,share,6,False,-0.033994246846650006,12,12.844572531433036
enc0_attn,RMSE Q700,120,0.0013744647051983823,0.0013708258823802073,-3.6388228181749582e-06,-4.968120871732633e-06,-1.980686405052742e-06,-0.26474472603134264,-0.08867485359760197,-0.12106865680726858,-0.04826755403246118,-0.06900384276052901,share,7,True,-0.04012308081075283,12,13.003205640439214
enc0_mlp,RMSE Q700,120,0.0013744647051983823,0.0013659799005836248,-8.484804614757499e-06,-1.07793282950297e-05,-6.100408791098745e-06,-0.6173170240506722,-0.2067670905161679,-0.26268257791173627,-0.1486614994646864,-0.16089932177137037,share,4,True,-0.06982949060544191,12,13.801721036739215
enc1_attn,RMSE Q700,120,0.0013744647051983823,0.0013931397309837241,1.867502578534186e-05,1.3187114867226532e-05,2.7022535262707e-05,1.3587126475282183,0.4550936553369191,0.32135818055921866,0.6585149862994422,0.3541388540283125,share,2,True,-0.40181624526041193,12,28.12145065766305
enc1_mlp,RMSE Q700,120,0.0013744647051983823,0.001405862538376823,3.139783317844073e-05,1.1787232263789823e-05,4.3411606505590794e-05,2.284368093243176,0.7651370785282061,0.28724429507582505,1.0579019764558595,0.5954044073937853,share,1,True,0.273312220954849,12,6.848480054642488
enc2_attn,RMSE Q700,120,0.0013744647051983823,0.0013748476436982553,3.8293849987288314e-07,-8.713832357898354e-08,8.083433688928676e-07,0.02786091912179091,0.0093318683293693,-0.0021234829152748575,0.01969860404720617,0.007261751767686861,share,13,False,-0.32421681160491805,12,23.514348998526607
enc2_mlp,RMSE Q700,120,0.0013744647051983823,0.0013734734772394102,-9.912279589722555e-07,-2.0597130060195926e-06,-9.920525675018628e-08,-0.0721173817867653,-0.024155337738537945,-0.05019336153153756,-0.0024175432709986687,-0.018796886146566136,share,11,True,-0.4250266133085778,12,29.741062378736437
downsample,RMSE Q700,120,0.0013744647051983823,0.0013660662128434826,-8.398492354899645e-06,-1.1962559316695357e-05,-4.54531133679363e-06,-0.6110373240677326,-0.2046637380340561,-0.291516858353829,-0.11076516705692384,-0.15926256232878658,share,5,True,-0.045027672322023725,12,13.13161827249614
dec0_attn,RMSE Q700,120,0.0013744647051983823,0.0013745661417488009,1.0143655041853587e-07,-4.3976979213766754e-07,7.362471175535268e-07,0.007380076769879305,0.0024719178996246904,-0.010716796030759783,0.017941682962585068,0.0019235648793588989,share,16,False,-0.26565852641110627,12,20.682343110360556
dec0_mlp,RMSE Q700,120,0.0013744647051983823,0.001375386268288518,9.215630901356538e-07,-2.0394557698940237e-07,2.477102680131793e-06,0.06704887267386331,0.022457667268262035,-0.004969971082704192,0.060364774126892624,0.017475815048758534,share,12,False,-0.08469593861052192,12,14.220794829170519
dec1_attn,RMSE Q700,120,0.0013744647051983823,0.00137474238484477,2.7767964638769627e-07,-5.078346778949101e-07,1.1909731256309897e-06,0.020202748410888993,0.006766804326793947,-0.012375476346139402,0.02902294858285365,0.00526570366697492,share,14,False,0.11971753079355531,12,9.43397717725376
dec1_mlp,RMSE Q700,120,0.0013744647051983823,0.001373144012177363,-1.3206930210192998e-06,-1.811041389980043e-06,-5.862006219103933e-07,-0.09608780902298095,-0.0321841062723132,-0.044133456928310486,-0.014285184226913914,-0.025044608685577948,share,9,True,0.021551806077451684,12,11.493669001629051
dec2_attn,RMSE Q700,120,0.0013744647051983823,0.0013747149981403102,2.5029294192790985e-07,-2.50576219211022e-07,8.046479100206245e-07,0.018210212381683823,0.006099414863266738,-0.006106318076987954,0.0196085490236872,0.004746363225656043,share,15,False,-0.38115507069915877,12,26.781928821998633
dec2_mlp,RMSE Q700,120,0.0013744647051983823,0.0013729672549137224,-1.4974502846598625e-06,-1.9014633532303075e-06,-1.2148186215199532e-06,-0.1089478892398135,-0.036491522505209324,-0.0463369592019514,-0.029604041964579934,-0.028396497754238924,share,8,True,-0.4340888470356511,12,30.409484022860283
upsample,RMSE Q700,120,0.0013744647051983823,0.0013755737939694275,1.109088771045208e-06,3.813554940279573e-07,2.1046187612228094e-06,0.08069241551641942,0.02702750018713591,0.009293291894473426,0.051287674573779106,0.021031908116662848,share,10,True,0.009079432352235413,12,11.784054288029939
decoder_io,RMSE Q700,120,0.0013744647051983823,0.0013899689656682312,1.5504260469848912e-05,8.079988765530288e-06,2.358823718774753e-05,1.1280217244728097,0.3778249439450548,0.1969020907736919,0.5748242175468441,0.29401089446732726,share,3,True,-0.1392126139563671,12,15.88144946025435
decoder_heads,RMSE Q700,120,0.0013744647051983823,0.0013745236889614414,5.898376305898031e-08,-2.011628627466659e-06,1.971474072585503e-06,0.00429139888684642,0.0014373814871574328,-0.0490215882846468,0.04804305773966434,0.0011185228066662304,share,17,False,-0.35323626714243583,12,25.107832088793828
encoder_io,RMSE U500,120,4.700242638587952,4.685245116551717,-0.014997522036234537,-0.08262969851493834,0.03948129812876374,-0.3190797409714171,-0.040313531178005985,-0.22210968713785917,0.1061262346684093,-0.07217473121402468,share,5,False,0.39193485692860675,12,5.242186213338701
enc0_attn,RMSE U500,120,4.700242638587952,4.699655652046204,-0.0005869865417480469,-0.005974091092745462,0.006607285141944875,-0.012488430638218915,-0.0015778273367198898,-0.016058433316235316,0.01776046702436763,-0.002824839715158171,share,17,False,-0.26116323008869846,12,20.483494294526295
enc0_mlp,RMSE U500,120,4.700242638587952,4.683595776557922,-0.016646862030029297,-0.030737428863843282,0.0003966460625330501,-0.3541702697082539,-0.04474697819027463,-0.08262260217657927,0.0010661896925323086,-0.08011208716156532,share,4,False,0.08238590899701324,12,10.173237659976065
enc1_attn,RMSE U500,120,4.700242638587952,4.729473272959392,0.029230634371439617,-0.033207735419273375,0.12886722882588703,0.6218962853420072,0.07857231929640728,-0.08926281781359972,0.3463967603810884,0.14067078373860328,share,3,False,-0.07184169810052403,12,13.857658064237533
enc1_mlp,RMSE U500,120,4.700242638587952,4.934403777122498,0.2341611385345459,0.20706355571746826,0.28020289043585456,4.981894692247051,0.6294281372737948,0.5565894878552052,0.753188955646257,1.12688730802786,share,1,True,-0.12570310833159878,12,15.450629447167925
enc2_attn,RMSE U500,120,4.700242638587952,4.70212737719218,0.001884738604227702,-0.001698218782742818,0.005562894543011978,0.04009875125923107,0.00506620148984302,-0.00456483382253237,0.014953131727884972,0.009070198519473816,share,14,False,-0.0010551649590908887,12,12.02535070819716
enc2_mlp,RMSE U500,120,4.700242638587952,4.704875230789185,0.00463259220123291,-0.003218922019004822,0.012610211968421924,0.09856070329647142,0.012452467126781405,-0.008652503584205537,0.03389641116192533,0.022294089392924793,share,10,False,-0.2507000709588099,12,20.029897601499286
downsample,RMSE U500,120,4.700242638587952,4.685460646947225,-0.014781991640726725,-0.05702395339806875,0.03249650498231246,-0.3144942246038501,-0.03973418271643215,-0.15328111655059645,0.08735102129642193,-0.07113750330886506,share,6,False,0.14899166191502064,12,8.887880039093824
dec0_attn,RMSE U500,120,4.700242638587952,4.7017654577891035,0.00152281920115153,-0.0021314611037572223,0.005933332443237302,0.03239873594289626,0.004093357502377223,-0.005729394726236898,0.015948873544711008,0.007328481749526577,share,15,False,0.19582919318540726,12,8.069755895546965
dec0_mlp,RMSE U500,120,4.700242638587952,4.714258869489034,0.014016230901082357,0.0075142135222752895,0.02010186513264974,0.2982022839844949,0.03767580804773942,0.02019830211794741,0.05403407074870416,0.06745232282207837,share,7,True,-0.3225379673438966,12,23.42633954836403
dec1_attn,RMSE U500,120,4.700242638587952,4.697909514109294,-0.0023331244786580405,-0.0074921051661173505,0.0027237474918365397,-0.049638383761374465,-0.006271468458943158,-0.02013887457364281,0.00732146811772491,-0.011228030319219606,share,13,False,0.07571401135937283,12,10.310762662346802
dec1_mlp,RMSE U500,120,4.700242638587952,4.69754163424174,-0.0027010043462117514,-0.0061168670654296875,0.002401938041051229,-0.05746521092415749,-0.007260334251209116,-0.016442216958117584,0.006456440195361021,-0.012998431489198914,share,12,False,-0.23599740888157547,12,19.41350602602848
dec2_attn,RMSE U500,120,4.700242638587952,4.7030671040217085,0.0028244654337565103,-0.0014771183331807455,0.0071669816970825195,0.06009190697025456,0.007592199234636458,-0.003970512984372785,0.01926493852781001,0.013592581028529838,share,11,False,0.555998563027282,12,3.42417876871728
dec2_mlp,RMSE U500,120,4.700242638587952,4.701107978820801,0.0008653402328491211,-0.004342960317929585,0.005722524722417195,0.01841054386734994,0.002326045620887425,-0.011673932917631163,0.015382219693140508,0.004164401196655801,share,16,False,0.3123345007551734,12,6.288020307466863
upsample,RMSE U500,120,4.700242638587952,4.705892602602641,0.005649964014689128,-0.0015864978233973185,0.013403820991516094,0.12020579466056017,0.015187175582104945,-0.004264526453959747,0.03602964237294519,0.027190134019731905,share,9,False,0.09278678409255933,12,9.962198252543281
decoder_io,RMSE U500,120,4.700242638587952,4.792323708534241,0.09208106994628906,0.05069136222203573,0.131975785891215,1.9590705635135484,0.24751509450796463,0.13625903042224902,0.35475260155731336,0.4431349697114249,share,2,True,-0.355466368841118,12,25.23622607069798
decoder_heads,RMSE U500,120,4.700242638587952,4.688972393671672,-0.011270244916280111,-0.02735073765118917,0.004175197084744756,-0.23978006632580828,-0.030294562576305088,-0.07351913285266358,0.011222983199725782,-0.05423741972730411,share,8,False,-0.3452251369817341,12,24.653820046434014
encoder_io,RMSE MSLP,120,280.2954966227214,277.0636240641276,-3.23187255859375,-11.149941412607829,3.3849252382914097,-1.1530233619642705,-0.08034772008931379,-0.27719916407294015,0.0841527692192887,-0.1804098518414912,share,4,False,0.291010222423641,12,6.5900929234660035
enc0_attn,RMSE MSLP,120,280.2954966227214,280.79516983032227,0.49967320760091144,-0.056201966603597005,1.2077204704284665,0.17826658423751743,0.012422396704255134,-0.0013972394638913737,0.030025189590502824,0.02789279828276006,share,10,False,0.2548472793439564,12,7.125833394281558
enc0_mlp,RMSE MSLP,120,280.2954966227214,279.3064702351888,-0.9890263875325521,-2.92163241704305,0.7148996988932289,-0.35285132991764934,-0.024588226765039235,-0.07263482683567912,0.01777315158850241,-0.055209511144743706,share,8,False,-0.24745717383449847,12,19.89187268223569
enc1_attn,RMSE MSLP,120,280.2954966227214,294.9258155822754,14.630318959554037,5.579911740620931,29.805661296844477,5.2196054292111915,0.3637249771665243,0.13872242129917542,0.7409998035311715,0.8166948504415596,share,2,True,0.3721447645197363,12,5.4908658478176156
enc1_mlp,RMSE MSLP,120,280.2954966227214,299.6926447550456,19.39714813232422,13.898089090983072,24.91589593887329,6.920249652969931,0.482233318427965,0.345520979498196,0.6194351405805871,1.082789174775735,share,1,True,-0.4619391188142845,12,32.604617877277406
enc2_attn,RMSE MSLP,120,280.2954966227214,280.4577916463216,0.1622950236002604,-0.33520669937133785,0.6621205647786453,0.05790140246837787,0.004034823431836145,-0.008333587901396123,0.01646100730759051,0.00905964595803073,share,17,False,-0.05744351576026999,12,13.462664998117857
enc2_mlp,RMSE MSLP,120,280.2954966227214,281.38863372802734,1.0931371053059895,0.14279699325561523,1.9648575464884421,0.389994530228702,0.02717652771388528,0.003550082076469656,0.048848406395492976,0.06102118806828855,share,7,True,-0.20760716871001816,12,18.288007478473805
downsample,RMSE MSLP,120,280.2954966227214,278.02477010091144,-2.270726521809896,-7.511349042256674,3.0219513575235917,-0.8101188028954674,-0.0564526279010052,-0.18673996557679165,0.07512886024920404,-0.12675667989536057,share,5,False,0.17866984562145696,12,8.361936032516326
dec0_attn,RMSE MSLP,120,280.2954966227214,280.8225580851237,0.5270614624023438,-0.031671587626139315,1.1720905303955063,0.18803779181360525,0.013103297262870541,-0.0007873886767603488,0.029139392147483296,0.029421667661530794,share,9,False,0.20334198623963756,12,7.94445492174538
dec0_mlp,RMSE MSLP,120,280.2954966227214,281.6083679199219,1.3128712972005208,0.44118630091349287,1.8448622703552244,0.4683882948599954,0.03263934873306416,0.010968351248497661,0.04586519877081274,0.07328720793308523,share,6,True,0.04278651767855106,12,11.01525728720462
dec1_attn,RMSE MSLP,120,280.2954966227214,279.9398422241211,-0.35565439860026044,-1.0369298934936522,0.4361543973286944,-0.12688552006205522,-0.008841939014978033,-0.02577915784863802,0.010843252881090585,-0.01985336865701364,share,13,False,-0.14989845028022677,12,16.231921242716638
dec1_mlp,RMSE MSLP,120,280.2954966227214,280.65345001220703,0.35795338948567706,-0.028024705251057942,0.8971522649129232,0.12770572263866353,0.008899094324415642,-0.0006967233801066998,0.022304140324791347,0.019981703112504492,share,12,False,-0.6037206011507875,12,48.56332998812334
dec2_attn,RMSE MSLP,120,280.2954966227214,280.73524475097656,0.4397481282552083,0.039311472574869805,0.859836196899414,0.15688733267345734,0.010932596777337995,0.000977324178933199,0.0213764239828797,0.02454765564784997,share,11,True,0.5230762866667341,12,3.7575823418039103
dec2_mlp,RMSE MSLP,120,280.2954966227214,280.51999918619794,0.2245025634765625,-0.44036677678426106,0.9666046460469563,0.08009495913476757,0.00558136770634206,-0.010947977024530547,0.02403079890359426,0.012532200289625598,share,15,False,0.28991240929183915,12,6.6059145001760085
upsample,RMSE MSLP,120,280.2954966227214,280.0390040079753,-0.25649261474609375,-1.4258553822835285,0.8586868604024247,-0.09150793281967481,-0.006376673721182414,-0.035448250841118426,0.021347850279717123,-0.014317951523717901,share,14,False,0.33909651972784904,12,5.9225318312959505
decoder_io,RMSE MSLP,120,280.2954966227214,276.8451271057129,-3.4503695170084634,-8.507146422068278,1.416008599599201,-1.2309757233283956,-0.08577978219473005,-0.21149652626666882,0.03520344956119267,-0.19260680675872557,share,3,False,-0.1687670172714755,12,16.872771531779133
decoder_heads,RMSE MSLP,120,280.2954966227214,280.12888209025067,-0.16661453247070312,-2.752493413289388,1.8480905850728342,-0.05944245786259164,-0.004142210924181033,-0.06842985492438015,0.04594545803926719,-0.009300769932202427,share,16,False,-0.38049459798034063,12,26.740582280246826
encoder_io,RMSE T2M,120,1.614404211441676,1.6168898542722066,0.0024856428305308023,-0.012909543017546335,0.01739322617650032,0.15396657249246787,0.03125337357044402,-0.1623188841113321,0.21869473305354434,0.06815541187005655,share,10,False,-0.4324676490611911,12,30.28833820715125
enc0_attn,RMSE T2M,120,1.614404211441676,1.6024386684099834,-0.011965543031692505,-0.014823844035466513,-0.008849253257115683,-0.741173923289458,-0.15044944581311798,-0.18638845843008664,-0.111266596498518,-0.3280907874442027,share,5,True,-0.4104958554844989,12,28.712181963919875
enc0_mlp,RMSE T2M,120,1.614404211441676,1.5997096200784047,-0.014694591363271078,-0.020517975836992264,-0.0062319795290629075,-0.9102176059209293,-0.18476329249736115,-0.2579839532318988,-0.0783581542419633,-0.4029202885967511,share,4,True,-0.315408362354308,12,23.057395796618124
enc1_attn,RMSE T2M,120,1.614404211441676,1.6462193032105763,0.03181509176890055,0.013848681002855301,0.05898051361242929,1.9707017327766645,0.4000288923324802,0.17412718976512043,0.7415948915364767,0.8723581105697368,share,1,True,0.15700201164996966,12,8.743265576327081
enc1_mlp,RMSE T2M,120,1.614404211441676,1.6442248423894246,0.02982063094774882,0.009362133592367173,0.05379838347434996,1.8471601310503742,0.37495142410195476,0.11771532699095419,0.6764370791964536,0.8176707286761526,share,2,True,0.20367716580792328,12,7.9389011287681095
enc2_attn,RMSE T2M,120,1.614404211441676,1.6143551468849182,-4.906455675760905e-05,-0.0010494641959667207,0.0012773285309473658,-0.003039174229717476,-0.0006169160357951946,-0.013195498630166986,0.016060563995575948,-0.0013453320939607826,share,17,False,0.1678458850571511,12,8.550656817894687
enc2_mlp,RMSE T2M,120,1.614404211441676,1.6139324307441711,-0.0004717806975046794,-0.0020643373330434165,0.001221301654974618,-0.02922320780391024,-0.005931961825460536,-0.02595606458520932,0.015356106837349682,-0.012936053143205412,share,14,False,-0.26411882718178725,12,20.613961175398632
downsample,RMSE T2M,120,1.614404211441676,1.5937041342258453,-0.020700077215830486,-0.03243381753563881,-0.009464691082636515,-1.2822115470911186,-0.2602736154273754,-0.4078084764658131,-0.11900483951321406,-0.5675885010742364,share,3,True,0.04630878654065738,12,10.937779275800251
dec0_attn,RMSE T2M,120,1.614404211441676,1.6153467396895091,0.000942528247833252,-0.000450484702984492,0.002766167869170506,0.05838242003788919,0.011850933315281732,-0.005664195409417804,0.03478057133223897,0.025843777770968038,share,12,False,0.5996527107311379,12,3.0032565437472676
dec0_mlp,RMSE T2M,120,1.614404211441676,1.6184408764044445,0.004036664962768555,0.0011798925697803497,0.006791066378355026,0.25004053719382835,0.05075523985607665,0.014835447315035914,0.08538786500516161,0.11068386806811101,share,9,True,0.05815359762141435,12,10.681017249243157
dec1_attn,RMSE T2M,120,1.614404211441676,1.6132629414399464,-0.0011412700017293294,-0.0026250665386517843,0.0009217560291290283,-0.0706929524614016,-0.014349824226826307,-0.03300642561032663,0.011589752624686925,-0.03129320353970248,share,11,False,-0.19976183380581847,12,17.991071425823854
dec1_mlp,RMSE T2M,120,1.614404211441676,1.613731433947881,-0.0006727774937947592,-0.0027148822943369546,0.002073768774668374,-0.04167342286563806,-0.008459206642679441,-0.03413572919749604,0.026074651360747655,-0.01844731134468517,share,13,False,0.26013960486574556,12,7.045508852613947
dec2_attn,RMSE T2M,120,1.614404211441676,1.6148669222990673,0.0004627108573913574,-0.0001316666603088379,0.0010750291248162584,0.028661400540955784,0.005817921667395945,-0.0016555183515751183,0.013516940738350245,0.012687361464366336,share,15,False,-0.27365309421109196,12,21.042062695831067
dec2_mlp,RMSE T2M,120,1.614404211441676,1.6146318515141804,0.00022764007250467935,-0.0018011629581451416,0.002901036043961842,0.01410056235553269,0.0028622455882257305,-0.022647026395234363,0.03647634411091186,0.006241807032417764,share,16,False,0.23507163868030145,12,7.43207118385819
upsample,RMSE T2M,120,1.614404211441676,1.610340009133021,-0.004064202308654785,-0.00818103551864624,-0.0004592378934224491,-0.2517462652693045,-0.05110148226369444,-0.10286472220255449,-0.005774254154516066,-0.11143893196048989,share,8,True,0.3211219668450482,12,6.166377217475268
decoder_io,RMSE T2M,120,1.614404211441676,1.6205192009607952,0.006114989519119263,-0.0013448389867941539,0.014063188185294466,0.378776856240887,0.07688717360071087,-0.0169094106080396,0.17682430820223835,0.16767076272484907,share,7,False,-0.23302118034528405,12,19.29160725820889
decoder_heads,RMSE T2M,120,1.614404211441676,1.623741219441096,0.009337007999420166,0.0012223720550537112,0.019450565179189045,0.5783562712018784,0.11739940889809448,0.0153695655745145,0.24456280372818132,0.25601732397675153,share,6,True,0.04113571384746153,12,11.051749815890265
encoder_io,|RQE| Z500,120,0.008736323565244675,0.008103604292652259,-0.0006327192725924154,-0.0010553107883121509,-0.00022052599185068782,-7.242397421147888,-0.2325411576131165,-0.3878547769696304,-0.0810491661153714,-0.3885268514217012,colmax,3,True,-0.1525309620399507,12,16.31961868220062
enc0_attn,|RQE| Z500,120,0.008736323565244675,0.008732247127530476,-4.076437714199225e-06,-7.267503339486817e-05,8.201771512782821e-05,-0.04666079139303328,-0.0014981992584384217,-0.02671000730856689,0.030143691281068485,-0.0025031725422638676,colmax,16,False,-0.469668454303513,12,33.25470942612076
enc0_mlp,|RQE| Z500,120,0.008736323565244675,0.008536595579547187,-0.00019972798569748798,-0.00033067492283104605,-7.865681739834455e-05,-2.2861788967164274,-0.07340534580451877,-0.12153182727262032,-0.0289084719942729,-0.12264473169261539,colmax,7,True,-0.10064406503082077,12,14.685763741385077
enc1_attn,|RQE| Z500,120,0.008736323565244675,0.008490760364414504,-0.0002455632008301715,-0.000819652690552175,0.00013346738317826097,-2.8108299675058355,-0.09025100619151712,-0.301244159547659,0.04905281241189466,-0.15079024992026946,colmax,5,False,0.2176572286849721,12,7.709980308595692
enc1_mlp,|RQE| Z500,120,0.008736323565244675,0.008405722600097457,-0.0003306009651472171,-0.0008189765911083668,0.00011437289261569579,-3.784211547090954,-0.12150464585716968,-0.30099567502358154,0.042035079379583576,-0.2030084393341483,colmax,4,False,-0.2976364072780037,12,22.170336060541626
enc2_attn,|RQE| Z500,120,0.008736323565244675,0.008740377379581332,4.053814336657524e-06,-3.062261772962908e-05,3.826861890653768e-05,0.04640183375057939,0.0014898845656029867,-0.01125462631605202,0.014064735066975014,0.0024892804576924785,colmax,17,False,0.14205276459224714,12,9.014790860883595
enc2_mlp,|RQE| Z500,120,0.008736323565244675,0.008689805787677566,-4.6517777567108474e-05,-0.00010314060491509736,2.6160508665876927e-05,-0.5324639960929112,-0.01709652023198785,-0.037906914966574924,0.009614682581084869,-0.028564651712334056,colmax,13,False,0.03343366671724018,12,11.223551518538526
downsample,|RQE| Z500,120,0.008736323565244675,0.008541814245594045,-0.00019450931965063015,-0.0003932667304373657,5.817991526176529e-06,-2.226443631557305,-0.07148734726029814,-0.14453598097610199,0.0021382665948156076,-0.11944016376551647,colmax,8,False,-0.3449705097232832,12,24.63957173876433
dec0_attn,|RQE| Z500,120,0.008736323565244675,0.00873147319847097,-4.850366773704688e-06,-3.368230730605622e-05,1.7612970744570086e-05,-0.05551954134346266,-0.0017826387677178615,-0.012379143597031843,0.0064732351034084475,-0.002978410509145138,colmax,15,False,0.12553435274545313,12,9.323205232659618
dec0_mlp,|RQE| Z500,120,0.008736323565244675,0.008513945581701895,-0.00022237798354278007,-0.0002813053569601228,-0.00016744120027093842,-2.5454412474768726,-0.08172982230939638,-0.1033871990057381,-0.06153909360718348,-0.1365531626962787,colmax,6,True,-0.328068182594054,12,23.717909731755505
dec1_attn,|RQE| Z500,120,0.008736323565244675,0.0088183629559353,8.203939069062471e-05,5.737304066618284e-05,0.00011408515274524689,0.9390608083358811,0.030151657626781275,0.021086118078298115,0.04192932732576754,0.05037701163580034,colmax,11,True,0.24242103261442002,12,7.317123076624778
dec1_mlp,|RQE| Z500,120,0.008736323565244675,0.00864850333891809,-8.782022632658482e-05,-0.00012082019044707219,-4.590520790467661e-05,-1.0052309266103203,-0.03227626844391261,-0.04440463277573972,-0.016871384591916484,-0.05392678475875811,colmax,10,True,0.16127423725522916,12,8.666952929848897
dec2_attn,|RQE| Z500,120,0.008736323565244675,0.008723024123658737,-1.3299441585938135e-05,-4.231226145445058e-05,1.20670903318872e-05,-0.15223155926649407,-0.004887898434531024,-0.015550881229731538,0.004434976578636199,-0.008166639438498621,colmax,14,False,0.28962477953366095,12,6.610064245724713
dec2_mlp,|RQE| Z500,120,0.008736323565244675,0.00859323691111058,-0.00014308665413409472,-0.00016651926077126215,-0.00011239716744360824,-1.6378360195280535,-0.0525881502787163,-0.06120025632532612,-0.041308947841405236,-0.08786362233507879,colmax,9,True,0.05360426448447249,12,10.77895108154595
upsample,|RQE| Z500,120,0.008736323565244675,0.008785461812901,4.91382476563255e-05,-4.951774220292766e-07,0.00010018811250726382,0.5624591086782773,0.01805961267192624,-0.00018199087009120296,0.036821795495583516,0.030173774489386063,colmax,12,False,-0.5772434012359353,12,44.77025520160859
decoder_io,|RQE| Z500,120,0.008736323565244675,0.010364832046131292,0.0016285084808866184,0.0009025642260288199,0.0026681238930905222,18.640661242965415,0.5985201711598559,0.33171635357491436,0.9806064800465863,1.0,colmax,1,True,0.4949648593715527,12,4.053889059364929
decoder_heads,|RQE| Z500,120,0.008736323565244675,0.009496994859849414,0.0007606712946047386,0.0005928762577241287,0.0008859960488431776,8.706995441776941,0.27956692813496936,0.2178977901646961,0.32562710788700816,0.46709691937901476,colmax,2,True,0.09689924035429114,12,9.87985834710594
encoder_io,|RQE| T850,120,0.0056590997652771575,0.00565704619900013,-2.05356627702713e-06,-0.0003822416814121728,0.00031270389542138824,-0.03628786135963368,-0.0010039581264242507,-0.18687229460515262,0.1528763013323841,-0.002497657645822833,share,17,False,0.1774433132667356,12,8.383146882386761
enc0_attn,|RQE| T850,120,0.0056590997652771575,0.005597431891753028,-6.166787352412939e-05,-0.00022270119273647045,9.525988522606582e-05,-1.0897117223928137,-0.030148509671419122,-0.10887531350379641,0.046571146480550975,-0.07500378124252884,share,9,False,0.35076167539956216,12,5.767753140390719
enc0_mlp,|RQE| T850,120,0.0056590997652771575,0.005763022520113736,0.00010392275483657916,-0.00018440170630735036,0.00034919100774762524,1.8363831553955556,0.05080629508077979,-0.09015126204826969,0.17071430994183118,0.12639643828214492,share,8,False,0.38559786123205314,12,5.321042902490881
enc1_attn,|RQE| T850,120,0.0056590997652771575,0.0037704571635307125,-0.0018886426017464448,-0.0026666492429891758,-0.0013430990518827465,-33.37355197967512,-0.9233293851510461,-1.3036853048140944,-0.6566212266021622,-2.297068610469988,share,2,True,0.4781801448469331,12,4.236180741343418
enc1_mlp,|RQE| T850,120,0.0056590997652771575,0.004286519018933177,-0.0013725807463439803,-0.001887053954123985,-0.0007725800460320904,-24.254400934328775,-0.6710343902123286,-0.9225527188664293,-0.3777029376670523,-1.6694064535273638,share,3,True,0.1598978063443492,12,8.691478049812696
enc2_attn,|RQE| T850,120,0.0056590997652771575,0.005628926485466461,-3.017327981069684e-05,-5.976567626930773e-05,1.83107234382381e-07,-0.5331816200843932,-0.014751269440728972,-0.02921855361721047,8.951841390353759e-05,-0.03669836413940248,share,12,False,-0.019355258642593808,12,12.473694690677947
enc2_mlp,|RQE| T850,120,0.0056590997652771575,0.005663495200375716,4.395435098558664e-06,-7.884831235666449e-05,0.00011260981846135103,0.07767021754110029,0.0021488630952572123,-0.03854777166476871,0.05505327177611194,0.005345964336990351,share,16,False,0.010339419106304162,12,11.75439337131793
downsample,|RQE| T850,120,0.0056590997652771575,0.005454491183627397,-0.0002046085816497604,-0.0005071316142372476,-1.3345328140227793e-05,-3.6155676721797385,-0.10003010401046965,-0.2479291323468722,-0.006524333198330427,-0.24885595077959005,share,5,True,0.35285469345023374,12,5.740264432089113
dec0_attn,|RQE| T850,120,0.0056590997652771575,0.005630772599639992,-2.8327165637165308e-05,-7.172853268760567e-05,1.249257184099403e-05,-0.5005595732906817,-0.013848731574014925,-0.035067016873913066,0.006107433278394756,-0.03445302088841277,share,13,False,0.3693765743675816,12,5.526223574464099
dec0_mlp,|RQE| T850,120,0.0056590997652771575,0.005669766183321674,1.0666418044517437e-05,-0.00010605235293041915,0.00015499058693724995,0.18848259417450017,0.0052146537442823776,-0.05184742403592771,0.07577260155449109,0.01297307074062341,share,15,False,0.15897554852597176,12,8.7079433474883
dec1_attn,|RQE| T850,120,0.0056590997652771575,0.005647080038518955,-1.2019726758201918e-05,-6.257254135562107e-05,3.0547574472924076e-05,-0.2123964456670653,-0.0058762663232691985,-0.0305907883703348,0.014934256555400649,-0.014619037512529088,share,14,False,0.13294847174349164,12,9.183664216490321
dec1_mlp,|RQE| T850,120,0.0056590997652771575,0.0054975034824262066,-0.00016159628285095096,-0.00026040167091802383,-7.702457272292427e-05,-2.855512176026052,-0.07900202841421157,-0.12730651870222043,-0.037656172379048995,-0.1965420818964367,share,6,True,0.09404577160986091,12,9.93692496492592
dec2_attn,|RQE| T850,120,0.0056590997652771575,0.005622475951289137,-3.6623813988020025e-05,-7.220450788736343e-05,-1.2845305415491288e-06,-0.6471667845959304,-0.017904840026469273,-0.03529971409684614,-0.0006279879496732474,-0.0445438503980473,share,10,True,-0.20301415069920054,12,18.113458126082595
dec2_mlp,|RQE| T850,120,0.0056590997652771575,0.005516812593365709,-0.00014228717191144824,-0.0001793077249506799,-8.724800087899591e-05,-2.514307536765605,-0.06956209016697619,-0.08766089003734706,-0.04265425493037588,-0.1730573036783665,share,7,True,-0.34881812818788543,12,24.85606285877184
upsample,|RQE| T850,120,0.0056590997652771575,0.00569119358745714,3.209382217998306e-05,-0.00012120291794417425,0.00016997221003596982,0.5671188618533083,0.015690194149591195,-0.059254310794653646,0.08309689511406358,0.03903423096115349,share,11,False,0.6395817847156317,12,2.637879137064547
decoder_io,|RQE| T850,120,0.0056590997652771575,0.008455574473676583,0.002796474708399425,0.0017633743453188799,0.00388864201522665,49.41554000439972,1.367155051309989,0.8620875906054547,1.9010994656541067,3.4012227971017297,share,1,True,0.3623554074274477,12,5.616548419857261
decoder_heads,|RQE| T850,120,0.0056590997652771575,0.00660375338823845,0.0009446536229612926,0.0007848126716756572,0.00111003867010974,16.692648338830402,0.46182715992057094,0.38368328710098604,0.5426814590640644,1.1489384932144275,share,4,True,0.21236498063976672,12,7.796018841896246
encoder_io,|RQE| Q700,120,0.19268829065064588,0.2001600687702497,0.007471778119603793,-0.00432756218748788,0.017200535039107002,3.877650320304374,0.2979487274610769,-0.17256824629035705,0.6858979809779675,-0.10195866950067223,share,5,False,0.2189937894325852,12,7.688369381415366
enc0_attn,|RQE| Q700,120,0.19268829065064588,0.19129143531123796,-0.0013968553394079208,-0.0031025088702638947,0.0001402132368336118,-0.7249300591598967,-0.05570177060422,-0.12371734746867034,0.005591220030766722,0.019061260868717247,share,9,False,-0.16785614615055613,12,16.841167171970984
enc0_mlp,|RQE| Q700,120,0.19268829065064588,0.19394235437115034,0.001254063720504443,-0.0028540208470076325,0.0051313921033094324,0.6508250793392149,0.05000773359410408,-0.11380850259488176,0.20462220944081475,-0.017112749651414443,share,11,False,0.16482884176339302,12,8.603885428924695
enc1_attn,|RQE| Q700,120,0.19268829065064588,0.16746085323393345,-0.025227437416712444,-0.031174326439698537,-0.01969210182627042,-13.092356225449699,-1.0059831482003387,-1.24312456064433,-0.7852530664390691,0.3442495096543191,share,2,True,0.13173818031448803,12,9.206318225767435
enc1_mlp,|RQE| Q700,120,0.19268829065064588,0.16587270237505436,-0.026815588275591534,-0.03811463851792117,-0.01864363408337037,-13.916563474118737,-1.0693131239898677,-1.5198802563820974,-0.7434437909519616,0.365921158081996,share,1,True,0.2594168096134031,12,7.0564393112770665
enc2_attn,|RQE| Q700,120,0.19268829065064588,0.19308457399408022,0.0003962833434343338,-0.00040035061538219453,0.0015275455700854452,0.2056603139174744,0.015802412223737405,-0.015964600993492725,0.06091324601190084,-0.0054076180789995355,share,14,False,-0.10809789674385487,12,14.908782827600804
enc2_mlp,|RQE| Q700,120,0.19268829065064588,0.19398709138234457,0.001298800731698672,0.00011977849838634332,0.0031557107965151467,0.6740423755450023,0.051791691220035206,0.0047763531786061755,0.12583885669596512,-0.01772322363308056,share,10,True,-0.319873972034381,12,23.28757761526695
downsample,|RQE| Q700,120,0.19268829065064588,0.18811742837230364,-0.004570862278342247,-0.010348479263484478,0.0008255845556656519,-2.3721536284887508,-0.18227021432270904,-0.41266164202906525,0.03292146311554864,0.06237324354531282,share,6,False,-0.06331818662260266,12,13.622361464949455
dec0_attn,|RQE| Q700,120,0.19268829065064588,0.19246731822689375,-0.00022097242375214896,-0.0013669059767077367,0.000767124397680163,-0.11467869843361875,-0.008811617717635578,-0.05450749337034741,0.03059027375203558,0.0030153537700745524,share,16,False,-0.04023532412542368,12,13.006129735010544
dec0_mlp,|RQE| Q700,120,0.19268829065064588,0.19219212544461092,-0.0004961652060349783,-0.001481116268162926,0.0009423570552219936,-0.25749629329296,-0.019785356227417512,-0.05906180567155863,0.0375779474340506,0.006770589737819442,share,13,False,-0.43192779215734867,12,30.24815026798088
dec1_attn,|RQE| Q700,120,0.19268829065064588,0.19340932617584863,0.0007210355252027512,-0.0005527705730249485,0.00144659246628483,0.3741978937941937,0.028752408563194977,-0.022042582926625653,0.05768511558895183,-0.0098391335550378,share,12,False,0.054565491185111586,12,10.758188278121073
dec1_mlp,|RQE| Q700,120,0.19268829065064588,0.1929913337032,0.00030304305255413055,-0.0012237330277760823,0.002108734721938769,0.1572711302440083,0.012084311181233437,-0.048798250234618666,0.08408906379408931,-0.004135276228127592,share,15,False,-0.18423308642855676,12,17.42016843380855
dec2_attn,|RQE| Q700,120,0.19268829065064588,0.19514358478287855,0.002455294132232666,0.0017453512797753017,0.0031622584753980237,1.2742311034790614,0.09790865715377588,0.06959858610057182,0.12609995553478884,-0.033504544560609216,share,8,True,-0.03618848565966465,12,12.90113434308408
dec2_mlp,|RQE| Q700,120,0.19268829065064588,0.1897758493820826,-0.0029124412685632706,-0.0038530760444700717,-0.002055169160788258,-1.5114780761866229,-0.11613810740669663,-0.15364737628497643,-0.0819530540618598,0.03974270006257993,share,7,True,0.11603876225299696,12,9.504629419456842
upsample,|RQE| Q700,120,0.19268829065064588,0.19275458343327045,6.629278262456258e-05,-0.0014264328094820181,0.001457433480148514,0.03440415730541454,0.0026435274049451556,-0.05688121804350807,0.05811741781117625,-0.0009046205341890022,share,17,False,-0.25787379811658856,12,20.339513062726247
decoder_io,|RQE| Q700,120,0.19268829065064588,0.2148315260807673,0.022143235430121422,0.013631106571604807,0.030599234299734233,11.491738992209072,0.8829958160783231,0.5435614912386261,1.2201918706564323,-0.30216299075741887,share,3,True,0.27444485683833475,12,6.831728867061084
decoder_heads,|RQE| Q700,120,0.19268829065064588,0.20306370283166567,0.010375412181019783,0.006737574438254039,0.014888546491662652,5.384557694702351,0.4137356338390474,0.26867121827200624,0.5937038560201783,-0.1415811878463463,share,4,True,0.3794530571052895,12,5.398199870869657
encoder_io,Vag/Vg 850hPa,120,0.35729679961999256,0.3651660258571307,0.007869226237138113,0.006937282842894395,0.008815524727106094,2.2024340115857535,1.685607877576829,1.4859832792422154,1.8883073732021054,0.14027617313328622,share,3,True,0.17830336878154573,12,8.36826901786575
enc0_attn,Vag/Vg 850hPa,120,0.35729679961999256,0.3576062048474948,0.0003094052275021871,0.00020590958495934805,0.00042524505406618104,0.0865961373936903,0.06627537106250615,0.04410634642044296,0.09108855069532536,0.00551543188027914,share,11,True,-0.0933407526333174,12,14.470804847252186
enc0_mlp,Vag/Vg 850hPa,120,0.35729679961999256,0.36096855501333874,0.003671755393346151,0.0034229931111137073,0.003948492432634036,1.027648553597819,0.7864991587546926,0.7332136577487519,0.8457769224615591,0.06545240659485976,share,5,True,-0.001845692064145312,12,12.044378518619123
enc1_attn,Vag/Vg 850hPa,120,0.35729679961999256,0.3528248965740204,-0.004471903045972188,-0.005646674645443757,-0.002902623700598876,-1.2515933673988504,-0.9578927806747005,-1.2095317859275183,-0.6217492327619302,-0.07971577217485136,share,4,True,0.2518121462853353,12,7.172205726888267
enc1_mlp,Vag/Vg 850hPa,120,0.35729679961999256,0.3566628247499466,-0.0006339748700459799,-0.0017477845152219136,-9.660919507371805e-08,-0.17743648158064998,-0.13579899763104175,-0.37437980029867457,-2.0693930426613257e-05,-0.011301183363240704,share,8,True,0.10258586609138012,12,9.767012201125866
enc2_attn,Vag/Vg 850hPa,120,0.35729679961999256,0.3572266027331352,-7.019688685735066e-05,-0.00014387319485346475,-4.1209782163302605e-06,-0.01964665984470318,-0.015036348162122733,-0.030817997006189,-0.0008827238073275998,-0.0012513238732097468,share,14,True,0.5169314725845734,12,3.821413447970986
enc2_mlp,Vag/Vg 850hPa,120,0.35729679961999256,0.35727690160274506,-1.9898017247517903e-05,-0.0002759884422024091,0.00018431842327117909,-0.0055690443543520915,-0.004262204899166013,-0.05911741234494301,0.03948146576116628,-0.0003547004023405799,share,17,False,0.7191243263677337,12,1.9605958870401201
downsample,Vag/Vg 850hPa,120,0.35729679961999256,0.3593386660019557,0.0020418663819630942,0.0017941637585560481,0.0023784419521689407,0.5714762584312948,0.43737286928581204,0.38431434984194723,0.5094681954897282,0.03639814048801056,share,7,True,-0.4877126379238852,12,34.84870597380483
dec0_attn,Vag/Vg 850hPa,120,0.35729679961999256,0.35717251648505527,-0.00012428313493728638,-0.0001809976374109586,-6.698754926522579e-05,-0.03478428440150297,-0.02662175733511792,-0.03877014515135636,-0.014348900049173762,-0.002215460838034154,share,12,True,-0.15649575402553195,12,16.452731701751805
dec0_mlp,Vag/Vg 850hPa,120,0.35729679961999256,0.3576065128048261,0.0003097131848335266,5.1345427831014e-05,0.000522011270125707,0.08668232829483105,0.06634133629060109,0.010998318642950302,0.11181611540854403,0.005520921502082714,share,10,True,0.31127927512008685,12,6.302737224152408
dec1_attn,Vag/Vg 850hPa,120,0.35729679961999256,0.35719118018945056,-0.00010561943054199219,-0.00016685867061217626,-3.471157203118012e-05,-0.029560698739626284,-0.022623945325977557,-0.035741543215330136,-0.007435305263267123,-0.0018827631940514459,share,13,True,-0.13488241607784723,12,15.741893640852908
dec1_mlp,Vag/Vg 850hPa,120,0.35729679961999256,0.3572459841767947,-5.081544319788615e-05,-0.00015045454104741415,7.327509423096967e-05,-0.014222193776135565,-0.010884794613309509,-0.032227737767895184,0.015695707855366767,-0.0009058318687332259,share,15,False,0.08749574979241212,12,10.06905176832302
dec2_attn,Vag/Vg 850hPa,120,0.35729679961999256,0.3572590996821721,-3.769993782043457e-05,-8.436044057210286e-05,3.875171144803334e-06,-0.01055143451061717,-0.008075420665169754,-0.018070216676843623,0.0008300713198219714,-0.0006720359595019975,share,16,False,-0.58051649287896,12,45.2132148048312
dec2_mlp,Vag/Vg 850hPa,120,0.35729679961999256,0.35768909255663556,0.00039229293664296466,0.00033272119859854377,0.00048330575227737425,0.10979469647088713,0.08403012499531515,0.07126971019687901,0.10352529699453847,0.006992981297168413,share,9,True,-0.38576119770953504,12,27.07275136397315
upsample,Vag/Vg 850hPa,120,0.35729679961999256,0.3597262178858121,0.0024294182658195496,0.0022106793398658435,0.0025461983556548753,0.6799440320773619,0.5203874489550527,0.473533025710722,0.5454020353246198,0.04330660817209008,share,6,True,-0.09570085520232137,12,14.539890187963836
decoder_io,Vag/Vg 850hPa,120,0.35729679961999256,0.3847660645842552,0.027469264964262646,0.026279101769129436,0.02853003392616908,7.688080328029225,5.883985034829245,5.629049111415237,6.111204390912818,0.48966483512518577,share,1,True,0.0012402807833520617,12,11.970270134580323
decoder_heads,Vag/Vg 850hPa,120,0.35729679961999256,0.3816702738404274,0.024373474220434826,0.023361372078458467,0.025352856330573555,6.821632392553624,5.220858939852035,5.0040641379213975,5.4306450293936726,0.4344795265218903,share,2,True,0.0731516834406494,12,10.36403331452009
encoder_io,|Vag| 850hPa,120,3.833594183127085,3.925326387087504,0.0917322039604187,0.07314054171244304,0.1113829965392748,2.392851188165989,1.007075707816966,0.802968419323681,1.2228105859853242,0.13273251481003046,share,3,True,0.3841623754957915,12,5.339006192393771
enc0_attn,|Vag| 850hPa,120,3.833594183127085,3.838460167249044,0.004865984121958415,0.0027296160658200584,0.006517232954502105,0.1269300789158962,0.05342087284812057,0.029966902711074366,0.07154899487093178,0.0070408676740385,share,11,True,-0.19978124000572464,12,17.991798742848385
enc0_mlp,|Vag| 850hPa,120,3.833594183127085,3.87993731101354,0.04634312788645426,0.0426808680097262,0.051565290987491595,1.2088689014196046,0.5087748500934425,0.46856898128910207,0.5661060094274323,0.06705649317208283,share,5,True,-0.0076609901042747975,12,12.185283215382126
enc1_attn,|Vag| 850hPa,120,3.833594183127085,3.760840813318888,-0.07275336980819702,-0.08839500894149145,-0.05279773473739624,-1.897784854964791,-0.7987178791351596,-0.9704385412526529,-0.5796363085829541,-0.10527096612344446,share,4,True,0.450326951836774,12,4.547992829896097
enc1_mlp,|Vag| 850hPa,120,3.833594183127085,3.817678451538086,-0.01591573158899943,-0.03433867692947387,-0.000749156872431466,-0.41516474693773864,-0.17472976733811477,-0.3769848088373585,-0.008224567327472065,-0.023029372321206512,share,9,True,0.3940324274789273,12,5.216242267336204
enc2_attn,|Vag| 850hPa,120,3.833594183127085,3.8320141633351645,-0.0015800197919209797,-0.003029841184616089,-0.0005617638429005942,-0.04121510301938502,-0.01734613888706107,-0.03326290358058803,-0.006167285809018653,-0.0022862200119140737,share,16,True,-0.07907695098429891,12,14.06080934302994
enc2_mlp,|Vag| 850hPa,120,3.833594183127085,3.836070636908213,0.0024764537811279297,0.00016549577315648397,0.005043168862660726,0.06459874631560171,0.027187577936986358,0.0018168839916262863,0.055366083368017585,0.0035833210583466565,share,14,True,0.2579869329100325,12,7.078099598763009
downsample,|Vag| 850hPa,120,3.833594183127085,3.8519238034884133,0.018329620361328125,0.013293876747290293,0.023533721764882404,0.47813147364431113,0.20123047961832205,0.14594591383289568,0.2583633498456316,0.026522164529285738,share,8,True,-0.32147624955467147,12,23.370906300992893
dec0_attn,|Vag| 850hPa,120,3.833594183127085,3.831466813882192,-0.002127369244893392,-0.002846258878707886,-0.0012158453464508072,-0.05549281283492778,-0.023355177305164128,-0.031247457829988296,-0.013348074721950922,-0.003078210896644924,share,15,True,-0.10422494175719682,12,14.792440556538367
dec0_mlp,|Vag| 850hPa,120,3.833594183127085,3.857137938340505,0.023543755213419598,0.020982279380162557,0.026406922439734137,0.614143127539254,0.2584735013720443,0.23035251466876555,0.2899065863362213,0.03406679118815631,share,7,True,0.007262643542691966,12,11.826953331246797
dec1_attn,|Vag| 850hPa,120,3.833594183127085,3.829914669195811,-0.003679513931274414,-0.004578749835491181,-0.002443235615889232,-0.09598078866743827,-0.04039529125844907,-0.05026749094008197,-0.026822894588872572,-0.005324096841577352,share,12,True,-0.09289575437782227,12,14.457819060849545
dec1_mlp,|Vag| 850hPa,120,3.833594183127085,3.8371393283208213,0.0035451451937357583,0.002154087523619334,0.004852027197678884,0.0924757557630673,0.0389201332918575,0.02364850209512763,0.05326764771244388,0.005129671114566035,share,13,True,-0.10099812087023849,12,14.696273452990026
dec2_attn,|Vag| 850hPa,120,3.833594183127085,3.8330942591031394,-0.0004999240239461263,-0.0010457545518875121,0.00018576780954996744,-0.013040608892471122,-0.005488381599198122,-0.011480744603055142,0.0020394391523925934,-0.0007233683488183833,share,17,False,-0.5961226236286854,12,47.42397718740999
dec2_mlp,|Vag| 850hPa,120,3.833594183127085,3.8415578603744507,0.007963677247365316,0.006824489931265513,0.009463583429654438,0.20773396627154986,0.08742868430564293,0.07492219451071395,0.10389530142562002,0.011523095080483606,share,10,True,-0.25294966915898526,12,20.126349469628458
upsample,|Vag| 850hPa,120,3.833594183127085,3.858367383480072,0.024773200352986652,0.022571495672067007,0.026329432427883145,0.6462134271285597,0.27197088048969703,0.24779961669996178,0.2890558675573805,0.03584574490506599,share,6,True,-0.01892852316561078,12,12.463049397216697
decoder_io,|Vag| 850hPa,120,3.833594183127085,4.186051150163014,0.3524569670359294,0.3413984696070353,0.3654200315475464,9.193903950167938,3.8694246320069507,3.748019676661051,4.01173874640615,0.509989922592299,share,1,True,0.3833485726177921,12,5.349206465427137
decoder_heads,|Vag| 850hPa,120,3.833594183127085,4.124019145965576,0.2904249628384908,0.27719993740320203,0.30497602572043736,7.575787862908052,3.1884105296814917,3.0432204952538044,3.3481583752434334,0.42023230683300566,share,2,True,0.256128822811719,12,7.106320597180785
encoder_io,Vag/Vg 500hPa,120,0.24012564991911253,0.2488285986085733,0.008702948689460754,0.007812028843909502,0.009772696532309054,3.6243311334679924,1.9247652413226153,1.7277272473380942,2.161353268939935,0.08280213955088847,share,3,True,0.13682048344041556,12,9.111512635106312
enc0_attn,Vag/Vg 500hPa,120,0.24012564991911253,0.24019095798333487,6.530806422233582e-05,-4.5217977215846374e-05,0.0001550018787384033,0.02719745443451591,0.014443689889317933,-0.010000517518088666,0.03428059146168162,0.0006213580753480579,share,15,False,-0.04976659585893959,12,13.256952550193914
enc0_mlp,Vag/Vg 500hPa,120,0.24012564991911253,0.24508598322669664,0.0049603333075841265,0.00458959573879838,0.005327121199419101,2.065724052909399,1.0970393456846108,1.0150461257411907,1.1781590454935846,0.04719391385713779,share,5,True,-0.24249708633287,12,19.68304645036169
enc1_attn,Vag/Vg 500hPa,120,0.24012564991911253,0.23414211720228195,-0.005983532716830571,-0.006590452200422685,-0.005427345478286346,-2.4918340538989283,-1.3233326088224657,-1.457560393908023,-1.2003248901036891,-0.056928901767087224,share,4,True,0.12879909494576042,12,9.261533702020921
enc1_mlp,Vag/Vg 500hPa,120,0.24012564991911253,0.23966992273926735,-0.00045572717984517414,-0.0009952242175738017,-0.00020949169993400574,-0.18978696361621009,-0.10078972846918186,-0.22010620189319313,-0.04633169248336056,-0.004335908080024665,share,9,True,-0.5880675901578339,12,46.261985283449086
enc2_attn,Vag/Vg 500hPa,120,0.24012564991911253,0.23987573385238647,-0.00024991606672604877,-0.0003383900659779708,-0.0001803101971745491,-0.10407720575050362,-0.05527204349313098,-0.07483916776299199,-0.039877840552809615,-0.0023777670961244797,share,14,True,0.10475074764179994,12,9.724357327868193
enc2_mlp,Vag/Vg 500hPa,120,0.24012564991911253,0.24011346449454626,-1.2185424566268921e-05,-8.815350010991096e-05,4.560422773162522e-05,-0.005074603471296648,-0.002694958053046544,-0.0194962419022373,0.010085941619016018,-0.00011593532967106824,share,17,False,-0.44212635640504294,12,31.020494471370203
downsample,Vag/Vg 500hPa,120,0.24012564991911253,0.24256160234411558,0.0024359524250030518,0.00207177335396409,0.0030330924006799855,1.0144490710690899,0.5387411467609058,0.45819842008692085,0.6708060721555664,0.02317629114356247,share,7,True,0.10580784193826194,12,9.703589981721196
dec0_attn,Vag/Vg 500hPa,120,0.24012564991911253,0.23983976865808168,-0.00028588126103083294,-0.0003958398476243019,-0.00021575453380743664,-0.11905486195545266,-0.06322619309981468,-0.08754490081739238,-0.04771679601342683,-0.0027199494005434293,share,12,True,0.41212019219092144,12,4.9957204299753775
dec0_mlp,Vag/Vg 500hPa,120,0.24012564991911253,0.24069405595461527,0.0005684060355027517,0.00043495986610651014,0.0006831102073192596,0.23671191965299082,0.12571005749104025,0.09619677899123902,0.15107831034704916,0.005407964306426623,share,8,True,0.11509370456386067,12,9.52285489710209
dec1_attn,Vag/Vg 500hPa,120,0.24012564991911253,0.2397087886929512,-0.000416861226161321,-0.0005081482231616974,-0.0003356485317150753,-0.1736012901169628,-0.09219403988237825,-0.112383293557265,-0.07423284339576845,-0.003966127189025504,share,10,True,-0.0853827805804213,12,14.240485626577788
dec1_mlp,Vag/Vg 500hPa,120,0.24012564991911253,0.24008883039156595,-3.6819527546564736e-05,-0.00011380364497502644,2.0523866017659504e-05,-0.01533344212039304,-0.008143096018636815,-0.025169090155502494,0.004539107989478577,-0.0003503106552610663,share,16,False,-0.1466037549547894,12,16.1229266467285
dec2_attn,Vag/Vg 500hPa,120,0.24012564991911253,0.2398552087446054,-0.0002704411745071411,-0.0003593167910973231,-0.00019346748789151518,-0.11262485894290782,-0.059811426114022286,-0.07946737304854308,-0.042787738881023496,-0.0025730483622136563,share,13,True,0.16982896280673818,12,8.515819630946275
dec2_mlp,Vag/Vg 500hPa,120,0.24012564991911253,0.24045057346423468,0.0003249235451221466,0.0002637220857044061,0.00039926807706554724,0.13531396801282938,0.07186087934722489,0.05832541613713644,0.08830309635585151,0.0030914079453501202,share,11,True,0.0113747445141681,12,11.730076443157406
upsample,Vag/Vg 500hPa,120,0.24012564991911253,0.24283218135436377,0.002706531435251236,0.0024507501162588595,0.002886019150416056,1.1271313315187044,0.5985830569617403,0.5420138400511114,0.638278995398333,0.025750650911217223,share,6,True,-0.12951854762093984,12,15.570949311334608
decoder_io,Vag/Vg 500hPa,120,0.24012564991911253,0.29015323519706726,0.050027585277954735,0.04719875697046518,0.0538058506945769,20.833919781084095,11.064222102897013,10.438591573037742,11.899832446689151,0.47597558544675844,share,2,True,0.5592646151912541,12,3.391871120641214
decoder_heads,Vag/Vg 500hPa,120,0.24012564991911253,0.29690419385830563,0.05677854393919309,0.054560840626557666,0.05896794960523645,23.64534732475236,12.55728049499039,12.06680785128793,13.04149476253609,0.5402059792036558,share,1,True,-0.08330973138852937,12,14.181144080817274
encoder_io,|Vag| 500hPa,120,4.0923550724983215,4.251169264316559,0.1588141918182373,0.14246537238359452,0.17599488894144694,3.8807529895318593,1.0321452048770323,0.9258930154997779,1.1438038290159935,0.07782723694692724,share,3,True,0.2574143364614869,12,7.086787309534618
enc0_attn,|Vag| 500hPa,120,4.0923550724983215,4.090227742989858,-0.0021273295084635415,-0.004453347126642863,-0.0001145059863726315,-0.051983013955942944,-0.013825672165791393,-0.028942633084567355,-0.0007441828932989257,-0.0010425024100419837,share,15,True,0.03217984573787796,12,11.251761889269442
enc0_mlp,|Vag| 500hPa,120,4.0923550724983215,4.18175224463145,0.08939717213312785,0.0839374581972758,0.09372953375180562,2.184492072398601,0.5809988483420833,0.5455157627665856,0.6091551876422217,0.04380927685576787,share,5,True,-0.40734600464719317,12,28.495803939890433
enc1_attn,|Vag| 500hPa,120,4.0923550724983215,3.978481709957123,-0.11387336254119873,-0.12199711402257284,-0.10605732103188834,-2.7825875449189885,-0.7400714241246118,-0.7928682871827286,-0.6892743909842262,-0.05580388671171331,share,4,True,-0.12480201539287764,12,15.422366621163592
enc1_mlp,|Vag| 500hPa,120,4.0923550724983215,4.090802252292633,-0.0015528202056884766,-0.019625113904476167,0.00840550114711125,-0.03794441533492115,-0.01009189362101756,-0.12754506999508952,0.05462797502069966,-0.0007609628881429439,share,16,False,-0.11839136485378719,12,15.222963844971474
enc2_attn,|Vag| 500hPa,120,4.0923550724983215,4.087601741154988,-0.004753331343332927,-0.006444063782691955,-0.00341081867615382,-0.11615148879129614,-0.030892252745446342,-0.041880448195961956,-0.022167163406443903,-0.002329380268283719,share,13,True,0.02210709287141181,12,11.480905442673969
enc2_mlp,|Vag| 500hPa,120,4.0923550724983215,4.093456784884135,0.0011017123858133953,-0.0007640595237414042,0.0027928123871485385,0.026921231571942175,0.007160110460860903,-0.004965679481421249,0.018150694723905163,0.0005398965288706482,share,17,False,-0.24037686880204537,12,19.59461450594729
downsample,|Vag| 500hPa,120,4.0923550724983215,4.132825195789337,0.040470123291015625,0.034115397930145265,0.05016202330589294,0.9889201345940205,0.2630183311540004,0.22171849998375098,0.3260067077718294,0.019832471132340837,share,7,True,0.11718472545798653,12,9.482570834614009
dec0_attn,|Vag| 500hPa,120,4.0923550724983215,4.087060113747914,-0.005294958750406901,-0.007351243495941162,-0.0036661088466644304,-0.1293865917449438,-0.03441232941265756,-0.04777627639791214,-0.023826313148214703,-0.0025948059463335783,share,11,True,0.3031078193049683,12,6.4175090076589
dec0_mlp,|Vag| 500hPa,120,4.0923550724983215,4.114244043827057,0.02188897132873535,0.01881621281305949,0.024389039973417917,0.5348746856262514,0.14225804720589608,0.12228796184142358,0.15850617864761155,0.01072673757063036,share,8,True,-0.0464268789322212,12,13.168494654217618
dec1_attn,|Vag| 500hPa,120,4.0923550724983215,4.082485854625702,-0.009869217872619629,-0.011624960601329804,-0.008029797176520031,-0.24116230624618354,-0.06414077851914807,-0.0755514806591052,-0.05218624706641958,-0.004836431486754659,share,9,True,-0.11609416690617777,12,15.152213619855724
dec1_mlp,|Vag| 500hPa,120,4.0923550724983215,4.094969630241394,0.0026145577430725098,0.001136717696984609,0.003918711841106415,0.06388882921335468,0.016992204578763062,0.007387612572964008,0.025467998733526065,0.0012812696563945277,share,14,True,-0.21843511040433722,12,18.70762302592205
dec2_attn,|Vag| 500hPa,120,4.0923550724983215,4.087203323841095,-0.0051517486572265625,-0.006761471430460612,-0.0037069121996561685,-0.12588713750299035,-0.03348159640149661,-0.04394330402694882,-0.02409149716389466,-0.002524625531551164,share,12,True,0.009562673736814553,12,11.772669715656129
dec2_mlp,|Vag| 500hPa,120,4.0923550724983215,4.101529618104299,0.009174545605977377,0.007833813627560932,0.01088155756394068,0.22418742859417753,0.059626051965009454,0.050912535454270776,0.07072004921366877,0.004496005845459942,share,10,True,0.053448053662828614,12,10.782328864296852
upsample,|Vag| 500hPa,120,4.0923550724983215,4.138157824675242,0.04580275217692057,0.040642606218655904,0.049793873230616244,1.1192272265113759,0.2976754815695937,0.2641393104861927,0.3236140731431379,0.022445737409754803,share,6,True,-0.03196383916081584,12,12.792462276610163
decoder_io,|Vag| 500hPa,120,4.0923550724983215,5.034921248753865,0.9425661762555441,0.9184882516662279,0.9713684717814127,23.03236546090126,6.125807448082996,5.96932323137838,6.312995701702674,0.46190658591492123,share,2,True,0.33885134513255977,12,5.925813860704422
decoder_heads,|Vag| 500hPa,120,4.0923550724983215,5.172097563743591,1.0797424912452698,1.0342411448558173,1.130779659251372,26.3843794616312,7.0173264875237,6.721609864508847,7.349020825573107,0.5291301346921643,share,1,True,0.2726864910524074,12,6.857747111116083
encoder_io,Vag/Vg 250hPa,120,0.27602362384398776,0.28380292405684787,0.007779300212860107,0.006794085974494616,0.009422070284684496,2.818345801175725,0.7988683807397241,0.6976952055505646,0.9675669823230062,0.09616143981706375,share,3,True,0.43322286559366685,12,4.745476629036871
enc0_attn,Vag/Vg 250hPa,120,0.27602362384398776,0.27617904792229336,0.00015542407830556235,5.033593624830246e-05,0.00020834250996510186,0.0563082522217048,0.015960739188169117,0.00516907521029006,0.02139501484978412,0.0019212271982248159,share,15,True,-0.4027808221755848,12,28.18625136491531
enc0_mlp,Vag/Vg 250hPa,120,0.27602362384398776,0.27947114656368893,0.0034475227197011313,0.0030842522780100503,0.003904165265460809,1.2489955286036376,0.35403144464050507,0.3167266406628138,0.400924774519309,0.042615497468584694,share,5,True,0.2886464099938219,12,6.62419342798236
enc1_attn,Vag/Vg 250hPa,120,0.27602362384398776,0.27058732509613037,-0.005436298747857411,-0.007040989895661672,-0.0044388504077990856,-1.9695048822814092,-0.5582619334755755,-0.7230501514073844,-0.4558324194459375,-0.06719914395455279,share,4,True,0.5899512260724067,12,3.0948026621459617
enc1_mlp,Vag/Vg 250hPa,120,0.27602362384398776,0.27574383715788525,-0.00027978668610254925,-0.0016528006022175153,0.0007699505736430479,-0.10136331166374674,-0.028731727888555304,-0.16972865227600015,0.07906741624381945,-0.003458497530766244,share,12,False,-0.05716542285678744,12,13.455154681237898
enc2_attn,Vag/Vg 250hPa,120,0.27602362384398776,0.2758060370882352,-0.00021758675575256348,-0.00034150170783201855,-0.0001287715509533884,-0.07882903380601453,-0.022344320759225857,-0.03506933900103502,-0.013223749897891511,-0.002689632119313422,share,13,True,0.3367492577439134,12,5.954002862515731
enc2_mlp,Vag/Vg 250hPa,120,0.27602362384398776,0.27604107807079953,1.7454226811726887e-05,-8.980464190244675e-05,0.00012899183978637056,0.006323453974212094,0.0017924015693722242,-0.009222177689057457,0.013246371699144095,0.00021575508531405203,share,16,False,-0.2589916443349268,12,20.388298750638793
downsample,Vag/Vg 250hPa,120,0.27602362384398776,0.27844306578238803,0.0024194419384002686,0.0020921312893430392,0.002892795080939928,0.876534372205681,0.24845623780252468,0.21484420059396414,0.29706560473164717,0.029907191390524793,share,7,True,-0.03348615324377893,12,12.83151180973551
dec0_attn,Vag/Vg 250hPa,120,0.27602362384398776,0.27573136736949283,-0.0002922564744949341,-0.0004193214699625969,-0.000188791627685229,-0.10588096425403115,-0.030012269761039358,-0.043060770834458154,-0.0193873044848935,-0.003612639005348181,share,11,True,0.05588007277245829,12,10.729854098848962
dec0_mlp,Vag/Vg 250hPa,120,0.27602362384398776,0.2768399268388748,0.0008163029948870341,0.0006759013359745343,0.0009335121139883995,0.29573664149428724,0.08382741813207858,0.06940935444516985,0.09586380400514825,0.010090479756206578,share,8,True,-0.2533452883739833,12,20.143371797298833
dec1_attn,Vag/Vg 250hPa,120,0.27602362384398776,0.2755942965547244,-0.0004293272892634074,-0.000545144019027551,-0.0003269827614227931,-0.15554005243626137,-0.04408828390685493,-0.055981683163551725,-0.03357836591983027,-0.0053069979508025295,share,9,True,0.029027961282350485,12,11.322981398961952
dec1_mlp,Vag/Vg 250hPa,120,0.27602362384398776,0.27601101746161777,-1.2606382369995117e-05,-9.982635577519735e-05,0.00010857172310352323,-0.0045671389261668464,-0.00129456891948398,-0.010251322999650585,0.01114939830789032,-0.00015582993925072967,share,17,False,-0.32123898160128067,12,23.358542033864804
dec2_attn,Vag/Vg 250hPa,120,0.27602362384398776,0.27559617658456165,-0.00042744725942611694,-0.0005639324585596721,-0.0003077287847797079,-0.15485894050420693,-0.04389522073269232,-0.057911097102460944,-0.03160114525437316,-0.005283758537088424,share,10,True,-0.12133983043243357,12,15.314314260781419
dec2_mlp,Vag/Vg 250hPa,120,0.27602362384398776,0.276209756731987,0.0001861328879992167,5.58150311311086e-05,0.00032333514342705404,0.06743368027963487,0.019114274390970416,0.005731731945109321,0.03320378638155818,0.0023008247551269574,share,14,True,-0.11364301097769937,12,15.077126143579337
upsample,Vag/Vg 250hPa,120,0.27602362384398776,0.2791260207692782,0.0031023969252904258,0.0027905618151028953,0.0033362011114756265,1.1239606531084245,0.3185899425788402,0.28656711241199706,0.3425996563727844,0.03834933053834102,share,6,True,0.313261067245915,12,6.275117262351518
decoder_io,Vag/Vg 250hPa,120,0.27602362384398776,0.31226985653241474,0.03624623268842697,0.03391235570112864,0.03933152904113134,13.131569024292583,3.7221817417267498,3.482512301202196,4.039015600036087,0.44804671730003814,share,2,True,0.402460186940296,12,5.112785249440883
decoder_heads,Vag/Vg 250hPa,120,0.27602362384398776,0.31928203999996185,0.04325841615597407,0.04096114945908387,0.04594589471817017,15.671997763649498,4.442273716440459,4.206363843308408,4.718255050044884,0.5347256781384486,share,1,True,0.3226853405525427,12,6.144905113996473
encoder_io,|Vag| 250hPa,120,7.578650673230489,7.797622084617615,0.21897141138712564,0.19749519924322764,0.25742488503456107,2.889319231464016,1.066328974551166,0.9617458825046921,1.2535865387356881,0.08410571248356763,share,3,True,0.27603817647294365,12,6.8082147090125735
enc0_attn,|Vag| 250hPa,120,7.578650673230489,7.579256772994995,0.0006060997645060221,-0.003049763043721517,0.002792798479398091,0.007997462749495815,0.0029515347974754334,-0.014851485307761099,0.013600140400975262,0.00023279957966649287,share,17,False,-0.3793457024662298,12,26.668869442081235
enc0_mlp,|Vag| 250hPa,120,7.578650673230489,7.681142330169678,0.10249165693918864,0.091878142952919,0.11435382763544717,1.352373415246759,0.49910544372753024,0.4474206259987225,0.5568708672335686,0.039366480655559526,share,5,True,0.29099942833187104,12,6.590248355888841
enc1_attn,|Vag| 250hPa,120,7.578650673230489,7.4504425923029585,-0.12820808092753092,-0.1709602077802022,-0.10164470672607423,-1.6917006266087828,-0.6243371707685165,-0.8325279628810738,-0.49498103521901715,-0.0492440174005056,share,4,True,0.3791084925550131,12,5.402546739115691
enc1_mlp,|Vag| 250hPa,120,7.578650673230489,7.57180921236674,-0.0068414608637491865,-0.04910651842753092,0.02196325163046517,-0.09027280922070702,-0.033315983584615676,-0.2391348857227382,0.10695483689200956,-0.0026277674182626203,share,13,False,-0.10049129532214711,12,14.68123151581427
enc2_attn,|Vag| 250hPa,120,7.578650673230489,7.571946620941162,-0.006704052289326985,-0.010286887486775715,-0.004057854413986209,-0.0884597084413353,-0.032646842607124686,-0.050094238857985,-0.019760605773755546,-0.0025749895420096383,share,14,True,0.22171525661291316,12,7.644511984353595
enc2_mlp,|Vag| 250hPa,120,7.578650673230489,7.579306403795878,0.0006557305653889974,-0.0027985642353693645,0.004517297943433125,0.008652339231113877,0.003193222790791294,-0.013628218005322849,0.021997966096346515,0.0002518624967977753,share,16,False,-0.2461383810189518,12,19.836081577464352
downsample,|Vag| 250hPa,120,7.578650673230489,7.646725257237752,0.06807458400726318,0.06032533943653107,0.0776479552189509,0.8982414804751199,0.33150401185992473,0.29376737782030504,0.3781236278293764,0.02614707259584287,share,7,True,-0.30330490115042985,12,22.448354868048327
dec0_attn,|Vag| 250hPa,120,7.578650673230489,7.570307532946269,-0.008343140284220377,-0.012313231825828552,-0.004979815085728969,-0.11008741059526914,-0.04062873855291005,-0.05996196390694001,-0.02425029404606562,-0.003204554208741636,share,12,True,0.07447558056931823,12,10.336477844646257
dec0_mlp,|Vag| 250hPa,120,7.578650673230489,7.611292243003845,0.03264156977335612,0.028503958384195963,0.03623250226179758,0.43070423985437856,0.15895523257429947,0.13880623284074894,0.17644206034704765,0.012537447080325176,share,8,True,-0.4654776377191382,12,32.89989885098453
dec1_attn,|Vag| 250hPa,120,7.578650673230489,7.5630894502003985,-0.015561223030090332,-0.018953323364257812,-0.012192083398501079,-0.20532973085903136,-0.07577876441186338,-0.09229733570842735,-0.059372005256802786,-0.005976980016572146,share,9,True,0.14160471054930188,12,9.023038691257682
dec1_mlp,|Vag| 250hPa,120,7.578650673230489,7.580319881439209,0.0016692082087198894,-0.0012615273396174114,0.0055749833583831725,0.022025137200424226,0.008128572886484662,-0.006143282111125788,0.027148595563347883,0.0006411336748869316,share,15,False,-0.3318513285683395,12,23.92014925147504
dec2_attn,|Vag| 250hPa,120,7.578650673230489,7.564518133799235,-0.014132539431254068,-0.018417301774024963,-0.010371978084246319,-0.1864783065034703,-0.06882147849378616,-0.08968706184194633,-0.050508606053090495,-0.005428230518943543,share,10,True,-0.11169311709124241,12,15.017690014302364
dec2_mlp,|Vag| 250hPa,120,7.578650673230489,7.587282697359721,0.008632024129231771,0.004185799757639567,0.012885947028795877,0.11389922166121254,0.04203552134827138,0.020383663488149507,0.06275092531163376,0.0033155129017315666,share,11,True,-0.09642318020289792,12,14.561106343331376
upsample,|Vag| 250hPa,120,7.578650673230489,7.670136213302612,0.09148554007212321,0.07912190357844034,0.10072752932707468,1.207148132520092,0.4455087607710528,0.38530134035705005,0.490514640135014,0.03513909181553685,share,6,True,0.3777861745978173,12,5.419248677688119
decoder_io,|Vag| 250hPa,120,7.578650673230489,8.711474418640137,1.1328237454096477,1.0781479676564534,1.1986556599537532,14.947565130703778,5.51653193052809,5.250276323665892,5.837114775036728,0.4351113582473069,share,2,True,0.21631687522275087,12,7.73170025747176
decoder_heads,|Vag| 250hPa,120,7.578650673230489,8.932846387227377,1.3541957139968872,1.2927996158599853,1.4156438827514648,17.868559620780694,6.59455094114987,6.2955692706521535,6.893786180860108,0.5201391115232965,share,1,True,0.10993193862226569,12,9.622947466302012
encoder_io,div/vort 850hPa,120,0.40859687825043994,0.4134512369831403,0.004854358732700348,0.00354340902219216,0.006163964358468848,1.1880557564429022,0.3840548638774958,0.28033846376311977,0.4876649260984106,0.12657129843732812,share,3,True,-0.2717619359733781,12,20.95625590798923
enc0_attn,div/vort 850hPa,120,0.40859687825043994,0.40883661806583405,0.00023973981539408365,9.052343666553498e-05,0.00040310639888048157,0.05867392242951516,0.01896712773758542,0.007161804073545629,0.03189195147596179,0.006250914156209232,share,12,True,-0.10591732357308213,12,14.843155149714788
enc0_mlp,div/vort 850hPa,120,0.40859687825043994,0.4102786183357239,0.0016817400852839153,0.0012919530272483826,0.001935343630611896,0.4115890685423034,0.13305165421339937,0.10221346862430669,0.15311561743550106,0.04384925753315306,share,5,True,0.2338943958628677,12,7.450611073743225
enc1_attn,div/vort 850hPa,120,0.40859687825043994,0.40905189762512845,0.00045501937468846637,-0.0006171167517701785,0.0016304954265554744,0.11136144178017258,0.035999070861908095,-0.048823480741353835,0.1289974090460975,0.011864057899244544,share,8,False,-0.35095823554738076,12,24.977589601249807
enc1_mlp,div/vort 850hPa,120,0.40859687825043994,0.40697964777549106,-0.001617230474948883,-0.003195144298175971,-0.0003479283303022402,-0.39580098650622564,-0.1279479461892853,-0.25278533707011824,-0.02752651274682786,-0.042167250579940294,share,6,True,0.018308586215454333,12,11.568494192115223
enc2_attn,div/vort 850hPa,120,0.40859687825043994,0.408674992620945,7.811437050501506e-05,-3.753695636987686e-05,0.00014854054898023598,0.019117711040644973,0.006180054994512433,-0.002969753877457917,0.011751855077088407,0.002036733963403317,share,14,False,0.08617508630705195,12,10.095885186981185
enc2_mlp,div/vort 850hPa,120,0.40859687825043994,0.40858494987090427,-1.1928379535675049e-05,-0.0001395469531416893,0.00011447090655565262,-0.002919351608057031,-0.0009437193316581317,-0.011040322531651478,0.009056419365758168,-0.0003110174936008053,share,17,False,-0.05175718075599403,12,13.309972839166013
downsample,div/vort 850hPa,120,0.40859687825043994,0.41207405428091687,0.003477176030476888,0.002360661824544271,0.004061575668553511,0.8510040618434765,0.27509840961424603,0.18676486547623167,0.32133346058805906,0.09066299161368169,share,4,True,-0.4499500835497432,12,31.6324036823491
dec0_attn,div/vort 850hPa,120,0.40859687825043994,0.4084875260790189,-0.00010935217142105103,-0.000250530739625295,9.42417730887722e-06,-0.02676285043813432,-0.008651448239067083,-0.019820856760290932,0.0007455982000540884,-0.0028512203332785886,share,13,False,-0.5120094490251582,12,37.181280154003055
dec0_mlp,div/vort 850hPa,120,0.40859687825043994,0.409013291200002,0.00041641294956207275,0.00016077682375907897,0.0006443419183293976,0.10191290529313396,0.03294470546306869,0.01271993368506183,0.05097741254011209,0.010857443920892574,share,9,True,-0.30861979046161797,12,22.713171810376554
dec1_attn,div/vort 850hPa,120,0.40859687825043994,0.40861867368221283,2.179543177286784e-05,-8.517019450664519e-05,0.00010222444931666057,0.005334213972997816,0.0017243557890134842,-0.006738279813835217,0.008087535167682774,0.0005682884705060728,share,16,False,-0.2739793668895941,12,21.056911753567643
dec1_mlp,div/vort 850hPa,120,0.40859687825043994,0.40897542983293533,0.0003785515824953715,0.00017198255906502406,0.0004914179444313049,0.09264671431565544,0.029949285681447165,0.013606480680153394,0.038878760748391875,0.009870256394358267,share,10,True,-0.3092261684094906,12,22.743643870729596
dec2_attn,div/vort 850hPa,120,0.40859687825043994,0.4086536094546318,5.6731204191843666e-05,-3.614525000254313e-05,0.00014464718600114176,0.013884394916270406,0.004488315780359505,-0.0028596483766297,0.011443829842181646,0.0014791947962363515,share,15,False,-0.11447897958107042,12,15.102688074695145
dec2_mlp,div/vort 850hPa,120,0.40859687825043994,0.4089592347542445,0.0003623565038045247,0.00026686737934748334,0.00043753186861673963,0.08868313075618427,0.02866800444852135,0.021113337660488143,0.03461553863164833,0.009447990086681636,share,11,True,-0.26604215892177696,12,20.69942584814235
upsample,div/vort 850hPa,120,0.40859687825043994,0.409207080801328,0.0006102025508880615,0.0004077178736527761,0.0007636922722061475,0.14934097232971322,0.04827646050143722,0.03225679046159705,0.06041987166516489,0.015910264038667056,share,7,True,-0.5400892877439722,12,40.18404216390471
decoder_io,div/vort 850hPa,120,0.40859687825043994,0.43157847970724106,0.022981601456801098,0.02165756622950236,0.024005896163483458,5.624517141492956,1.8182001589051973,1.7134484920034891,1.899237714184204,0.5992163531223853,share,1,True,-0.15012053543983045,12,16.239298630918803
decoder_heads,div/vort 850hPa,120,0.40859687825043994,0.41396991660197574,0.005373038351535797,0.004573172455032666,0.006318737007677555,1.314997406378254,0.4250904447598896,0.361808679872506,0.4999098367028529,0.1400952171347133,share,2,True,0.6669262475289043,12,2.3977575706053207
encoder_io,div/vort 500hPa,120,0.2504492277900378,0.261310404787461,0.010861176997423172,0.009448723557094732,0.012300076708197594,4.3366781735612125,1.0681099184473994,0.9292064156946234,1.2096142004505275,0.1646141044150836,share,4,True,-0.018886034874059487,12,12.461989996156301
enc0_attn,div/vort 500hPa,120,0.2504492277900378,0.2508257267375787,0.000376498947540919,0.00022808552409211795,0.0006138422526419158,0.15032945034933548,0.037025661238084186,0.0224303876637738,0.06036647764459402,0.005706291047220209,share,10,True,-0.04025205915779887,12,13.006565764485456
enc0_mlp,div/vort 500hPa,120,0.2504492277900378,0.25192653636137646,0.0014773085713386536,0.0010007978727420172,0.001979297709961732,0.5898634962361089,0.14528148634614269,0.09842046902379177,0.1946481045352566,0.02239037513828706,share,7,True,-0.09550272077649108,12,14.534076498940356
enc1_attn,div/vort 500hPa,120,0.2504492277900378,0.23870940506458282,-0.011739822725454966,-0.01316687570263942,-0.010556297811369101,-4.687506058232671,-1.1545177006918885,-1.294856951165593,-1.0381274881242604,-0.1779310294272078,share,3,True,-0.2153714905623977,12,18.587723631406746
enc1_mlp,div/vort 500hPa,120,0.2504492277900378,0.2423293540875117,-0.008119873702526093,-0.008978462126106024,-0.006863293548425038,-3.242123672800192,-0.798524657158795,-0.8829599638762362,-0.6749500458401573,-0.12306638017427048,share,5,True,-0.2938382363041942,12,21.986547040429272
enc2_attn,div/vort 500hPa,120,0.2504492277900378,0.2504497158030669,4.880130290985107e-07,-0.00010839228828748067,0.00010789260268211362,0.00019485507438163582,4.79921795616945e-05,-0.010659514915421758,0.010610374831310748,7.3964200884492324e-06,share,17,False,0.11409345041093083,12,9.542178522948552
enc2_mlp,div/vort 500hPa,120,0.2504492277900378,0.25071830302476883,0.0002690752347310384,0.00014458233490586281,0.0004042362794280051,0.10743703907788271,0.02646139797675434,0.014218516647125298,0.03975340605864028,0.00407815642780124,share,12,True,-0.44446830866637316,12,31.201855761612535
downsample,div/vort 500hPa,120,0.2504492277900378,0.25553026671210927,0.005081038922071457,0.0038613897437850633,0.006557776064922411,2.0287700492856406,0.4996795531432178,0.3797368080187263,0.6449048440663837,0.07700921105082939,share,6,True,0.009881469769745395,12,11.76516523812645
dec0_attn,div/vort 500hPa,120,0.2504492277900378,0.25054586802919704,9.664023915926616e-05,4.891399294137955e-06,0.00017670722057421987,0.03858675868638883,0.009503794845773217,0.0004810300119770528,0.017377742301904857,0.0014646982019937953,share,14,True,-0.165733841347561,12,16.76779760402407
dec0_mlp,div/vort 500hPa,120,0.2504492277900378,0.2512945147852103,0.0008452869951725006,0.0006767280710240206,0.0010626402993996937,0.33750832559209987,0.08312721758355945,0.06655079508639096,0.10450217723180566,0.01281133358908071,share,9,True,-0.4345873430298673,12,30.44687433883846
dec1_attn,div/vort 500hPa,120,0.2504492277900378,0.2504371715088685,-1.2056281169255575e-05,-8.918096621831258e-05,7.751692707339916e-05,-0.004813862384659803,-0.0011856388584338216,-0.008770234991760242,0.007623170000296008,-0.00018272733495866057,share,16,False,-0.21093212113229168,12,18.41563424738486
dec1_mlp,div/vort 500hPa,120,0.2504492277900378,0.2507188804447651,0.0002696526547273,0.00013983774309357007,0.00047680164376894576,0.1076675927918457,0.02651818261669375,0.013751923977205958,0.046889629453830024,0.00408690791721887,share,11,True,-0.13398445983118906,12,15.713128560397102
dec2_attn,div/vort 500hPa,120,0.2504492277900378,0.2505186162889004,6.938849886258443e-05,-1.3883287707964578e-05,0.0001465945504605769,0.027705615016212284,0.006823804075643578,-0.0013653103439023229,0.014416401958501237,0.0010516655422963222,share,15,False,-0.38349767641827975,12,26.929293665214693
dec2_mlp,div/vort 500hPa,120,0.2504492277900378,0.2506394013762474,0.00019017358620961508,3.409649555881818e-05,0.00032255869979659716,0.07593298964732512,0.018702051693420835,0.0033531177237339756,0.031721069145266886,0.002882307744798532,share,13,True,-0.12571868810835612,12,15.451118620015173
upsample,div/vort 500hPa,120,0.2504492277900378,0.25187715888023376,0.0014279310901959736,0.001118631816158692,0.0016442566489179927,0.5701479308984209,0.14042560586753908,0.1100084952315389,0.16169949496256836,0.021642000460431854,share,8,True,-0.22087153645359547,12,18.803649363235685
decoder_io,div/vort 500hPa,120,0.2504492277900378,0.30552983035643894,0.05508060256640116,0.0531073907079796,0.05791731961071491,21.99272205885081,5.416736871997425,5.222687262302442,5.695705312671871,0.8348122919148127,share,1,True,0.4089208020576788,12,5.034314466042983
decoder_heads,div/vort 500hPa,120,0.2504492277900378,0.26309862981239956,0.012649402022361755,0.011456924366454284,0.01384323037539919,5.050685176384846,1.243967552109562,1.1266969089643613,1.3613710255181564,0.19171678960682148,share,2,True,0.14546895069093116,12,8.95211745855139
encoder_io,div/vort 250hPa,120,0.2614082669218381,0.2703832536935806,0.008974986771742502,0.006916694156825542,0.010596764398117858,3.433321706855603,1.9705186853468895,1.5186067036629407,2.326590866568579,0.20782974234938736,share,5,True,0.05781365901303855,12,10.68830601260385
enc0_attn,div/vort 250hPa,120,0.2614082669218381,0.2615766227245331,0.00016835580269495645,-0.00016035977751016617,0.0005512968947490056,0.06440339652505915,0.03696364835227235,-0.03520806726498408,0.12104093965875773,0.003898539795878037,share,12,False,0.00994566701486127,12,11.763654604249956
enc0_mlp,div/vort 250hPa,120,0.2614082669218381,0.261983972042799,0.0005757051209608713,0.00021382483343283337,0.0009345009612540402,0.22023217847697563,0.12639992982218468,0.04694667974299195,0.20517596877395688,0.013331345215486137,share,8,True,-0.2777984913209113,12,21.231722326219113
enc1_attn,div/vort 250hPa,120,0.2614082669218381,0.24416154995560646,-0.017246716966231663,-0.018999213508019846,-0.015754261892288922,-6.597617270990319,-3.786632661103131,-4.17140505903826,-3.4589541157147052,-0.39937448763156486,share,2,True,-0.051646365358428856,12,13.307015361490933
enc1_mlp,div/vort 250hPa,120,0.2614082669218381,0.2500479395190875,-0.01136032740275065,-0.013985324278473855,-0.009386575190971296,-4.34581795615034,-2.494236257735703,-3.0705719698813283,-2.0608856899330434,-0.26306600523935475,share,4,True,0.42905539121646585,12,4.794310526739132
enc2_attn,div/vort 250hPa,120,0.2614082669218381,0.26135937745372456,-4.888946811358134e-05,-0.0001971324905753136,7.226010784506791e-05,-0.01870234200672752,-0.010734011412451245,-0.0432817636445615,0.015865192488327483,-0.0011321114805021035,share,15,False,-0.0036391769475540956,12,12.087659254278709
enc2_mlp,div/vort 250hPa,120,0.2614082669218381,0.2614872058232625,7.893890142440796e-05,-0.0001101630429426829,0.00018415004014968843,0.030197553563985388,0.017331566520777365,-0.024187036713713448,0.040431379371480586,0.0018279527270203633,share,14,False,0.2971374206850657,12,6.502280188112007
downsample,div/vort 250hPa,120,0.2614082669218381,0.2644549210866292,0.003046654164791107,0.0020886664589246113,0.003931786554555098,1.1654773587179883,0.6689134047988368,0.45858076334180375,0.8632501717929855,0.07055000371585954,share,6,True,-0.2221536862439622,12,18.854424036683564
dec0_attn,div/vort 250hPa,120,0.2614082669218381,0.26124224439263344,-0.0001660225292046865,-0.00028904319430390993,-4.7503566990296106e-05,-0.06351081821537334,-0.03645136247068449,-0.06346137657177009,-0.010429727503301083,-0.0038445092284079842,share,13,True,-0.10073344521004932,12,14.688416101059026
dec0_mlp,div/vort 250hPa,120,0.2614082669218381,0.2619302657743295,0.0005219988524913788,0.0002691484366854032,0.0007797444239258765,0.1996872014179483,0.11460835750782854,0.05909334878245408,0.17119813056199887,0.012087693250036544,share,9,True,-0.005760381294996849,12,12.139050132864345
dec1_attn,div/vort 250hPa,120,0.2614082669218381,0.2611382069687049,-0.0002700599531332652,-0.00042203944176435473,-8.855033665895483e-05,-0.10330964522021562,-0.059293478346785944,-0.09266159684696319,-0.01944182174503091,-0.006253657181455335,share,10,True,0.11319401526434895,12,9.559584107448464
dec1_mlp,div/vort 250hPa,120,0.2614082669218381,0.2614034948249658,-4.772096872329712e-06,-0.00018972006315986316,0.0001282213566203912,-0.0018255340309327646,-0.0010477459515392073,-0.04165431537110997,0.028151860889256027,-0.0001105053064328969,share,17,False,0.05356085501783321,12,10.779889633991537
dec2_attn,div/vort 250hPa,120,0.2614082669218381,0.26136211926738423,-4.614765445391337e-05,-0.0001793484203517437,8.728336542844744e-05,-0.017653479362881686,-0.010132027790021224,-0.03937715146313742,0.01916364969341606,-0.001068620531607012,share,16,False,-0.03240451919098579,12,12.803753713208138
dec2_mlp,div/vort 250hPa,120,0.2614082669218381,0.2615850841005643,0.0001768171787261963,-9.794719517230986e-06,0.0003693205614884694,0.067640239847145,0.038821400346492535,-0.0021504965207528965,0.08108681224880956,0.004094476084723668,share,11,False,0.4424128282052856,12,4.638787128551727
upsample,div/vort 250hPa,120,0.2614082669218381,0.2632236989835898,0.0018154320617516835,0.0015521198511123657,0.002049362411101659,0.6944815032550227,0.3985903144640486,0.3407783483474641,0.44995129539776824,0.04203914582187358,share,7,True,0.003824162972426854,12,11.908569732903745
decoder_io,div/vort 250hPa,120,0.2614082669218381,0.30661332855621976,0.045205061634381614,0.042746218976875146,0.04775639312962691,17.292896726903468,9.925075199360133,9.385219762893144,10.48523718196312,1.0467933325474603,share,1,True,0.5008310650678212,12,3.99114021464865
decoder_heads,div/vort 250hPa,120,0.2614082669218381,0.275434876481692,0.014026609559853872,0.012718682487805685,0.015448354743421077,5.365786524283057,3.0796364309728212,2.792472248998031,3.391790144540601,0.32480790501420487,share,3,True,0.45539383494874636,12,4.490381794729255
encoder_io,Hyps 600-500,120,26.86740763982137,27.449386914571125,0.5819792747497559,0.3618997732798258,0.798033320903778,2.166116219888586,0.7446641818297498,0.46306425377376637,1.0211133897151539,0.08110958355649656,share,3,True,0.42373279899450045,12,4.857095669180201
enc0_attn,Hyps 600-500,120,26.86740763982137,26.86215829849243,-0.005249341328938802,-0.024482611815134687,0.015301879247029611,-0.019537952448968398,-0.006716727958293921,-0.03132641468068067,0.019579325045288847,-0.0007315928721331344,share,17,False,0.37127202445102175,12,5.501997832711724
enc0_mlp,Hyps 600-500,120,26.86740763982137,26.95457363128662,0.08716599146525066,0.04256519873936972,0.12169674634933471,0.3244302265174929,0.11153213616715149,0.054463758880937276,0.15571552456148344,0.012148194230929662,share,7,True,0.00401928939613115,12,11.903923214896434
enc1_attn,Hyps 600-500,120,26.86740763982137,26.46405092875163,-0.40335671106974286,-0.4881983200709025,-0.31770688692728694,-1.5012863037515765,-0.5161099514470552,-0.6246679535840455,-0.4065178079015162,-0.05621522325456087,share,4,True,-0.26078742761636403,12,20.466980266055995
enc1_mlp,Hyps 600-500,120,26.86740763982137,26.80165147781372,-0.06575616200764973,-0.15670648415883384,-0.009433845678965302,-0.24474323272703702,-0.08413746108526954,-0.2005117894683304,-0.012070957298359988,-0.009164338230098164,share,14,True,-0.2635612607801727,12,20.589268763108876
enc2_attn,Hyps 600-500,120,26.86740763982137,26.785595099131267,-0.08181254069010417,-0.08746711015701295,-0.07759802341461182,-0.3045047806132446,-0.10468219629059067,-0.11191742876082886,-0.09928956429332353,-0.011402091780547657,share,10,True,-0.4287262444115937,12,30.011382047964442
enc2_mlp,Hyps 600-500,120,26.86740763982137,26.788042704264324,-0.07936493555704753,-0.08555076122283936,-0.07465171813964844,-0.29539483905926694,-0.10155039426098465,-0.10946538884621113,-0.09551965683752163,-0.011060972703518102,share,11,True,-0.5639320338651355,12,43.0372920366671
downsample,Hyps 600-500,120,26.86740763982137,26.87344980239868,0.006042162577311198,-0.06069340308507284,0.08154200315475454,0.022488818639710677,0.007731172306866867,-0.07765947227286196,0.10433603342679798,0.0008420871871031603,share,16,False,0.6696822662934463,12,2.3739922765532957
dec0_attn,Hyps 600-500,120,26.86740763982137,26.78225294748942,-0.08515469233194987,-0.09481178124745686,-0.07646970748901367,-0.3169442079173219,-0.10895860393241973,-0.12131520927582361,-0.09784584199592333,-0.011867882470378198,share,9,True,0.5739414828460243,12,3.248343258990064
dec0_mlp,Hyps 600-500,120,26.86740763982137,26.79477341969808,-0.07263422012329102,-0.08817577362060547,-0.05618190368016562,-0.2703432392771554,-0.0929381929007862,-0.11282419008585315,-0.0718868405676776,-0.010122922931721645,share,12,True,-0.05105100523962064,12,13.291138019552127
dec1_attn,Hyps 600-500,120,26.86740763982137,26.77176586786906,-0.0956417719523112,-0.09980824391047159,-0.09150315920511883,-0.35597692652176954,-0.12237721332987248,-0.12770836955218673,-0.11708170400675551,-0.013329451116610623,share,6,True,-0.16571202684888936,12,16.767045399626053
dec1_mlp,Hyps 600-500,120,26.86740763982137,26.780911604563396,-0.08649603525797527,-0.09570769468943277,-0.07693573633829752,-0.32193666176328706,-0.11067490221983092,-0.12246156393002695,-0.09844214328502032,-0.01205482343349609,share,8,True,-0.5895407286833212,12,46.47108757712393
dec2_attn,Hyps 600-500,120,26.86740763982137,26.7502605120341,-0.11714712778727214,-0.12422467470169067,-0.10999596118927003,-0.4360194677421845,-0.14989411797340083,-0.15895010314512942,-0.14074393367152985,-0.016326620486186504,share,5,True,0.012327995729273865,12,11.707731191125038
dec2_mlp,Hyps 600-500,120,26.86740763982137,26.804149468739826,-0.06325817108154297,-0.07541856368382772,-0.052875518798828125,-0.23544575617256516,-0.08094118855476184,-0.09650086430404456,-0.0676561978295249,-0.008816196960236711,share,15,True,-0.171014829241137,12,16.95106070236469
upsample,Hyps 600-500,120,26.86740763982137,26.80028756459554,-0.06712007522583008,-0.08462716341018678,-0.05082539319992066,-0.24981969278773458,-0.08588263890305312,-0.10828361100748239,-0.06503298568435856,-0.0093544247811723,share,13,True,0.17915210208047222,12,8.353608289935524
decoder_io,Hyps 600-500,120,26.86740763982137,35.36122957865397,8.493821938832602,8.243501083056131,8.677574717998503,31.61384995790786,10.868161872960258,10.547867004484296,11.103280405343314,1.183771295907364,share,1,True,0.33300893018611855,12,6.004380508275403
decoder_heads,Hyps 600-500,120,26.86740763982137,27.62546141942342,0.7580537796020508,0.7168561021486919,0.8073318521181743,2.821462307656753,0.9699580759349841,0.9172441115291505,1.0330112071107376,0.1056488246997946,share,2,True,0.06466353402159589,12,10.542333078079462
encoder_io,|DryAir Md err|,120,274465590083584.0,286376966051157.3,11911375967573.334,502797504785.0667,25563645345792.0,4.339843097980304,0.23767563515669257,0.010032654214787311,0.5100884785285941,-0.07599561563755937,share,6,True,0.16905502302432676,12,8.52940154853651
enc0_attn,|DryAir Md err|,120,274465590083584.0,227690532918613.34,-46775057164970.664,-47920381777237.336,-46179488366592.0,-17.04223001168419,-0.9333339365191657,-0.9561873629765402,-0.9214501547613312,0.29842893679210813,share,3,True,-0.4529424910915224,12,31.871073167218302
enc0_mlp,|DryAir Md err|,120,274465590083584.0,269975917603498.66,-4489672480085.333,-6368004844202.667,-3298534883328.0,-1.6357870138541144,-0.08958543171290718,-0.12706505110300104,-0.06581786819723794,0.028644501278772376,share,13,True,-0.4666364785662061,12,32.997453023189365
enc1_attn,|DryAir Md err|,120,274465590083584.0,241113737374378.66,-33351852709205.332,-42883244132488.53,-24505365404057.625,-12.15156067434485,-0.6654917784387392,-0.8556779934170079,-0.4889719124819807,0.21278772378516622,share,4,True,-0.07888280125570156,12,14.055316340545698
enc1_mlp,|DryAir Md err|,120,274465590083584.0,268876405975722.66,-5589184107861.333,-24693198640469.332,10446505788484.26,-2.0363879152061424,-0.1115247211119865,-0.4927198744209896,0.20844610271771072,0.035659481183777854,share,12,False,0.7901852774873133,12,1.4064335696504933
enc2_attn,|DryAir Md err|,120,274465590083584.0,276252296478720.0,1786706395136.0,1374389534720.0,2290649224533.3335,0.6509764646970456,0.03565134527350389,0.027424111748849143,0.045706852914748575,-0.011399342345633905,share,15,True,-0.3038793103448277,12,22.476780185758518
enc2_mlp,|DryAir Md err|,120,274465590083584.0,277397621090986.66,2932031007402.6665,1969958333098.6667,3848290697216.0,1.0682690702720745,0.05850477173087817,0.039307893506683775,0.0767875128967776,-0.018706613080014613,share,14,True,0.09112909128371403,12,9.995564220328857
downsample,|DryAir Md err|,120,274465590083584.0,248489627877376.0,-25975962206208.0,-30465634686293.332,-21393518432529.07,-9.464196294441663,-0.5183157120532488,-0.607901143766156,-0.4268791527972943,0.16572890025575446,share,5,True,0.3876305134927635,12,5.295670401186489
dec0_attn,|DryAir Md err|,120,274465590083584.0,273870021285205.34,-595568798378.6666,-1374389534720.0,276023231556.26044,-0.2169921548990152,-0.011883781757834628,-0.027424111748849143,0.005507675776227078,0.003799780781877968,share,17,False,0.3970037031294639,12,5.179625183696351
dec0_mlp,|DryAir Md err|,120,274465590083584.0,282345423415978.7,7879833332394.667,5908729674683.733,10628612401834.666,2.8709731263562013,0.1572315740267351,0.11790082709359394,0.21207979752443334,-0.050274022652539274,share,9,True,0.21585286841468343,12,7.739230480488094
dec1_attn,|DryAir Md err|,120,274465590083584.0,275610914695850.66,1145324612266.6667,320690891434.6667,2290649224533.3335,0.41729260557502923,0.022853426457374287,0.0063989594080648,0.045706852914748575,-0.007307270734380708,share,16,True,-0.11883197155638275,12,15.236576027832669
dec1_mlp,|DryAir Md err|,120,274465590083584.0,283353309074773.3,8887718991189.334,7650768409941.333,10262108525909.334,3.2381906192622267,0.17734258930922447,0.1526608887352602,0.2047667010580736,-0.0567044208987943,share,8,True,0.12284022541523901,12,9.374367836817148
dec2_attn,|DryAir Md err|,120,274465590083584.0,286102088144213.3,11636498060629.334,10766051355306.666,12506944765952.0,4.239692872642298,0.23219081280692275,0.21482220869931826,0.24955941691452718,-0.074241870661308,share,7,True,0.11655158464399815,12,9.494752530983305
dec2_mlp,|DryAir Md err|,120,274465590083584.0,267639455394474.66,-6826134689109.333,-7421703487488.0,-6230565890730.667,-2.487063929227174,-0.13620642168595073,-0.14809020344378537,-0.12432263992811611,0.04355133357690902,share,10,True,-0.3762537847937144,12,26.477187379906923
upsample,|DryAir Md err|,120,274465590083584.0,268647341053269.34,-5818249030314.667,-7146825580544.0,-4168981588650.6665,-2.119846436321149,-0.11609540640346137,-0.14260538109401555,-0.0831864723048424,0.037120935330654,share,11,True,0.10980928146736715,12,9.62533725458458
decoder_io,|DryAir Md err|,120,274465590083584.0,217336798423722.66,-57128791659861.336,-63818632720110.93,-49294771311957.336,-20.81455516608246,-1.1399289116938294,-1.2734157756313524,-0.9836114747253892,0.36448666423090975,share,1,True,-0.31299569160328283,12,22.93427873255923
decoder_heads,|DryAir Md err|,120,274465590083584.0,328616537751552.0,54150947667968.0,51539607552000.0,57037165690880.0,19.72959439158738,1.0805100029046562,1.0284041905818428,1.1381006375772393,-0.3454877603215199,share,2,True,-0.13784595915278744,12,15.837252814376336
encoder_io,neg-q fraction,120,0.0008197004164761287,0.0010495187245851412,0.00022981830810901252,9.768236002779911e-05,0.00041601236820649004,28.036866090296208,0.5688160537688924,0.24177053173452512,1.0296591057054574,0.07854364624603932,share,3,True,0.5106741521226519,12,3.886946874862155
enc0_attn,neg-q fraction,120,0.0008197004164761287,0.0007881499266962541,-3.1550489779874624e-05,-5.975611496940777e-05,-1.1159056974937209e-05,-3.849026930535107,-0.07808962322771651,-0.1479004774908349,-0.027619430342578074,-0.010782824608491542,share,7,True,0.6556203191708334,12,2.496077223804346
enc0_mlp,neg-q fraction,120,0.0008197004164761287,0.0008541073038183337,3.440688734220506e-05,1.721627240272028e-05,5.7359797453197326e-05,4.197495408154042,0.08515940284087592,0.04261145340988436,0.141969427504593,0.011759038738339332,share,5,True,0.07901738533387065,12,10.242459043024498
enc1_attn,neg-q fraction,120,0.0008197004164761287,0.0006807867761532785,-0.00013891364032285006,-0.00024985042405963515,-5.904524536409409e-05,-16.946879314766765,-0.343820774564375,-0.6183969128285157,-0.1461410265273069,-0.04747569466524849,share,4,True,0.4089340027356791,12,5.034154867012946
enc1_mlp,neg-q fraction,120,0.0008197004164761287,0.0007970901436541075,-2.2610272822021216e-05,-7.576645440110497e-05,3.079799391798587e-05,-2.7583580985870673,-0.055961973904879635,-0.18752716419813886,0.07622714442801205,-0.007727379444534464,share,13,False,0.010152650140783726,12,11.75878536442502
enc2_attn,neg-q fraction,120,0.0008197004164761287,0.0007941657324863627,-2.5534683989765956e-05,-4.598112284478854e-05,-9.023845322531103e-06,-3.1151239497399446,-0.0632000918499704,-0.11380642847665974,-0.022334635253464078,-0.008726838182731927,share,10,True,0.7499628971847613,12,1.714576485369951
enc2_mlp,neg-q fraction,120,0.0008197004164761287,0.0007909074328532976,-2.879298362283104e-05,-5.2225844531979725e-05,-1.0881617072300287e-05,-3.5126227880438745,-0.07126460661612027,-0.12926254237907434,-0.02693274758055416,-0.009840408010344056,share,9,True,0.7916147961202629,12,1.3957366572166836
downsample,neg-q fraction,120,0.0008197004164761287,0.0008328387240984133,1.3138307622284628e-05,-4.86735243991158e-06,3.628770076602449e-05,1.6028182197059115,0.032518211261762534,-0.012047030673725168,0.08981454488945918,0.004490201823550444,share,16,False,-0.43534221215145413,12,30.503619920739226
dec0_attn,neg-q fraction,120,0.0008197004164761287,0.0007889413311659155,-3.075908531021317e-05,-5.863116076151679e-05,-1.0856558878913348e-05,-3.752478916925003,-0.0761308429587644,-0.14511613877357427,-0.026870726835582986,-0.010512350975585245,share,8,True,0.5646550842983385,12,3.338843839032214
dec0_mlp,neg-q fraction,120,0.0008197004164761287,0.0007879211581212076,-3.177925835492109e-05,-6.036826289346209e-05,-1.2303479869994287e-05,-3.876935733610984,-0.07865584112025507,-0.1494155855313929,-0.030451955394065085,-0.010861009493666734,share,6,True,0.5140382374884475,12,3.851647207941224
dec1_attn,neg-q fraction,120,0.0008197004164761287,0.0007942893743878207,-2.5411042088308022e-05,-4.316846927470882e-05,-1.2117224643285837e-05,-3.1000401582750743,-0.06289406967512076,-0.10684491824052642,-0.029990960950576812,-0.008684581820089604,share,11,True,0.43550085871637795,12,4.718903269386235
dec1_mlp,neg-q fraction,120,0.0008197004164761287,0.0007991799148309534,-2.0520501645175198e-05,-3.915388149948739e-05,-8.113918236555666e-06,-2.5034148126204836,-0.05078964710518151,-0.09690853852126097,-0.020082503391034453,-0.007013170688061045,share,15,True,0.6458495670613601,12,2.582134649676181
dec2_attn,neg-q fraction,120,0.0008197004164761287,0.0007949447401642828,-2.4755676311845793e-05,-4.259982585305503e-05,-1.1932374019352213e-05,-3.0200882925337305,-0.06127199448968512,-0.10543748682321166,-0.02953344299516324,-0.008460601328144666,share,12,True,0.30184492435807786,12,6.435375482094441
dec2_mlp,neg-q fraction,120,0.0008197004164761287,0.0008123676956680962,-7.332720808032415e-06,-1.8586525256599393e-05,2.2455624408242565e-06,-0.8945610689763459,-0.01814898624802153,-0.04600292307747659,0.005557920848827295,-0.0025060606959732626,share,17,False,-0.23211450539415468,12,19.254659931190876
upsample,neg-q fraction,120,0.0008197004164761287,0.0007979248213890363,-2.177559508709237e-05,-3.6256035025417076e-05,-1.0498288626574018e-05,-2.6565309287879955,-0.053896089340427195,-0.08973617001253929,-0.025983983421643236,-0.007442116563256096,share,14,True,0.21050542927557234,12,7.82642904324916
decoder_io,neg-q fraction,120,0.0008197004164761287,0.0031911428674599542,0.002371442450983826,0.0013216524375224026,0.0037440615118687973,289.30599561954557,5.869482496010731,3.271180308267395,9.266808688013683,0.8104738847636206,share,1,True,0.7598536989774721,12,1.6374972612466145
decoder_heads,neg-q fraction,120,0.0008197004164761287,0.001909264691903445,0.0010895642754273165,0.0005296576120751221,0.001805000767114961,132.92225470755835,2.696746210411355,1.3109388683094694,4.46750053051971,0.37237394929777257,share,2,True,0.7469548410634262,12,1.7381914150628226
encoder_io,|neg-q mass|,120,9954534378.666666,14184409525.333334,4229875146.6666665,2674391698.9333334,6171280522.666666,42.49194372899665,1.3341448432800587,0.843529837247009,1.946483477707061,0.0329918175625333,share,3,True,0.2035802913594179,12,7.9405059822743675
enc0_attn,|neg-q mass|,120,9954534378.666666,9675446752.0,-279087626.6666667,-641833010.9333334,60847732.26666644,-2.803623113349962,-0.08802702326427458,-0.2024405383356107,0.019191982130449394,-0.002176803745662111,share,8,False,0.06425117937497389,12,10.551067328010861
enc0_mlp,|neg-q mass|,120,9954534378.666666,10641620618.666666,687086240.0,391695140.0,1049729753.5999994,6.902243880662854,0.21671385849463295,0.12354455700203724,0.3310952425408435,0.005359076354220658,share,7,True,0.23761961093484307,12,7.392065048057425
enc1_attn,|neg-q mass|,120,9954534378.666666,7891779181.333333,-2062755197.3333333,-3371165066.3333335,-1167934660.1333337,-20.72176476434675,-0.6506135793724593,-1.0632991124191513,-0.36837824996628155,-0.01608890115828085,share,4,True,0.4257077181977717,12,4.8337448788860105
enc1_mlp,|neg-q mass|,120,9954534378.666666,11283833802.666666,1329299424.0,-84574547.7333333,3055508401.866666,13.3537077017765,0.4192743072103046,-0.026675656566385573,0.9637378496057419,0.010368155692999384,share,5,False,0.27916511786093307,12,6.762237700894848
enc2_attn,|neg-q mass|,120,9954534378.666666,9854174389.333334,-100359989.33333333,-320777130.6666667,57790351.99999965,-1.0081836629989698,-0.03165454241509315,-0.10117630896466562,0.018227653876000997,-0.0007827792414327845,share,15,False,0.4206018398249399,12,4.89424814693856
enc2_mlp,|neg-q mass|,120,9954534378.666666,9805244629.333334,-149289749.33333334,-448835015.73333335,97411434.66666667,-1.4997160455166318,-0.047087477129105694,-0.14156704417056867,0.030724538841166698,-0.0011644173889725925,share,12,False,0.6571067274020068,12,2.483074386902604
downsample,|neg-q mass|,120,9954534378.666666,11241101290.666666,1286566912.0,278176746.6666667,2981212874.6666665,12.924430847887892,0.4057960463755538,0.08773972261999798,0.9403042987193134,0.01003485430915032,share,6,True,0.34940637093005317,12,5.785598554317219
dec0_attn,|neg-q mass|,120,9954534378.666666,9812307669.333334,-142226709.33333334,-467163958.40000004,99040138.66666667,-1.4287630533291054,-0.04485972381082947,-0.1473481756445744,0.031238248340261954,-0.0011093276950603483,share,13,False,0.5748015153834513,12,3.240015815044601
dec0_mlp,|neg-q mass|,120,9954534378.666666,10120892469.333334,166358090.66666666,-99663527.73333333,328161576.53333324,1.6711790259440449,0.05247100235943208,-0.031434871474470986,0.10350543690151681,0.0012975455745191894,share,10,False,-0.19285932016919025,12,17.734593485030146
dec1_attn,|neg-q mass|,120,9954534378.666666,9821799648.0,-132734730.66666667,-397386723.73333335,81220059.73333327,-1.3334097368846043,-0.04186585899176094,-0.1253397393241224,0.025617617567156085,-0.0010352929735568288,share,14,False,-0.02927744539814319,12,12.72385120364658
dec1_mlp,|neg-q mass|,120,9954534378.666666,9929255584.0,-25278794.666666668,-269981171.73333335,198234699.46666628,-0.2539425120761155,-0.007973184167255164,-0.08515475647894331,0.06252520296279723,-0.00019716737561406065,share,17,False,0.6142645461296794,12,2.867451594313834
dec2_attn,|neg-q mass|,120,9954534378.666666,9887221376.0,-67313002.66666667,-280284978.6666667,104228389.86666656,-0.6762044321321912,-0.021231192950033246,-0.08840468003687459,0.03287467455713887,-0.0005250221877861001,share,16,False,-0.16822388723473056,12,16.853918298051553
dec2_mlp,|neg-q mass|,120,9954534378.666666,10107183701.333334,152649322.66666666,-58264981.333333336,409935125.3333333,1.533465221575867,0.048147120093229585,-0.018377356705417985,0.12929763044514997,0.0011906211010581915,share,11,False,0.0856642194411891,12,10.106282559770857
upsample,|neg-q mass|,120,9954534378.666666,9781867104.0,-172667274.66666666,-402458691.2,27359549.06666659,-1.7345590270571158,-0.054460981970423275,-0.12693948849077807,0.008629474874814186,-0.0013467554070270087,share,9,False,-0.07057109725678543,12,13.822308655523695
decoder_io,|neg-q mass|,120,9954534378.666666,91499691008.0,81545156629.33333,47023740370.13334,130320231948.79999,819.1760008794673,25.720156373226196,14.831757097131556,41.1043019949577,0.6360289222113954,share,1,True,0.758471977289404,12,1.64821294280435
decoder_heads,|neg-q mass|,120,9954534378.666666,38229205226.666664,28274670848.0,12976153942.4,48564807010.39995,284.03810537431866,8.918113419264218,4.092808479584524,15.317824898183048,0.22053435383146222,share,2,True,0.7405918428709328,12,1.788413463097926
encoder_io,DKEpert<1000km 500hPa,120,0.0,0.4032108783721924,0.40321090320746106,0.38090110452224807,0.42534737673898537,nan,nan,nan,nan,0.5188281870310726,share,4,True,-0.3813335487011566,12,26.793116952784196
enc0_attn,DKEpert<1000km 500hPa,120,0.0,0.03441992774605751,0.034419926504294075,0.029642107182492813,0.03673311492505794,nan,nan,nan,nan,0.044289546547250244,share,9,True,-0.6668458026369759,12,60.03871417489064
enc0_mlp,DKEpert<1000km 500hPa,120,0.0,0.10437678545713425,0.10437678173184395,0.09295897123714288,0.11288466197438538,nan,nan,nan,nan,0.13430593270987845,share,7,True,0.007506597143149035,12,11.821183968475813
enc1_attn,DKEpert<1000km 500hPa,120,0.0,0.505297839641571,0.5052978843450546,0.47452262633790576,0.5251996648187439,nan,nan,nan,nan,0.6501877383769373,share,2,True,-0.035496336368863776,12,12.883264734988645
enc1_mlp,DKEpert<1000km 500hPa,120,0.0,0.5650925040245056,0.5650925040245056,0.5342877415940166,0.5843154573813081,nan,nan,nan,nan,0.7271279547146389,share,1,True,-0.5328147874993905,12,39.37148898943091
enc2_attn,DKEpert<1000km 500hPa,120,0.0,0.007181857246905565,0.007181857712566853,0.006150135925660531,0.00819922884402331,nan,nan,nan,nan,0.009241194091939024,share,17,True,0.01398011948459508,12,11.669103110423086
enc2_mlp,DKEpert<1000km 500hPa,120,0.0,0.021216705441474915,0.02121670582952599,0.019013247322679186,0.023017223020239418,nan,nan,nan,nan,0.02730041507493855,share,12,True,-0.46667020378414276,12,33.00029844626637
downsample,DKEpert<1000km 500hPa,120,0.0,0.2740775942802429,0.2740776178737481,0.25594979813322427,0.2962175936127703,nan,nan,nan,nan,0.3526670346859821,share,5,True,0.30875456030577214,12,6.338044984074581
dec0_attn,DKEpert<1000km 500hPa,120,0.0,0.008456584066152573,0.008456584298983216,0.007275684351528374,0.010372421858482993,nan,nan,nan,nan,0.010881437643216264,share,16,True,0.2731714908227249,12,6.850563473182369
dec0_mlp,DKEpert<1000km 500hPa,120,0.0,0.04534381628036499,0.04534381612514456,0.0417363898945041,0.04978473173687235,nan,nan,nan,nan,0.058345768247181046,share,8,True,-0.1921395638659019,12,17.708101704854624
dec1_attn,DKEpert<1000km 500hPa,120,0.0,0.011984712444245815,0.011984711900974313,0.011087319631284724,0.012806683408174042,nan,nan,nan,nan,0.01542122571143102,share,14,True,-0.7287474680332896,12,76.47843677619721
dec1_mlp,DKEpert<1000km 500hPa,120,0.0,0.021238205954432487,0.021238204712669056,0.01863414158578962,0.023685054182230183,nan,nan,nan,nan,0.027328078579262418,share,11,True,-0.1674384922372381,12,16.826699020102655
dec2_attn,DKEpert<1000km 500hPa,120,0.0,0.008533203043043613,0.00853320381914576,0.008112442035538455,0.009039633119634042,nan,nan,nan,nan,0.01098002715659723,share,15,True,-0.6052295597881263,12,48.79482543606653
dec2_mlp,DKEpert<1000km 500hPa,120,0.0,0.01214325800538063,0.01214325827701638,0.011200078189722263,0.013242494253790938,nan,nan,nan,nan,0.015625233907112002,share,13,True,-0.5083865894548958,12,36.818847259249175
upsample,DKEpert<1000km 500hPa,120,0.0,0.03151119872927666,0.031511198884497084,0.028093571433176596,0.036355272812458365,nan,nan,nan,nan,0.04054676611760001,share,10,True,-0.23593110181807908,12,19.41077991409843
decoder_io,DKEpert<1000km 500hPa,120,0.0,0.41253745555877686,0.41253743569056195,0.38750429395586256,0.4412110479548573,nan,nan,nan,nan,0.5308290230724629,share,3,True,0.27399557281786224,12,6.838370016401288
decoder_heads,DKEpert<1000km 500hPa,120,0.0,0.10729754716157913,0.10729754281540711,0.09634198208029071,0.11569652490628263,nan,nan,nan,nan,0.13806419709628642,share,6,True,0.01666691711752677,12,11.60655156169068
encoder_io,RMSE Z500,168,492.62132517496747,483.80591837565106,-8.815406799316406,-25.712074025472006,7.173459879557286,-1.7894894818419365,-0.1253322858477907,-0.3655591948121901,0.10198804713266894,-0.5661091384902343,share,3,False,0.1372019738469817,12,9.10443048107949
enc0_attn,RMSE Z500,168,492.62132517496747,493.7275695800781,1.106244405110677,-0.6636454264322916,3.1460559209187817,0.2245628332711267,0.015727934417002973,-0.00943532161143611,0.044728778710961294,0.07104097194759182,share,10,False,0.11019277501301322,12,9.617867221049682
enc0_mlp,RMSE Z500,168,492.62132517496747,494.26615651448566,1.6448313395182292,-1.708781369527181,5.40528106689453,0.33389365329120174,0.023385247704268072,-0.024294451740283548,0.07684911736758533,0.10562802985434652,share,7,False,-0.45620783368018225,12,32.1345085245031
enc1_attn,RMSE Z500,168,492.62132517496747,516.1151529947916,23.49382781982422,5.948082351684571,48.00322418212889,4.769145511814732,0.33402147070527943,0.08456634781792925,0.6824816995713342,1.508730218547594,share,2,True,-0.2854313038769333,12,21.58669380594668
enc1_mlp,RMSE Z500,168,492.62132517496747,530.0286814371744,37.40735626220703,24.89160671234131,53.475293032328274,7.593531654140393,0.5318358613046235,0.3538942715523765,0.7602803664876656,2.402231310350583,share,1,True,0.13769957380213618,12,9.095199956692587
enc2_attn,RMSE Z500,168,492.62132517496747,493.0565948486328,0.43526967366536456,-0.20763034820556642,1.0023249944051102,0.08835786260588029,0.006188409043690689,-0.0029519665676681316,0.014250469158259152,0.027952214296988867,share,16,False,-0.15477142893264723,12,16.3946861494434
enc2_mlp,RMSE Z500,168,492.62132517496747,493.9008382161458,1.2795130411783855,0.03668136596679688,1.9401500066121409,0.2597356175605944,0.018191366306020147,0.0005215141568956876,0.02758391538268682,0.08216796364799465,share,9,True,-0.24411226127139043,12,19.750746533298177
downsample,RMSE Z500,168,492.62132517496747,495.12571970621747,2.50439453125,-10.172878201802572,13.697316487630209,0.5083812663531158,0.03560601324610554,-0.1446320184318605,0.19474041578074977,0.16082759001383035,share,5,False,-0.021282128081046767,12,12.521877742912432
dec0_attn,RMSE Z500,168,492.62132517496747,493.5084050496419,0.8870798746744791,-0.15671844482421876,2.0140250523885066,0.18007338077770166,0.012611981608284443,-0.0022281309724530617,0.028634227474351164,0.05696663070193611,share,11,False,0.10990472340753106,12,9.623477667810375
dec0_mlp,RMSE Z500,168,492.62132517496747,497.2018051147461,4.5804799397786455,1.5692200978597006,7.125448989868163,0.9298176318598809,0.06512257848122513,0.022310251397394527,0.10130545644941306,0.2941499594529169,share,4,True,0.26375051747942746,12,6.991090146390935
dec1_attn,RMSE Z500,168,492.62132517496747,491.99011993408203,-0.6312052408854166,-2.7183841069539385,0.8989704767862914,-0.12813193595734562,-0.008974106071362386,-0.0386483915822537,0.012781035218254612,-0.04053483443961694,share,15,False,0.09529334240585403,12,9.911938172912725
dec1_mlp,RMSE Z500,168,492.62132517496747,493.43909708658856,0.8177719116210938,-0.47448927561442056,1.9191905975341788,0.16600416381297348,0.011626601621326994,-0.006746010351743407,0.027285926791852464,0.05251580135873353,share,12,False,-0.21297534441496146,12,18.494597379747255
dec2_attn,RMSE Z500,168,492.62132517496747,492.7944742838542,0.17314910888671875,-0.8037327448527017,1.321781412760416,0.03514852078829926,0.002461732521630572,-0.011427000978663816,0.018792313233375837,0.011119315885662043,share,17,False,-0.028128734188507906,12,12.69462864504025
dec2_mlp,RMSE Z500,168,492.62132517496747,493.3128407796224,0.6915156046549479,-0.6207646052042644,2.011578559875488,0.14037467915327007,0.009831563466537078,-0.008825667234061729,0.028599444678055263,0.044407854579566634,share,14,False,-0.09327772641262497,12,14.468964862907688
upsample,RMSE Z500,168,492.62132517496747,490.95884958902997,-1.6624755859375,-3.2729745229085285,0.01919581095377568,-0.3374753590594211,-0.023636103255932506,-0.04653323298812686,0.0002729147866126074,-0.10676111076225168,share,6,False,-0.07725552869438568,12,14.009367431962824
decoder_io,RMSE Z500,168,492.62132517496747,494.0326232910156,1.411298116048177,-12.535318946838379,12.445015780131014,0.2864874182105123,0.02006500924162852,-0.1782198159658615,0.17693593848177241,0.0906309576877245,share,8,False,0.16196457302592565,12,8.654674468689258
decoder_heads,RMSE Z500,168,492.62132517496747,491.8229064941406,-0.7984186808268229,-4.315661684672038,4.2038935979207315,-0.16207554160251658,-0.011351448731709476,-0.06135754777960075,0.0597684946461184,-0.05127297263155591,share,13,False,-0.527051050839997,12,38.745434666100884
encoder_io,RMSE T850,168,2.593069632848104,2.558340390523275,-0.0347292423248291,-0.07933803250392278,0.010771713654200182,-1.3393100549592323,-0.26832585521343233,-0.6129832958476709,0.08322465694309364,-0.41312285097734336,share,3,False,-0.23212200677136632,12,19.25496525703148
enc0_attn,RMSE T850,168,2.593069632848104,2.5869133671124778,-0.006156265735626221,-0.01730199654897054,0.005189039309819531,-0.23741227993420572,-0.04756467915374207,-0.13367907590610587,0.040091672531191495,-0.07323206271787132,share,5,False,0.24107406983271357,12,7.338088340879605
enc0_mlp,RMSE T850,168,2.593069632848104,2.59551070133845,0.002441068490346273,-0.005570808549722036,0.01565376917521159,0.0941381773718556,0.018860238417537922,-0.04304130664163062,0.12094450440254412,0.029037810981606963,share,11,False,-0.4863763028316313,12,34.726816017861154
enc1_attn,RMSE T850,168,2.593069632848104,2.679786662260691,0.08671702941258748,0.037908337016900384,0.15131516307592383,3.344184371838161,0.6699950681637971,0.29288824831363097,1.1690946251965786,1.0315452921240937,share,2,True,-0.3236524595883004,12,23.484715425136248
enc1_mlp,RMSE T850,168,2.593069632848104,2.7271067102750144,0.1340370774269104,0.10245012988646825,0.17083672682444254,5.169050446196096,1.0356002902249253,0.7915525038350829,1.3199225712522833,1.594442488706054,share,1,True,-0.43200344792207174,12,30.253777619247305
enc2_attn,RMSE T850,168,2.593069632848104,2.5949281454086304,0.00185851256052653,-0.0013555352886517843,0.00501023282607396,0.07167229668588686,0.014359281655610982,-0.01047316731524078,0.03871017384429284,0.02210799764649633,share,12,False,-0.10266232688781118,12,14.745784467916149
enc2_mlp,RMSE T850,168,2.593069632848104,2.59312641620636,5.678335825602213e-05,-0.006904001533985138,0.005101087192694337,0.002189812318832873,0.000438720863053347,-0.053341852340872416,0.03941213490049066,0.0006754683166244735,share,17,False,-0.1480787976314819,12,16.17161955034692
downsample,RMSE T850,168,2.593069632848104,2.5983251333236694,0.005255500475565593,-0.04588365157445272,0.0499665523568789,0.20267486877293003,0.040605166288714224,-0.3545073034958807,0.38605270359269916,0.06251697976797498,share,6,False,0.2123338252114065,12,7.796527574255288
dec0_attn,RMSE T850,168,2.593069632848104,2.596078097820282,0.003008464972178141,-0.0015874505043029785,0.008120160301526383,0.11601944406227867,0.02324406991056713,-0.012264995884219514,0.06273816563569246,0.03578729460167754,share,9,False,-0.19266498956133454,12,17.727436181616355
dec0_mlp,RMSE T850,168,2.593069632848104,2.6071490049362183,0.01407937208811442,0.006084581216176351,0.022504824896653466,0.542961589220815,0.1087803621247018,0.047010828603043515,0.17387728561258786,0.16748163644371367,share,4,True,0.08796359705476264,12,10.059561611225453
dec1_attn,RMSE T850,168,2.593069632848104,2.591381251811981,-0.00168838103612264,-0.007016517221927643,0.002684211730957031,-0.06511128797834105,-0.013044807635203071,-0.05421117358634387,0.02073881720615732,-0.020084192469709983,share,13,False,-0.24242423516041905,12,19.679999696244348
dec1_mlp,RMSE T850,168,2.593069632848104,2.5963406960169473,0.0032710631688435874,-0.0007507602373758951,0.0071593523025512695,0.12614636828131792,0.02527296201937612,-0.0058005406760660684,0.05531474920726703,0.038911040137305834,share,8,False,-0.26924233717470303,12,20.842625155937238
dec2_attn,RMSE T850,168,2.593069632848104,2.5940136909484863,0.0009440581003824869,-0.0018178651730219523,0.0043807804584503176,0.03640697065838446,0.007294002984199733,-0.014045230893652378,0.03384688476706518,0.011230074364145725,share,15,False,-0.17742883782320032,12,17.176806948213375
dec2_mlp,RMSE T850,168,2.593069632848104,2.593847135702769,0.0007775028546651205,-0.003457788129647573,0.0047200381755828835,0.029983878751884827,0.006007160088826673,-0.026715640622289483,0.03646806539162119,0.009248810928784297,share,16,False,-0.10630969938802746,12,14.854940669676637
upsample,RMSE T850,168,2.593069632848104,2.589151680469513,-0.003917952378590901,-0.011314174532890318,0.003447558979193363,-0.15109321897721695,-0.030270972019429975,-0.08741583041681776,0.02663660792937725,-0.04660613213204909,share,7,False,0.07930422624957557,12,10.236547783562836
decoder_io,RMSE T850,168,2.593069632848104,2.5901628931363425,-0.0029067397117614746,-0.06955378899971644,0.04883273740609483,-0.11209647727696577,-0.02245811790957583,-0.5373880530454496,0.3772925969518064,-0.034577218401146644,share,10,False,0.25223713291759964,12,7.165699027054216
decoder_heads,RMSE T850,168,2.593069632848104,2.592019816239675,-0.001049816608428955,-0.011188402771949768,0.013997667034467054,-0.04048547694709943,-0.008111116753980336,-0.08644408980121715,0.10814909069671803,-0.01248812819528361,share,14,False,-0.466123014986717,12,32.9541760999547
encoder_io,RMSE Q700,168,0.0016523806649881105,0.0016393315454479307,-1.3049119540179769e-05,-2.0422908952847744e-05,-2.9029482296512804e-06,-0.7897163054902764,-0.385795814228599,-0.6038011042905884,-0.08582535185407283,-0.23403439041127352,share,5,True,-0.10657715376432743,12,14.862979944066858
enc0_attn,RMSE Q700,168,0.0016523806649881105,0.0016472831290836136,-5.097535904496908e-06,-6.851895644407099e-06,-2.784352060795452e-06,-0.30849646286157595,-0.15070810017330946,-0.20257555699478333,-0.08231906889090086,-0.0914236937086162,share,7,True,-0.4210103169490816,12,29.4515158085975
enc0_mlp,RMSE Q700,168,0.0016523806649881105,0.0016393193412416924,-1.306132374641796e-05,-1.73417344437136e-05,-9.39852834562771e-06,-0.7904548887051969,-0.3861566302720247,-0.5127065116729294,-0.27786647861469876,-0.23425327138317464,share,4,True,-0.09991948989772445,12,14.664281395530825
enc1_attn,RMSE Q700,168,0.0016523806649881105,0.0016732050571590662,2.0824392170955736e-05,1.1053358321078122e-05,3.347110517400627e-05,1.2602660278105817,0.6156709124069264,0.3267913486661221,0.9895696206917365,0.3734829704340176,share,2,True,-0.5042120671524293,12,36.407793756002455
enc1_mlp,RMSE Q700,168,0.0016523806649881105,0.0017034137272275984,5.103306223948797e-05,3.616659838977891e-05,6.182784588114978e-05,3.0884567533871,1.5087869904662394,1.0692615873968208,1.8279336065757203,0.9152718369437675,share,1,True,-0.11777815769677348,12,15.204041941812426
enc2_attn,RMSE Q700,168,0.0016523806649881105,0.0016529242663333814,5.436013452708721e-07,-2.902561391238123e-07,1.1646557444085674e-06,0.032898069844867345,0.016071515244288178,-0.008581391501803808,0.03443292168690857,0.009749424784981633,share,14,False,-0.45195649822057293,12,31.792144094538244
enc2_mlp,RMSE Q700,168,0.0016523806649881105,0.0016515000315848738,-8.806334032366673e-07,-2.8072002654274306e-06,6.187976396176934e-07,-0.05329482617995918,-0.026035831750370476,-0.08299457360081744,0.01829468559039305,-0.015794054232371558,share,13,False,0.2822338820568186,12,6.7173341274540626
downsample,RMSE Q700,168,0.0016523806649881105,0.0016459441200519602,-6.4365449361503124e-06,-1.783901170711033e-05,3.5796496376860877e-06,-0.38953160567251166,-0.19029575802528562,-0.5274084604242447,0.10583195612331622,-0.11543865973856773,share,6,False,0.21500000200881297,12,7.75308638709444
dec0_attn,RMSE Q700,168,0.0016523806649881105,0.00165235090147083,-2.9763517280419666e-08,-8.695283516620596e-07,4.1091989260166795e-07,-0.0018012506386132171,-0.0008799551838076191,-0.025707512096229478,0.012148802381712641,-0.0005338051047636016,share,17,False,-0.2583902655227913,12,20.36203475257588
dec0_mlp,RMSE Q700,168,0.0016523806649881105,0.0016560357762500644,3.6551112619539103e-06,2.1462915659261245e-06,5.4412150348071e-06,0.22120273732325538,0.10806297091996786,0.06345487905899257,0.16086893665757473,0.06555398112821484,share,8,True,-0.4348744282031064,12,30.468437454862887
dec1_attn,RMSE Q700,168,0.0016523806649881105,0.0016529203470175464,5.396820294360319e-07,-8.284237992484122e-07,1.3987701095174998e-06,0.032660877779026494,0.01595564109361729,-0.024492260429778215,0.0413544876846531,0.009679132326596857,share,15,False,-0.3274986208637959,12,23.687659155178018
dec1_mlp,RMSE Q700,168,0.0016523806649881105,0.0016509676837207128,-1.4129812673976023e-06,-2.8606031264644115e-06,2.9050546193805804e-07,-0.08551184949914487,-0.0417746390372868,-0.08457342343757929,0.008588762703962813,-0.025341649186347393,share,11,False,-0.32602752701605936,12,23.60976295328885
dec2_attn,RMSE Q700,168,0.0016523806649881105,0.001652299048146233,-8.161684187750022e-08,-8.806307353855421e-07,8.14493735864136e-07,-0.004939348638413625,-0.0024129931425598107,-0.026035752875639202,0.024080419605648648,-0.001463788248492888,share,16,False,0.06564660950311801,12,10.52153742711249
dec2_mlp,RMSE Q700,168,0.0016523806649881105,0.0016501070058438927,-2.273659144217769e-06,-3.656537834710131e-06,-1.0442907902567337e-06,-0.13759899231416683,-0.0672204877977315,-0.10810514738990884,-0.030874344776902353,-0.04077780345115092,share,10,True,0.18792709713728334,12,8.203259996203647
upsample,RMSE Q700,168,0.0016523806649881105,0.0016537551515890907,1.3744866009801626e-06,-1.9623718496101597e-07,3.7439756852108962e-06,0.0831822006940545,0.04063654836931137,-0.005801731244843847,0.11069023802567723,0.02465125197132068,share,12,False,-0.35673894174995724,12,25.30989104997388
decoder_io,RMSE Q700,168,0.0016523806649881105,0.0016687073220964521,1.6326657108341653e-05,4.0910172780665265e-06,2.9278230310107272e-05,0.9880687576587643,0.482695859544332,0.12095048535306768,0.8656077267803672,0.29281663272677666,share,3,True,0.4796742727458711,12,4.219785963746303
decoder_heads,RMSE Q700,168,0.0016523806649881105,0.0016487925798476983,-3.5880851404120526e-06,-6.727058401641747e-06,-9.247710598477505e-07,-0.21714640073193245,-0.10608135085317294,-0.19888475735344227,-0.027340756815849687,-0.06435187569509498,share,9,True,-0.23506732430811453,12,19.375310223598277
encoder_io,RMSE U500,168,6.6741063594818115,6.645669778188069,-0.028436581293741863,-0.1079582820336024,0.06359586318333943,-0.42607324130132274,-0.0691840982256856,-0.26265451220512026,0.154724029579171,-0.12635054547521885,share,5,False,-0.03811989790400047,12,12.951134707644366
enc0_attn,RMSE U500,168,6.6741063594818115,6.666439930597941,-0.007666428883870442,-0.017581661542256675,0.011800324916839584,-0.11486824558884728,-0.01865185422477813,-0.042774881640850956,0.028709317400305846,-0.03406378078004684,share,11,False,-0.2761075476011728,12,21.154096192699686
enc0_mlp,RMSE U500,168,6.6741063594818115,6.680115660031636,0.006009300549825032,-0.020007723569869993,0.03920610547065734,0.09003902883998396,0.01462018360126351,-0.048677311046348586,0.0953855536961288,0.026700762463384528,share,13,False,-0.5630058287437653,12,42.92064100307512
enc1_attn,RMSE U500,168,6.6741063594818115,6.786572774251302,0.11246641476949056,-0.027976668874422704,0.31741026341915124,1.6851157100562393,0.27362246558855857,-0.06806516533903821,0.7722356852743073,0.4997152332405945,share,2,False,-0.08248143838335541,12,14.157508963865107
enc1_mlp,RMSE U500,168,6.6741063594818115,6.9938414096832275,0.319735050201416,0.21631415685017905,0.4343835095564524,4.790679575358771,0.7778917195013675,0.5262763382327768,1.0568229381140615,1.4206594521046059,share,1,True,-0.08195337785685554,12,14.142463161590774
enc2_attn,RMSE U500,168,6.6741063594818115,6.677908539772034,0.003802180290222168,-0.0021929889917373657,0.010242700576782227,0.05696912942989682,0.009250423317531023,-0.005335379954607787,0.02491973263172599,0.016893998216671067,share,16,False,-0.16390283630782437,12,16.704797770174036
enc2_mlp,RMSE U500,168,6.6741063594818115,6.687560439109802,0.013454079627990723,-0.0018701732158660888,0.023260548710823056,0.20158623347194185,0.03273278024893772,-0.004549993057498802,0.05659119393325533,0.05977970003861775,share,7,False,-0.026607995873526913,12,12.656048024082263
downsample,RMSE U500,168,6.6741063594818115,6.699661294619243,0.025554935137430828,-0.0888059139251709,0.12446369926134739,0.382896731951616,0.062173266344366346,-0.21605821770751765,0.30281097106156996,0.11354670102023878,share,6,False,0.24428049537437307,12,7.288255412843224
dec0_attn,RMSE U500,168,6.6741063594818115,6.680910706520081,0.006804347038269043,-0.0014497409264246622,0.016497119267781576,0.10195143247308608,0.01655447288105826,-0.0035271124056545223,0.04013627053383626,0.030233344543325533,share,12,False,-0.1636783174635149,12,16.69709168272459
dec0_mlp,RMSE U500,168,6.6741063594818115,6.708851099014282,0.0347447395324707,0.01537257730960846,0.05254980723063147,0.5205901383802392,0.08453138047115823,0.037400343156016216,0.1278497927591933,0.15437920427123214,share,4,True,0.24345717449391377,12,7.301026599302049
dec1_attn,RMSE U500,168,6.6741063594818115,6.663861910502116,-0.010244448979695639,-0.025662513573964436,0.0029758701721827132,-0.15349544085616032,-0.024923986366647572,-0.06243499672057527,0.007240071940169759,-0.04551854188472559,share,8,False,-0.07687356150140498,12,13.998605390432143
dec1_mlp,RMSE U500,168,6.6741063594818115,6.6783192952473955,0.00421293576558431,-0.0075583209594090785,0.019652555386225377,0.06312359346205278,0.010249760996721263,-0.018388835643618515,0.04781321313492647,0.018719083230682967,share,14,False,0.08865886043625719,12,10.045473446459162
dec2_attn,RMSE U500,168,6.6741063594818115,6.676565011342366,0.002458651860555013,-0.005854023496309916,0.013167044520378104,0.03683866765266694,0.005981718057677949,-0.014242406019225226,0.03203444507024091,0.010924379428941899,share,17,False,-0.14683838018909634,12,16.1306606423756
dec2_mlp,RMSE U500,168,6.6741063594818115,6.683977643648784,0.009871284166971842,-0.0024571816126505532,0.023128093282381693,0.14790420822329037,0.024016103988271295,-0.005978141053312074,0.056268939676417884,0.04386048119336583,share,9,False,0.09142221337929,12,9.989656895190517
upsample,RMSE U500,168,6.6741063594818115,6.6661869287490845,-0.00791943073272705,-0.0277582714955012,0.01684025923411051,-0.1186590429664943,-0.019267389003089462,-0.06753382067564638,0.040971104682513755,-0.03518792862605766,share,10,False,0.1016896448982196,12,9.784719599699294
decoder_io,RMSE U500,168,6.6741063594818115,6.738936424255371,0.06483006477355957,-0.06687203149000803,0.16495614647865295,0.9713669708223391,0.15772675072789358,-0.16269470466107055,0.40132609904908856,0.2880555142237057,share,3,False,0.33623873725590026,12,5.960862330100082
decoder_heads,RMSE U500,168,6.6741063594818115,6.6780416170756025,0.00393525759379069,-0.021190449595451355,0.035368037223815915,0.058963063844493936,0.00957419055053945,-0.05155479595505325,0.0860478176355427,0.01748529256821657,share,15,False,-0.43317023287665,12,30.340754476956164
encoder_io,RMSE MSLP,168,476.1066157023112,464.9146372477214,-11.191978454589844,-32.028171094258624,8.52207152048744,-2.350729455435188,-0.17574250333534708,-0.5029236777211157,0.13381817957298925,-0.6136360213860318,share,3,False,0.2860836373065229,12,6.661305768778614
enc0_attn,RMSE MSLP,168,476.1066157023112,476.6560796101888,0.5494639078776041,-2.5957576751708986,3.9153838475545224,0.11540774476890699,0.00862797967800158,-0.040759991965441326,0.06148147636987492,0.030126116458610578,share,11,False,0.33884343487680396,12,5.925919771349816
enc0_mlp,RMSE MSLP,168,476.1066157023112,475.8605016072591,-0.24611409505208334,-5.055712636311849,5.4635736465454094,-0.051693063472566365,-0.0038646167293887794,-0.07938753621217125,0.08579199054901229,-0.013493992568655164,share,14,False,-0.0037123533040403322,12,12.089428469370713
enc1_attn,RMSE MSLP,168,476.1066157023112,496.70502217610675,20.598406473795574,2.2496719360351562,50.03316612243652,4.326427273733761,0.3234473273078256,0.03532556637115007,0.7856478548298379,1.129373528260193,share,2,True,0.09987080077373865,12,9.820744748489046
enc1_mlp,RMSE MSLP,168,476.1066157023112,513.235247294108,37.128631591796875,20.660623359680176,54.003088760375974,7.798385984834076,0.583013869069976,0.32442429052478083,0.8479857288053746,2.0356959997679795,share,1,True,0.4466502710283332,12,4.590049772665442
enc2_attn,RMSE MSLP,168,476.1066157023112,476.8137969970703,0.7071812947591146,0.2978967666625977,1.1247519175211587,0.14853422982076023,0.01110454345111169,0.004677736266309609,0.017661463379188055,0.03877347672489858,share,10,True,-0.5616505410534672,12,42.75083751141889
enc2_mlp,RMSE MSLP,168,476.1066157023112,477.5269826253255,1.420366923014323,0.0032220204671224027,2.306791114807128,0.2983295917699276,0.022303370196615446,5.05939092884509e-05,0.03622248263189652,0.0778761602413012,share,7,True,-0.4259939310734082,12,29.81140461612314
downsample,RMSE MSLP,168,476.1066157023112,474.08839416503906,-2.0182215372721353,-14.801452445983887,8.04131425221761,-0.4239011748019989,-0.03169120693759555,-0.23242041757054413,0.12626906873747348,-0.11065545197680242,share,6,False,0.217668727577589,12,7.7097941800190775
dec0_attn,RMSE MSLP,168,476.1066157023112,477.4699249267578,1.3633092244466145,0.1817684809366862,2.886342112223307,0.28634536456410686,0.02140741933131241,0.0028542270695826877,0.04532290607442442,0.07474778939243011,share,8,True,0.023240148395644224,12,11.454904537932773
dec0_mlp,RMSE MSLP,168,476.1066157023112,478.8494338989258,2.7428181966145835,-0.6627415974934896,4.938875325520833,0.5760932753619935,0.04306921586943443,-0.010406727271728047,0.0775528935201133,0.1503837817759152,share,4,False,0.3588536014398529,12,5.661946787033861
dec1_attn,RMSE MSLP,168,476.1066157023112,475.8172200520833,-0.28939565022786456,-2.6866372426350913,1.244128163655597,-0.06078379100046177,-0.004544247134835043,-0.04218703212219224,0.019535973808203315,-0.015867042286828493,share,13,False,-0.0035127864633005064,12,12.084604071155105
dec1_mlp,RMSE MSLP,168,476.1066157023112,476.5946960449219,0.48808034261067706,-1.4620010375976562,2.092709732055664,0.10251492554681334,0.007664101712418614,-0.022957131598204367,0.032860860888709056,0.026760566129710544,share,12,False,-0.0353893636391939,12,12.880505247739114
dec2_attn,RMSE MSLP,168,476.1066157023112,476.31561279296875,0.2089970906575521,-0.8490253448486328,1.2699228922526042,0.04389711962923634,0.003281785436863471,-0.013331855498494452,0.019941016597991284,0.01145893406717213,share,15,False,-0.17761810753560592,12,17.183521937819304
dec2_mlp,RMSE MSLP,168,476.1066157023112,476.30591583251953,0.19930013020833334,-1.358669598897298,1.415484110514323,0.041860399254134095,0.0031295185154246907,-0.021334565419746744,0.02222669763192558,0.010927267190422914,share,16,False,-0.3111191484483844,12,22.839116148958247
upsample,RMSE MSLP,168,476.1066157023112,475.15771230061847,-0.9489034016927084,-2.988892046610514,1.3730724970499648,-0.19930481333324226,-0.01490019480590703,-0.04693320064916892,0.021560727522086716,-0.05202666449519395,share,9,False,0.13566730385239267,12,9.132949692737986
decoder_io,RMSE MSLP,168,476.1066157023112,473.4202880859375,-2.6863276163736978,-17.18507563273112,7.917941474914547,-0.5642281639819392,-0.042182170203051095,-0.26984935898128665,0.12433180261293204,-0.14728650500349705,share,5,False,0.024836326109691165,12,11.418373635431822
decoder_heads,RMSE MSLP,168,476.1066157023112,476.0324935913086,-0.07412211100260417,-3.8741154352823894,4.26423397064208,-0.015568385012517765,-0.0011639055054431405,-0.06083345742391229,0.06695930981719621,-0.00406398184886773,share,17,False,-0.3309296029859185,12,23.870664891328154
encoder_io,RMSE T2M,168,2.2435035010178885,2.2281715174516044,-0.01533198356628418,-0.05437012513478597,0.029890498518943782,-0.6833946797643946,-0.06538572900208481,-0.23187021121586968,0.1274728757337523,-0.24988686531848445,share,4,False,0.038267229448077526,12,11.115436295488138
enc0_attn,RMSE T2M,168,2.2435035010178885,2.23150435090065,-0.011999150117238363,-0.024378483494122822,-0.0032974054416020776,-0.5348398213684218,-0.05117232055651289,-0.10396599424576812,-0.014062319965481563,-0.19556699864173618,share,5,True,0.36189492118694067,12,5.622504957345117
enc0_mlp,RMSE T2M,168,2.2435035010178885,2.2347726424535117,-0.008730858564376831,-0.014179317901531855,-0.0016931558648745273,-0.3891617980723274,-0.037234161488488356,-0.06046999944500119,-0.007220737620827448,-0.14229906187669672,share,6,True,-0.21621292199534942,12,18.620560957828904
enc1_attn,RMSE T2M,168,2.2435035010178885,2.26601180434227,0.02250830332438151,-0.05197811499238014,0.09943245872855186,1.003265798968862,0.0959903077838621,-0.221669096254755,0.4240458367522078,0.366849425389155,share,2,False,0.32765627004082076,12,6.076968068897897
enc1_mlp,RMSE T2M,168,2.2435035010178885,2.324039469162623,0.0805359681447347,0.05247461746136347,0.12467316289742782,3.589741139614675,0.3434586898209407,0.22378651150930826,0.5316889108184487,1.3126077612901126,share,1,True,-0.018086364645242072,12,12.4420681573782
enc2_attn,RMSE T2M,168,2.2435035010178885,2.2457415660222373,0.002238065004348755,1.4262398084004728e-05,0.004431418826182682,0.09975758911601136,0.009544590967681519,6.0824308349203314e-05,0.01889850385051913,0.036476888061996025,share,13,True,-0.393125352662307,12,27.546881889507073
enc2_mlp,RMSE T2M,168,2.2435035010178885,2.2400574485460916,-0.0034460524717966714,-0.008886356900135676,0.0003023085494836152,-0.15360138596766978,-0.014696249319191664,-0.03789730934527067,0.0012892438089365632,-0.05616515607243015,share,10,False,-0.213734611892562,12,18.52404488739947
downsample,RMSE T2M,168,2.2435035010178885,2.2239089409510293,-0.01959456006685893,-0.0545528252919515,0.007375538349151611,-0.8733911071664823,-0.08356417738825037,-0.23264936564904642,0.03145417875366203,-0.31936006004921746,share,3,False,0.13744491864003452,12,9.099922824126875
dec0_attn,RMSE T2M,168,2.2435035010178885,2.246847669283549,0.003344168265660604,-0.0006237422426541646,0.007000388950109482,0.14906008678583915,0.014261747608228771,-0.0026600498930238613,0.029854293335378312,0.05450460609944486,share,11,False,-0.18769269495543925,12,17.54546863109083
dec0_mlp,RMSE T2M,168,2.2435035010178885,2.2508497734864554,0.0073462724685668945,0.0006108574569225311,0.013742214192946746,0.3274464454917879,0.03132936966234995,0.002605100635841563,0.058605899831810776,0.11973251804042798,share,8,True,0.10263796145712471,12,9.765983794249427
dec1_attn,RMSE T2M,168,2.2435035010178885,2.2409030397733054,-0.00260046124458313,-0.0062399643162886305,0.0004522350927193953,-0.11591072817150888,-0.011090088473134562,-0.02661133923106668,0.001928629853400601,-0.04238336846512626,share,12,False,-0.01998046843003717,12,12.489307842214833
dec1_mlp,RMSE T2M,168,2.2435035010178885,2.245439330736796,0.001935829718907674,-0.0007931234935919443,0.004157006740570068,0.08628601283792865,0.008255659605129341,-0.003382403691798244,0.01772822903335718,0.03155093521701701,share,14,False,-0.6959915933094941,12,66.94518530348758
dec2_attn,RMSE T2M,168,2.2435035010178885,2.2438248892625174,0.00032138824462890625,-0.0028911270201206207,0.0031570079425970706,0.014325283846585967,0.0013706122614149366,-0.012329679785459539,0.013463572074654238,0.005238115515407608,share,17,False,0.06952863888369608,12,10.439791818056998
dec2_mlp,RMSE T2M,168,2.2435035010178885,2.2438283363978067,0.0003248353799184163,-0.005449992914994557,0.005637954672177629,0.014478933497141274,0.0013853131285857755,-0.023242378147779404,0.02404397152705711,0.005294298319680804,share,16,False,-0.35826383083113567,12,25.398546557042696
upsample,RMSE T2M,168,2.2435035010178885,2.2353614072004953,-0.008142093817392984,-0.016380681097507475,-0.0008955846230189047,-0.3629187034341099,-0.03472327879507592,-0.069858069602065,-0.00381936578564573,-0.13270313605289408,share,7,True,0.16083977582890538,12,8.674687842137939
decoder_io,RMSE T2M,168,2.2435035010178885,2.2420235176881156,-0.0014799833297729492,-0.0505061149597168,0.04055292208989452,-0.06596750703092166,-0.006311628792828797,-0.21539151352642236,0.172944509270377,-0.024121366514757214,share,15,False,0.3664174028330498,12,5.564179108257701
decoder_heads,RMSE T2M,168,2.2435035010178885,2.2503107488155365,0.006807247797648112,-0.0069638321797053015,0.0242889771858851,0.3034204223242634,0.02903061158543432,-0.029698391062687676,0.10358428008666358,0.11094727608116683,share,9,False,-0.1936990466519989,12,17.765560738015836
encoder_io,|RQE| Z500,168,0.01216565592524906,0.011881231524360677,-0.0002844244008883834,-0.0009742266624622668,0.0002546591111846889,-2.3379290244275137,-0.060424673261899105,-0.2069700334375117,0.054101172538072964,-0.1370568544386978,colmax,5,False,0.13182106428777937,12,9.20476527365434
enc0_attn,|RQE| Z500,168,0.01216565592524906,0.012276505081293484,0.00011084915604442358,-3.763676601617286e-05,0.0003381076608396445,0.911164648462259,0.023549400172491065,-0.007995760145959674,0.07182943822600465,0.05341537715181865,colmax,8,False,-0.16025084423754554,12,16.579963237008652
enc0_mlp,|RQE| Z500,168,0.01216565592524906,0.012163269682787359,-2.3862424617012343e-06,-0.00020981700217816978,0.00027618163342898046,-0.01961458121422567,-0.0005069463823132057,-0.04457466997137969,0.058673534720506196,-0.0011498692964010866,colmax,17,False,0.051240903997796905,12,10.830161867493596
enc1_attn,|RQE| Z500,168,0.01216565592524906,0.011067366305117806,-0.0010982896201312542,-0.0016118903401851033,-0.00044397013358927074,-9.027787953889296,-0.23332664580142493,-0.3424387880768293,-0.09431944016189032,-0.5292377170443043,colmax,2,True,0.05356183125272992,12,10.77986852604842
enc1_mlp,|RQE| Z500,168,0.01216565592524906,0.011859760658505062,-0.00030589526674399775,-0.0011033441580366342,0.0006638039087799063,-2.5144165561113,-0.06498606127897255,-0.23440045944212703,0.1410221281040431,-0.14740311631726483,colmax,4,False,0.5255388457415273,12,3.7321460984064183
enc2_attn,|RQE| Z500,168,0.01216565592524906,0.0122462388050432,8.058287979414065e-05,4.7750771045684814e-05,0.00011335387437914805,0.662380066387509,0.017119467130299618,0.010144434617519137,0.024081516216389164,0.03883083164348752,colmax,10,True,-0.20610699590115414,12,18.230774016257502
enc2_mlp,|RQE| Z500,168,0.01216565592524906,0.01210276964896669,-6.288627628237009e-05,-0.00022795208690998454,7.85111604879299e-05,-0.5169164463368847,-0.013359904020720483,-0.04842738642634654,0.016679339765076552,-0.030303290391765235,colmax,12,False,0.1343935616946107,12,9.15667860821395
downsample,|RQE| Z500,168,0.01216565592524906,0.01210615326029559,-5.950266495347023e-05,-0.0004626195732271299,0.0004952507384587071,-0.48910363172425547,-0.01264107114859195,-0.0982814289825238,0.10521377195701725,-0.02867281451158875,colmax,15,False,-0.09374835135788741,12,14.482710443573303
dec0_attn,|RQE| Z500,168,0.01216565592524906,0.012226696747044722,6.104082179566224e-05,1.3715123835330208e-05,0.00015063534083310516,0.5017470670773766,0.012967845589619885,0.0029137158201188633,0.03200179458269166,0.02941401300850297,colmax,14,True,0.08808895659349927,12,10.057020112709587
dec0_mlp,|RQE| Z500,168,0.01216565592524906,0.012003405950963497,-0.00016224997428556284,-0.0003978574260448416,8.875786831291978e-05,-1.333672226820283,-0.03446927075291269,-0.08452300470174468,0.01885620634333519,-0.07818411865817904,colmax,6,False,0.04397442566535663,12,10.989068898602637
dec1_attn,|RQE| Z500,168,0.01216565592524906,0.012263432300339142,9.777637509008248e-05,-9.331145944694678e-06,0.0001895144116133451,0.8037082068641584,0.020772147182511396,-0.001982359611574026,0.04026147673824682,0.04711593789565149,colmax,9,False,-0.4611864582590635,12,32.542310355553916
dec1_mlp,|RQE| Z500,168,0.01216565592524906,0.012104383165327212,-6.127275992184877e-05,-0.0001526678679510951,2.841492338726918e-05,-0.5036535662222781,-0.013017119792002043,-0.03243359574537984,0.0060366215278112615,-0.02952577806769002,colmax,13,False,-0.3271468446125306,12,23.669001189686554
dec2_attn,|RQE| Z500,168,0.01216565592524906,0.012199061107821763,3.3405182572702565e-05,-3.1021079242539905e-05,9.494492745337386e-05,0.2745859555617728,0.007096779446155033,-0.006590287512629902,0.02017061898109159,0.016097104295779898,colmax,16,False,-0.17090594873519876,12,16.94725871375807
dec2_mlp,|RQE| Z500,168,0.01216565592524906,0.01201853466530641,-0.0001471212599426508,-0.0002021209802478552,-7.678375210768234e-05,-1.209316298657681,-0.03125524404427665,-0.04293968503653171,-0.016312359693604814,-0.07089397761168409,colmax,7,True,-0.12078915088607495,12,15.297206380229921
upsample,|RQE| Z500,168,0.01216565592524906,0.012243629122773806,7.797319752474625e-05,-9.325410549839338e-06,0.00016758115768122174,0.6409288410246565,0.01656505197480313,-0.0019811411529640074,0.0356018564726181,0.0375732924105298,colmax,11,False,-0.5347805074458604,12,39.58855203644979
decoder_io,|RQE| Z500,168,0.01216565592524906,0.014240885231023034,0.0020752293057739735,0.0010505437433797247,0.003283322264906018,17.058096320700344,0.44087304870203037,0.22318325095448896,0.6975269155909034,1.0,colmax,1,True,0.410925439155561,12,5.010112181664257
decoder_heads,|RQE| Z500,168,0.01216565592524906,0.01319220254663378,0.00102654662138472,0.0007061849532571311,0.0013146479449157292,8.438070480475998,0.2180851712846539,0.15002578867970268,0.2792909900762473,0.4946665983024277,colmax,3,True,0.20085809051838519,12,7.985708710710108
encoder_io,|RQE| T850,168,0.00897901524634411,0.00939219817519188,0.0004131829288477699,-0.00011245731633001318,0.0010045603218410768,4.601650821519668,0.0517604597134215,-0.014087809502709957,0.12584378597963325,0.23262114024228323,share,5,False,0.21001718065838848,12,7.834429116900011
enc0_attn,|RQE| T850,168,0.00897901524634411,0.00906397964960585,8.4964403261741e-05,-0.0001225711719598621,0.0002940507207919533,0.9462552510570137,0.010643703466569246,-0.0153547975129262,0.03683646981664645,0.04783478451510094,share,11,False,0.31335153314517344,12,6.273858441026481
enc0_mlp,|RQE| T850,168,0.00897901524634411,0.009363141201902181,0.00038412595555807155,-5.589491532494625e-05,0.0006488581124964789,4.278041021419048,0.04812041993842508,-0.007002095950406305,0.08128407987536822,0.21626212396470237,share,6,False,0.14804202557495633,12,8.90515805637032
enc1_attn,|RQE| T850,168,0.00897901524634411,0.00783684354973957,-0.0011421716966045399,-0.002338505841908045,-0.00019689102919073792,-12.720456144337051,-0.14308270734411455,-0.2929504802079518,-0.024665032054400404,-0.643040319108879,share,2,True,0.4591833166532563,12,4.447556469495386
enc1_mlp,|RQE| T850,168,0.00897901524634411,0.008336955574729169,-0.0006420596716149399,-0.001958868791552959,0.0010256009156970913,-7.150669132412493,-0.08043242216931466,-0.24539239666024945,0.1284795938375904,-0.3614782762955851,share,4,False,0.05517082142498963,12,10.745132364054973
enc2_attn,|RQE| T850,168,0.00897901524634411,0.008979019825346768,4.579002658526103e-09,-6.522394251078368e-05,6.821909191785366e-05,5.09967132575088e-05,5.736231244965423e-07,-0.008170766536978043,0.008545976400204127,2.5779690912429557e-06,share,17,False,0.5092967955092305,12,3.9014450116171484
enc2_mlp,|RQE| T850,168,0.00897901524634411,0.008978608374794325,-4.068715497851372e-07,-7.720989524386823e-05,7.655035781984528e-05,-0.004531360495804913,-5.09698174605614e-05,-0.009672276837265334,0.009589654933304216,-0.00022906784679391855,share,16,False,0.2024609707341111,12,7.959067765291232
downsample,|RQE| T850,168,0.00897901524634411,0.008797195351993045,-0.00018181989435106516,-0.0005577725591138005,0.00031996752950362855,-2.0249424838107366,-0.022777033269262222,-0.0698735646116172,0.04008313331497156,-0.10236422705222452,share,7,False,0.2464356507094385,12,7.2549049654828375
dec0_attn,|RQE| T850,168,0.00897901524634411,0.008967650239355862,-1.1365006988247236e-05,-9.908567784198869e-05,0.000105931436701212,-0.1265729779540647,-0.0014237228725745789,-0.012412710879463525,0.013270296227020749,-0.006398475590073639,share,14,False,0.604200398391735,12,2.9607243733767983
dec0_mlp,|RQE| T850,168,0.00897901524634411,0.009045981666228423,6.696641988431414e-05,-4.265370274273058e-05,0.0001921092611155472,0.745810292632927,0.008389051039064531,-0.005343336106842833,0.024066007998626734,0.03770195684239422,share,12,False,-0.11960706547304553,12,15.260554984911916
dec1_attn,|RQE| T850,168,0.00897901524634411,0.008952578296884894,-2.6436949459215004e-05,-8.913428367425998e-05,5.254818825051186e-05,-0.29443038834329915,-0.0033118228317066253,-0.011166074823255899,0.006582843072773742,-0.014883948242682582,share,13,False,0.4340302716770289,12,4.73604837639387
dec1_mlp,|RQE| T850,168,0.00897901524634411,0.008819209547558179,-0.00015980569878593087,-0.000255790441588033,-3.2886782234224216e-05,-1.779768653928918,-0.020019259888231923,-0.03204350887345993,-0.0041198095276723965,-0.08997028016734515,share,8,True,0.08197534033400444,12,10.181651563880587
dec2_attn,|RQE| T850,168,0.00897901524634411,0.008969058243868252,-9.957002475857735e-06,-9.677900622288386e-05,5.661520020415384e-05,-0.1108919208029168,-0.0012473386230048115,-0.012123748352028715,0.007092327840132192,-0.005605771941712119,share,15,False,0.23606624104431562,12,7.416435141633763
dec2_mlp,|RQE| T850,168,0.00897901524634411,0.008834347788554927,-0.00014466745778918266,-0.00020482722563125815,-7.947225046033662e-05,-1.6111728716362896,-0.018122854546826977,-0.025659219247184187,-0.009955687738015797,-0.0814474815809024,share,9,True,0.25208759055849,12,7.167988071261747
upsample,|RQE| T850,168,0.00897901524634411,0.00909151507463927,0.00011249982829516132,-5.634396463089312e-05,0.00027310940010162685,1.252919448387914,0.01409313508299355,-0.007058349480954191,0.034213098156640524,0.06333717224973573,share,10,False,0.3800799938305017,12,5.390296292453628
decoder_io,|RQE| T850,168,0.00897901524634411,0.012580019266655048,0.0036010040203109384,0.002452349180627304,0.0051839507466259725,40.10466539498439,0.4511067871098934,0.307211920204643,0.649406485706853,2.0273578667873795,share,1,True,0.39759105783465637,12,5.172405236467495
decoder_heads,|RQE| T850,168,0.00897901524634411,0.01005646753280113,0.001077452286457022,0.0008190219290554523,0.0013258752898157881,11.99967097612087,0.1349751448391515,0.1026009271038941,0.1660957162845804,0.6066034241328274,share,3,True,0.23668551872970428,12,7.406712245367166
encoder_io,|RQE| Q700,168,0.22584544029086828,0.2457539482663075,0.019908507975439232,0.009886779201527437,0.027991893111417688,8.81510290834249,0.21346508158576008,0.10600905559965187,0.3001375971589766,-0.34068594645986466,share,4,True,-0.14798492228747848,12,16.16851559063353
enc0_attn,|RQE| Q700,168,0.22584544029086828,0.22599463785688081,0.00014919756601254144,-0.003979107116659482,0.0031358784375091387,0.06606180130109716,0.0015997417104563973,-0.04266519752982418,0.03362384299876925,-0.0025531553670018,share,16,False,0.01995261318948315,12,11.530504936841968
enc0_mlp,|RQE| Q700,168,0.22584544029086828,0.22801163792610168,0.0021661976352334023,-0.0003412767235810558,0.0060659045353531815,0.9591504847047333,0.023226630318376577,-0.003659272896413208,0.06504047456133041,-0.03706923153101484,share,8,False,-0.021194098930434727,12,12.519672361777355
enc1_attn,|RQE| Q700,168,0.22584544029086828,0.1951213702559471,-0.03072407003492117,-0.03971887823039045,-0.023977193321722257,-13.604024945268488,-0.32943282965966997,-0.4258779006646332,-0.2570907641563763,0.5257681234505145,share,2,True,-0.14819982828075587,12,16.17562240162411
enc1_mlp,|RQE| Q700,168,0.22584544029086828,0.19666939275339246,-0.029176047537475824,-0.04417259043160205,-0.018964037163338315,-12.918590474928227,-0.3128344613077357,-0.47363195835514454,-0.20333817809257937,0.4992774637620053,share,3,True,0.22901278703213146,12,7.527868426785165
enc2_attn,|RQE| Q700,168,0.22584544029086828,0.22486875299364328,-0.0009766872972249985,-0.0022133514595528442,0.0003780494133631385,-0.4324582758753573,-0.010472338451636781,-0.0237322279738035,0.004053560867874663,0.01671364005082277,share,13,False,0.20603863026245114,12,7.899860085557341
enc2_mlp,|RQE| Q700,168,0.22584544029086828,0.22715138302495083,0.0013059427340825398,-0.000458545982837677,0.0028745557491978,0.5782462255605448,0.014002715453170946,-0.004916669584582855,0.03082186160220207,-0.02234805023722414,share,10,False,-0.23281132344064345,12,19.2830477473075
downsample,|RQE| Q700,168,0.22584544029086828,0.22404033814867338,-0.001805102142194907,-0.008617410172397892,0.003550016499745347,-0.79926437295794,-0.019354854544079154,-0.09239849454204468,0.03806435734329387,0.030889955818340687,share,9,False,0.03279538579478029,12,11.2379039741071
dec0_attn,|RQE| Q700,168,0.22584544029086828,0.225015294427673,-0.0008301458631952604,-0.0019452159913877648,0.00043178961301843253,-0.36757255852768533,-0.008901076596682924,-0.020857197878202786,0.004629779644189028,0.014205937956341447,share,14,False,-0.27588577262777003,12,21.143942064354484
dec0_mlp,|RQE| Q700,168,0.22584544029086828,0.22594567916045585,0.00010023886958758037,-0.0028975899641712505,0.0030682460404932487,0.04438383589169738,0.0010747916670086435,-0.031068841465516663,0.03289866785432104,-0.0017153457305611234,share,17,False,0.3689428991506718,12,5.531775806639
dec1_attn,|RQE| Q700,168,0.22584544029086828,0.22699695670356354,0.0011515164126952488,-0.0006224032181004682,0.002224648200596372,0.5098692323441204,0.012346909436236139,-0.0066735967303509,0.02385335506938921,-0.01970541737266947,share,12,False,-0.22752532486615532,12,19.068979699355946
dec1_mlp,|RQE| Q700,168,0.22584544029086828,0.2286984839787086,0.002853043687840303,-0.0010812094823146859,0.00592390578240156,1.2632726541504862,0.03059120273321896,-0.011593057131068597,0.06351792071544256,-0.04882293993514457,share,7,False,0.09265187364796149,12,9.964909939588402
dec2_attn,|RQE| Q700,168,0.22584544029086828,0.22714793247481188,0.0013024921839435895,-0.0005541425198316574,0.0025349287626643966,0.576718388587389,0.013965717604420277,-0.005941684748647953,0.02718027768850452,-0.022289002420012236,share,11,False,-0.11399804040273669,12,15.087976205954806
dec2_mlp,|RQE| Q700,168,0.22584544029086828,0.22100016692032418,-0.004845273370544116,-0.005970352018872897,-0.0036773798366387706,-2.145393488707962,-0.05195249571813738,-0.06401593139861063,-0.03942998580397662,0.08291513086450576,share,6,True,-0.2481401225538296,12,19.920841529036487
upsample,|RQE| Q700,168,0.22584544029086828,0.22643074548492828,0.0005853051940600077,-0.0010906686075031757,0.0032605479471385446,0.2591618379836175,0.0062758204259569655,-0.011694480750185709,0.03496058742367187,-0.010016082282620634,share,15,False,-0.05439146995738589,12,13.380481708343341
decoder_io,|RQE| Q700,168,0.22584544029086828,0.2579293151696523,0.03208387487878402,0.025229987998803455,0.040935134328901765,14.206120272989759,0.3440130710466186,0.2705236099669847,0.4389189687154482,-0.5490378933802172,share,1,True,0.25671932361333,12,7.097343017687511
decoder_heads,|RQE| Q700,168,0.22584544029086828,0.2353814026961724,0.009535962405304113,0.003823873649040858,0.014804955626217023,4.222340018475762,0.10224749114088612,0.04100073704534536,0.1587432400520838,-0.1631849248303623,share,5,True,0.22093556996933308,12,7.6570569244721245
encoder_io,Vag/Vg 850hPa,168,0.35530707736810047,0.3638690809408824,0.008562003572781881,0.007278438098728657,0.01002354013423125,2.409747544632101,1.1665702939609308,0.9916849018145851,1.3657041907914211,0.15481285564180738,share,3,True,-0.25029212780950516,12,20.01246897658531
enc0_attn,Vag/Vg 850hPa,168,0.35530707736810047,0.3555275226632754,0.0002204452951749166,6.255718568960825e-05,0.00038282455255587885,0.06204359812020683,0.03003560213546502,0.00852339687538623,0.052159724883818426,0.003985955549857535,share,10,True,-0.14283746823050475,12,15.999357310281948
enc0_mlp,Vag/Vg 850hPa,168,0.35530707736810047,0.3591511199871699,0.0038440426190694175,0.0032248012721538544,0.0045301657790939,1.0818930620644418,0.5237495978606731,0.43937815910065164,0.6172336626218259,0.06950560228201266,share,5,True,0.186637210070287,12,8.225221151272029
enc1_attn,Vag/Vg 850hPa,168,0.35530707736810047,0.3495363841454188,-0.005770693222681682,-0.007295504833261171,-0.004684975557029248,-1.6241424925806378,-0.7862551366531201,-0.9940102390269918,-0.6383264461763868,-0.10434210745673725,share,4,True,-0.5692456065394574,12,43.71620478944324
enc1_mlp,Vag/Vg 850hPa,168,0.35530707736810047,0.35240556796391803,-0.002901509404182434,-0.004108741506934166,-0.0014319472014904116,-0.8166202107976732,-0.39532974376787683,-0.5598147380819568,-0.1951023558422144,-0.05246329935682274,share,6,True,-0.310482708636661,12,22.806958869075377
enc2_attn,Vag/Vg 850hPa,168,0.35530707736810047,0.3552263950308164,-8.068233728408813e-05,-0.00018133291353782018,5.341321229934691e-05,-0.022707776575049955,-0.010992943079603574,-0.024706552438622287,0.007277533376828701,-0.0014588481456037055,share,14,False,-0.34798863409891745,12,24.80917428000951
enc2_mlp,Vag/Vg 850hPa,168,0.35530707736810047,0.35542255888382596,0.00011548151572545369,-0.00012394220878680549,0.0003489061569174131,0.032501890077977276,0.01573432019757092,-0.016887086966212612,0.0475383541457317,0.002088065377610327,share,13,False,-0.016745064840408153,12,12.408725694424882
downsample,Vag/Vg 850hPa,168,0.35530707736810047,0.3576146935423215,0.002307616174221039,0.0009673833847045898,0.003319130465388298,0.6494709284471509,0.31441197797063974,0.13180568191483313,0.45223048201142674,0.04172488911264351,share,8,True,0.16702075385374188,12,8.565186969252329
dec0_attn,Vag/Vg 850hPa,168,0.35530707736810047,0.3552345335483551,-7.254381974538167e-05,-0.00020544261982043585,0.00011808543155590674,-0.020417217771945984,-0.00988407262459508,-0.02799149233689943,0.016089102910514148,-0.001311692502634415,share,15,False,0.051972916870993355,12,10.814275553201522
dec0_mlp,Vag/Vg 850hPa,168,0.35530707736810047,0.3554587736725807,0.00015169630448023477,-9.673585494359334e-05,0.0005118148401379585,0.042694422414523536,0.020668573775518388,-0.013180229811728962,0.06973461099821891,0.002742878800185303,share,12,False,-0.22759276886032087,12,19.071692537870522
dec1_attn,Vag/Vg 850hPa,168,0.35530707736810047,0.3550925428668658,-0.00021453450123469034,-0.0003304526209831238,-8.783129354318006e-05,-0.060380024744745284,-0.029230258320109444,-0.0450240656784953,-0.01196698612149091,-0.0038790802278352845,share,11,True,-0.28215804092578156,12,21.433542991764032
dec1_mlp,Vag/Vg 850hPa,168,0.35530707736810047,0.3553236648440361,1.6587475935618084e-05,-0.00020609796047210693,0.00023942769815524389,0.004668490157440165,0.002260038379310871,-0.02808078229457882,0.032621948571390454,0.0002999244856246237,share,17,False,-0.5405071519073842,12,40.23149848713758
dec2_attn,Vag/Vg 850hPa,168,0.35530707736810047,0.35524870703617734,-5.837033192316691e-05,-0.00017842513819535573,9.569407751162842e-05,-0.016428136572887587,-0.007952939366513461,-0.024310368962734183,0.013038287964272536,-0.0010554162577684578,share,16,False,-0.24062081267419544,12,19.604763997440216
dec2_mlp,Vag/Vg 850hPa,168,0.35530707736810047,0.35572274525960285,0.00041566789150238037,0.00024912289033333457,0.0005938081691662468,0.11698835119789795,0.05663461948574045,0.03394291545642624,0.08090617629065053,0.007515849851623487,share,9,True,-0.06128739110694455,12,13.566930466930847
upsample,Vag/Vg 850hPa,168,0.35530707736810047,0.3581235781311989,0.0028165007630983987,0.0024336849649747214,0.0031511740138133364,0.792694810348651,0.38374734315619363,0.33158881106100935,0.4293464683082209,0.05092622566039435,share,7,True,0.08454186405471095,12,10.129159597650435
decoder_io,Vag/Vg 850hPa,168,0.35530707736810047,0.38325422753890354,0.02794715017080307,0.026822872211535773,0.02968648994962374,7.865632842953375,3.8077904211305054,3.654607902776322,4.044774918956113,0.5053230926866688,share,1,True,-0.08492786691548555,12,14.227440583400876
decoder_heads,Vag/Vg 850hPa,168,0.35530707736810047,0.380136214196682,0.024829136828581493,0.02338210480908553,0.02608232038716475,6.98807831594594,3.382962083897319,3.185804426346165,3.5537079496162796,0.44894510296320256,share,2,True,0.039021448336093306,12,11.09865695114765
encoder_io,|Vag| 850hPa,168,3.8105133771896362,3.9039443731307983,0.09343099594116211,0.06783550481001537,0.12641496459643042,2.4519267272608336,0.6952185154200697,0.5047628837916815,0.9406516876792901,0.13303012974291747,share,3,True,-0.0711194882766765,12,13.837553589614597
enc0_attn,|Vag| 850hPa,168,3.8105133771896362,3.812956710656484,0.0024433334668477378,-0.0017926762501398723,0.00614398717880249,0.06412084737646996,0.018180804436332635,-0.013339274709604021,0.04571730828917761,0.003478898676245065,share,14,False,0.4395894170955391,12,4.671420138959821
enc0_mlp,|Vag| 850hPa,168,3.8105133771896362,3.861075758934021,0.050562381744384766,0.041039466857910156,0.0586747462550799,1.3269178386056732,0.3762338570657089,0.3053740028689731,0.43659782894527255,0.07199238470927043,share,4,True,-0.3125858527103242,12,22.91345078454782
enc1_attn,|Vag| 850hPa,168,3.8105133771896362,3.763602395852407,-0.04691098133722941,-0.06430257856845856,-0.03261315673589708,-1.2310934694009028,-0.3490638462497543,-0.4784744373077065,-0.24267396682114828,-0.0667934005283342,share,5,True,-0.27443543796091663,12,21.077690471199187
enc1_mlp,|Vag| 850hPa,168,3.8105133771896362,3.778304874897003,-0.03220850229263306,-0.049665837983290356,-0.011611405014991766,-0.8452536208228131,-0.2396629397153117,-0.36956268957660604,-0.08640027514581283,-0.045859526548473355,share,6,True,-0.5537225956979505,12,41.77821007436962
enc2_attn,|Vag| 850hPa,168,3.8105133771896362,3.8080856005350747,-0.002427776654561361,-0.003887663284937541,-0.0005875716606775983,-0.06371258710425828,-0.018065046450094165,-0.02892803903224422,-0.004372111134258171,-0.0034567483744528606,share,15,True,-0.41483539973890743,12,29.014100971404496
enc2_mlp,|Vag| 850hPa,168,3.8105133771896362,3.814882675806681,0.004369298617045085,0.0011248340209325154,0.007148369153340657,0.1146643033245974,0.032511879675155966,0.00836987158543356,0.05319089816392145,0.006221151300550161,share,12,True,-0.11495538556122263,12,15.117277037179454
downsample,|Vag| 850hPa,168,3.8105133771896362,3.8369034926096597,0.0263901154200236,0.006573631366093954,0.044774660468101496,0.6925606291792388,0.19636841798868335,0.048914283672333504,0.3331675175406894,0.03757511565505678,share,8,True,-0.06475432870604761,12,13.661706583249911
dec0_attn,|Vag| 850hPa,168,3.8105133771896362,3.8079062898953757,-0.0026070872942606607,-0.004335641364256541,0.000425896048545832,-0.06841826904130861,-0.01939929399262571,-0.032261436606653246,0.0031690855439427145,-0.0037120567699504875,share,13,False,0.10376411469778314,12,9.74377630185172
dec0_mlp,|Vag| 850hPa,168,3.8105133771896362,3.832888126373291,0.022374749183654785,0.018641304473082224,0.027454966803391774,0.5871846381013576,0.16649014337974977,0.13870964224154383,0.2042919597472924,0.03185790493704343,share,9,True,0.2825723241091113,12,6.712395043040289
dec1_attn,|Vag| 850hPa,168,3.8105133771896362,3.8057464559872947,-0.004766921202341716,-0.0062878385186195375,-0.0036041935284932456,-0.12509918560783162,-0.0354705828406611,-0.046787703760202824,-0.0268187452025413,-0.006787299435629831,share,11,True,-0.33563216133822393,12,24.124566246829108
dec1_mlp,|Vag| 850hPa,168,3.8105133771896362,3.812719464302063,0.002206087112426758,-0.0026631479461987815,0.007211168607076009,0.05789474787394162,0.01641545818643023,-0.019816440388436853,0.05365818787388641,0.003141099501659229,share,16,False,-0.2856645000289094,12,21.59765824458016
dec2_attn,|Vag| 850hPa,168,3.8105133771896362,3.8097115556399026,-0.0008018215497334799,-0.0028976291418075562,0.001778887708981831,-0.021042349687927,-0.005966341060825001,-0.021561211136762324,0.013236674399962253,-0.0011416599354124924,share,17,False,-0.2702807538961495,12,20.88936139226404
dec2_mlp,|Vag| 850hPa,168,3.8105133771896362,3.8180466492970786,0.00753327210744222,0.00424985537926356,0.010142586131890615,0.19769703873860234,0.05605495476136801,0.03162310449288421,0.07547081781696649,0.010726120981016215,share,10,True,0.002556971366419507,12,11.9387892014651
upsample,|Vag| 850hPa,168,3.8105133771896362,3.8387444814046225,0.028231104214986164,0.02159463365872701,0.03342733979225159,0.7408740350836248,0.21006718555555015,0.16068531649512593,0.2487322896509233,0.040196376145562054,share,7,True,0.3965051872361915,12,5.185757861378333
decoder_io,|Vag| 850hPa,168,3.8105133771896362,4.16437961657842,0.35386623938878375,0.338207667072614,0.3825643385450045,9.286576488802941,2.633112909982037,2.5165977290232378,2.846654997271036,0.5038464083929219,share,1,True,0.03938066087522594,12,11.09067399790799
decoder_heads,|Vag| 850hPa,168,3.8105133771896362,4.094047983487447,0.28353460629781085,0.2638046776254972,0.3004247009754181,7.440850568721158,2.1097763764041733,1.9629662992693029,2.235455295148283,0.4037059123950472,share,2,True,0.22282603280448804,12,7.626667535820485
encoder_io,Vag/Vg 500hPa,168,0.2399135691424211,0.24915197243293127,0.009238403290510178,0.008257073629647494,0.010410819792499146,3.8507214592043093,1.8729014386871963,1.673956482956146,2.1105854284705097,0.08629257689667937,share,3,True,0.26393011065086586,12,6.98839168222767
enc0_attn,Vag/Vg 500hPa,168,0.2399135691424211,0.23995698615908623,4.3417016665140786e-05,-0.0001360627512137095,0.00017333471526702243,0.018096940835958687,0.008801931504676454,-0.027584000664017547,0.03514014569287266,0.0004055426172020005,share,16,False,-0.39742458027266925,12,27.829039177967392
enc0_mlp,Vag/Vg 500hPa,168,0.2399135691424211,0.24493026360869408,0.00501669446627299,0.004679605892548959,0.005606954265385866,2.091042405065011,1.0170344363498676,0.9486964720025796,1.136697801565078,0.046859124827630404,share,5,True,-0.04891791727255078,12,13.234415026697183
enc1_attn,Vag/Vg 500hPa,168,0.2399135691424211,0.23320975651343664,-0.006703812628984451,-0.008045585205157598,-0.0054283161337176965,-2.794261555504113,-1.3590638904464856,-1.6310814360419577,-1.1004824942998728,-0.06261788412958802,share,4,True,-0.13329552936869202,12,15.691099807663836
enc1_mlp,Vag/Vg 500hPa,168,0.2399135691424211,0.23865807428956032,-0.0012554948528607686,-0.0026118740749855834,4.0254214157659235e-05,-0.5233113147157853,-0.2545264633124118,-0.5295052141461718,0.008160736573012181,-0.011727122396265308,share,8,False,0.6797433677962961,12,2.287896865749376
enc2_attn,Vag/Vg 500hPa,168,0.2399135691424211,0.2396793154378732,-0.00023425370454788208,-0.0003821993867556254,-0.00012556721145908046,-0.09764087349674702,-0.047490251991511113,-0.07748327917826207,-0.025456239958178313,-0.0021880789544871464,share,13,True,-0.28650344793335253,12,21.637163249750603
enc2_mlp,Vag/Vg 500hPa,168,0.2399135691424211,0.23990229268868765,-1.1276453733444214e-05,-0.0001527124084532261,0.0001310957595705985,-0.004700215070682441,-0.002286075391659046,-0.030959385567334238,0.026577042480682364,-0.00010532926744112134,share,17,False,-0.18682138600826703,12,17.513811095189464
downsample,Vag/Vg 500hPa,168,0.2399135691424211,0.24273365611831346,0.002820086975892385,0.0024262270890176296,0.0031215060812731584,1.1754595565281607,0.5717162141857737,0.49186900189459326,0.6328229074490294,0.026341410368228124,share,6,True,-0.417501868420154,12,29.201848896763714
dec0_attn,Vag/Vg 500hPa,168,0.2399135691424211,0.23969061175982156,-0.00022295738259951273,-0.0004261664114892483,1.1030274132887186e-05,-0.09293237702080843,-0.04520014871677019,-0.08639671381506611,0.002236167402847569,-0.0020825641052511722,share,14,False,0.07529389724933573,12,10.319479410599644
dec0_mlp,Vag/Vg 500hPa,168,0.2399135691424211,0.2404105601211389,0.000496990978717804,0.00022386355946461361,0.0007344426276783148,0.2071541766038138,0.10075497786628125,0.045383857946707774,0.14889354910765737,0.004642212609620085,share,9,True,0.3862273915249068,12,5.313176861697285
dec1_attn,Vag/Vg 500hPa,168,0.2399135691424211,0.23945057640473047,-0.0004629927376906077,-0.000581047497689724,-0.00036636556809147204,-0.1929831394470894,-0.09386251468510814,-0.11779575540792209,-0.07427328922399505,-0.004324647362040473,share,10,True,0.23335215266503176,12,7.459162533701923
dec1_mlp,Vag/Vg 500hPa,168,0.2399135691424211,0.23979156836867332,-0.00012200077374776204,-0.00036427642529209453,8.761538192629774e-05,-0.05085196897526797,-0.02473321606427904,-0.07384975731793544,0.017762265805115043,-0.0011395650112933917,share,15,False,-0.15100386609818078,12,16.268679964066173
dec2_attn,Vag/Vg 500hPa,168,0.2399135691424211,0.23955515772104263,-0.00035841142137845355,-0.0005051617821057638,-0.0002737753093242645,-0.1493918925301336,-0.07266074511286666,-0.10241144478370406,-0.05550246666944663,-0.003347791189384241,share,11,True,-0.1443842560161356,12,16.04997473311174
dec2_mlp,Vag/Vg 500hPa,168,0.2399135691424211,0.2402448964615663,0.00033132731914520264,0.00020151017233729362,0.0004922238488992056,0.13810278440254253,0.0671699852441875,0.04085215592052598,0.09978853766932287,0.0030948084064133905,share,12,True,0.0838738845222759,12,10.142797554881717
upsample,Vag/Vg 500hPa,168,0.2399135691424211,0.24271168808142343,0.002798118939002355,0.0025602297546962896,0.002975001527617375,1.1663029102540232,0.5672626342106784,0.5190353614315584,0.6031220402441956,0.02613621489743186,share,7,True,-0.1073009076762474,12,14.88475904856862
decoder_io,Vag/Vg 500hPa,168,0.2399135691424211,0.29064860194921494,0.050735032806793846,0.04803379466757179,0.05392075603206953,21.147212718375155,10.285512869230768,9.737890878926171,10.931354517863596,0.47389755373994247,share,2,True,0.69791761311307,12,2.1349614460956534
decoder_heads,Vag/Vg 500hPa,168,0.2399135691424211,0.29747383048137027,0.057560261338949203,0.05554393138736486,0.05938091908271114,23.99208245898731,11.66919140493331,11.260420847030781,12.038293337423248,0.5376495398167379,share,1,True,-0.11461065001410999,12,15.106718643478686
encoder_io,|Vag| 500hPa,168,4.062072555224101,4.220858494440715,0.15878593921661377,0.12821840941905976,0.18897998531659443,3.9089882580360182,1.751559571402217,1.4143707141571908,2.084628549088167,0.07651796689506296,share,3,True,0.433715609239389,12,4.739721493813139
enc0_attn,|Vag| 500hPa,168,4.062072555224101,4.058834910392761,-0.003237644831339518,-0.007313571870326996,0.000519844392935431,-0.07970425902845302,-0.03571429448420771,-0.0806756371112546,0.005734376901242397,-0.0015602011188437024,share,15,False,-0.18095849988952184,12,17.302544494708396
enc0_mlp,|Vag| 500hPa,168,4.062072555224101,4.1556938489278155,0.09362129370371501,0.08719072341918946,0.10733093520005543,2.304766653744569,1.0327317008220498,0.9617964090260309,1.1839620547304617,0.04511552526399197,share,5,True,-0.25709747010862677,12,20.305718495142653
enc1_attn,|Vag| 500hPa,168,4.062072555224101,3.9559675653775535,-0.10610498984654744,-0.13241165975729624,-0.08386058559020362,-2.6120899714134653,-1.1704387142599704,-1.4606262440955444,-0.9250618290170823,-0.05113134160703837,share,4,True,-0.18970371031451652,12,17.618795378312296
enc1_mlp,|Vag| 500hPa,168,4.062072555224101,4.050139904022217,-0.011932651201883951,-0.044046564896901445,0.011326233049233731,-0.293757707171866,-0.13162846488788574,-0.48587540378691424,0.12493909727267433,-0.005750271177289203,share,9,False,0.3677602730459888,12,5.546934556413335
enc2_attn,|Vag| 500hPa,168,4.062072555224101,4.057456274827321,-0.004616280396779378,-0.0076452970504760735,-0.002541186908880874,-0.11364347470461915,-0.050921952870303884,-0.0843348806011495,-0.028031702775018735,-0.0022245571133173376,share,14,True,-0.21074370102893236,12,18.408373086522285
enc2_mlp,|Vag| 500hPa,168,4.062072555224101,4.064314742883046,0.0022421876589457193,0.0002660840749740601,0.004474821686744686,0.05519811939503921,0.024733457346929798,0.0029351598171594023,0.04936152907748009,0.001080496433791136,share,16,True,-0.5385080498598968,12,40.00524081235631
downsample,|Vag| 500hPa,168,4.062072555224101,4.106599688529968,0.044527133305867515,0.03077337294816971,0.05745678097009658,1.09616784782937,0.4911765293185002,0.3394595025077448,0.6338028111723608,0.02145735150756937,share,7,True,0.1177521855218563,12,9.47166457008078
dec0_attn,|Vag| 500hPa,168,4.062072555224101,4.057289083798726,-0.004783471425374349,-0.008452602724234263,-0.001030377050240835,-0.11775937924157656,-0.05276622855260222,-0.09324022818352865,-0.011366036523173991,-0.002305125441056542,share,13,True,0.05187250752518134,12,10.816453351810273
dec0_mlp,|Vag| 500hPa,168,4.062072555224101,4.0841753880182905,0.022102832794189453,0.017364146808783214,0.02611907770236333,0.5441269818227079,0.24381521768720096,0.1915430150314925,0.2881182097828092,0.010651219096457274,share,8,True,-0.39634829605004135,12,27.758025767106165
dec1_attn,|Vag| 500hPa,168,4.062072555224101,4.051157335440318,-0.010915219783782959,-0.013107525308926901,-0.008176028728485107,-0.2687106061103031,-0.12040523097049827,-0.1445884410516215,-0.09018935458700365,-0.005259977238466041,share,10,True,0.2742134737447151,12,6.835148501033925
dec1_mlp,|Vag| 500hPa,168,4.062072555224101,4.063941081364949,0.0018685261408487956,-0.003713738918304443,0.00755696545044581,0.045999329540427444,0.020611616258755728,-0.04096606399872252,0.08336049924059832,0.0009004312478385261,share,17,False,0.027877364907467967,12,11.349088927705436
dec2_attn,|Vag| 500hPa,168,4.062072555224101,4.055222809314728,-0.006849745909372966,-0.009989460309346518,-0.004757873713970185,-0.16862687252013084,-0.0755591966670817,-0.11019322557338704,-0.05248386150777976,-0.0033008503984599284,share,12,True,-0.15307912912643604,12,16.337948473562815
dec2_mlp,|Vag| 500hPa,168,4.062072555224101,4.070893108844757,0.008820553620656332,0.0063509315252304075,0.011796238521734873,0.21714416718904986,0.09729907569618465,0.07005680071685777,0.13012370359255596,0.004250570505621262,share,11,True,0.01311174737075538,12,11.68939069385505
upsample,|Vag| 500hPa,168,4.062072555224101,4.107041239738464,0.04496868451436361,0.03823668758074442,0.04950230618317922,1.1070379443747462,0.4960472581079712,0.4217869443679413,0.5460574067792435,0.021670132317513052,share,6,True,-0.022237076811921917,12,12.545827450427335
decoder_io,|Vag| 500hPa,168,4.062072555224101,5.005339701970418,0.9432671467463175,0.9156979521115621,0.9776906172434489,23.221326894646722,10.405131634601961,10.101017259131465,10.784855176419343,0.4545546328851727,share,2,True,0.5433975695150086,12,3.5501087173162187
decoder_heads,|Vag| 500hPa,168,4.062072555224101,5.13823664188385,1.0761640866597493,1.0360771879553796,1.119309405485789,26.492980418966894,11.871110979271046,11.428914450662276,12.347044783761483,0.5185968503442306,share,1,True,0.15734586855668525,12,8.737102582765656
encoder_io,Vag/Vg 250hPa,168,0.27645789335171383,0.2845522314310074,0.00809433807929357,0.006742897133032481,0.010089493915438652,2.927873746399359,1.222821075732466,1.0186573188561145,1.5242315903303145,0.09804169909929569,share,3,True,-0.033278539948252105,12,12.826178989256427
enc0_attn,Vag/Vg 250hPa,168,0.27645789335171383,0.2764708449443181,1.2951592604319254e-05,-0.0001800024261077245,0.00019410972793896964,0.004684833718182915,0.0019566121708428233,-0.02719317604123492,0.029324382550275536,0.00015687461192381437,share,16,False,-0.34148639855097684,12,24.445716454738843
enc0_mlp,Vag/Vg 250hPa,168,0.27645789335171383,0.2797667657335599,0.00330887238184611,0.0029955366626381874,0.0036728447924057636,1.196881138653731,0.4998752023690656,0.45253921053455143,0.5548609381089716,0.04007831983801184,share,6,True,-0.08146875465985241,12,14.128670224073211
enc1_attn,Vag/Vg 250hPa,168,0.27645789335171383,0.27015263338883716,-0.0063052599628766375,-0.00820045347015063,-0.004463740003605684,-2.280730669843813,-0.9525429621356467,-1.238852051351281,-0.6743423982947251,-0.07637170500755003,share,4,True,0.12674396437086316,12,9.300313788146903
enc1_mlp,Vag/Vg 250hPa,168,0.27645789335171383,0.27527125428120297,-0.0011866390705108643,-0.002979853376746178,0.0006701648235321045,-0.4292295857876644,-0.17926694567159815,-0.45016991827895037,0.10124257998636833,-0.014373023408561114,share,8,False,-0.2622395016208109,12,20.53088238354643
enc2_attn,Vag/Vg 250hPa,168,0.27645789335171383,0.27620592961708706,-0.00025196373462677,-0.0003502719725171725,-0.0001404313370585442,-0.09114000384362982,-0.038064454684695645,-0.05291599461703768,-0.021215125556438896,-0.0030518805135414506,share,14,True,-0.5017786660366289,12,36.17136152938097
enc2_mlp,Vag/Vg 250hPa,168,0.27645789335171383,0.2764311581850052,-2.6735166708628338e-05,-0.0002392503743370374,0.00017684946457544962,-0.009670610733698771,-0.004038912755344774,-0.036143832546928205,0.02671685447239628,-0.0003238264999731279,share,15,False,-0.017636689777273742,12,12.430879848880554
downsample,Vag/Vg 250hPa,168,0.27645789335171383,0.2792164012789726,0.0027585079272588096,0.001852491870522499,0.003557887735466162,0.9978040032842886,0.41673100357102255,0.2798581032453824,0.5374942417030574,0.03341209639601975,share,7,True,-0.3749237171009037,12,26.39531375064862
dec0_attn,Vag/Vg 250hPa,168,0.27645789335171383,0.27615785350402194,-0.0003000398476918538,-0.0005637905870874723,-0.00011089313775300992,-0.10853003473846871,-0.045327369047720646,-0.08517250026333342,-0.016752755403851228,-0.003634196666488948,share,12,True,0.056782225588308824,12,10.710450099252231
dec0_mlp,Vag/Vg 250hPa,168,0.27645789335171383,0.2772365262111028,0.0007786328593889872,0.0002371582513054212,0.0013241900131106372,0.2816460944373901,0.1176289724238679,0.03582777308523731,0.20004692668427024,0.009431097115195084,share,9,True,0.2048354388391963,12,7.919732791992656
dec1_attn,Vag/Vg 250hPa,168,0.27645789335171383,0.2759731362263362,-0.00048475712537765503,-0.0006306068350871404,-0.0003212342659632365,-0.17534573511378812,-0.07323282320510831,-0.09526650862510082,-0.04852923448702509,-0.0058715625362986395,share,10,True,-0.16642310516109707,12,16.791584973859237
dec1_mlp,Vag/Vg 250hPa,168,0.27645789335171383,0.2764502863089244,-7.6070427894592285e-06,-0.0002776482452948888,0.0003982873633503913,-0.0027516099096441555,-0.0011492048090683735,-0.04194464360900014,0.060169735601812026,-9.213939335045896e-05,share,17,False,0.15628782122697124,12,8.7560778202549
dec2_attn,Vag/Vg 250hPa,168,0.27645789335171383,0.2760237430532773,-0.00043415029843648273,-0.0005453388517101605,-0.00032634660601615906,-0.15704029759213647,-0.06558759095098286,-0.08238497512141542,-0.049301561649763334,-0.005258593415076862,share,11,True,-0.5334917490524657,12,39.44603541577906
dec2_mlp,Vag/Vg 250hPa,168,0.27645789335171383,0.2767567113041878,0.0002988179524739583,0.00013653139273325603,0.0004891330997149149,0.10808805234357975,0.045142775914824254,0.020625956427545552,0.07389390674202587,0.003619396607224036,share,13,True,-0.23735397192364036,12,19.46938306429757
upsample,Vag/Vg 250hPa,168,0.27645789335171383,0.2800157467524211,0.003557853400707245,0.002941458175579707,0.003984898328781128,1.2869422383179672,0.5374890547110609,0.44436951054537005,0.6020032290904654,0.04309407256460785,share,5,True,0.2619673701551163,12,7.017924367608657
decoder_io,Vag/Vg 250hPa,168,0.27645789335171383,0.31260692576567334,0.0361490324139595,0.03387408809115489,0.0394842866808176,13.075782346344573,5.461076405519203,5.1173979185580825,5.964937149966469,0.43785081917030766,share,2,True,0.4669890356360064,12,4.3600404754183515
decoder_heads,Vag/Vg 250hPa,168,0.27645789335171383,0.3198898211121559,0.0434319277604421,0.04099582023918629,0.046403595122198264,15.710142052333214,6.561311883058098,6.1932862841073355,7.010245130523698,0.5260640154980084,share,1,True,0.4598711138174427,12,4.439807441111686
encoder_io,|Vag| 250hPa,168,7.526920994122823,7.741583903630574,0.21466290950775146,0.171045051018397,0.27427257001399996,2.851935202659424,0.5967493222937207,0.47549443222857984,0.7624604113255129,0.0813295854143309,share,3,True,0.029872093883985155,12,11.303864763912706
enc0_attn,|Vag| 250hPa,168,7.526920994122823,7.524436434110005,-0.002484560012817383,-0.008715830246607463,0.004120149215062457,-0.0330089822220451,-0.006906919817898548,-0.024229457267755435,0.011453754435154262,-0.0009413281327586111,share,15,False,-0.32674551508335997,12,23.64773876400036
enc0_mlp,|Vag| 250hPa,168,7.526920994122823,7.631817777951558,0.10489678382873535,0.09219857056935628,0.12282587885856629,1.3936214278141215,0.2916064298398432,0.2563061994728362,0.34144818095057705,0.039742366110898514,share,5,True,0.1031938838347296,12,9.755015461629826
enc1_attn,|Vag| 250hPa,168,7.526920994122823,7.389233032862346,-0.1376879612604777,-0.19431666533152261,-0.0859645167986552,-1.8292733691238068,-0.3827638307829194,-0.5401880493135429,-0.23897592396627906,-0.052165997523921294,share,4,True,0.16174785083881804,12,8.658527564885318
enc1_mlp,|Vag| 250hPa,168,7.526920994122823,7.491991241772969,-0.034929752349853516,-0.07947797179222107,0.013627154628435705,-0.4640642884006275,-0.09710250406305006,-0.22094373878117374,0.03788262866630483,-0.013233875771800506,share,8,False,-0.18007365551866225,12,17.270921908457183
enc2_attn,|Vag| 250hPa,168,7.526920994122823,7.518403053283691,-0.008517940839131674,-0.010967486103375753,-0.005930471420288087,-0.11316633781306672,-0.023679337221068845,-0.030488918250774693,-0.01648633575802438,-0.003227202121777639,share,14,True,-0.5940021421905052,12,47.1136123956138
enc2_mlp,|Vag| 250hPa,168,7.526920994122823,7.527008295059204,8.730093638102214e-05,-0.005455433328946432,0.005878277619679769,0.0011598492457830837,0.0002426910859470158,-0.015165759885267012,0.016341240290845768,3.30758069870241e-05,share,17,False,-0.2877258523378717,12,21.694891326288243
downsample,|Vag| 250hPa,168,7.526920994122823,7.609435955683391,0.08251496156056722,0.04534904360771179,0.11594765782356253,1.0962644835118718,0.22938637840731782,0.12606747528777526,0.32232716115895493,0.03126253915773955,share,7,True,-0.07372725176328122,12,13.910294830207556
dec0_attn,|Vag| 250hPa,168,7.526920994122823,7.518170754114787,-0.008750240008036295,-0.01628455619017283,-0.0032427986462911025,-0.11625258209656598,-0.02432511422992012,-0.04527003706706371,-0.009014775300245022,-0.0033152135772378764,share,13,True,0.17457520393933185,12,8.432918998722222
dec0_mlp,|Vag| 250hPa,168,7.526920994122823,7.560340841611226,0.03341984748840332,0.019033404191335042,0.048302014668782554,0.44400422848198134,0.0929050639702805,0.052911660790247075,0.1342765482174577,0.01266181636629621,share,9,True,-0.18442928915747966,12,17.42724607558178
dec1_attn,|Vag| 250hPa,168,7.526920994122823,7.509772936503093,-0.017148057619730633,-0.020626890659332278,-0.012400595347086589,-0.22782300535797034,-0.04767051647018886,-0.05734145246707715,-0.03447287137951222,-0.006496904472560453,share,10,True,-0.15565668506929098,12,16.424456705705737
dec1_mlp,|Vag| 250hPa,168,7.526920994122823,7.527492880821228,0.0005718866984049479,-0.007354989647865295,0.012588077783584593,0.007597883634642757,0.001589808879813132,-0.020446406404840314,0.03499406070457408,0.0002166713764939694,share,16,False,0.05386347541101417,12,10.773348313110322
dec2_attn,|Vag| 250hPa,168,7.526920994122823,7.512625098228455,-0.01429589589436849,-0.017434931794802346,-0.011158793171246848,-0.18993019729489688,-0.039741687122888475,-0.048468008547186144,-0.031020739809346984,-0.005416302652757253,share,11,True,-0.5797030826495925,12,45.102488762702144
dec2_mlp,|Vag| 250hPa,168,7.526920994122823,7.5375518798828125,0.01063088575998942,0.005982874830563863,0.016415993372599285,0.14123817386007156,0.02955319056842734,0.01663201392683174,0.045635424127721015,0.004027736013779468,share,12,True,-0.15663731936891234,12,16.457507726143177
upsample,|Vag| 250hPa,168,7.526920994122823,7.627645532290141,0.1007245381673177,0.0774850070476532,0.11781477431456247,1.3381904532539337,0.2800078505761815,0.21540342274146584,0.3275176270070264,0.0381616225596816,share,6,True,0.3405436129633383,12,5.903184773635828
decoder_io,|Vag| 250hPa,168,7.526920994122823,8.64528751373291,1.1183665196100872,1.0672581692536673,1.1960936347643534,14.85822051916489,3.1089882466593854,2.9669102625834163,3.325064714636633,0.4237168199654544,share,2,True,0.3536215683578265,12,5.730213939421848
decoder_heads,|Vag| 250hPa,168,7.526920994122823,8.859960476557413,1.3330394824345906,1.277922561764717,1.3940428098042805,17.71028928662139,3.7057655165383334,3.5525439603221853,3.87535091137437,0.5050502142915593,share,1,True,0.17321426680063137,12,8.456621334352056
encoder_io,div/vort 850hPa,168,0.4099652022123337,0.4155278528730075,0.0055626506606737776,0.0028946004807949067,0.008184688786665598,1.3568592238208328,0.607591596631485,0.3161685022160666,0.8939889328264258,0.14269395531094872,share,2,True,-0.21086313714294197,12,18.412975403415274
enc0_attn,div/vort 850hPa,168,0.4099652022123337,0.4103352477153142,0.0003700455029805501,-0.00047484785318374634,0.0011898695801695186,0.09026266155850272,0.040418957022014396,-0.05186620244061833,0.1299658745621938,0.009492463159447864,share,10,False,0.36996062654546,12,5.518751659687642
enc0_mlp,div/vort 850hPa,168,0.4099652022123337,0.4126428614060084,0.002677659193674723,0.0011243450765808423,0.003741022199392318,0.6531430421960253,0.2924726580839679,0.12280883016330876,0.40862060010924517,0.06868771825299051,share,6,True,0.01585934308694769,12,11.625317976669763
enc1_attn,div/vort 850hPa,168,0.4099652022123337,0.41026023278633755,0.0002950305740038554,-0.0017654287939270336,0.002363345151146253,0.07196478442847204,0.03222530200959866,-0.19283247593178846,0.2581410808210452,0.0075681688659503974,share,12,False,-0.38222806761830813,12,26.84928845419209
enc1_mlp,div/vort 850hPa,168,0.4099652022123337,0.407206155359745,-0.0027590468525886536,-0.0046881945182879765,-0.00022119736919800685,-0.672995375631822,-0.3013623872152997,-0.5120773829684536,-0.024160723173189902,-0.07077548677781109,share,5,True,0.02623794764056329,12,11.386389146083232
enc2_attn,div/vort 850hPa,168,0.4099652022123337,0.4099329759677251,-3.2226244608561196e-05,-0.0002189179261525472,0.0001303193469842273,-0.007860726821363299,-0.0035199757470983813,-0.023911746466956544,0.014234390210031336,-0.0008266724963556744,share,17,False,-0.45534104000044606,12,32.064270970626566
enc2_mlp,div/vort 850hPa,168,0.4099652022123337,0.41030385593573254,0.0003386537233988444,4.951488226652145e-05,0.0006426842262347537,0.08260548006790225,0.0369901273793415,0.005408361626234451,0.07019846453930408,0.008687196486055778,share,11,True,-0.008537018245062877,12,12.206652635198589
downsample,div/vort 850hPa,168,0.4099652022123337,0.413999338944753,0.004034136732419332,0.0031853508204221725,0.005258260605235895,0.9840193047238013,0.4406366187272836,0.34792628710164114,0.57434398662251,0.10348428505204306,share,4,True,-0.5262746981262474,12,38.66227179564071
dec0_attn,div/vort 850hPa,168,0.4099652022123337,0.4100063095490138,4.11073366800944e-05,-0.00023128831138213474,0.0004182269175847368,0.010027030698767363,0.004490030715626727,-0.02526292642972653,0.045681667987181394,0.0010544916121824233,share,16,False,-0.1517463893148311,12,16.29342510032374
dec0_mlp,div/vort 850hPa,168,0.4099652022123337,0.4100540156165759,8.881340424219768e-05,-0.000589249220987161,0.0005908771107594171,0.02166364456371555,0.00970082095345139,-0.06436191967339583,0.06453972917577169,0.002278254866073927,share,14,False,-0.31741679062351846,12,23.160548443497827
dec1_attn,div/vort 850hPa,168,0.4099652022123337,0.4098035792509715,-0.00016162296136220297,-0.00034796806673208875,0.00010475926101207731,-0.039423580462444575,-0.01765358983274264,-0.038007505079765753,0.011442538915890291,-0.004145976627453344,share,13,False,0.008794935213897381,12,11.790761791355761
dec1_mlp,div/vort 850hPa,168,0.4099652022123337,0.4104669317603111,0.0005017295479774475,6.939594944318135e-05,0.000931662134826183,0.12238344749015703,0.05480240909032493,0.007579910782467364,0.10176265211512905,0.012870442180276082,share,9,True,0.10491187167701221,12,9.72118936831885
dec2_attn,div/vort 850hPa,168,0.4099652022123337,0.4100169390439987,5.173683166503906e-05,-2.9591843485832214e-05,0.0002121939013401667,0.012619810507293484,0.005651058474379892,-0.0032322280379634702,0.02317730146568639,0.0013271610237424022,share,15,False,-0.7437601627902638,12,81.6622511992764
dec2_mlp,div/vort 850hPa,168,0.4099652022123337,0.41052206854025525,0.0005568663279215494,0.00027556171019872027,0.0008511967957019804,0.13583258406237395,0.06082483368660507,0.03009877658753842,0.09297366519966341,0.014284819191033813,share,8,True,-0.1570684734661753,12,16.47206355976406
upsample,div/vort 850hPa,168,0.4099652022123337,0.41074275970458984,0.0007775574922561646,0.00042083741476138433,0.0011511078104376792,0.18966426615238516,0.08493026562546577,0.04596680474019999,0.1257320430677714,0.019946022286838217,share,7,True,0.0034196422617867525,12,11.918208284125388
decoder_io,div/vort 850hPa,168,0.4099652022123337,0.4312022849917412,0.0212370827794075,0.019960433493057886,0.02231462796529134,5.18021594633004,2.3196626609969937,2.1802181002023646,2.4373596798952524,0.5447768565593573,share,1,True,-0.05432686439957644,12,13.378747789807948
decoder_heads,div/vort 850hPa,168,0.4099652022123337,0.4144895027081172,0.004524300495783488,0.003957752759257953,0.0056053403764963145,1.103581589697999,0.49417573195954473,0.4322934271372949,0.6122544658603102,0.11605803997773158,share,3,True,-0.27851893179358034,12,21.264906118275956
encoder_io,div/vort 500hPa,168,0.25140924379229546,0.2608378479878108,0.009428604195515314,0.007482582485924164,0.011510524867723384,3.7503013227727062,1.3453220115682645,1.0676535691759181,1.6423812208192723,0.14475733393298454,share,5,True,-0.21873522568234763,12,18.719419061177206
enc0_attn,div/vort 500hPa,168,0.25140924379229546,0.25212767720222473,0.0007184334099292755,0.0002656599506735802,0.0013189855962991708,0.2857625276987895,0.10250979468240111,0.0379057357613232,0.18819968670302056,0.011030106140123206,share,9,True,-0.5186768848003805,12,37.86255436755092
enc0_mlp,div/vort 500hPa,168,0.25140924379229546,0.25293322280049324,0.0015239790081977844,0.0007595809176564217,0.0024844574431578297,0.6061746120428398,0.2174492069432338,0.10838093390074217,0.35449523765931745,0.02339764546500704,share,7,True,-0.46029510817250824,12,32.46874646389387
enc1_attn,div/vort 500hPa,168,0.25140924379229546,0.23771435394883156,-0.013694889843463898,-0.016071975231170654,-0.01034590347359578,-5.447249924819027,-1.9540577131425223,-2.2932325505994045,-1.476207016857203,-0.21025760559433398,share,2,True,0.3577093445561104,12,5.6768320084344435
enc1_mlp,div/vort 500hPa,168,0.25140924379229546,0.24193752060333887,-0.00947172318895658,-0.010676022619009018,-0.008039727807044983,-3.7674522408498823,-1.3514744525648643,-1.52331012390838,-1.14714994516152,-0.14541933971910082,share,4,True,0.18596383082977305,12,8.236704843863684
enc2_attn,div/vort 500hPa,168,0.25140924379229546,0.2513800077140331,-2.92360782623291e-05,-0.0002500926765302817,0.00020933365449309332,-0.011628879599384506,-0.0041715548561209,-0.03568451657226673,0.029868808501425547,-0.00044886142807053523,share,16,False,-0.3144627690929408,12,23.009039506497302
enc2_mlp,div/vort 500hPa,168,0.25140924379229546,0.2515914502243201,0.00018220643202463785,-0.0003660051772991816,0.0007787446801861113,0.0724740384546758,0.02599815609702395,-0.052223511684024275,0.11111531865388742,0.0027974148430022837,share,12,False,0.2314020340849435,12,7.489979174701
downsample,div/vort 500hPa,168,0.25140924379229546,0.25482768068710965,0.0034184368948141732,0.001336378293732802,0.005086638995756705,1.3597101058218657,0.48776025638429354,0.19068136672827185,0.7257879601254147,0.05248325211772288,share,6,True,-0.05453331265933143,12,13.384289389936349
dec0_attn,div/vort 500hPa,168,0.25140924379229546,0.2517133293052514,0.00030408551295598346,3.19243719180425e-05,0.0005333513331909973,0.12095239950970423,0.04338849372564552,0.004555134498833104,0.07610132672473607,0.004668624032822324,share,11,True,0.2319228253955285,12,7.481739850298185
dec0_mlp,div/vort 500hPa,168,0.25140924379229546,0.2519809777537982,0.0005717339615027109,-0.00033647272114952403,0.001358306190619866,0.22741167066038961,0.08157795864806493,-0.048009668098066276,0.19381015246769212,0.00877782991733197,share,10,False,-0.07842201571198994,12,14.042288779871242
dec1_attn,div/vort 500hPa,168,0.25140924379229546,0.2512345264355342,-0.0001747173567612966,-0.00046743471175432206,0.0001449154689908026,-0.06949519998781004,-0.02492957610478537,-0.06669600225590837,0.02067728862166005,-0.0026824350913588336,share,13,False,-0.013126706111867864,12,12.319231403500256
dec1_mlp,div/vort 500hPa,168,0.25140924379229546,0.25152988110979396,0.00012063731749852498,-0.00021273161595066387,0.0005037659779191015,0.04798443990316873,0.017213156399598428,-0.030353647216524497,0.07187993521842168,0.0018521443992971667,share,14,False,-0.304544586051961,12,22.50976082529018
dec2_attn,div/vort 500hPa,168,0.25140924379229546,0.2513904919226964,-1.8751869599024456e-05,-0.00023617222905158997,0.0002936162054538727,-0.007458703314233156,-0.002675613739478496,-0.03369827512914076,0.041894678783751395,-0.0002878974016859137,share,17,False,0.323791927584883,12,6.12973738538007
dec2_mlp,div/vort 500hPa,168,0.25140924379229546,0.25137676174441975,-3.248204787572225e-05,-0.00042125377804040913,0.0002975575625896454,-0.01291998949034573,-0.004634706588787398,-0.060106667784783456,0.042457052004670856,-0.0004986967904973267,share,15,False,-0.09416264173563503,12,14.494822476725115
upsample,div/vort 500hPa,168,0.25140924379229546,0.2526697876552741,0.0012605438629786174,0.0006994659081101418,0.0017149270512163638,0.5013912153604144,0.17986091793088993,0.09980341342250275,0.24469466130868125,0.019353126414741507,share,8,True,-0.2951525651817616,12,22.049921748227643
decoder_io,div/vort 500hPa,168,0.25140924379229546,0.30622924864292145,0.05482000485062599,0.051521329395473,0.059015009862681225,21.805087205113328,7.822001822380602,7.351329747616015,8.420566834160551,0.8416513816694564,share,1,True,0.2622567127066438,12,7.013564957430136
decoder_heads,div/vort 500hPa,168,0.25140924379229546,0.2631653274099032,0.011756083617607752,0.0101802088941137,0.01347265209381779,4.676074531022483,1.67741881328813,1.4525648572806225,1.9223476816043954,0.18049111901288423,share,3,True,0.03060154724466278,12,11.28737043347602
encoder_io,div/vort 250hPa,168,0.2596755002935727,0.2687403882543246,0.009064887960751852,0.006549564997355143,0.011523456747333207,3.490852217673081,1.5108704246550981,1.0916344572271341,1.9206470134788005,0.19975800452096773,share,5,True,0.20885320747322095,12,7.85352717073521
enc0_attn,div/vort 250hPa,168,0.2596755002935727,0.26062101125717163,0.0009455109635988871,0.0002831334869066874,0.0015294780954718582,0.364112502923823,0.15759097710571335,0.047190656238547166,0.25492242481225036,0.020835710729021045,share,8,True,-0.04628461049822823,12,13.164740198370694
enc0_mlp,div/vort 250hPa,168,0.2596755002935727,0.26007260382175446,0.00039710352818171185,-0.0005750685309370358,0.0013225497057040533,0.1529229857005269,0.0661863642279566,-0.09584829280896695,0.2204330868882383,0.00875075441872702,share,9,False,-0.24833937127553932,12,19.929303042953148
enc1_attn,div/vort 250hPa,168,0.2596755002935727,0.24309852967659631,-0.01657697061697642,-0.01821070866038402,-0.015097996251036723,-6.383725302631763,-2.7629304128198995,-3.035230136998035,-2.516425586947128,-0.36529768330145757,share,2,True,-0.6833773709974822,12,63.800014912418504
enc1_mlp,div/vort 250hPa,168,0.2596755002935727,0.24614235386252403,-0.013533146431048712,-0.014533156560113033,-0.012532090147336325,-5.211560742445472,-2.255607657119053,-2.4222821637318734,-2.088758784962585,-0.298222585613968,share,3,True,-0.7266152768593195,12,75.78837282597495
enc2_attn,div/vort 250hPa,168,0.2596755002935727,0.25984854499499005,0.0001730447014172872,-9.257346391677856e-05,0.00041099637746810913,0.06663882469530387,0.028841848089754724,-0.015429480137572043,0.06850192457375345,0.003813291945549533,share,12,False,-0.3015907110850346,12,22.363804120197084
enc2_mlp,div/vort 250hPa,168,0.2596755002935727,0.2598291262984276,0.00015362600485483804,-0.0003072867790857951,0.000577128616472085,0.05916076205924632,0.025605279204558858,-0.05121635351902854,0.09619165307118328,0.0033853726935402354,share,13,False,-0.18218039286243318,12,17.3463250214823
downsample,div/vort 250hPa,168,0.2596755002935727,0.2620488591492176,0.0023733588556448617,6.403448060154916e-05,0.004477834266920884,0.9139710342183579,0.39557440948113787,0.01067280735491924,0.7463332574754487,0.052300417949838945,share,6,True,-0.035319208230691866,12,12.87869583884004
dec0_attn,div/vort 250hPa,168,0.2596755002935727,0.25956179077426594,-0.00011370951930681865,-0.0005610799416899681,0.0001514504974087078,-0.043789082596650764,-0.01895228605872045,-0.09351677521409421,0.025242681247120615,-0.0025057548168399635,share,14,False,-0.03836638213878438,12,12.95753013853527
dec0_mlp,div/vort 250hPa,168,0.2596755002935727,0.2596794826289018,3.982335329055786e-06,-0.0008647651722033818,0.0006840475214024385,0.0015335814601506916,0.0006637470530005841,-0.14413284848205626,0.11401212829329326,8.775655718082977e-05,share,16,False,0.3715166075190848,12,5.498876694911649
dec1_attn,div/vort 250hPa,168,0.2596755002935727,0.2596791535615921,3.653268019358317e-06,-0.00039021242409944536,0.0002764115110039706,0.0014068589509707934,0.0006089004770588458,-0.0650378044888627,0.04607028556980514,8.050507989585319e-05,share,17,False,0.09246411648041093,12,9.968684955365621
dec1_mlp,div/vort 250hPa,168,0.2596755002935727,0.2593414932489395,-0.00033400704463322956,-0.0008116225401560465,0.00011954208215077689,-0.12862478141204012,-0.05566989548549769,-0.13527541622296108,0.019924415746261324,-0.007360331536446906,share,10,False,-0.14416646858935292,12,16.042836742376117
dec2_attn,div/vort 250hPa,168,0.2596755002935727,0.25957422455151874,-0.0001012757420539856,-0.0003068353980779648,0.0001297472044825552,-0.03900088454224201,-0.016879913360967145,-0.05114112057429336,0.021625332247141308,-0.0022317584317287542,share,15,False,-0.25096310341022315,12,20.041145248341508
dec2_mlp,div/vort 250hPa,168,0.2596755002935727,0.25989992047349614,0.00022442017992337546,-3.385171294212341e-05,0.0005097070087989167,0.08642331666624699,0.03740474388763223,-0.005642160402821616,0.08495430370104938,0.004945425416158348,share,11,False,-0.2105430513448018,12,18.400644444111666
upsample,div/vort 250hPa,168,0.2596755002935727,0.26201306531826657,0.002337565024693807,0.001618976394335429,0.002952812736233075,0.9001869726066201,0.38960855079615453,0.2698393585234417,0.49215362087601816,0.05151164876969008,share,7,True,0.20708266505831568,12,7.882648218496724
decoder_io,div/vort 250hPa,168,0.2596755002935727,0.3046327581008275,0.04495725780725479,0.042475485056638715,0.04864031442751487,17.31286076523544,7.493152865062221,7.079508806155423,8.107018292188755,0.9906986327018051,share,1,True,0.12167879004788226,12,9.39649979382733
decoder_heads,div/vort 250hPa,168,0.2596755002935727,0.27280810723702115,0.013132606943448385,0.012509980238974094,0.013869536419709524,5.057314582469848,2.1888486118509802,2.085073664221881,2.3116747246016534,0.28939611482675975,share,4,True,-0.21827206687012415,12,18.701218394370272
encoder_io,Hyps 600-500,168,26.88778305053711,27.65249188741048,0.7647088368733724,0.5936337153116862,1.012235657374064,2.8440754503116117,2.2771266614686434,1.7677043798916725,3.0142044814337634,0.10404016212022714,share,3,True,0.43635375981474833,12,4.708975651719229
enc0_attn,Hyps 600-500,168,26.88778305053711,26.890238126118977,0.0024550755818684897,-0.02833859125773112,0.027222220102945952,0.009130821895037,0.00731064922206347,-0.08438579311478168,0.08106149712383999,0.0003340179284436653,share,17,False,-0.24549707923027106,12,19.80902199227496
enc0_mlp,Hyps 600-500,168,26.88778305053711,27.019326368967693,0.13154331843058267,0.09373479286829631,0.165159265200297,0.4892308085919154,0.3917056833827855,0.27912060859705057,0.49180622485528147,0.017896730775737987,share,5,True,-0.5141210378424981,12,37.3950178320752
enc1_attn,Hyps 600-500,168,26.88778305053711,26.66959873835246,-0.2181843121846517,-0.330411422252655,-0.057242159048716774,-0.8114626325813548,-0.6497025932395998,-0.9838890602357221,-0.17045395612637035,-0.02968441074199366,share,4,True,0.0066230971301517545,12,11.842091512129201
enc1_mlp,Hyps 600-500,168,26.88778305053711,26.876670042673748,-0.01111300786336263,-0.16573654413223265,0.09649216731389337,-0.041331067877463545,-0.03309197602350198,-0.4935252284598292,0.28733143415961837,-0.0015119468796449403,share,16,False,0.021654337101204447,12,11.491311227725523
enc2_attn,Hyps 600-500,168,26.88778305053711,26.81464433670044,-0.07313871383666992,-0.08319886525472005,-0.06309711933135988,-0.27201466814575814,-0.21779023235033557,-0.24774704454844917,-0.1878886783612519,-0.009950667859343787,share,11,True,-0.42379853921747257,12,29.65209849937918
enc2_mlp,Hyps 600-500,168,26.88778305053711,26.808694044748943,-0.07908900578816731,-0.09317075411478679,-0.06829623778661092,-0.29414476321649524,-0.23550883032244277,-0.27744103119217906,-0.20337045479657018,-0.01076021694449315,share,9,True,-0.29547942994419185,12,22.06571932754051
downsample,Hyps 600-500,168,26.88778305053711,26.933666865030926,0.0458838144938151,-0.04543370008468628,0.12624346812566115,0.17064930346832194,0.1366314239821568,-0.13529108701687576,0.3759239507164374,0.006242584456260749,share,15,False,0.05789329306520901,12,10.686598126036735
dec0_attn,Hyps 600-500,168,26.88778305053711,26.802446047465008,-0.08533700307210286,-0.11032597223917644,-0.06961055994033813,-0.31738207241447586,-0.25411392615761647,-0.3285253167276769,-0.20728420323741195,-0.011610269433758463,share,8,True,0.0852796858547078,12,10.114115202570012
dec0_mlp,Hyps 600-500,168,26.88778305053711,26.826958020528156,-0.06082503000895182,-0.08809943596522013,-0.03662389119466146,-0.2262180927844729,-0.1811229200440764,-0.26233981461099776,-0.10905750668067665,-0.00827536662054674,share,13,True,-0.19877585773992562,12,17.954164801251945
dec1_attn,Hyps 600-500,168,26.88778305053711,26.788538932800293,-0.0992441177368164,-0.11940840482711793,-0.08769758542378744,-0.3691048739506767,-0.29552610823282466,-0.355570707600305,-0.26114319631956623,-0.01350236011530106,share,7,True,-0.2530392476344406,12,20.130202187991934
dec1_mlp,Hyps 600-500,168,26.88778305053711,26.811445077260334,-0.0763379732767741,-0.0940106709798177,-0.06268705129623414,-0.2839132297865263,-0.22731688957820645,-0.27994211002709746,-0.1866675902676204,-0.010385933485636297,share,10,True,-0.5167827540712803,12,37.66710149980923
dec2_attn,Hyps 600-500,168,26.88778305053711,26.775997638702393,-0.1117854118347168,-0.11881685654322306,-0.10455544789632161,-0.41574796860198476,-0.3328711914626883,-0.35380921315450975,-0.31134202526017624,-0.015208628185221462,share,6,True,-0.5412171790892537,12,40.312333649191004
dec2_mlp,Hyps 600-500,168,26.88778305053711,26.831578572591145,-0.05620447794596354,-0.07527243693669637,-0.04586251576741537,-0.20903351473910675,-0.16736398097341829,-0.2241439679487465,-0.1365680012839983,-0.007646731298789822,share,14,True,-0.4667629424242449,12,33.00812473369859
upsample,Hyps 600-500,168,26.88778305053711,26.821988264719646,-0.06579478581746419,-0.09446010192235312,-0.04763365586598715,-0.24470141585789787,-0.19592170738230366,-0.28128041178639285,-0.141842048274411,-0.008951511808210088,share,12,True,-0.5292437691169829,12,38.981799975291246
decoder_io,Hyps 600-500,168,26.88778305053711,35.36460876464844,8.476825714111328,8.22191263437271,8.734221522013346,31.526681460418864,25.242033186314824,24.48296078876908,26.008498576096898,1.153289041574252,share,1,True,0.511494377061318,12,3.8783256915989
decoder_heads,Hyps 600-500,168,26.88778305053711,27.688482125600178,0.8006990750630697,0.7407974322636922,0.8719853202501932,2.977928948467453,2.3842972955487323,2.205924009786872,2.5965713032289512,0.10893670579207924,share,2,True,0.16593050568960097,12,8.584417238319848
encoder_io,|DryAir Md err|,168,312902684071253.3,320645078450176.0,7742394378922.667,962072674304.0,16584300385621.334,2.474377745241582,0.08225920834596055,0.010221558433521724,0.17620019775880308,-0.050323829375418745,share,10,True,-0.3365355069432623,12,24.17375195080347
enc0_attn,|DryAir Md err|,168,312902684071253.3,249589139505152.0,-63313544566101.336,-67161835263317.336,-60564765496661.336,-20.23426061493412,-0.6726758931012868,-0.7135621268353738,-0.6434714404340819,0.41152385915283257,share,2,True,0.29962361529661174,12,6.4668851177519615
enc0_mlp,|DryAir Md err|,168,312902684071253.3,304931224769877.3,-7971459301376.0,-12323692827989.334,-4672924418048.0,-2.547584187408492,-0.0846929127348943,-0.13093329612463542,-0.04964756953424838,0.05181270006699918,share,9,True,-0.10091387190937116,12,14.693771875858344
enc1_attn,|DryAir Md err|,168,312902684071253.3,281704041633109.3,-31198642438144.0,-39721002878020.266,-24051816857600.0,-9.970717423133236,-0.3314705377727759,-0.42201650956305586,-0.2555389608380431,0.20278418819325542,share,5,True,-0.0675675118928991,12,13.739128897923296
enc1_mlp,|DryAir Md err|,168,312902684071253.3,301770128840021.3,-11132555231232.0,-24876450578432.0,-1233514607411.2188,-3.5578330893118597,-0.11827803330217995,-0.2643002966382046,-0.01310549813440841,0.0723591156108092,share,7,True,0.1199599581410529,12,9.429337562957166
enc2_attn,|DryAir Md err|,168,312902684071253.3,314322886590464.0,1420202519210.6667,687194767360.0,2336462209024.0,0.4538799414348464,0.015088967211389213,0.007301113166801231,0.02482378476712419,-0.009230998287798704,share,15,True,-0.31766448632274225,12,23.173312130067313
enc2_mlp,|DryAir Md err|,168,312902684071253.3,316017967016618.7,3115282945365.3335,1420202519210.6667,4535485464576.0,0.9956076134699856,0.03309837968949892,0.015088967211389213,0.04818734690088813,-0.02024864140549393,share,14,True,-0.24508483957272686,12,19.791651907502136
downsample,|DryAir Md err|,168,312902684071253.3,272220753843541.34,-40681930227712.0,-51447981583018.664,-32114902127957.332,-13.00146412884334,-0.4322258994746329,-0.5466100057545189,-0.3412053553285109,0.26442343482468544,share,4,True,0.44712990322420226,12,4.584551218607295
dec0_attn,|DryAir Md err|,168,312902684071253.3,311848985427968.0,-1053698643285.3334,-2153210271061.3333,137438953472.0,-0.33674963396778923,-0.011195040189095222,-0.022876821255977193,0.0014602226333602464,0.006848805181270006,share,16,False,-0.17837689227493236,12,17.21047348151131
dec0_mlp,|DryAir Md err|,168,312902684071253.3,320416013527722.7,7513329456469.333,5314306200917.333,9805124005614.926,2.4011713030746704,0.0798255039570268,0.056461941823262855,0.10417471636830883,-0.0488349586838383,share,11,True,0.10560183358148849,12,9.707634042405989
dec1_attn,|DryAir Md err|,168,312902684071253.3,313544065854122.7,641381782869.3334,-46958309102.933266,1511828488192.0,0.20497803806734996,0.006814372289014483,-0.0004989093997314168,0.01606244896696271,-0.004168837936425221,share,17,False,-0.5313254777300109,12,39.208245508541495
dec1_mlp,|DryAir Md err|,168,312902684071253.3,323118979612672.0,10216295541418.666,7696581394432.0,13654560027443.188,3.2650073206442167,0.10854321574644497,0.08177246746817379,0.14507311862434033,-0.06640363284448744,share,8,True,0.31085811753456927,12,6.308617598629689
dec2_attn,|DryAir Md err|,168,312902684071253.3,325776132713130.7,12873448641877.334,11361620153685.334,14385277130069.334,4.114202049780381,0.13677418665807642,0.12071173769111371,0.15283663562503913,-0.08367453286682051,share,6,True,-0.0474876673509637,12,13.19652415759646
dec2_mlp,|DryAir Md err|,168,312902684071253.3,305480980583765.3,-7421703487488.0,-8154711239338.667,-6734508720128.0,-2.3718887262079065,-0.0788520222014533,-0.08663987624604129,-0.07155090903465207,0.04823941040720613,share,12,True,-0.5007440476190477,12,36.0715350223547
upsample,|DryAir Md err|,168,312902684071253.3,307817442792789.3,-5085241278464.0,-8155856563950.934,-2657153100458.6665,-1.6251830161054175,-0.054028237434329114,-0.08665204476798595,-0.028230970911631428,0.03305292935308568,share,13,True,0.5994849225326122,12,3.0048304062776556
decoder_io,|DryAir Md err|,168,312902684071253.3,253070926326442.66,-59831757744810.664,-68354118184686.93,-52271469979238.41,-19.121522693997072,-0.6356835863894938,-0.7262295581797739,-0.5553591730327357,0.3888930246408099,share,3,True,-0.47129144183551447,12,33.393628738147655
decoder_heads,|DryAir Md err|,168,312902684071253.3,384920695690581.3,72018011619328.0,69131793596416.0,74858416657749.33,23.016105417276723,0.7651566598807691,0.7344919845802039,0.7953345943035475,-0.4681009454328891,share,1,True,-0.15796168811733013,12,16.502266062383363
encoder_io,neg-q fraction,168,0.0009770262023873026,0.0014437049958360149,0.00046667879344871227,0.00016088875808388064,0.000945688262822841,47.76522802647582,0.9893019479522951,0.3410644837743224,2.0047434203137353,0.15241782029561682,share,3,True,0.3173853303117886,12,6.217904395762373
enc0_attn,neg-q fraction,168,0.0009770262023873026,0.0009454200959074418,-3.1606106479860806e-05,-6.96269561463699e-05,-6.211297450893969e-06,-3.2349292580519595,-0.06700107900049734,-0.14760062876772406,-0.01316719069677599,-0.010322590024054685,share,9,True,0.21445656161438928,12,7.761925422920488
enc0_mlp,neg-q fraction,168,0.0009770262023873026,0.0010493703457541415,7.234414336683888e-05,2.492800445376512e-05,0.00012867672641050376,7.404524381236703,0.1533607332505014,0.05284431971384101,0.27277891749333605,0.023627678818748377,share,6,True,0.1292376798837072,12,9.253275929006907
enc1_attn,neg-q fraction,168,0.0009770262023873026,0.0008788877088742689,-9.813849351303361e-05,-0.00026410339676393357,7.646708431442062e-05,-10.044612240003218,-0.20804159984230738,-0.5598668903477647,0.1621008636528124,-0.032052142669294,share,5,False,-0.2855219338895261,12,21.59095420612825
enc1_mlp,neg-q fraction,168,0.0009770262023873026,0.0009335863276949871,-4.343987469231555e-05,-0.00031509594663627164,0.00021054810423114153,-4.44613200609901,-0.09208721985057228,-0.6679648575747729,0.44633622221024005,-0.01418751206925178,share,7,False,0.011024175627159493,12,11.738304759243068
enc2_attn,neg-q fraction,168,0.0009770262023873026,0.0009630717775811112,-1.3954424806191431e-05,-2.8447647586441842e-05,-3.95075957158042e-06,-1.428254920092692,-0.029581673384599994,-0.060305532556881127,-0.008375126950106906,-0.004557530880546704,share,16,True,0.3117976397695884,12,6.295504788540019
enc2_mlp,neg-q fraction,168,0.0009770262023873026,0.0009499210960560353,-2.7105106331267354e-05,-5.5510920333290414e-05,-7.672482867822814e-06,-2.774245589835535,-0.05745950934435131,-0.11767635982024588,-0.016264725017126586,-0.008852558298959262,share,12,True,-0.4597287293560105,12,32.42212885277541
downsample,neg-q fraction,168,0.0009770262023873026,0.0010901640096866079,0.00011313780729930538,2.5645670916674138e-05,0.00025143932847034495,11.579813010424921,0.2398383100314477,0.05436568481485443,0.5330206149057996,0.03695093546923893,share,4,True,0.6083555306450902,12,2.9220738466786114
dec0_attn,neg-q fraction,168,0.0009770262023873026,0.0009585831172292577,-1.8443085158044898e-05,-3.7518323947930786e-05,-5.470165712040406e-06,-1.8876755928326558,-0.03909708418132584,-0.0795342567235644,-0.011596082081535945,-0.006023532414109102,share,14,True,0.09791482253565661,12,9.85961925950823
dec0_mlp,neg-q fraction,168,0.0009770262023873026,0.0009740090399645851,-3.017162422717471e-06,-3.2045080994672993e-05,2.8348728460514356e-05,-0.30881079907020126,-0.0063960152121437614,-0.06793165126712174,0.060095836111823876,-0.0009854086502410972,share,17,False,0.2444038138377745,12,7.28634397702733
dec1_attn,neg-q fraction,168,0.0009770262023873026,0.000952425108304548,-2.460109408275457e-05,-4.52114016828394e-05,-9.77845265121385e-06,-2.5179564296887156,-0.05215130972198654,-0.09584264033930703,-0.02072912331052449,-0.008034745074382585,share,13,True,0.33530822538586963,12,5.973378388397643
dec1_mlp,neg-q fraction,168,0.0009770262023873026,0.0009472748968922436,-2.975130549505896e-05,-6.415061701166755e-05,-3.4668216926547848e-06,-3.0450877798736102,-0.06306912783175421,-0.13599145978541027,-0.007349237852445028,-0.009716809930435048,share,11,True,0.17150009349700399,12,8.48655406279861
dec2_attn,neg-q fraction,168,0.0009770262023873026,0.0009456055613554781,-3.142064103182444e-05,-5.583189062766299e-05,-1.36307548776434e-05,-3.215946609727565,-0.06660791494077156,-0.11835677757634541,-0.02889553273432565,-0.010262016799544197,share,10,True,0.5528423567431324,12,3.455528950367255
dec2_mlp,neg-q fraction,168,0.0009770262023873026,0.0009615879171178676,-1.5438285269434953e-05,-2.9374192611915834e-05,-5.187297877758586e-06,-1.5801301164403232,-0.03272727602903972,-0.062269694656026664,-0.010996436879318703,-0.005042161381450914,share,15,True,0.19317707688714092,12,8.114365641865318
upsample,neg-q fraction,168,0.0009770262023873026,0.0009409004942426691,-3.6125708144633485e-05,-7.52840354152795e-05,-9.994538345381492e-06,-3.697516817498095,-0.07658208159520692,-0.15959294472254765,-0.021187198545923346,-0.011798697025314426,share,8,True,-0.18090806729221692,12,17.300740297441283
decoder_io,neg-q fraction,168,0.0009770262023873026,0.003473761730371431,0.0024967355279841286,0.0014131191919015387,0.0038756207623009686,255.5443776107039,5.292773865088546,2.995639803784238,8.215841867025137,0.8154366394447893,share,1,True,0.6391561063324681,12,2.641680500888247
decoder_heads,neg-q fraction,168,0.0009770262023873026,0.001962498039726294,0.0009854718373389915,0.0005266503805008445,0.0015716297701146682,100.86442256421091,2.0890797311078924,1.1164343754920636,3.331662837182535,0.321856213563801,share,2,True,0.49488771882373606,12,4.054717486664875
encoder_io,|neg-q mass|,168,17387699733.333332,21948993450.666668,4561293717.333333,1875094250.6666667,8981669353.599998,26.232876040463488,0.44088034590644515,0.1812407297297257,0.8681399920344365,0.03409999006335103,share,3,True,0.1881177503704244,12,8.200018047468292
enc0_attn,|neg-q mass|,168,17387699733.333332,16327569184.0,-1060130549.3333334,-1685224886.1333334,-430912208.8000001,-6.097014358379996,-0.10246889419112439,-0.1628885524089826,-0.04165062270581485,-0.007925479795512082,share,6,True,-0.2789247021390659,12,21.28362526243219
enc0_mlp,|neg-q mass|,168,17387699733.333332,17382651904.0,-5047829.333333333,-819403328.0,816963279.4666666,-0.02903103579397752,-0.00048790735270996463,-0.07920095592895406,0.07896510849003195,-3.773730454016702e-05,share,16,False,-0.4389336693476308,12,30.775691016950628
enc1_attn,|neg-q mass|,168,17387699733.333332,12981711914.666666,-4405987818.666667,-8065790912.0,-1346237837.3333347,-25.339681994968583,-0.4258689648008448,-0.7796140541834242,-0.1301231273794971,-0.03293893139677402,share,4,True,-0.09634946760371167,12,14.558939700236909
enc1_mlp,|neg-q mass|,168,17387699733.333332,17024233600.0,-363466133.3333333,-4365285246.4,3237061628.7999926,-2.090363526559787,-0.03513149657088123,-0.421934781814115,0.31288422519306197,-0.002717253547591602,share,13,False,-0.1557058958888867,12,16.426113463468507
enc2_attn,|neg-q mass|,168,17387699733.333332,17389383317.333332,1683584.0,-517246872.53333336,307911782.4,0.009682614870398652,0.00016272994950136715,-0.049995460545532285,0.029761787235343142,1.2586384747084533e-05,share,17,False,0.3250830916578049,12,6.1120717267426
enc2_mlp,|neg-q mass|,168,17387699733.333332,16894193706.666666,-493506026.6666667,-906852196.2666667,-31298282.666666668,-2.8382479237353295,-0.04770074483844407,-0.087653489284573,-0.0030251938470704054,-0.0036894248974993983,share,9,True,-0.01570658865626293,12,12.382973332347815
downsample,|neg-q mass|,168,17387699733.333332,19028049226.666668,1640349493.3333333,261464509.86666667,3872583462.9333334,9.43396492055058,0.15855103767600934,0.025272339536965414,0.3743117726011716,0.01226316586685221,share,5,True,0.3437478532642909,12,5.860493649681488
dec0_attn,|neg-q mass|,168,17387699733.333332,16957350805.333334,-430348928.0,-931363707.1999999,-33564370.13333336,-2.47501932170472,-0.041596177750208775,-0.09002269506009922,-0.0032442267548530596,-0.0032172657754548513,share,11,True,0.20523874624025107,12,7.913067078923684
dec0_mlp,|neg-q mass|,168,17387699733.333332,18230140821.333332,842441088.0,324691882.6666667,1472112169.5999997,4.845040464926977,0.08142771356113909,0.03138369910253988,0.14228974557809768,0.006298044921025918,share,7,True,0.13310824647673175,12,9.180677198868871
dec1_attn,|neg-q mass|,168,17387699733.333332,16730401664.0,-657298069.3333334,-1243735338.6666667,-161916798.4000003,-3.780247412906786,-0.06353237000943195,-0.12021555731955902,-0.01565036994118208,-0.004913925526819678,share,8,True,0.5435107923601112,12,3.5489680530854635
dec1_mlp,|neg-q mass|,168,17387699733.333332,17052414794.666666,-335284938.6666667,-964511872.0,327567088.5333326,-1.928288064601806,-0.03240759067429701,-0.09322669271270641,0.03166160748459184,-0.00250657242998348,share,14,False,0.0899819392845958,12,10.018713462126062
dec2_attn,|neg-q mass|,168,17387699733.333332,16961028064.0,-426671669.3333333,-1289421690.9333332,199035445.0666665,-2.4538707009954654,-0.04124074545985074,-0.12463145685130575,0.019238141919073106,-0.00318977478457277,share,12,False,0.665407563140451,12,2.410886879091215
dec2_mlp,|neg-q mass|,168,17387699733.333332,17254569077.333332,-133130656.0,-278245949.06666666,64578099.99999994,-0.7656599667682322,-0.012867991693888681,-0.026894380821259077,0.0062419166206700875,-0.0009952777277805907,share,15,False,-0.060277032971225365,12,13.53944177387027
upsample,|neg-q mass|,168,17387699733.333332,16932994666.666666,-454705066.6666667,-1458154752.0,307887106.1333331,-2.6150961521089995,-0.043950365729706654,-0.1409406653651606,0.029759402104795104,-0.003399350977150763,share,10,False,-0.17940721058770676,12,17.247149511499785
decoder_io,|neg-q mass|,168,17387699733.333332,104917809834.66667,87530110101.33333,47825305350.933334,139430973090.1333,503.4024709636118,8.460385936572859,4.622644028836604,13.476960585206246,0.6543704636596996,share,1,True,0.6954351753790206,12,2.1556577028282518
decoder_heads,|neg-q mass|,168,17387699733.333332,45277037205.333336,27889337472.0,13043862677.333332,46584203267.19999,160.39693518823745,2.695695895449913,1.2607788591393247,4.50268299368067,0.20849920869043298,share,2,True,0.5763896233971281,12,3.224662509690892
encoder_io,DKEpert<1000km 500hPa,168,0.0,0.7370960712432861,0.7370960315068563,0.7089181520044804,0.7691958439846833,nan,nan,nan,nan,0.8239532028750945,share,4,True,-0.22131706227250375,12,18.821273765213686
enc0_attn,DKEpert<1000km 500hPa,168,0.0,0.1315772384405136,0.13157723719875017,0.11144225001335144,0.15116620425445337,nan,nan,nan,nan,0.14708190165362162,share,10,True,0.12797253279553006,12,9.277113850032489
enc0_mlp,DKEpert<1000km 500hPa,168,0.0,0.3266453146934509,0.32664531966050464,0.28154829557364186,0.3831847319689889,nan,nan,nan,nan,0.3651362181237417,share,7,True,0.1878362028371165,12,8.204805967924376
enc1_attn,DKEpert<1000km 500hPa,168,0.0,0.7506968379020691,0.7506967435280482,0.7145554669201374,0.7862607721239329,nan,nan,nan,nan,0.8391565817460044,share,3,True,0.26145294018651366,12,7.025680019780564
enc1_mlp,DKEpert<1000km 500hPa,168,0.0,0.817807674407959,0.8178077240784963,0.7813540940483411,0.842304889857769,nan,nan,nan,nan,0.9141757176645452,share,1,True,-0.2102472470119417,12,18.389257788839767
enc2_attn,DKEpert<1000km 500hPa,168,0.0,0.039901334792375565,0.03990133541325728,0.03173614766371126,0.05252813628176226,nan,nan,nan,nan,0.044603188332917994,share,17,True,0.021026235341226374,12,11.505762309799234
enc2_mlp,DKEpert<1000km 500hPa,168,0.0,0.0912124440073967,0.0912124365568161,0.08560262744625409,0.09796930352846782,nan,nan,nan,nan,0.1019606347484872,share,12,True,-0.6350785213238351,12,53.767573032602584
downsample,DKEpert<1000km 500hPa,168,0.0,0.5920725464820862,0.5920724893609682,0.570631329404811,0.6177014902854959,nan,nan,nan,nan,0.6618405242881331,share,5,True,-0.6057383649653307,12,48.87328278311829
dec0_attn,DKEpert<1000km 500hPa,168,0.0,0.04639485478401184,0.04639485338702798,0.03975643148490538,0.05839174188052614,nan,nan,nan,nan,0.05186188286350386,share,16,True,-0.20709360431251275,12,18.268389977092905
dec0_mlp,DKEpert<1000km 500hPa,168,0.0,0.15948691964149475,0.15948690846562386,0.14345044332245988,0.17816012601057687,nan,nan,nan,nan,0.17828036433496314,share,8,True,0.12027034736345867,12,9.423400214496152
dec1_attn,DKEpert<1000km 500hPa,168,0.0,0.06750033050775528,0.06750033019731443,0.051877627979653576,0.09025158713726947,nan,nan,nan,nan,0.07545436535251017,share,13,True,0.21847454968157637,12,7.696759367088886
dec1_mlp,DKEpert<1000km 500hPa,168,0.0,0.09372540563344955,0.0937254037708044,0.0804806865286082,0.11024956707842648,nan,nan,nan,nan,0.10476972243337525,share,11,True,-0.09414152531358501,12,14.49420485723025
dec2_attn,DKEpert<1000km 500hPa,168,0.0,0.047665152698755264,0.04766515580316385,0.03812751111884912,0.06376692733416954,nan,nan,nan,nan,0.05328187388184566,share,15,True,0.22511251070178295,12,7.59003747847783
dec2_mlp,DKEpert<1000km 500hPa,168,0.0,0.06024063006043434,0.060240633164842926,0.05291600525379181,0.07001229026354848,nan,nan,nan,nan,0.06733920753572023,share,14,True,-0.32216911338771026,12,23.407061663933412
upsample,DKEpert<1000km 500hPa,168,0.0,0.132452592253685,0.13245260094602904,0.119535902608186,0.1504796963650733,nan,nan,nan,nan,0.14806041562252292,share,9,True,-0.37487839665652223,12,26.39253014395188
decoder_io,DKEpert<1000km 500hPa,168,0.0,0.7727806568145752,0.7727806667486826,0.7394156284630298,0.8033828714241584,nan,nan,nan,nan,0.8638428078168338,share,2,True,-0.3413147076197694,12,24.43621662368291
decoder_heads,DKEpert<1000km 500hPa,168,0.0,0.3502761125564575,0.3502761262158553,0.31206147382035854,0.39162443286428844,nan,nan,nan,nan,0.39155160759205665,share,6,True,-0.1006562577437313,12,14.686125529476563
